{"type":"FeatureCollection","features":[{"type":"Feature","properties":{"LINEA PP":"A","LINEA  ACTUAL":"B","OTORGANTE":"FERNANDO BASURTO","PDF TITULO":"SI","ESTADO":"ESTADO DE MEXICO","MUNICIPIO":"CUAUTITLAN","KM INI. FISICO":"28+143.70","KM FIN. FISICO":"29+863.00","KM INI. DOCUMENTAL":"28+107.80","KM FIN. DOCUMENTAL":"29+787.40","SUPERFICIE":"S/D","ANCHO D.V. L.D.":"S/D","ANCHO D.V. L.I.":"S/D","DATOS REGISTRALES":"NO SE CUENTA CON TITULO DE PROPIEDAD\nLOS DATOS FUERON TOMADOS DE LOS RECIBOS QUE CONSTAN EN EL EXPEDIENTE","OBSERVACIONES":"ACTUALMENTE LINEA B","nombre":"113"},"geometry":{"type":"Polygon","coordinates":[[[-99.175446,19.687612],[-99.175254,19.687607],[-99.175325,19.684576],[-99.175394,19.681176],[-99.175485,19.677618],[-99.175516,19.675776],[-99.175564,19.674861],[-99.175642,19.67396],[-99.175804,19.672086],[-99.175994,19.6721],[-99.175833,19.673974],[-99.175754,19.674876],[-99.175709,19.675849],[-99.175669,19.677584],[-99.175632,19.679321],[-99.175589,19.681159],[-99.175515,19.684586],[-99.175446,19.687612]]]}},{"type":"Feature","properties":{"LINEA PP":"A","LINEA  ACTUAL":"B","OTORGANTE":"CIPRIANO OROZCO","PDF TITULO":"SI","ESTADO":"ESTADO DE MEXICO","MUNICIPIO":"CUAUTITLAN","KM INI. FISICO":"27+589.00","KM FIN. FISICO":"27+879.00","KM INI. DOCUMENTAL":"27+553.10 \n27+672.10","KM FIN. DOCUMENTAL":"27+595.10 \n27+843.10","SUPERFICIE":"22406.26","ANCHO D.V. L.D.":"10","ANCHO D.V. L.I.":"10","DATOS REGISTRALES":"ESCRITURA PUBLICA DE COMPRAVENTA DEL 30 DE ABRIL DE 1881, INSCRITA EN RPP DEL EDO. MEX. EL 31 DE AGOSTO 1883, SEGUN CONSTA DEL CERTIFICADO DE ESTA FECHA, C/P LTE 160 Y 162.","OBSERVACIONES":"ACTUALMENTE LINEA B\nANCHO DE 39.50 MTRS A LA DERECHA DE LA VIA \n51.62 MTRS A LA IZQUIERDA DE LA VIA\nSEGUN TITULO","nombre":"106"},"geometry":{"type":"Polygon","coordinates":[[[-99.17685,19.668034],[-99.176833,19.668034],[-99.176817,19.668033],[-99.1768,19.668032],[-99.176784,19.668029],[-99.176769,19.668025],[-99.176761,19.668022],[-99.176753,19.66802],[-99.176738,19.668014],[-99.176738,19.668014],[-99.176738,19.668014],[-99.176738,19.668014],[-99.176738,19.668014],[-99.176723,19.668007],[-99.176723,19.668007],[-99.176709,19.667999],[-99.176695,19.66799],[-99.176683,19.667981],[-99.17667,19.66797],[-99.176665,19.667965],[-99.176659,19.667959],[-99.176658,19.667958],[-99.176658,19.667958],[-99.176652,19.667952],[-99.176648,19.667947],[-99.176643,19.66794],[-99.176638,19.667935],[-99.17663,19.667922],[-99.176622,19.667908],[-99.176615,19.667894],[-99.176609,19.66788],[-99.176405,19.667863],[-99.176174,19.667843],[-99.176108,19.66822],[-99.176082,19.668665],[-99.176858,19.668582],[-99.176328,19.670139],[-99.175931,19.670094],[-99.17572,19.670071],[-99.175748,19.669158],[-99.175862,19.66748],[-99.176172,19.667495],[-99.176851,19.667532],[-99.17685,19.668034]]]}},{"type":"Feature","properties":{"LINEA PP":"A","LINEA  ACTUAL":"A","OTORGANTE":"GABRIEL VARGAS","PDF TITULO":"SI","ESTADO":"DISTRITO FEDERAL","MUNICIPIO":"DISTRITO FEDERAL","KM INI. FISICO":"2+746.00","KM FIN. FISICO":"2+868.00","KM INI. DOCUMENTAL":"2+789.20","KM FIN. DOCUMENTAL":"2+864.60","SUPERFICIE":"6844.12","ANCHO D.V. L.D.":"IRREGULAR","ANCHO D.V. L.I.":"IRREGULAR","DATOS REGISTRALES":"NO SE CUENTA CON ESTE TITULO (SE ANEXA INFORME DE TERENOS DEL 14 DE MARZO DE 1881), EN UNA FOJA , C/P LTE 36.","OBSERVACIONES":"REPORTADO EN LA ENTREGA DEL 1 DE NOVIEMBRE DE 2024.","nombre":"25"},"geometry":{"type":"Polygon","coordinates":[[[-99.158437,19.463808],[-99.158437,19.463808],[-99.158294,19.463907],[-99.157964,19.463478],[-99.158065,19.463322],[-99.158158,19.463176],[-99.158572,19.463714],[-99.158437,19.463808]]]}},{"type":"Feature","properties":{"LINEA PP":"A","LINEA  ACTUAL":"A","OTORGANTE":"GABRIEL VARGAS","PDF TITULO":"SI","ESTADO":"DISTRITO FEDERAL","MUNICIPIO":"DISTRITO FEDERAL","KM INI. FISICO":"2+780.20","KM FIN. FISICO":"2+798.20","KM INI. DOCUMENTAL":"2+780.20","KM FIN. DOCUMENTAL":"2+798.20","SUPERFICIE":"723.3","ANCHO D.V. L.D.":"IRREGULAR","ANCHO D.V. L.I.":"IRREGULAR","DATOS REGISTRALES":"CONTRATO PRIVADO DE COMPRAVENTA DEL 21 DE SEPTIEMBRE DE 1882, INSCRITO RPP DE MEXICO EL 8 DE FEBRERO DE 1926, BAJO EL NÃ‚Â° 88, A FOJAS 88 VUELTA, LIBRO 3Ã‚Â° FC. DE LA PRIMERA SECCION.","OBSERVACIONES":"REPORTADO EN LA ENTREGA DEL 1 DE NOVIEMBRE DE 2024.","nombre":"24"},"geometry":{"type":"Polygon","coordinates":[[[-99.158065,19.463322],[-99.157965,19.463478],[-99.157758,19.463207],[-99.158159,19.463174],[-99.158065,19.463322]]]}},{"type":"Feature","properties":{"LINEA PP":"A","LINEA  ACTUAL":"A","OTORGANTE":"PABLO VARGAS","PDF TITULO":"SI","ESTADO":"DISTRITO FEDERAL","MUNICIPIO":"DISTRITO FEDERAL","KM INI. FISICO":"2+707.60","KM FIN. FISICO":"2+780.20","KM INI. DOCUMENTAL":"2+207.60","KM FIN. DOCUMENTAL":"2+780.20","SUPERFICIE":"1844.85","ANCHO D.V. L.D.":"IRREGULAR","ANCHO D.V. L.I.":"IRREGULAR","DATOS REGISTRALES":"CONTRATO PRIVADO DE COMPRAVENTA DEL 21 DE SEPTIEMBRE DE 1882, INSCRITO RPP DE MEXICO EL 8 DE FEBRERO DE 1926, BAJO EL NÃ‚Â° 87, A FOJAS 88 VUELTA, LIBRO 3Ã‚Â° FC. DE LA PRIMERA SECCION.","OBSERVACIONES":"REPORTADO EN LA ENTREGA DEL 1 DE NOVIEMBRE DE 2024.","nombre":"23"},"geometry":{"type":"Polygon","coordinates":[[[-99.157555,19.46266],[-99.157679,19.462574],[-99.158158,19.463175],[-99.157757,19.463207],[-99.157417,19.462754],[-99.157555,19.46266]]]}},{"type":"Feature","properties":{"LINEA PP":"A","LINEA  ACTUAL":"A","OTORGANTE":"MARCOS VARGAS","PDF TITULO":"SI","ESTADO":"DISTRITO FEDERAL","MUNICIPIO":"DISTRITO FEDERAL","KM INI. FISICO":"2+637.60","KM FIN. FISICO":"2+707.60","KM INI. DOCUMENTAL":"2+637.60","KM FIN. DOCUMENTAL":"2+207.60","SUPERFICIE":"1897","ANCHO D.V. L.D.":"IRREGULAR","ANCHO D.V. L.I.":"IRREGULAR","DATOS REGISTRALES":"CONTRATO PRIVADO DE COMPRAVENTA DEL 21 DE SEPTIEMBRE DE 1882, INSCRITO RPP DE MEXICO EL 8 DE FEBRERO DE 1926, BAJO EL NÃ‚Â° 86, A FOJAS 88 VUELTA, LIBRO 3Ã‚Â° FC. DE LA PRIMERA SECCION,  C/P LTE 33.","nombre":"22"},"geometry":{"type":"Polygon","coordinates":[[[-99.157418,19.462754],[-99.157063,19.462218],[-99.157262,19.46208],[-99.157679,19.462574],[-99.157418,19.462754]]]}},{"type":"Feature","properties":{"LINEA PP":"A","LINEA  ACTUAL":"A","OTORGANTE":"AMBROSIO SORIANO","PDF TITULO":"SI","ESTADO":"DISTRITO FEDERAL","MUNICIPIO":"DISTRITO FEDERAL","KM INI. FISICO":"2+392.60","KM FIN. FISICO":"2+525.60","KM INI. DOCUMENTAL":"2+392.60","KM FIN. DOCUMENTAL":"2+525.60","SUPERFICIE":"3637.35","ANCHO D.V. L.D.":"IRREGULAR","ANCHO D.V. L.I.":"IRREGULAR","DATOS REGISTRALES":"CONTRATO PRIVADO DE COMPRAVENTA DEL 21 DE SEPTIEMBRE DE 1882, INSCRITO RPP DE MEXICO EL 8 DE FEBRERO DE 1926, BAJO EL NÃ‚Â° 84, A FOJAS 88, LIBRO 3Ã‚Â° FC. DE LA PRIMERA SECCION,  C/P LTE 31.","nombre":"20"},"geometry":{"type":"Polygon","coordinates":[[[-99.156428,19.461405],[-99.155682,19.460434],[-99.155893,19.460288],[-99.156639,19.461259],[-99.156428,19.461405]]]}},{"type":"Feature","properties":{"LINEA PP":"A","LINEA  ACTUAL":"A","OTORGANTE":"GABRIEL VARGAS","PDF TITULO":"SI","ESTADO":"DISTRITO FEDERAL","MUNICIPIO":"DISTRITO FEDERAL","KM INI. FISICO":"2+880.60","KM FIN. FISICO":"2+955.60","KM INI. DOCUMENTAL":"2+880.60","KM FIN. DOCUMENTAL":"2+955.60","SUPERFICIE":"3182","ANCHO D.V. L.D.":"IRREGULAR","ANCHO D.V. L.I.":"IRREGULAR","DATOS REGISTRALES":"CONTRATO PRIVADO DE COMPRAVENTA DEL 21 DE SEPTIEMBRE DE 1882, INSCRITO RPP DE MEXICO EL 9 DE FEBRERO DE 1926, BAJO EL NÃ‚Â° 89, A FOJAS 89, LIBRO 3Ã‚Â° FC. DE LA PRIMERA SECCION,  C/P LTE 38.","nombre":"26"},"geometry":{"type":"Polygon","coordinates":[[[-99.159108,19.464285],[-99.159096,19.464688],[-99.159085,19.464696],[-99.1587,19.464563],[-99.158424,19.464209],[-99.158433,19.46421],[-99.158473,19.46421],[-99.158512,19.464205],[-99.158513,19.464205],[-99.158551,19.464198],[-99.158592,19.464184],[-99.158643,19.464161],[-99.15867,19.464145],[-99.158699,19.464124],[-99.158726,19.464098],[-99.15876,19.464059],[-99.158775,19.464038],[-99.15879,19.464014],[-99.1588,19.463993],[-99.158813,19.463963],[-99.15882,19.463939],[-99.158824,19.463921],[-99.159108,19.464285]]]}},{"type":"Feature","properties":{"LINEA PP":"A","LINEA  ACTUAL":"A","OTORGANTE":"JOSE RAZ  GUZMAN","PDF TITULO":"SI","ESTADO":"DISTRITO FEDERAL","MUNICIPIO":"DISTRITO FEDERAL","KM INI. FISICO":"4+455.10","KM FIN. FISICO":"4+574.10","KM INI. DOCUMENTAL":"4+455.10","KM FIN. DOCUMENTAL":"4+574.10","SUPERFICIE":"3984.7","ANCHO D.V. L.D.":"IRREGULAR","ANCHO D.V. L.I.":"IRREGULAR","DATOS REGISTRALES":"CONTRATO PRIVADO DE COMPRAVENTA DEL 21 DE SEPTIEMBRE DE 1882, INSCRITO RPP DE MEXICO EL 9 DE FEBRERO DE 1926, BAJO EL NÃ‚Â° 90, A FOJAS 89, LIBRO 3Ã‚Â° FC. DE LA PRIMERA SECCION,  C/P LTE 41.","nombre":"28"},"geometry":{"type":"Polygon","coordinates":[[[-99.165022,19.476348],[-99.164852,19.476324],[-99.165538,19.47808],[-99.165311,19.476665],[-99.165259,19.47637],[-99.165022,19.476348]]]}},{"type":"Feature","properties":{"LINEA PP":"A","LINEA  ACTUAL":"A","OTORGANTE":"JOSE TEOFILO FONSECA","PDF TITULO":"SI","ESTADO":"DISTRITO FEDERAL","MUNICIPIO":"DISTRITO FEDERAL","KM INI. FISICO":"4+574.10","KM FIN. FISICO":"4+994.10","KM INI. DOCUMENTAL":"4+574.10","KM FIN. DOCUMENTAL":"4+994.10","SUPERFICIE":"13845.1","ANCHO D.V. L.D.":"IRREGULAR","ANCHO D.V. L.I.":"IRREGULAR","DATOS REGISTRALES":"ESCRITURA PUBLICA DE COMPRAVENTA DEL 17 DE DICIEMBRE DE 1881, INSCRITA EN RPP DE MEXICO,  EL 5 DE ENERO 1882, BAJO EL NÃ‚Â° 14, A FOJAS 6, VOL. 1Ã‚Â°, TOMO 12 DE LA SECCION PRIMERA, C/P LTE 42.","OBSERVACIONES":"REPORTADO EN LA ENTREGA DEL 1 DE NOVIEMBRE DE 2024.","nombre":"29"},"geometry":{"type":"Polygon","coordinates":[[[-99.16533,19.476774],[-99.165538,19.47808],[-99.166704,19.481065],[-99.167022,19.481016],[-99.165275,19.476403],[-99.16533,19.476774]]]}},{"type":"Feature","properties":{"LINEA PP":"A","LINEA  ACTUAL":"A","OTORGANTE":"ANGEL LERDO DE TEJADA","PDF TITULO":"NO","KM INI. FISICO":"7901","KM FIN. FISICO":"8+411.50","KM INI. DOCUMENTAL":"7+901.00","KM FIN. DOCUMENTAL":"8+411.50","SUPERFICIE":"27232","ANCHO D.V. L.D.":"IRREGULAR","ANCHO D.V. L.I.":"IRREGULAR","DATOS REGISTRALES":"ESCRITURA PUBLICA DE COMPRAVENTA DEL 30 DE JULIO DE 1881, INSCRITA EN RPP DE EDO. MEX. EL 3 DE DICIEMBRE 1883, BAJO EL NÃ‚Â° 200, A FOJAS 42, LIBRO 26, C/P LTE 54.","nombre":"35"},"geometry":{"type":"Polygon","coordinates":[[[-99.178235,19.510951],[-99.177471,19.511104],[-99.176863,19.507435],[-99.176676,19.506557],[-99.176848,19.506484],[-99.178235,19.510951]]]}},{"type":"Feature","properties":{"nombre":"36"},"geometry":{"type":"Polygon","coordinates":[[[-99.177471,19.511104],[-99.1785,19.520872],[-99.17864,19.521761],[-99.178811,19.522677],[-99.179035,19.523584],[-99.179258,19.524678],[-99.179769,19.525826],[-99.18005,19.525851],[-99.179613,19.524586],[-99.179275,19.52346],[-99.17908,19.522639],[-99.17892,19.521708],[-99.178734,19.519809],[-99.178684,19.518999],[-99.178382,19.512452],[-99.178235,19.510951],[-99.177471,19.511104]]]}},{"type":"Feature","properties":{"nombre":"39"},"geometry":{"type":"Polygon","coordinates":[[[-99.182944,19.532096],[-99.183057,19.532371],[-99.182903,19.532403],[-99.182932,19.53299],[-99.182639,19.532077],[-99.182944,19.532096]]]}},{"type":"Feature","properties":{"nombre":"40"},"geometry":{"type":"Polygon","coordinates":[[[-99.183683,19.534208],[-99.183161,19.534079],[-99.183449,19.535241],[-99.183844,19.535235],[-99.183683,19.534208]]]}},{"type":"Feature","properties":{"LINEA PP":"A","LINEA  ACTUAL":"A","OTORGANTE":"CLEOFAS FLORES","PDF TITULO":"NO","ESTADO":"ESTADO DE MEXICO","MUNICIPIO":"S/D","KM INI. FISICO":"13+993.70","KM FIN. FISICO":"14+017.03","KM INI. DOCUMENTAL":"S/D","KM FIN. DOCUMENTAL":"S/D","SUPERFICIE":"486.62","ANCHO D.V. L.D.":"S/D","ANCHO D.V. L.I.":"S/D","DATOS REGISTRALES":"ESCRITURA PUBLICA DE COMPRAVENTA DEL 30 DE JULIO DE 1881, INSCRITA EN RPP DE EDO. MEX. EL 3 DE DICIEMBRE 1883, BAJO EL NÃ‚Â° 194, A FOJAS 38 VUELTA, LIBRO 26, C/P LTE. 81.","nombre":"44"},"geometry":{"type":"Polygon","coordinates":[[[-99.192889,19.558482],[-99.19294,19.558759],[-99.192685,19.558509],[-99.192889,19.558482]]]}},{"type":"Feature","properties":{"LINEA PP":"A","LINEA  ACTUAL":"A","OTORGANTE":"MANUEL GARCIA (43)","PDF TITULO":"NO","ESTADO":"ESTADO DE MEXICO","MUNICIPIO":"TLALNEPANTLA","KM INI. FISICO":"13929","KM FIN. FISICO":"13993.7","KM INI. DOCUMENTAL":"S/D","KM FIN. DOCUMENTAL":"S/D","SUPERFICIE":"S/D","ANCHO D.V. L.D.":"S/D","ANCHO D.V. L.I.":"S/D","DATOS REGISTRALES":"NO SE CUENTA CON ELTITULO","nombre":"43"},"geometry":{"type":"Polygon","coordinates":[[[-99.192889,19.558482],[-99.192685,19.558509],[-99.192231,19.558072],[-99.192467,19.558064],[-99.192889,19.558482]]]}},{"type":"Feature","properties":{"LINEA PP":"A","LINEA  ACTUAL":"A","OTORGANTE":"MARIA DE JESUS ARENAS","PDF TITULO":"SI","ESTADO":"ESTADO DE MEXICO","MUNICIPIO":"TLALNEPANTLA","KM INI. FISICO":"16+169.00","KM FIN. FISICO":"16+243.60","KM INI. DOCUMENTAL":"16+169.00","KM FIN. DOCUMENTAL":"16+243.60","SUPERFICIE":"2261.4","ANCHO D.V. L.D.":"15","ANCHO D.V. L.I.":"15","DATOS REGISTRALES":"ESCRITURA PUBLICA DE COMPRAVENTA DEL 23 DE ENERO DE 1904, INSCRITA EN RPP DE EDO. MEX. EL 17 DE MARZO 1904, BAJO EL NÃ‚Â° 69, LIBRO 48, A FOJAS 67 VUELTA 68, C/P LTE. 85.","OBSERVACIONES":"REPORTADO EN LA ENTREGA DEL 8 DE NOVIEMBRE DE 2024.","nombre":"46-A"},"geometry":{"type":"Polygon","coordinates":[[[-99.196848,19.578853],[-99.197076,19.578979],[-99.196816,19.579355],[-99.196663,19.579537],[-99.196455,19.579381],[-99.196596,19.579217],[-99.196848,19.578853]]]}},{"type":"Feature","properties":{"LINEA PP":"A","LINEA  ACTUAL":"A","OTORGANTE":"EMIGDIO CABRERA","PDF TITULO":"SI","ESTADO":"ESTADO DE MEXICO","MUNICIPIO":"TLALNEPANTLA","KM INI. FISICO":"16+285.30","KM FIN. FISICO":"16+325.30","KM INI. DOCUMENTAL":"16+285.30","KM FIN. DOCUMENTAL":"16+325.30","SUPERFICIE":"1195.5","ANCHO D.V. L.D.":"S/D","ANCHO D.V. L.I.":"30","DATOS REGISTRALES":"ESCRITURA PUBLICA DE COMPRAVENTA DEL 23 DE MAYO DE 1903, INSCRITA EN RPP DE EDO. MEX. EL 21 DE DICIEMBRE 1903, BAJO EL NÃ‚Â° 190, A FOJAS 68 FRENTE Y VUELTA, LIBRO 2Ã‚Â° PRINCIPAL 47, C/P LTE. 87.","OBSERVACIONES":"REPORTADO EN LA ENTREGA DEL 8 DE NOVIEMBRE DE 2024.","nombre":"48-A"},"geometry":{"type":"Polygon","coordinates":[[[-99.196404,19.579824],[-99.196374,19.57986],[-99.196263,19.579997],[-99.196199,19.580076],[-99.196168,19.580108],[-99.195945,19.579972],[-99.196193,19.579673],[-99.196404,19.579824]]]}},{"type":"Feature","properties":{"LINEA PP":"A","LINEA  ACTUAL":"A","OTORGANTE":"FAUSTO ARENAS","PDF TITULO":"SI","ESTADO":"ESTADO DE MEXICO","MUNICIPIO":"TLALNEPANTLA","KM INI. FISICO":"16+494.30","KM FIN. FISICO":"16+633.00","KM INI. DOCUMENTAL":"16+494.30","KM FIN. DOCUMENTAL":"16+633","SUPERFICIE":"3963.8","ANCHO D.V. L.D.":"IRREGULAR","ANCHO D.V. L.I.":"IRREGULAR","DATOS REGISTRALES":"ESCRITURA PUBLICA DE COMPRAVENTA DEL 14 DE NOVIEMBRE DE 1903, INSCRITA EN RPP DE EDO. MEX. EL 17 DE DICIEMBRE 1903, BAJO EL NÃ‚Â° 185, A FOJAS 63 FRENTE Y VUELTA Y 64 FRENTE, LIBRO 2, PRINCIPAL 47, C/P LTE. 89.","OBSERVACIONES":"REPORTADO EN LA ENTREGA DEL 8 DE NOVIEMBRE DE 2024.","nombre":"50-A"},"geometry":{"type":"Polygon","coordinates":[[[-99.194938,19.581128],[-99.194748,19.580993],[-99.194505,19.581271],[-99.194063,19.581779],[-99.194198,19.581969],[-99.194938,19.581128]]]}},{"type":"Feature","properties":{"LINEA PP":"A","LINEA  ACTUAL":"A","OTORGANTE":"EUSEBIO  ARENAS","PDF TITULO":"SI","ESTADO":"ESTADO DE MEXICO","MUNICIPIO":"TLALNEPANTLA","KM INI. FISICO":"17+117.90","KM FIN. FISICO":"17+297.00","KM INI. DOCUMENTAL":"17+117.90","KM FIN. DOCUMENTAL":"17+297.00","SUPERFICIE":"4740.12","ANCHO D.V. L.D.":"IRREGULAR","ANCHO D.V. L.I.":"IRREGULAR","DATOS REGISTRALES":"ESCRITURA PUBLICA DE COMPRAVENTA DEL 14 DE NOVIEMBRE DE 1903, INSCRITA EN RPP DEL EDO.DE MEX. EL 16 DE DICIEMBRE 1903, BAJO EL NÃ‚Â° 184, A FOJAS 62 VUELTA Y 63 FRENTE, LIBRO 2Ã‚Â° PRINCIPAL 47, C/P LTE. 96.","nombre":"53-A"},"geometry":{"type":"Polygon","coordinates":[[[-99.190143,19.586499],[-99.190891,19.585715],[-99.19131,19.585697],[-99.190416,19.586751],[-99.190143,19.586499]]]}},{"type":"Feature","properties":{"LINEA PP":"A","LINEA  ACTUAL":"A","OTORGANTE":"DIONISIO CALZADA","PDF TITULO":"SI","ESTADO":"ESTADO DE MEXICO","MUNICIPIO":"TULTITLAN","KM INI. FISICO":"21+672.00","KM FIN. FISICO":"21+774.40","KM INI. DOCUMENTAL":"21+672.00","KM FIN. DOCUMENTAL":"21+774.40","SUPERFICIE":"2154.52","ANCHO D.V. L.D.":"IRREGULAR","ANCHO D.V. L.I.":"IRREGULAR","DATOS REGISTRALES":"ESCRITURA PUBLICA DE COMPRAVENTA DEL 10 DE ENERO DE 1881, INSCRITA EN RPP DEL EDO. MEX. EL 31 DE AGOSTO 1883, SEGUN CONSTA DEL CERTIFICADO DE ESTA FECHA, C/P LTE 104.","OBSERVACIONES":"REPORTADO EN LA ENTREGA DEL 8 DE NOVIEMBRE DE 2024.","nombre":"60"},"geometry":{"type":"Polygon","coordinates":[[[-99.184553,19.615103],[-99.184759,19.615143],[-99.184716,19.615338],[-99.184596,19.616048],[-99.184387,19.616043],[-99.184511,19.615298],[-99.184553,19.615103],[-99.184553,19.615103]]]}},{"type":"Feature","properties":{"LINEA PP":"A","LINEA  ACTUAL":"A","OTORGANTE":"JUAN CALZADA","PDF TITULO":"SI","ESTADO":"ESTADO DE MEXICO","MUNICIPIO":"TULTITLAN","KM INI. FISICO":"21+854.60","KM FIN. FISICO":"21+914.20","KM INI. DOCUMENTAL":"21+854.60","KM FIN. DOCUMENTAL":"21+914.20","SUPERFICIE":"1489.55","ANCHO D.V. L.D.":"14","ANCHO D.V. L.I.":"11","DATOS REGISTRALES":"ESCRITURA PUBLICA DE COMPRAVENTA DEL 10 DE ENERO DE 1881, INSCRITA EN RPP DEL EDO. MEX. EL 31 DE AGOSTO 1883, SEGUN CONSTA DEL CERTIFICADO DE ESTA FECHA, C/P LTE 107.","OBSERVACIONES":"REPORTADO EN LA ENTREGA DEL 8 DE NOVIEMBRE DE 2024.","nombre":"62"},"geometry":{"type":"Polygon","coordinates":[[[-99.184391,19.616829],[-99.18428,19.617356],[-99.18428,19.617356],[-99.18408,19.617322],[-99.18408,19.617322],[-99.184073,19.617321],[-99.184184,19.616792],[-99.184391,19.616829]]]}},{"type":"Feature","properties":{"LINEA PP":"A","LINEA  ACTUAL":"A","OTORGANTE":"JESUS SANCHEZ","PDF TITULO":"SI","ESTADO":"ESTADO DE MEXICO","MUNICIPIO":"CUAUTITLAN","KM INI. FISICO":"22+050.00","KM FIN. FISICO":"22+390.00","KM INI. DOCUMENTAL":"22+037.20","KM FIN. DOCUMENTAL":"22+371.70","SUPERFICIE":"7359","ANCHO D.V. L.D.":"11","ANCHO D.V. L.I.":"11","DATOS REGISTRALES":"CONTRATO PRIVADO DE COMPRAVENTA DEL 10 DE ENERO DE 1881, INSCRITA EN RPP DEL EDO. MEX. EL 31 DE AGOSTO 1883, SEGUN CONSTA DEL CERTIFICADO DE ESTA FECHA, C/P LTE 110.","nombre":"65"},"geometry":{"type":"Polygon","coordinates":[[[-99.183854,19.618412],[-99.18405,19.618449],[-99.183726,19.620002],[-99.183426,19.621415],[-99.183201,19.621371],[-99.183854,19.618412],[-99.183854,19.618412]]]}},{"type":"Feature","properties":{"LINEA PP":"A","LINEA  ACTUAL":"B","OTORGANTE":"JUAN SALINAS","PDF TITULO":"SI","ESTADO":"ESTADO DE MEXICO","MUNICIPIO":"CUAUTITLAN","KM INI. FISICO":"24+030.00","KM FIN. FISICO":"24+095.50","KM INI. DOCUMENTAL":"24+030.00","KM FIN. DOCUMENTAL":"24+095.50","SUPERFICIE":"1490.12","ANCHO D.V. L.D.":"IRREGULAR","ANCHO D.V. L.I.":"IRREGULAR","DATOS REGISTRALES":"ESCRITURA PUBLICA DE COMPRAVENTA DEL 21 DE ENERO DE 1881, INSCRITA EN RPP DEL EDO. MEX. EL 31 DE AGOSTO 1883, SEGUN CONSTA DEL CERTIFICADO DE ESTA FECHA, C/P LTE 114.","OBSERVACIONES":"ACTUAL LINEA B","nombre":"69"},"geometry":{"type":"Polygon","coordinates":[[[-99.180155,19.635962],[-99.180361,19.635994],[-99.180362,19.635994],[-99.180246,19.636577],[-99.180031,19.63654],[-99.180155,19.635962]]]}},{"type":"Feature","properties":{"LINEA PP":"A","LINEA  ACTUAL":"B","OTORGANTE":"LUIS ALCANTARA","PDF TITULO":"SI","ESTADO":"ESTADO DE MEXICO","MUNICIPIO":"CUAUTITLAN","KM INI. FISICO":"24+095.50","KM FIN. FISICO":"24+174.70","KM INI. DOCUMENTAL":"24+095.50","KM FIN. DOCUMENTAL":"24+174.70","SUPERFICIE":"1822.75","ANCHO D.V. L.D.":"11.5","ANCHO D.V. L.I.":"11.5","DATOS REGISTRALES":"ESCRITURA PUBLICA DE COMPRAVENTA DEL 21 DE ENERO DE 1881, INSCRITA EN RPP DEL EDO. MEX. EL 31 DE AGOSTO 1883, SEGUN CONSTA DEL CERTIFICADO DE ESTA FECHA, C/P LTE 115.","OBSERVACIONES":"ACTUAL LINEA B","nombre":"70"},"geometry":{"type":"Polygon","coordinates":[[[-99.180031,19.63654],[-99.180246,19.636577],[-99.180096,19.637283],[-99.179989,19.637259],[-99.179883,19.637236],[-99.180031,19.63654]]]}},{"type":"Feature","properties":{"LINEA PP":"A","LINEA  ACTUAL":"B","OTORGANTE":"JUAN SALINAS","PDF TITULO":"SI","ESTADO":"ESTADO DE MEXICO","MUNICIPIO":"CUAUTITLAN","KM INI. FISICO":"24+373.00","KM FIN. FISICO":"24+408.30","KM INI. DOCUMENTAL":"24+373.00","KM FIN. DOCUMENTAL":"24+408.30","SUPERFICIE":"854.26","ANCHO D.V. L.D.":"12.1","ANCHO D.V. L.I.":"12.1","DATOS REGISTRALES":"ESCRITURA PUBLICA DE COMPRAVENTA DEL 25 DE ENERO DE 1881, INSCRITA EN RPP DEL EDO. MEX. EL 31 DE AGOSTO 1883, SEGUN CONSTA DEL CERTIFICADO DE ESTA FECHA, C/P LTE 119.","OBSERVACIONES":"ACTUAL LINEA B","nombre":"74"},"geometry":{"type":"Polygon","coordinates":[[[-99.179741,19.639048],[-99.179668,19.639359],[-99.17944,19.639317],[-99.179498,19.639002],[-99.179741,19.639048]]]}},{"type":"Feature","properties":{"LINEA PP":"A","LINEA  ACTUAL":"B","OTORGANTE":"PONCIANO SALINAS","PDF TITULO":"SI","ESTADO":"ESTADO DE MEXICO","MUNICIPIO":"CUAUTITLAN","KM INI. FISICO":"24+408.30","KM FIN. FISICO":"24+488.00","KM INI. DOCUMENTAL":"24+408.20","KM FIN. DOCUMENTAL":"24+488.00","SUPERFICIE":"1984.53","ANCHO D.V. L.D.":"12.45","ANCHO D.V. L.I.":"12.45","DATOS REGISTRALES":"ESCRITURA PUBLICA DE COMPRAVENTA DEL 24 DE ENERO DE 1881, INSCRITA EN RPP DEL EDO. MEX. EL 31 DE AGOSTO 1883, SEGUN CONSTA DEL CERTIFICADO DE ESTA FECHA, C/P LTE 120.","OBSERVACIONES":"ACTUAL LINEA B","nombre":"75"},"geometry":{"type":"Polygon","coordinates":[[[-99.179668,19.639359],[-99.179668,19.639359],[-99.179524,19.640065],[-99.179289,19.640022],[-99.17944,19.639317],[-99.17944,19.639317],[-99.179668,19.639359]]]}},{"type":"Feature","properties":{"LINEA PP":"A","LINEA  ACTUAL":"B","OTORGANTE":"JOSE FAUSTINO","PDF TITULO":"SI","ESTADO":"ESTADO DE MEXICO","MUNICIPIO":"CUAUTITLAN","KM INI. FISICO":"24+555.60","KM FIN. FISICO":"24+608.30","KM INI. DOCUMENTAL":"24+555.60","KM FIN. DOCUMENTAL":"24+608.30","SUPERFICIE":"1422.9","ANCHO D.V. L.D.":"11.5","ANCHO D.V. L.I.":"11.5","DATOS REGISTRALES":"ESCRITURA PUBLICA DE COMPRAVENTA DEL 24 DE ENERO DE 1881, INSCRITA EN RPP DEL EDO. MEX. EL 31 DE AGOSTO 1883, SEGUN CONSTA DEL CERTIFICADO DE ESTA FECHA, C/P LTE 123.","OBSERVACIONES":"ACTUAL LINEA B","nombre":"78"},"geometry":{"type":"Polygon","coordinates":[[[-99.179407,19.640669],[-99.179308,19.641135],[-99.179285,19.64113],[-99.179079,19.641091],[-99.179055,19.641087],[-99.179154,19.640619],[-99.179406,19.640669],[-99.179407,19.640669]]]}},{"type":"Feature","properties":{"LINEA PP":"A","LINEA  ACTUAL":"B","OTORGANTE":"HILARIO MORA","PDF TITULO":"SI","ESTADO":"ESTADO DE MEXICO","MUNICIPIO":"CUAUTITLAN","KM INI. FISICO":"24+608.30","KM FIN. FISICO":"24+677.90","KM INI. DOCUMENTAL":"24+608.30","KM FIN. DOCUMENTAL":"24+677.90","SUPERFICIE":"1392","ANCHO D.V. L.D.":"10","ANCHO D.V. L.I.":"10","DATOS REGISTRALES":"ESCRITURA PUBLICA DE COMPRAVENTA DEL 24 DE ENERO DE 1881, INSCRITA EN RPP DEL EDO. MEX. EL 31 DE AGOSTO 1883, SEGUN CONSTA DEL CERTIFICADO DE ESTA FECHA, C/P LTE 124.","OBSERVACIONES":"ACTUAL LINEA B","nombre":"79"},"geometry":{"type":"Polygon","coordinates":[[[-99.178947,19.64171],[-99.179071,19.641089],[-99.179072,19.64109],[-99.179276,19.641128],[-99.179139,19.641741],[-99.178947,19.64171]]]}},{"type":"Feature","properties":{"LINEA PP":"A","LINEA  ACTUAL":"B","OTORGANTE":"ALEJO JIMENEZ","PDF TITULO":"SI","ESTADO":"ESTADO DE MEXICO","MUNICIPIO":"CUAUTITLAN","KM INI. FISICO":"24+913.00","KM FIN. FISICO":"24+938.90","KM INI. DOCUMENTAL":"24+890.20","KM FIN. DOCUMENTAL":"24+933.30","SUPERFICIE":"862","ANCHO D.V. L.D.":"10.6","ANCHO D.V. L.I.":"9.4","DATOS REGISTRALES":"ESCRITURA PUBLICA DE COMPRAVENTA DEL 25 DE ENERO DE 1881, INSCRITA EN RPP DEL EDO. MEX. EL 31 DE AGOSTO 1883, SEGUN CONSTA DEL CERTIFICADO DE ESTA FECHA, C/P LTE 132.","OBSERVACIONES":"ACTUALMENTE LINEA B","nombre":"85"},"geometry":{"type":"Polygon","coordinates":[[[-99.178694,19.643853],[-99.178653,19.644072],[-99.178653,19.644072],[-99.178465,19.644036],[-99.178465,19.644036],[-99.178473,19.643999],[-99.178543,19.643653],[-99.178543,19.643653],[-99.17873,19.643691],[-99.178694,19.643853]]]}},{"type":"Feature","properties":{"LINEA PP":"A","LINEA  ACTUAL":"B","OTORGANTE":"MACEDONIO ESTRADA","PDF TITULO":"SI","ESTADO":"ESTADO DE MEXICO","MUNICIPIO":"CUAUTITLAN","KM INI. FISICO":"24+851.70","KM FIN. FISICO":"24+876.40","KM INI. DOCUMENTAL":"24+843.10","KM FIN. DOCUMENTAL":"24+867.80","SUPERFICIE":"494","ANCHO D.V. L.D.":"10","ANCHO D.V. L.I.":"10","DATOS REGISTRALES":"ESCRITURA PUBLICA DE COMPRAVENTA DEL 25 DE ENERO DE 1881, INSCRITA EN RPP DEL EDO. MEX. EL 31 DE AGOSTO 1883, SEGUN CONSTA DEL CERTIFICADO DE ESTA FECHA, C/P LTE 129.","OBSERVACIONES":"ACTUALMENTE LINEA B","nombre":"83"},"geometry":{"type":"Polygon","coordinates":[[[-99.178826,19.64324],[-99.17878,19.643461],[-99.178592,19.643422],[-99.178638,19.643205],[-99.178643,19.643206],[-99.178826,19.64324]]]}},{"type":"Feature","properties":{"LINEA PP":"A","LINEA  ACTUAL":"B","OTORGANTE":"TOMAS PINEDA","PDF TITULO":"SI","ESTADO":"ESTADO DE MEXICO","MUNICIPIO":"CUAUTITLAN","KM INI. FISICO":"24+174.70","KM FIN. FISICO":"24+249.70","KM INI. DOCUMENTAL":"24+174.70","KM FIN. DOCUMENTAL":"24+249.70","SUPERFICIE":"1800","ANCHO D.V. L.D.":"12","ANCHO D.V. L.I.":"12","DATOS REGISTRALES":"ESCRITURA PUBLICA DE COMPRAVENTA DEL 21 DE ENERO DE 1881, INSCRITA EN RPP DEL EDO. MEX. EL 31 DE AGOSTO 1883, SEGUN CONSTA DEL CERTIFICADO DE ESTA FECHA, C/P LTE 116.","OBSERVACIONES":"ACTUAL LINEA B","nombre":"71"},"geometry":{"type":"Polygon","coordinates":[[[-99.179873,19.637234],[-99.180096,19.637284],[-99.179963,19.637948],[-99.179737,19.637905],[-99.179873,19.637234]]]}},{"type":"Feature","properties":{"LINEA PP":"A","LINEA  ACTUAL":"B","OTORGANTE":"ESTANISLAO MIRANDA","PDF TITULO":"SI","ESTADO":"ESTADO DE MEXICO","MUNICIPIO":"CUAUTITLAN","KM INI. FISICO":"24+804.90","KM FIN. FISICO":"24+851.70","KM INI. DOCUMENTAL":"24+793.30","KM FIN. DOCUMENTAL":"24+843.10","SUPERFICIE":"941.62","ANCHO D.V. L.D.":"10","ANCHO D.V. L.I.":"10","DATOS REGISTRALES":"ESCRITURA PUBLICA DE COMPRAVENTA DEL 25 DE ENERO DE 1881, INSCRITA EN RPP DEL EDO. MEX. EL 31 DE AGOSTO 1883, SEGUN CONSTA DEL CERTIFICADO DE ESTA FECHA, C/P LTE 128.","OBSERVACIONES":"ACTUAL LINEA B","nombre":"82"},"geometry":{"type":"Polygon","coordinates":[[[-99.178923,19.642781],[-99.178826,19.64324],[-99.178638,19.643205],[-99.178707,19.642882],[-99.178923,19.642781]]]}},{"type":"Feature","properties":{"LINEA PP":"A","LINEA  ACTUAL":"B","OTORGANTE":"DONACIANO ROJAS","PDF TITULO":"SI","ESTADO":"ESTADO DE MEXICO","MUNICIPIO":"CUAUTITLAN","KM INI. FISICO":"25+000.00","KM FIN. FISICO":"25+071.50","KM INI. DOCUMENTAL":"24+995.80","KM FIN. DOCUMENTAL":"25+067.30","SUPERFICIE":"1655.22","ANCHO D.V. L.D.":"IRREGULAR","ANCHO D.V. L.I.":"IRREGULAR","DATOS REGISTRALES":"ESCRITURA PUBLICA DE COMPRAVENTA DEL 24 DE ENERO DE 1881, INSCRITA EN RPP DEL EDO. MEX. EL 31 DE AGOSTO 1883, SEGUN CONSTA DEL CERTIFICADO DE ESTA FECHA, C/P LTE 134.","OBSERVACIONES":"ACTUALMENTE LINEA B","nombre":"87"},"geometry":{"type":"Polygon","coordinates":[[[-99.178388,19.645269],[-99.1782,19.645232],[-99.178345,19.644601],[-99.178345,19.6446],[-99.178522,19.644632],[-99.178388,19.645269]]]}},{"type":"Feature","properties":{"LINEA PP":"A","LINEA  ACTUAL":"B","OTORGANTE":"ANTONIO ESTRADA","PDF TITULO":"SI","ESTADO":"ESTADO DE MEXICO","MUNICIPIO":"CUAUTITLAN","KM INI. FISICO":"25+071.50","KM FIN. FISICO":"25+127.50","KM INI. DOCUMENTAL":"25+067.30","KM FIN. DOCUMENTAL":"25+123.30","SUPERFICIE":"1383.2","ANCHO D.V. L.D.":"12","ANCHO D.V. L.I.":"12.7","DATOS REGISTRALES":"ESCRITURA PUBLICA DE COMPRAVENTA DEL 25 DE ENERO DE 1881, INSCRITA EN RPP DEL EDO. MEX. EL 31 DE AGOSTO 1883, SEGUN CONSTA DEL CERTIFICADO DE ESTA FECHA, C/P LTE 135.","OBSERVACIONES":"ACTUALMENTE LINEA B","nombre":"88"},"geometry":{"type":"Polygon","coordinates":[[[-99.178388,19.645269],[-99.178279,19.645765],[-99.178058,19.645721],[-99.178163,19.645225],[-99.178388,19.645269]]]}},{"type":"Feature","properties":{"LINEA PP":"A","LINEA  ACTUAL":"B","OTORGANTE":"HERMENEGILDO MARTINEZ","PDF TITULO":"SI","ESTADO":"ESTADO DE MEXICO","MUNICIPIO":"CUAUTITLAN","KM INI. FISICO":"25+127.50","KM FIN. FISICO":"25+226.50","KM INI. DOCUMENTAL":"25+123.20","KM FIN. DOCUMENTAL":"25+222.30","SUPERFICIE":"2517.83","ANCHO D.V. L.D.":"IRREGULAR","ANCHO D.V. L.I.":"IRREGULAR","DATOS REGISTRALES":"ESCRITURA PUBLICA DE COMPRAVENTA DEL 25 DE ENERO DE 1881, INSCRITA EN RPP DEL EDO. MEX. EL 31 DE AGOSTO 1883, SEGUN CONSTA DEL CERTIFICADO DE ESTA FECHA, C/P LTE 136.","OBSERVACIONES":"ACTUALMENTE LINEA B","nombre":"89"},"geometry":{"type":"Polygon","coordinates":[[[-99.178279,19.645765],[-99.178139,19.646632],[-99.177913,19.646603],[-99.178058,19.645721],[-99.178279,19.645765]]]}},{"type":"Feature","properties":{"LINEA PP":"A","LINEA  ACTUAL":"B","OTORGANTE":"HILARIO PADILLA","PDF TITULO":"SI","ESTADO":"ESTADO DE MEXICO","MUNICIPIO":"CUAUTITLAN","KM INI. FISICO":"25+226.50","KM FIN. FISICO":"25+280.20","KM INI. DOCUMENTAL":"25+222.30","KM FIN. DOCUMENTAL":"25+276.00","SUPERFICIE":"1.321.02","ANCHO D.V. L.D.":"IRREGULAR","ANCHO D.V. L.I.":"IRREGULAR","DATOS REGISTRALES":"ESCRITURA PUBLICA DE COMPRAVENTA DEL 25 DE ENERO DE 1881, INSCRITA EN RPP DEL EDO. MEX. EL 31 DE AGOSTO 1883, SEGUN CONSTA DEL CERTIFICADO DE ESTA FECHA, C/P LTE 137.","OBSERVACIONES":"ACTUALMENTE LINEA B","nombre":"90"},"geometry":{"type":"Polygon","coordinates":[[[-99.178139,19.646632],[-99.178079,19.647162],[-99.177856,19.647128],[-99.177913,19.646603],[-99.178139,19.646632]]]}},{"type":"Feature","properties":{"LINEA PP":"A","LINEA  ACTUAL":"B","OTORGANTE":"LUISA CORTES","PDF TITULO":"SI","ESTADO":"ESTADO DE MEXICO","MUNICIPIO":"CUAUTITLAN","KM INI. FISICO":"25+280.20","KM FIN. FISICO":"25+313.20","KM INI. DOCUMENTAL":"25+276.00","KM FIN. DOCUMENTAL":"25+309.00","SUPERFICIE":"760.55","ANCHO D.V. L.D.":"12","ANCHO D.V. L.I.":"11","DATOS REGISTRALES":"ESCRITURA PUBLICA DE COMPRAVENTA DEL 25 DE ENERO DE 1881, INSCRITA EN RPP DEL EDO. MEX. EL 31 DE AGOSTO 1883, SEGUN CONSTA DEL CERTIFICADO DE ESTA FECHA, C/P LTE 138.","OBSERVACIONES":"ACTUALMENTE LINEA B","nombre":"91"},"geometry":{"type":"Polygon","coordinates":[[[-99.178079,19.647162],[-99.178055,19.647451],[-99.177831,19.647427],[-99.177858,19.647123],[-99.178079,19.647162]]]}},{"type":"Feature","properties":{"LINEA PP":"A","LINEA  ACTUAL":"B","OTORGANTE":"MANUEL HERRERA","PDF TITULO":"SI","ESTADO":"ESTADO DE MEXICO","MUNICIPIO":"CUAUTITLAN","KM INI. FISICO":"25+313.20","KM FIN. FISICO":"25+335.20","KM INI. DOCUMENTAL":"25+309.00","KM FIN. DOCUMENTAL":"25+331.00","SUPERFICIE":"507.1","ANCHO D.V. L.D.":"IRREGULAR","ANCHO D.V. L.I.":"IRREGULAR","DATOS REGISTRALES":"ESCRITURA PUBLICA DE COMPRAVENTA DEL 25 DE ENERO DE 1881, INSCRITA EN RPP DEL EDO. MEX. EL 31 DE AGOSTO 1883, SEGUN CONSTA DEL CERTIFICADO DE ESTA FECHA, C/P LTE 139.","OBSERVACIONES":"ACTUALMENTE LINEA B","nombre":"92"},"geometry":{"type":"Polygon","coordinates":[[[-99.178055,19.647451],[-99.178036,19.647647],[-99.177808,19.647625],[-99.177828,19.647426],[-99.178055,19.647451]]]}},{"type":"Feature","properties":{"LINEA PP":"A","LINEA  ACTUAL":"B","OTORGANTE":"MARIA NICOLASA","PDF TITULO":"SI","ESTADO":"ESTADO DE MEXICO","MUNICIPIO":"CUAUTITLAN","KM INI. FISICO":"25+335.20","KM FIN. FISICO":"25+372.80","KM INI. DOCUMENTAL":"25+331.00","KM FIN. DOCUMENTAL":"25+368.60","SUPERFICIE":"808.4","ANCHO D.V. L.D.":"IRREGULAR","ANCHO D.V. L.I.":"IRREGULAR","DATOS REGISTRALES":"ESCRITURA PUBLICA DE COMPRAVENTA DEL 25 DE ENERO DE 1881, INSCRITA EN RPP DEL EDO. MEX. EL 31 DE AGOSTO 1883, SEGUN CONSTA DEL CERTIFICADO DE ESTA FECHA, C/P LTE 140.","OBSERVACIONES":"ACTUALMENTE LINEA B","nombre":"93"},"geometry":{"type":"Polygon","coordinates":[[[-99.178036,19.647647],[-99.178011,19.647982],[-99.177787,19.647966],[-99.177808,19.647625],[-99.178036,19.647647]]]}},{"type":"Feature","properties":{"LINEA PP":"A","LINEA  ACTUAL":"B","OTORGANTE":"NARCISO FLORES","PDF TITULO":"SI","ESTADO":"ESTADO DE MEXICO","MUNICIPIO":"CUAUTITLAN","KM INI. FISICO":"25+372.80","KM FIN. FISICO":"25+419.50","KM INI. DOCUMENTAL":"25+368.60","KM FIN. DOCUMENTAL":"25+415.30","SUPERFICIE":"934","ANCHO D.V. L.D.":"10","ANCHO D.V. L.I.":"10","DATOS REGISTRALES":"ESCRITURA PUBLICA DE COMPRAVENTA DEL 25 DE ENERO DE 1881, INSCRITA EN RPP DEL EDO. MEX. EL 31 DE AGOSTO 1883, SEGUN CONSTA DEL CERTIFICADO DE ESTA FECHA, C/P LTE 141.","OBSERVACIONES":"ACTUALMENTE LINEA B","nombre":"94"},"geometry":{"type":"Polygon","coordinates":[[[-99.178011,19.647982],[-99.177977,19.648405],[-99.177756,19.648387],[-99.177787,19.647966],[-99.178011,19.647982]]]}},{"type":"Feature","properties":{"LINEA PP":"A","LINEA  ACTUAL":"B","OTORGANTE":"FRANCISCO BARRAGAN","PDF TITULO":"SI","ESTADO":"ESTADO DE MEXICO","MUNICIPIO":"CUAUTITLAN","KM INI. FISICO":"25+419.50","KM FIN. FISICO":"25+469.50","KM INI. DOCUMENTAL":"25+415.30","KM FIN. DOCUMENTAL":"25+465.30","SUPERFICIE":"1152.5","ANCHO D.V. L.D.":"IRREGULAR","ANCHO D.V. L.I.":"IRREGULAR","DATOS REGISTRALES":"ESCRITURA PUBLICA DE COMPRAVENTA DEL 25 DE ENERO DE 1881, INSCRITA EN RPP DEL EDO. MEX. EL 31 DE AGOSTO 1883, SEGUN CONSTA DEL CERTIFICADO DE ESTA FECHA, C/P LTE 142.","OBSERVACIONES":"ACTUALMENTE LINEA B","nombre":"95"},"geometry":{"type":"Polygon","coordinates":[[[-99.177937,19.648853],[-99.177717,19.648842],[-99.177756,19.648387],[-99.177977,19.648405],[-99.177937,19.648853]]]}},{"type":"Feature","properties":{"LINEA PP":"A","LINEA  ACTUAL":"B","OTORGANTE":"JUAN NEPOMUCENO","PDF TITULO":"SI","ESTADO":"ESTADO DE MEXICO","MUNICIPIO":"CUAUTITLAN","KM INI. FISICO":"25+469.50","KM FIN. FISICO":"25+575.80","KM INI. DOCUMENTAL":"25+465.30","KM FIN. DOCUMENTAL":"25+571.60","SUPERFICIE":"2964.7","ANCHO D.V. L.D.":"IRREGULAR","ANCHO D.V. L.I.":"IRREGULAR","DATOS REGISTRALES":"ESCRITURA PUBLICA DE COMPRAVENTA DEL 25 DE ENERO DE 1881, INSCRITA EN RPP DEL EDO. MEX. EL 31 DE AGOSTO 1883, SEGUN CONSTA DEL CERTIFICADO DE ESTA FECHA, C/P LTE 143.","OBSERVACIONES":"ACTUALMENTE LINEA B","nombre":"96"},"geometry":{"type":"Polygon","coordinates":[[[-99.177937,19.648853],[-99.177858,19.649812],[-99.17764,19.649799],[-99.177717,19.648842],[-99.177937,19.648853]]]}},{"type":"Feature","properties":{"LINEA PP":"A","LINEA  ACTUAL":"B","OTORGANTE":"MANUEL ASENSIO","PDF TITULO":"NO","ESTADO":"ESTADO DE MEXICO","MUNICIPIO":"CUAUTITLAN","KM INI. FISICO":"25+575.80","KM FIN. FISICO":"25+635.40","KM INI. DOCUMENTAL":"S/D","KM FIN. DOCUMENTAL":"S/D","SUPERFICIE":"1540.29","ANCHO D.V. L.D.":"IRREGULAR","ANCHO D.V. L.I.":"IRREGULAR","DATOS REGISTRALES":"ESCRITURA PUBLICA DE COMPRAVENTA DEL 25 DE ENERO DE 1881, INSCRITA EN RPP DEL EDO. MEX. EL 31 DE AGOSTO 1883, SEGUN CONSTA DEL CERTIFICADO DE ESTA FECHA, C/P LTE 144.","OBSERVACIONES":"ACTUALMENTE LINEA B","nombre":"97"},"geometry":{"type":"Polygon","coordinates":[[[-99.177858,19.649812],[-99.177813,19.650348],[-99.177717,19.650342],[-99.177597,19.650334],[-99.17764,19.649799],[-99.177908,19.649813],[-99.177858,19.649812]]]}},{"type":"Feature","properties":{"LINEA PP":"A","LINEA  ACTUAL":"B","OTORGANTE":"FRANCISCO BARRENA","PDF TITULO":"SI","ESTADO":"ESTADO DE MEXICO","MUNICIPIO":"CUAUTITLAN","KM INI. FISICO":"25+635.40","KM FIN. FISICO":"26+271.20","KM INI. DOCUMENTAL":"25+613.20","KM FIN. DOCUMENTAL":"26+267.00","SUPERFICIE":"18242.72","ANCHO D.V. L.D.":"IRREGULAR","ANCHO D.V. L.I.":"IRREGULAR","DATOS REGISTRALES":"ESCRITURA PUBLICA DE COMPRAVENTA DEL 30 DE JULIO DE 1881, INSCRITA EN RPP DEL EDO. MEX. EL 31 DE AGOSTO 1883, SEGUN CONSTA DEL CERTIFICADO DE ESTA FECHA, C/P LTE 145.","OBSERVACIONES":"ACTUALMENTE LINEA B","nombre":"98"},"geometry":{"type":"Polygon","coordinates":[[[-99.177813,19.650348],[-99.177466,19.654507],[-99.177401,19.655284],[-99.177333,19.65606],[-99.177127,19.656045],[-99.177597,19.650334],[-99.177813,19.650348]]]}},{"type":"Feature","properties":{"LINEA PP":"A","LINEA  ACTUAL":"B","OTORGANTE":"ANTONIO GONZALEZ","PDF TITULO":"SI","ESTADO":"ESTADO DE MEXICO","MUNICIPIO":"CUAUTITLAN","KM INI. FISICO":"26+273.20\n26+761.40","KM FIN. FISICO":"26+357.20\n26+911.40","KM INI. DOCUMENTAL":"26+271.80\n26+758.45","KM FIN. DOCUMENTAL":"26+356.20\n26+908.45","SUPERFICIE":"1,933.11\n3,241.06","ANCHO D.V. L.D.":"IRREGULAR","ANCHO D.V. L.I.":"IRREGULAR","DATOS REGISTRALES":"ESCRITURA PUBLICA DE COMPRAVENTA DEL 14 DE SEPTIEMBRE DE 1881, INSCRITA EN RPP DEL EDO. MEX. EL 31 DE AGOSTO 1883, SEGUN CONSTA DEL CERTIFICADO DE ESTA FECHA, C/P LTES. 147 Y 152.","OBSERVACIONES":"ACTUALMENTE LINEA B","nombre":"99"},"geometry":{"type":"Polygon","coordinates":[[[-99.177333,19.65606],[-99.177274,19.656816],[-99.177046,19.656799],[-99.177127,19.656045],[-99.177333,19.65606]]]}},{"type":"Feature","properties":{"LINEA PP":"A","LINEA  ACTUAL":"B","OTORGANTE":"REMIGIO PADILLA","PDF TITULO":"SI","ESTADO":"ESTADO DE MEXICO","MUNICIPIO":"CUAUTITLAN","KM INI. FISICO":"26+357.20","KM FIN. FISICO":"26+533.20","KM INI. DOCUMENTAL":"26+356.40","KM FIN. DOCUMENTAL":"26+532.40","SUPERFICIE":"4021.6","ANCHO D.V. L.D.":"IRREGULAR","ANCHO D.V. L.I.":"IRREGULAR","DATOS REGISTRALES":"ESCRITURA PUBLICA DE COMPRAVENTA DEL 29 DE ABRIL DE 1881, INSCRITA EN RPP DEL EDO. MEX. EL 19 DE NOVIEMBRE 1883, BAJO EL NUMERO 119, A FOJAS 18 Y 19 FRENTE Y VUELTA, C/P LTE 148.","OBSERVACIONES":"ACTUALMENTE LINEA B","nombre":"100"},"geometry":{"type":"Polygon","coordinates":[[[-99.177046,19.656799],[-99.176912,19.658386],[-99.177148,19.658399],[-99.177274,19.656816],[-99.177046,19.656799]]]}},{"type":"Feature","properties":{"LINEA PP":"A","LINEA  ACTUAL":"B","OTORGANTE":"IGNACIO ROJAS","PDF TITULO":"SI","ESTADO":"ESTADO DE MEXICO","MUNICIPIO":"CUAUTITLAN","KM INI. FISICO":"26+533.20\n27+058.00","KM FIN. FISICO":"26+746.40\n27+106.00","KM INI. DOCUMENTAL":"26+532.40\n27+023.40","KM FIN. DOCUMENTAL":"26+745.60\n27+068.60","SUPERFICIE":"4853","DATOS REGISTRALES":"ESCRITURA PUBLICA DE COMPRAVENTA DEL 6 DE OCTUBRE DE 1881, INSCRITA EN RPP DEL EDO. MEX. EL 19 DE NOVIEMBRE 1883, BAJO EL NUMERO 119, A FOJAS 18 Y 19 FRENTE Y VUELTA, C/P LTES. 149 Y 156.","OBSERVACIONES":"ACTUALMENTE LINEA B","nombre":"101"},"geometry":{"type":"Polygon","coordinates":[[[-99.176782,19.662715],[-99.176754,19.663105],[-99.176562,19.663092],[-99.1766,19.662616],[-99.176782,19.662715]]]}},{"type":"Feature","properties":{"LINEA PP":"A","LINEA  ACTUAL":"B","OTORGANTE":"JOSE DEL CARMEN MAFRA","PDF TITULO":"SI","ESTADO":"ESTADO DE MEXICO","MUNICIPIO":"CUAUTITLAN","KM INI. FISICO":"27+106.00","KM FIN. FISICO":"27+160.00","KM INI. DOCUMENTAL":"27+068.60","KM FIN. DOCUMENTAL":"27+122.60","SUPERFICIE":"1080","ANCHO D.V. L.D.":"10","ANCHO D.V. L.I.":"10","DATOS REGISTRALES":"ESCRITURA PUBLICA DE COMPRAVENTA DEL 5 DE DICIEMBRE DE 1883, INSCRITA EN RPP DEL EDO. MEX. EL 10 DE OCTUBRE 1883, BAJO EL NUMERO 122, A FOJAS 20 VUELTA Y 21 FRENTE Y VUELTA, C/P LTES. 157.\nSE LOCALIZO EN LA LINEA B","OBSERVACIONES":"ACTUALMENTE LINEA B","nombre":"104"},"geometry":{"type":"Polygon","coordinates":[[[-99.176754,19.663105],[-99.176712,19.663588],[-99.176521,19.663581],[-99.176538,19.663374],[-99.176562,19.663092],[-99.176754,19.663105]]]}},{"type":"Feature","properties":{"LINEA PP":"A","LINEA  ACTUAL":"B","OTORGANTE":"FELIPE QUEZADA","PDF TITULO":"SI","ESTADO":"ESTADO DE MEXICO","MUNICIPIO":"CUAUTITLAN","KM INI. FISICO":"27+160.00","KM FIN. FISICO":"27+579.00","KM INI. DOCUMENTAL":"27+122.60","KM FIN. DOCUMENTAL":"27+541.60","SUPERFICIE":"8380","ANCHO D.V. L.D.":"10","ANCHO D.V. L.I.":"10","DATOS REGISTRALES":"ESCRITURA PUBLICA DE COMPRAVENTA DEL 29 DE ABRIL DE 1881, INSCRITA EN RPP DEL EDO. MEX. EL 31 DE AGOSTO 1883, SEGUN CONSTA DEL CERTIFICADO DE ESTA FECHA, C/P LTE 158.\nSE LOCALIZO EN LA LINEA B","OBSERVACIONES":"ACTUALMENTE LINEA B\nANCHO DE 20 METROS MEDIO","nombre":"105"},"geometry":{"type":"Polygon","coordinates":[[[-99.176712,19.663588],[-99.176687,19.663871],[-99.176656,19.664083],[-99.176582,19.664448],[-99.176528,19.664974],[-99.176515,19.665208],[-99.176325,19.667365],[-99.176172,19.667361],[-99.176137,19.667359],[-99.176328,19.665159],[-99.176341,19.664959],[-99.176389,19.66446],[-99.176521,19.663581],[-99.176712,19.663588]]]}},{"type":"Feature","properties":{"LINEA PP":"A","LINEA  ACTUAL":"B","OTORGANTE":"CRESCENCIO TORRES","PDF TITULO":"SI","ESTADO":"ESTADO DE MEXICO","MUNICIPIO":"CUAUTITLAN","KM INI. FISICO":"27+894.00","KM FIN. FISICO":"27+991.50","KM INI. DOCUMENTAL":"S/D","KM FIN. DOCUMENTAL":"S/D","SUPERFICIE":"805","ANCHO D.V. L.D.":"10","ANCHO D.V. L.I.":"10","DATOS REGISTRALES":"ESCRITURA PUBLICA DE COMPRAVENTA DEL 29 DE ABRIL DE 1881, INSCRITA EN RPP DEL EDO. MEX. EL 19 DE NOVIEMBRE 1883, BAJO EL NUMERO 119, A FOJAS 18 Y 19 FRENTE Y VUELTA, C/P LTE 164.","OBSERVACIONES":"ACTUALMENTE LINEA B","nombre":"108"},"geometry":{"type":"Polygon","coordinates":[[[-99.176146,19.670316],[-99.176072,19.671195],[-99.175882,19.671182],[-99.175955,19.670306],[-99.176146,19.670316]]]}},{"type":"Feature","properties":{"LINEA PP":"A","LINEA  ACTUAL":"B","OTORGANTE":"JOSE MARIA RIVERO","PDF TITULO":"SI","ESTADO":"ESTADO DE MEXICO","MUNICIPIO":"CUAUTITLAN","KM INI. FISICO":"27+991.50","KM FIN. FISICO":"28+031.70","KM INI. DOCUMENTAL":"27+955.60","KM FIN. DOCUMENTAL":"27+955.90","SUPERFICIE":"805","ANCHO D.V. L.D.":"10","ANCHO D.V. L.I.":"10","DATOS REGISTRALES":"ESCRITURA PUBLICA DE COMPRAVENTA DEL 29 DE ABRIL DE 1881, INSCRITA EN RPP DEL EDO. MEX. EL 31 DE AGOSTO 1883, SEGUN CONSTA DEL CERTIFICADO DE ESTA FECHA, C/P LTE 165.\nSE LOCALIZO EN LA LINEA B","OBSERVACIONES":"ACTUALMENTE LINEA B\nANCHO DE 10 METROS DE CADA LADO DE LA VIA SEGUN TITULO DE PROPIEDAD","nombre":"109"},"geometry":{"type":"Polygon","coordinates":[[[-99.176041,19.671557],[-99.175851,19.671543],[-99.175882,19.671182],[-99.176072,19.671195],[-99.176041,19.671557]]]}},{"type":"Feature","properties":{"LINEA PP":"A","LINEA  ACTUAL":"B","OTORGANTE":"MICAELA J. DE RIVERO","PDF TITULO":"SI","ESTADO":"ESTADO DE MEXICO","MUNICIPIO":"CUAUTITLAN","KM INI. FISICO":"28+031.70","KM FIN. FISICO":"28+073.00","KM INI. DOCUMENTAL":"27+995.90 \n\n28+056.40","KM FIN. DOCUMENTAL":"28+037.20 \n\n28+068.10","SUPERFICIE":"987.58 de las dos fracciones","ANCHO D.V. L.D.":"10","ANCHO D.V. L.I.":"10","DATOS REGISTRALES":"ESCRITURA PUBLICA DE COMPRAVENTA DEL 29 DE ABRIL DE 1881, INSCRITA EN RPP DEL EDO. MEX. EL 31 DE AGOSTO 1883, SEGUN CONSTA DEL CERTIFICADO DE ESTA FECHA, C/P LTE 166 Y 168.\nSE LOCALIZO EN LA LINEA B","OBSERVACIONES":"ACTUALMENTE LINEA B","nombre":"110"},"geometry":{"type":"Polygon","coordinates":[[[-99.176041,19.671557],[-99.176041,19.671557],[-99.176041,19.671557],[-99.176009,19.671922],[-99.176009,19.671922],[-99.176009,19.671922],[-99.17582,19.671902],[-99.175994,19.672101],[-99.175804,19.672087],[-99.17585,19.671543],[-99.17585,19.671542],[-99.176041,19.671557]]]}},{"type":"Feature","properties":{"LINEA PP":"A","LINEA  ACTUAL":"B","OTORGANTE":"MANUEL SALGADO","PDF TITULO":"SI","ESTADO":"ESTADO DE MEXICO","MUNICIPIO":"CUAUTITLAN","KM INI. FISICO":"28+073.00","KM FIN. FISICO":"28+092.20","KM INI. DOCUMENTAL":"28+037.20","KM FIN. DOCUMENTAL":"28+056.40","SUPERFICIE":"295.8","ANCHO D.V. L.D.":"IRREGULAR","ANCHO D.V. L.I.":"IRREGULAR","DATOS REGISTRALES":"ESCRITURA PUBLICA DE COMPRAVENTA DEL 29 DE ABRIL DE 1881, INSCRITA EN RPP DEL EDO. MEX. EL 31 DE AGOSTO 1883, SEGUN CONSTA DEL CERTIFICADO DE ESTA FECHA, C/P LTE 167.\nSE LOCALIZO EN LA LINEA B","OBSERVACIONES":"ACTUALMENTE LINEA B","nombre":"111"},"geometry":{"type":"Polygon","coordinates":[[[-99.17582,19.671902],[-99.176009,19.671922],[-99.175994,19.6721],[-99.175994,19.672101],[-99.175994,19.672101],[-99.17582,19.671902]]]}},{"type":"Feature","properties":{"LINEA PP":"A","LINEA  ACTUAL":"B","OTORGANTE":"GUMERSINDO SANCHEZ","PDF TITULO":"SI","ESTADO":"ESTADO DE MEXICO","MUNICIPIO":"CUAUTITLAN","KM INI. FISICO":"29+863.00","KM FIN. FISICO":"29+931.00","KM INI. DOCUMENTAL":"29+787.40","KM FIN. DOCUMENTAL":"29+855.40","SUPERFICIE":"1360","ANCHO D.V. L.D.":"10","ANCHO D.V. L.I.":"10","DATOS REGISTRALES":"CONTRATO PRIVADO DE COMPRAVENTA DEL 19 DE ENERO DE 1881, INSCRITA EN RPP DEL EDO. MEX. EL 31 DE AGOSTO DE 1883, SEGUN CONSTA DEL CERTIFICADO DE ESTA FECHA.","OBSERVACIONES":"ACTUALMENTE LINEA B  \n10 Y 10","nombre":"114"},"geometry":{"type":"Polygon","coordinates":[[[-99.175446,19.687612],[-99.175446,19.687612],[-99.175436,19.688226],[-99.175244,19.688221],[-99.175258,19.687607],[-99.175258,19.687607],[-99.175446,19.687612]]]}},{"type":"Feature","properties":{"LINEA PP":"A","LINEA  ACTUAL":"B","OTORGANTE":"AYUNTAMIENTO DE CUAUTITLAN","PDF TITULO":"SI","ESTADO":"ESTADO DE MEXICO","MUNICIPIO":"CUAUTITLAN","KM INI. FISICO":"29+931.00\n29+855.40","KM FIN. FISICO":"30+075.40","KM INI. DOCUMENTAL":"29+855.40","KM FIN. DOCUMENTAL":"30+075.40","SUPERFICIE":"4381","ANCHO D.V. L.D.":"10","ANCHO D.V. L.I.":"10","DATOS REGISTRALES":"CONTRATO PRIVADO DE COMPRAVENTA DEL 10 DE MAYO DE 1881, INSCRITA EN RPP DEL EDO. MEX. EL 31 DE AGOSTO DE 1883, SEGUN CONSTA DEL CERTIFICADO DE ESTA FECHA.","OBSERVACIONES":"ACTUALMENTE LINEA B  \n10 Y 10","nombre":"115"},"geometry":{"type":"Polygon","coordinates":[[[-99.175436,19.688226],[-99.175388,19.690213],[-99.175374,19.690281],[-99.175202,19.690127],[-99.175244,19.688221],[-99.175436,19.688226]]]}},{"type":"Feature","properties":{"LINEA PP":"A","LINEA  ACTUAL":"B","OTORGANTE":"ESTEBAN DOMINGO","PDF TITULO":"SI","ESTADO":"ESTADO DE MEXICO","MUNICIPIO":"CUAUTITLAN","KM INI. FISICO":"30+075.40","KM FIN. FISICO":"30+146.90","KM INI. DOCUMENTAL":"30+075.40","KM FIN. DOCUMENTAL":"30+146.90","SUPERFICIE":"1068","ANCHO D.V. L.D.":"10","ANCHO D.V. L.I.":"10","DATOS REGISTRALES":"CONTRATO PRIVADO DE COMPRAVENTA DEL 19 DE ENERO DE 1881, INSCRITA EN RPP DEL EDO. MEX. EL 31 DE AGOSTO DE 1883, SEGUN CONSTA DEL CERTIFICADO DE ESTA FECHA.","OBSERVACIONES":"ACTUALMENTE LINEA B  \n10 Y 10","nombre":"117"},"geometry":{"type":"Polygon","coordinates":[[[-99.175184,19.690854],[-99.175202,19.690127],[-99.175374,19.690281],[-99.175325,19.690532],[-99.175276,19.690861],[-99.175184,19.690854]]]}},{"type":"Feature","properties":{"LINEA PP":"A","LINEA  ACTUAL":"B","OTORGANTE":"VICTORIANO QUINTANA","PDF TITULO":"SI","ESTADO":"ESTADO DE MEXICO","MUNICIPIO":"CUAUTITLAN","KM INI. FISICO":"S/D","KM FIN. FISICO":"S/D","KM INI. DOCUMENTAL":"30+075.40","KM FIN. DOCUMENTAL":"30+103.90","SUPERFICIE":"60.06","ANCHO D.V. L.D.":"IRREGULAR","ANCHO D.V. L.I.":"IRREGULAR","DATOS REGISTRALES":"CONTRATO PRIVADO DE COMPRAVENTA DEL 20 DE ENERO DE 1881, INSCRITA EN RPP DEL EDO. MEX. EL 31 DE AGOSTO DE 1883, SEGUN CONSTA DEL CERTIFICADO DE ESTA FECHA.","OBSERVACIONES":"ACTUALMENTE LINEA B \n10 Y 10","nombre":"116"},"geometry":{"type":"Polygon","coordinates":[[[-99.175388,19.690213],[-99.175379,19.690562],[-99.175325,19.690529],[-99.175374,19.69028],[-99.175374,19.69028],[-99.175388,19.690213]]]}},{"type":"Feature","properties":{"LINEA PP":"A","LINEA  ACTUAL":"B","OTORGANTE":"FRANCISCO DE SALES","PDF TITULO":"SI","ESTADO":"ESTADO DE MEXICO","MUNICIPIO":"CUAUTITLAN","KM INI. FISICO":"30+146.90","KM FIN. FISICO":"30+229.10","KM INI. DOCUMENTAL":"30+146.90","KM FIN. DOCUMENTAL":"30+229.10","SUPERFICIE":"1580","ANCHO D.V. L.D.":"10","ANCHO D.V. L.I.":"10","DATOS REGISTRALES":"CONTRATO PRIVADO DE COMPRAVENTA DEL 20 DE ENERO DE 1881, INSCRITA EN RPP DEL EDO. MEX. EL 31 DE AGOSTO DE 1883, SEGUN CONSTA DEL CERTIFICADO DE ESTA FECHA.","OBSERVACIONES":"ACTUALMENTE LINEA B  \n10 Y 10","nombre":"119"},"geometry":{"type":"Polygon","coordinates":[[[-99.175363,19.691603],[-99.175265,19.691599],[-99.175172,19.691573],[-99.175276,19.690858],[-99.175325,19.690529],[-99.175379,19.690562],[-99.175371,19.690887],[-99.175372,19.691129],[-99.175363,19.691603]]]}},{"type":"Feature","properties":{"LINEA PP":"A","LINEA  ACTUAL":"B","OTORGANTE":"JOSE ZEFERINO","PDF TITULO":"SI","ESTADO":"ESTADO DE MEXICO","MUNICIPIO":"CUAUTITLAN","KM INI. FISICO":"30+229.10","KM FIN. FISICO":"30+416.10","KM INI. DOCUMENTAL":"30+229.10","KM FIN. DOCUMENTAL":"30+416.10","SUPERFICIE":"3716.2","ANCHO D.V. L.D.":"10","ANCHO D.V. L.I.":"10","DATOS REGISTRALES":"CONTRATO PRIVADO DE COMPRAVENTA DEL 19 DE ENERO DE 1881, INSCRITA EN RPP DEL EDO. MEX. EL 31 DE AGOSTO DE 1883, SEGUN CONSTA DEL CERTIFICADO DE ESTA FECHA.","OBSERVACIONES":"ACTUALMENTE LINEA B \n10 Y 10","nombre":"120"},"geometry":{"type":"Polygon","coordinates":[[[-99.175363,19.6916],[-99.175347,19.692005],[-99.175347,19.692005],[-99.175347,19.692005],[-99.175191,19.693653],[-99.175122,19.693651],[-99.175172,19.691571],[-99.175265,19.691596],[-99.175363,19.6916]]]}},{"type":"Feature","properties":{"LINEA PP":"A","LINEA  ACTUAL":"B","OTORGANTE":"IDELFONSO ROMERO","PDF TITULO":"SI","ESTADO":"ESTADO DE MEXICO","MUNICIPIO":"CUAUTITLAN","KM INI. FISICO":"30+416.10","KM FIN. FISICO":"30+456.60","KM INI. DOCUMENTAL":"30+416.10","KM FIN. DOCUMENTAL":"30+456.60","SUPERFICIE":"850.6","ANCHO D.V. L.D.":"10","ANCHO D.V. L.I.":"10","DATOS REGISTRALES":"CONTRATO PRIVADO DE COMPRAVENTA DEL 19 DE ENERO DE 1881, INSCRITA EN RPP DEL EDO. MEX. EL 31 DE AGOSTO DE 1883, SEGUN CONSTA DEL CERTIFICADO DE ESTA FECHA.","OBSERVACIONES":"ACTUALMENTE LINEA B  \n10 Y 10","nombre":"121"},"geometry":{"type":"Polygon","coordinates":[[[-99.175192,19.693651],[-99.175348,19.692003],[-99.175314,19.693652],[-99.175192,19.693651]]]}},{"type":"Feature","properties":{"LINEA PP":"A","LINEA  ACTUAL":"B","OTORGANTE":"RAFAEL HERNANDEZ","PDF TITULO":"SI","ESTADO":"ESTADO DE MEXICO","MUNICIPIO":"CUAUTITLAN","KM INI. FISICO":"30+464.10","KM FIN. FISICO":"30+655.60","KM INI. DOCUMENTAL":"30+464.10","KM FIN. DOCUMENTAL":"30+655.60","SUPERFICIE":"3830","ANCHO D.V. L.D.":"10","ANCHO D.V. L.I.":"10","DATOS REGISTRALES":"CONTRATO PRIVADO DE COMPRAVENTA DEL 4 DE FEBRERO DE 1881, INSCRITA EN RPP DEL EDO. MEX. EL 31 DE AGOSTO 1883, SEGUN CONSTA DEL CERTIFICADO DE ESTA FECHA.","OBSERVACIONES":"ACTUALMENTE LINEA B  \n10 Y 10","nombre":"123"},"geometry":{"type":"Polygon","coordinates":[[[-99.175307,19.693879],[-99.175268,19.695612],[-99.175077,19.695605],[-99.175115,19.693879],[-99.175185,19.693878],[-99.175307,19.693879]]]}},{"type":"Feature","properties":{"LINEA PP":"A","LINEA  ACTUAL":"B","OTORGANTE":"PEDRO TORRES","PDF TITULO":"SI","ESTADO":"ESTADO DE MEXICO","MUNICIPIO":"CUAUTITLAN","KM INI. FISICO":"30+655.60","KM FIN. FISICO":"30+732.60","KM INI. DOCUMENTAL":"30+655.60","KM FIN. DOCUMENTAL":"30+732.60","SUPERFICIE":"1540","ANCHO D.V. L.D.":"10","ANCHO D.V. L.I.":"10","DATOS REGISTRALES":"CONTRATO PRIVADO DE COMPRAVENTA DEL 4 DE FEBRERO DE 1881, INSCRITA EN RPP DEL EDO. MEX. EL 31 DE AGOSTO 1883, SEGUN CONSTA DEL CERTIFICADO DE ESTA FECHA.","OBSERVACIONES":"ACTUALMENTE LINEA B  \n10 Y 10","nombre":"124"},"geometry":{"type":"Polygon","coordinates":[[[-99.175253,19.696302],[-99.175157,19.696303],[-99.175062,19.696304],[-99.175077,19.695605],[-99.175268,19.695612],[-99.175253,19.696302]]]}},{"type":"Feature","properties":{"LINEA PP":"A","LINEA  ACTUAL":"B","OTORGANTE":"BASILIO SUAREZ","PDF TITULO":"SI","ESTADO":"ESTADO DE MEXICO","MUNICIPIO":"CUAUTITLAN","KM INI. FISICO":"S/D","KM FIN. FISICO":"S/D","KM INI. DOCUMENTAL":"30+737.10","KM FIN. DOCUMENTAL":"30+793.50","SUPERFICIE":"333.6","ANCHO D.V. L.D.":"10","ANCHO D.V. L.I.":"10","DATOS REGISTRALES":"CONTRATO PRIVADO DE COMPRAVENTA DEL 4 DE FEBRERO DE 1881, INSCRITA EN RPP DEL EDO. MEX. EL 31 DE AGOSTO 1883, SEGUN CONSTA DEL CERTIFICADO DE ESTA FECHA.","OBSERVACIONES":"ACTUALMENTE LINEA B  \n10 Y 10","nombre":"125"},"geometry":{"type":"Polygon","coordinates":[[[-99.17515,19.696408],[-99.175089,19.696918],[-99.175046,19.696919],[-99.175045,19.696766],[-99.175055,19.696407],[-99.17515,19.696408]]]}},{"type":"Feature","properties":{"LINEA PP":"A","LINEA  ACTUAL":"B","OTORGANTE":"HERMENEGILDO JIMENEZ","PDF TITULO":"SI","ESTADO":"ESTADO DE MEXICO","MUNICIPIO":"CUAUTITLAN","KM INI. FISICO":"30+793.50","KM FIN. FISICO":"30+826.30","KM INI. DOCUMENTAL":"30+793.50","KM FIN. DOCUMENTAL":"30+826.30","SUPERFICIE":"656","ANCHO D.V. L.D.":"10","ANCHO D.V. L.I.":"10","DATOS REGISTRALES":"CONTRATO PRIVADO DE COMPRAVENTA DEL 4 DE FEBRERO DE 1881, INSCRITA EN RPP DEL EDO. MEX. EL 31 DE AGOSTO 1883, SEGUN CONSTA DEL CERTIFICADO DE ESTA FECHA.","OBSERVACIONES":"ACTUALMENTE LINEA B  \n10 Y 10","nombre":"127"},"geometry":{"type":"Polygon","coordinates":[[[-99.175227,19.697215],[-99.175035,19.697213],[-99.175046,19.696919],[-99.175089,19.696918],[-99.175236,19.696916],[-99.175227,19.697215]]]}},{"type":"Feature","properties":{"LINEA PP":"A","LINEA  ACTUAL":"B","OTORGANTE":"MARIA JUANA","PDF TITULO":"SI","ESTADO":"ESTADO DE MEXICO","MUNICIPIO":"CUAUTITLAN","KM INI. FISICO":"30+826.30","KM FIN. FISICO":"30+919.80","KM INI. DOCUMENTAL":"30+826.30","KM FIN. DOCUMENTAL":"30+919.80","SUPERFICIE":"1870","ANCHO D.V. L.D.":"10","ANCHO D.V. L.I.":"10","DATOS REGISTRALES":"CONTRATO PRIVADO DE COMPRAVENTA DEL 4 DE FEBRERO DE 1881, INSCRITA EN RPP DEL EDO. MEX. EL 31 DE AGOSTO 1883, SEGUN CONSTA DEL CERTIFICADO DE ESTA FECHA.","OBSERVACIONES":"ACTUALMENTE LINEA B  \n10 Y 10","nombre":"128"},"geometry":{"type":"Polygon","coordinates":[[[-99.175227,19.697215],[-99.175208,19.69806],[-99.175017,19.698057],[-99.175035,19.697213],[-99.175035,19.697213],[-99.175227,19.697215]]]}},{"type":"Feature","properties":{"LINEA PP":"A","LINEA  ACTUAL":"B","OTORGANTE":"MARIANO CERVANTES","PDF TITULO":"SI","ESTADO":"ESTADO DE MEXICO","MUNICIPIO":"CUAUTITLAN","KM INI. FISICO":"31+001.80","KM FIN. FISICO":"31+108.30","KM INI. DOCUMENTAL":"31+001.8","KM FIN. DOCUMENTAL":"31+108.3","SUPERFICIE":"2016.6","ANCHO D.V. L.D.":"10","ANCHO D.V. L.I.":"10","DATOS REGISTRALES":"ESCRITURA PUBLICA DE COMPRAVENTA DEL 1 DE FEBRERO DE 1881, INSCRITA EN RPP DEL EDO. MEX. EL 31 DE AGOSTO 1881, SEGUN CONSTA DEL CERTIFICADO DE ESTA FECHA.","OBSERVACIONES":"ACTUALMENTE LINEA B  \n10 Y 10","nombre":"130"},"geometry":{"type":"Polygon","coordinates":[[[-99.174978,19.69976],[-99.174995,19.698995],[-99.175084,19.698798],[-99.17519,19.698798],[-99.17519,19.698798],[-99.175169,19.69976],[-99.174978,19.69976]]]}},{"type":"Feature","properties":{"LINEA PP":"A","LINEA  ACTUAL":"B","OTORGANTE":"TOMAS PALLARES","PDF TITULO":"SI","ESTADO":"ESTADO DE MEXICO","MUNICIPIO":"CUAUTITLAN","KM INI. FISICO":"31+115.60","KM FIN. FISICO":"31+205.60","KM INI. DOCUMENTAL":"31+115.6","KM FIN. DOCUMENTAL":"31+205.6","SUPERFICIE":"1644.57","ANCHO D.V. L.D.":"10","ANCHO D.V. L.I.":"10","DATOS REGISTRALES":"ESCRITURA PUBLICA DE COMPRAVENTA DEL 1 DE FEBRERO DE 1881, INSCRITA EN RPP DEL EDO. MEX. EL 31 DE AGOSTO 1883, SEGUN CONSTA DEL CERTIFICADO DE ESTA FECHA.","OBSERVACIONES":"ACTUALMENTE LINEA B  \n10 Y 10","nombre":"131"},"geometry":{"type":"Polygon","coordinates":[[[-99.175158,19.700401],[-99.175125,19.700494],[-99.175069,19.700652],[-99.17496,19.700652],[-99.174965,19.700397],[-99.174978,19.699839],[-99.17517,19.699843],[-99.175158,19.700401]]]}},{"type":"Feature","properties":{"LINEA PP":"A","LINEA  ACTUAL":"B","OTORGANTE":"TEOFILO CONTRERAS","PDF TITULO":"SI","ESTADO":"ESTADO DE MEXICO","MUNICIPIO":"CUAUTITLAN","KM INI. FISICO":"S/D","KM FIN. FISICO":"31+205.60","KM INI. DOCUMENTAL":"31+165.6","KM FIN. DOCUMENTAL":"31+205.6","SUPERFICIE":"15542","ANCHO D.V. L.D.":"10.5","ANCHO D.V. L.I.":"10.5","DATOS REGISTRALES":"ESCRITURA PUBLICA DE COMPRAVENTA DEL 29 DE MAYO DE 1883, INSCRITA EN RPP DEL EDO. MEX. CON NUMERO 119 DE 19 DE NOVIEMBRE DE 1883.","OBSERVACIONES":"ACTUALMENTE LINEA B  \n10 Y 10","nombre":"132"},"geometry":{"type":"Polygon","coordinates":[[[-99.175068,19.700654],[-99.175125,19.700494],[-99.175158,19.700401],[-99.17515,19.700653],[-99.175068,19.700654]]]}},{"type":"Feature","properties":{"LINEA PP":"A","LINEA  ACTUAL":"B","OTORGANTE":"REGINO PALLARES","PDF TITULO":"SI","ESTADO":"ESTADO DE MEXICO","MUNICIPIO":"CUAUTITLAN","KM INI. FISICO":"30+919.80","KM FIN. FISICO":"31+001.80","KM INI. DOCUMENTAL":"30+919.85","KM FIN. DOCUMENTAL":"31+001.80","SUPERFICIE":"1754.69","ANCHO D.V. L.D.":"10","ANCHO D.V. L.I.":"10","DATOS REGISTRALES":"CONTRATO PRIVADO DE COMPRAVENTA DEL 4 DE FEBRERO DE 1881, INSCRITA EN RPP DEL EDO. MEX. EL 31 DE AGOSTO 1883, SEGUN CONSTA DEL CERTIFICADO DE ESTA FECHA.","OBSERVACIONES":"ACTUALMENTE LINEA B  \n10 Y 10","nombre":"129"},"geometry":{"type":"Polygon","coordinates":[[[-99.175084,19.698798],[-99.174995,19.698995],[-99.174999,19.698796],[-99.175017,19.698057],[-99.175208,19.69806],[-99.175208,19.69806],[-99.17519,19.698798],[-99.17519,19.698798],[-99.175084,19.698798]]]}},{"type":"Feature","properties":{"LINEA PP":"A","LINEA  ACTUAL":"B","OTORGANTE":"VALENTIN SUAREZ","PDF TITULO":"SI","ESTADO":"ESTADO DE MEXICO","MUNICIPIO":"CUAUTITLAN","KM INI. FISICO":"31+320.30","KM FIN. FISICO":"31+535.30","KM INI. DOCUMENTAL":"31+320.3","KM FIN. DOCUMENTAL":"31+535.3","SUPERFICIE":"4300","ANCHO D.V. L.D.":"10","ANCHO D.V. L.I.":"10","DATOS REGISTRALES":"ESCRITURA PUBLICA DE COMPRAVENTA DEL 4 DE FEBRERO DE 1881, INSCRITA EN RPP DEL EDO. MEX. EL  31 DE AGOSTO 1883, SEGUN CONSTA DEL CERTIFICADO DE ESTA FECHA.","OBSERVACIONES":"ACTUALMENTE LINEA B  \n10 Y 10","nombre":"135"},"geometry":{"type":"Polygon","coordinates":[[[-99.175128,19.701691],[-99.175081,19.703634],[-99.17489,19.703633],[-99.174937,19.701691],[-99.174961,19.701692],[-99.175128,19.701691]]]}},{"type":"Feature","properties":{"LINEA PP":"A","LINEA  ACTUAL":"B","OTORGANTE":"VICTORIANO CONTRERAS","PDF TITULO":"SI","ESTADO":"ESTADO DE MEXICO","MUNICIPIO":"CUAUTITLAN","KM INI. FISICO":"31+535.30","KM FIN. FISICO":"31+728.30","KM INI. DOCUMENTAL":"31+535.3","KM FIN. DOCUMENTAL":"31+728.3","SUPERFICIE":"3860","ANCHO D.V. L.D.":"10","ANCHO D.V. L.I.":"10","DATOS REGISTRALES":"ESCRITURA PUBLICA DE COMPRAVENTA DEL 1 DE FEBRERO DE 1881, INSCRITA EN RPP DEL EDO. MEX. EL  31 DE AGOSTO 1883, SEGUN CONSTA DEL CERTIFICADO DE ESTA FECHA.","OBSERVACIONES":"ACTUALMENTE LINEA B  \n10 Y 10","nombre":"136"},"geometry":{"type":"Polygon","coordinates":[[[-99.175081,19.703634],[-99.175039,19.705378],[-99.174848,19.705376],[-99.17489,19.703633],[-99.175081,19.703634]]]}},{"type":"Feature","properties":{"LINEA PP":"A","LINEA  ACTUAL":"B","OTORGANTE":"JUAN DOMINGUEZ","PDF TITULO":"SI","ESTADO":"ESTADO DE MEXICO","MUNICIPIO":"CUAUTITLAN","KM INI. FISICO":"31+728.30","KM FIN. FISICO":"31+822.10","KM INI. DOCUMENTAL":"31+728.3","KM FIN. DOCUMENTAL":"31+822.1","SUPERFICIE":"1876","ANCHO D.V. L.D.":"10","ANCHO D.V. L.I.":"10","DATOS REGISTRALES":"ESCRITURA PUBLICA DE COMPRAVENTA DEL 4 DE FEBRERO DE 1881, INSCRITA EN RPP DEL EDO. MEX. EL  31 DE AGOSTO 1883, SEGUN CONSTA DEL CERTIFICADO DE ESTA FECHA.","OBSERVACIONES":"ACTUALMENTE LINEA B  \n10 Y 10","nombre":"137"},"geometry":{"type":"Polygon","coordinates":[[[-99.17504,19.705385],[-99.17505,19.706227],[-99.174858,19.706231],[-99.17485,19.705383],[-99.17504,19.705385]]]}},{"type":"Feature","properties":{"LINEA PP":"A","LINEA  ACTUAL":"B","OTORGANTE":"JOAQUIN ANDONEGUI","PDF TITULO":"SI","ESTADO":"ESTADO DE MEXICO","MUNICIPIO":"CUAUTITLAN","KM INI. FISICO":"32+096.40","KM FIN. FISICO":"33+294.90","KM INI. DOCUMENTAL":"32+096.4","KM FIN. DOCUMENTAL":"33+294.9","SUPERFICIE":"23970","ANCHO D.V. L.D.":"10","ANCHO D.V. L.I.":"10","DATOS REGISTRALES":"ESCRITURA PUBLICA DE COMPRAVENTA DEL 10 DE MAYO DE 1881, INSCRITA EN RPP DEL EDO. MEX. EL  31 DE AGOSTO 1883, SEGUN CONSTA DEL CERTIFICADO DE ESTA FECHA.","OBSERVACIONES":"ACTUALMENTE LINEA B","nombre":"139"},"geometry":{"type":"Polygon","coordinates":[[[-99.175138,19.708502],[-99.175183,19.709557],[-99.175317,19.71287],[-99.175392,19.714724],[-99.175479,19.716866],[-99.175523,19.717961],[-99.175589,19.719606],[-99.175398,19.719614],[-99.175362,19.718678],[-99.175347,19.718313],[-99.175332,19.717963],[-99.175288,19.716864],[-99.175201,19.714715],[-99.175125,19.712909],[-99.174991,19.709585],[-99.174953,19.708719],[-99.175138,19.708502]]]}},{"type":"Feature","properties":{"LINEA PP":"A","LINEA  ACTUAL":"B","OTORGANTE":"VICTORIANO CONTRERAS","PDF TITULO":"SI","ESTADO":"ESTADO DE MEXICO","MUNICIPIO":"CUAUTITLAN","KM INI. FISICO":"31+210.10","KM FIN. FISICO":"31+266.00","KM INI. DOCUMENTAL":"31+210.1","KM FIN. DOCUMENTAL":"31+266","SUPERFICIE":"1139.6","ANCHO D.V. L.D.":"10","ANCHO D.V. L.I.":"10","DATOS REGISTRALES":"ESCRITURA PUBLICA DE COMPRAVENTA DEL 1 DE FEBRERO DE 1881, INSCRITA EN RPP DEL EDO. MEX. EL  31 DE AGOSTO 1883, SEGUN CONSTA DEL CERTIFICADO DE ESTA FECHA.","OBSERVACIONES":"ACTUALMENTE LINEA B","nombre":"133"},"geometry":{"type":"Polygon","coordinates":[[[-99.175144,19.700923],[-99.174942,19.701493],[-99.17496,19.700695],[-99.175057,19.700695],[-99.175151,19.700695],[-99.175144,19.700923]]]}},{"type":"Feature","properties":{"LINEA PP":"A","LINEA  ACTUAL":"B","OTORGANTE":"PRIMO ROMERO","PDF TITULO":"SI","ESTADO":"ESTADO DE MEXICO","MUNICIPIO":"CUAUTITLAN","KM INI. FISICO":"31+266.00","KM FIN. FISICO":"31+320.30","KM INI. DOCUMENTAL":"31+266","KM FIN. DOCUMENTAL":"31+320.3","SUPERFICIE":"1066.65","ANCHO D.V. L.D.":"10","ANCHO D.V. L.I.":"10","DATOS REGISTRALES":"ESCRITURA PUBLICA DE COMPRAVENTA DEL 4 DE FEBRERO DE 1881, INSCRITA EN RPP DEL EDO. MEX. EL  31 DE AGOSTO 1883, SEGUN CONSTA DEL CERTIFICADO DE ESTA FECHA.","OBSERVACIONES":"ACTUALMENTE LINEA B  \n10 Y 10","nombre":"134"},"geometry":{"type":"Polygon","coordinates":[[[-99.174937,19.701691],[-99.174942,19.701501],[-99.174942,19.701493],[-99.175144,19.700923],[-99.175133,19.701505],[-99.175133,19.701505],[-99.175128,19.701691],[-99.174937,19.701691]]]}},{"type":"Feature","properties":{"LINEA PP":"A","LINEA  ACTUAL":"B","OTORGANTE":"EUGENIO JIMENEZ","PDF TITULO":"SI","ESTADO":"ESTADO DE MEXICO","MUNICIPIO":"CUAUTITLAN","KM INI. FISICO":"30+737.10","KM FIN. FISICO":"30+793.50","KM INI. DOCUMENTAL":"30+737.10","KM FIN. DOCUMENTAL":"30+793.50","SUPERFICIE":"794.4","ANCHO D.V. L.D.":"10","ANCHO D.V. L.I.":"10","DATOS REGISTRALES":"CONTRATO PRIVADO DE COMPRAVENTA DEL 4 DE FEBRERO DE 1881, INSCRITA EN RPP DEL EDO. MEX. EL 31 DE AGOSTO 1883, SEGUN CONSTA DEL CERTIFICADO DE ESTA FECHA.","OBSERVACIONES":"ACTUALMENTE LINEA B  \n10 Y 10","nombre":"126"},"geometry":{"type":"Polygon","coordinates":[[[-99.175236,19.696916],[-99.175089,19.696918],[-99.17515,19.696408],[-99.175246,19.696408],[-99.175237,19.696772],[-99.175236,19.696916]]]}},{"type":"Feature","properties":{"LINEA PP":"A","LINEA  ACTUAL":"B","OTORGANTE":"JOSE NESTOR","PDF TITULO":"SI","ESTADO":"ESTADO DE MEXICO","MUNICIPIO":"CUAUTITLAN","KM INI. FISICO":"30+146.90","KM FIN. FISICO":"S/D","KM INI. DOCUMENTAL":"30+146.90","KM FIN. DOCUMENTAL":"30+229.10","SUPERFICIE":"360.82","ANCHO D.V. L.D.":"10","ANCHO D.V. L.I.":"10","DATOS REGISTRALES":"CONTRATO PRIVADO DE COMPRAVENTA DEL 20 DE ENERO DE 1881, INSCRITA EN RPP DEL EDO. MEX. EL 31 DE AGOSTO DE 1883, SEGUN CONSTA DEL CERTIFICADO DE ESTA FECHA.","OBSERVACIONES":"ACTUALMENTE LINEA B  \n10 Y 10","nombre":"118"},"geometry":{"type":"Polygon","coordinates":[[[-99.175172,19.691571],[-99.17518,19.691125],[-99.175185,19.690851],[-99.175276,19.690858],[-99.175172,19.691571]]]}},{"type":"Feature","properties":{"LINEA PP":"A","LINEA  ACTUAL":"B","OTORGANTE":"ANTONIO GONZALEZ","PDF TITULO":"SI","ESTADO":"ESTADO DE MEXICO","MUNICIPIO":"CUAUTITLAN","KM INI. FISICO":"26+273.20\n26+761.40","KM FIN. FISICO":"26+357.20\n26+911.40","KM INI. DOCUMENTAL":"26+271.80\n26+758.45","KM FIN. DOCUMENTAL":"26+356.20\n26+908.45","SUPERFICIE":"1,933.11\n3,241.06","ANCHO D.V. L.D.":"IRREGULAR","ANCHO D.V. L.I.":"IRREGULAR","DATOS REGISTRALES":"ESCRITURA PUBLICA DE COMPRAVENTA DEL 14 DE SEPTIEMBRE DE 1881, INSCRITA EN RPP DEL EDO. MEX. EL 31 DE AGOSTO 1883, SEGUN CONSTA DEL CERTIFICADO DE ESTA FECHA, C/P LTES. 147 Y 152.","OBSERVACIONES":"ACTUALMENTE LINEA B","nombre":"99"},"geometry":{"type":"Polygon","coordinates":[[[-99.176857,19.6618],[-99.176982,19.660372],[-99.176754,19.66042],[-99.176645,19.66172],[-99.176857,19.6618]]]}},{"type":"Feature","properties":{"LINEA PP":"A","LINEA  ACTUAL":"B","OTORGANTE":"IGNACIO ROJAS","PDF TITULO":"SI","ESTADO":"ESTADO DE MEXICO","MUNICIPIO":"CUAUTITLAN","KM INI. FISICO":"26+533.20\n27+058.00","KM FIN. FISICO":"26+746.40\n27+106.00","KM INI. DOCUMENTAL":"26+532.40\n27+023.40","KM FIN. DOCUMENTAL":"26+745.60\n27+068.60","SUPERFICIE":"4853","DATOS REGISTRALES":"ESCRITURA PUBLICA DE COMPRAVENTA DEL 6 DE OCTUBRE DE 1881, INSCRITA EN RPP DEL EDO. MEX. EL 19 DE NOVIEMBRE 1883, BAJO EL NUMERO 119, A FOJAS 18 Y 19 FRENTE Y VUELTA, C/P LTES. 149 Y 156.","OBSERVACIONES":"ACTUALMENTE LINEA B","nombre":"101 [1:Polygon]"},"geometry":{"type":"Polygon","coordinates":[[[-99.177055,19.659288],[-99.177143,19.658399],[-99.176912,19.658386],[-99.176812,19.659611],[-99.177055,19.659288]]]}},{"type":"Feature","properties":{"LINEA PP":"A","LINEA  ACTUAL":"B","OTORGANTE":"IGNACIO ROJAS","PDF TITULO":"SI","ESTADO":"ESTADO DE MEXICO","MUNICIPIO":"CUAUTITLAN","KM INI. FISICO":"26+533.20\n27+058.00","KM FIN. FISICO":"26+746.40\n27+106.00","KM INI. DOCUMENTAL":"26+532.40\n27+023.40","KM FIN. DOCUMENTAL":"26+745.60\n27+068.60","SUPERFICIE":"4853","DATOS REGISTRALES":"ESCRITURA PUBLICA DE COMPRAVENTA DEL 6 DE OCTUBRE DE 1881, INSCRITA EN RPP DEL EDO. MEX. EL 19 DE NOVIEMBRE 1883, BAJO EL NUMERO 119, A FOJAS 18 Y 19 FRENTE Y VUELTA, C/P LTES. 149 Y 156.","OBSERVACIONES":"ACTUALMENTE LINEA B","nombre":"101 [2:Polygon]"},"geometry":{"type":"Polygon","coordinates":[[[-99.177042,19.659608],[-99.176812,19.659611],[-99.176756,19.660323],[-99.176984,19.660306],[-99.177042,19.659608]]]}},{"type":"Feature","properties":{"LINEA PP":"A","LINEA  ACTUAL":"B","OTORGANTE":"JOSE MARIA VARGAS","PDF TITULO":"SI","ESTADO":"ESTADO DE MEXICO","MUNICIPIO":"CUAUTITLAN","KM INI. FISICO":"26+650.70","KM FIN. FISICO":"26+668.70","KM INI. DOCUMENTAL":"26+649.90","KM FIN. DOCUMENTAL":"26+667.90","SUPERFICIE":"275.26","ANCHO D.V. L.D.":"10","ANCHO D.V. L.I.":"10","DATOS REGISTRALES":"ESCRITURA PUBLICA DE COMPRAVENTA DEL 29 DE ABRIL DE 1881, INSCRITA EN RPP DEL EDO. MEX. EL 31 DE AGOSTO 1883, SEGUN CONSTA DEL CERTIFICADO DE ESTA FECHA, C/P LTE 150.\nSE LOCALIZO EN LA LINEA B","OBSERVACIONES":"ACTUALMENTE LINEA B      11 METROS DE ANCHO SEGUN TITULOS DE PROPIEDAD","nombre":"102"},"geometry":{"type":"Polygon","coordinates":[[[-99.177033,19.659608],[-99.177062,19.659282],[-99.176812,19.659611],[-99.177006,19.659611],[-99.177033,19.659608]]]}},{"type":"Feature","properties":{"LINEA PP":"A","LINEA  ACTUAL":"B","OTORGANTE":"JOSE MARIA HIDALGO","PDF TITULO":"SI","ESTADO":"ESTADO DE MEXICO","MUNICIPIO":"CUAUTITLAN","KM INI. FISICO":"24+938.90","KM FIN. FISICO":"25+000.00","KM INI. DOCUMENTAL":"24+933.30","KM FIN. DOCUMENTAL":"24+995.80","SUPERFICIE":"1300","ANCHO D.V. L.D.":"IRREGULAR","ANCHO D.V. L.I.":"IRREGULAR","DATOS REGISTRALES":"ESCRITURA PUBLICA DE COMPRAVENTA DEL 24 DE ENERO DE 1881, INSCRITA EN RPP DEL EDO. MEX. EL 31 DE AGOSTO 1883, SEGUN CONSTA DEL CERTIFICADO DE ESTA FECHA, C/P LTE 133.","OBSERVACIONES":"ACTUALMENTE LINEA B","nombre":"86"},"geometry":{"type":"Polygon","coordinates":[[[-99.178522,19.644632],[-99.178345,19.6446],[-99.178465,19.644036],[-99.178653,19.644072],[-99.178522,19.644632]]]}},{"type":"Feature","properties":{"LINEA PP":"A","LINEA  ACTUAL":"B","OTORGANTE":"CRESCENCIO AGUIRRE","PDF TITULO":"SI","ESTADO":"ESTADO DE MEXICO","MUNICIPIO":"CUAUTITLAN","KM INI. FISICO":"24+895.80","KM FIN. FISICO":"24+913.00","KM INI. DOCUMENTAL":"24+872.80","KM FIN. DOCUMENTAL":"24+890.20","SUPERFICIE":"348","ANCHO D.V. L.D.":"10","ANCHO D.V. L.I.":"10","DATOS REGISTRALES":"ESCRITURA PUBLICA DE COMPRAVENTA DEL 25 DE ENERO DE 1881, INSCRITA EN RPP DEL EDO. MEX. EL 31 DE AGOSTO 1883, SEGUN CONSTA DEL CERTIFICADO DE ESTA FECHA, C/P LTE 131.","OBSERVACIONES":"ACTUALMENTE LINEA B","nombre":"84"},"geometry":{"type":"Polygon","coordinates":[[[-99.17873,19.643691],[-99.178543,19.643653],[-99.178543,19.643653],[-99.178574,19.643499],[-99.178763,19.643536],[-99.17873,19.643691]]]}},{"type":"Feature","properties":{"LINEA PP":"A","LINEA  ACTUAL":"B","OTORGANTE":"MIGUEL MIRANDA","PDF TITULO":"SI","ESTADO":"ESTADO DE MEXICO","MUNICIPIO":"CUAUTITLAN","KM INI. FISICO":"24+677.90","KM FIN. FISICO":"24+742.90","KM INI. DOCUMENTAL":"24+677.90","KM FIN. DOCUMENTAL":"24+742.90","SUPERFICIE":"1300","ANCHO D.V. L.D.":"20","ANCHO D.V. L.I.":"20","DATOS REGISTRALES":"ESCRITURA PUBLICA DE COMPRAVENTA DEL 24 DE ENERO DE 1881, INSCRITA EN RPP DEL EDO. MEX. EL 31 DE AGOSTO 1883, SEGUN CONSTA DEL CERTIFICADO DE ESTA FECHA, C/P LTE 125.","OBSERVACIONES":"ACTUAL LINEA B","nombre":"80"},"geometry":{"type":"Polygon","coordinates":[[[-99.178947,19.64171],[-99.179139,19.641741],[-99.179016,19.642319],[-99.178829,19.642286],[-99.178947,19.64171]]]}},{"type":"Feature","properties":{"LINEA PP":"A","LINEA  ACTUAL":"B","OTORGANTE":"ANTONIO SALINAS","PDF TITULO":"SI","ESTADO":"ESTADO DE MEXICO","MUNICIPIO":"CUAUTITLAN","KM INI. FISICO":"24+742.90","KM FIN. FISICO":"24+796.90","KM INI. DOCUMENTAL":"24+742.90","KM FIN. DOCUMENTAL":"24+788.90","SUPERFICIE":"916.53","ANCHO D.V. L.D.":"10","ANCHO D.V. L.I.":"10","DATOS REGISTRALES":"ESCRITURA PUBLICA DE COMPRAVENTA DEL 24 DE ENERO DE 1881, INSCRITA EN RPP DEL EDO. MEX. EL 31 DE AGOSTO 1883, SEGUN CONSTA DEL CERTIFICADO DE ESTA FECHA, C/P LTE 126.","OBSERVACIONES":"ACTUAL LINEA B","nombre":"81"},"geometry":{"type":"Polygon","coordinates":[[[-99.178951,19.64262],[-99.17874,19.642743],[-99.178829,19.642286],[-99.179016,19.642319],[-99.178951,19.64262]]]}},{"type":"Feature","properties":{"LINEA PP":"A","LINEA  ACTUAL":"B","OTORGANTE":"MIGUEL MIRANDA","PDF TITULO":"SI","ESTADO":"ESTADO DE MEXICO","MUNICIPIO":"CUAUTITLAN","KM INI. FISICO":"24+515.00","KM FIN. FISICO":"24+555.60","KM INI. DOCUMENTAL":"24+515.00","KM FIN. DOCUMENTAL":"24+555.60","SUPERFICIE":"1096.2","ANCHO D.V. L.D.":"11.5","ANCHO D.V. L.I.":"11.5","DATOS REGISTRALES":"ESCRITURA PUBLICA DE COMPRAVENTA DEL 24 DE ENERO DE 1881, INSCRITA EN RPP DEL EDO. MEX. EL 31 DE AGOSTO 1883, SEGUN CONSTA DEL CERTIFICADO DE ESTA FECHA, C/P LTE 122.","OBSERVACIONES":"ACTUAL LINEA B","nombre":"77"},"geometry":{"type":"Polygon","coordinates":[[[-99.179407,19.640669],[-99.179154,19.640619],[-99.179238,19.640261],[-99.179464,19.640304],[-99.179473,19.640306],[-99.179407,19.640669]]]}},{"type":"Feature","properties":{"LINEA PP":"A","LINEA  ACTUAL":"B","OTORGANTE":"LUIS PINEDA","PDF TITULO":"SI","ESTADO":"ESTADO DE MEXICO","MUNICIPIO":"CUAUTITLAN","KM INI. FISICO":"27+631.00","KM FIN. FISICO":"27+708.00","KM INI. DOCUMENTAL":"27+595.10","KM FIN. DOCUMENTAL":"27+672.10","SUPERFICIE":"5180.75","ANCHO D.V. L.D.":"IRREGULAR","ANCHO D.V. L.I.":"IRREGULAR","DATOS REGISTRALES":"ESCRITURA PUBLICA DE COMPRAVENTA DEL 29 DE ABRIL DE 1881, INSCRITA EN RPP DEL EDO. MEX. EL 31 DE AGOSTO 1883, SEGUN CONSTA DEL CERTIFICADO DE ESTA FECHA, C/P LTE 161.","OBSERVACIONES":"ACTUALMENTE LINEA B\nANCHO DE 60.37 MTRS SGUN TITULO","nombre":"107"},"geometry":{"type":"Polygon","coordinates":[[[-99.17685,19.668034],[-99.176858,19.668582],[-99.176082,19.668665],[-99.176108,19.66822],[-99.176174,19.667843],[-99.176405,19.667863],[-99.176609,19.66788],[-99.176609,19.66788],[-99.176615,19.667894],[-99.176622,19.667908],[-99.17663,19.667922],[-99.176638,19.667935],[-99.176643,19.66794],[-99.176648,19.667947],[-99.176652,19.667952],[-99.176658,19.667958],[-99.176659,19.667959],[-99.176665,19.667965],[-99.17667,19.66797],[-99.176683,19.667981],[-99.176695,19.66799],[-99.176709,19.667999],[-99.176723,19.668007],[-99.176738,19.668014],[-99.176753,19.66802],[-99.176761,19.668022],[-99.176769,19.668025],[-99.176784,19.668029],[-99.1768,19.668032],[-99.176817,19.668033],[-99.176833,19.668034],[-99.176849,19.668034],[-99.17685,19.668034]]]}},{"type":"Feature","properties":{"LINEA PP":"A","LINEA  ACTUAL":"A","OTORGANTE":"GUADALUPE FLORES","PDF TITULO":"SI","ESTADO":"DISTRITO FEDERAL","MUNICIPIO":"DISTRITO FEDERAL","KM INI. FISICO":"2+525.60","KM FIN. FISICO":"2+637.60","KM INI. DOCUMENTAL":"2+525.60","KM FIN. DOCUMENTAL":"2+637.60","SUPERFICIE":"3268.5","ANCHO D.V. L.D.":"IRREGULAR","ANCHO D.V. L.I.":"IRREGULAR","DATOS REGISTRALES":"CONTRATO PRIVADO DE COMPRAVENTA DEL 21 DE SEPTIEMBRE DE 1882, INSCRITO RPP DE MEXICO EL 8 DE FEBRERO DE 1926, BAJO EL NÃ‚Â° 85, A FOJAS 88, LIBRO 3Ã‚Â° FC. DE LA PRIMERA SECCION,  C/P LTE 32.","nombre":"21"},"geometry":{"type":"Polygon","coordinates":[[[-99.156583,19.461733],[-99.156437,19.461398],[-99.156638,19.46126],[-99.157258,19.462082],[-99.156991,19.462268],[-99.156767,19.46183],[-99.156583,19.461733]]]}},{"type":"Feature","properties":{"LINEA PP":"A","LINEA  ACTUAL":"B","OTORGANTE":"COSME DAMIAN","PDF TITULO":"SI","ESTADO":"ESTADO DE MEXICO","MUNICIPIO":"CUAUTITLAN","KM INI. FISICO":"24+488.00","KM FIN. FISICO":"24+515.00","KM INI. DOCUMENTAL":"24+488.00","KM FIN. DOCUMENTAL":"24+515.00","SUPERFICIE":"718.2","ANCHO D.V. L.D.":"13.3","ANCHO D.V. L.I.":"13.3","DATOS REGISTRALES":"ESCRITURA PUBLICA DE COMPRAVENTA DEL 24 DE ENERO DE 1881, INSCRITA EN RPP DEL EDO. MEX. EL 31 DE AGOSTO 1883, SEGUN CONSTA DEL CERTIFICADO DE ESTA FECHA, C/P LTE 121.","OBSERVACIONES":"ACTUAL LINEA B","nombre":"76"},"geometry":{"type":"Polygon","coordinates":[[[-99.179473,19.640306],[-99.179464,19.640304],[-99.179238,19.640261],[-99.179289,19.640022],[-99.179289,19.640022],[-99.179524,19.640065],[-99.179524,19.640065],[-99.179473,19.640306]]]}},{"type":"Feature","properties":{"LINEA PP":"A","OTORGANTE":"JOSE MARIA HIDALGO","PDF TITULO":"SI","ESTADO":"ESTADO DE MEXICO","MUNICIPIO":"TULTITLAN","KM INI. FISICO":"24+326.70","KM FIN. FISICO":"24+373.00","KM INI. DOCUMENTAL":"24+326.70","KM FIN. DOCUMENTAL":"24+373.00","SUPERFICIE":"1185.28","ANCHO D.V. L.D.":"IRREGULAR","ANCHO D.V. L.I.":"IRREGULAR","DATOS REGISTRALES":"ESCRITURA PUBLICA DE COMPRAVENTA DEL 24 DE ENERO DE 1881, INSCRITA EN RPP DEL EDO. MEX. EL 31 DE AGOSTO 1883, SEGUN CONSTA DEL CERTIFICADO DE ESTA FECHA, C/P LTE 118.","OBSERVACIONES":"REPORTADO EN LA ENTREGA DEL 8 DE NOVIEMBRE DE 2024.","nombre":"73"},"geometry":{"type":"Polygon","coordinates":[[[-99.179588,19.638591],[-99.179826,19.638636],[-99.179831,19.638637],[-99.179741,19.639048],[-99.179498,19.639002],[-99.179588,19.638591]]]}},{"type":"Feature","properties":{"LINEA PP":"A","LINEA  ACTUAL":"B","OTORGANTE":"MARIA DE LA ENCARNACION","PDF TITULO":"SI","ESTADO":"ESTADO DE MEXICO","MUNICIPIO":"CUAUTITLAN","KM INI. FISICO":"24+249.70","KM FIN. FISICO":"24+326.70","KM INI. DOCUMENTAL":"24+249.70","KM FIN. DOCUMENTAL":"24+326.70","SUPERFICIE":"1886","ANCHO D.V. L.D.":"12.5","ANCHO D.V. L.I.":"12.5","DATOS REGISTRALES":"ESCRITURA PUBLICA DE COMPRAVENTA DEL 21 DE ENERO DE 1881, INSCRITA EN RPP DEL EDO. MEX. EL 31 DE AGOSTO 1883, SEGUN CONSTA DEL CERTIFICADO DE ESTA FECHA, C/P LTE 117.","OBSERVACIONES":"ACTUAL LINEA B","nombre":"72"},"geometry":{"type":"Polygon","coordinates":[[[-99.179824,19.638636],[-99.179588,19.638591],[-99.179737,19.637905],[-99.179963,19.637948],[-99.179824,19.638636]]]}},{"type":"Feature","properties":{"LINEA PP":"A","LINEA  ACTUAL":"B","OTORGANTE":"JULIO SANCHEZ","PDF TITULO":"SI","ESTADO":"ESTADO DE MEXICO","MUNICIPIO":"CUAUTITLAN","KM INI. FISICO":"23+875.00","KM FIN. FISICO":"24+030.00","KM INI. DOCUMENTAL":"23+873.00","KM FIN. DOCUMENTAL":"24+030.00","SUPERFICIE":"751.7","ANCHO D.V. L.D.":"IRREGULAR","DATOS REGISTRALES":"ESCRITURA PUBLICA DE COMPRAVENTA DEL 21 DE ENERO DE 1881, INSCRITA EN RPP DEL EDO. MEX. EL 31 DE AGOSTO 1883, SEGUN CONSTA DEL CERTIFICADO DE ESTA FECHA, C/P LTE 113.","OBSERVACIONES":"ACTUAL LINEA B","nombre":"68"},"geometry":{"type":"Polygon","coordinates":[[[-99.180362,19.635994],[-99.180155,19.635962],[-99.180451,19.634577],[-99.180552,19.634589],[-99.180553,19.634589],[-99.180312,19.635726],[-99.180415,19.635744],[-99.180415,19.635744],[-99.180362,19.635994]]]}},{"type":"Feature","properties":{"LINEA PP":"A","LINEA  ACTUAL":"B","OTORGANTE":"PASCUAL CRESCENCIO","PDF TITULO":"SI","ESTADO":"ESTADO DE MEXICO","MUNICIPIO":"CUAUTITLAN","KM INI. FISICO":"23+875.00","KM FIN. FISICO":"24+030.00","KM INI. DOCUMENTAL":"23+873.20","KM FIN. DOCUMENTAL":"24+030.00","SUPERFICIE":"2957.92","ANCHO D.V. L.D.":"IRREGULAR","ANCHO D.V. L.I.":"IRREGULAR","DATOS REGISTRALES":"ESCRITURA PUBLICA DE COMPRAVENTA DEL 20 DE ENERO DE 1881, INSCRITA EN RPP DEL EDO. MEX. EL 31 DE AGOSTO 1883, SEGUN CONSTA DEL CERTIFICADO DE ESTA FECHA, C/P LTE 112.","OBSERVACIONES":"ACTUAL LINEA B","nombre":"67"},"geometry":{"type":"Polygon","coordinates":[[[-99.180415,19.635744],[-99.180415,19.635744],[-99.180312,19.635726],[-99.180312,19.635726],[-99.180312,19.635726],[-99.180471,19.634973],[-99.180553,19.634589],[-99.180553,19.634589],[-99.180698,19.634607],[-99.180415,19.635744]]]}},{"type":"Feature","properties":{"LINEA PP":"A","LINEA  ACTUAL":"A","OTORGANTE":"SANTOS CALZADA","PDF TITULO":"SI","ESTADO":"ESTADO DE MEXICO","MUNICIPIO":"CUAUTITLAN","KM INI. FISICO":"21+990.00","KM FIN. FISICO":"22+050.00","KM INI. DOCUMENTAL":"21+978.70","KM FIN. DOCUMENTAL":"22+037.20","SUPERFICIE":"1345.3","ANCHO D.V. L.D.":"11.5","ANCHO D.V. L.I.":"11.5","DATOS REGISTRALES":"CONTRATO PRIVADO DE COMPRAVENTA DEL 10 DE ENERO DE 1881, INSCRITA EN RPP DEL EDO. MEX. EL 31 DE AGOSTO 1883, SEGUN CONSTA DEL CERTIFICADO DE ESTA FECHA, C/P LTE 109.","nombre":"64"},"geometry":{"type":"Polygon","coordinates":[[[-99.184067,19.617913],[-99.184068,19.617913],[-99.184158,19.617932],[-99.184159,19.617932],[-99.18405,19.618449],[-99.18405,19.618447],[-99.183854,19.618412],[-99.183953,19.617888],[-99.183953,19.617888],[-99.184067,19.617912],[-99.184067,19.617913]]]}},{"type":"Feature","properties":{"LINEA PP":"A","LINEA  ACTUAL":"A","OTORGANTE":"JUANA FLORES DE CALZADA","PDF TITULO":"SI","ESTADO":"ESTADO DE MEXICO","MUNICIPIO":"CUAUTITLAN","KM INI. FISICO":"21+925.00","KM FIN. FISICO":"21+990.00","KM INI. DOCUMENTAL":"21+914.20","KM FIN. DOCUMENTAL":"21+978.70","SUPERFICIE":"1504.15","ANCHO D.V. L.D.":"12.5","ANCHO D.V. L.I.":"11","DATOS REGISTRALES":"CONTRATO PRIVADO DE COMPRAVENTA DEL 10 DE ENERO DE 1881, INSCRITA EN RPP DEL EDO. MEX. EL 31 DE AGOSTO 1883, SEGUN CONSTA DEL CERTIFICADO DE ESTA FECHA, C/P LTE 108.","nombre":"63"},"geometry":{"type":"Polygon","coordinates":[[[-99.184158,19.617932],[-99.184158,19.617932],[-99.184067,19.617913],[-99.184067,19.617912],[-99.184066,19.617912],[-99.183953,19.617888],[-99.183952,19.617888],[-99.184073,19.617321],[-99.18408,19.617322],[-99.18408,19.617322],[-99.18428,19.617356],[-99.184158,19.617932]]]}},{"type":"Feature","properties":{"LINEA PP":"A","LINEA  ACTUAL":"A","OTORGANTE":"MIGUEL FIGUEROA","PDF TITULO":"SI","ESTADO":"ESTADO DE MEXICO","MUNICIPIO":"CUAUTITLAN","KM INI. FISICO":"21+565.00","KM FIN. FISICO":"21+670.00","KM INI. DOCUMENTAL":"21+566.50","KM FIN. DOCUMENTAL":"21+672.0","SUPERFICIE":"2143.55","ANCHO D.V. L.D.":"10.25","ANCHO D.V. L.I.":"10.25","DATOS REGISTRALES":"ESCRITURA PUBLICA DE COMPRAVENTA DEL 10 DE ENERO DE 1881, INSCRITA EN RPP DEL EDO. MEX. EL 31 DE AGOSTO 1883, SEGUN CONSTA DEL CERTIFICADO DE ESTA FECHA, C/P LTE 103.","nombre":"59"},"geometry":{"type":"Polygon","coordinates":[[[-99.184848,19.614184],[-99.184952,19.614204],[-99.184761,19.615137],[-99.184553,19.615103],[-99.184553,19.615103],[-99.184745,19.614164],[-99.184848,19.614184]]]}},{"type":"Feature","properties":{"LINEA PP":"A","LINEA  ACTUAL":"A","OTORGANTE":"JESUS SANCHEZ","PDF TITULO":"SI","ESTADO":"ESTADO DE MEXICO","MUNICIPIO":"CUAUTITLAN","KM INI. FISICO":"21+495.00","KM FIN. FISICO":"21+565.00","KM INI. DOCUMENTAL":"21+494.50","KM FIN. DOCUMENTAL":"21+566.50","SUPERFICIE":"1529.87","ANCHO D.V. L.D.":"10.62","ANCHO D.V. L.I.":"10.62","DATOS REGISTRALES":"ESCRITURA PUBLICA DE COMPRAVENTA DEL 10 DE ENERO DE 1881, INSCRITA EN RPP DEL EDO. MEX. EL 31 DE AGOSTO 1883, SEGUN CONSTA DEL CERTIFICADO DE ESTA FECHA, C/P LTE 102.","nombre":"58"},"geometry":{"type":"Polygon","coordinates":[[[-99.184952,19.614204],[-99.184848,19.614184],[-99.184745,19.614164],[-99.184881,19.613527],[-99.185091,19.613544],[-99.184952,19.614204]]]}},{"type":"Feature","properties":{"LINEA PP":"A","LINEA  ACTUAL":"A","OTORGANTE":"BENITA CALZADA","PDF TITULO":"SI","ESTADO":"ESTADO DE MEXICO","MUNICIPIO":"TULTITLAN","KM INI. FISICO":"21+783.90","KM FIN. FISICO":"21+854.60","KM INI. DOCUMENTAL":"21+783.90","KM FIN. DOCUMENTAL":"21+854.60","SUPERFICIE":"1640.24","ANCHO D.V. L.D.":"IRREGULAR","ANCHO D.V. L.I.":"IRREGULAR","DATOS REGISTRALES":"ESCRITURA PUBLICA DE COMPRAVENTA DEL 10 DE ENERO DE 1881, INSCRITA EN RPP DEL EDO. MEX. EL 31 DE AGOSTO 1883, SEGUN CONSTA DEL CERTIFICADO DE ESTA FECHA, C/P LTE 106.","OBSERVACIONES":"REPORTADO EN LA ENTREGA DEL 8 DE NOVIEMBRE DE 2024.","nombre":"61"},"geometry":{"type":"Polygon","coordinates":[[[-99.184391,19.616829],[-99.184189,19.616793],[-99.184184,19.616792],[-99.184317,19.616166],[-99.184531,19.616175],[-99.184391,19.616829]]]}},{"type":"Feature","properties":{"LINEA PP":"A","LINEA  ACTUAL":"B","OTORGANTE":"AYUNTAMIENTO DE TULTITLAN","PDF TITULO":"SI","ESTADO":"ESTADO DE MEXICO","MUNICIPIO":"CUAUTITLAN","KM INI. FISICO":"22+390.00","KM FIN. FISICO":"23+875.00","KM INI. DOCUMENTAL":"23+371.70","KM FIN. DOCUMENTAL":"23+873.20","SUPERFICIE":"33783.75","ANCHO D.V. L.D.":"11.25","ANCHO D.V. L.I.":"11.25","DATOS REGISTRALES":"ESCRITURA PUBLICA DE COMPRAVENTA DEL 18 DE FEBRERO DE 1881, INSCRITA EN RPP DEL EDO. MEX. EL 31 DE AGOSTO 1883, SEGUN CONSTA DEL CERTIFICADO DE ESTA FECHA, C/P LTE 111.","OBSERVACIONES":"ACTUAL LINEA B","nombre":"66"},"geometry":{"type":"Polygon","coordinates":[[[-99.183426,19.621415],[-99.183169,19.622654],[-99.182872,19.624043],[-99.182657,19.625056],[-99.182507,19.625798],[-99.18233,19.626614],[-99.182128,19.627573],[-99.182044,19.627974],[-99.181812,19.629058],[-99.181608,19.630028],[-99.180647,19.634602],[-99.180451,19.634577],[-99.181189,19.631077],[-99.181416,19.630027],[-99.181633,19.628995],[-99.182311,19.625791],[-99.182468,19.625032],[-99.182683,19.62401],[-99.18277,19.623588],[-99.183201,19.621371],[-99.183426,19.621415]]]}},{"type":"Feature","properties":{"LINEA PP":"A","LINEA  ACTUAL":"B","OTORGANTE":"HERCULANO MARTINEZ","PDF TITULO":"SI","ESTADO":"ESTADO DE MEXICO","MUNICIPIO":"CUAUTITLAN","KM INI. FISICO":"39+844.8","KM FIN. FISICO":"40+077.8","KM INI. DOCUMENTAL":"39+844.8","KM FIN. DOCUMENTAL":"40+077.8","SUPERFICIE":"5592","ANCHO D.V. L.D.":"IRREGULAR","ANCHO D.V. L.I.":"IRREGULAR","DATOS REGISTRALES":"ESCRITURA PUBLICA DE COMPRAVENTA DEL 10 DE FEBRERO DE 1881, INSCRITA EN RPP DEL EDO. MEX. EL 31 DE AGOSTO 1883, SEGUN CONSTA DEL CERTIFICADO DE ESTA FECHA.","OBSERVACIONES":"ACTUALMENTE LINEA B, ACTUALMENTE PERTENECE AL MUNICIPO DE TEOLOYUCAN","nombre":"204"},"geometry":{"type":"Polygon","coordinates":[[[-99.185163,19.779845],[-99.185065,19.77991],[-99.184986,19.779983],[-99.184376,19.777876],[-99.184636,19.777835],[-99.185163,19.779845]]]}},{"type":"Feature","properties":{"LINEA PP":"A","LINEA  ACTUAL":"B","OTORGANTE":"PRUDENCIO VILLAMIL","PDF TITULO":"SI","ESTADO":"ESTADO DE MEXICO","MUNICIPIO":"CUAUTITLAN","KM INI. FISICO":"39+719.7","KM FIN. FISICO":"39+796.2","KM INI. DOCUMENTAL":"39+719.7","KM FIN. DOCUMENTAL":"39+796.2","SUPERFICIE":"2142","ANCHO D.V. L.D.":"14","ANCHO D.V. L.I.":"14","DATOS REGISTRALES":"ESCRITURA PUBLICA DE COMPRAVENTA DEL 9 DE FEBRERO DE 1881, INSCRITA EN RPP DEL EDO. MEX. EL 31 DE AGOSTO 1883, SEGUN CONSTA DEL CERTIFICADO DE ESTA FECHA.","OBSERVACIONES":"ACTUALMENTE LINEA B, ACTUALMENTE PERTENECE AL MUNICIPO DE TEOLOYUCAN","nombre":"202"},"geometry":{"type":"Polygon","coordinates":[[[-99.18408,19.776781],[-99.184353,19.77677],[-99.184534,19.777439],[-99.184261,19.777451],[-99.18408,19.776781]]]}},{"type":"Feature","properties":{"LINEA PP":"A","LINEA  ACTUAL":"B","OTORGANTE":"REMIGIO TORRES","PDF TITULO":"SI","ESTADO":"ESTADO DE MEXICO","MUNICIPIO":"CUAUTITLAN","KM INI. FISICO":"39+502.7","KM FIN. FISICO":"39+552.7","KM INI. DOCUMENTAL":"39+502.7","KM FIN. DOCUMENTAL":"39+552.7","SUPERFICIE":"1167.5","ANCHO D.V. L.D.":"IRREGULAR","ANCHO D.V. L.I.":"IRREGULAR","DATOS REGISTRALES":"ESCRITURA PUBLICA DE COMPRAVENTA DEL 9 DE FEBRERO DE 1881, INSCRITA EN RPP DEL EDO. MEX. EL 31 DE AGOSTO 1883, SEGUN CONSTA DEL CERTIFICADO DE ESTA FECHA.","OBSERVACIONES":"ACTUALMENTE LINEA B, ACTUALMENTE PERTENECE AL MUNICIPO DE TEOLOYUCAN","nombre":"200"},"geometry":{"type":"Polygon","coordinates":[[[-99.183701,19.775318],[-99.183601,19.77488],[-99.183812,19.774871],[-99.183944,19.775308],[-99.183701,19.775318]]]}},{"type":"Feature","properties":{"LINEA PP":"A","LINEA  ACTUAL":"B","OTORGANTE":"JUAN DE LA CRUZ","PDF TITULO":"SI","ESTADO":"ESTADO DE MEXICO","MUNICIPIO":"CUAUTITLAN","KM INI. FISICO":"39+431.5","KM FIN. FISICO":"39+502.7","KM INI. DOCUMENTAL":"39+431.5","KM FIN. DOCUMENTAL":"39+502.7","SUPERFICIE":"1555.72","ANCHO D.V. L.D.":"11","ANCHO D.V. L.I.":"11","DATOS REGISTRALES":"ESCRITURA PUBLICA DE COMPRAVENTA DEL 9 DE FEBRERO DE 1881, INSCRITA EN RPP DEL EDO. MEX. EL 31 DE AGOSTO 1883, SEGUN CONSTA DEL CERTIFICADO DE ESTA FECHA.","OBSERVACIONES":"ACTUALMENTE LINEA B, ACTUALMENTE PERTENECE AL MUNICIPO DE TEOLOYUCAN\n10 Y 10","nombre":"199"},"geometry":{"type":"Polygon","coordinates":[[[-99.18343,19.774256],[-99.183644,19.774247],[-99.183812,19.774871],[-99.183601,19.77488],[-99.18343,19.774256]]]}},{"type":"Feature","properties":{"LINEA PP":"A","LINEA  ACTUAL":"B","OTORGANTE":"FELICIANO TORRES","PDF TITULO":"SI","ESTADO":"ESTADO DE MEXICO","MUNICIPIO":"CUAUTITLAN","KM INI. FISICO":"39+240.5","KM FIN. FISICO":"39+431.5","KM INI. DOCUMENTAL":"39+240.5","KM FIN. DOCUMENTAL":"39+431.5","SUPERFICIE":"4011","ANCHO D.V. L.D.":"11","ANCHO D.V. L.I.":"11","DATOS REGISTRALES":"ESCRITURA PUBLICA DE COMPRAVENTA DEL 9 DE FEBRERO DE 1881, INSCRITA EN RPP DEL EDO. MEX. EL 31 DE AGOSTO 1883, SEGUN CONSTA DEL CERTIFICADO DE ESTA FECHA","OBSERVACIONES":"ACTUALMENTE LINEA B, ACTUALMENTE PERTENECE AL MUNICIPO DE TEOLOYUCAN\n10 Y 10","nombre":"198"},"geometry":{"type":"Polygon","coordinates":[[[-99.182989,19.772583],[-99.183184,19.772575],[-99.183644,19.774247],[-99.18343,19.774256],[-99.182989,19.772583]]]}},{"type":"Feature","properties":{"LINEA PP":"A","LINEA  ACTUAL":"B","OTORGANTE":"CRESCENCIO ORTEGA","PDF TITULO":"SI","ESTADO":"ESTADO DE MEXICO","MUNICIPIO":"CUAUTITLAN","KM INI. FISICO":"39+043.50","KM FIN. FISICO":"39+240.5","KM INI. DOCUMENTAL":"39+043.5","KM FIN. DOCUMENTAL":"39+240.5","SUPERFICIE":"3940","ANCHO D.V. L.D.":"10","ANCHO D.V. L.I.":"10","DATOS REGISTRALES":"ESCRITURA PUBLICA DE COMPRAVENTA DEL 9 DE FEBRERO DE 1881, INSCRITA EN RPP DEL EDO. MEX. EL 31 DE AGOSTO 1883, SEGUN CONSTA DEL CERTIFICADO DE ESTA FECHA.","OBSERVACIONES":"ACTUALMENTE LINEA B, ACTUALMENTE PERTENECE AL MUNICIPO DE TEOLOYUCAN","nombre":"197"},"geometry":{"type":"Polygon","coordinates":[[[-99.182524,19.770858],[-99.182719,19.77085],[-99.183184,19.772575],[-99.182989,19.772583],[-99.182524,19.770858]]]}},{"type":"Feature","properties":{"LINEA PP":"A","LINEA  ACTUAL":"B","OTORGANTE":"NEMESIO CASAS","PDF TITULO":"SI","ESTADO":"ESTADO DE MEXICO","MUNICIPIO":"CUAUTITLAN","KM INI. FISICO":"38+729","KM FIN. FISICO":"39+043.50","KM INI. DOCUMENTAL":"38+729","KM FIN. DOCUMENTAL":"39+043.5","SUPERFICIE":"6290","ANCHO D.V. L.D.":"10","ANCHO D.V. L.I.":"10","DATOS REGISTRALES":"ESCRITURA PUBLICA DE COMPRAVENTA DEL 9 DE FEBRERO DE 1881, INSCRITA EN RPP DEL EDO. MEX. EL 31 DE AGOSTO 1883, SEGUN CONSTA DEL CERTIFICADO DE ESTA FECHA.","OBSERVACIONES":"ACTUALMENTE LINEA B","nombre":"196"},"geometry":{"type":"Polygon","coordinates":[[[-99.181782,19.768104],[-99.181977,19.768096],[-99.182719,19.77085],[-99.182524,19.770858],[-99.181782,19.768104]]]}},{"type":"Feature","properties":{"LINEA PP":"A","LINEA  ACTUAL":"B","OTORGANTE":"JOSE MIGUEL","PDF TITULO":"SI","ESTADO":"ESTADO DE MEXICO","MUNICIPIO":"CUAUTITLAN","KM INI. FISICO":"38+444.20","KM FIN. FISICO":"38+480.20","KM INI. DOCUMENTAL":"38+444.20","KM FIN. DOCUMENTAL":"38+480.20","SUPERFICIE":"720","ANCHO D.V. L.D.":"10","ANCHO D.V. L.I.":"10","DATOS REGISTRALES":"ESCRITURA PUBLICA DE COMPRAVENTA DEL 16 DE MARZO DE 1881, INSCRITA EN RPP DEL EDO. MEX. EL 31 DE AGOSTO 1883, SEGUN CONSTA DEL CERTIFICADO DE ESTA FECHA","OBSERVACIONES":"ACTUALMENTE LINEA B   \n10 Y 10","nombre":"193"},"geometry":{"type":"Polygon","coordinates":[[[-99.181083,19.765502],[-99.181283,19.765516],[-99.181368,19.765831],[-99.181168,19.765817],[-99.181083,19.765502]]]}},{"type":"Feature","properties":{"LINEA PP":"A","LINEA  ACTUAL":"B","OTORGANTE":"JOSE ANTONIO","PDF TITULO":"SI","ESTADO":"ESTADO DE MEXICO","MUNICIPIO":"CUAUTITLAN","KM INI. FISICO":"38+427","KM FIN. FISICO":"38+444.20","KM INI. DOCUMENTAL":"38+427.00","KM FIN. DOCUMENTAL":"38+444.20","SUPERFICIE":"344","ANCHO D.V. L.D.":"10","ANCHO D.V. L.I.":"10","DATOS REGISTRALES":"ESCRITURA PUBLICA DE COMPRAVENTA DEL 16 DE MARZO DE 1881, INSCRITA EN RPP DEL EDO. MEX. EL 31 DE AGOSTO 1883, SEGUN CONSTA DEL CERTIFICADO DE ESTA FECHA","OBSERVACIONES":"ACTUALMENTE LINEA B   \n10 Y 10","nombre":"192"},"geometry":{"type":"Polygon","coordinates":[[[-99.181042,19.765352],[-99.181243,19.765365],[-99.181283,19.765516],[-99.181083,19.765502],[-99.181042,19.765352]]]}},{"type":"Feature","properties":{"LINEA PP":"A","LINEA  ACTUAL":"B","OTORGANTE":"JULIO VARGAS","PDF TITULO":"SI","ESTADO":"ESTADO DE MEXICO","MUNICIPIO":"CUAUTITLAN","KM INI. FISICO":"38+406.30","KM FIN. FISICO":"38+427","KM INI. DOCUMENTAL":"38+406.30","KM FIN. DOCUMENTAL":"38+427.00","SUPERFICIE":"414","ANCHO D.V. L.D.":"10","ANCHO D.V. L.I.":"10","DATOS REGISTRALES":"ESCRITURA PUBLICA DE COMPRAVENTA DEL 16 DE MARZO DE 1881, INSCRITA EN RPP DEL EDO. MEX. EL 31 DE AGOSTO 1883, SEGUN CONSTA DEL CERTIFICADO DE ESTA FECHA.","OBSERVACIONES":"ACTUALMENTE LINEA B   \n10 Y 10","nombre":"191"},"geometry":{"type":"Polygon","coordinates":[[[-99.180993,19.76517],[-99.181194,19.765184],[-99.181243,19.765365],[-99.181042,19.765352],[-99.180993,19.76517]]]}},{"type":"Feature","properties":{"LINEA PP":"A","LINEA  ACTUAL":"B","OTORGANTE":"GUADALUPE MEDINA","PDF TITULO":"SI","ESTADO":"ESTADO DE MEXICO","MUNICIPIO":"CUAUTITLAN","KM INI. FISICO":"38+088.60","KM FIN. FISICO":"38+262.60","KM INI. DOCUMENTAL":"30+088.60","KM FIN. DOCUMENTAL":"38+262.60","SUPERFICIE":"3480","ANCHO D.V. L.D.":"10","ANCHO D.V. L.I.":"10","DATOS REGISTRALES":"ESCRITURA PUBLICA DE COMPRAVENTA DEL 16 DE MARZO DE 1881, INSCRITA EN RPP DEL EDO. MEX. EL 31 DE AGOSTO 1883, SEGUN CONSTA DEL CERTIFICADO DE ESTA FECHA.","OBSERVACIONES":"ACTUALMENTE LINEA B   \n10 Y 10","nombre":"189"},"geometry":{"type":"Polygon","coordinates":[[[-99.180241,19.762389],[-99.180441,19.762403],[-99.180854,19.763926],[-99.180653,19.763912],[-99.180241,19.762389]]]}},{"type":"Feature","properties":{"LINEA PP":"A","OTORGANTE":"GERONIMO MANCILLA","PDF TITULO":"SI","ESTADO":"ESTADO DE MEXICO","MUNICIPIO":"TEOLOYUCA","KM INI. FISICO":"38+026.10","KM FIN. FISICO":"38+088.60","KM INI. DOCUMENTAL":"38+026.10","KM FIN. DOCUMENTAL":"38+088.60","SUPERFICIE":"1250","ANCHO D.V. L.D.":"10","ANCHO D.V. L.I.":"10","DATOS REGISTRALES":"ESCRITURA PUBLICA DE COMPRAVENTA NO 185, DE 16 DE MARZO DE 1881, OTORGADA ANTE LA FE DEL NOTARIO PUBLICO DEL DISTRITO DE TLALNEPANTLA, INSCRITA SEGUN COSTA DEL CERTIFICADO EXPEDIDO EN FECHA 31 DE AGOSTO DE 1883.","OBSERVACIONES":"REPORTADO EN LA ENTREGA DEL 15 DE NOVIEMBRE DE 2024.","nombre":"188"},"geometry":{"type":"Polygon","coordinates":[[[-99.180241,19.762389],[-99.180092,19.761842],[-99.180293,19.761856],[-99.180441,19.762403],[-99.180241,19.762389]]]}},{"type":"Feature","properties":{"LINEA PP":"A","LINEA  ACTUAL":"B","OTORGANTE":"MARIA MARGARITA","PDF TITULO":"SI","ESTADO":"ESTADO DE MEXICO","MUNICIPIO":"CUAUTITLAN","KM INI. FISICO":"37+971.70","KM FIN. FISICO":"38+026.10","KM INI. DOCUMENTAL":"37+371.70","KM FIN. DOCUMENTAL":"38+026.10","SUPERFICIE":"1088","ANCHO D.V. L.D.":"10","ANCHO D.V. L.I.":"10","DATOS REGISTRALES":"ESCRITURA PUBLICA DE COMPRAVENTA DEL 16 DE MARZO DE 1881, INSCRITA EN RPP DEL EDO. MEX. EL 31 DE AGOSTO 1883, SEGUN CONSTA DEL CERTIFICADO DE ESTA FECHA.","OBSERVACIONES":"ACTUALMENTE LINEA B   \n10 Y 10","nombre":"187"},"geometry":{"type":"Polygon","coordinates":[[[-99.179963,19.761366],[-99.180164,19.761379],[-99.180293,19.761856],[-99.180092,19.761842],[-99.179963,19.761366]]]}},{"type":"Feature","properties":{"LINEA PP":"A","LINEA  ACTUAL":"B","OTORGANTE":"SEBASTIAN ANTONIO","PDF TITULO":"SI","ESTADO":"ESTADO DE MEXICO","MUNICIPIO":"CUAUTITLAN","KM INI. FISICO":"37+912.50","KM FIN. FISICO":"37+971.70","KM INI. DOCUMENTAL":"37+912.50","KM FIN. DOCUMENTAL":"37+971.70","SUPERFICIE":"1184","ANCHO D.V. L.D.":"10","ANCHO D.V. L.I.":"10","DATOS REGISTRALES":"ESCRITURA PUBLICA DE COMPRAVENTA DEL 16 DE MARZO DE 1881, INSCRITA EN RPP DEL EDO. MEX. EL 31 DE AGOSTO 1883, SEGUN CONSTA DEL CERTIFICADO DE ESTA FECHA.","OBSERVACIONES":"ACTUALMENTE LINEA B  \n10 Y 10","nombre":"186"},"geometry":{"type":"Polygon","coordinates":[[[-99.179823,19.760848],[-99.180024,19.760861],[-99.180164,19.761379],[-99.179963,19.761366],[-99.179823,19.760848]]]}},{"type":"Feature","properties":{"LINEA PP":"A","LINEA  ACTUAL":"B","OTORGANTE":"VICTORIANO CRUZ","PDF TITULO":"SI","ESTADO":"ESTADO DE MEXICO","MUNICIPIO":"CUAUTITLAN","KM INI. FISICO":"37+751.00","KM FIN. FISICO":"37+793.50","KM INI. DOCUMENTAL":"37+751.10","KM FIN. DOCUMENTAL":"37+793.50","SUPERFICIE":"850","ANCHO D.V. L.D.":"10","ANCHO D.V. L.I.":"10","DATOS REGISTRALES":"ESCRITURA PUBLICA DE COMPRAVENTA DEL 16 DE MARZO DE 1881, INSCRITA EN RPP DEL EDO. MEX. EL 31 DE AGOSTO 1883, SEGUN CONSTA DEL CERTIFICADO DE ESTA FECHA.","OBSERVACIONES":"ACTUALMENTE LINEA B   \n10 Y 10","nombre":"185"},"geometry":{"type":"Polygon","coordinates":[[[-99.17944,19.759434],[-99.179641,19.759447],[-99.179741,19.759819],[-99.179541,19.759806],[-99.17944,19.759434],[-99.17944,19.759434]]]}},{"type":"Feature","properties":{"LINEA PP":"A","LINEA  ACTUAL":"B","OTORGANTE":"SILVESTRE MOLINA","PDF TITULO":"SI","ESTADO":"ESTADO DE MEXICO","MUNICIPIO":"CUAUTITLAN","KM INI. FISICO":"37+745.00","KM FIN. FISICO":"37+751.00","KM INI. DOCUMENTAL":"37+735.00","KM FIN. DOCUMENTAL":"37+751.00","SUPERFICIE":"39.6","ANCHO D.V. L.D.":"10","ANCHO D.V. L.I.":"10","DATOS REGISTRALES":"ESCRITURA PUBLICA DE COMPRAVENTA DEL 16 DE MARZO DE 1881, INSCRITA EN RPP DEL EDO. MEX. EL 31 DE AGOSTO 1883, SEGUN CONSTA DEL CERTIFICADO DE ESTA FECHA.","OBSERVACIONES":"ACTUALMENTE LINEA B   \n10 Y 10","nombre":"184"},"geometry":{"type":"Polygon","coordinates":[[[-99.179545,19.759382],[-99.179583,19.759228],[-99.179625,19.759381],[-99.179626,19.759387],[-99.179545,19.759382]]]}},{"type":"Feature","properties":{"LINEA PP":"A","LINEA  ACTUAL":"B","OTORGANTE":"SILVERIO MARTINEZ","PDF TITULO":"SI","ESTADO":"ESTADO DE MEXICO","MUNICIPIO":"CUAUTITLAN","KM INI. FISICO":"37+636","KM FIN. FISICO":"37+718.80","KM INI. DOCUMENTAL":"37+636","KM FIN. DOCUMENTAL":"37+718.8","SUPERFICIE":"1656","ANCHO D.V. L.D.":"10","ANCHO D.V. L.I.":"10","DATOS REGISTRALES":"ESCRITURA PUBLICA DE COMPRAVENTA DEL 15 DE MARZO DE 1881, INSCRITA EN  CUAUTITLAN EDO. MEX. EL 31 DE AGOSTO 1883, SEGUN CONSTA DEL CERTIFICADO DE ESTA FECHA.","OBSERVACIONES":"ACTUALMENTE LINEA B  \n20 M DE ANCHO SEGUN TITULO","nombre":"182"},"geometry":{"type":"Polygon","coordinates":[[[-99.179167,19.758419],[-99.179368,19.758433],[-99.179564,19.759158],[-99.179364,19.759144],[-99.179167,19.758419],[-99.179167,19.758419]]]}},{"type":"Feature","properties":{"LINEA PP":"A","LINEA  ACTUAL":"B","OTORGANTE":"JOSE GERONIMO","PDF TITULO":"SI","ESTADO":"ESTADO DE MEXICO","MUNICIPIO":"CUAUTITLAN","KM INI. FISICO":"37+607","KM FIN. FISICO":"37+636","KM INI. DOCUMENTAL":"37+607","KM FIN. DOCUMENTAL":"37+636","SUPERFICIE":"580","ANCHO D.V. L.D.":"10","ANCHO D.V. L.I.":"10","DATOS REGISTRALES":"ESCRITURA PUBLICA DE COMPRAVENTA DEL 15 DE MARZO DE 1881, INSCRITA EN  CUAUTITLAN EDO. MEX. EL 31 DE AGOSTO 1883, SEGUN CONSTA DEL CERTIFICADO DE ESTA FECHA.","OBSERVACIONES":"ACTUALMENTE LINEA B  \n20 M DE ANCHO SEGUN TITULO","nombre":"181"},"geometry":{"type":"Polygon","coordinates":[[[-99.179098,19.758165],[-99.179299,19.758179],[-99.179368,19.758433],[-99.179167,19.758419],[-99.179114,19.758224],[-99.179106,19.758195],[-99.179098,19.758166],[-99.179098,19.758165]]]}},{"type":"Feature","properties":{"LINEA PP":"A","LINEA  ACTUAL":"B","OTORGANTE":"MARIA EVARISTA VALLE","PDF TITULO":"SI","ESTADO":"ESTADO DE MEXICO","MUNICIPIO":"CUAUTITLAN","KM INI. FISICO":"37+424.50","KM FIN. FISICO":"37+577.30","KM INI. DOCUMENTAL":"37+424.5","KM FIN. DOCUMENTAL":"37+577.3","SUPERFICIE":"3056","ANCHO D.V. L.D.":"10","ANCHO D.V. L.I.":"10","DATOS REGISTRALES":"ESCRITURA PUBLICA DE COMPRAVENTA DEL 15 DE MARZO DE 1881, INSCRITA EN  CUAUTITLAN EDO. MEX. EL 31 DE AGOSTO 1883, SEGUN CONSTA DEL CERTIFICADO DE ESTA FECHA.","OBSERVACIONES":"ACTUALMENTE LINEA B  \n20 M DE ANCHO SEGUN TITULO","nombre":"180"},"geometry":{"type":"Polygon","coordinates":[[[-99.178666,19.756568],[-99.178866,19.756582],[-99.179229,19.757919],[-99.179028,19.757906],[-99.178666,19.756568],[-99.178666,19.756568]]]}},{"type":"Feature","properties":{"LINEA PP":"A","LINEA  ACTUAL":"B","OTORGANTE":"JOSE MARIA VIRUETA","PDF TITULO":"SI","ESTADO":"ESTADO DE MEXICO","MUNICIPIO":"CUAUTITLAN","KM INI. FISICO":"37+230.10","KM FIN. FISICO":"37+424.50","KM INI. DOCUMENTAL":"37+230.1","KM FIN. DOCUMENTAL":"37+424.5","SUPERFICIE":"3888","ANCHO D.V. L.D.":"10","ANCHO D.V. L.I.":"10","DATOS REGISTRALES":"ESCRITURA PUBLICA DE COMPRAVENTA DEL 15 DE MARZO DE 1881, INSCRITA EN  CUAUTITLAN EDO. MEX. EL 31 DE AGOSTO 1883, SEGUN CONSTA DEL CERTIFICADO DE ESTA FECHA.","OBSERVACIONES":"ACTUALMENTE LINEA B \n20 M DE ANCHO SEGUN TITULO","nombre":"179"},"geometry":{"type":"Polygon","coordinates":[[[-99.178205,19.754866],[-99.178405,19.75488],[-99.178866,19.756582],[-99.178666,19.756568],[-99.178205,19.754866],[-99.178205,19.754866]]]}},{"type":"Feature","properties":{"LINEA PP":"A","LINEA  ACTUAL":"B","OTORGANTE":"MARIA ANDREA","PDF TITULO":"SI","ESTADO":"ESTADO DE MEXICO","MUNICIPIO":"CUAUTITLAN","KM INI. FISICO":"37+178.10","KM FIN. FISICO":"37+226.10","KM INI. DOCUMENTAL":"37+178.1","KM FIN. DOCUMENTAL":"37+226.1","SUPERFICIE":"960","ANCHO D.V. L.D.":"10","ANCHO D.V. L.I.":"10","DATOS REGISTRALES":"ESCRITURA PUBLICA DE COMPRAVENTA DEL 15 DE MARZO DE 1881, INSCRITA EN  CUAUTITLAN EDO. MEX. EL 31 DE AGOSTO 1883, SEGUN CONSTA DEL CERTIFICADO DE ESTA FECHA.","OBSERVACIONES":"ACTUALMENTE LINEA B \n20 M DE ANCHO SEGUN TITULO","nombre":"178"},"geometry":{"type":"Polygon","coordinates":[[[-99.178087,19.754432],[-99.178288,19.754446],[-99.178403,19.754871],[-99.178403,19.754871],[-99.178202,19.754858],[-99.178087,19.754432],[-99.178087,19.754432]]]}},{"type":"Feature","properties":{"LINEA PP":"A","LINEA  ACTUAL":"B","OTORGANTE":"MARIA YSIDRA","PDF TITULO":"SI","ESTADO":"ESTADO DE MEXICO","MUNICIPIO":"CUAUTITLAN","KM INI. FISICO":"37+103.00","KM FIN. FISICO":"37+138.10","KM INI. DOCUMENTAL":"37+103","KM FIN. DOCUMENTAL":"37+138.1","SUPERFICIE":"702","ANCHO D.V. L.D.":"10","ANCHO D.V. L.I.":"10","DATOS REGISTRALES":"ESCRITURA PUBLICA DE COMPRAVENTA DEL 15 DE MARZO DE 1881, INSCRITA EN  CUAUTITLAN EDO. MEX. EL 31 DE AGOSTO 1883, SEGUN CONSTA DEL CERTIFICADO DE ESTA FECHA.","OBSERVACIONES":"ACTUALMENTE LINEA B \n20 M DE ANCHO SEGUN TITULO","nombre":"177"},"geometry":{"type":"Polygon","coordinates":[[[-99.177909,19.753775],[-99.17811,19.753788],[-99.178193,19.754095],[-99.177992,19.754082],[-99.177909,19.753775],[-99.177909,19.753775]]]}},{"type":"Feature","properties":{"LINEA PP":"A","LINEA  ACTUAL":"B","OTORGANTE":"JUAN DE LA CRUZ","PDF TITULO":"SI","ESTADO":"ESTADO DE MEXICO","MUNICIPIO":"CUAUTITLAN","KM INI. FISICO":"37+078.80","KM FIN. FISICO":"37+103.00","KM INI. DOCUMENTAL":"37+078.8","KM FIN. DOCUMENTAL":"37+103","SUPERFICIE":"484","ANCHO D.V. L.D.":"10","ANCHO D.V. L.I.":"10","DATOS REGISTRALES":"ESCRITURA PUBLICA DE COMPRAVENTA DEL 15 DE MARZO DE 1881, INSCRITA EN  CUAUTITLAN EDO. MEX. EL 31 DE AGOSTO 1883, SEGUN CONSTA DEL CERTIFICADO DE ESTA FECHA.","OBSERVACIONES":"ACTUALMENTE LINEA B \n20 M DE ANCHO SEGUN TITULO","nombre":"176"},"geometry":{"type":"Polygon","coordinates":[[[-99.177851,19.753563],[-99.178052,19.753576],[-99.17811,19.753788],[-99.177909,19.753775],[-99.177851,19.753563],[-99.177851,19.753563]]]}},{"type":"Feature","properties":{"LINEA PP":"A","LINEA  ACTUAL":"B","OTORGANTE":"ENCARNACION GARRIDO","PDF TITULO":"SI","ESTADO":"ESTADO DE MEXICO","MUNICIPIO":"CUAUTITLAN","KM INI. FISICO":"37+054.30","KM FIN. FISICO":"37+078.80","KM INI. DOCUMENTAL":"37+054.3","KM FIN. DOCUMENTAL":"37+078.8","SUPERFICIE":"490","ANCHO D.V. L.D.":"10","ANCHO D.V. L.I.":"10","DATOS REGISTRALES":"ESCRITURA PUBLICA DE COMPRAVENTA DEL 15 DE MARZO DE 1881, INSCRITA EN  CUAUTITLAN EDO. MEX. EL 31 DE AGOSTO 1883, SEGUN CONSTA DEL CERTIFICADO DE ESTA FECHA.","OBSERVACIONES":"ACTUALMENTE LINEA B \n20 M DE ANCHO SEGUN TITULO","nombre":"175"},"geometry":{"type":"Polygon","coordinates":[[[-99.177793,19.753348],[-99.177994,19.753362],[-99.178052,19.753576],[-99.177851,19.753563],[-99.177793,19.753348],[-99.177793,19.753348]]]}},{"type":"Feature","properties":{"LINEA PP":"A","LINEA  ACTUAL":"B","OTORGANTE":"MARCIAL FLORES","PDF TITULO":"SI","ESTADO":"ESTADO DE MEXICO","MUNICIPIO":"CUAUTITLAN","KM INI. FISICO":"37+030.30","KM FIN. FISICO":"37+054.30","KM INI. DOCUMENTAL":"37+030.3","KM FIN. DOCUMENTAL":"37+054.3","SUPERFICIE":"480","ANCHO D.V. L.D.":"10","ANCHO D.V. L.I.":"10","DATOS REGISTRALES":"ESCRITURA PUBLICA DE COMPRAVENTA DEL 15 DE MARZO DE 1881, INSCRITA EN  CUAUTITLAN EDO. MEX. EL 31 DE AGOSTO 1883, SEGUN CONSTA DEL CERTIFICADO DE ESTA FECHA.","OBSERVACIONES":"ACTUALMENTE LINEA B \n 20 M DE ANCHO SEGUN TITULO","nombre":"174"},"geometry":{"type":"Polygon","coordinates":[[[-99.177736,19.753138],[-99.177937,19.753152],[-99.177994,19.753362],[-99.177793,19.753348],[-99.177736,19.753138],[-99.177736,19.753138]]]}},{"type":"Feature","properties":{"LINEA PP":"A","LINEA  ACTUAL":"B","OTORGANTE":"JOSE BARRON","PDF TITULO":"SI","ESTADO":"ESTADO DE MEXICO","MUNICIPIO":"CUAUTITLAN","KM INI. FISICO":"36+814.70","KM FIN. FISICO":"37+013.10","KM INI. DOCUMENTAL":"36+814.7","KM FIN. DOCUMENTAL":"37+013.1","SUPERFICIE":"3968","ANCHO D.V. L.D.":"10","ANCHO D.V. L.I.":"10","DATOS REGISTRALES":"ESCRITURA PUBLICA DE COMPRAVENTA DEL 15 DE MARZO DE 1881, INSCRITA EN  CUAUTITLAN EDO. MEX. EL 31 DE AGOSTO 1883, SEGUN CONSTA DEL CERTIFICADO DE ESTA FECHA.","OBSERVACIONES":"ACTUALMENTE LINEA B \n  20 M DE ANCHO SEGUN TITULO","nombre":"172"},"geometry":{"type":"Polygon","coordinates":[[[-99.177696,19.752988],[-99.17753,19.752377],[-99.177436,19.752028],[-99.177342,19.751677],[-99.177297,19.751501],[-99.17725,19.751308],[-99.177242,19.751278],[-99.177235,19.751249],[-99.177434,19.751263],[-99.177482,19.751456],[-99.177527,19.751631],[-99.17762,19.751982],[-99.177715,19.752332],[-99.177881,19.752943],[-99.177888,19.752972],[-99.177896,19.753001],[-99.177696,19.752988]]]}},{"type":"Feature","properties":{"LINEA PP":"A","LINEA  ACTUAL":"B","OTORGANTE":"VICENTE LEON","PDF TITULO":"SI","ESTADO":"ESTADO DE MEXICO","MUNICIPIO":"CUAUTITLAN","KM INI. FISICO":"36+649.90","KM FIN. FISICO":"36+814.70","KM INI. DOCUMENTAL":"36+649.9","KM FIN. DOCUMENTAL":"36+814.7","SUPERFICIE":"2490.69","ANCHO D.V. L.D.":"IRREGULAR","ANCHO D.V. L.I.":"IRREGULAR","DATOS REGISTRALES":"ESCRITURA PUBLICA DE COMPRAVENTA DEL 15 DE MARZO DE 1881, INSCRITA EN  CUAUTITLAN EDO. MEX. EL 31 DE AGOSTO 1883, SEGUN CONSTA DEL CERTIFICADO DE ESTA FECHA.","OBSERVACIONES":"ACTUALMENTE LINEA B \n17.63 M DE ANCHO SEGUN TITULO","nombre":"171"},"geometry":{"type":"Polygon","coordinates":[[[-99.177235,19.751249],[-99.176875,19.749782],[-99.176997,19.749785],[-99.177088,19.750485],[-99.177224,19.750483],[-99.177434,19.751263],[-99.177235,19.751249]]]}},{"type":"Feature","properties":{"LINEA PP":"A","LINEA  ACTUAL":"B","OTORGANTE":"RICARDO CRUZ","PDF TITULO":"SI","ESTADO":"ESTADO DE MEXICO","MUNICIPIO":"CUAUTITLAN","KM INI. FISICO":"36+641.00","KM FIN. FISICO":"36+649.90","KM INI. DOCUMENTAL":"36+641","KM FIN. DOCUMENTAL":"36+649.9","SUPERFICIE":"1022.2","ANCHO D.V. L.D.":"IRREGULAR","ANCHO D.V. L.I.":"IRREGULAR","DATOS REGISTRALES":"ESCRITURA PUBLICA DE COMPRAVENTA DEL 15 DE MARZO DE 1881, INSCRITA EN  CUAUTITLAN EDO. MEX. EL 31 DE AGOSTO 1883, SEGUN CONSTA DEL CERTIFICADO DE ESTA FECHA.","OBSERVACIONES":"ACTUALMENTE LINEA B \n23 M DE ANCHO SEGUN TITULO","nombre":"170"},"geometry":{"type":"Polygon","coordinates":[[[-99.176875,19.749782],[-99.176861,19.749691],[-99.177055,19.749715],[-99.177224,19.750483],[-99.177088,19.750485],[-99.176997,19.749785],[-99.176875,19.749782]]]}},{"type":"Feature","properties":{"LINEA PP":"A","LINEA  ACTUAL":"B","OTORGANTE":"CONCEPCION CRUZ","PDF TITULO":"SI","ESTADO":"ESTADO DE MEXICO","MUNICIPIO":"CUAUTITLAN","KM INI. FISICO":"36+567.70","KM FIN. FISICO":"36+641.00","KM INI. DOCUMENTAL":"36+567.7","KM FIN. DOCUMENTAL":"36+641","SUPERFICIE":"1502.64","ANCHO D.V. L.D.":"10.25","ANCHO D.V. L.I.":"10.25","DATOS REGISTRALES":"ESCRITURA PUBLICA DE COMPRAVENTA DEL 15 DE MARZO DE 1881, INSCRITA EN  CUAUTITLAN EDO. MEX. EL 31 DE AGOSTO 1883, SEGUN CONSTA DEL CERTIFICADO DE ESTA FECHA.","OBSERVACIONES":"ACTUALMENTE LINEA B \n20.50 M DE ANCHO SEGUN TITULO","nombre":"169"},"geometry":{"type":"Polygon","coordinates":[[[-99.176861,19.749691],[-99.17675,19.749007],[-99.176933,19.749057],[-99.177055,19.749715],[-99.176861,19.749691]]]}},{"type":"Feature","properties":{"LINEA PP":"A","LINEA  ACTUAL":"B","OTORGANTE":"FELICITAS SANCHEZ","PDF TITULO":"SI","ESTADO":"ESTADO DE MEXICO","MUNICIPIO":"CUAUTITLAN","KM INI. FISICO":"36+522.20","KM FIN. FISICO":"36+567.70","KM INI. DOCUMENTAL":"36+522.2","KM FIN. DOCUMENTAL":"36+567.7","SUPERFICIE":"932.74","ANCHO D.V. L.D.":"10.25","ANCHO D.V. L.I.":"10.25","DATOS REGISTRALES":"ESCRITURA PUBLICA DE COMPRAVENTA DEL 14 DE MARZO DE 1881, INSCRITA EN  CUAUTITLAN EDO. MEX. EL 31 DE AGOSTO 1883, SEGUN CONSTA DEL CERTIFICADO DE ESTA FECHA.","OBSERVACIONES":"ACTUALMENTE LINEA B \n20.50 M DE ANCHO SEGUN TITULO","nombre":"168"},"geometry":{"type":"Polygon","coordinates":[[[-99.17675,19.749007],[-99.176681,19.748585],[-99.176876,19.748636],[-99.176933,19.749057],[-99.17675,19.749007]]]}},{"type":"Feature","properties":{"LINEA PP":"A","LINEA  ACTUAL":"B","OTORGANTE":"FRANCISCO SUAREZ","PDF TITULO":"SI","ESTADO":"ESTADO DE MEXICO","MUNICIPIO":"CUAUTITLAN","KM INI. FISICO":"36+327.40","KM FIN. FISICO":"36+410.40","KM INI. DOCUMENTAL":"36+327.40","KM FIN. DOCUMENTAL":"36+410.40","SUPERFICIE":"1660","ANCHO D.V. L.D.":"10","ANCHO D.V. L.I.":"10","DATOS REGISTRALES":"ESCRITURA PUBLICA DE COMPRAVENTA DEL 14 DE MARZO DE 1881, INSCRITA EN RPP DEL EDO. MEX. EL 31 DE AGOSTO 1883, SEGUN CONSTA DEL CERTIFICADO DE ESTA FECHA.","OBSERVACIONES":"ACTUALMENTE LINEA B\n20 METROS DE ANCHO SEGUN TITULO DE PROPIEDAD","nombre":"166"},"geometry":{"type":"Polygon","coordinates":[[[-99.17662,19.747573],[-99.176593,19.746919],[-99.176778,19.746774],[-99.176779,19.746788],[-99.176813,19.747619],[-99.17662,19.747573]]]}},{"type":"Feature","properties":{"LINEA PP":"A","LINEA  ACTUAL":"B","OTORGANTE":"JOSE GUADALUPE SOLIS","PDF TITULO":"SI","ESTADO":"ESTADO DE MEXICO","MUNICIPIO":"CUAUTITLAN","KM INI. FISICO":"36+213.2","KM FIN. FISICO":"36+313.4","KM INI. DOCUMENTAL":"36+213.20","KM FIN. DOCUMENTAL":"36+313.40","SUPERFICIE":"2004","ANCHO D.V. L.D.":"10","ANCHO D.V. L.I.":"10","DATOS REGISTRALES":"ESCRITURA PUBLICA DE COMPRAVENTA DEL 14 DE MARZO DE 1881, INSCRITA EN RPP DEL EDO. MEX. EL 31 DE AGOSTO 1883, SEGUN CONSTA DEL CERTIFICADO DE ESTA FECHA.","OBSERVACIONES":"ACTUALMENTE LINEA B\n20 METROS DE ANCHO SEGUN TITULO DE PROPIEDAD","nombre":"165"},"geometry":{"type":"Polygon","coordinates":[[[-99.176552,19.745775],[-99.176746,19.745835],[-99.176778,19.746638],[-99.176593,19.746783],[-99.176554,19.745808],[-99.176552,19.745775]]]}},{"type":"Feature","properties":{"LINEA PP":"A","LINEA  ACTUAL":"B","OTORGANTE":"JOSE MARIA SANCHEZ","PDF TITULO":"SI","ESTADO":"ESTADO DE MEXICO","MUNICIPIO":"CUAUTITLAN","KM INI. FISICO":"36+167.0","KM FIN. FISICO":"36+213.2","KM INI. DOCUMENTAL":"36+167","KM FIN. DOCUMENTAL":"36+213.20","SUPERFICIE":"924","ANCHO D.V. L.D.":"10","ANCHO D.V. L.I.":"10","DATOS REGISTRALES":"ESCRITURA PUBLICA DE COMPRAVENTA DEL 14 DE MARZO DE 1881, INSCRITA EN RPP DEL EDO. MEX. EL 31 DE AGOSTO 1883, SEGUN CONSTA DEL CERTIFICADO DE ESTA FECHA.","OBSERVACIONES":"ACTUALMENTE LINEA B20 METROS DE ANCHO SEGUN TITULO DE PROPIEDAD","nombre":"164"},"geometry":{"type":"Polygon","coordinates":[[[-99.176536,19.745358],[-99.176729,19.745418],[-99.176746,19.745835],[-99.176552,19.745775],[-99.176537,19.745391],[-99.176536,19.745358]]]}},{"type":"Feature","properties":{"LINEA PP":"A","LINEA  ACTUAL":"B","OTORGANTE":"FELICITAS SANCHEZ","PDF TITULO":"SI","ESTADO":"ESTADO DE MEXICO","MUNICIPIO":"CUAUTITLAN","KM INI. FISICO":"36+026.2","KM FIN. FISICO":"36+116.6","KM INI. DOCUMENTAL":"36+026.20","KM FIN. DOCUMENTAL":"36+116.60","SUPERFICIE":"1808","ANCHO D.V. L.D.":"10","ANCHO D.V. L.I.":"10","DATOS REGISTRALES":"ESCRITURA PUBLICA DE COMPRAVENTA DEL 14 DE MARZO DE 1881, INSCRITA EN RPP DEL EDO. MEX. EL 31 DE AGOSTO 1883, SEGUN CONSTA DEL CERTIFICADO DE ESTA FECHA.","OBSERVACIONES":"ACTUALMENTE LINEA B\n20 METROS DE ANCHO SEGUN TITULO DE PROPIEDAD","nombre":"163"},"geometry":{"type":"Polygon","coordinates":[[[-99.176484,19.744087],[-99.176677,19.744146],[-99.176711,19.744963],[-99.176517,19.744903],[-99.176485,19.744119],[-99.176484,19.744087]]]}},{"type":"Feature","properties":{"LINEA PP":"A","LINEA  ACTUAL":"B","OTORGANTE":"AYUNTAMIENTO DE TEOLOYUCAN","PDF TITULO":"NO","ESTADO":"ESTADO DE MEXICO","KM INI. FISICO":"35+955.9\n35+971.9","KM FIN. FISICO":"35+971.9\n35+36+026.2","OBSERVACIONES":"TITULO NO LOCALIZADO","nombre":"162"},"geometry":{"type":"Polygon","coordinates":[[[-99.176471,19.743738],[-99.176656,19.743595],[-99.176674,19.744031],[-99.176675,19.744064],[-99.176482,19.744004],[-99.176471,19.743738]]]}},{"type":"Feature","properties":{"LINEA PP":"A","LINEA  ACTUAL":"B","OTORGANTE":"JOSE MARIA SUAREZ","PDF TITULO":"SI","ESTADO":"ESTADO DE MEXICO","MUNICIPIO":"CUAUTITLAN","KM INI. FISICO":"35+885.3","KM FIN. FISICO":"35+925.7","KM INI. DOCUMENTAL":"35+885.30","KM FIN. DOCUMENTAL":"35+926.70","SUPERFICIE":"1061.96","ANCHO D.V. L.D.":"IRREGULAR","ANCHO D.V. L.I.":"IRREGULAR","DATOS REGISTRALES":"ESCRITURA PUBLICA DE COMPRAVENTA DEL 14 DE MARZO DE 1881, INSCRITA EN RPP DEL EDO. MEX. EL 31 DE AGOSTO 1883, SEGUN CONSTA DEL CERTIFICADO DE ESTA FECHA.","OBSERVACIONES":"ACTUALMENTE LINEA B\n22.25 METROS DE ANCHO SEGUN TITULO DE PROPIEDAD","nombre":"161"},"geometry":{"type":"Polygon","coordinates":[[[-99.176393,19.742905],[-99.176698,19.742965],[-99.176698,19.742966],[-99.1767,19.743],[-99.176418,19.743505],[-99.176394,19.742934],[-99.176393,19.742905]]]}},{"type":"Feature","properties":{"LINEA PP":"A","LINEA  ACTUAL":"B","OTORGANTE":"BRAULIA MONTOYA","PDF TITULO":"SI","ESTADO":"ESTADO DE MEXICO","MUNICIPIO":"CUAUTITLAN","KM INI. FISICO":"35+768.9","KM FIN. FISICO":"35+885.3","KM INI. DOCUMENTAL":"35+768.90","KM FIN. DOCUMENTAL":"35+885.30","SUPERFICIE":"3608.4","ANCHO D.V. L.D.":"15.5","ANCHO D.V. L.I.":"15.5","DATOS REGISTRALES":"ESCRITURA PUBLICA DE COMPRAVENTA DEL 14 DE MARZO DE 1881, INSCRITA EN RPP DEL EDO. MEX. EL 31 DE AGOSTO 1883, SEGUN CONSTA DEL CERTIFICADO DE ESTA FECHA.","OBSERVACIONES":"ACTUALMENTE LINEA B\n31 METROS DE ANCHO SEGUN EL TITULO DE PROPIEDAD","nombre":"160"},"geometry":{"type":"Polygon","coordinates":[[[-99.176349,19.741863],[-99.176638,19.741901],[-99.176701,19.742964],[-99.176701,19.742965],[-99.176393,19.742905],[-99.176349,19.741866],[-99.176349,19.741863]]]}},{"type":"Feature","properties":{"LINEA PP":"A","LINEA  ACTUAL":"B","OTORGANTE":"SIMONA MONTOYA","PDF TITULO":"SI","ESTADO":"ESTADO DE MEXICO","MUNICIPIO":"CUAUTITLAN","KM INI. FISICO":"35+715.1","KM FIN. FISICO":"35+768.9","KM INI. DOCUMENTAL":"35+715.10","KM FIN. DOCUMENTAL":"35+768.90","SUPERFICIE":"1833.42","ANCHO D.V. L.D.":"15","ANCHO D.V. L.I.":"15","DATOS REGISTRALES":"ESCRITURA PUBLICA DE COMPRAVENTA DEL 14 DE MARZO DE 1881, INSCRITA EN RPP DEL EDO. MEX. EL 31 DE AGOSTO 1883, SEGUN CONSTA DEL CERTIFICADO DE ESTA FECHA.","OBSERVACIONES":"ACTUALMENTE LINEA B\n30 METROS DE ANCHO SEGUN EL TITULO DE PROPIEDAD","nombre":"159"},"geometry":{"type":"Polygon","coordinates":[[[-99.176317,19.741366],[-99.176463,19.741397],[-99.176595,19.741214],[-99.176595,19.74122],[-99.176604,19.741353],[-99.176638,19.741901],[-99.176349,19.741863],[-99.176317,19.741366]]]}},{"type":"Feature","properties":{"LINEA PP":"A","LINEA  ACTUAL":"B","OTORGANTE":"JOSE MONTOYA COLIN","PDF TITULO":"SI","ESTADO":"ESTADO DE MEXICO","MUNICIPIO":"CUAUTITLAN","KM INI. FISICO":"35+667.5\n35+675.1","KM FIN. FISICO":"35+675.1\n35+715.1","KM INI. DOCUMENTAL":"35+675.10","KM FIN. DOCUMENTAL":"35+715.10","SUPERFICIE":"716.8","ANCHO D.V. L.D.":"10","ANCHO D.V. L.I.":"10","DATOS REGISTRALES":"ESCRITURA PUBLICA DE COMPRAVENTA DEL 14 DE MARZO DE 1881, INSCRITA EN RPP DEL EDO. MEX. EL 31 DE AGOSTO 1883, SEGUN CONSTA DEL CERTIFICADO DE ESTA FECHA.","OBSERVACIONES":"ACTUALMENTE LINEA B\n20 METROS DE ANCHO SEGUN TITULO DE PROPIEDAD EN AMBAS SUPERFICIES","nombre":"158"},"geometry":{"type":"Polygon","coordinates":[[[-99.176312,19.740959],[-99.176511,19.74108],[-99.176527,19.741307],[-99.176463,19.741397],[-99.176339,19.74137],[-99.176312,19.740959]]]}},{"type":"Feature","properties":{"LINEA PP":"A","LINEA  ACTUAL":"B","OTORGANTE":"VICENTA RODRIGUEZ","PDF TITULO":"SI","ESTADO":"ESTADO DE MEXICO","MUNICIPIO":"CUAUTITLAN","KM INI. FISICO":"35+556.2\n35+572.2","KM FIN. FISICO":"35+572.2\n35+667.5","KM INI. DOCUMENTAL":"35+572.20","KM FIN. DOCUMENTAL":"35+667.50","SUPERFICIE":"1906.95","ANCHO D.V. L.D.":"10","ANCHO D.V. L.I.":"10","DATOS REGISTRALES":"ESCRITURA PUBLICA DE COMPRAVENTA DEL 14 DE MARZO DE 1881, INSCRITA EN RPP DEL EDO. MEX. EL 31 DE AGOSTO 1883, SEGUN CONSTA DEL CERTIFICADO DE ESTA FECHA.","OBSERVACIONES":"ACTUALMENTE LINEA B\n20 METROS DE ANCHO SEGUN TITULO DE PROPIEDAD EN AMBAS SUPERFICIES","nombre":"157"},"geometry":{"type":"Polygon","coordinates":[[[-99.176252,19.739954],[-99.176458,19.740166],[-99.176508,19.740991],[-99.176308,19.74087],[-99.176252,19.739954]]]}},{"type":"Feature","properties":{"LINEA PP":"A","LINEA  ACTUAL":"B","OTORGANTE":"PEDRO FLORES","PDF TITULO":"SI","ESTADO":"ESTADO DE MEXICO","MUNICIPIO":"CUAUTITLAN","KM INI. FISICO":"35+205.2","KM FIN. FISICO":"35+248.8","KM INI. DOCUMENTAL":"35+205.20","KM FIN. DOCUMENTAL":"35+248.80","SUPERFICIE":"812","ANCHO D.V. L.D.":"10","ANCHO D.V. L.I.":"10","DATOS REGISTRALES":"ESCRITURA PUBLICA DE COMPRAVENTA DEL 12 DE MARZO DE 1881, INSCRITA EN RPP DEL EDO. MEX. EL 31 DE AGOSTO 1883, SEGUN CONSTA DEL CERTIFICADO DE ESTA FECHA.","OBSERVACIONES":"ACTUALMENTE LINEA B\n20 METROS DE ANCHO SEGUN TITULO DE PROPIEDAD","nombre":"155"},"geometry":{"type":"Polygon","coordinates":[[[-99.176113,19.737037],[-99.17629,19.736671],[-99.176313,19.737221],[-99.176118,19.737141],[-99.176113,19.737037]]]}},{"type":"Feature","properties":{"LINEA PP":"A","LINEA  ACTUAL":"B","OTORGANTE":"EUGENIO FLORES","PDF TITULO":"SI","ESTADO":"ESTADO DE MEXICO","MUNICIPIO":"CUAUTITLAN","KM INI. FISICO":"34+982.0","KM FIN. FISICO":"35+016.5","KM INI. DOCUMENTAL":"34+982.00","KM FIN. DOCUMENTAL":"35+016.50","SUPERFICIE":"690","ANCHO D.V. L.D.":"10","ANCHO D.V. L.I.":"10","DATOS REGISTRALES":"ESCRITURA PUBLICA DE COMPRAVENTA DEL 12 DE MARZO DE 1881, INSCRITA EN RPP DEL EDO. MEX. EL 31 DE AGOSTO 1883, SEGUN CONSTA DEL CERTIFICADO DE ESTA FECHA.","OBSERVACIONES":"ACTUALMENTE LINEA B  \n20 METROS DE ANCHO SEGUN TITULO DE PROPIEDAD","nombre":"153"},"geometry":{"type":"Polygon","coordinates":[[[-99.176021,19.734738],[-99.176215,19.73481],[-99.176226,19.73512],[-99.176032,19.735049],[-99.176021,19.734738]]]}},{"type":"Feature","properties":{"LINEA PP":"A","LINEA  ACTUAL":"B","OTORGANTE":"JESUS DOMINGUEZ","PDF TITULO":"SI","ESTADO":"ESTADO DE MEXICO","MUNICIPIO":"CUAUTITLAN","KM INI. FISICO":"34+764.60","KM FIN. FISICO":"34+917.60","KM INI. DOCUMENTAL":"34+764.60","KM FIN. DOCUMENTAL":"34+917.60","SUPERFICIE":"3060","ANCHO D.V. L.D.":"10","ANCHO D.V. L.I.":"10","DATOS REGISTRALES":"ESCRITURA PUBLICA DE COMPRAVENTA DEL 12 DE MARZO DE 1881, INSCRITA EN RPP DEL EDO. MEX. EL 31 DE AGOSTO 1883, SEGUN CONSTA DEL CERTIFICADO DE ESTA FECHA","OBSERVACIONES":"ACTUALMENTE LINEA B  \n20 METROS DE ANCHO SEGUN TITULO DE PROPIEDAD","nombre":"151"},"geometry":{"type":"Polygon","coordinates":[[[-99.175941,19.732795],[-99.176134,19.732835],[-99.176189,19.734203],[-99.175998,19.734203],[-99.175941,19.732795]]]}},{"type":"Feature","properties":{"LINEA PP":"A","LINEA  ACTUAL":"B","OTORGANTE":"JESUS MONTOYA","PDF TITULO":"SI","ESTADO":"ESTADO DE MEXICO","MUNICIPIO":"CUAUTITLAN","KM INI. FISICO":"34+708.00","KM FIN. FISICO":"34+764.60","KM INI. DOCUMENTAL":"34+708.00","KM FIN. DOCUMENTAL":"34+764.60","SUPERFICIE":"1132","ANCHO D.V. L.D.":"10","ANCHO D.V. L.I.":"10","DATOS REGISTRALES":"ESCRITURA PUBLICA DE COMPRAVENTA DEL 12 DE MARZO DE 1881, INSCRITA EN RPP DEL EDO. MEX. EL 31 DE AGOSTO 1883, SEGUN CONSTA DEL CERTIFICADO DE ESTA FECHA.","OBSERVACIONES":"ACTUALMENTE LINEA B  \n20 METROS DE ANCHO SEGUN TITULO DE PROPIEDAD","nombre":"150"},"geometry":{"type":"Polygon","coordinates":[[[-99.175949,19.732289],[-99.176112,19.732324],[-99.176134,19.732835],[-99.175941,19.732795],[-99.175918,19.732283],[-99.175949,19.732289]]]}},{"type":"Feature","properties":{"LINEA PP":"A","LINEA  ACTUAL":"B","OTORGANTE":"FELIX SALGADO","PDF TITULO":"SI","ESTADO":"ESTADO DE MEXICO","MUNICIPIO":"CUAUTITLAN","KM INI. FISICO":"34+251.50","KM FIN. FISICO":"34+370.00","KM INI. DOCUMENTAL":"34+251.50","KM FIN. DOCUMENTAL":"34+370.00","SUPERFICIE":"2227.6","ANCHO D.V. L.D.":"10","ANCHO D.V. L.I.":"10","DATOS REGISTRALES":"ESCRITURA PUBLICA DE COMPRAVENTA DEL 08 DE FEBRERO DE 1881, INSCRITA EN RPP DEL EDO. MEX. EL 31 DE AGOSTO 1883, SEGUN CONSTA DEL CERTIFICADO DE ESTA FECHA.","OBSERVACIONES":"ACTUALMENTE LINEA B  \n20 METROS DE ANCHO SEGUN TITULO DE PROPIEDAD","nombre":"148"},"geometry":{"type":"Polygon","coordinates":[[[-99.175752,19.728176],[-99.175872,19.728187],[-99.17595,19.72835],[-99.175987,19.729272],[-99.175794,19.729231],[-99.175752,19.728176]]]}},{"type":"Feature","properties":{"LINEA PP":"A","LINEA  ACTUAL":"B","OTORGANTE":"JUAN PABLO","PDF TITULO":"SI","ESTADO":"ESTADO DE MEXICO","MUNICIPIO":"CUAUTITLAN","KM INI. FISICO":"33+954.60","KM FIN. FISICO":"34+014.10","KM INI. DOCUMENTAL":"33+954.60","KM FIN. DOCUMENTAL":"34+014.10","SUPERFICIE":"11190","ANCHO D.V. L.D.":"10","ANCHO D.V. L.I.":"10","DATOS REGISTRALES":"ESCRITURA PUBLICA DE COMPRAVENTA DEL 31 DE ENERO DE 1881, INSCRITA EN RPP DEL EDO. MEX. EL 31 DE AGOSTO 1883, SEGUN CONSTA DEL CERTIFICADO DE ESTA FECHA","OBSERVACIONES":"ACTUALMENTE LINEA B  \n10 Y 10","nombre":"147"},"geometry":{"type":"Polygon","coordinates":[[[-99.175643,19.725498],[-99.175828,19.725512],[-99.17585,19.726045],[-99.175658,19.726035],[-99.175643,19.725498]]]}},{"type":"Feature","properties":{"LINEA PP":"A","LINEA  ACTUAL":"B","OTORGANTE":"MARIA SALINAS","PDF TITULO":"SI","ESTADO":"ESTADO DE MEXICO","MUNICIPIO":"CUAUTITLAN","KM INI. FISICO":"33+792.30","KM FIN. FISICO":"33+954.60","KM INI. DOCUMENTAL":"33+792.3","KM FIN. DOCUMENTAL":"33+954.6","SUPERFICIE":"3246","ANCHO D.V. L.D.":"10","ANCHO D.V. L.I.":"10","DATOS REGISTRALES":"ESCRITURA PUBLICA DE COMPRAVENTA DEL 31 DE ENERO DE 1881, INSCRITA EN RPP DEL EDO. MEX. EL  31 DE AGOSTO 1883, SEGUN CONSTA DEL CERTIFICADO DE ESTA FECHA.","OBSERVACIONES":"ACTUALMENTE LINEA B  \n10 Y 10","nombre":"146"},"geometry":{"type":"Polygon","coordinates":[[[-99.175581,19.724019],[-99.175773,19.724051],[-99.175834,19.725509],[-99.175643,19.725498],[-99.175581,19.724019]]]}},{"type":"Feature","properties":{"LINEA PP":"A","LINEA  ACTUAL":"B","OTORGANTE":"MARIA SANCHEZ","PDF TITULO":"SI","ESTADO":"ESTADO DE MEXICO","MUNICIPIO":"CUAUTITLAN","KM INI. FISICO":"33+721.80","KM FIN. FISICO":"33+792.30","KM INI. DOCUMENTAL":"33+721.8","KM FIN. DOCUMENTAL":"33+792.3","SUPERFICIE":"1410","ANCHO D.V. L.D.":"10","ANCHO D.V. L.I.":"10","DATOS REGISTRALES":"ESCRITURA PUBLICA DE COMPRAVENTA DEL 31 DE ENERO DE 1881, INSCRITA EN RPP DEL EDO. MEX. EL  31 DE AGOSTO 1883, SEGUN CONSTA DEL CERTIFICADO DE ESTA FECHA.","OBSERVACIONES":"ACTUALMENTE LINEA B  \n10 Y 10","nombre":"145"},"geometry":{"type":"Polygon","coordinates":[[[-99.175556,19.723383],[-99.175748,19.723416],[-99.175773,19.724051],[-99.175581,19.724019],[-99.175556,19.723383]]]}},{"type":"Feature","properties":{"LINEA PP":"A","LINEA  ACTUAL":"B","OTORGANTE":"JESUS ZUBIAGA","PDF TITULO":"SI","ESTADO":"ESTADO DE MEXICO","MUNICIPIO":"CUAUTITLAN","KM INI. FISICO":"33+649.80","KM FIN. FISICO":"33+721.80","KM INI. DOCUMENTAL":"33+649.8","KM FIN. DOCUMENTAL":"33+721.8","SUPERFICIE":"1485.05","ANCHO D.V. L.D.":"10","ANCHO D.V. L.I.":"10","DATOS REGISTRALES":"ESCRITURA PUBLICA DE COMPRAVENTA DEL 31 DE ENERO DE 1881, INSCRITA EN RPP DEL EDO. MEX. EL  31 DE AGOSTO 1883, SEGUN CONSTA DEL CERTIFICADO DE ESTA FECHA.","OBSERVACIONES":"ACTUALMENTE LINEA B  \n10 Y 10","nombre":"144"},"geometry":{"type":"Polygon","coordinates":[[[-99.175529,19.722738],[-99.175635,19.722769],[-99.17572,19.72271],[-99.175748,19.723416],[-99.175556,19.723383],[-99.175529,19.722738],[-99.175529,19.722738]]]}},{"type":"Feature","properties":{"LINEA PP":"A","LINEA  ACTUAL":"B","OTORGANTE":"LINO PENA","PDF TITULO":"SI","ESTADO":"ESTADO DE MEXICO","MUNICIPIO":"CUAUTITLAN","KM INI. FISICO":"33+587.00","KM FIN. FISICO":"33+649.80","KM INI. DOCUMENTAL":"33+587","KM FIN. DOCUMENTAL":"33+649.8","SUPERFICIE":"1211.83","ANCHO D.V. L.D.":"10","ANCHO D.V. L.I.":"10","DATOS REGISTRALES":"ESCRITURA PUBLICA DE COMPRAVENTA DEL 31 DE ENERO DE 1881, INSCRITA EN RPP DEL EDO. MEX. EL  31 DE AGOSTO 1883, SEGUN CONSTA DEL CERTIFICADO DE ESTA FECHA.","OBSERVACIONES":"ACTUALMENTE LINEA B  \n10 Y 10","nombre":"143"},"geometry":{"type":"Polygon","coordinates":[[[-99.175506,19.722166],[-99.175698,19.722198],[-99.17572,19.72271],[-99.175635,19.722769],[-99.175529,19.722738],[-99.175506,19.722166]]]}},{"type":"Feature","properties":{"LINEA PP":"A","LINEA  ACTUAL":"B","OTORGANTE":"JOSE CLETO MARCELINO","PDF TITULO":"SI","ESTADO":"ESTADO DE MEXICO","MUNICIPIO":"CUAUTITLAN","KM INI. FISICO":"33+522.40","KM FIN. FISICO":"33+587.00","KM INI. DOCUMENTAL":"33+522.4","KM FIN. DOCUMENTAL":"33+587","SUPERFICIE":"1292","ANCHO D.V. L.D.":"10","ANCHO D.V. L.I.":"10","DATOS REGISTRALES":"ESCRITURA PUBLICA DE COMPRAVENTA DEL 31 DE ENERO DE 1881, INSCRITA EN RPP DEL EDO. MEX. EL  31 DE AGOSTO 1883, SEGUN CONSTA DEL CERTIFICADO DE ESTA FECHA","OBSERVACIONES":"ACTUALMENTE LINEA B  \n10 Y 10","nombre":"142"},"geometry":{"type":"Polygon","coordinates":[[[-99.175484,19.721607],[-99.175674,19.721601],[-99.175698,19.722198],[-99.175506,19.722166],[-99.175484,19.721607]]]}},{"type":"Feature","properties":{"LINEA PP":"A","LINEA  ACTUAL":"B","OTORGANTE":"FRANCISCO VAZQUEZ","PDF TITULO":"SI","ESTADO":"ESTADO DE MEXICO","MUNICIPIO":"CUAUTITLAN","KM INI. FISICO":"33+476.40","KM FIN. FISICO":"33+522.40","KM INI. DOCUMENTAL":"33+476.4","KM FIN. DOCUMENTAL":"33+522.4","SUPERFICIE":"920","ANCHO D.V. L.D.":"10","ANCHO D.V. L.I.":"10","DATOS REGISTRALES":"ESCRITURA PUBLICA DE COMPRAVENTA DEL 31 DE ENERO DE 1881, INSCRITA EN RPP DEL EDO. MEX. EL  31 DE AGOSTO 1883, SEGUN CONSTA DEL CERTIFICADO DE ESTA FECHA.","OBSERVACIONES":"ACTUALMENTE LINEA B  \n10 Y 10","nombre":"141"},"geometry":{"type":"Polygon","coordinates":[[[-99.175674,19.721601],[-99.175484,19.721607],[-99.175466,19.721194],[-99.175657,19.721186],[-99.175674,19.721601]]]}},{"type":"Feature","properties":{"LINEA PP":"A","LINEA  ACTUAL":"A","OTORGANTE":"JUAN HERRERA","PDF TITULO":"SI","ESTADO":"ESTADO DE MEXICO","MUNICIPIO":"TLALNEPANTLA","KM INI. FISICO":"16+325.30","KM FIN. FISICO":"16+494.30","KM INI. DOCUMENTAL":"16+325.30","KM FIN. DOCUMENTAL":"16+494.30","SUPERFICIE":"5017.15","ANCHO D.V. L.D.":"30","ANCHO D.V. L.I.":"S/D","DATOS REGISTRALES":"ESCRITURA PUBLICA DE COMPRAVENTA DEL 9 DE MAYO DE 1903, INSCRITA EN RPP DE EDO. MEX. EL 19 DE SEPTIEMBRE 1903, BAJO EL NÃ‚Â° 108, A FOJAS 94 FRENTE Y VUELTA, LIBRO 1Ã‚Â° PRINCIPAL NÃ‚Â° 47, C/P LTE. 88.","OBSERVACIONES":"REPORTADO EN LA ENTREGA DEL 8 DE NOVIEMBRE DE 2024.","nombre":"49-A"},"geometry":{"type":"Polygon","coordinates":[[[-99.196165,19.580106],[-99.195928,19.579967],[-99.194744,19.580989],[-99.194946,19.581123],[-99.196165,19.580106]]]}},{"type":"Feature","properties":{"LINEA PP":"A","LINEA  ACTUAL":"A","OTORGANTE":"RAMON BARRON","PDF TITULO":"SI","ESTADO":"ESTADO DE MEXICO","MUNICIPIO":"TLALNEPANTLA","KM INI. FISICO":"16+243.60","KM FIN. FISICO":"16+285.30","KM INI. DOCUMENTAL":"16+243.60","KM FIN. DOCUMENTAL":"16+285.30","SUPERFICIE":"1194","ANCHO D.V. L.D.":"S/D","ANCHO D.V. L.I.":"30","DATOS REGISTRALES":"ESCRITURA PUBLICA DE COMPRAVENTA DEL 9 DE MAYO DE 1903, INSCRITA EN RPP DE EDO. MEX. EL 8 DE AGOSTO 1903, BAJO EL NÃ‚Â° 89, A FOJAS 75 VUELTA Y 76 FRENTE, LIBRO 47, C/P LTE. 86.","OBSERVACIONES":"REPORTADO EN LA ENTREGA DEL 8 DE NOVIEMBRE DE 2024.","nombre":"47-A"},"geometry":{"type":"Polygon","coordinates":[[[-99.196404,19.579824],[-99.196193,19.579673],[-99.196455,19.579381],[-99.196663,19.579537],[-99.19651,19.579719],[-99.196404,19.579824]]]}},{"type":"Feature","properties":{"LINEA PP":"A","LINEA  ACTUAL":"A","OTORGANTE":"PETRA MARTINEZ DE FERNANDEZ","PDF TITULO":"SI","KM INI. FISICO":"6320.5","KM FIN. FISICO":"6377.7","KM INI. DOCUMENTAL":"6+320.50","KM FIN. DOCUMENTAL":"6+377.7","SUPERFICIE":"1144","ANCHO D.V. L.D.":"10","ANCHO D.V. L.I.":"10","DATOS REGISTRALES":"CONTRATO PRIVADO DE COMPRAVENTA DEL 2 DE MAYO DE 1882, INSCRITO RPP DE MEXICO EL 8 DE FEBRERO DE 1926, BAJO EL NÃ‚Â° 82, A FOJAS 87 VUELTA, LIBRO 3Ã‚Â° FC. DE LA PRIMERA SECCION,  C/P LTE 48.","nombre":"32"},"geometry":{"type":"Polygon","coordinates":[[[-99.171624,19.492822],[-99.171446,19.49294],[-99.171344,19.492686],[-99.171495,19.492542],[-99.171624,19.492822]]]}},{"type":"Feature","properties":{"LINEA PP":"A","LINEA  ACTUAL":"A","OTORGANTE":"ESTANISLAO ROCHA","PDF TITULO":"SI","KM INI. FISICO":"6+288.70","KM FIN. FISICO":"6320.5","KM INI. DOCUMENTAL":"6+288.70","KM FIN. DOCUMENTAL":"6+320.50","SUPERFICIE":"636","ANCHO D.V. L.D.":"10","ANCHO D.V. L.I.":"10","DATOS REGISTRALES":"CONTRATO PRIVADO DE COMPRAVENTA DEL 26 DE MAYO DE 1882, INSCRITO RPP DE MEXICO EL 8 DE FEBRERO DE 1926, BAJO EL NÃ‚Â° 83, A FOJAS 87 VUELTA, LIBRO 3Ã‚Â° FC. DE LA PRIMERA SECCION,  C/P LTE 47.","nombre":"31"},"geometry":{"type":"Polygon","coordinates":[[[-99.171495,19.492542],[-99.171344,19.492686],[-99.171243,19.492427],[-99.17138,19.492271],[-99.171495,19.492542]]]}},{"type":"Feature","properties":{"LINEA PP":"A","LINEA  ACTUAL":"A","OTORGANTE":"JOSE MARIA VELAZQUEZ","PDF TITULO":"NO","ESTADO":"DISTRITO FEDERAL","MUNICIPIO":"DISTRITO FEDERAL","KM INI. FISICO":"2+968.70","KM FIN. FISICO":"4+455.1","KM INI. DOCUMENTAL":"S/D","KM FIN. DOCUMENTAL":"S/D","SUPERFICIE":"43420.8","ANCHO D.V. L.D.":"IRREGULAR","ANCHO D.V. L.I.":"IRREGULAR","DATOS REGISTRALES":"NO ADQUIRIDO","nombre":"27"},"geometry":{"type":"Polygon","coordinates":[[[-99.164525,19.474421],[-99.163852,19.472759],[-99.163181,19.471161],[-99.162435,19.46935],[-99.161654,19.467839],[-99.160862,19.466671],[-99.159788,19.465308],[-99.159107,19.464285],[-99.159096,19.464689],[-99.159086,19.464696],[-99.1587,19.464563],[-99.159544,19.465557],[-99.160561,19.466905],[-99.161339,19.468079],[-99.1619,19.469165],[-99.16349,19.472846],[-99.16453,19.475474],[-99.164853,19.476324],[-99.165237,19.476376],[-99.164525,19.474421]]]}},{"type":"Feature","properties":{"LINEA PP":"A","LINEA  ACTUAL":"B","OTORGANTE":"JULIO VARGAS","PDF TITULO":"SI","ESTADO":"ESTADO DE MEXICO","MUNICIPIO":"CUAUTITLAN","KM INI. FISICO":"S/D","KM FIN. FISICO":"S/D","KM INI. DOCUMENTAL":"38+587.2","KM FIN. DOCUMENTAL":"38+615.2","SUPERFICIE":"98.39","ANCHO D.V. L.D.":"IRREGULAR","ANCHO D.V. L.I.":"IRREGULAR","DATOS REGISTRALES":"ESCRITURA PUBLICA DE COMPRAVENTA DEL 8 DE FEBRERO DE 1881, INSCRITA EN RPP DEL EDO. MEX. EL 31 DE AGOSTO 1883, SEGUN CONSTA DEL CERTIFICADO DE ESTA FECHA.","OBSERVACIONES":"ACTUALMENTE LINEA B","nombre":"195"},"geometry":{"type":"Polygon","coordinates":[[[-99.181718,19.767137],[-99.181648,19.76714],[-99.181648,19.767033],[-99.18169,19.767031],[-99.181718,19.767137]]]}},{"type":"Feature","properties":{"LINEA PP":"A","LINEA  ACTUAL":"A","OTORGANTE":"CARLOS HAGHEMBECK","PDF TITULO":"SI","ESTADO":"QUERETARO","MUNICIPIO":"SAN JUAN DEL RIO","KM INI. FISICO":"211+876\n212+660","KM FIN. FISICO":"212+419\n212+754","KM INI. DOCUMENTAL":"211+876\n212+660","KM FIN. DOCUMENTAL":"212+419\n212+754","SUPERFICIE":"18734","ANCHO D.V. L.D.":"14","ANCHO D.V. L.I.":"16","DATOS REGISTRALES":"ESCRITURA PUBLICA DE COMPRAVENTA DEL 21 DE OCTUBRE DE 1882,  INSCRITA EN REGISTO PUBLICO DEL DISTRITO JUDICIAL DE SAN JUAN DEL RIO, ESTADO DE QUERETARO, BAJO LA PARTIDA 14, A FOJA 45 Y 46, DE FECHA 27 DE DICIEMBRE DE 1883.","OBSERVACIONES":"EL TRAMO UTIL PARA EL PROYECTO ES HASTA EL KILOMETRO 211+978.55","nombre":"609"},"geometry":{"type":"Polygon","coordinates":[[[-100.14204,20.521594],[-100.146016,20.524794],[-100.145827,20.525001],[-100.141894,20.52181],[-100.14204,20.521594]]]}},{"type":"Feature","properties":{"LINEA PP":"A","LINEA  ACTUAL":"A","OTORGANTE":"LUIS LARRAURI","PDF TITULO":"SI","ESTADO":"QUERETARO","MUNICIPIO":"SAN JUAN DEL RIO","KM INI. FISICO":"206+264","KM FIN. FISICO":"207+839","KM INI. DOCUMENTAL":"206+264","KM FIN. DOCUMENTAL":"207+839","SUPERFICIE":"47200","ANCHO D.V. L.D.":"IRREGULAR","ANCHO D.V. L.I.":"IRREGULAR","DATOS REGISTRALES":"ESCRITURA PUBLICA DE COMPRAVENTA DEL 27 DE SEPTIEMBRE DE 1882, INSCRITA EN RPP DE SAN JUAN DEL RIO, EL 27 DE DICIEMBRE DE 1883.","OBSERVACIONES":"EL TRAMO ES UTIL EN SU TOTALIDAD","nombre":"606"},"geometry":{"type":"Polygon","coordinates":[[[-100.112947,20.497949],[-100.112244,20.497802],[-100.111903,20.497531],[-100.111321,20.49706],[-100.11066,20.496523],[-100.110649,20.496539],[-100.110286,20.496244],[-100.110335,20.496189],[-100.109998,20.495916],[-100.10947,20.495487],[-100.108743,20.494898],[-100.108016,20.494309],[-100.107246,20.493684],[-100.10722,20.493711],[-100.106973,20.493511],[-100.106493,20.493122],[-100.106506,20.493108],[-100.105822,20.492554],[-100.105096,20.491965],[-100.104325,20.49134],[-100.104313,20.491354],[-100.10363,20.4908],[-100.103339,20.490565],[-100.102859,20.490176],[-100.102835,20.490204],[-100.102297,20.489768],[-100.101745,20.48932],[-100.101794,20.489265],[-100.101475,20.489005],[-100.101257,20.488829],[-100.101256,20.488828],[-100.101144,20.488594],[-100.10103,20.488356],[-100.101409,20.488666],[-100.101626,20.488842],[-100.101946,20.489101],[-100.101995,20.489046],[-100.102548,20.489494],[-100.103085,20.48993],[-100.103061,20.489958],[-100.103541,20.490347],[-100.103832,20.490583],[-100.104515,20.491136],[-100.104502,20.49115],[-100.105272,20.491774],[-100.105999,20.492364],[-100.106682,20.492918],[-100.106696,20.492905],[-100.107176,20.493294],[-100.107423,20.493494],[-100.107398,20.493521],[-100.108168,20.494146],[-100.108895,20.494735],[-100.109622,20.495325],[-100.11015,20.495753],[-100.110487,20.496026],[-100.110536,20.49597],[-100.110899,20.496264],[-100.110887,20.496278],[-100.111548,20.496815],[-100.11213,20.497286],[-100.112704,20.497752],[-100.112884,20.497897],[-100.112947,20.497949]]]}},{"type":"Feature","properties":{"LINEA PP":"B","LINEA  ACTUAL":"B","OTORGANTE":"FRANCISCO CHAVEZ","PDF TITULO":"SI","ESTADO":"QUERETARO","MUNICIPIO":"CANADA","KM INI. FISICO":"261+996.42","KM FIN. FISICO":"262+010.02","KM INI. DOCUMENTAL":"262+171.06\n262+184.66","KM FIN. DOCUMENTAL":"262+184.66\n262+208.66","SUPERFICIE":"408.00\n319.92","ANCHO D.V. L.D.":"15.00\n13.33","ANCHO D.V. L.I.":"15.00\n0.00","DATOS REGISTRALES":"ESCRITURA PUBLICA DE COMPRAVENTA DE FECHA 04 DE FEBRERO DE 1903, INSCRITA EN EL REGISTRO PUBLICO DE QUERETARO, BAJO EL NUMERO 159, EXPEDIENTE 10, DE FECHA 28 DE ABRIL DE 1903.","OBSERVACIONES":"EL TITULO AMPARA 2 FRACCIONES DE LAS CUALES SOLO ES DE INTERES LA PRIMER FRACCION CON UNA SUPERCIE DE 408 M2.","nombre":"682"},"geometry":{"type":"Polygon","coordinates":[[[-100.334079,20.609864],[-100.334079,20.609864],[-100.334062,20.61],[-100.333831,20.609977],[-100.33385,20.609839],[-100.334079,20.609864]]]}},{"type":"Feature","properties":{"nombre":"695"},"geometry":{"type":"Polygon","coordinates":[[[-100.335662,20.609797],[-100.335749,20.609797],[-100.335812,20.610068],[-100.335716,20.610068],[-100.335662,20.609797]]]}},{"type":"Feature","properties":{"nombre":"618"},"geometry":{"type":"Polygon","coordinates":[[[-100.334543,20.610033],[-100.334553,20.609762],[-100.335177,20.609799],[-100.335173,20.61007],[-100.334543,20.610033]]]}},{"type":"Feature","properties":{"nombre":"688"},"geometry":{"type":"Polygon","coordinates":[[[-100.334439,20.609891],[-100.334448,20.609755],[-100.334553,20.609762],[-100.334549,20.609898],[-100.334439,20.609891]]]}},{"type":"Feature","properties":{"nombre":"690"},"geometry":{"type":"Polygon","coordinates":[[[-100.3354,20.609798],[-100.335403,20.610069],[-100.335173,20.61007],[-100.335177,20.609799],[-100.3354,20.609798]]]}},{"type":"Feature","properties":{"nombre":"691"},"geometry":{"type":"Polygon","coordinates":[[[-100.335504,20.609798],[-100.335509,20.610069],[-100.335403,20.610069],[-100.3354,20.609798],[-100.335504,20.609798]]]}},{"type":"Feature","properties":{"nombre":"693"},"geometry":{"type":"Polygon","coordinates":[[[-100.335562,20.609797],[-100.33558,20.609797],[-100.335636,20.610068],[-100.335566,20.610068],[-100.335562,20.609797]]]}},{"type":"Feature","properties":{"nombre":"694"},"geometry":{"type":"Polygon","coordinates":[[[-100.33558,20.609797],[-100.335662,20.609797],[-100.335716,20.610068],[-100.335636,20.610068],[-100.33558,20.609797]]]}},{"type":"Feature","properties":{"nombre":"733"},"geometry":{"type":"Polygon","coordinates":[[[-100.345375,20.605903],[-100.345434,20.606169],[-100.345335,20.606188],[-100.345277,20.605923],[-100.345375,20.605903]]]}},{"type":"Feature","properties":{"nombre":"697"},"geometry":{"type":"Polygon","coordinates":[[[-100.336194,20.609792],[-100.336234,20.610062],[-100.33613,20.610067],[-100.336088,20.609797],[-100.336194,20.609792]]]}},{"type":"Feature","properties":{"nombre":"698"},"geometry":{"type":"Polygon","coordinates":[[[-100.336767,20.610033],[-100.336691,20.609768],[-100.336779,20.609762],[-100.336852,20.610029],[-100.336767,20.610033]]]}},{"type":"Feature","properties":{"nombre":"700"},"geometry":{"type":"Polygon","coordinates":[[[-100.337375,20.609704],[-100.337524,20.609684],[-100.33757,20.609951],[-100.33741,20.609973],[-100.337375,20.609704]]]}},{"type":"Feature","properties":{"nombre":"702"},"geometry":{"type":"Polygon","coordinates":[[[-100.337851,20.609621],[-100.337999,20.609867],[-100.337739,20.609922],[-100.33768,20.609657],[-100.337851,20.609621]]]}},{"type":"Feature","properties":{"nombre":"703"},"geometry":{"type":"Polygon","coordinates":[[[-100.33808,20.609569],[-100.338165,20.609827],[-100.338112,20.609844],[-100.338034,20.609583],[-100.33808,20.609569]]]}},{"type":"Feature","properties":{"nombre":"704"},"geometry":{"type":"Polygon","coordinates":[[[-100.33808,20.609569],[-100.338282,20.609514],[-100.33836,20.609775],[-100.338165,20.609827],[-100.33808,20.609569]]]}},{"type":"Feature","properties":{"nombre":"S/D"},"geometry":{"type":"Polygon","coordinates":[[[-100.338467,20.60946],[-100.338565,20.609715],[-100.338456,20.609751],[-100.338371,20.609492],[-100.338467,20.60946]]]}},{"type":"Feature","properties":{"LINEA PP":"B","LINEA  ACTUAL":"B","OTORGANTE":"PEDRO SAN LUIS Y MA. PETRA LIMA","PDF TITULO":"SI","ESTADO":"QUERETARO","MUNICIPIO":"CANADA","KM INI. FISICO":"261+975.91","KM FIN. FISICO":"261+996.42","KM INI. DOCUMENTAL":"262+040.16\n262+150.55\n262+677.29","KM FIN. DOCUMENTAL":"262+052.91\n262+171.06\n262+688.99","SUPERFICIE":"382.50\n615.00\n351.00","ANCHO D.V. L.D.":"15","ANCHO D.V. L.I.":"15","DATOS REGISTRALES":"ESCRITURA PUBLICA DE COMPRAVENTA DE FECHA 17 DE NOVIEMBRE DE 1902, INSCRITA EN EL REGISTRO PUBLICO DE QUERETARO, BAJO EL NUMERO 1370, INSCRIPCION 1322, FOJA 149, LIBRO 7,  DE FECHA 01 DE DICIEMBRE DE 1903.","OBSERVACIONES":"EL TITULO AMPARA 3 FRACCIONES DE LAS CUALES SOLO ES DE INTERES LA PRIMER FRACCION CON UNA SUPERCIE DE 382.50 M2.","nombre":"676"},"geometry":{"type":"Polygon","coordinates":[[[-100.338574,20.609425],[-100.33867,20.609681],[-100.338565,20.609715],[-100.338467,20.60946],[-100.338574,20.609425]]]}},{"type":"Feature","properties":{"nombre":"708"},"geometry":{"type":"Polygon","coordinates":[[[-100.339538,20.609044],[-100.339912,20.608845],[-100.340049,20.609084],[-100.33968,20.60928],[-100.339538,20.609044]]]}},{"type":"Feature","properties":{"nombre":"709"},"geometry":{"type":"Polygon","coordinates":[[[-100.339912,20.608845],[-100.34004,20.608776],[-100.340184,20.609011],[-100.340049,20.609084],[-100.339912,20.608845]]]}},{"type":"Feature","properties":{"nombre":"710"},"geometry":{"type":"Polygon","coordinates":[[[-100.34004,20.608776],[-100.340252,20.608652],[-100.340419,20.608873],[-100.340184,20.609011],[-100.34004,20.608776]]]}},{"type":"Feature","properties":{"nombre":"711"},"geometry":{"type":"Polygon","coordinates":[[[-100.340384,20.60857],[-100.34054,20.608798],[-100.340419,20.608873],[-100.340252,20.608652],[-100.340384,20.60857]]]}},{"type":"Feature","properties":{"nombre":"712"},"geometry":{"type":"Polygon","coordinates":[[[-100.340384,20.60857],[-100.340492,20.608504],[-100.340625,20.608746],[-100.34054,20.608798],[-100.340384,20.60857]]]}},{"type":"Feature","properties":{"nombre":"713"},"geometry":{"type":"Polygon","coordinates":[[[-100.340653,20.608415],[-100.340692,20.60839],[-100.340883,20.608595],[-100.34081,20.608642],[-100.340653,20.608415]]]}},{"type":"Feature","properties":{"nombre":"715"},"geometry":{"type":"Polygon","coordinates":[[[-100.34112,20.608106],[-100.341357,20.60794],[-100.341541,20.608149],[-100.34129,20.608324],[-100.34112,20.608106]]]}},{"type":"Feature","properties":{"nombre":"717"},"geometry":{"type":"Polygon","coordinates":[[[-100.341791,20.607615],[-100.341963,20.607832],[-100.341716,20.608012],[-100.341536,20.6078],[-100.341791,20.607615]]]}},{"type":"Feature","properties":{"nombre":"718"},"geometry":{"type":"Polygon","coordinates":[[[-100.342937,20.606804],[-100.343081,20.606715],[-100.343231,20.606947],[-100.343109,20.607021],[-100.342937,20.606804]]]}},{"type":"Feature","properties":{"nombre":"720"},"geometry":{"type":"Polygon","coordinates":[[[-100.34313,20.606687],[-100.343196,20.606648],[-100.343344,20.60688],[-100.34328,20.606918],[-100.34313,20.606687]]]}},{"type":"Feature","properties":{"nombre":"721"},"geometry":{"type":"Polygon","coordinates":[[[-100.343258,20.606614],[-100.343338,20.60657],[-100.343484,20.606804],[-100.343381,20.60686],[-100.343258,20.606614]]]}},{"type":"Feature","properties":{"nombre":"722"},"geometry":{"type":"Polygon","coordinates":[[[-100.343338,20.60657],[-100.343435,20.606515],[-100.343576,20.606751],[-100.343484,20.606804],[-100.343338,20.60657]]]}},{"type":"Feature","properties":{"nombre":"723"},"geometry":{"type":"Polygon","coordinates":[[[-100.343435,20.606515],[-100.34364,20.606419],[-100.343757,20.606666],[-100.343576,20.606751],[-100.343435,20.606515]]]}},{"type":"Feature","properties":{"nombre":"724 y 725"},"geometry":{"type":"Polygon","coordinates":[[[-100.34364,20.606419],[-100.343744,20.606374],[-100.343863,20.606621],[-100.343757,20.606666],[-100.34364,20.606419]]]}},{"type":"Feature","properties":{"nombre":"728"},"geometry":{"type":"Polygon","coordinates":[[[-100.343858,20.606327],[-100.344052,20.606256],[-100.344159,20.606508],[-100.343968,20.606577],[-100.343858,20.606327]]]}},{"type":"Feature","properties":{"nombre":"729"},"geometry":{"type":"Polygon","coordinates":[[[-100.344182,20.606209],[-100.344311,20.606164],[-100.344403,20.606421],[-100.34428,20.606464],[-100.344182,20.606209]]]}},{"type":"Feature","properties":{"nombre":"730"},"geometry":{"type":"Polygon","coordinates":[[[-100.344311,20.606164],[-100.344409,20.606133],[-100.344504,20.606389],[-100.344403,20.606421],[-100.344311,20.606164]]]}},{"type":"Feature","properties":{"nombre":"731"},"geometry":{"type":"Polygon","coordinates":[[[-100.344409,20.606133],[-100.344494,20.606105],[-100.344586,20.606362],[-100.344504,20.606389],[-100.344409,20.606133]]]}},{"type":"Feature","properties":{"nombre":"594"},"geometry":{"type":"Polygon","coordinates":[[[-100.344813,20.606022],[-100.345064,20.605966],[-100.345127,20.606231],[-100.344883,20.606285],[-100.344813,20.606022]]]}},{"type":"Feature","properties":{"nombre":"595"},"geometry":{"type":"Polygon","coordinates":[[[-100.345064,20.605966],[-100.345277,20.605923],[-100.345335,20.606188],[-100.345127,20.606231],[-100.345064,20.605966]]]}},{"type":"Feature","properties":{"nombre":"734"},"geometry":{"type":"Polygon","coordinates":[[[-100.345375,20.605903],[-100.345429,20.605893],[-100.345489,20.606158],[-100.345434,20.606169],[-100.345375,20.605903]]]}},{"type":"Feature","properties":{"nombre":"736"},"geometry":{"type":"Polygon","coordinates":[[[-100.345487,20.605881],[-100.345545,20.60587],[-100.345602,20.606136],[-100.345542,20.606147],[-100.345487,20.605881]]]}},{"type":"Feature","properties":{"nombre":"737"},"geometry":{"type":"Polygon","coordinates":[[[-100.345718,20.605838],[-100.345819,20.605818],[-100.345879,20.606083],[-100.345778,20.606103],[-100.345718,20.605838]]]}},{"type":"Feature","properties":{"nombre":"738"},"geometry":{"type":"Polygon","coordinates":[[[-100.345819,20.605818],[-100.345879,20.605806],[-100.345936,20.606072],[-100.345879,20.606083],[-100.345819,20.605818]]]}},{"type":"Feature","properties":{"nombre":"739"},"geometry":{"type":"Polygon","coordinates":[[[-100.345879,20.605806],[-100.346059,20.60577],[-100.346122,20.606035],[-100.345936,20.606072],[-100.345879,20.605806]]]}},{"type":"Feature","properties":{"nombre":"740"},"geometry":{"type":"Polygon","coordinates":[[[-100.346479,20.605693],[-100.346553,20.60568],[-100.346613,20.605945],[-100.346531,20.605959],[-100.346479,20.605693]]]}},{"type":"Feature","properties":{"nombre":"741"},"geometry":{"type":"Polygon","coordinates":[[[-100.346749,20.605631],[-100.346792,20.605899],[-100.346701,20.605923],[-100.346644,20.605656],[-100.346749,20.605631]]]}},{"type":"Feature","properties":{"nombre":"742"},"geometry":{"type":"Polygon","coordinates":[[[-100.346749,20.605631],[-100.346843,20.60561],[-100.346887,20.605875],[-100.346792,20.605899],[-100.346749,20.605631]]]}},{"type":"Feature","properties":{"nombre":"743"},"geometry":{"type":"Polygon","coordinates":[[[-100.346843,20.60561],[-100.346924,20.60559],[-100.346989,20.605854],[-100.346887,20.605875],[-100.346843,20.60561]]]}},{"type":"Feature","properties":{"nombre":"744"},"geometry":{"type":"Polygon","coordinates":[[[-100.346964,20.605581],[-100.347032,20.605844],[-100.346989,20.605854],[-100.346924,20.60559],[-100.346964,20.605581]]]}},{"type":"Feature","properties":{"nombre":"746"},"geometry":{"type":"Polygon","coordinates":[[[-100.347129,20.605543],[-100.347214,20.605522],[-100.347285,20.605785],[-100.347202,20.605805],[-100.347129,20.605543]]]}},{"type":"Feature","properties":{"nombre":"747"},"geometry":{"type":"Polygon","coordinates":[[[-100.347214,20.605522],[-100.347329,20.605494],[-100.347402,20.605756],[-100.347285,20.605785],[-100.347214,20.605522]]]}},{"type":"Feature","properties":{"LINEA PP":"B","LINEA  ACTUAL":"B","OTORGANTE":"MA. DE JESUS PERALES","PDF TITULO":"SI","ESTADO":"QUERETARO","MUNICIPIO":"CANADA","KM INI. FISICO":"263+559.60","KM FIN. FISICO":"263+581.10","KM INI. DOCUMENTAL":"263+733.79","KM FIN. DOCUMENTAL":"263+755.29","SUPERFICIE":"645","ANCHO D.V. L.D.":"15","ANCHO D.V. L.I.":"15","DATOS REGISTRALES":"ESCRITURA PUBLICA DE COMPRAVENTA DE FECHA 18 DE OCTUBRE DE 1902, INSCRITA EN EL REGISTRO PUBLICO DE QUERETARO, BAJO EL NUMERO 237, EXPEDIENTE 10, DE FECHA 17 DE JUNIO DE 1903.","nombre":"748"},"geometry":{"type":"Polygon","coordinates":[[[-100.347509,20.60544],[-100.347694,20.605378],[-100.3478,20.60563],[-100.347597,20.605698],[-100.347509,20.60544]]]}},{"type":"Feature","properties":{"LINEA PP":"B","LINEA  ACTUAL":"B","OTORGANTE":"ISABEL PERALES","PDF TITULO":"SI","ESTADO":"QUERETARO","MUNICIPIO":"CANADA","KM INI. FISICO":"263+590.60","KM FIN. FISICO":"263+607.60","KM INI. DOCUMENTAL":"263+764.79","KM FIN. DOCUMENTAL":"263+781.79","SUPERFICIE":"510","ANCHO D.V. L.D.":"15","ANCHO D.V. L.I.":"15","DATOS REGISTRALES":"ESCRITURA PUBLICA DE COMPRAVENTA DE FECHA 06 DE OCTUBRE DE 1902, INSCRITA EN EL REGISTRO PUBLICO DE QUERETARO, BAJO EL NUMERO 1368, INSCRIPCION 1320, FOJA 145, LIBRO 7, DE FECHA 18 DE JUNIO DE 1903.","nombre":"749"},"geometry":{"type":"Polygon","coordinates":[[[-100.347779,20.605346],[-100.347929,20.60529],[-100.348038,20.605541],[-100.347885,20.605598],[-100.347779,20.605346]]]}},{"type":"Feature","properties":{"LINEA PP":"B","LINEA  ACTUAL":"B","OTORGANTE":"MARIA MAGDALENA PERALES, GERMAN LUNA Y ROSALIO LUNA","PDF TITULO":"SI","ESTADO":"QUERETARO","MUNICIPIO":"CANADA","KM INI. FISICO":"263+607.60","KM FIN. FISICO":"263+621.60","KM INI. DOCUMENTAL":"263+781.79\n263+937.29","KM FIN. DOCUMENTAL":"263+795.79\n263+975.79","SUPERFICIE":"400.00\n1155.00","ANCHO D.V. L.D.":"15","ANCHO D.V. L.I.":"15","DATOS REGISTRALES":"ESCRITURA PUBLICA DE COMPRAVENTA DE FECHA 20 DE OCTUBRE DE 1902, INSCRITA EN EL REGISTRO PUBLICO DE QUERETARO, BAJO EL NUMERO 1148, INSCRIPCION 1100, FOJA 46, LIBRO 6, DE FECHA 16 DE DICIEMBRE DE 1902.","OBSERVACIONES":"EL TITULO AMPARA 2 FRACCIONES DE LAS CUALES SOLO ES DE INTERES LA PRIMER FRACCION CON UNA SUPERCIE DE 400 M2.","nombre":"750"},"geometry":{"type":"Polygon","coordinates":[[[-100.347929,20.60529],[-100.348048,20.605242],[-100.348166,20.605489],[-100.348038,20.605541],[-100.347929,20.60529]]]}},{"type":"Feature","properties":{"LINEA PP":"B","LINEA  ACTUAL":"B","OTORGANTE":"ROSA LUNA","PDF TITULO":"SI","ESTADO":"QUERETARO","MUNICIPIO":"CANADA","KM INI. FISICO":"263+630.10","KM FIN. FISICO":"263+650.60","KM INI. DOCUMENTAL":"263+804.29","KM FIN. DOCUMENTAL":"263+824.79","SUPERFICIE":"615","ANCHO D.V. L.D.":"15","ANCHO D.V. L.I.":"15","DATOS REGISTRALES":"ESCRITURA PUBLICA DE COMPRAVENTA DE FECHA 03 DE NOVIEMBRE DE 1902, QUEDA AGREGADO EL EJEMPLAR DETERMINADO POR LA LEY BAJO EL NO. 251, EXPEDIENTE 09, DE FECHA 16 DE DICIEMBRE DE 1902.","nombre":"751"},"geometry":{"type":"Polygon","coordinates":[[[-100.348285,20.605137],[-100.348432,20.60537],[-100.34824,20.605457],[-100.348123,20.60521],[-100.348285,20.605137]]]}},{"type":"Feature","properties":{"LINEA PP":"B","LINEA  ACTUAL":"B","OTORGANTE":"MARIA MAGDALENA PERALES, GERMAN LUNA Y ROSALIO LUNA","PDF TITULO":"SI","ESTADO":"QUERETARO","MUNICIPIO":"CANADA","KM INI. FISICO":"263+607.60","KM FIN. FISICO":"263+621.60","KM INI. DOCUMENTAL":"263+781.79\n263+937.29","KM FIN. DOCUMENTAL":"263+795.79\n263+975.79","SUPERFICIE":"400.00\n1155.00","ANCHO D.V. L.D.":"15","ANCHO D.V. L.I.":"15","DATOS REGISTRALES":"ESCRITURA PUBLICA DE COMPRAVENTA DE FECHA 20 DE OCTUBRE DE 1902, INSCRITA EN EL REGISTRO PUBLICO DE QUERETARO, BAJO EL NUMERO 1148, INSCRIPCION 1100, FOJA 46, LIBRO 6, DE FECHA 16 DE DICIEMBRE DE 1902.","OBSERVACIONES":"EL TITULO AMPARA 2 FRACCIONES DE LAS CUALES SOLO ES DE INTERES LA PRIMER FRACCION CON UNA SUPERCIE DE 400 M2.","nombre":"750"},"geometry":{"type":"Polygon","coordinates":[[[-100.349183,20.604599],[-100.349482,20.604396],[-100.349655,20.604612],[-100.349354,20.604816],[-100.349183,20.604599]]]}},{"type":"Feature","properties":{"nombre":"753"},"geometry":{"type":"Polygon","coordinates":[[[-100.349875,20.604143],[-100.350428,20.603838],[-100.35057,20.604074],[-100.350038,20.604366],[-100.349875,20.604143]]]}},{"type":"Feature","properties":{"LINEA PP":"B","LINEA  ACTUAL":"B","OTORGANTE":"NATIVIDAD HERNANDEZ","PDF TITULO":"SI","ESTADO":"QUERETARO","MUNICIPIO":"CANADA","KM INI. FISICO":"S/D","KM FIN. FISICO":"S/D","KM INI. DOCUMENTAL":"260+644.29\n260+693.29\n264+090.29","KM FIN. DOCUMENTAL":"260+668.29\n260+768.49\n264+137.29","SUPERFICIE":"1449.00\n1410.00","ANCHO D.V. L.D.":"0","ANCHO D.V. L.I.":"IRREGULAR","DATOS REGISTRALES":"ESCRITURA PUBLICA DE COMPRAVENTA DE 26 DE MAYO DE 1903, INSCRITO EN EL REGISTRO PUBLICO DEL ESTADO EL 08 DE JULIO DE 1903, BAJO EL NUMERO 1382, FOJA 180, LIBRO 7.","OBSERVACIONES":"EL TITULO AMPARA 3 FRACCIONES DE LAS CUALES SOLO ES DE INTERES LAS PRIMERAS DOS FRACCIONES LAS CUALES SUMAN UNA SUPERCIE DE 1449 M2.","nombre":"626"},"geometry":{"type":"Polygon","coordinates":[[[-100.350428,20.603838],[-100.35083,20.603638],[-100.350965,20.603877],[-100.35057,20.604074],[-100.350428,20.603838]]]}},{"type":"Feature","properties":{"nombre":"754"},"geometry":{"type":"Polygon","coordinates":[[[-100.35083,20.603638],[-100.351003,20.603555],[-100.351135,20.603796],[-100.350965,20.603877],[-100.35083,20.603638]]]}},{"type":"Feature","properties":{"nombre":"755"},"geometry":{"type":"Polygon","coordinates":[[[-100.351003,20.603555],[-100.35157,20.603279],[-100.35171,20.603516],[-100.351135,20.603796],[-100.351003,20.603555]]]}},{"type":"Feature","properties":{"LINEA PP":"B","LINEA  ACTUAL":"B","OTORGANTE":"EPIGMENIA CORONEL","PDF TITULO":"SI","ESTADO":"QUERETARO","MUNICIPIO":"CANADA","KM INI. FISICO":"264+108.60","KM FIN. FISICO":"264+115.60","KM INI. DOCUMENTAL":"264+256.79","KM FIN. DOCUMENTAL":"264+263.79","SUPERFICIE":"210","ANCHO D.V. L.D.":"15","ANCHO D.V. L.I.":"15","DATOS REGISTRALES":"ESCRITURA PUBLICA DE COMPRAVENTA DE FECHA 20 DE OCTUBRE DE 1902, QUEDA AGREGADO EL EJEMPLAR DETERMINADO POR LA LEY BAJO EL NUMERO 101, EXPEDIENTE 10, DE FECHA 9 DE MARZO DE 1903.","nombre":"757"},"geometry":{"type":"Polygon","coordinates":[[[-100.35207,20.603031],[-100.352146,20.602996],[-100.352248,20.60325],[-100.352203,20.603271],[-100.35207,20.603031]]]}},{"type":"Feature","properties":{"LINEA PP":"B","LINEA  ACTUAL":"B","OTORGANTE":"NORBERTO RAMOS","PDF TITULO":"SI","ESTADO":"QUERETARO","MUNICIPIO":"CANADA","KM INI. FISICO":"264+115.60","KM FIN. FISICO":"264+145.60","KM INI. DOCUMENTAL":"264+263.79","KM FIN. DOCUMENTAL":"264+279.29","SUPERFICIE":"465","ANCHO D.V. L.D.":"15","ANCHO D.V. L.I.":"15","DATOS REGISTRALES":"ESCRITURA PUBLICA DE COMPRAVENTA DE FECHA 31 DE MARZO DE 1903, QUEDA AGREGADO EL EJEMPLAR DETERMINADO POR LA LEY BAJO EL NUMERO 261, EXPEDIENTE 10, DE FECHA 19 DE JUNIO DE 1903.","nombre":"758"},"geometry":{"type":"Polygon","coordinates":[[[-100.352146,20.602996],[-100.35226,20.602938],[-100.352396,20.603176],[-100.352248,20.60325],[-100.352146,20.602996]]]}},{"type":"Feature","properties":{"nombre":"759"},"geometry":{"type":"Polygon","coordinates":[[[-100.35226,20.602938],[-100.352383,20.602875],[-100.352517,20.603115],[-100.352396,20.603176],[-100.35226,20.602938]]]}},{"type":"Feature","properties":{"LINEA PP":"B","LINEA  ACTUAL":"B","OTORGANTE":"CONCEPCION RAMIREZ","PDF TITULO":"SI","ESTADO":"QUERETARO","MUNICIPIO":"CANADA","KM INI. FISICO":"260+941.35","KM FIN. FISICO":"260+968.75","KM INI. DOCUMENTAL":"261+115.99","KM FIN. DOCUMENTAL":"261+143.39","SUPERFICIE":"822","ANCHO D.V. L.D.":"15","ANCHO D.V. L.I.":"15","DATOS REGISTRALES":"ESCRITURA PUBLICA DE COMPRAVENTA DE FECHA 23 DE OCTUBRE DE 1902, INSCRITA EN EL REGISTRO PUBLICO DE QUERETARO, BAJO EL NUMERO 108, EXPEDIENTE 10, DE FECHA 09 DE MARZO DE 1903.","nombre":"639"},"geometry":{"type":"Polygon","coordinates":[[[-100.326436,20.614981],[-100.326559,20.61477],[-100.326805,20.61491],[-100.326673,20.615133],[-100.326436,20.614981]]]}},{"type":"Feature","properties":{"LINEA PP":"B","LINEA  ACTUAL":"B","OTORGANTE":"APOLINAR LOPEZ","PDF TITULO":"SI","ESTADO":"QUERETARO","MUNICIPIO":"CANADA","KM INI. FISICO":"260+504.65","KM FIN. FISICO":"260+524.65","KM INI. DOCUMENTAL":"260+679.29","KM FIN. DOCUMENTAL":"260+699.29","SUPERFICIE":"0","ANCHO D.V. L.D.":"15","ANCHO D.V. L.I.":"15","DATOS REGISTRALES":"ESCRITURA PUBLICA DE COMPRAVENTA DE 31 DE OCTUBRE DE 1902, INSCRITO EN EL REGISTRO PUBLICO DEL ESTADO EL 16 DE DICIEMBRTE DE 1902, BAJO EL NUMERO 249, EXPEDIENTE 9.","nombre":"622"},"geometry":{"type":"Polygon","coordinates":[[[-100.32334,20.617374],[-100.32352,20.617311],[-100.323618,20.617566],[-100.323438,20.617629],[-100.32334,20.617374]]]}},{"type":"Feature","properties":{"LINEA PP":"B","LINEA  ACTUAL":"B","OTORGANTE":"MANUEL MARTINEZ","PDF TITULO":"SI","ESTADO":"QUERETARO","MUNICIPIO":"CANADA","KM INI. FISICO":"260+524.65","KM FIN. FISICO":"260+544.65","KM INI. DOCUMENTAL":"260+699.29","KM FIN. DOCUMENTAL":"260+719.29","SUPERFICIE":"600","ANCHO D.V. L.D.":"15","ANCHO D.V. L.I.":"15","DATOS REGISTRALES":"ESCRITURA PUBLICA DE COMPRAVENTA DE 10 DE NOVIEMBRE DE 1902, INSCRITO EN EL REGISTRO PUBLICO DEL ESTADO EL 17 DE JUNIO DE 1903, BAJO EL NUMERO 245, EXPEDIENTE 10.","nombre":"623"},"geometry":{"type":"Polygon","coordinates":[[[-100.32352,20.617311],[-100.323698,20.61725],[-100.323799,20.617502],[-100.323618,20.617566],[-100.32352,20.617311]]]}},{"type":"Feature","properties":{"LINEA PP":"B","LINEA  ACTUAL":"B","OTORGANTE":"MA. TRINIDAD MARTINEZ VDA DE RAMIREZ","PDF TITULO":"SI","ESTADO":"QUERETARO","MUNICIPIO":"CANADA","KM INI. FISICO":"260+544.65","KM FIN. FISICO":"260+593.85","KM INI. DOCUMENTAL":"260+719.29","KM FIN. DOCUMENTAL":"260+768.49","SUPERFICIE":"1476","ANCHO D.V. L.D.":"15","ANCHO D.V. L.I.":"15","DATOS REGISTRALES":"ESCRITURA PUBLICA DE COMPRAVENTA DE 18 DE NOVIEMBRE DE 1902, INSCRITO EN EL REGISTRO PUBLICO DEL ESTADO EL 05 DE AGOSTO DE 1903, BAJO EL NUMERO 302, EXPEDIENTE 10.","nombre":"624"},"geometry":{"type":"Polygon","coordinates":[[[-100.323698,20.61725],[-100.32411,20.61707],[-100.324245,20.61731],[-100.323799,20.617502],[-100.323698,20.61725]]]}},{"type":"Feature","properties":{"LINEA PP":"B","LINEA  ACTUAL":"B","OTORGANTE":"JESUS RAMIREZ CHAVEZ","PDF TITULO":"SI","ESTADO":"QUERETARO","MUNICIPIO":"CANADA","KM INI. FISICO":"260+648.35","KM FIN. FISICO":"260+698.70","KM INI. DOCUMENTAL":"260+823.49","KM FIN. DOCUMENTAL":"260+873.34","SUPERFICIE":"1495.5","ANCHO D.V. L.D.":"15","ANCHO D.V. L.I.":"15","DATOS REGISTRALES":"ESCRITURA PUBLICA DE COMPRAVENTA DE FECHA 23 DE SEPTIEMBRE DE 1902, INSCRITA EN EL REGISTRO PUBLICO DE QUERETARO, BAJO EL NUMERO 4, EXPEDIENTE 10, DE FECHA 03 DE ENERO DE 1903.","nombre":"630"},"geometry":{"type":"Polygon","coordinates":[[[-100.324559,20.616834],[-100.324939,20.616589],[-100.325125,20.616796],[-100.324717,20.617061],[-100.324559,20.616834]]]}},{"type":"Feature","properties":{"LINEA PP":"B","LINEA  ACTUAL":"B","OTORGANTE":"JOSE LOPEZ","PDF TITULO":"SI","ESTADO":"QUERETARO","MUNICIPIO":"CANADA","KM INI. FISICO":"260+698.70","KM FIN. FISICO":"260+706.55","KM INI. DOCUMENTAL":"260+873.34","KM FIN. DOCUMENTAL":"260+881.19","SUPERFICIE":"235.5","ANCHO D.V. L.D.":"15","ANCHO D.V. L.I.":"15","DATOS REGISTRALES":"ESCRITURA PUBLICA DE COMPRAVENTA DE FECHA 10 DE ENERO DE 1903, INSCRITA EN EL REGISTRO PUBLICO DE QUERETARO, BAJO EL NUMERO 147, EXPEDIENTE 10, DE FECHA 28 DE ABRIL DE 1903.","nombre":"631"},"geometry":{"type":"Polygon","coordinates":[[[-100.324939,20.616589],[-100.324999,20.616543],[-100.325182,20.616752],[-100.325125,20.616796],[-100.324939,20.616589]]]}},{"type":"Feature","properties":{"nombre":"632"},"geometry":{"type":"Polygon","coordinates":[[[-100.324999,20.616543],[-100.325121,20.616449],[-100.325307,20.616656],[-100.325182,20.616752],[-100.324999,20.616543]]]}},{"type":"Feature","properties":{"nombre":"634"},"geometry":{"type":"Polygon","coordinates":[[[-100.325283,20.616323],[-100.325387,20.61624],[-100.32558,20.616441],[-100.325465,20.616534],[-100.325283,20.616323]]]}},{"type":"Feature","properties":{"nombre":"635"},"geometry":{"type":"Polygon","coordinates":[[[-100.325613,20.616056],[-100.325776,20.615864],[-100.325994,20.616039],[-100.325811,20.61624],[-100.325613,20.616056]]]}},{"type":"Feature","properties":{"nombre":"637"},"geometry":{"type":"Polygon","coordinates":[[[-100.325877,20.615749],[-100.325999,20.615604],[-100.326227,20.615769],[-100.326099,20.615922],[-100.325877,20.615749]]]}},{"type":"Feature","properties":{"nombre":"619"},"geometry":{"type":"Polygon","coordinates":[[[-100.325999,20.615604],[-100.326105,20.615473],[-100.326331,20.615641],[-100.326227,20.615769],[-100.325999,20.615604]]]}},{"type":"Feature","properties":{"nombre":"638"},"geometry":{"type":"Polygon","coordinates":[[[-100.326105,20.615473],[-100.326221,20.615309],[-100.326449,20.615475],[-100.326331,20.615641],[-100.326105,20.615473]]]}},{"type":"Feature","properties":{"LINEA PP":"B","LINEA  ACTUAL":"B","OTORGANTE":"MARTIN NIEVES","PDF TITULO":"SI","ESTADO":"QUERETARO","MUNICIPIO":"DE LA CANADA","KM INI. FISICO":"264+171.60","KM FIN. FISICO":"264+187.60","KM INI. DOCUMENTAL":"264+319.79","KM FIN. DOCUMENTAL":"264+335.79","SUPERFICIE":"480","ANCHO D.V. L.D.":"15","ANCHO D.V. L.I.":"15","DATOS REGISTRALES":"ESCRITURA DE ADJUICACION POR CAUSA DE UTILIDAD PUBLICA OTORGADA POR EL JUEZ DE DISTRITO EN EL ESTADO DE QUERETARO EN EL JUICIO DE EXPROPIACION RESPECTIVA EN 6 DE DICIEMBRE DE 1904","nombre":"760"},"geometry":{"type":"Polygon","coordinates":[[[-100.352607,20.602768],[-100.352747,20.602703],[-100.352873,20.602946],[-100.352739,20.603009],[-100.352607,20.602768]]]}},{"type":"Feature","properties":{"LINEA PP":"B","LINEA  ACTUAL":"B","OTORGANTE":"GERONIMO HERNANDEZ","PDF TITULO":"SI","ESTADO":"QUERETARO","MUNICIPIO":"DE LA CANADA","KM INI. FISICO":"264+187.60","KM FIN. FISICO":"264+211.60","KM INI. DOCUMENTAL":"264+335.79","KM FIN. DOCUMENTAL":"264+359.79","SUPERFICIE":"720","ANCHO D.V. L.D.":"15","ANCHO D.V. L.I.":"15","DATOS REGISTRALES":"ESCRITURA PUBLICA DE COMPRAVENTA DE 3  DE NOVIEMBRE DE 1902, INSCRITA EN EL RPP DEL ESTADO DE QUERETARO BAJO EL NUMERO 96 DEL EXPEDENTE NUMERO 10 DEL 9 DE MARZO DE 1903","nombre":"761"},"geometry":{"type":"Polygon","coordinates":[[[-100.352747,20.602703],[-100.352948,20.602602],[-100.353079,20.602844],[-100.352873,20.602946],[-100.352747,20.602703]]]}},{"type":"Feature","properties":{"LINEA PP":"B","LINEA  ACTUAL":"B","OTORGANTE":"VENTURA RAMIREZ","PDF TITULO":"SI","ESTADO":"QUERETARO","MUNICIPIO":"DE LA CANADA","KM INI. FISICO":"264+211.60","KM FIN. FISICO":"264+230.10","KM INI. DOCUMENTAL":"264+359.79","KM FIN. DOCUMENTAL":"264+378.29","SUPERFICIE":"555","ANCHO D.V. L.D.":"15","ANCHO D.V. L.I.":"15","DATOS REGISTRALES":"ESCRITURA PUBLICA DE COMPRAVENTA DE 20  DE DICIEMBRE DE 1902, INSCRITA EN EL RPP DEL ESTADO DE QUERETARO BAJO EL NUMERO 160 DEL EXPEDENTE NUMERO 10 EL 28 DE ABRIL DE 1903","nombre":"762"},"geometry":{"type":"Polygon","coordinates":[[[-100.352948,20.602602],[-100.353107,20.602525],[-100.353236,20.602768],[-100.353079,20.602844],[-100.352948,20.602602]]]}},{"type":"Feature","properties":{"LINEA PP":"B","LINEA  ACTUAL":"B","OTORGANTE":"FRANCISCA LUNA","PDF TITULO":"SI","ESTADO":"QUERETARO","MUNICIPIO":"DE LA CANADA","KM INI. FISICO":"264+230.10","KM FIN. FISICO":"264+272.60","KM INI. DOCUMENTAL":"264+378.29","KM FIN. DOCUMENTAL":"264+420.79","SUPERFICIE":"1275","ANCHO D.V. L.D.":"15","ANCHO D.V. L.I.":"15","DATOS REGISTRALES":"ESCRITURA PUBLICA DE COMPRAVENTA DE 11  DE NOVIEMBRE DE 1902, INSCRITA EN EL RPP DEL ESTADO DE QUERETARO BAJO EL NUMERO 1217 INSCRIPCION 1169 FOJAS 126, LIBRO 6 EL 14 DE MARZO DE 1903","nombre":"763"},"geometry":{"type":"Polygon","coordinates":[[[-100.353107,20.602525],[-100.353477,20.602353],[-100.353597,20.602599],[-100.353235,20.602767],[-100.353107,20.602525]]]}},{"type":"Feature","properties":{"LINEA PP":"B","LINEA  ACTUAL":"B","OTORGANTE":"HESIQUIO MARTINEZ","PDF TITULO":"SI","ESTADO":"QUERETARO","MUNICIPIO":"DE LA CANADA","KM INI. FISICO":"264+277.60","KM FIN. FISICO":"264+296.60","KM INI. DOCUMENTAL":"264+420.79","KM FIN. DOCUMENTAL":"264+444.79","SUPERFICIE":"720","ANCHO D.V. L.D.":"15","ANCHO D.V. L.I.":"15","DATOS REGISTRALES":"ESCRITURA PUBLICA DE COMPRAVENTA DE 19  DE NOVIEMBRE DE 1902, INSCRITA EN EL RPP DEL ESTADO DE QUERETARO BAJO EL NUMERO 18 DEL EXPEDIENTE NUMERO 10 EL 14 DE ENERO DE 1903","nombre":"764"},"geometry":{"type":"Polygon","coordinates":[[[-100.353477,20.602353],[-100.353688,20.602263],[-100.353805,20.60251],[-100.353597,20.602599],[-100.353477,20.602353]]]}},{"type":"Feature","properties":{"LINEA PP":"B","LINEA  ACTUAL":"B","OTORGANTE":"YSIDORO SANCHEZ","PDF TITULO":"SI","ESTADO":"QUERETARO","MUNICIPIO":"DE LA CANADA","KM INI. FISICO":"264+296.60","KM FIN. FISICO":"264+327.60","KM INI. DOCUMENTAL":"264+444.79","KM FIN. DOCUMENTAL":"264+475.79","SUPERFICIE":"930","ANCHO D.V. L.D.":"15","ANCHO D.V. L.I.":"15","DATOS REGISTRALES":"ESCRITURA PUBLICA DE COMPRAVENTA DE 18  DE NOVIEMBRE DE 1902, INSCRITA EN EL RPP DEL ESTADO DE QUERETARO BAJO EL NUMERO 253 DEL EXPEDIENTE NUMERO 10 EL 17 DE JUNIO DE 1903","nombre":"765"},"geometry":{"type":"Polygon","coordinates":[[[-100.353688,20.602263],[-100.353971,20.602153],[-100.354072,20.602407],[-100.353805,20.60251],[-100.353688,20.602263]]]}},{"type":"Feature","properties":{"LINEA PP":"B","LINEA  ACTUAL":"B","OTORGANTE":"SABINO MARTINEZ","PDF TITULO":"SI","ESTADO":"QUERETARO","MUNICIPIO":"DE LA CANADA","KM INI. FISICO":"264+327.60","KM FIN. FISICO":"264+356.10","KM INI. DOCUMENTAL":"264+475.79","KM FIN. DOCUMENTAL":"264+504.29","SUPERFICIE":"855","ANCHO D.V. L.D.":"15","ANCHO D.V. L.I.":"15","DATOS REGISTRALES":"ESCRITURA PUBLICA DE COMPRAVENTA DE 23  DE OCTUBRE DE 1902, INSCRITA EN EL RPP DEL ESTADO DE QUERETARO BAJO EL NUMERO 306 DEL EXPEDIENTE NUMERO 10 EL 5 DE AGOSTO DE 1903","nombre":"766"},"geometry":{"type":"Polygon","coordinates":[[[-100.353971,20.602153],[-100.354234,20.602064],[-100.354324,20.602321],[-100.354072,20.602407],[-100.353971,20.602153]]]}},{"type":"Feature","properties":{"LINEA PP":"B","LINEA  ACTUAL":"B","OTORGANTE":"PEDRO MARTINEZ","PDF TITULO":"SI","ESTADO":"QUERETARO","MUNICIPIO":"DE LA CANADA","KM INI. FISICO":"264+356.10","KM FIN. FISICO":"264+380.10","KM INI. DOCUMENTAL":"264+504.29","KM FIN. DOCUMENTAL":"264+528.29","SUPERFICIE":"720","ANCHO D.V. L.D.":"15","ANCHO D.V. L.I.":"15","DATOS REGISTRALES":"ESCRITURA PUBLICA DE COMPRAVENTA DE 24  DE OCTUBRE DE 1902, INSCRITA EN EL RPP DEL ESTADO DE QUERETARO BAJO EL NUMERO 252 DEL EXPEDIENTE NUMERO 10 EL 17 DE JUNIO DE 1903","nombre":"767"},"geometry":{"type":"Polygon","coordinates":[[[-100.354234,20.602064],[-100.354457,20.601995],[-100.354539,20.602255],[-100.354324,20.602321],[-100.354234,20.602064]]]}},{"type":"Feature","properties":{"LINEA PP":"B","LINEA  ACTUAL":"B","OTORGANTE":"MARGARITO PERALES","PDF TITULO":"SI","ESTADO":"QUERETARO","MUNICIPIO":"DE LA CANADA","KM INI. FISICO":"264+380.10","KM FIN. FISICO":"264+390.10","KM INI. DOCUMENTAL":"264+528.29","KM FIN. DOCUMENTAL":"264+538.29","SUPERFICIE":"300","ANCHO D.V. L.D.":"15","ANCHO D.V. L.I.":"15","DATOS REGISTRALES":"ESCRITURA PUBLICA DE COMPRAVENTA DE 26 DE SEPTIEMBRE DE 1902, INSCRITA EN EL RPP DEL ESTADO DE QUERETARO BAJO EL NUMERO 100 DEL EXPEDIENTE NUMERO 10 EL 9 DE MARZO DE 1903","nombre":"768"},"geometry":{"type":"Polygon","coordinates":[[[-100.354457,20.601995],[-100.354546,20.601969],[-100.354633,20.602227],[-100.354539,20.602255],[-100.354457,20.601995]]]}},{"type":"Feature","properties":{"nombre":"S/D"},"geometry":{"type":"Polygon","coordinates":[[[-100.354546,20.601969],[-100.355483,20.601763],[-100.356525,20.60164],[-100.357035,20.601628],[-100.35814,20.601715],[-100.358113,20.601985],[-100.357031,20.601899],[-100.356543,20.601911],[-100.355533,20.60203],[-100.354633,20.602227],[-100.354546,20.601969]]]}},{"type":"Feature","properties":{"LINEA PP":"B","LINEA  ACTUAL":"B","OTORGANTE":"NICOLAS CRUZ","PDF TITULO":"SI","ESTADO":"QUERETARO","MUNICIPIO":"LA CANADA","KM INI. FISICO":"264+762.87","KM FIN. FISICO":"264+771.37","KM INI. DOCUMENTAL":"264+891.29","KM FIN. DOCUMENTAL":"264+900.79","SUPERFICIE":"255","ANCHO D.V. L.D.":"15","ANCHO D.V. L.I.":"15","DATOS REGISTRALES":"ESCRITURA PUBLICA DE COMPRAVENTA DE 13 DE OCTUBRE DE 1902, INSCRITA EN RPP DEL EDO DE QUERETARO, BAJO EL NUMERO 252 DEL EXPEDIENTE 9 EN EL ANO DE 1902.","OBSERVACIONES":"EL ANCHO DEL DERECHO DE VIA SE OBTUVO DEL PLANO","nombre":"769"},"geometry":{"type":"Polygon","coordinates":[[[-100.35814,20.601715],[-100.358226,20.601724],[-100.358189,20.601993],[-100.358113,20.601985],[-100.35814,20.601715]]]}},{"type":"Feature","properties":{"LINEA PP":"B","LINEA  ACTUAL":"B","OTORGANTE":"ISIDRO GONZALEZ","PDF TITULO":"SI","ESTADO":"QUERETARO","MUNICIPIO":"LA CANADA","KM INI. FISICO":"264+789.37","KM FIN. FISICO":"264+796.87","KM INI. DOCUMENTAL":"264+917.79","KM FIN. DOCUMENTAL":"264+928.29","SUPERFICIE":"370.5","ANCHO D.V. L.D.":"IRREGULAR","ANCHO D.V. L.I.":"15","DATOS REGISTRALES":"ESCRITURA PUBLICA DE COMPRAVENTA DE 06 DE OCTUBRE DE 1902, INSCRITA EN RPP DEL EDO DE QUERETARO, BAJO EL NUMERO 1181, A FOJA 139, LIBRO 6, DE FECHA 16 DE MARZO DE 1903.","OBSERVACIONES":"EL ANCHO DEL DERECHO DE VIA SE OBTUVO DEL PLANO","nombre":"771"},"geometry":{"type":"Polygon","coordinates":[[[-100.358479,20.601892],[-100.358379,20.60188],[-100.358397,20.601746],[-100.358495,20.601758],[-100.358479,20.601892]]]}},{"type":"Feature","properties":{"LINEA PP":"B","LINEA  ACTUAL":"B","OTORGANTE":"MARIA LUZ PEREZ","PDF TITULO":"SI","ESTADO":"QUERETARO","MUNICIPIO":"LA CANADA","KM INI. FISICO":"264+806.87","KM FIN. FISICO":"264+815.37","KM INI. DOCUMENTAL":"264+935.29","KM FIN. DOCUMENTAL":"264+943.79","SUPERFICIE":"105","ANCHO D.V. L.D.":"0","ANCHO D.V. L.I.":"15","DATOS REGISTRALES":"ESCRITURA PUBLICA DE COMPRAVENTA DE 26  DE SEPTIEMBRE DE 1902, INSCRITA EN RPP DEL EDO DE QUERETARO, BAJO EL NUMERO 253, DE FECHA 16 DE DICIEMBRE DE 1902.","OBSERVACIONES":"EL ANCHO DEL DERECHO DE VIA SE OBTUVO DE LA ESCRITURA","nombre":"773"},"geometry":{"type":"Polygon","coordinates":[[[-100.35856,20.601765],[-100.358647,20.601777],[-100.358626,20.60191],[-100.358545,20.6019],[-100.35856,20.601765]]]}},{"type":"Feature","properties":{"LINEA PP":"B","LINEA  ACTUAL":"B","OTORGANTE":"LORENZO VILLEGAS","PDF TITULO":"SI","ESTADO":"QUERETARO","MUNICIPIO":"LA CANADA","KM INI. FISICO":"264+806.87","KM FIN. FISICO":"264+815.37","KM INI. DOCUMENTAL":"264+943.79","KM FIN. DOCUMENTAL":"264+952.29","SUPERFICIE":"122","ANCHO D.V. L.D.":"0","ANCHO D.V. L.I.":"15","DATOS REGISTRALES":"ESCRITURA PUBLICA DE COMPRAVENTA DE 24  DE SEPTIEMBRE DE 1902, INSCRITA EN RPP DEL EDO DE QUERETARO, BAJO EL NUMERO 254, DE MISMA.","OBSERVACIONES":"EL ANCHO DEL DERECHO DE VIA SE OBTUVO DE LA ESCRITURA","nombre":"774"},"geometry":{"type":"Polygon","coordinates":[[[-100.35873,20.601788],[-100.358707,20.601922],[-100.358626,20.60191],[-100.358647,20.601777],[-100.35873,20.601788]]]}},{"type":"Feature","properties":{"LINEA PP":"B","LINEA  ACTUAL":"B","OTORGANTE":"ISIDORA TERRAZAS","PDF TITULO":"SI","ESTADO":"QUERETARO","MUNICIPIO":"LA CANADA","KM INI. FISICO":"264+796.87","KM FIN. FISICO":"264+824.87","KM INI. DOCUMENTAL":"264+943.79","KM FIN. DOCUMENTAL":"264+955.29","SUPERFICIE":"294.49","ANCHO D.V. L.D.":"15","ANCHO D.V. L.I.":"0","DATOS REGISTRALES":"ESCRITURA PUBLICA DE COMPRAVENTA DE 26  DE SEPTIEMBRE DE 1903, INSCRITA EN RPP DEL EDO DE QUERETARO, BAJO EL NUMERO 429, DE FECHA 28 DE NOVIEMBRE DE 1903.","OBSERVACIONES":"EL ANCHO DEL DERECHO DE VIA SE OBTUVO DEL PLANO","nombre":"778"},"geometry":{"type":"Polygon","coordinates":[[[-100.358683,20.602056],[-100.35846,20.602027],[-100.358479,20.601892],[-100.358707,20.601922],[-100.358683,20.602056]]]}},{"type":"Feature","properties":{"LINEA PP":"B","LINEA  ACTUAL":"B","OTORGANTE":"GABINO SOLIS","PDF TITULO":"SI","ESTADO":"QUERETARO","MUNICIPIO":"LA CANADA","KM INI. FISICO":"264+824.87","KM FIN. FISICO":"264+839.37","KM INI. DOCUMENTAL":"264+955.29","KM FIN. DOCUMENTAL":"264+967.29","SUPERFICIE":"450","ANCHO D.V. L.D.":"15","ANCHO D.V. L.I.":"15","DATOS REGISTRALES":"ESCRITURA PUBLICA DE COMPRAVENTA DE 26  DE SEPTIEMBRE DE 1902, INSCRITA EN RPP DEL EDO DE QUERETARO, BAJO EL NUMERO 1182, A FOOJA 140, LIBRO 6, DE FECHA 26 DE MARZO DE 1903.","OBSERVACIONES":"EL ANCHO DEL DERECHO DE VIA SE OBTUVO DEL PLANO","nombre":"779"},"geometry":{"type":"Polygon","coordinates":[[[-100.35873,20.601788],[-100.358879,20.601813],[-100.358827,20.602079],[-100.358683,20.602056],[-100.35873,20.601788]]]}},{"type":"Feature","properties":{"LINEA PP":"B","LINEA  ACTUAL":"B","OTORGANTE":"ELEUTERIO MORA","PDF TITULO":"SI","ESTADO":"QUERETARO","MUNICIPIO":"LA CANADA","KM INI. FISICO":"264+839.37","KM FIN. FISICO":"264+850.87","KM INI. DOCUMENTAL":"264+967.29","KM FIN. DOCUMENTAL":"264+978.79","SUPERFICIE":"315","ANCHO D.V. L.D.":"15","ANCHO D.V. L.I.":"IRREGULAR","DATOS REGISTRALES":"ESCRITURA PUBLICA DE COMPRAVENTA DE 27  DE SEPTIEMBRE DE 1902, INSCRITA EN RPP DEL EDO DE QUERETARO, BAJO EL NUMERO 22, EN  FECHA 14 DE ENERO DE 1903.","OBSERVACIONES":"EL ANCHO DEL DERECHO DE VIA SE OBTUVO DEL PLANO","nombre":"780"},"geometry":{"type":"Polygon","coordinates":[[[-100.358827,20.602079],[-100.358879,20.601813],[-100.358996,20.601834],[-100.358962,20.601966],[-100.358872,20.60195],[-100.358834,20.602081],[-100.358827,20.602079]]]}},{"type":"Feature","properties":{"LINEA PP":"B","LINEA  ACTUAL":"B","OTORGANTE":"OCTAVIO REGALADO Y JUAN ABOYTES","PDF TITULO":"SI","ESTADO":"QUERETARO","MUNICIPIO":"LA CANADA","KM INI. FISICO":"264+850.87","KM FIN. FISICO":"264+878.12","KM INI. DOCUMENTAL":"264+978.79","KM FIN. DOCUMENTAL":"265+006.04","SUPERFICIE":"408","ANCHO D.V. L.D.":"15","ANCHO D.V. L.I.":"IRREGULAR","DATOS REGISTRALES":"ESCRITURA PUBLICA DE COMPRAVENTA DE 03  DE NOVIEMBRE DE 1902, INSCRITA EN RPP DEL EDO DE QUERETARO, BAJO EL NUMERO 25, EN  FECHA 14 DE ENERO DE 1903.","OBSERVACIONES":"EL ANCHO DEL DERECHO DE VIA SE OBTUVO DE LA ESCRITURA","nombre":"782"},"geometry":{"type":"Polygon","coordinates":[[[-100.358872,20.60195],[-100.358962,20.601966],[-100.359036,20.601982],[-100.359127,20.602002],[-100.359094,20.602134],[-100.359002,20.602114],[-100.358927,20.602098],[-100.358834,20.602081],[-100.358872,20.60195]]]}},{"type":"Feature","properties":{"LINEA PP":"B","LINEA  ACTUAL":"B","OTORGANTE":"DIONISIO GUTIERREZ","PDF TITULO":"SI","ESTADO":"QUERETARO","MUNICIPIO":"LA CANADA","KM INI. FISICO":"264+860.37","KM FIN. FISICO":"264+868.37","KM INI. DOCUMENTAL":"264+988.29","KM FIN. DOCUMENTAL":"264+996.29","SUPERFICIE":"120","ANCHO D.V. L.D.":"0","ANCHO D.V. L.I.":"15","DATOS REGISTRALES":"ESCRITURA PUBLICA DE COMPRAVENTA DE 27  DE NOVIEMBRE DE 1902, INSCRITA EN RPP DEL EDO DE QUERETARO, BAJO EL NUMERO 64, EN  FECHA 31 DE ENERO DE 1903.","OBSERVACIONES":"EL ANCHO DEL DERECHO DE VIA SE OBTUVO DE LA ESCRITURA","nombre":"781"},"geometry":{"type":"Polygon","coordinates":[[[-100.358996,20.601834],[-100.35907,20.601851],[-100.359036,20.601982],[-100.358962,20.601966],[-100.358996,20.601834]]]}},{"type":"Feature","properties":{"LINEA PP":"B","LINEA  ACTUAL":"B","OTORGANTE":"TOMASA VAZQUEZ","PDF TITULO":"SI","ESTADO":"QUERETARO","MUNICIPIO":"LA CANADA","KM INI. FISICO":"264+868.37","KM FIN. FISICO":"264+878.12","KM INI. DOCUMENTAL":"264+996.29","KM FIN. DOCUMENTAL":"265+006.04","SUPERFICIE":"140","ANCHO D.V. L.D.":"0","ANCHO D.V. L.I.":"IRREGULAR","DATOS REGISTRALES":"ESCRITURA PUBLICA DE COMPRAVENTA DE 26  DE SEPTIEMBRE DE 1902, INSCRITA EN RPP DEL EDO DE QUERETARO, BAJO EL NUMERO 1151, A FOJA 49, LIBRO 6, DE FECHA 16 DE DICIEMBRE DE 1902.","OBSERVACIONES":"EL ANCHO DEL DERECHO DE VIA SE OBTUVO DEL PLANO","nombre":"783"},"geometry":{"type":"Polygon","coordinates":[[[-100.35907,20.601851],[-100.359161,20.60187],[-100.359127,20.602002],[-100.359036,20.601982],[-100.35907,20.601851]]]}},{"type":"Feature","properties":{"LINEA PP":"B","LINEA  ACTUAL":"B","OTORGANTE":"DOMINGO BAUTISTA","PDF TITULO":"SI","ESTADO":"QUERETARO","MUNICIPIO":"LA CANADA","KM INI. FISICO":"264+878.12","KM FIN. FISICO":"264+914.87","KM INI. DOCUMENTAL":"265+006.04","KM FIN. DOCUMENTAL":"265+042.79","SUPERFICIE":"551","ANCHO D.V. L.D.":"0","ANCHO D.V. L.I.":"15","DATOS REGISTRALES":"ESCRITURA PUBLICA DE COMPRAVENTA DE 26  DE SEPTIEMBRE DE 1902, INSCRITA EN RPP DEL EDO DE QUERETARO, BAJO EL NUMERO 1147, A FOJA 45, LIBRO 6, DE FECHA 26 DE DICIEMBRE DE 1902.","OBSERVACIONES":"EL ANCHO DEL DERECHO DE VIA SE OBTUVO DEL PLANO","nombre":"784"},"geometry":{"type":"Polygon","coordinates":[[[-100.359161,20.60187],[-100.35951,20.601946],[-100.359471,20.602076],[-100.359399,20.602056],[-100.359127,20.602002],[-100.359161,20.60187]]]}},{"type":"Feature","properties":{"LINEA PP":"B","LINEA  ACTUAL":"B","OTORGANTE":"SIXTO MORA","PDF TITULO":"SI","ESTADO":"QUERETARO","MUNICIPIO":"LA CANADA","KM INI. FISICO":"264+886.67","KM FIN. FISICO":"264+894.87","KM INI. DOCUMENTAL":"265+014.59","KM FIN. DOCUMENTAL":"265+022.79","SUPERFICIE":"123","ANCHO D.V. L.D.":"15","ANCHO D.V. L.I.":"IRREGULAR","DATOS REGISTRALES":"ESCRITURA PUBLICA DE COMPRAVENTA DE 27  DE OCTUBRE DE 1902, INSCRITA EN RPP DEL EDO DE QUERETARO, BAJO EL NUMERO 16, EXPEDIENTE 10, DE FECHA 14 DE ENERO DE 1903.","OBSERVACIONES":"EL ANCHO DEL DERECHO DE VIA SE OBTUVO DEL PLANO","nombre":"787"},"geometry":{"type":"Polygon","coordinates":[[[-100.359257,20.602168],[-100.359178,20.602151],[-100.359208,20.602019],[-100.359285,20.602034],[-100.359257,20.602168]]]}},{"type":"Feature","properties":{"LINEA PP":"B","LINEA  ACTUAL":"B","OTORGANTE":"TIBURCIO FRANCO","PDF TITULO":"SI","ESTADO":"QUERETARO","MUNICIPIO":"LA CANADA","KM INI. FISICO":"264+914.87","KM FIN. FISICO":"264+920.67","KM INI. DOCUMENTAL":"265+042.79","KM FIN. DOCUMENTAL":"265+048.59","SUPERFICIE":"87","ANCHO D.V. L.D.":"0","ANCHO D.V. L.I.":"IRREGULAR","DATOS REGISTRALES":"ESCRITURA PUBLICA DE COMPRAVENTA DE 04  DE NOVIEMBRE  DE 1902, INSCRITA EN RPP DEL EDO DE QUERETARO, BAJO EL NUMERO 30, EXPEDIENTE 10,  DE FECHA 14 DE ENERO DE 1903.","OBSERVACIONES":"EL ANCHO DEL DERECHO DE VIA SE OBTUVO DEL PLANO","nombre":"785"},"geometry":{"type":"Polygon","coordinates":[[[-100.359471,20.602076],[-100.35951,20.601946],[-100.359561,20.601959],[-100.359524,20.602091],[-100.359471,20.602076]]]}},{"type":"Feature","properties":{"LINEA PP":"B","LINEA  ACTUAL":"B","OTORGANTE":"PATRICIO SILVA","PDF TITULO":"SI","ESTADO":"QUERETARO","MUNICIPIO":"LA CANADA","KM INI. FISICO":"264+919.87","KM FIN. FISICO":"264+933.37","KM INI. DOCUMENTAL":"265+057.29","KM FIN. DOCUMENTAL":"265+061.29","SUPERFICIE":"44.12","ANCHO D.V. L.D.":"0","ANCHO D.V. L.I.":"14","DATOS REGISTRALES":"ESCRITURA PUBLICA DE COMPRAVENTA DE 16 DE DICIEMBRE DE 1904, INSCRITA EN RPP DEL EDO DE QUERETARO, BAJO EL NUMERO 29, EXPEDIENTE 12, DE FECHA 19 DE ENERO DE 1905","nombre":"790"},"geometry":{"type":"Polygon","coordinates":[[[-100.359604,20.602113],[-100.359651,20.601987],[-100.359688,20.601998],[-100.35964,20.602125],[-100.359604,20.602113]]]}},{"type":"Feature","properties":{"LINEA PP":"B","LINEA  ACTUAL":"B","OTORGANTE":"ANASTACIO OLGUIN Y PEDRO VELAZQUEZ","PDF TITULO":"SI","ESTADO":"QUERETARO","MUNICIPIO":"LA CANADA","KM INI. FISICO":"264+920.67","KM FIN. FISICO":"264+933.37","KM INI. DOCUMENTAL":"265+048.59","KM FIN. DOCUMENTAL":"265+061.29","SUPERFICIE":"237","ANCHO D.V. L.D.":"15","ANCHO D.V. L.I.":"IRREGULAR","DATOS REGISTRALES":"ESCRITURA PUBLICA DE COMPRAVENTA DE 13 DE OCTUBRE DE 1902, INSCRITA EN RPP DEL EDO DE QUERETARO, BAJO EL NUMERO 1367, A FOJA 143, LIBRO 7,  DE FECHA 17 DE JUNIO DE 1903.","OBSERVACIONES":"EL ANCHO DEL DERECHO DE VIA SE OBTUVO DEL PLANO","nombre":"791"},"geometry":{"type":"Polygon","coordinates":[[[-100.359524,20.602091],[-100.359604,20.602113],[-100.35964,20.602125],[-100.359594,20.602253],[-100.359488,20.602221],[-100.359524,20.602091]]]}},{"type":"Feature","properties":{"LINEA PP":"B","LINEA  ACTUAL":"B","OTORGANTE":"FRANCISCO ARAUJO","PDF TITULO":"SI","ESTADO":"QUERETARO","MUNICIPIO":"LA CANADA","KM INI. FISICO":"264+933.37","KM FIN. FISICO":"264+949.87","KM INI. DOCUMENTAL":"265+061.29","KM FIN. DOCUMENTAL":"265+077.79","SUPERFICIE":"136.8","ANCHO D.V. L.D.":"0","ANCHO D.V. L.I.":"IRREGULAR","DATOS REGISTRALES":"ESCRITURA PUBLICA DE COMPRAVENTA DE 15 DE OCTUBRE DE 1902, INSCRITA EN RPP DEL EDO DE QUERETARO, BAJO EL NUMERO 1365, A FOJA 140, LIBRO 7,  DE FECHA 18 DE JUNIO DE 1903.","OBSERVACIONES":"EL ANCHO DEL DERECHO DE VIA SE OBTUVO DEL PLANO","nombre":"792"},"geometry":{"type":"Polygon","coordinates":[[[-100.35964,20.602125],[-100.359688,20.601998],[-100.35984,20.602043],[-100.35979,20.602173],[-100.359773,20.602165],[-100.35964,20.602125]]]}},{"type":"Feature","properties":{"LINEA PP":"B","LINEA  ACTUAL":"B","OTORGANTE":"JOSE ABOYTES Y PAULA ABOYTES","PDF TITULO":"SI","ESTADO":"QUERETARO","MUNICIPIO":"LA CANADA","KM INI. FISICO":"264+933.37","KM FIN. FISICO":"264+949.87","KM INI. DOCUMENTAL":"265+061.29","KM FIN. DOCUMENTAL":"265+077.79","SUPERFICIE":"358.88","ANCHO D.V. L.D.":"15","ANCHO D.V. L.I.":"IRREGULAR","DATOS REGISTRALES":"ESCRITURA PUBLICA DE COMPRAVENTA DE 13 DE OCTUBRE DE 1902, INSCRITA EN RPP DEL EDO DE QUERETARO, BAJO EL NUMERO 1363, A FOJA 136, LIBRO 7,  DE FECHA 18 DE JUNIO DE 1903.","OBSERVACIONES":"EL ANCHO DEL DERECHO DE VIA SE OBTUVO DEL PLANO","nombre":"793"},"geometry":{"type":"Polygon","coordinates":[[[-100.35964,20.602125],[-100.359773,20.602165],[-100.35979,20.602173],[-100.359742,20.602298],[-100.359594,20.602253],[-100.35964,20.602125],[-100.35964,20.602125]]]}},{"type":"Feature","properties":{"LINEA PP":"B","LINEA  ACTUAL":"B","OTORGANTE":"FLORENTINA MEDINA VIUDA DE CARRILLO","PDF TITULO":"SI","ESTADO":"QUERETARO","MUNICIPIO":"LA CANADA","KM INI. FISICO":"264+987.37","KM FIN. FISICO":"264+998.37","KM INI. DOCUMENTAL":"265+115.29","KM FIN. DOCUMENTAL":"265+126.29","SUPERFICIE":"111.6","ANCHO D.V. L.D.":"0","ANCHO D.V. L.I.":"IRREGULAR","DATOS REGISTRALES":"ESCRITURA PUBLICA DE COMPRAVENTA DE 27 DE SEPTIEMBRE 1902, INSCRITA EN RPP DEL EDO DE QUERETARO, BAJO EL NUMERO 277, EXPEDIENTE 10,  DE FECHA 11 DE JULIO DE 1903.","OBSERVACIONES":"EL ANCHO DEL DERECHO DE VIA SE OBTUVO DEL PLANO","nombre":"794"},"geometry":{"type":"Polygon","coordinates":[[[-100.36018,20.602187],[-100.360298,20.602242],[-100.360214,20.602354],[-100.360119,20.602309],[-100.36018,20.602187]]]}},{"type":"Feature","properties":{"LINEA PP":"B","LINEA  ACTUAL":"B","OTORGANTE":"JOSE RICO (V.T. 795)","PDF TITULO":"NO","ESTADO":"QUERETARO","MUNICIPIO":"LA CANADA","KM INI. FISICO":"264+987.37","KM FIN. FISICO":"264+998.37","KM INI. DOCUMENTAL":"S/D","KM FIN. DOCUMENTAL":"S/D","SUPERFICIE":"218.4","ANCHO D.V. L.D.":"15","ANCHO D.V. L.I.":"15","DATOS REGISTRALES":"S/D","OBSERVACIONES":"FNML NO CUENTA CON TITULO PRIMORDIAL PARA ESTE TRAMO, SIN EMBARGO SE CUENTA CON UN TITULO SUPLETORIO CONSISTENTE EN LA ESCRITURA PUBLICA DE COMPRAVENTA NO 4145 DE FECHA 9 DE FEBRERO DE 1909.\nPARA ELLO SE ADJUNTA EL TRASPASO DEL FERROCARRIL NACIONAL DE MEXICO CON LA DESCRIPCION Y LOS DOCUMENTOS CORRESPONDIENTES.","nombre":"795"},"geometry":{"type":"Polygon","coordinates":[[[-100.360214,20.602354],[-100.360131,20.602463],[-100.360058,20.602432],[-100.360119,20.602309],[-100.360214,20.602354]]]}},{"type":"Feature","properties":{"LINEA PP":"B","LINEA  ACTUAL":"B","OTORGANTE":"JUAN BAUTISTA","PDF TITULO":"SI","ESTADO":"QUERETARO","MUNICIPIO":"LA CANADA","KM INI. FISICO":"264+998.37","KM FIN. FISICO":"265+019.37","KM INI. DOCUMENTAL":"265+126.29","KM FIN. DOCUMENTAL":"265+147.29","SUPERFICIE":"630","ANCHO D.V. L.D.":"15","ANCHO D.V. L.I.":"15","DATOS REGISTRALES":"ESCRITURA PUBLICA DE COMPRAVENTA DE 11  DE MARZO DE 1903, INSCRITA EN RPP DEL EDO DE QUERETARO, BAJO EL NUMERO 262, EXPEDIENTE 10,  DE FECHA 11 DE JUNIO DE 1903.","OBSERVACIONES":"EL ANCHO DEL DERECHO DE VIA SE OBTUVO DEL PLANO","nombre":"796"},"geometry":{"type":"Polygon","coordinates":[[[-100.360457,20.602305],[-100.360338,20.602553],[-100.360131,20.602463],[-100.360298,20.602242],[-100.360457,20.602305]]]}},{"type":"Feature","properties":{"LINEA PP":"B","LINEA  ACTUAL":"B","OTORGANTE":"COMPANIA LIMITADA DEL FERROCARRIL CENTRAL MEXICANO","PDF TITULO":"SI","ESTADO":"QUERETARO","MUNICIPIO":"LA CANADA","KM INI. FISICO":"265+019.37","KM FIN. FISICO":"265+199.37","KM INI. DOCUMENTAL":"265+147.29","KM FIN. DOCUMENTAL":"265+330.29","SUPERFICIE":"9433","ANCHO D.V. L.D.":"IRREGULAR","ANCHO D.V. L.I.":"IRREGULAR","DATOS REGISTRALES":"ESCRITURA PUBLICA DE COMPRAVENTA DE 13  DE FEBRERO DE 1904, INSCRITA EN RPP DEL EDO DE QUERETARO","nombre":"797"},"geometry":{"type":"Polygon","coordinates":[[[-100.360419,20.602384],[-100.360829,20.602593],[-100.361411,20.602957],[-100.361874,20.603273],[-100.361591,20.603692],[-100.360203,20.602837],[-100.360419,20.602384]]]}},{"type":"Feature","properties":{"LINEA PP":"B","LINEA  ACTUAL":"B","OTORGANTE":"CARLOS HERNANDEZ","PDF TITULO":"SI","ESTADO":"QUERETARO","MUNICIPIO":"LA CANADA","KM INI. FISICO":"265+199.37","KM FIN. FISICO":"265+216.37","KM INI. DOCUMENTAL":"265+330.29","KM FIN. DOCUMENTAL":"265+347.29","SUPERFICIE":"510","ANCHO D.V. L.D.":"15","ANCHO D.V. L.I.":"15","DATOS REGISTRALES":"ESCRITURA PUBLICA DE COMPRAVENTA DE 16 DE OCTUBRE DE 1902, INSCRITA EN RPP DEL EDO DE QUERETARO.","nombre":"798"},"geometry":{"type":"Polygon","coordinates":[[[-100.361761,20.603441],[-100.361915,20.603212],[-100.362044,20.603281],[-100.361915,20.603523],[-100.361761,20.603441]]]}},{"type":"Feature","properties":{"LINEA PP":"B","LINEA  ACTUAL":"B","OTORGANTE":"CAMILO BAUTISTA","PDF TITULO":"SI","ESTADO":"QUERETARO","MUNICIPIO":"LA CANADA","KM INI. FISICO":"265+311.27","KM FIN. FISICO":"265+487.27","KM INI. DOCUMENTAL":"265+441.79","KM FIN. DOCUMENTAL":"265+537.39","SUPERFICIE":"2880","ANCHO D.V. L.D.":"15","ANCHO D.V. L.I.":"15","DATOS REGISTRALES":"ESCRITURA PUBLICA DE COMPRAVENTA DE 19 DE MAYO DE 1903, INSCRITA EN RPP DEL EDO DE QUERETARO.","nombre":"800"},"geometry":{"type":"Polygon","coordinates":[[[-100.363703,20.603945],[-100.363622,20.604205],[-100.362752,20.603917],[-100.362835,20.603658],[-100.363703,20.603945]]]}},{"type":"Feature","properties":{"LINEA PP":"B","LINEA  ACTUAL":"B","OTORGANTE":"PABLO JIMENEZ","PDF TITULO":"SI","ESTADO":"QUERETARO","MUNICIPIO":"LA CANADA","KM INI. FISICO":"265+487.27","KM FIN. FISICO":"265+464.77","KM INI. DOCUMENTAL":"265+537.79","KM FIN. DOCUMENTAL":"265+595.29","SUPERFICIE":"1725","ANCHO D.V. L.D.":"15","ANCHO D.V. L.I.":"15","DATOS REGISTRALES":"ESCRITURA PUBLICA DE COMPRAVENTA DE 12 DE ENERO DE 1903, INSCRITA EN RPP DEL EDO DE QUERETARO.","nombre":"801"},"geometry":{"type":"Polygon","coordinates":[[[-100.363703,20.603945],[-100.364209,20.604038],[-100.364199,20.604312],[-100.363622,20.604205],[-100.363703,20.603945]]]}},{"type":"Feature","properties":{"LINEA PP":"B","LINEA  ACTUAL":"B","OTORGANTE":"IGNACIO GALVAN","PDF TITULO":"SI","ESTADO":"QUERETARO","MUNICIPIO":"LA CANADA","KM INI. FISICO":"265+512.77","KM FIN. FISICO":"265+557.77","KM INI. DOCUMENTAL":"265+643.29","KM FIN. DOCUMENTAL":"265+688.29","SUPERFICIE":"1350","ANCHO D.V. L.D.":"15","ANCHO D.V. L.I.":"15","DATOS REGISTRALES":"ESCRITURA PUBLICA DE COMPRAVENTA DE 14 DE OCTUBRE DE 1902, INSCRITA EN RPP DEL EDO DE QUERETARO EL 14 DE MARZO DE 1903.","nombre":"802"},"geometry":{"type":"Polygon","coordinates":[[[-100.365102,20.604162],[-100.365071,20.604432],[-100.364643,20.604368],[-100.364677,20.604099],[-100.365102,20.604162]]]}},{"type":"Feature","properties":{"LINEA PP":"B","LINEA  ACTUAL":"B","OTORGANTE":"PEDRO MARTINEZ","PDF TITULO":"SI","ESTADO":"QUERETARO","MUNICIPIO":"LA CANADA","KM INI. FISICO":"265+557.77","KM FIN. FISICO":"265+577.77","KM INI. DOCUMENTAL":"265+688.29","KM FIN. DOCUMENTAL":"265+708.29","SUPERFICIE":"600","ANCHO D.V. L.D.":"15","ANCHO D.V. L.I.":"15","DATOS REGISTRALES":"ESCRITURA PUBLICA DE COMPRAVENTA DE 28 DE JUNIO DE 1903, INSCRITA EN RPP DEL EDO DE QUERETARO.","nombre":"803"},"geometry":{"type":"Polygon","coordinates":[[[-100.365293,20.604179],[-100.365262,20.604449],[-100.365071,20.604432],[-100.365102,20.604162],[-100.365293,20.604179]]]}},{"type":"Feature","properties":{"LINEA PP":"B","LINEA  ACTUAL":"B","OTORGANTE":"FERNANDO MARTINEZ","PDF TITULO":"SI","ESTADO":"QUERETARO","MUNICIPIO":"LA CANADA","KM INI. FISICO":"265+577.77","KM FIN. FISICO":"265+587.77","KM INI. DOCUMENTAL":"265+708.29","KM FIN. DOCUMENTAL":"265+718.29","SUPERFICIE":"570","ANCHO D.V. L.D.":"15","ANCHO D.V. L.I.":"15","DATOS REGISTRALES":"ESCRITURA PUBLICA DE COMPRAVENTA DE 15 DE OCTUBRE DE 1902, INSCRITA EN RPP DEL EDO DE QUERETARO.","OBSERVACIONES":"EL TITULO AMPARA UNICAMENTE 300 M2","nombre":"804"},"geometry":{"type":"Polygon","coordinates":[[[-100.365386,20.604191],[-100.36536,20.604461],[-100.365262,20.604449],[-100.365293,20.604179],[-100.365386,20.604191]]]}},{"type":"Feature","properties":{"LINEA PP":"B","LINEA  ACTUAL":"B","OTORGANTE":"PASCUAL MARTINEZ","PDF TITULO":"SI","ESTADO":"QUERETARO","MUNICIPIO":"LA CANADA","KM INI. FISICO":"265+587.77","KM FIN. FISICO":"265+596.02","KM INI. DOCUMENTAL":"265+718.29","KM FIN. DOCUMENTAL":"265+726.54","SUPERFICIE":"247.5","ANCHO D.V. L.D.":"15","ANCHO D.V. L.I.":"15","DATOS REGISTRALES":"ESCRITURA PUBLICA DE COMPRAVENTA DE 31 DE DICIEMBRE DE 1902, INSCRITA EN RPP DEL EDO DE QUERETARO.","nombre":"805"},"geometry":{"type":"Polygon","coordinates":[[[-100.365464,20.604196],[-100.36544,20.604466],[-100.36536,20.604461],[-100.365386,20.604191],[-100.365464,20.604196]]]}},{"type":"Feature","properties":{"LINEA PP":"B","LINEA  ACTUAL":"B","OTORGANTE":"MATILDE MARTINEZ","PDF TITULO":"SI","ESTADO":"QUERETARO","MUNICIPIO":"LA CANADA","KM INI. FISICO":"265+596.02","KM FIN. FISICO":"265+634.22","KM INI. DOCUMENTAL":"265+726.54","KM FIN. DOCUMENTAL":"265+764.74","SUPERFICIE":"2364","ANCHO D.V. L.D.":"IRREGULAR","ANCHO D.V. L.I.":"15","DATOS REGISTRALES":"ESCRITURA PUBLICA DE COMPRAVENTA DEL 15  DE OCTUBRE DE 1902, INSCRITA EN RPP DEL EDO DE QUERETARO.","OBSERVACIONES":"EL TITULO AMPARA 2,364 M2 SIN EMBARGO SOLO SE DESTINAN 678 M2 PARA LA LINEA FERREA","nombre":"806"},"geometry":{"type":"Polygon","coordinates":[[[-100.365819,20.604386],[-100.365448,20.604376],[-100.365464,20.604196],[-100.365816,20.60421],[-100.365819,20.604386]]]}},{"type":"Feature","properties":{"LINEA PP":"B","LINEA  ACTUAL":"B","OTORGANTE":"FELICITOS SANCHEZ","PDF TITULO":"SI","ESTADO":"QUERETARO","MUNICIPIO":"LA CANADA","KM INI. FISICO":"265+634.22","KM FIN. FISICO":"265+721.22","KM INI. DOCUMENTAL":"265+764.74","KM FIN. DOCUMENTAL":"265+851.74","SUPERFICIE":"1566","ANCHO D.V. L.D.":"IRREGULAR","ANCHO D.V. L.I.":"15","DATOS REGISTRALES":"ESCRITURA PUBLICA DE COMPRAVENTA DEL 7  DE NOVIEMBRE DE 1902, INSCRITA EN RPP DEL EDO DE QUERETARO.","nombre":"807"},"geometry":{"type":"Polygon","coordinates":[[[-100.366657,20.604318],[-100.366435,20.604344],[-100.366213,20.604369],[-100.365819,20.604386],[-100.365816,20.60421],[-100.366212,20.604203],[-100.366626,20.604159],[-100.366657,20.604318]]]}},{"type":"Feature","properties":{"LINEA PP":"B","LINEA  ACTUAL":"B","OTORGANTE":"PEDRO ANSELMO MORALES Y JULIA MORALES","PDF TITULO":"SI","ESTADO":"QUERETARO","MUNICIPIO":"LA CANADA","KM INI. FISICO":"265+596.02","KM FIN. FISICO":"265+665.02","KM INI. DOCUMENTAL":"265+726.54","KM FIN. DOCUMENTAL":"265+795.54","SUPERFICIE":"845.43","ANCHO D.V. L.D.":"IRREGULAR","ANCHO D.V. L.I.":"IRREGULAR","DATOS REGISTRALES":"ESCRITURA PUBLICA DE COMPRAVENTA DEL 24  DE FEBRERO DE 1902, INSCRITA EN RPP DEL EDO DE QUERETARO.","OBSERVACIONES":"EN EL CONTENIDO DE LA ESCRITURA SE AMPARA UNA SUPERFICIE DE 845.43 M2 SIN EMBARGO EN ESA MISMA DESCRIPCION CON  LAS MEDIDAS MENCIONADAS LA SUPERFICIE REAL SERIA DE 690 M2","nombre":"808"},"geometry":{"type":"Polygon","coordinates":[[[-100.366115,20.604374],[-100.36612,20.604478],[-100.36582,20.604481],[-100.36544,20.604466],[-100.365448,20.604376],[-100.365819,20.604386],[-100.366115,20.604374]]]}},{"type":"Feature","properties":{"LINEA PP":"B","LINEA  ACTUAL":"B","OTORGANTE":"PANTALEON ZAPATA","PDF TITULO":"SI","ESTADO":"QUERETARO","MUNICIPIO":"LA CANADA","KM INI. FISICO":"265+673.87","KM FIN. FISICO":"265+721.22","KM INI. DOCUMENTAL":"265+804.39","KM FIN. DOCUMENTAL":"265+851.74","SUPERFICIE":"497.18","ANCHO D.V. L.D.":"10.5","ANCHO D.V. L.I.":"0","DATOS REGISTRALES":"ESCRITURA PUBLICA DE COMPRAVENTA DEL 10  DE NOVIEMBRE DE 1902, INSCRITA EN RPP DEL EDO DE QUERETARO.","nombre":"810"},"geometry":{"type":"Polygon","coordinates":[[[-100.366657,20.604318],[-100.366677,20.604425],[-100.366214,20.604474],[-100.366213,20.604369],[-100.366657,20.604318]]]}},{"type":"Feature","properties":{"LINEA PP":"B","LINEA  ACTUAL":"B","OTORGANTE":"PANTALEON ZAPATA","PDF TITULO":"SI","ESTADO":"QUERETARO","MUNICIPIO":"LA CANADA","KM INI. FISICO":"265+665.02","KM FIN. FISICO":"265+673.87","KM INI. DOCUMENTAL":"265+895.54","KM FIN. DOCUMENTAL":"265+804.39","SUPERFICIE":"110.62","ANCHO D.V. L.D.":"IRREGULAR","ANCHO D.V. L.I.":"0","DATOS REGISTRALES":"ESCRITURA PUBLICA DE COMPRAVENTA DEL 10  DE NOVIEMBRE DE 1902, INSCRITA EN RPP DEL EDO DE QUERETARO.","OBSERVACIONES":"EN EL CONTENIDO DE LA ESCRITURA SE AMPARA UNA SUPERFICIE DE 110.62 M2 SIN EMBARGO EN ESA MISMA DESCRIPCION CON  LAS MEDIDAS MENCIONADAS LA SUPERFICIE REAL SERIA DE 265.5 M2","nombre":"809"},"geometry":{"type":"Polygon","coordinates":[[[-100.366115,20.604374],[-100.366213,20.604369],[-100.366214,20.604474],[-100.36612,20.604478],[-100.366115,20.604374]]]}},{"type":"Feature","properties":{"LINEA PP":"B","LINEA  ACTUAL":"B","OTORGANTE":"MARGARITO UGALDE","PDF TITULO":"SI","ESTADO":"QUERETARO","MUNICIPIO":"CENTRO","KM INI. FISICO":"266+166.47","KM FIN. FISICO":"266+625.02","KM INI. DOCUMENTAL":"266+288.74","KM FIN. DOCUMENTAL":"266+747.29","SUPERFICIE":"13712.5","ANCHO D.V. L.D.":"15","ANCHO D.V. L.I.":"15","DATOS REGISTRALES":"CONTRATO PRIVADO DE COMPRAVENTA DE 06 DE JUNIO DE 1904, INSCRITO EN EL RPP DEL ESTADO DE QUERETARO, BAJO EL NUMERO 1639, A FOJA 150, LIBRO 8, DE 7 DE JUNIO DE 1904.","nombre":"811"},"geometry":{"type":"Polygon","coordinates":[[[-100.367042,20.604073],[-100.367741,20.60387],[-100.368467,20.603556],[-100.369251,20.603233],[-100.369779,20.60309],[-100.370689,20.602953],[-100.370713,20.603223],[-100.36986,20.60335],[-100.369347,20.603489],[-100.368605,20.603794],[-100.36785,20.604121],[-100.36711,20.604336],[-100.367042,20.604073]]]}},{"type":"Feature","properties":{"LINEA PP":"B","LINEA  ACTUAL":"B","OTORGANTE":"HEREDEROS DE CELSO AREVALO","PDF TITULO":"SI","ESTADO":"QUERETARO","MUNICIPIO":"CENTRO","KM INI. FISICO":"267+190.02","KM FIN. FISICO":"267+260.02","KM INI. DOCUMENTAL":"267+312.29","KM FIN. DOCUMENTAL":"267+382.29","SUPERFICIE":"2100","ANCHO D.V. L.D.":"IRREGULAR","ANCHO D.V. L.I.":"15","DATOS REGISTRALES":"CONTRATO PRIVADO DE COMPRAVENTA DE 06 DE JUNIO DE 1903, INSCRITO EN EL RPP DEL ESTADO DE QUERETARO, BAJO EL NUMERO 1414, A FOJA 250, LIBRO 7, DE FECHA 20 DE AGOSTO DE 1903.","nombre":"813"},"geometry":{"type":"Polygon","coordinates":[[[-100.375769,20.603582],[-100.376863,20.603561],[-100.376509,20.603863],[-100.37626,20.603871],[-100.375769,20.603582]]]}},{"type":"Feature","properties":{"LINEA PP":"B","LINEA  ACTUAL":"B","OTORGANTE":"ISIDORO FRANCO","PDF TITULO":"SI","ESTADO":"QUERETARO","MUNICIPIO":"CENTRO","KM INI. FISICO":"267+260.02","KM FIN. FISICO":"267+545.02","KM INI. DOCUMENTAL":"267+382.29","KM FIN. DOCUMENTAL":"267+667.29","SUPERFICIE":"8550","ANCHO D.V. L.D.":"15","ANCHO D.V. L.I.":"15","DATOS REGISTRALES":"CONTRATO PRIVADO DE COMPRAVENTA DE 21 DE NOVIMBRE DE 1902, INSCRITO EN EL RPP DEL ESTADO DE QUERETARO, BAJO EL NUMERO 1215, A FOJA 122, LIBRO 6, DE FECHA 04 DE MARZO DE 1903.","nombre":"814"},"geometry":{"type":"Polygon","coordinates":[[[-100.379499,20.603474],[-100.379338,20.60375],[-100.376509,20.603863],[-100.376863,20.603561],[-100.379499,20.603474]]]}},{"type":"Feature","properties":{"LINEA PP":"B","LINEA  ACTUAL":"B","OTORGANTE":"SUSANO MAYA","PDF TITULO":"SI","ESTADO":"QUERETARO","MUNICIPIO":"CENTRO","KM INI. FISICO":"267+545.02","KM FIN. FISICO":"267+655.02","KM INI. DOCUMENTAL":"267+667.29","KM FIN. DOCUMENTAL":"267+777.29","SUPERFICIE":"3300","ANCHO D.V. L.D.":"15","ANCHO D.V. L.I.":"15","DATOS REGISTRALES":"CONTRATO PRIVADO DE COMPRAVENTA DE 15 DE OCTUBRE DE 1902, INSCRITO EN EL RPP DEL ESTADO DE QUERETARO, BAJO EL NUMERO 1159, A FOJA 57, LIBRO 6, DE FECHA 23 DE DICIEMBRE DE 1902.","nombre":"815 y 816"},"geometry":{"type":"Polygon","coordinates":[[[-100.379499,20.603474],[-100.380547,20.603355],[-100.380387,20.603644],[-100.379338,20.60375],[-100.379499,20.603474]]]}},{"type":"Feature","properties":{"LINEA PP":"B","LINEA  ACTUAL":"B","OTORGANTE":"PABLO SANDIA","PDF TITULO":"SI","ESTADO":"QUERETARO","MUNICIPIO":"CENTRO","KM INI. FISICO":"267+922.02","KM FIN. FISICO":"267+958.02","KM INI. DOCUMENTAL":"268+044.29","KM FIN. DOCUMENTAL":"268+080.29","SUPERFICIE":"302.1","ANCHO D.V. L.D.":"IRREGULAR","ANCHO D.V. L.I.":"IRREGULAR","DATOS REGISTRALES":"ESCRITURA PUBLICA DE COMPRAVENTA DE 07 DE FEBRERO DE 1903, INSCRITA EN EL RPP EL 20 DE ABRIL DE 1903; BAJ EL NUMERO 1283, FOJA 217, LIBRO 6.","nombre":"818 Y 819"},"geometry":{"type":"Polygon","coordinates":[[[-100.382958,20.602863],[-100.383284,20.602793],[-100.383318,20.602968],[-100.382977,20.603039],[-100.382958,20.602863]]]}},{"type":"Feature","properties":{"LINEA PP":"B","LINEA  ACTUAL":"B","OTORGANTE":"FELIPA CAMPOS","PDF TITULO":"SI","ESTADO":"QUERETARO","MUNICIPIO":"CENTRO","KM INI. FISICO":"267+922.02","KM FIN. FISICO":"267+958.02","KM INI. DOCUMENTAL":"268+044.29","KM FIN. DOCUMENTAL":"268+080.29","SUPERFICIE":"252","ANCHO D.V. L.D.":"7","ANCHO D.V. L.I.":"0","DATOS REGISTRALES":"CONTRATO PRIVADO DE COMPRAVENTA DE 16 DE ENERO DE 1903, INSCRITO EL 28 DE ABRIL DE 1903, BAJ EL NUMERO 152.","OBSERVACIONES":"PROPIEDAD UBICADA A LA DERECHA","nombre":"820"},"geometry":{"type":"Polygon","coordinates":[[[-100.382977,20.603039],[-100.383318,20.602968],[-100.383336,20.60306],[-100.382988,20.603133],[-100.382977,20.603039]]]}},{"type":"Feature","properties":{"LINEA PP":"B","LINEA  ACTUAL":"B","OTORGANTE":"MACARIA VARGAS","PDF TITULO":"SI","ESTADO":"QUERETARO","MUNICIPIO":"CENTRO","KM INI. FISICO":"267+961.02","KM FIN. FISICO":"267+967.02","KM INI. DOCUMENTAL":"268+083.29","KM FIN. DOCUMENTAL":"268+089.29","SUPERFICIE":"112.8","ANCHO D.V. L.D.":"10","ANCHO D.V. L.I.":"IRREGULAR","DATOS REGISTRALES":"CONTRATO PRIVADO DE COMPRAVENTA DE 09 DE ENERO DE 1903, INSCRITO EL 28 DE ABRIL DE 1903, BAJO EL NUMERO 143.","OBSERVACIONES":"EL ANCHO DEL DERECHO DE VIA SE OBTUVO DEL PLANO","nombre":"821"},"geometry":{"type":"Polygon","coordinates":[[[-100.383426,20.603041],[-100.383369,20.603053],[-100.383306,20.602788],[-100.383361,20.602777],[-100.383426,20.603041]]]}},{"type":"Feature","properties":{"LINEA PP":"B","LINEA  ACTUAL":"B","OTORGANTE":"GUADALUPE RUIZ","PDF TITULO":"SI","ESTADO":"QUERETARO","MUNICIPIO":"CENTRO","KM INI. FISICO":"267+967.02","KM FIN. FISICO":"267+974.02","KM INI. DOCUMENTAL":"268+089.29","KM FIN. DOCUMENTAL":"268+096.29","SUPERFICIE":"113.4","ANCHO D.V. L.D.":"10","ANCHO D.V. L.I.":"IRREGULAR","DATOS REGISTRALES":"CONTRATO PRIVADO DE COMPRAVENTA DE 29 DE NOVIEMBRE DE 1903, INSCRITO EL 25 DE AGOSTO DE 1903, BAJO EL NUMERO 948.","OBSERVACIONES":"EL ANCHO DEL DERECHO DE VIA SE OBTUVO DEL PLANO","nombre":"822"},"geometry":{"type":"Polygon","coordinates":[[[-100.383428,20.602762],[-100.383491,20.603027],[-100.383426,20.603041],[-100.383361,20.602777],[-100.383428,20.602762]]]}},{"type":"Feature","properties":{"LINEA PP":"B","LINEA  ACTUAL":"B","OTORGANTE":"AURELIA GRANADOS","PDF TITULO":"SI","ESTADO":"QUERETARO","MUNICIPIO":"CENTRO","KM INI. FISICO":"267+974.02","KM FIN. FISICO":"267+984.02","KM INI. DOCUMENTAL":"268+096.29","KM FIN. DOCUMENTAL":"268+106.29","SUPERFICIE":"127.5","ANCHO D.V. L.D.":"10","ANCHO D.V. L.I.":"IRREGULAR","DATOS REGISTRALES":"CONTRATO PRIVADO DE COMPRAVENTA DE 09 DE ENERO DE 1903, INSCRITO EL 28 DE ABRIL DE 1903, BAJO EL NUMERO 176.","OBSERVACIONES":"EL ANCHO DEL DERECHO DE VIA SE OBTUVO DEL PLANO","nombre":"823"},"geometry":{"type":"Polygon","coordinates":[[[-100.383459,20.602894],[-100.383553,20.602874],[-100.383582,20.603007],[-100.383491,20.603027],[-100.383459,20.602894]]]}},{"type":"Feature","properties":{"LINEA PP":"B","LINEA  ACTUAL":"B","OTORGANTE":"MAXIMA GRANADOS","PDF TITULO":"SI","ESTADO":"QUERETARO","MUNICIPIO":"CENTRO","KM INI. FISICO":"267+984.02","KM FIN. FISICO":"267+988.02","KM INI. DOCUMENTAL":"268+106.29","KM FIN. DOCUMENTAL":"268+108.29","SUPERFICIE":"40.4","ANCHO D.V. L.D.":"IRREGULAR","ANCHO D.V. L.I.":"IRREGULAR","DATOS REGISTRALES":"CONTRATO PRIVADO DE COMPRAVENTA DE 10 DE ENERO DE 1903, INSCRITO EL 28 DE ABRIL DE 1903, BAJO EL NUMERO 172.","OBSERVACIONES":"EL ANCHO DEL DERECHO DE VIA SE OBTUVO DEL PLANO","nombre":"824"},"geometry":{"type":"Polygon","coordinates":[[[-100.383553,20.602874],[-100.38359,20.602867],[-100.383619,20.602999],[-100.383582,20.603007],[-100.383553,20.602874]]]}},{"type":"Feature","properties":{"LINEA PP":"B","LINEA  ACTUAL":"B","OTORGANTE":"PANTALEON MARTINEZ","PDF TITULO":"SI","ESTADO":"QUERETARO","MUNICIPIO":"CENTRO","KM INI. FISICO":"267+988.02","KM FIN. FISICO":"268+008.02","KM INI. DOCUMENTAL":"268+110.29","KM FIN. DOCUMENTAL":"268+130.29","SUPERFICIE":"104","ANCHO D.V. L.D.":"IRREGULAR","ANCHO D.V. L.I.":"0","DATOS REGISTRALES":"CONTRATO PRIAVDO DE COMPRAVENTA DE 31 DE ENERO DE 1903, INSCRITO EL 12 DE ABRIL DE 1903, BAJO EL NUMERO 172.","OBSERVACIONES":"EL ANCHO DEL DERECHO DE VIA SE OBTUVO DEL PLANO","nombre":"825"},"geometry":{"type":"Polygon","coordinates":[[[-100.38359,20.602867],[-100.383778,20.602828],[-100.383804,20.602961],[-100.383619,20.602999],[-100.38359,20.602867]]]}},{"type":"Feature","properties":{"nombre":"S/D"},"geometry":{"type":"Polygon","coordinates":[[[-100.383778,20.602828],[-100.383806,20.602822],[-100.383833,20.602955],[-100.383804,20.602961],[-100.383778,20.602828]]]}},{"type":"Feature","properties":{"LINEA PP":"B","LINEA  ACTUAL":"B","OTORGANTE":"ANGEL BECERRA","PDF TITULO":"SI","ESTADO":"QUERETARO","MUNICIPIO":"CENTRO","KM INI. FISICO":"268+146.52","KM FIN. FISICO":"268+156.52","KM INI. DOCUMENTAL":"268+268.29","KM FIN. DOCUMENTAL":"268+278.29","SUPERFICIE":"200","ANCHO D.V. L.D.":"10","ANCHO D.V. L.I.":"10","DATOS REGISTRALES":"CONTRATO PRIVADO DE COMPRAVENTA DE 02 DE DICIMBRE DE 1902, INSCRITO EL 09 DE MARZO DE 1903, BAJ EL NUMERO 109.","nombre":"831"},"geometry":{"type":"Polygon","coordinates":[[[-100.385138,20.602398],[-100.385187,20.602666],[-100.385097,20.602681],[-100.385039,20.602416],[-100.385138,20.602398]]]}},{"type":"Feature","properties":{"LINEA PP":"B","LINEA  ACTUAL":"B","OTORGANTE":"PIOQUINTO GARCIA","PDF TITULO":"SI","ESTADO":"QUERETARO","MUNICIPIO":"CENTRO","KM INI. FISICO":"268+203.02","KM FIN. FISICO":"268+235.02","KM INI. DOCUMENTAL":"268+325.29","KM FIN. DOCUMENTAL":"268+357.29","SUPERFICIE":"640","ANCHO D.V. L.D.":"10","ANCHO D.V. L.I.":"10","DATOS REGISTRALES":"ESCRITURA PUBLICA DE COMPRAVENTA DE 11 DE MAYO DE 1903, INSCRITA EN EL R.P.P DEL ESTADO DE QUERETARO BAJO EL NUMERO 128, INSCRIPCION 1233, FOJAS 215, LIBRO 6, EL 28 DE ABRIL DE DE 1903","nombre":"832"},"geometry":{"type":"Polygon","coordinates":[[[-100.385873,20.602273],[-100.385924,20.60254],[-100.385623,20.602585],[-100.385568,20.602319],[-100.385873,20.602273]]]}},{"type":"Feature","properties":{"LINEA PP":"B","LINEA  ACTUAL":"B","OTORGANTE":"JOSE MARIA SORIA","PDF TITULO":"SI","ESTADO":"QUERETARO","MUNICIPIO":"CENTRO","KM INI. FISICO":"268+235.02","KM FIN. FISICO":"268+270.02","KM INI. DOCUMENTAL":"268+357.29","KM FIN. DOCUMENTAL":"268+392.29","SUPERFICIE":"700","ANCHO D.V. L.D.":"10","ANCHO D.V. L.I.":"10","DATOS REGISTRALES":"ESCRITURA PUBLICA DE COMPRAVENTA DE 15 DE ENERO DE 1903, INSCRITA EN EL R.P.P DEL ESTADO DE QUERETARO BAJO EL NUMERO 1280, INSCRIPCION 1232, FOJAS 214, LIBRO 6, EL 28 DE ABRIL DE DE 1903","nombre":"833"},"geometry":{"type":"Polygon","coordinates":[[[-100.386207,20.602223],[-100.386254,20.60249],[-100.385924,20.60254],[-100.385873,20.602273],[-100.386207,20.602223]]]}},{"type":"Feature","properties":{"LINEA PP":"B","LINEA  ACTUAL":"B","OTORGANTE":"PAULA JUAREZ VIUDA DE OCHOA","PDF TITULO":"SI","ESTADO":"QUERETARO","MUNICIPIO":"CENTRO","KM INI. FISICO":"268+273.02","KM FIN. FISICO":"268+343.52","KM INI. DOCUMENTAL":"268+395.29","KM FIN. DOCUMENTAL":"268+465.79","SUPERFICIE":"1410","ANCHO D.V. L.D.":"10","ANCHO D.V. L.I.":"10","DATOS REGISTRALES":"ESCRITURA PUBLICA DE COMPRAVENTA DE 4 DE DICIEMBRE DE 1902, INSCRITA EN EL R.P.P DEL ESTADO DE QUERETARO BAJO EL NUMERO 1210, INSCRIPCION 1121, LIBRO 6, EL 14 DE MARZO DE 1903","nombre":"834"},"geometry":{"type":"Polygon","coordinates":[[[-100.386234,20.602219],[-100.386911,20.602133],[-100.386948,20.602402],[-100.386284,20.602486],[-100.386234,20.602219]]]}},{"type":"Feature","properties":{"LINEA PP":"B","LINEA  ACTUAL":"B","OTORGANTE":"BENITO VILLAGRAN","PDF TITULO":"SI","ESTADO":"QUERETARO","MUNICIPIO":"CENTRO","KM INI. FISICO":"268+421.52","KM FIN. FISICO":"268+433.02","KM INI. DOCUMENTAL":"268+543.79","KM FIN. DOCUMENTAL":"268+555.29","SUPERFICIE":"230","ANCHO D.V. L.D.":"10","ANCHO D.V. L.I.":"10","DATOS REGISTRALES":"ESCRITURA PUBLICA DE COMPRAVENTA DE 29 DE DICIEMBRE DE 1902, INSCRITA EN EL R.P.P DEL ESTADO DE QUERETARO BAJO EL NUMERO 1228, INSCRIPCION 1180, FOJAS 198, LIBRO 6, EL 16 DE MARZO DE 1903","nombre":"836"},"geometry":{"type":"Polygon","coordinates":[[[-100.387764,20.602034],[-100.387799,20.602303],[-100.387687,20.602316],[-100.387657,20.602047],[-100.387764,20.602034]]]}},{"type":"Feature","properties":{"LINEA PP":"B","LINEA  ACTUAL":"B","OTORGANTE":"PEDRO COLCHADO","PDF TITULO":"SI","ESTADO":"QUERETARO","MUNICIPIO":"CENTRO","KM INI. FISICO":"268+546.02","KM FIN. FISICO":"268+571.02","KM INI. DOCUMENTAL":"268+668.29","KM FIN. DOCUMENTAL":"268+693.29","SUPERFICIE":"181.25","ANCHO D.V. L.D.":"0","ANCHO D.V. L.I.":"1RREGULAR","DATOS REGISTRALES":"ESCRITURA PUBLICA DE COMPRAVENTA DE 27 DE MARZO DE 1903, INSCRITA EN EL R.P.P DEL ESTADO DE QUERETARO BAJO EL NUMERO 1344, INSCRIPCION 1296, FOJAS 88, LIBRO 7, EL 3 DE JUNIO DE 1903","OBSERVACIONES":"DERECHO DE VIA LADO  IZQUIERDO","nombre":"837"},"geometry":{"type":"Polygon","coordinates":[[[-100.389076,20.601881],[-100.389114,20.60215],[-100.388879,20.602176],[-100.388835,20.601908],[-100.389076,20.601881]]]}},{"type":"Feature","properties":{"LINEA PP":"B","LINEA  ACTUAL":"B","OTORGANTE":"TEODORO FELIPE Y MANUEL SEVILLAS","PDF TITULO":"SI","ESTADO":"QUERETARO","MUNICIPIO":"CENTRO","KM INI. FISICO":"268+581.02","KM FIN. FISICO":"268+641.02","KM INI. DOCUMENTAL":"268+703.29","KM FIN. DOCUMENTAL":"268+763.29","SUPERFICIE":"1200.00\n1409.61","ANCHO D.V. L.D.":"10","ANCHO D.V. L.I.":"IRREGULAR","DATOS REGISTRALES":"ESCRITURA PUBLICA DE COMPRAVENTA DE 4 DE DICIEMBRE DE 1902, INSCRITA EN EL R.P.P DEL ESTADO DE QUERETARO BAJO EL NUMERO 1216, INSCRIPCION 1168, FOJAS 123, LIBRO 6, EL 14 DE MARZO DE 1903","OBSERVACIONES":"EL TITULO HACE REFERENCIA A DOS FRACCIONES, SIN EMBARGO EL CUERPO DEL TITULO SOLO AMPARA LA PRIMER FRACCION DE SUPERFICIE IGUAL A 1,200 M2","nombre":"839"},"geometry":{"type":"Polygon","coordinates":[[[-100.389745,20.601803],[-100.389779,20.602072],[-100.389208,20.602139],[-100.389173,20.60187],[-100.389745,20.601803]]]}},{"type":"Feature","properties":{"LINEA PP":"B","LINEA  ACTUAL":"B","OTORGANTE":"SRITA. ROSARIO SOLORIO","PDF TITULO":"SI","ESTADO":"QUERETARO","MUNICIPIO":"CENTRO","KM INI. FISICO":"268+641.02","KM FIN. FISICO":"268+665.52","KM INI. DOCUMENTAL":"268+763.29","KM FIN. DOCUMENTAL":"268+788.79","SUPERFICIE":"510","ANCHO D.V. L.D.":"10","ANCHO D.V. L.I.":"10","DATOS REGISTRALES":"ESCRITURA PUBLICA DE COMPRAVENTA DE 3 DE DICIEMBRE DE 1902, INSCRITA EN EL R.P.P DEL ESTADO DE QUERETARO BAJO EL NUMERO 1260, INSCRIPCION 1212, FOJAS 181, LIBRO 6 Y SE ANOTO EL 989, LIBRO 2, EL 18 DE ABRIL DE 1903","nombre":"840"},"geometry":{"type":"Polygon","coordinates":[[[-100.389745,20.601803],[-100.389984,20.601777],[-100.390016,20.602046],[-100.389779,20.602072],[-100.389745,20.601803]]]}},{"type":"Feature","properties":{"LINEA PP":"B","LINEA  ACTUAL":"B","OTORGANTE":"FLORENCIO RORIGUEZ","PDF TITULO":"SI","ESTADO":"QUERETARO","MUNICIPIO":"CENTRO","KM INI. FISICO":"268+670.52","KM FIN. FISICO":"268+683.52","KM INI. DOCUMENTAL":"268+792.79","KM FIN. DOCUMENTAL":"268+805.79","SUPERFICIE":"260","ANCHO D.V. L.D.":"10","ANCHO D.V. L.I.":"10","DATOS REGISTRALES":"ESCRITURA PUBLICA DE COMPRAVENTA DE 16 DE OCTUBRE DE 1902, INSCRITA EN EL R.P.P DEL ESTADO DE QUERETARO BAJO EL NUMERO 1251, INSCRIPCION 1203, FOJAS 168, LIBRO 6 Y SE ANOTO EL 1179, LIBRO 5, EL 11 DE ABRIL DE 1903","nombre":"841"},"geometry":{"type":"Polygon","coordinates":[[[-100.390145,20.601759],[-100.39018,20.602028],[-100.390054,20.602042],[-100.390023,20.601772],[-100.390145,20.601759]]]}},{"type":"Feature","properties":{"LINEA PP":"B","LINEA  ACTUAL":"B","OTORGANTE":"PEDRO MORENO","PDF TITULO":"SI","ESTADO":"QUERETARO","MUNICIPIO":"CENTRO","KM INI. FISICO":"268+683.52","KM FIN. FISICO":"268+688.52","KM INI. DOCUMENTAL":"268+805.79","KM FIN. DOCUMENTAL":"268+810.79","SUPERFICIE":"100","ANCHO D.V. L.D.":"10","ANCHO D.V. L.I.":"10","DATOS REGISTRALES":"ESCRITURA PUBLICA DE COMPRAVENTA DE 15  DE OCTUBRE DE 1902, INSCRITA EN RPP DEL EDO DE QUERETARO, BAJO EL NUMERO 1259, A FOJA 180, LIBRO 6,  DE FECHA 17 DE ABRIL DE 1903.","OBSERVACIONES":"AMPLITUD DEL DERECHO DE VIA OBTENIDO DEL PLANO","nombre":"842"},"geometry":{"type":"Polygon","coordinates":[[[-100.390192,20.601753],[-100.390228,20.602021],[-100.39018,20.602028],[-100.390145,20.601759],[-100.390192,20.601753]]]}},{"type":"Feature","properties":{"LINEA PP":"B","LINEA  ACTUAL":"B","OTORGANTE":"JORGE BOYSSELLE","PDF TITULO":"SI","ESTADO":"QUERETARO","MUNICIPIO":"CENTRO","KM INI. FISICO":"268+688.52","KM FIN. FISICO":"268+748.52","KM INI. DOCUMENTAL":"268+810.79","KM FIN. DOCUMENTAL":"268+870.79","SUPERFICIE":"1031","ANCHO D.V. L.D.":"IRREGULAR","ANCHO D.V. L.I.":"10","DATOS REGISTRALES":"ESCRITURA PUBLICA DE COMPRAVENTA DE 05  DE ENERO DE 1903, INSCRITA EN RPP DEL EDO DE QUERETARO, BAJO EL NUMERO 1250, A FOJA 166, LIBRO 6,  DE FECHA 11 DE ABRIL DE 1903.","OBSERVACIONES":"AMPLITUD DEL DERECHO DE VIA OBTENIDO DEL PLANO","nombre":"843"},"geometry":{"type":"Polygon","coordinates":[[[-100.390765,20.601687],[-100.390798,20.601956],[-100.390228,20.602021],[-100.390192,20.601753],[-100.390765,20.601687]]]}},{"type":"Feature","properties":{"LINEA PP":"B","LINEA  ACTUAL":"B","OTORGANTE":"NICOLAS ORTIZ","PDF TITULO":"SI","ESTADO":"QUERETARO","MUNICIPIO":"CENTRO","KM INI. FISICO":"268+752.02","KM FIN. FISICO":"268+811.38","KM INI. DOCUMENTAL":"268+874.29","KM FIN. DOCUMENTAL":"268+933.65","SUPERFICIE":"789.48","ANCHO D.V. L.D.":"7","ANCHO D.V. L.I.":"6.3","DATOS REGISTRALES":"ESCRITURA PUBLICA DE COMPRAVENTA DE 28 DE OCTUBRE DE 1902, INSCRITA EN RPP DEL EDO DE QUERETARO, BAJO EL NUMERO 1156, A FOJA 54, LIBRO 6, DE FECHA 26 DE DICIEMBRE DE 1902.","OBSERVACIONES":"AMPLITUD DEL DERECHO DE VIA OBTENIDO DE LA ESCRITURA","nombre":"848"},"geometry":{"type":"Polygon","coordinates":[[[-100.391334,20.601625],[-100.391362,20.601894],[-100.390798,20.601956],[-100.390765,20.601687],[-100.391334,20.601625]]]}},{"type":"Feature","properties":{"LINEA PP":"B","LINEA  ACTUAL":"B","OTORGANTE":"HEREDEROS DE GERMAN RANGEL","PDF TITULO":"SI","ESTADO":"QUERETARO","MUNICIPIO":"CENTRO","KM INI. FISICO":"268+819.02","KM FIN. FISICO":"268+870.02","KM INI. DOCUMENTAL":"268+968.43","KM FIN. DOCUMENTAL":"268+999.29","SUPERFICIE":"1740","ANCHO D.V. L.D.":"0","ANCHO D.V. L.I.":"30","DATOS REGISTRALES":"ESCRITURA PUBLICA DE COMPRAVENTA DE 01 DE DICIEMBRE DE 1902, INSCRITA EN RPP DEL EDO DE QUERETARO, BAJO EL NUMERO 1292, A FOJA 227, LIBRO 6, DE FECHA 04 DE MAYO DE 1903.","OBSERVACIONES":"AMPLITUD DEL DERECHO DE VIA OBTENIDO DE LA ESCRITURA\nEL PREDIO SE ENCUENTRA AL LADO IZQUIERDO DE LA VIA","nombre":"855"},"geometry":{"type":"Polygon","coordinates":[[[-100.391968,20.601572],[-100.391976,20.601708],[-100.391421,20.601754],[-100.391408,20.601619],[-100.391968,20.601572]]]}},{"type":"Feature","properties":{"LINEA PP":"B","LINEA  ACTUAL":"B","OTORGANTE":"SIMON FRANCO","PDF TITULO":"SI","ESTADO":"QUERETARO","MUNICIPIO":"CENTRO","KM INI. FISICO":"268+819.02","KM FIN. FISICO":"S/D","KM INI. DOCUMENTAL":"268+941.29","KM FIN. DOCUMENTAL":"268+962.29","SUPERFICIE":"462","ANCHO D.V. L.D.":"IRREGULAR","ANCHO D.V. L.I.":"IRREGULAR","DATOS REGISTRALES":"ESCRITURA PUBLICA DE COMPRAVENTA DE 03 DE NOVIEMBRE DE 1902, INSCRITA EN RPP DEL EDO DE QUERETARO, BAJO EL NUMERO 1295, A FOJA 231, LIBRO 6, DE FECHA 04 DE MAYO DE 1903.","OBSERVACIONES":"AMPLITUD DEL DERECHO DE VIA OBTENIDO DE LA ESCRITURA\nEL PREDIO SE ENCUENTRA AL LADO DERECHO DE LA VIA","nombre":"856"},"geometry":{"type":"Polygon","coordinates":[[[-100.391421,20.601754],[-100.391622,20.601737],[-100.391633,20.601872],[-100.391435,20.601889],[-100.391421,20.601754]]]}},{"type":"Feature","properties":{"LINEA PP":"B","LINEA  ACTUAL":"B","OTORGANTE":"DOLORES AGUILAR VDA. DE SALAZAR","PDF TITULO":"SI","ESTADO":"QUERETARO","MUNICIPIO":"CENTRO","KM INI. FISICO":"268+870.02","KM FIN. FISICO":"268+926.02","KM INI. DOCUMENTAL":"269+001.29","KM FIN. DOCUMENTAL":"269+050.29","SUPERFICIE":"3188.92","ANCHO D.V. L.D.":"IRREGULAR","ANCHO D.V. L.I.":"60","DATOS REGISTRALES":"ESCRITURA PUBLICA DE COMPRAVENTA DE 22 DE DICIEMBRE  DE 1902, INSCRITA EN RPP DEL EDO DE QUERETARO, BAJO EL NUMERO 1294, A FOJA 299, LIBRO 6, DE FECHA 04 DE MAYO DE 1903.","OBSERVACIONES":"AMPLITUD DEL DERECHO DE VIA OBTENIDO DE LA ESCRITURA\nEL PREDIO SE ENCUENTRA AL LADO IZQUIERDO DE LA VIA","nombre":"859"},"geometry":{"type":"Polygon","coordinates":[[[-100.392445,20.601676],[-100.391976,20.601708],[-100.391943,20.601156],[-100.392415,20.601135],[-100.392445,20.601676]]]}},{"type":"Feature","properties":{"LINEA PP":"B","LINEA  ACTUAL":"B","OTORGANTE":"BENITO VEGA","PDF TITULO":"SI","ESTADO":"QUERETARO","MUNICIPIO":"CENTRO","KM INI. FISICO":"268+931.02","KM FIN. FISICO":"269+018.22","KM INI. DOCUMENTAL":"269+055.29","KM FIN. DOCUMENTAL":"269+142.49","SUPERFICIE":"5882.5","ANCHO D.V. L.D.":"5","ANCHO D.V. L.I.":"60","DATOS REGISTRALES":"ESCRITURA PUBLICA DE COMPRAVENTA DE 30  DE ENERO DE 1903, INSCRITA EN RPP DEL EDO DE QUERETARO","nombre":"860"},"geometry":{"type":"Polygon","coordinates":[[[-100.393328,20.601635],[-100.392493,20.601673],[-100.392452,20.601132],[-100.393306,20.601092],[-100.393328,20.601635]]]}},{"type":"Feature","properties":{"LINEA PP":"B","LINEA  ACTUAL":"B","OTORGANTE":"WILLIAM GREY","PDF TITULO":"SI","ESTADO":"QUERETARO","MUNICIPIO":"CENTRO","KM INI. FISICO":"269+023.72\n269+251.96","KM FIN. FISICO":"269+244.76\n269+388.96","KM INI. DOCUMENTAL":"269+147.99\n269+376.23","KM FIN. DOCUMENTAL":"269+369.03\n269+513.23","SUPERFICIE":"30271.55","ANCHO D.V. L.D.":"20.00\n40.00","ANCHO D.V. L.I.":"IRREGULAR\nIRREGULAR","DATOS REGISTRALES":"ESCRITURA PUBLICA DE COMPRAVENTA DE 19  DE JUNIO DE 1903, INSCRITA EN RPP DEL EDO DE QUERETARO","nombre":"862"},"geometry":{"type":"Polygon","coordinates":[[[-100.393358,20.601092],[-100.396865,20.600961],[-100.396882,20.601503],[-100.393381,20.601634],[-100.393358,20.601092]]]}},{"type":"Feature","properties":{"LINEA PP":"B","LINEA  ACTUAL":"B","OTORGANTE":"FLORENTINO REYNOSO","PDF TITULO":"SI","ESTADO":"QUERETARO","MUNICIPIO":"CENTRO","KM INI. FISICO":"269+395.26","KM FIN. FISICO":"269+485.26","KM INI. DOCUMENTAL":"269+519.53","KM FIN. DOCUMENTAL":"269+609.53","SUPERFICIE":"10515.6","ANCHO D.V. L.D.":"IRREGULAR","ANCHO D.V. L.I.":"IRREGULAR","DATOS REGISTRALES":"ESCRITURA PUBLICA DE COMPRAVENTA DE 21 DE NOVIEMBRE DE 1903, INSCRITA EN RPP DEL EDO DE QUERETARO, BAJO EL NUMERO 1359, INSCRIPCION, 1311, A FOJA 126, LIBRO 7, DE FECHA 15 DE JUNIO DE 1903.","nombre":"868"},"geometry":{"type":"Polygon","coordinates":[[[-100.397784,20.600869],[-100.397812,20.601655],[-100.397501,20.601658],[-100.397522,20.602127],[-100.396966,20.60215],[-100.39692,20.600868],[-100.397473,20.600748],[-100.397477,20.600871],[-100.397784,20.600869]]]}},{"type":"Feature","properties":{"LINEA PP":"B","LINEA  ACTUAL":"B","OTORGANTE":"TOMAS LOPEZ","PDF TITULO":"SI","ESTADO":"QUERETARO","MUNICIPIO":"CENTRO","KM INI. FISICO":"269+395.26","KM FIN. FISICO":"269+485.26","KM INI. DOCUMENTAL":"269+519.53","KM FIN. DOCUMENTAL":"269+609.53","SUPERFICIE":"4094","ANCHO D.V. L.D.":"IRREGULAR","ANCHO D.V. L.I.":"0","DATOS REGISTRALES":"ESCRITURA PUBLICA DE COMPRAVENTA DE 21 DE NOVIEMBRE DE 1903, INSCRITA EN RPP FEDERAL, BAJO EL NUMERO 19436/4, DE FECHA 14 DE JULIO DE 1986.","nombre":"869"},"geometry":{"type":"Polygon","coordinates":[[[-100.396972,20.602394],[-100.396966,20.60215],[-100.397522,20.602127],[-100.397501,20.601658],[-100.397812,20.601655],[-100.397834,20.602368],[-100.396972,20.602394]]]}},{"type":"Feature","properties":{"LINEA PP":"B","LINEA  ACTUAL":"B","OTORGANTE":"TOMAS LOPEZ","PDF TITULO":"SI","ESTADO":"QUERETARO","MUNICIPIO":"CENTRO","KM INI. FISICO":"269+395.26","KM FIN. FISICO":"269+485.26","KM INI. DOCUMENTAL":"269+519.53","KM FIN. DOCUMENTAL":"269+609.53","SUPERFICIE":"1080","ANCHO D.V. L.D.":"12","ANCHO D.V. L.I.":"0","DATOS REGISTRALES":"ESCRITURA PUBLICA DE COMPRAVENTA DE 30 DE MAYO DE 1903, INSCRITA EN RPP DEL EDO DE QUERETARO, BAJO EL NUMERO 1302, INSCRIPCION 1342 A FOJA 199, LIBRO 7, DE FECHA 18 DE JULIO DE 1903 Y EN EL RPP FEDERAL EL 14 DE NOVIEMBRE DE 1986 CON EL FOLIO REAL 19436/5.","nombre":"870"},"geometry":{"type":"Polygon","coordinates":[[[-100.396973,20.602502],[-100.396972,20.602394],[-100.397834,20.602368],[-100.397838,20.602477],[-100.396973,20.602502]]]}},{"type":"Feature","properties":{"LINEA PP":"B","LINEA  ACTUAL":"B","OTORGANTE":"DIODORO MENDOZA","PDF TITULO":"SI","ESTADO":"QUERETARO","MUNICIPIO":"CENTRO","KM INI. FISICO":"268+699.26","KM FIN. FISICO":"269+733.01","KM INI. DOCUMENTAL":"267+824.03","KM FIN. DOCUMENTAL":"268+857.79","SUPERFICIE":"8626","ANCHO D.V. L.D.":"IRREGULAR","ANCHO D.V. L.I.":"IRREGULAR","DATOS REGISTRALES":"ESCRITURA PUBLICA DE COMPRAVENTA DE 31 DE MARZO 1903, INSCRITA EN RPP DEL EDO DE QUERETARO, BAJO EL NUMERO 1301, A FOJA 236, LIBRO 6, DE FECHA 9 DE MAYO DE 1903.","nombre":"873"},"geometry":{"type":"Polygon","coordinates":[[[-100.399792,20.60229],[-100.399878,20.601096],[-100.401085,20.602224],[-100.399792,20.60229]]]}},{"type":"Feature","properties":{"LINEA PP":"B","LINEA  ACTUAL":"B","OTORGANTE":"CARLOS M. LOYOLA Y HERMANOS","PDF TITULO":"SI","ESTADO":"QUERETARO","MUNICIPIO":"CENTRO","KM INI. FISICO":"270+052.01","KM FIN. FISICO":"271+282.51","KM INI. DOCUMENTAL":"270+176.79\n270+690.29","KM FIN. DOCUMENTAL":"270+690.29\n271+407.29","SUPERFICIE":"109047.82","ANCHO D.V. L.D.":"IRREGULAR\n15.00","ANCHO D.V. L.I.":"IRREGULAR\n15.00","DATOS REGISTRALES":"ESCRITURA PUBLICA DE COMPRAVENTA DE 26  DE JUNIO DE 1903, INSCRITA EN RPP DEL EDO DE QUERETARO, BAJO EL NUMERO 1393, INSCRIPCION 1335, FOJAS 183, LIBRO 7, SE ANOTO EL 565., LIBRO 12 DE FECHA 8 DE JULIO DE 1903.","nombre":"875"},"geometry":{"type":"Polygon","coordinates":[[[-100.415032,20.600954],[-100.405575,20.602147],[-100.405287,20.602151],[-100.404184,20.60216],[-100.403235,20.601259],[-100.403056,20.601058],[-100.4016,20.600601],[-100.400925,20.600163],[-100.403028,20.600061],[-100.41503,20.600683],[-100.415032,20.600954]]]}},{"type":"Feature","properties":{"LINEA PP":"B","LINEA  ACTUAL":"B","OTORGANTE":"IGNACIO HERNANDEZ","PDF TITULO":"SI","ESTADO":"QUERETARO","MUNICIPIO":"LA CANADA","KM INI. FISICO":"264+878.12","KM FIN. FISICO":"264+886.67","KM INI. DOCUMENTAL":"265+006.04","KM FIN. DOCUMENTAL":"265+014.59","SUPERFICIE":"141.08","ANCHO D.V. L.D.":"15","ANCHO D.V. L.I.":"1","DATOS REGISTRALES":"ESCRITURA PUBLICA DE COMPRAVENTA DE 13  DE OCTUBRE DE 1902, INSCRITA EN RPP DEL EDO DE QUERETARO, BAJO EL NUMERO 310, EXPEDIENTE 10, DE FECHA 05 DE AGOSTO DE 1903.","OBSERVACIONES":"EL ANCHO DEL DERECHO DE VIA SE OBTUVO DE LA ESCRITURA","nombre":"786"},"geometry":{"type":"Polygon","coordinates":[[[-100.359094,20.602134],[-100.359127,20.602002],[-100.359208,20.602018],[-100.359178,20.602151],[-100.359094,20.602134]]]}},{"type":"Feature","properties":{"nombre":"685"},"geometry":{"type":"Polygon","coordinates":[[[-100.334353,20.609885],[-100.334363,20.60975],[-100.334448,20.609755],[-100.334439,20.609891],[-100.334353,20.609885]]]}},{"type":"Feature","properties":{"nombre":"692"},"geometry":{"type":"Polygon","coordinates":[[[-100.335564,20.609932],[-100.335564,20.609932],[-100.335566,20.610068],[-100.335509,20.610069],[-100.335504,20.609798],[-100.335562,20.609797],[-100.335564,20.609932]]]}},{"type":"Feature","properties":{"LINEA PP":"B","LINEA  ACTUAL":"B","OTORGANTE":"MANUEL RUIZ","PDF TITULO":"SI","ESTADO":"QUERETARO","MUNICIPIO":"LA CANADA","KM INI. FISICO":"264+780.87","KM FIN. FISICO":"264+796.87","KM INI. DOCUMENTAL":"264+908.29","KM FIN. DOCUMENTAL":"264+988.29","SUPERFICIE":"285","ANCHO D.V. L.D.":"IRREGULAR","ANCHO D.V. L.I.":"0","DATOS REGISTRALES":"ESCRITURA PUBLICA DE COMPRAVENTA DE 10 DE OCTUBRE DE 1902, INSCRITA EN RPP DEL EDO DE QUERETARO, BAJO EL NUMERO 1174, A FOJA 74, LIBRO 6, DE FECHA 03 DE ENERO DE 1903.","OBSERVACIONES":"EL ANCHO DEL DERECHO DE VIA SE OBTUVO DE LA ESCRITURA","nombre":"776"},"geometry":{"type":"Polygon","coordinates":[[[-100.35846,20.602027],[-100.358279,20.602004],[-100.358298,20.60187],[-100.358479,20.601892],[-100.35846,20.602027]]]}},{"type":"Feature","properties":{"LINEA PP":"B","LINEA  ACTUAL":"B","OTORGANTE":"MARIA JESUS TREJO","PDF TITULO":"SI","ESTADO":"QUERETARO","MUNICIPIO":"LA CANADA","KM INI. FISICO":"264+796.87","KM FIN. FISICO":"264+806.87","KM INI. DOCUMENTAL":"264+928.29","KM FIN. DOCUMENTAL":"264+935.29","SUPERFICIE":"105","ANCHO D.V. L.D.":"0","ANCHO D.V. L.I.":"15","DATOS REGISTRALES":"ESCRITURA PUBLICA DE COMPRAVENTA DE 24 DE SEPTIEMBRE DE 1902, INSCRITA EN RPP DEL EDO DE QUERETARO, BAJO EL NUMERO 1150, A FOJA 48, LIBRO 6, DE FECHA 16 DE DICIEMBRE DE 1902.","OBSERVACIONES":"EL ANCHO DEL DERECHO DE VIA SE OBTUVO DEL PLANO","nombre":"772"},"geometry":{"type":"Polygon","coordinates":[[[-100.358545,20.6019],[-100.358479,20.601892],[-100.358495,20.601758],[-100.35856,20.601765],[-100.358545,20.6019]]]}},{"type":"Feature","properties":{"nombre":"686"},"geometry":{"type":"Polygon","coordinates":[[[-100.334166,20.61001],[-100.334062,20.61],[-100.334079,20.609864],[-100.334181,20.609875],[-100.334166,20.61001]]]}},{"type":"Feature","properties":{"nombre":"684"},"geometry":{"type":"Polygon","coordinates":[[[-100.334267,20.60988],[-100.334181,20.609875],[-100.334196,20.609739],[-100.33428,20.609745],[-100.334267,20.60988]]]}},{"type":"Feature","properties":{"LINEA PP":"A","LINEA  ACTUAL":"A","OTORGANTE":"ALBERTO LOPEZ","PDF TITULO":"SI","ESTADO":"ESTADO DE MEXICO","MUNICIPIO":"CUAUTITLAN","KM INI. FISICO":"49+814.60","KM FIN. FISICO":"49+927.60","KM INI. DOCUMENTAL":"49+814.60","KM FIN. DOCUMENTAL":"49+927.60","SUPERFICIE":"2260","ANCHO D.V. L.D.":"10","ANCHO D.V. L.I.":"10","DATOS REGISTRALES":"ESCRITURA PUBLICA DE COMPRAVENTA DEL 29 DE MARZO DE 1881, INSCRITA EN RPP DEL EDO. MEX. EL 31 DE AGOSTO 1883, SEGUN CONSTA DEL CERTIFICADO DE ESTA FECHA.","OBSERVACIONES":"ACTUALMENTE PERTENENCIENTE AL MUNICIPIO DE HUEHUETOCA","nombre":"270"},"geometry":{"type":"Polygon","coordinates":[[[-99.216802,19.860894],[-99.216974,19.860804],[-99.216993,19.860824],[-99.217131,19.860965],[-99.217271,19.861105],[-99.217506,19.861332],[-99.21768,19.861498],[-99.217704,19.861521],[-99.217729,19.861544],[-99.217545,19.861625],[-99.217368,19.861458],[-99.217134,19.861231],[-99.21699,19.861087],[-99.216852,19.860946],[-99.216831,19.860925],[-99.216803,19.860895],[-99.216802,19.860894]]]}},{"type":"Feature","properties":{"LINEA PP":"A","LINEA  ACTUAL":"A","OTORGANTE":"VICENTE ROJAS","PDF TITULO":"SI","ESTADO":"ESTADO DE MEXICO","MUNICIPIO":"CUAUTITLAN","KM INI. FISICO":"49+762.20","KM FIN. FISICO":"49+8814.60","KM INI. DOCUMENTAL":"49+762.20","KM FIN. DOCUMENTAL":"49+814.60","SUPERFICIE":"939.56","ANCHO D.V. L.D.":"10","ANCHO D.V. L.I.":"10","DATOS REGISTRALES":"ESCRITURA PUBLICA DE COMPRAVENTA DEL 28 DE MARZO DE 1881, INSCRITA EN RPP DEL EDO. MEX. EL 31 DE AGOSTO 1883, SEGUN CONSTA DEL CERTIFICADO DE ESTA FECHA.","OBSERVACIONES":"ACTUALMENTE PERTENENCIENTE AL MUNICIPIO DE HUEHUETOCA","nombre":"269"},"geometry":{"type":"Polygon","coordinates":[[[-99.216488,19.860548],[-99.216636,19.860433],[-99.216872,19.860697],[-99.216934,19.860763],[-99.216945,19.860774],[-99.216973,19.860804],[-99.216974,19.860804],[-99.216802,19.860894],[-99.216792,19.860884],[-99.216718,19.860805],[-99.216488,19.860548]]]}},{"type":"Feature","properties":{"LINEA PP":"A","LINEA  ACTUAL":"A","OTORGANTE":"CANUTO ROJAS","PDF TITULO":"SI","ESTADO":"ESTADO DE MEXICO","MUNICIPIO":"CUAUTITLAN","KM INI. FISICO":"49+601.20","KM FIN. FISICO":"49+707.20","KM INI. DOCUMENTAL":"49+601.20","KM FIN. DOCUMENTAL":"49+707.20","SUPERFICIE":"2151.28","ANCHO D.V. L.D.":"10","ANCHO D.V. L.I.":"10","DATOS REGISTRALES":"ESCRITURA PUBLICA DE COMPRAVENTA DEL 28 DE MARZO DE 1881, INSCRITA EN RPP DEL EDO. MEX. EL 31 DE AGOSTO 1883, SEGUN CONSTA DEL CERTIFICADO DE ESTA FECHA.","OBSERVACIONES":"ACTUALMENTE PERTENENCIENTE AL MUNICIPIO DE HUEHUETOCA","nombre":"268"},"geometry":{"type":"Polygon","coordinates":[[[-99.21558,19.859341],[-99.215759,19.859273],[-99.215818,19.859362],[-99.216054,19.859702],[-99.216314,19.860045],[-99.216161,19.860153],[-99.215896,19.859804],[-99.215655,19.859457],[-99.215596,19.859367],[-99.21558,19.859342],[-99.21558,19.859341]]]}},{"type":"Feature","properties":{"nombre":"254"},"geometry":{"type":"Polygon","coordinates":[[[-99.214335,19.856862],[-99.214541,19.85686],[-99.214571,19.856926],[-99.214721,19.857266],[-99.214897,19.85766],[-99.215016,19.85792],[-99.215036,19.857962],[-99.215052,19.857997],[-99.21486,19.858034],[-99.214721,19.85773],[-99.214544,19.857333],[-99.214394,19.856994],[-99.214365,19.856929],[-99.214336,19.856863],[-99.214335,19.856862]]]}},{"type":"Feature","properties":{"LINEA PP":"A","LINEA  ACTUAL":"A","OTORGANTE":"VICTORIANO PARRA","PDF TITULO":"SI","ESTADO":"ESTADO DE MEXICO","MUNICIPIO":"CUAUTITLAN","KM INI. FISICO":"49+177","KM FIN. FISICO":"49+301","KM INI. DOCUMENTAL":"49+177","KM FIN. DOCUMENTAL":"49+301","SUPERFICIE":"2480","ANCHO D.V. L.D.":"10","ANCHO D.V. L.I.":"10","DATOS REGISTRALES":"ESCRITURA PUBLICA DE COMPRAVENTA DEL 28 DE MARZO DE 1881, INSCRITA EN RPP DEL EDO. MEX. EL 31 DE AGOSTO 1883, SEGUN CONSTA DEL CERTIFICADO DE ESTA FECHA.","OBSERVACIONES":"ACTUALMENTE PERTENENCIENTE AL MUNICIPIO DE HUEHUETOCA","nombre":"267"},"geometry":{"type":"Polygon","coordinates":[[[-99.21389,19.855858],[-99.21407,19.855797],[-99.214105,19.855875],[-99.2143,19.856317],[-99.214444,19.85664],[-99.214513,19.856796],[-99.214541,19.85686],[-99.214335,19.856862],[-99.214267,19.856707],[-99.214123,19.856384],[-99.213929,19.855945],[-99.213892,19.855862],[-99.21389,19.855858]]]}},{"type":"Feature","properties":{"LINEA PP":"A","LINEA  ACTUAL":"A","OTORGANTE":"BARTOLO LOPEZ","PDF TITULO":"SI","ESTADO":"ESTADO DE MEXICO","MUNICIPIO":"CUATITLAN","KM INI. FISICO":"48+821.30","KM FIN. FISICO":"49+017","KM INI. DOCUMENTAL":"48+821.3","KM FIN. DOCUMENTAL":"49+017","SUPERFICIE":"3696.7","ANCHO D.V. L.D.":"10","ANCHO D.V. L.I.":"10","DATOS REGISTRALES":"ESCRITURA PUBLICA DE COMPRAVENTA DEL 28 DE MARZO DE 1881, INSCRITA EN RPP DEL EDO. MEX. EL 31 DE AGOSTO 1883, SEGUN CONSTA DEL CERTIFICADO DE ESTA FECHA.","OBSERVACIONES":"ACTUALMENTE PERTENENCIENTE AL MUNICIPIO DE HUEHUETOCA","nombre":"266"},"geometry":{"type":"Polygon","coordinates":[[[-99.212741,19.8528],[-99.212897,19.853151],[-99.213047,19.85349],[-99.213182,19.853793],[-99.213329,19.854126],[-99.213473,19.854451],[-99.213304,19.854537],[-99.213298,19.854522],[-99.213154,19.854197],[-99.213005,19.853862],[-99.212871,19.85356],[-99.212721,19.853221],[-99.212693,19.853158],[-99.212636,19.852888],[-99.212741,19.8528]]]}},{"type":"Feature","properties":{"LINEA PP":"A","LINEA  ACTUAL":"A","OTORGANTE":"IRINEO HERNANDEZ","PDF TITULO":"SI","ESTADO":"ESTADO DE MEXICO","MUNICIPIO":"CUAUTITLAN","KM INI. FISICO":"48+803","KM FIN. FISICO":"48+201.3","KM INI. DOCUMENTAL":"48+803","KM FIN. DOCUMENTAL":"48+821.3","SUPERFICIE":"421.8","ANCHO D.V. L.D.":"IRREGULAR","ANCHO D.V. L.I.":"IRREGULAR","DATOS REGISTRALES":"ESCRITURA PUBLICA DE COMPRAVENTA DEL 28 DE MARZO DE 1881, INSCRITA EN RPP DEL EDO. MEX. EL 31 DE AGOSTO 1883, SEGUN CONSTA DEL CERTIFICADO DE ESTA FECHA.","OBSERVACIONES":"ACTUALMENTE PERTENENCIENTE AL MUNICIPIO DE HUEHUETOCA","nombre":"265"},"geometry":{"type":"Polygon","coordinates":[[[-99.212636,19.852888],[-99.212503,19.852263],[-99.212601,19.852484],[-99.212738,19.852792],[-99.212741,19.8528],[-99.212636,19.852888]]]}},{"type":"Feature","properties":{"LINEA PP":"A","LINEA  ACTUAL":"A","OTORGANTE":"TIRSO VIVEROS","PDF TITULO":"SI","ESTADO":"ESTADO DE MEXICO","MUNICIPIO":"CUAUTITLAN","KM INI. FISICO":"48+368","KM FIN. FISICO":"48+547.50","KM INI. DOCUMENTAL":"48+368","KM FIN. DOCUMENTAL":"48+547.5","SUPERFICIE":"3590","ANCHO D.V. L.D.":"10","ANCHO D.V. L.I.":"10","DATOS REGISTRALES":"ESCRITURA PUBLICA DE COMPRAVENTA DEL 28 DE MARZO DE 1881, INSCRITA EN RPP DEL EDO. MEX. EL 31 DE AGOSTO 1883, SEGUN CONSTA DEL CERTIFICADO DE ESTA FECHA.","OBSERVACIONES":"ACTUALMENTE PERTENENCIENTE AL MUNICIPIO DE HUEHUETOCA","nombre":"263"},"geometry":{"type":"Polygon","coordinates":[[[-99.211035,19.849515],[-99.211221,19.849464],[-99.211376,19.849783],[-99.211482,19.850009],[-99.211574,19.850212],[-99.211707,19.85051],[-99.211891,19.850924],[-99.211907,19.850961],[-99.211714,19.850994],[-99.21162,19.85078],[-99.211398,19.850283],[-99.211308,19.850085],[-99.211203,19.849859],[-99.211048,19.84954],[-99.211036,19.849516],[-99.211035,19.849515]]]}},{"type":"Feature","properties":{"LINEA PP":"A","LINEA  ACTUAL":"A","OTORGANTE":"GABINO ALVAREZ","PDF TITULO":"SI","ESTADO":"ESTADO DE MEXICO","MUNICIPIO":"CUAUTITLAN","KM INI. FISICO":"48+253.20","KM FIN. FISICO":"48+368","KM INI. DOCUMENTAL":"48+253.2","KM FIN. DOCUMENTAL":"48+368","SUPERFICIE":"2296","ANCHO D.V. L.D.":"10","ANCHO D.V. L.I.":"10","DATOS REGISTRALES":"ESCRITURA PUBLICA DE COMPRAVENTA DEL 28 DE MARZO DE 1881, INSCRITA EN RPP DEL EDO. MEX. EL 31 DE AGOSTO 1883, SEGUN CONSTA DEL CERTIFICADO DE ESTA FECHA.","OBSERVACIONES":"ACTUALMENTE PERTENENCIENTE AL MUNICIPIO DE HUEHUETOCA","nombre":"262"},"geometry":{"type":"Polygon","coordinates":[[[-99.210548,19.848596],[-99.210726,19.848528],[-99.210819,19.848696],[-99.210928,19.848898],[-99.210981,19.848996],[-99.21113,19.849284],[-99.211209,19.84944],[-99.211221,19.849464],[-99.211035,19.849515],[-99.210957,19.84936],[-99.210813,19.849082],[-99.210651,19.848782],[-99.210558,19.848615],[-99.210548,19.848597],[-99.210548,19.848596]]]}},{"type":"Feature","properties":{"LINEA PP":"A","LINEA  ACTUAL":"A","OTORGANTE":"FELIPE GARCIA","PDF TITULO":"SI","ESTADO":"ESTADO DE MEXICO","MUNICIPIO":"CUAUTITLAN","KM INI. FISICO":"48+074.20","KM FIN. FISICO":"49+253.20","KM INI. DOCUMENTAL":"48+074.2","KM FIN. DOCUMENTAL":"48+253.2","SUPERFICIE":"3580","ANCHO D.V. L.D.":"10","ANCHO D.V. L.I.":"10","DATOS REGISTRALES":"ESCRITURA PUBLICA DE COMPRAVENTA DEL 26 DE MARZO DE 1881, INSCRITA EN RPP DEL EDO. MEX. EL 31 DE AGOSTO 1883, SEGUN CONSTA DEL CERTIFICADO DE ESTA FECHA.","OBSERVACIONES":"ACTUALMENTE PERTENENCIENTE AL MUNICIPIO DE HUEHUETOCA","nombre":"261"},"geometry":{"type":"Polygon","coordinates":[[[-99.209695,19.847209],[-99.20986,19.847119],[-99.209888,19.847162],[-99.210088,19.84747],[-99.210323,19.847845],[-99.210661,19.848414],[-99.210716,19.848511],[-99.210726,19.848528],[-99.210548,19.848596],[-99.210493,19.8485],[-99.210158,19.847935],[-99.209925,19.847564],[-99.209727,19.847259],[-99.209695,19.84721],[-99.209695,19.847209]]]}},{"type":"Feature","properties":{"LINEA PP":"A","LINEA  ACTUAL":"A","OTORGANTE":"MARIA MICAELA SOTO","PDF TITULO":"SI","ESTADO":"ESTADO DE MEXICO","MUNICIPIO":"CUAUTITLAN","KM INI. FISICO":"47+813.40","KM FIN. FISICO":"47+943.20","KM INI. DOCUMENTAL":"47+814.40","KM FIN. DOCUMENTAL":"47+838.40","SUPERFICIE":"2596","ANCHO D.V. L.D.":"10","ANCHO D.V. L.I.":"10","DATOS REGISTRALES":"ESCRITURA PUBLICA DE COMPRAVENTA DEL 28 DE MARZO DE 1881, INSCRITA EN RPP DEL EDO. MEX. EL 31 DE AGOSTO DE 1883, SEGUN CONSTA DEL CERTIFICADO DE ESTA FECHA.","OBSERVACIONES":"ACTUALMENTE PERTENENCIENTE AL MUNICIPIO DE HUEHUETOCA","nombre":"259"},"geometry":{"type":"Polygon","coordinates":[[[-99.208664,19.845386],[-99.208466,19.845434],[-99.208442,19.845408],[-99.208408,19.845374],[-99.208382,19.845347],[-99.208359,19.845324],[-99.208332,19.84531],[-99.208494,19.845214],[-99.208521,19.845229],[-99.208544,19.845251],[-99.20857,19.845279],[-99.208604,19.845312],[-99.208623,19.845336],[-99.208664,19.845386]]]}},{"type":"Feature","properties":{"LINEA PP":"A","LINEA  ACTUAL":"A","OTORGANTE":"RAMON PEREZ","PDF TITULO":"SI","ESTADO":"ESTADO DE MEXICO","MUNICIPIO":"CUAUTITLAN","KM INI. FISICO":"S/D","KM FIN. FISICO":"S/D","KM INI. DOCUMENTAL":"47+722.40","KM FIN. DOCUMENTAL":"47+814.40","SUPERFICIE":"3115","ANCHO D.V. L.D.":"IRREGULAR","ANCHO D.V. L.I.":"IRREGULAR","DATOS REGISTRALES":"CONTRATO PRIVADO DE COMPRAVENTA DEL 10 DE JULIO DE 1903, INSCRITA EN REGISTO PUBLICO DE LA CIUDAD DE MEXICO, CON EL NUMERO 553, DE FECHA  14 DE JULIO DE 1903.","OBSERVACIONES":"ACTUALMENTE PERTENENCIENTE AL MUNICIPIO DE HUEHUETOCA","nombre":"244-N"},"geometry":{"type":"Polygon","coordinates":[[[-99.207864,19.844512],[-99.208196,19.844504],[-99.208428,19.844856],[-99.208616,19.845143],[-99.208682,19.845243],[-99.209629,19.846684],[-99.209589,19.846707],[-99.209492,19.846561],[-99.20931,19.846284],[-99.209108,19.845977],[-99.209068,19.845916],[-99.208978,19.845791],[-99.208857,19.845637],[-99.208758,19.845505],[-99.208655,19.845375],[-99.208623,19.845336],[-99.208604,19.845312],[-99.20857,19.845279],[-99.208544,19.845251],[-99.208521,19.845229],[-99.208494,19.845214],[-99.208373,19.845286],[-99.208366,19.845275],[-99.208184,19.845],[-99.207955,19.84465],[-99.207908,19.84458],[-99.207867,19.844516],[-99.207864,19.844512]]]}},{"type":"Feature","properties":{"LINEA PP":"A","LINEA  ACTUAL":"A","OTORGANTE":"JOSE MA. SOTO","PDF TITULO":"SI","ESTADO":"ESTADO DE MEXICO","MUNICIPIO":"CUAUTITLAN","KM INI. FISICO":"S/D","KM FIN. FISICO":"S/D","KM INI. DOCUMENTAL":"47+638.40","KM FIN. DOCUMENTAL":"47+722.40","SUPERFICIE":"2250","ANCHO D.V. L.D.":"IRREGULAR","ANCHO D.V. L.I.":"IRREGULAR","DATOS REGISTRALES":"CONTRATO PRIVADO DE COMPRAVENTA DEL 18 DE JULIO DE 1903, INSCRITA EN REGISTO PUBLICO DE LA CIUDAD DE MEXICO, CON EL NUMERO 560, DE FECHA  27 DE JULIO DE 1903.","OBSERVACIONES":"ACTUALMENTE PERTENENCIENTE AL MUNICIPIO DE HUEHUETOCA","nombre":"244-M"},"geometry":{"type":"Polygon","coordinates":[[[-99.207864,19.844512],[-99.207628,19.844154],[-99.207628,19.844154],[-99.207606,19.843864],[-99.207772,19.84386],[-99.207872,19.844011],[-99.20811,19.844373],[-99.208152,19.844437],[-99.208196,19.844504],[-99.207864,19.844512]]]}},{"type":"Feature","properties":{"LINEA PP":"A","LINEA  ACTUAL":"A","OTORGANTE":"CATARINO GARCIA","PDF TITULO":"SI","ESTADO":"ESTADO DE MEXICO","MUNICIPIO":"CUAUTITLAN","KM INI. FISICO":"S/D","KM FIN. FISICO":"S/D","KM INI. DOCUMENTAL":"47+628.40","KM FIN. DOCUMENTAL":"47+656.40","SUPERFICIE":"270","ANCHO D.V. L.D.":"IRREGULAR","ANCHO D.V. L.I.":"IRREGULAR","DATOS REGISTRALES":"CONTRATO PRIVADO DE COMPRAVENTA DEL 18 DE JULIO DE 1903, INSCRITA EN REGISTO PUBLICO DE LA CIUDAD DE MEXICO, CON EL NUMERO 558, DE FECHA  27 DE JULIO DE 1903.","OBSERVACIONES":"ACTUALMENTE PERTENENCIENTE AL MUNICIPIO DE HUEHUETOCA","nombre":"244-L"},"geometry":{"type":"Polygon","coordinates":[[[-99.20744,19.843868],[-99.207606,19.843864],[-99.207628,19.844154],[-99.207531,19.844006],[-99.207485,19.843935],[-99.207443,19.843872],[-99.20744,19.843868]]]}},{"type":"Feature","properties":{"LINEA PP":"A","LINEA  ACTUAL":"A","OTORGANTE":"TOMAS DE LA PARRA","PDF TITULO":"SI","ESTADO":"ESTADO DE MEXICO","MUNICIPIO":"CUAUTITLAN","KM INI. FISICO":"S/D","KM FIN. FISICO":"S/D","KM INI. DOCUMENTAL":"47+545.90","KM FIN. DOCUMENTAL":"47+638.40","SUPERFICIE":"2775","ANCHO D.V. L.D.":"15","ANCHO D.V. L.I.":"15","DATOS REGISTRALES":"CONTRATO PRIVADO DE COMPRAVENTA DEL 16 DE JULIO DE 1903, INSCRITA EN REGISTO PUBLICO DE LA CIUDAD DE MEXICO, CON EL NUMERO 557, DE FECHA 27 DE JULIO DE 1903.","OBSERVACIONES":"ACTUALMENTE PERTENENCIENTE AL MUNICIPIO DE HUEHUETOCA","nombre":"244-K"},"geometry":{"type":"Polygon","coordinates":[[[-99.206973,19.843158],[-99.207306,19.84315],[-99.207686,19.843729],[-99.207772,19.84386],[-99.20744,19.843868],[-99.207064,19.843296],[-99.206976,19.843162],[-99.206973,19.843158]]]}},{"type":"Feature","properties":{"LINEA PP":"A","LINEA  ACTUAL":"A","OTORGANTE":"JOSE RODRIGUEZ","PDF TITULO":"SI","ESTADO":"ESTADO DE MEXICO","MUNICIPIO":"CUAUTITLAN","KM INI. FISICO":"S/D","KM FIN. FISICO":"S/D","KM INI. DOCUMENTAL":"47+506.40","KM FIN. DOCUMENTAL":"47+545.90","SUPERFICIE":"1185","ANCHO D.V. L.D.":"15","ANCHO D.V. L.I.":"15","DATOS REGISTRALES":"CONTRATO PRIVADO DE COMPRAVENTA DEL 10 DE JULIO DE 1903, INSCRITA EN REGISTO PUBLICO DE LA CIUDAD DE MEXICO, CON EL NUMERO 552, DE FECHA 14 DE JULIO DE 1903.","OBSERVACIONES":"ACTUALMENTE PERTENENCIENTE AL MUNICIPIO DE HUEHUETOCA","nombre":"244-I"},"geometry":{"type":"Polygon","coordinates":[[[-99.206973,19.843158],[-99.206886,19.843026],[-99.206994,19.842676],[-99.206997,19.842681],[-99.207129,19.842881],[-99.207219,19.843019],[-99.207306,19.84315],[-99.206973,19.843158]]]}},{"type":"Feature","properties":{"LINEA PP":"A","LINEA  ACTUAL":"A","OTORGANTE":"RAFAEL ANYA","PDF TITULO":"SI","ESTADO":"ESTADO DE MEXICO","MUNICIPIO":"CUAUTITLAN","KM INI. FISICO":"S/D","KM FIN. FISICO":"S/D","KM INI. DOCUMENTAL":"46+996.4","KM FIN. DOCUMENTAL":"47+112.4","SUPERFICIE":"5850","ANCHO D.V. L.D.":"IRREGULAR","ANCHO D.V. L.I.":"IRREGULAR","DATOS REGISTRALES":"CONTRATO PRIVADO DE COMPRAVENTA DEL 18 DE JULIO  DE 1903, INSCRITA EN RPP DE LA CDMX . EL 27 DE JULIO DE 1903, SEGUN CONSTA DEL CERTIFICADO DE ESTA FECHA.","OBSERVACIONES":"ACTUALMENTE PERTENENCIENTE AL MUNICIPIO DE HUEHUETOCA","nombre":"244-B"},"geometry":{"type":"Polygon","coordinates":[[[-99.205501,19.840549],[-99.205591,19.840543],[-99.205664,19.840653],[-99.205552,19.84066],[-99.205501,19.840549]]]}},{"type":"Feature","properties":{"LINEA PP":"A","LINEA  ACTUAL":"A","OTORGANTE":"SEBASTIAN RODRIGUEZ","PDF TITULO":"SI","ESTADO":"ESTADO DE MEXICO","MUNICIPIO":"CUAUTITLAN","KM INI. FISICO":"S/D","KM FIN. FISICO":"S/D","KM INI. DOCUMENTAL":"47+325.90","KM FIN. DOCUMENTAL":"47+506.40","SUPERFICIE":"5190","ANCHO D.V. L.D.":"IRREGULAR","ANCHO D.V. L.I.":"IRREGULAR","DATOS REGISTRALES":"CONTRATO PRIVADO DE COMPRAVENTA DEL 10 DE JULIO DE 1903, INSCRITA EN REGISTO PUBLICO DE LA CIUDAD DE MEXICO, CON EL NUMERO 551, DE FECHA 14 DE JULIO DE 1903.","OBSERVACIONES":"ACTUALMENTE PERTENENCIENTE AL MUNICIPIO DE HUEHUETOCA","nombre":"244-H"},"geometry":{"type":"Polygon","coordinates":[[[-99.205911,19.841445],[-99.20622,19.841499],[-99.206222,19.841502],[-99.206577,19.842042],[-99.206776,19.842345],[-99.206994,19.842676],[-99.206886,19.843026],[-99.206754,19.842824],[-99.206533,19.842488],[-99.206334,19.842185],[-99.206062,19.841773],[-99.206055,19.841762],[-99.205911,19.841445]]]}},{"type":"Feature","properties":{"LINEA PP":"A","LINEA  ACTUAL":"A","OTORGANTE":"JOSE MONTES","PDF TITULO":"SI","ESTADO":"ESTADO DE MEXICO","MUNICIPIO":"CUAUTITLAN","KM INI. FISICO":"S/D","KM FIN. FISICO":"S/D","KM INI. DOCUMENTAL":"47+300.90","KM FIN. DOCUMENTAL":"47+325.90","SUPERFICIE":"770","ANCHO D.V. L.D.":"IRREGULAR","ANCHO D.V. L.I.":"IRREGULAR","DATOS REGISTRALES":"CONTRATO PRIVADO DE COMPRAVENTA DEL 10 DE JULIO DE 1903, INSCRITA EN REGISTO PUBLICO DE LA CIUDAD DE MEXICO, CON EL NUMERO 550, DE FECHA 14 DE JULIO DE 1903.","OBSERVACIONES":"ACTUALMENTE PERTENENCIENTE AL MUNICIPIO DE HUEHUETOCA","nombre":"244-G"},"geometry":{"type":"Polygon","coordinates":[[[-99.20622,19.841499],[-99.205911,19.841445],[-99.205891,19.841402],[-99.205926,19.841051],[-99.206151,19.841395],[-99.20622,19.841499]]]}},{"type":"Feature","properties":{"LINEA PP":"A","LINEA  ACTUAL":"A","OTORGANTE":"JOSE MONTOYA","PDF TITULO":"SI","ESTADO":"ESTADO DE MEXICO","MUNICIPIO":"CUAUTITLAN","KM INI. FISICO":"S/D","KM FIN. FISICO":"S/D","KM INI. DOCUMENTAL":"47+146.40\n47+146.40","KM FIN. DOCUMENTAL":"47+202.40\n47+204.40","SUPERFICIE":"455","ANCHO D.V. L.D.":"IRREGULAR","ANCHO D.V. L.I.":"IRREGULAR","DATOS REGISTRALES":"CONTRATO PRIVADO DE COMPRAVENTA DEL 16 DE JULIO DE 1903, INSCRITA EN REGISTRO PUBLICO DE LA CIUDAD DE MEXICO BAJO EL NUMERO 555, DE FECHA 24 DE JULIO DE 1903.","OBSERVACIONES":"ACTUALMENTE PERTENENCIENTE AL MUNICIPIO DE HUEHUETOCA","nombre":"244-E"},"geometry":{"type":"Polygon","coordinates":[[[-99.205501,19.840549],[-99.205289,19.840083],[-99.205591,19.840542],[-99.205591,19.840543],[-99.205501,19.840549]]]}},{"type":"Feature","properties":{"LINEA PP":"A","LINEA  ACTUAL":"A","OTORGANTE":"JOSE MARIA GONZALEZ","PDF TITULO":"SI","ESTADO":"ESTADO DE MEXICO","MUNICIPIO":"CUAUTITLAN","KM INI. FISICO":"S/D","KM FIN. FISICO":"S/D","KM INI. DOCUMENTAL":"47+255","KM FIN. DOCUMENTAL":"47+300.90","SUPERFICIE":"970","ANCHO D.V. L.D.":"IRREGULAR","ANCHO D.V. L.I.":"IRREGULAR","DATOS REGISTRALES":"CONTRATO PRIVADO DE COMPRAVENTA DEL 16 DE JULIO DE 1903, INSCRITA EN REGISTO PUBLICO DE LA CIUDAD DE MEXICO, CON EL NUMERO 556, DE FECHA 27 DE JULIO DE 1903.","OBSERVACIONES":"ACTUALMENTE PERTENENCIENTE AL MUNICIPIO DE HUEHUETOCA","nombre":"244-F"},"geometry":{"type":"Polygon","coordinates":[[[-99.205891,19.841402],[-99.205552,19.84066],[-99.205664,19.840653],[-99.205664,19.840654],[-99.205793,19.840851],[-99.205926,19.841051],[-99.205891,19.841402]]]}},{"type":"Feature","properties":{"LINEA PP":"A","LINEA  ACTUAL":"A","OTORGANTE":"NAZARIA C. NAVARRETE","PDF TITULO":"SI","ESTADO":"ESTADO DE MEXICO","MUNICIPIO":"CUAUTITLAN","KM INI. FISICO":"S/D","KM FIN. FISICO":"S/D","KM INI. DOCUMENTAL":"47+211","KM FIN. DOCUMENTAL":"47+216","SUPERFICIE":"145","ANCHO D.V. L.D.":"IRREGULAR","ANCHO D.V. L.I.":"IRREGULAR","DATOS REGISTRALES":"CONTRATO PRIVADO DE COMPRAVENTA DEL 10 DE JULIO DE 1903, INSCRITA EN RPP DE LA CDMX EL 14 DE JULIO DE 1903, SEGUN CONSTA DEL CERTIFICADO DE ESTA FECHA.","OBSERVACIONES":"ACTUALMENTE PERTENENCIENTE AL MUNICIPIO DE HUEHUETOCA","nombre":"244-C"},"geometry":{"type":"Polygon","coordinates":[[[-99.205502,19.840663],[-99.205552,19.84066],[-99.205669,19.840917],[-99.205621,19.840845],[-99.205504,19.840665],[-99.205502,19.840663]]]}},{"type":"Feature","properties":{"LINEA PP":"A","LINEA  ACTUAL":"A","OTORGANTE":"GUADALUPE PEREZ","PDF TITULO":"SI","ESTADO":"ESTADO DE MEXICO","MUNICIPIO":"CUAUTITLAN","KM INI. FISICO":"S/D","KM FIN. FISICO":"S/D","KM INI. DOCUMENTAL":"47+202.4","KM FIN. DOCUMENTAL":"41+222.4","SUPERFICIE":"180","ANCHO D.V. L.D.":"IRREGULAR","ANCHO D.V. L.I.":"IRREGULAR","DATOS REGISTRALES":"CONTRATO PRIVADO DE COMPRAVENTA DEL 10 DE JULIO DE 1903, INSCRITA EN RPP DE LA CDMX EL 14 DE JULIO DE 1903, SEGUN CONSTA DEL CERTIFICADO DE ESTA FECHA.","OBSERVACIONES":"ACTUALMENTE PERTENENCIENTE AL MUNICIPIO DE HUEHUETOCA","nombre":"244-D"},"geometry":{"type":"Polygon","coordinates":[[[-99.20543,19.840553],[-99.205501,19.840549],[-99.205552,19.84066],[-99.205502,19.840663],[-99.20543,19.840553]]]}},{"type":"Feature","properties":{"LINEA PP":"A","LINEA  ACTUAL":"A","OTORGANTE":"RAFAEL ANYA","PDF TITULO":"SI","ESTADO":"ESTADO DE MEXICO","MUNICIPIO":"CUAUTITLAN","KM INI. FISICO":"S/D","KM FIN. FISICO":"S/D","KM INI. DOCUMENTAL":"46+996.4","KM FIN. DOCUMENTAL":"47+112.4","SUPERFICIE":"5850","ANCHO D.V. L.D.":"IRREGULAR","ANCHO D.V. L.I.":"IRREGULAR","DATOS REGISTRALES":"CONTRATO PRIVADO DE COMPRAVENTA DEL 18 DE JULIO  DE 1903, INSCRITA EN RPP DE LA CDMX . EL 27 DE JULIO DE 1903, SEGUN CONSTA DEL CERTIFICADO DE ESTA FECHA.","OBSERVACIONES":"ACTUALMENTE PERTENENCIENTE AL MUNICIPIO DE HUEHUETOCA","nombre":"244-B"},"geometry":{"type":"Polygon","coordinates":[[[-99.204236,19.839028],[-99.204249,19.839039],[-99.204292,19.839065],[-99.204337,19.839084],[-99.204391,19.839095],[-99.204495,19.839105],[-99.204547,19.839098],[-99.20459,19.839083],[-99.204634,19.83906],[-99.204646,19.839053],[-99.204768,19.838981],[-99.20502,19.839365],[-99.205222,19.839807],[-99.205252,19.840229],[-99.205089,19.840325],[-99.204869,19.83999],[-99.204655,19.839664],[-99.204362,19.83922],[-99.204236,19.839028]]]}},{"type":"Feature","properties":{"LINEA PP":"A","LINEA  ACTUAL":"A","OTORGANTE":"JOSE R. MONTIEL","PDF TITULO":"SI","ESTADO":"ESTADO DE MEXICO","MUNICIPIO":"CUAUTITLAN","KM INI. FISICO":"S/D","KM FIN. FISICO":"S/D","KM INI. DOCUMENTAL":"46+805.4","KM FIN. DOCUMENTAL":"46+996.4","SUPERFICIE":"7200","ANCHO D.V. L.D.":"IRREGULAR","ANCHO D.V. L.I.":"IRREGULAR","DATOS REGISTRALES":"CONTRATO PRIVADO DE COMPRAVENTA EL 6 DE JULIO DE 1903, INSCRITA EN RPP DE LA CDMX. EL 14 DE JULIO DE 1903, SEGUN CONSTA DEL CERTIFICADO DE ESTA FECHA.","OBSERVACIONES":"ACTUALMENTE PERTENENCIENTE AL MUNICIPIO DE HUEHUETOCA","nombre":"244-A"},"geometry":{"type":"Polygon","coordinates":[[[-99.203761,19.837869],[-99.20385,19.837574],[-99.20402,19.837843],[-99.204339,19.838329],[-99.204552,19.838654],[-99.204768,19.838981],[-99.204646,19.839053],[-99.204634,19.83906],[-99.204614,19.83907],[-99.20459,19.839083],[-99.204547,19.839098],[-99.204495,19.839105],[-99.204448,19.839102],[-99.204391,19.839095],[-99.204337,19.839084],[-99.204292,19.839065],[-99.204249,19.839039],[-99.204236,19.839028],[-99.204236,19.839027],[-99.203634,19.838112],[-99.203563,19.837865],[-99.203761,19.837869]]]}},{"type":"Feature","properties":{"LINEA PP":"A","LINEA  ACTUAL":"A","OTORGANTE":"PEDRO GARCIA","PDF TITULO":"SI","ESTADO":"ESTADO DE MEXICO","MUNICIPIO":"CUAUTITLAN","KM INI. FISICO":"46+597.40","KM FIN. FISICO":"46+790.10","KM INI. DOCUMENTAL":"46+597.4","KM FIN. DOCUMENTAL":"64+799.4","SUPERFICIE":"11250.48","ANCHO D.V. L.D.":"IRREGULAR","ANCHO D.V. L.I.":"IRREGULAR","DATOS REGISTRALES":"CONTRATO PRIVADO DE COMPRAVENTA DEL 26 DE MARZO DE 1881, INSCRITA EN RPP DEL EDO. MEX. EL 31 DE AGOSTO DE 1883, SEGUN CONSTA DEL CERTIFICADO DE ESTA FECHA.","OBSERVACIONES":"ACTUALMENTE PERTENENCIENTE AL MUNICIPIO DE HUEHUETOCA","nombre":"243"},"geometry":{"type":"Polygon","coordinates":[[[-99.202622,19.835953],[-99.202943,19.83598],[-99.203234,19.836021],[-99.203736,19.837007],[-99.203631,19.837655],[-99.203248,19.837599],[-99.202623,19.835955],[-99.202622,19.835953]]]}},{"type":"Feature","properties":{"LINEA PP":"A","LINEA  ACTUAL":"A","OTORGANTE":"PEDRO GARCIA","PDF TITULO":"SI","ESTADO":"ESTADO DE MEXICO","MUNICIPIO":"CUAUTITLAN","KM INI. FISICO":"S/D","KM FIN. FISICO":"S/D","KM INI. DOCUMENTAL":"46+585.90","KM FIN. DOCUMENTAL":"46+775.40","SUPERFICIE":"6170","ANCHO D.V. L.D.":"IRREGULAR","ANCHO D.V. L.I.":"IRREGULAR","DATOS REGISTRALES":"CONTRATO PRIVADO DE COMPRAVENTA DEL 16 DE OCTUBRE DE 1903, INSCRITA EN REGISTRO PUBLICO DE LA CIUDAD DE MEXICO BAJO EL NUMERO. 581, DE FECHA 21 DE OCTUBRE DE 1903.","OBSERVACIONES":"ACTUALMENTE PERTENENCIENTE AL MUNICIPIO DE HUEHUETOCA","nombre":"243-A"},"geometry":{"type":"Polygon","coordinates":[[[-99.202622,19.835953],[-99.203248,19.837599],[-99.202907,19.83755],[-99.202335,19.836052],[-99.202346,19.835931],[-99.202622,19.835953]]]}},{"type":"Feature","properties":{"LINEA PP":"A","LINEA  ACTUAL":"A","OTORGANTE":"SEBASTIAN RODRIGUEZ","nombre":"242"},"geometry":{"type":"Polygon","coordinates":[[[-99.20288,19.835809],[-99.202921,19.835361],[-99.20317,19.835851],[-99.20288,19.835809]]]}},{"type":"Feature","properties":{"LINEA PP":"A","LINEA  ACTUAL":"A","OTORGANTE":"JOSE QUESADA","PDF TITULO":"SI","ESTADO":"ESTADO DE MEXICO","MUNICIPIO":"CUAUTITLAN","KM INI. FISICO":"46+416.70","KM FIN. FISICO":"46+585.90","KM INI. DOCUMENTAL":"46+416.7","KM FIN. DOCUMENTAL":"46+585.9","SUPERFICIE":"6533.24","ANCHO D.V. L.D.":"IRREGULAR","ANCHO D.V. L.I.":"IRREGULAR","DATOS REGISTRALES":"CONTRATO PRIVADO DE COMPRAVENTA DEL 18 DE MARZO DE 1881, INSCRITA EN RPP DEL EDO. MEX. EL 31 DE AGOSTO DE 1883, SEGUN CONSTA DEL CERTIFICADO DE ESTA FECHA.","OBSERVACIONES":"ACTUALMENTE PERTENENCIENTE AL MUNICIPIO DE HUEHUETOCA","nombre":"241"},"geometry":{"type":"Polygon","coordinates":[[[-99.202072,19.834419],[-99.202382,19.83431],[-99.202912,19.835454],[-99.20288,19.835809],[-99.20261,19.835787],[-99.202072,19.834419]]]}},{"type":"Feature","properties":{"LINEA PP":"A","LINEA  ACTUAL":"A","OTORGANTE":"LUCIO VIVEROS","PDF TITULO":"SI","ESTADO":"ESTADO DE MEXICO","MUNICIPIO":"CUAUTITLAN","KM INI. FISICO":"46+386.70","KM FIN. FISICO":"46+446","KM INI. DOCUMENTAL":"46+400.7","KM FIN. DOCUMENTAL":"46+573.9","SUPERFICIE":"4100","ANCHO D.V. L.D.":"IRREGULAR","ANCHO D.V. L.I.":"IRREGULAR","DATOS REGISTRALES":"CONTRATO PRIVADO DE COMPRAVENTA DEL 13 DE OTUBRE DE 1903, INSCRITA EN RPP DE LA CIUDAD DE MEXICO . EL 21 DE OCTUBRE DE 1903, SEGUN CONSTA DEL CERTIFICADO DE ESTA FECHA.","OBSERVACIONES":"ACTUALMENTE PERTENENCIENTE AL MUNICIPIO DE HUEHUETOCA","nombre":"241-A"},"geometry":{"type":"Polygon","coordinates":[[[-99.20233,19.835308],[-99.202411,19.835279],[-99.20261,19.835787],[-99.202516,19.835779],[-99.20233,19.835308]]]}},{"type":"Feature","properties":{"LINEA PP":"A","LINEA  ACTUAL":"A","OTORGANTE":"DOLORES GALVAN","PDF TITULO":"SI","ESTADO":"ESTADO DE MEXICO","MUNICIPIO":"CUAUTITLAN","KM INI. FISICO":"46+272.00","KM FIN. FISICO":"46+416.70","KM INI. DOCUMENTAL":"46+286.00","KM FIN. DOCUMENTAL":"46+396.00","SUPERFICIE":"2670","ANCHO D.V. L.D.":"IRREGULAR","ANCHO D.V. L.I.":"IRREGULAR","DATOS REGISTRALES":"CONTRATO PRIVADO DE COMPRAVENTA DEL 3 DE OCTUBRE DE 1903, INSCRITA EN REGISTOR PUBLICO DE LA CIUDAD DE MEXICO, CON EL NUMERO 577, EL 21 DE OCTUBRE DE 1903.","OBSERVACIONES":"ACTUALMENTE PERTENENCIENTE AL MUNICIPIO DE HUEHUETOCA","nombre":"240"},"geometry":{"type":"Polygon","coordinates":[[[-99.202382,19.83431],[-99.202072,19.834419],[-99.201644,19.833345],[-99.201772,19.833025],[-99.202382,19.83431]]]}},{"type":"Feature","properties":{"LINEA PP":"A","LINEA  ACTUAL":"A","OTORGANTE":"MARTINIANO GARCIA","nombre":"241-B"},"geometry":{"type":"Polygon","coordinates":[[[-99.201644,19.833345],[-99.202411,19.835279],[-99.20233,19.835308],[-99.202516,19.83578],[-99.202252,19.835758],[-99.201472,19.833777],[-99.201644,19.833345]]]}},{"type":"Feature","properties":{"LINEA PP":"A","LINEA  ACTUAL":"A","OTORGANTE":"CASIMIRO CADENA","PDF TITULO":"SI","ESTADO":"ESTADO DE MEXICO","MUNICIPIO":"CUAUTITLAN","KM INI. FISICO":"46+266.20","KM FIN. FISICO":"46+272.00","KM INI. DOCUMENTAL":"46+266.20","KM FIN. DOCUMENTAL":"46+272.00","SUPERFICIE":"143.43","ANCHO D.V. L.D.":"IRREGULAR","ANCHO D.V. L.I.":"IRREGULAR","DATOS REGISTRALES":"CONTRATO PRIVADO DE COMPRAVENTA DEL 18 DE MARZO DE 1881, INSCRITA EN RPP DEL EDO. MEX. EL 31 DE AGOSTO DE 1883, SEGUN CONSTA DEL CERTIFICADO DE ESTA FECHA.","OBSERVACIONES":"ACTUALMENTE PERTENENCIENTE AL MUNICIPIO DE HUEHUETOCA","nombre":"239"},"geometry":{"type":"Polygon","coordinates":[[[-99.201431,19.833016],[-99.201579,19.83304],[-99.201512,19.833207],[-99.201431,19.833016],[-99.201431,19.833016]]]}},{"type":"Feature","properties":{"LINEA PP":"A","LINEA  ACTUAL":"A","OTORGANTE":"JUAN VELAZQUEZ","PDF TITULO":"SI","ESTADO":"ESTADO DE MEXICO","MUNICIPIO":"CUAUTITLAN","KM INI. FISICO":"46+147.20","KM FIN. FISICO":"46+266.20","KM INI. DOCUMENTAL":"46+147.20","KM FIN. DOCUMENTAL":"46+266.20","SUPERFICIE":"2459.42","ANCHO D.V. L.D.":"10","ANCHO D.V. L.I.":"10","DATOS REGISTRALES":"CONTRATO PRIVADO DE COMPRAVENTA DEL 18 DE MARZO DE 1881, INSCRITA EN RPP DEL EDO. MEX. EL 31 DE AGOSTO DE 1883, SEGUN CONSTA DEL CERTIFICADO DE ESTA FECHA.","OBSERVACIONES":"ACTUALMENTE PERTENENCIENTE AL MUNICIPIO DE HUEHUETOCA","nombre":"238"},"geometry":{"type":"Polygon","coordinates":[[[-99.201431,19.833016],[-99.201,19.832075],[-99.201079,19.832093],[-99.201129,19.831906],[-99.20113,19.831908],[-99.201388,19.832454],[-99.201612,19.832957],[-99.201579,19.83304],[-99.201431,19.833016]]]}},{"type":"Feature","properties":{"LINEA PP":"A","LINEA  ACTUAL":"A","OTORGANTE":"HECIQUIO RODRIGUEZ","PDF TITULO":"SI","ESTADO":"ESTADO DE MEXICO","MUNICIPIO":"CUAUTITLAN","KM INI. FISICO":"46+064.30","KM FIN. FISICO":"46+147.20","KM INI. DOCUMENTAL":"46+064.30","KM FIN. DOCUMENTAL":"46+147.20","SUPERFICIE":"1651.7","ANCHO D.V. L.D.":"10","ANCHO D.V. L.I.":"10","DATOS REGISTRALES":"CONTRATO PRIVADO DE COMPRAVENTA DEL 18 DE MARZO DE 1881, INSCRITA EN RPP DEL EDO. MEX. EL 31 DE AGOSTO DE 1883, SEGUN CONSTA DEL CERTIFICADO DE ESTA FECHA.","OBSERVACIONES":"ACTUALMENTE PERTENENCIENTE AL MUNICIPIO DE HUEHUETOCA","nombre":"237"},"geometry":{"type":"Polygon","coordinates":[[[-99.200648,19.83134],[-99.200881,19.831388],[-99.201129,19.831906],[-99.201079,19.832093],[-99.201,19.832075],[-99.200648,19.831341],[-99.200648,19.83134]]]}},{"type":"Feature","properties":{"LINEA PP":"A","LINEA  ACTUAL":"A","OTORGANTE":"JESUS RAMIREZ","PDF TITULO":"SI","ESTADO":"ESTADO DE MEXICO","MUNICIPIO":"CUAUTITLAN","KM INI. FISICO":"45+977.60","KM FIN. FISICO":"46+059.00","KM INI. DOCUMENTAL":"45+977.60","KM FIN. DOCUMENTAL":"46+059.00","SUPERFICIE":"1628","ANCHO D.V. L.D.":"10","ANCHO D.V. L.I.":"10","DATOS REGISTRALES":"CONTRATO PRIVADO DE COMPRAVENTA DEL 18 DE MARZO DE 1881, INSCRITA EN RPP DEL EDO. MEX. EL 31 DE AGOSTO DE 1883, SEGUN CONSTA DEL CERTIFICADO DE ESTA FECHA.","OBSERVACIONES":"ACTUALMENTE PERTENENCIENTE AL MUNICIPIO DE HUEHUETOCA","nombre":"236"},"geometry":{"type":"Polygon","coordinates":[[[-99.200648,19.83134],[-99.200482,19.830993],[-99.200517,19.830629],[-99.200656,19.830917],[-99.200834,19.83129],[-99.200881,19.831388],[-99.200648,19.83134]]]}},{"type":"Feature","properties":{"LINEA PP":"A","LINEA  ACTUAL":"A","OTORGANTE":"FRANCISCO VILLEGAS","PDF TITULO":"SI","ESTADO":"ESTADO DE MEXICO","MUNICIPIO":"CUAUTITLAN","KM INI. FISICO":"45+848.10","KM FIN. FISICO":"45+977.60","KM INI. DOCUMENTAL":"45+848.10","KM FIN. DOCUMENTAL":"45+977.60","SUPERFICIE":"2588.2","ANCHO D.V. L.D.":"10","ANCHO D.V. L.I.":"10","DATOS REGISTRALES":"CONTRATO PRIVADO DE COMPRAVENTA DEL 18 DE MARZO DE 1881, INSCRITA EN RPP DEL EDO. MEX. EL 31 DE AGOSTO DE 1883, SEGUN CONSTA DEL CERTIFICADO DE ESTA FECHA.","OBSERVACIONES":"ACTUALMENTE PERTENENCIENTE AL MUNICIPIO DE HUEHUETOCA","nombre":"235"},"geometry":{"type":"Polygon","coordinates":[[[-99.199964,19.829913],[-99.200013,19.829601],[-99.20003,19.829613],[-99.20012,19.829801],[-99.200468,19.830526],[-99.200517,19.830629],[-99.200482,19.830993],[-99.200187,19.830378],[-99.20007,19.830133],[-99.199964,19.829913]]]}},{"type":"Feature","properties":{"LINEA PP":"A","LINEA  ACTUAL":"A","OTORGANTE":"JOSE ANTONIO VILLEGAS","PDF TITULO":"SI","ESTADO":"ESTADO DE MEXICO","MUNICIPIO":"CUAUTITLAN","KM INI. FISICO":"45+818.20","KM FIN. FISICO":"45+848.10","KM INI. DOCUMENTAL":"45+818.20","KM FIN. DOCUMENTAL":"45+848.10","SUPERFICIE":"598.8","ANCHO D.V. L.D.":"IRREGULAR","ANCHO D.V. L.I.":"IRREGULAR","DATOS REGISTRALES":"CONTRATO PRIVADO DE COMPRAVENTA DEL 18 DE MARZO DE 1881, INSCRITA EN RPP DEL EDO. MEX. EL 31 DE AGOSTO DE 1883, SEGUN CONSTA DEL CERTIFICADO DE ESTA FECHA.","OBSERVACIONES":"ACTUALMENTE PERTENENCIENTE AL MUNICIPIO DE HUEHUETOCA","nombre":"234"},"geometry":{"type":"Polygon","coordinates":[[[-99.199715,19.829392],[-99.200013,19.829601],[-99.199964,19.829913],[-99.199855,19.829685],[-99.199715,19.829393],[-99.199715,19.829392]]]}},{"type":"Feature","properties":{"LINEA PP":"A","LINEA  ACTUAL":"A","OTORGANTE":"QUIRINO GARCIA","PDF TITULO":"SI","ESTADO":"ESTADO DE MEXICO","MUNICIPIO":"CUAUTITLAN","KM INI. FISICO":"45+556.70","KM FIN. FISICO":"45+762.00","KM INI. DOCUMENTAL":"45+556.70","KM FIN. DOCUMENTAL":"45+762.00","SUPERFICIE":"4106","ANCHO D.V. L.D.":"10","ANCHO D.V. L.I.":"10","DATOS REGISTRALES":"CONTRATO PRIVADO DE COMPRAVENTA DEL 18 DE MARZO DE 1881, INSCRITA EN RPP DEL EDO. MEX. EL 31 DE AGOSTO DE 1883, SEGUN CONSTA DEL CERTIFICADO DE ESTA FECHA.","OBSERVACIONES":"ACTUALMENTE PERTENENCIENTE AL MUNICIPIO DE HUEHUETOCA","nombre":"233"},"geometry":{"type":"Polygon","coordinates":[[[-99.199886,19.829207],[-99.199571,19.828986],[-99.199479,19.828822],[-99.199252,19.828349],[-99.198863,19.827537],[-99.198764,19.827331],[-99.198763,19.827329],[-99.198993,19.827372],[-99.199037,19.827464],[-99.199426,19.828275],[-99.199653,19.828748],[-99.199886,19.829207]]]}},{"type":"Feature","properties":{"LINEA PP":"A","LINEA  ACTUAL":"A","OTORGANTE":"MACEDONIO GARCIA","PDF TITULO":"SI","ESTADO":"ESTADO DE MEXICO","MUNICIPIO":"CUAUTITLAN","KM INI. FISICO":"45+537.40","KM FIN. FISICO":"45+556.70","KM INI. DOCUMENTAL":"45+537.40","KM FIN. DOCUMENTAL":"45+556.70","SUPERFICIE":"385.5","ANCHO D.V. L.D.":"IRREGULAR","ANCHO D.V. L.I.":"IRREGULAR","DATOS REGISTRALES":"CONTRATO PRIVADO DE COMPRAVENTA DEL 17 DE MARZO DE 1881, INSCRITA EN RPP DEL EDO. MEX. EL 31 DE AGOSTO DE 1883, SEGUN CONSTA DEL CERTIFICADO DE ESTA FECHA.","OBSERVACIONES":"ACTUALMENTE PERTENENCIENTE AL MUNICIPIO DE HUEHUETOCA","nombre":"232"},"geometry":{"type":"Polygon","coordinates":[[[-99.198849,19.827072],[-99.198849,19.827072],[-99.198993,19.827372],[-99.198763,19.827329],[-99.198754,19.827312],[-99.198849,19.827072]]]}},{"type":"Feature","properties":{"LINEA PP":"A","LINEA  ACTUAL":"A","OTORGANTE":"VICENTE VARGAS","PDF TITULO":"SI","ESTADO":"ESTADO DE MEXICO","MUNICIPIO":"CUAUTITLAN","KM INI. FISICO":"45+442.00","KM FIN. FISICO":"45+537.40","KM INI. DOCUMENTAL":"45+442.00","KM FIN. DOCUMENTAL":"45+537.40","SUPERFICIE":"1904.6","ANCHO D.V. L.D.":"10","ANCHO D.V. L.I.":"10","DATOS REGISTRALES":"CONTRATO PRIVADO DE COMPRAVENTA DEL 17 DE MARZO DE 1881, INSCRITA EN RPP DEL EDO. MEX. EL 31 DE AGOSTO DE 1883, SEGUN CONSTA DEL CERTIFICADO DE ESTA FECHA.","OBSERVACIONES":"ACTUALMENTE PERTENENCIENTE AL MUNICIPIO DE HUEHUETOCA","nombre":"231"},"geometry":{"type":"Polygon","coordinates":[[[-99.198309,19.826383],[-99.198541,19.82643],[-99.19875,19.826866],[-99.198849,19.827072],[-99.198754,19.827312],[-99.198379,19.826528],[-99.19831,19.826384],[-99.198309,19.826383]]]}},{"type":"Feature","properties":{"LINEA PP":"A","LINEA  ACTUAL":"A","OTORGANTE":"ANTONIO SANTILLAN","PDF TITULO":"SI","ESTADO":"ESTADO DE MEXICO","MUNICIPIO":"CUAUTITLAN","KM INI. FISICO":"45+335.20","KM FIN. FISICO":"45+442.00","KM INI. DOCUMENTAL":"45+335.20","KM FIN. DOCUMENTAL":"45+442.00","SUPERFICIE":"2136","ANCHO D.V. L.D.":"10","ANCHO D.V. L.I.":"10","DATOS REGISTRALES":"CONTRATO PRIVADO DE COMPRAVENTA DEL 17 DE MARZO DE 1881, INSCRITA EN RPP DEL EDO. MEX. EL 31 DE AGOSTO DE 1883, SEGUN CONSTA DEL CERTIFICADO DE ESTA FECHA.","OBSERVACIONES":"ACTUALMENTE PERTENENCIENTE AL MUNICIPIO DE HUEHUETOCA","nombre":"230"},"geometry":{"type":"Polygon","coordinates":[[[-99.197907,19.82558],[-99.198137,19.825627],[-99.198166,19.825681],[-99.19819,19.825732],[-99.198291,19.825945],[-99.198541,19.82643],[-99.19831,19.826384],[-99.198116,19.826018],[-99.198015,19.825805],[-99.197951,19.82567],[-99.197907,19.82558]]]}},{"type":"Feature","properties":{"LINEA PP":"A","LINEA  ACTUAL":"A","OTORGANTE":"GUADALUPE GARCIA","PDF TITULO":"SI","ESTADO":"ESTADO DE MEXICO","MUNICIPIO":"CUAUTITLAN","KM INI. FISICO":"45+286.80","KM FIN. FISICO":"45+335.20","KM INI. DOCUMENTAL":"45+286.80","KM FIN. DOCUMENTAL":"45+335.20","SUPERFICIE":"968","ANCHO D.V. L.D.":"10","ANCHO D.V. L.I.":"10","DATOS REGISTRALES":"CONTRATO PRIVADO DE COMPRAVENTA DEL 17 DE MARZO DE 1881, INSCRITA EN RPP DEL EDO. MEX. EL 31 DE AGOSTO DE 1883, SEGUN CONSTA DEL CERTIFICADO DE ESTA FECHA.","OBSERVACIONES":"ACTUALMENTE PERTEECE AL MUNICIPIO DE COYOTEPEC","nombre":"229"},"geometry":{"type":"Polygon","coordinates":[[[-99.197907,19.82558],[-99.197869,19.825488],[-99.19784,19.825425],[-99.19781,19.825353],[-99.197951,19.825207],[-99.198014,19.825352],[-99.198043,19.825415],[-99.198098,19.825533],[-99.198137,19.825627],[-99.197907,19.82558]]]}},{"type":"Feature","properties":{"LINEA PP":"A","LINEA  ACTUAL":"B","OTORGANTE":"ANDRES RODRIGUEZ","PDF TITULO":"SI","ESTADO":"ESTADO DE MEXICO","MUNICIPIO":"CUAUTITLAN","KM INI. FISICO":"41+071.6","KM FIN. FISICO":"41+102.7","KM INI. DOCUMENTAL":"41+071.6","KM FIN. DOCUMENTAL":"41+102.7","SUPERFICIE":"620.1","ANCHO D.V. L.D.":"10","ANCHO D.V. L.I.":"10","DATOS REGISTRALES":"ESCRITURA PUBLICA DE COMPRAVENTA DEL 12 DE FEBRERO DE 1881, INSCRITA EN RPP DEL EDO. MEX. EL 31 DE AGOSTO 1883, SEGUN CONSTA DEL CERTIFICADO DE ESTA FECHA.","OBSERVACIONES":"ACTUALMENTE LINEA B, ACTUALMENTE PERTEECE AL MUNICIPIO DE COYOTEPEC","nombre":"227"},"geometry":{"type":"Polygon","coordinates":[[[-99.187458,19.788324],[-99.187542,19.788632],[-99.187567,19.788724],[-99.187568,19.788727],[-99.187571,19.788738],[-99.18739,19.78881],[-99.187357,19.788679],[-99.187458,19.788324]]]}},{"type":"Feature","properties":{"LINEA PP":"A","LINEA  ACTUAL":"B","OTORGANTE":"JOSE VELAZQUEZ","PDF TITULO":"SI","ESTADO":"ESTADO DE MEXICO","MUNICIPIO":"CUAUTITLAN","KM INI. FISICO":"41+048.6","KM FIN. FISICO":"41+071.6","KM INI. DOCUMENTAL":"41+048.6","KM FIN. DOCUMENTAL":"41+071.6","SUPERFICIE":"456.17","ANCHO D.V. L.D.":"IRREGULAR","ANCHO D.V. L.I.":"IRREGULAR","DATOS REGISTRALES":"ESCRITURA PUBLICA DE COMPRAVENTA DEL 12 DE FEBRERO DE 1881, INSCRITA EN RPP DEL EDO. MEX. EL 31 DE AGOSTO 1883, SEGUN CONSTA DEL CERTIFICADO DE ESTA FECHA.","OBSERVACIONES":"ACTUALMENTE LINEA B, ACTUALMENTE PERTEECE AL MUNICIPIO DE COYOTEPEC","nombre":"226"},"geometry":{"type":"Polygon","coordinates":[[[-99.187451,19.788299],[-99.187458,19.788324],[-99.187357,19.788679],[-99.187315,19.788524],[-99.187255,19.788303],[-99.187255,19.788302],[-99.187451,19.788299]]]}},{"type":"Feature","properties":{"LINEA PP":"A","LINEA  ACTUAL":"B","OTORGANTE":"MARIA SABINA","PDF TITULO":"SI","ESTADO":"ESTADO DE MEXICO","MUNICIPIO":"CUAUTITLAN","KM INI. FISICO":"41+000","KM FIN. FISICO":"41+048.60","KM INI. DOCUMENTAL":"41+000.1","KM FIN. DOCUMENTAL":"41+048.6","SUPERFICIE":"970","ANCHO D.V. L.D.":"10","ANCHO D.V. L.I.":"10","DATOS REGISTRALES":"ESCRITURA PUBLICA DE COMPRAVENTA DEL 12 DE FEBRERO DE 1881, INSCRITA EN RPP DEL EDO. MEX. EL 31 DE AGOSTO 1883, SEGUN CONSTA DEL CERTIFICADO DE ESTA FECHA.","OBSERVACIONES":"ACTUALMENTE LINEA B, ACTUALMENTE PERTEECE AL MUNICIPIO DE COYOTEPEC","nombre":"225"},"geometry":{"type":"Polygon","coordinates":[[[-99.187134,19.787858],[-99.187341,19.787893],[-99.187341,19.787894],[-99.18744,19.788258],[-99.187451,19.788299],[-99.187255,19.788302],[-99.187157,19.787939],[-99.187135,19.78786],[-99.187134,19.787858]]]}},{"type":"Feature","properties":{"LINEA PP":"A","LINEA  ACTUAL":"B","OTORGANTE":"JOSE ANTONIO SERAPIO","PDF TITULO":"SI","ESTADO":"ESTADO DE MEXICO","MUNICIPIO":"CUAUTITLAN","KM INI. FISICO":"40+942.20","KM FIN. FISICO":"41+000","KM INI. DOCUMENTAL":"40+942","KM FIN. DOCUMENTAL":"41+000.1","SUPERFICIE":"1162","ANCHO D.V. L.D.":"10","ANCHO D.V. L.I.":"10","DATOS REGISTRALES":"ESCRITURA PUBLICA DE COMPRAVENTA DEL 12 DE FEBRERO DE 1881, INSCRITA EN RPP DEL EDO. MEX. EL 31 DE AGOSTO 1883, SEGUN CONSTA DEL CERTIFICADO DE ESTA FECHA","OBSERVACIONES":"ACTUALMENTE LINEA B, ACTUALMENTE PERTEECE AL MUNICIPIO DE COYOTEPEC","nombre":"224"},"geometry":{"type":"Polygon","coordinates":[[[-99.186997,19.787353],[-99.186997,19.787351],[-99.187203,19.787386],[-99.187331,19.787855],[-99.187341,19.787894],[-99.187135,19.78786],[-99.187019,19.787432],[-99.186997,19.787353]]]}},{"type":"Feature","properties":{"LINEA PP":"A","LINEA  ACTUAL":"B","OTORGANTE":"JOSE SERAPIO","PDF TITULO":"SI","ESTADO":"ESTADO DE MEXICO","MUNICIPIO":"CUAUTITLAN","KM INI. FISICO":"40+891.10","KM FIN. FISICO":"40+942","KM INI. DOCUMENTAL":"40+891.1","KM FIN. DOCUMENTAL":"40+942","SUPERFICIE":"1018","ANCHO D.V. L.D.":"10","ANCHO D.V. L.I.":"10","DATOS REGISTRALES":"ESCRITURA PUBLICA DE COMPRAVENTA DEL 12 DE FEBRERO DE 1881, INSCRITA EN RPP DEL EDO. MEX. EL 31 DE AGOSTO 1883, SEGUN CONSTA DEL CERTIFICADO DE ESTA FECHA.","OBSERVACIONES":"ACTUALMENTE LINEA B, ACTUALMENTE PERTEECE AL MUNICIPIO DE COYOTEPEC","nombre":"223"},"geometry":{"type":"Polygon","coordinates":[[[-99.186876,19.786906],[-99.187082,19.78694],[-99.187203,19.787386],[-99.186997,19.787351],[-99.186876,19.786907],[-99.186876,19.786906]]]}},{"type":"Feature","properties":{"LINEA PP":"A","LINEA  ACTUAL":"B","OTORGANTE":"JOSE ABUNDIO","PDF TITULO":"SI","ESTADO":"ESTADO DE MEXICO","MUNICIPIO":"CUAUTITLAN","KM INI. FISICO":"40+845.60","KM FIN. FISICO":"40+891.10","KM INI. DOCUMENTAL":"40+845.6","KM FIN. DOCUMENTAL":"40+891.1","SUPERFICIE":"910","ANCHO D.V. L.D.":"10","ANCHO D.V. L.I.":"10","DATOS REGISTRALES":"ESCRITURA PUBLICA DE COMPRAVENTA DEL 12 DE FEBRERO DE 1881, INSCRITA EN RPP DEL EDO. MEX. EL 31 DE AGOSTO 1883, SEGUN CONSTA DEL CERTIFICADO DE ESTA FECHA.","OBSERVACIONES":"ACTUALMENTE LINEA B, ACTUALMENTE PERTEECE AL MUNICIPIO DE COYOTEPEC","nombre":"222"},"geometry":{"type":"Polygon","coordinates":[[[-99.186768,19.786508],[-99.186974,19.786542],[-99.187082,19.78694],[-99.186876,19.786906],[-99.186768,19.786509],[-99.186768,19.786508]]]}},{"type":"Feature","properties":{"LINEA PP":"A","LINEA  ACTUAL":"B","OTORGANTE":"RAMON CERVANTES","PDF TITULO":"SI","ESTADO":"ESTADO DE MEXICO","MUNICIPIO":"CUAUTITLAN","KM INI. FISICO":"40+806.90","KM FIN. FISICO":"40+845.60","KM INI. DOCUMENTAL":"40+806.9","KM FIN. DOCUMENTAL":"40+845.6","SUPERFICIE":"774","ANCHO D.V. L.D.":"10","ANCHO D.V. L.I.":"10","DATOS REGISTRALES":"ESCRITURA PUBLICA DE COMPRAVENTA DEL 12 DE FEBRERO DE 1881, INSCRITA EN RPP DEL EDO. MEX. EL 31 DE AGOSTO 1883, SEGUN CONSTA DEL CERTIFICADO DE ESTA FECHA.","OBSERVACIONES":"ACTUALMENTE LINEA B, ACTUALMENTE PERTEECE AL MUNICIPIO DE COYOTEPEC","nombre":"221"},"geometry":{"type":"Polygon","coordinates":[[[-99.186675,19.786169],[-99.186882,19.786204],[-99.186963,19.786502],[-99.186974,19.786542],[-99.186768,19.786508],[-99.186676,19.78617],[-99.186675,19.786169]]]}},{"type":"Feature","properties":{"LINEA PP":"A","LINEA  ACTUAL":"B","OTORGANTE":"SABINO ORTEGA","PDF TITULO":"SI","ESTADO":"ESTADO DE MEXICO","MUNICIPIO":"CUATITLAN","KM INI. FISICO":"40+762.90","KM FIN. FISICO":"40+806.90","KM INI. DOCUMENTAL":"40+762.9","KM FIN. DOCUMENTAL":"40+806.9","SUPERFICIE":"869.3","ANCHO D.V. L.D.":"10","ANCHO D.V. L.I.":"10","DATOS REGISTRALES":"ESCRITURA PUBLICA DE COMPRAVENTA DEL 12 DE FEBRERO DE 1881, INSCRITA EN RPP DEL EDO. MEX. EL 31 DE AGOSTO 1883, SEGUN CONSTA DEL CERTIFICADO DE ESTA FECHA.","OBSERVACIONES":"ACTUALMENTE LINEA B, ACTUALMENTE PERTENECE AL MUNICIPIO DE COYOTEPEC","nombre":"220"},"geometry":{"type":"Polygon","coordinates":[[[-99.186675,19.786169],[-99.186642,19.786046],[-99.186707,19.785556],[-99.186707,19.785556],[-99.186882,19.786204],[-99.186675,19.786169]]]}},{"type":"Feature","properties":{"LINEA PP":"A","LINEA  ACTUAL":"B","OTORGANTE":"ANTONIO CASTILLO","PDF TITULO":"SI","ESTADO":"ESTADO DE MEXICO","MUNICIPIO":"CUAUTITLAN","KM INI. FISICO":"40+735.10","KM FIN. FISICO":"40+762.90","KM INI. DOCUMENTAL":"40+735.10","KM FIN. DOCUMENTAL":"40+762.90","SUPERFICIE":"551.22","ANCHO D.V. L.D.":"IRREGULAR","ANCHO D.V. L.I.":"IRREGULAR","DATOS REGISTRALES":"ESCRITURA PUBLICA DE COMPRAVENTA DEL 12 DE FEBRERO DE 1881, INSCRITA EN RPP DEL EDO. MEX. EL 31 DE AGOSTO 1883, SEGUN CONSTA DEL CERTIFICADO DE ESTA FECHA.","OBSERVACIONES":"ACTUALMENTE LINEA B, ACTUALMENTE PERTENECE AL MUNICIPIO DE COYOTEPEC","nombre":"219"},"geometry":{"type":"Polygon","coordinates":[[[-99.186503,19.785532],[-99.186703,19.78558],[-99.186642,19.786046],[-99.186503,19.785533],[-99.186503,19.785532]]]}},{"type":"Feature","properties":{"LINEA PP":"A","LINEA  ACTUAL":"B","OTORGANTE":"JUAN CASAS","PDF TITULO":"SI","ESTADO":"ESTADO DE MEXICO","MUNICIPIO":"CUAUTITLAN","KM INI. FISICO":"40+698.60","KM FIN. FISICO":"40+735.10","KM INI. DOCUMENTAL":"40+704.60","KM FIN. DOCUMENTAL":"40+735.10","SUPERFICIE":"612.2","ANCHO D.V. L.D.":"10","ANCHO D.V. L.I.":"10","DATOS REGISTRALES":"ESCRITURA PUBLICA DE COMPRAVENTA DEL 12 DE FEBRERO DE 1881, INSCRITA EN RPP DEL EDO. MEX. EL 31 DE AGOSTO 1883, SEGUN CONSTA DEL CERTIFICADO DE ESTA FECHA.","OBSERVACIONES":"ACTUALMENTE LINEA B, ACTUALMENTE PERTENECE AL MUNICIPIO DE COYOTEPEC","nombre":"218"},"geometry":{"type":"Polygon","coordinates":[[[-99.186479,19.785442],[-99.186594,19.78514],[-99.186707,19.785556],[-99.186703,19.785581],[-99.186503,19.785533],[-99.186479,19.785442]]]}},{"type":"Feature","properties":{"LINEA PP":"A","LINEA  ACTUAL":"B","OTORGANTE":"MAURICIO SALAS","PDF TITULO":"SI","ESTADO":"ESTADO DE MEXICO","MUNICIPIO":"CUAUTITLAN","KM INI. FISICO":"40+612.90","KM FIN. FISICO":"40+677.60","KM INI. DOCUMENTAL":"40+612.90","KM FIN. DOCUMENTAL":"40+677.60","SUPERFICIE":"1294","ANCHO D.V. L.D.":"10","ANCHO D.V. L.I.":"10","DATOS REGISTRALES":"ESCRITURA PUBLICA DE COMPRAVENTA DEL 12 DE FEBRERO DE 1881, INSCRITA EN RPP DEL EDO. MEX. EL 31 DE AGOSTO 1883, SEGUN CONSTA DEL CERTIFICADO DE ESTA FECHA.","OBSERVACIONES":"ACTUALMENTE LINEA B, ACTUALMENTE PERTENECE AL MUNICIPIO DE COYOTEPEC","nombre":"216"},"geometry":{"type":"Polygon","coordinates":[[[-99.186217,19.7845],[-99.18642,19.784522],[-99.186573,19.785086],[-99.186371,19.785068],[-99.186218,19.784502],[-99.186217,19.7845]]]}},{"type":"Feature","properties":{"LINEA PP":"A","LINEA  ACTUAL":"B","OTORGANTE":"DOMINGO SANCHEZ","PDF TITULO":"SI","ESTADO":"ESTADO DE MEXICO","MUNICIPIO":"CUAUTITLAN","KM INI. FISICO":"40+568.70","KM FIN. FISICO":"40+612.90","KM INI. DOCUMENTAL":"40+568.70","KM FIN. DOCUMENTAL":"40+612.90","SUPERFICIE":"879.32","ANCHO D.V. L.D.":"10","ANCHO D.V. L.I.":"10","DATOS REGISTRALES":"ESCRITURA PUBLICA DE COMPRAVENTA DEL 11 DE FEBRERO DE 1881, INSCRITA EN RPP DEL EDO. MEX. EL 31 DE AGOSTO 1883, SEGUN CONSTA DEL CERTIFICADO DE ESTA FECHA.\n(ANTIGUAMENTE LINEA A)","OBSERVACIONES":"ACTUALMENTE LINEA B, 20 METROS DE ANCHO SEGUN TITULO DE PROPIEDAD","nombre":"215"},"geometry":{"type":"Polygon","coordinates":[[[-99.186112,19.784112],[-99.186316,19.784136],[-99.18642,19.784522],[-99.186217,19.7845],[-99.186112,19.784113],[-99.186112,19.784112]]]}},{"type":"Feature","properties":{"LINEA PP":"A","LINEA  ACTUAL":"B","OTORGANTE":"TIBURCIO HERRERA","PDF TITULO":"SI","ESTADO":"ESTADO DE MEXICO","MUNICIPIO":"CUAUTITLAN","KM INI. FISICO":"40+568.70","KM FIN. FISICO":"40+568.70","KM INI. DOCUMENTAL":"40+552.20","KM FIN. DOCUMENTAL":"40+570.20","SUPERFICIE":"183.14","ANCHO D.V. L.D.":"IRREGULAR","ANCHO D.V. L.I.":"IRREGULAR","DATOS REGISTRALES":"ESCRITURA PUBLICA DE COMPRAVENTA DEL 11 DE FEBRERO DE 1881, INSCRITA EN RPP DEL EDO. MEX. EL 31 DE AGOSTO 1883, SEGUN CONSTA DEL CERTIFICADO DE ESTA FECHA.","OBSERVACIONES":"ACTUALMENTE LINEA B, 5 METROS DE ANCHO SEGUN TITULO DE PROPIEDAD\n\nEL PREDIO TOCA AL EJE EN UN SOLO PUNTO (ESPECIFICO)","nombre":"214"},"geometry":{"type":"Polygon","coordinates":[[[-99.186214,19.784124],[-99.186231,19.783823],[-99.186306,19.784101],[-99.186316,19.784136],[-99.186214,19.784124]]]}},{"type":"Feature","properties":{"LINEA PP":"A","LINEA  ACTUAL":"B","OTORGANTE":"JOSE APARICIO","PDF TITULO":"SI","ESTADO":"ESTADO DE MEXICO","MUNICIPIO":"CUAUTITLAN","KM INI. FISICO":"40+495.20","KM FIN. FISICO":"40+568.70","KM INI. DOCUMENTAL":"40+495.20","KM FIN. DOCUMENTAL":"40+568.70","SUPERFICIE":"1282.75","ANCHO D.V. L.D.":"10","ANCHO D.V. L.I.":"10","DATOS REGISTRALES":"ESCRITURA PUBLICA DE COMPRAVENTA DEL 11 DE FEBRERO DE 1881, INSCRITA EN RPP DEL EDO. MEX. EL 31 DE AGOSTO 1883, SEGUN CONSTA DEL CERTIFICADO DE ESTA FECHA.","OBSERVACIONES":"ACTUALMENTE LINEA B, 20 METROS DE ANCHO SEGUN TITULO DE PROPIEDAD","nombre":"213"},"geometry":{"type":"Polygon","coordinates":[[[-99.185938,19.783468],[-99.186142,19.783493],[-99.186231,19.783823],[-99.186214,19.784124],[-99.186112,19.784112],[-99.185947,19.783503],[-99.185938,19.783469],[-99.185938,19.783468]]]}},{"type":"Feature","properties":{"LINEA PP":"A","LINEA  ACTUAL":"B","OTORGANTE":"TIBURCIO PINEDA","PDF TITULO":"SI","ESTADO":"ESTADO DE MEXICO","MUNICIPIO":"CUAUTITLAN","KM INI. FISICO":"40+433.30","KM FIN. FISICO":"40+495.20","KM INI. DOCUMENTAL":"40+433.30","KM FIN. DOCUMENTAL":"40+495.20","SUPERFICIE":"1238","ANCHO D.V. L.D.":"10","ANCHO D.V. L.I.":"10","DATOS REGISTRALES":"ESCRITURA PUBLICA DE COMPRAVENTA DEL 11 DE FEBRERO DE 1881, INSCRITA EN RPP DEL EDO. MEX. EL 31 DE AGOSTO 1883, SEGUN CONSTA DEL CERTIFICADO DE ESTA FECHA.","OBSERVACIONES":"ACTUALMENTE LINEA B, 20 METROS DE ANCHO SEGUN TITULO DE PROPIEDAD","nombre":"212"},"geometry":{"type":"Polygon","coordinates":[[[-99.185791,19.782926],[-99.185995,19.782951],[-99.186132,19.783458],[-99.186142,19.783493],[-99.185938,19.783468],[-99.185801,19.782961],[-99.185791,19.782927],[-99.185791,19.782926]]]}},{"type":"Feature","properties":{"LINEA PP":"A","LINEA  ACTUAL":"B","OTORGANTE":"JUAN N. PINEDA","PDF TITULO":"SI","ESTADO":"ESTADO DE MEXICO","MUNICIPIO":"CUAUTITLAN","KM INI. FISICO":"40+378.40","KM FIN. FISICO":"40+433.30","KM INI. DOCUMENTAL":"40+401.20","KM FIN. DOCUMENTAL":"40+433.30","SUPERFICIE":"607.34","ANCHO D.V. L.D.":"IRREGULAR","ANCHO D.V. L.I.":"IRREGULAR","DATOS REGISTRALES":"ESCRITURA PUBLICA DE COMPRAVENTA DEL 11 DE FEBRERO DE 1881, INSCRITA EN RPP DEL EDO. MEX. EL 31 DE AGOSTO 1883, SEGUN CONSTA DEL CERTIFICADO DE ESTA FECHA.","OBSERVACIONES":"ACTUALMENTE LINEA B, 15 METROS DE ANCHO SEGUN TITULO DE PROPIEDAD","nombre":"211"},"geometry":{"type":"Polygon","coordinates":[[[-99.185781,19.782887],[-99.185853,19.782428],[-99.185985,19.782916],[-99.185995,19.782951],[-99.185791,19.782926],[-99.185781,19.782889],[-99.185781,19.782887]]]}},{"type":"Feature","properties":{"LINEA PP":"A","LINEA  ACTUAL":"B","OTORGANTE":"JULIAN PINEDA","PDF TITULO":"SI","ESTADO":"ESTADO DE MEXICO","MUNICIPIO":"CUAUTITLAN","KM INI. FISICO":"40+378.40","KM FIN. FISICO":"40+401.20","KM INI. DOCUMENTAL":"40+378.40","KM FIN. DOCUMENTAL":"40+401.20","SUPERFICIE":"483.8","ANCHO D.V. L.D.":"IRREGULAR","ANCHO D.V. L.I.":"IRREGULAR","DATOS REGISTRALES":"ESCRITURA PUBLICA DE COMPRAVENTA DEL 11 DE FEBRERO DE 1881, INSCRITA EN RPP DEL EDO. MEX. EL 31 DE AGOSTO 1883, SEGUN CONSTA DEL CERTIFICADO DE ESTA FECHA","OBSERVACIONES":"ACTUALMENTE LINEA B, 13.75 METROS DE ANCHO SEGUN TITULO DE PROPIEDAD","nombre":"210"},"geometry":{"type":"Polygon","coordinates":[[[-99.185661,19.782446],[-99.185847,19.782468],[-99.185781,19.782887],[-99.185661,19.782447],[-99.185661,19.782446]]]}},{"type":"Feature","properties":{"LINEA PP":"A","LINEA  ACTUAL":"B","OTORGANTE":"SEVERIANO PINEDA","PDF TITULO":"SI","ESTADO":"ESTADO DE MEXICO","MUNICIPIO":"CUAUTITLAN","KM INI. FISICO":"40+352.30","KM FIN. FISICO":"40+378.40","KM INI. DOCUMENTAL":"40+352.30","KM FIN. DOCUMENTAL":"40+378.40","SUPERFICIE":"522","ANCHO D.V. L.D.":"10","ANCHO D.V. L.I.":"10","DATOS REGISTRALES":"ESCRITURA PUBLICA DE COMPRAVENTA DEL 10 DE FEBRERO DE 1881, INSCRITA EN RPP DEL EDO. MEX. EL 31 DE AGOSTO 1883, SEGUN CONSTA DEL CERTIFICADO DE ESTA FECHA.","OBSERVACIONES":"ACTUALMENTE LINEA B, 20 METROS DE ANCHO SEGUN TITULO DE PROPIEDAD","nombre":"209"},"geometry":{"type":"Polygon","coordinates":[[[-99.185599,19.782217],[-99.185803,19.782242],[-99.185853,19.782428],[-99.185847,19.782468],[-99.185661,19.782446],[-99.185608,19.782252],[-99.185599,19.782218],[-99.185599,19.782217]]]}},{"type":"Feature","properties":{"LINEA PP":"A","LINEA  ACTUAL":"B","OTORGANTE":"ALEJANDRO PINEDA","PDF TITULO":"SI","ESTADO":"ESTADO DE MEXICO","MUNICIPIO":"CUAUTITLAN","KM INI. FISICO":"40+327.30","KM FIN. FISICO":"40+352.30","KM INI. DOCUMENTAL":"40+327.30","KM FIN. DOCUMENTAL":"40+352.30","SUPERFICIE":"500","ANCHO D.V. L.D.":"10","ANCHO D.V. L.I.":"10","DATOS REGISTRALES":"ESCRITURA PUBLICA DE COMPRAVENTA DEL 10 DE FEBRERO DE 1881, INSCRITA EN RPP DEL EDO. MEX. EL 31 DE AGOSTO 1883, SEGUN CONSTA DEL CERTIFICADO DE ESTA FECHA.","OBSERVACIONES":"ACTUALMENTE LINEA B, ACTUALMENTE PERTENECE AL MUNICIPO DE CUAUTITLAN\n20 METROS DE ANCHO SEGUN TITULO DE PROPIEDAD","nombre":"208"},"geometry":{"type":"Polygon","coordinates":[[[-99.18554,19.781998],[-99.185744,19.782023],[-99.185803,19.782242],[-99.185599,19.782217],[-99.18554,19.781999],[-99.18554,19.781998]]]}},{"type":"Feature","properties":{"LINEA PP":"A","LINEA  ACTUAL":"B","OTORGANTE":"MARIANO PANTALEON PINEDA","PDF TITULO":"SI","ESTADO":"ESTADO DE MEXICO","MUNICIPIO":"CUAUTITLAN","KM INI. FISICO":"40+307.8","KM FIN. FISICO":"40+327.30","KM INI. DOCUMENTAL":"40+307.80","KM FIN. DOCUMENTAL":"40+327.30","SUPERFICIE":"390","ANCHO D.V. L.D.":"IRREGULAR","ANCHO D.V. L.I.":"IRREGULAR","DATOS REGISTRALES":"ESCRITURA PUBLICA DE COMPRAVENTA DEL 10 DE FEBRERO DE 1881, INSCRITA EN RPP DEL EDO. MEX. EL 31 DE AGOSTO 1883, SEGUN CONSTA DEL CERTIFICADO DE ESTA FECHA.","OBSERVACIONES":"ACTUALMENTE LINEA B, ACTUALMENTE PERTENECE AL MUNICIPO DE TEOLOYUCAN\n20 METROS DE ANCHO SEGUN TITULO DE PROPIEDAD","nombre":"207"},"geometry":{"type":"Polygon","coordinates":[[[-99.185494,19.781828],[-99.185697,19.781852],[-99.185734,19.781988],[-99.185744,19.782023],[-99.18554,19.781998],[-99.185494,19.781829],[-99.185494,19.781828]]]}},{"type":"Feature","properties":{"LINEA PP":"A","LINEA  ACTUAL":"B","OTORGANTE":"FRANCISCO GALVAN","PDF TITULO":"SI","ESTADO":"ESTADO DE MEXICO","MUNICIPIO":"CUAUTITLAN","KM INI. FISICO":"40+288.2","KM FIN. FISICO":"40+307.8","KM INI. DOCUMENTAL":"40+288.2","KM FIN. DOCUMENTAL":"40+307.8","SUPERFICIE":"392","ANCHO D.V. L.D.":"10","ANCHO D.V. L.I.":"10","DATOS REGISTRALES":"ESCRITURA PUBLICA DE COMPRAVENTA DEL 10 DE FEBRERO DE 1881, INSCRITA EN RPP DEL EDO. MEX. EL 31 DE AGOSTO 1883, SEGUN CONSTA DEL CERTIFICADO DE ESTA FECHA.","OBSERVACIONES":"ACTUALMENTE LINEA B, ACTUALMENTE PERTENECE AL MUNICIPO DE TEOLOYUCAN","nombre":"206"},"geometry":{"type":"Polygon","coordinates":[[[-99.185447,19.781656],[-99.185651,19.781681],[-99.185688,19.781817],[-99.185697,19.781852],[-99.185494,19.781828],[-99.185447,19.781657],[-99.185447,19.781656]]]}},{"type":"Feature","properties":{"LINEA PP":"A","LINEA  ACTUAL":"A","OTORGANTE":"SILVERIO ESPINOZA","PDF TITULO":"SI","ESTADO":"ESTADO DE MEXICO","MUNICIPIO":"CUAUTITLAN","KM INI. FISICO":"49+927.60","KM FIN. FISICO":"50+129.10","KM INI. DOCUMENTAL":"49+927.60","KM FIN. DOCUMENTAL":"50+129.10","SUPERFICIE":"4030","ANCHO D.V. L.D.":"10","ANCHO D.V. L.I.":"10","DATOS REGISTRALES":"ESCRITURA PUBLICA DE COMPRAVENTA DEL 29 DE MARZO DE 1881, INSCRITA EN RPP DEL EDO. MEX. EL 31 DE AGOSTO 1883, SEGUN CONSTA DEL CERTIFICADO DE ESTA FECHA.","OBSERVACIONES":"ACTUALMENTE PERTENENCIENTE AL MUNICIPIO DE HUEHUETOCA","nombre":"271"},"geometry":{"type":"Polygon","coordinates":[[[-99.218979,19.863025],[-99.218954,19.862996],[-99.218908,19.862948],[-99.218827,19.862861],[-99.218734,19.862765],[-99.218617,19.862646],[-99.218357,19.862394],[-99.218209,19.862253],[-99.218059,19.862111],[-99.217594,19.861672],[-99.217569,19.861649],[-99.217545,19.861625],[-99.217729,19.861544],[-99.217729,19.861544],[-99.218193,19.861983],[-99.218344,19.862125],[-99.218493,19.862267],[-99.218648,19.862416],[-99.218755,19.862521],[-99.218812,19.862579],[-99.218875,19.862642],[-99.218951,19.862721],[-99.21897,19.862741],[-99.218981,19.862753],[-99.218979,19.863025]]]}},{"type":"Feature","properties":{"LINEA PP":"A","LINEA  ACTUAL":"A","OTORGANTE":"TERRENOS NACIONALES","PDF TITULO":"NO","ESTADO":"MEXICO","MUNICIPIO":"HUHUETOCA","KM INI. FISICO":"50129.1","KM FIN. FISICO":"52842","KM INI. DOCUMENTAL":"S/D","KM FIN. DOCUMENTAL":"S/D","SUPERFICIE":"S/D","ANCHO D.V. L.D.":"S/D","ANCHO D.V. L.I.":"S/D","DATOS REGISTRALES":"NO SE CUENTA CON ELTITULO","nombre":"272"},"geometry":{"type":"Polygon","coordinates":[[[-99.235916,19.881014],[-99.235816,19.881111],[-99.235501,19.8808],[-99.235311,19.880592],[-99.235043,19.880272],[-99.234372,19.8794],[-99.233813,19.878667],[-99.233252,19.877932],[-99.232804,19.877346],[-99.232376,19.876785],[-99.231942,19.876233],[-99.231687,19.875932],[-99.231344,19.875556],[-99.231029,19.875236],[-99.230763,19.874982],[-99.230471,19.87472],[-99.230183,19.874477],[-99.229965,19.874302],[-99.229788,19.874166],[-99.22962,19.874041],[-99.229157,19.873715],[-99.228682,19.873393],[-99.227928,19.872885],[-99.227131,19.872347],[-99.226674,19.872039],[-99.226338,19.871813],[-99.225991,19.871578],[-99.225339,19.871138],[-99.224955,19.870875],[-99.224495,19.870535],[-99.224112,19.870225],[-99.223764,19.869919],[-99.22346,19.869631],[-99.223071,19.86923],[-99.222736,19.868851],[-99.222494,19.868556],[-99.222254,19.868241],[-99.221965,19.867831],[-99.22184,19.867639],[-99.221741,19.867482],[-99.221629,19.867297],[-99.221463,19.867008],[-99.221292,19.866688],[-99.220955,19.866032],[-99.220741,19.865614],[-99.220174,19.864595],[-99.220119,19.864509],[-99.219991,19.864313],[-99.219872,19.864139],[-99.219742,19.863956],[-99.219619,19.86379],[-99.219458,19.863585],[-99.219278,19.863364],[-99.219083,19.863139],[-99.218979,19.863025],[-99.218981,19.862753],[-99.219229,19.863023],[-99.219428,19.863252],[-99.219611,19.863476],[-99.219774,19.863685],[-99.219899,19.863853],[-99.220031,19.864038],[-99.220152,19.864216],[-99.220283,19.864416],[-99.220302,19.864446],[-99.22087,19.865555],[-99.221084,19.865973],[-99.221421,19.866629],[-99.221591,19.866947],[-99.221754,19.867231],[-99.221865,19.867415],[-99.221963,19.86757],[-99.222087,19.867759],[-99.222372,19.868164],[-99.222609,19.868475],[-99.222848,19.868766],[-99.223179,19.869141],[-99.223563,19.869536],[-99.223863,19.869821],[-99.224207,19.870123],[-99.224585,19.870429],[-99.22504,19.870766],[-99.225423,19.871029],[-99.226075,19.871469],[-99.226423,19.871703],[-99.226758,19.871929],[-99.227215,19.872238],[-99.228013,19.872776],[-99.228766,19.873284],[-99.229241,19.873605],[-99.229705,19.873932],[-99.229878,19.87406],[-99.230057,19.874198],[-99.230277,19.874374],[-99.230568,19.87462],[-99.230863,19.874885],[-99.231133,19.875142],[-99.231451,19.875465],[-99.231797,19.875845],[-99.232056,19.87615],[-99.232492,19.876706],[-99.232921,19.877267],[-99.233368,19.877853],[-99.233929,19.878588],[-99.234488,19.87932],[-99.235159,19.880193],[-99.235421,19.880506],[-99.235608,19.88071],[-99.235916,19.881014]]]}},{"type":"Feature","properties":{"LINEA PP":"A","LINEA  ACTUAL":"B","OTORGANTE":"ZENON ORTEGA","PDF TITULO":"SI","ESTADO":"ESTADO DE MEXICO","MUNICIPIO":"CUAUTITLAN","KM INI. FISICO":"40+677.60","KM FIN. FISICO":"40+698.60","KM INI. DOCUMENTAL":"40+677.60","KM FIN. DOCUMENTAL":"40+698.60","SUPERFICIE":"423.9","ANCHO D.V. L.D.":"10","ANCHO D.V. L.I.":"10","DATOS REGISTRALES":"ESCRITURA PUBLICA DE COMPRAVENTA DEL 12 DE FEBRERO DE 1881, INSCRITA EN RPP DEL EDO. MEX. EL 31 DE AGOSTO 1883, SEGUN CONSTA DEL CERTIFICADO DE ESTA FECHA.","OBSERVACIONES":"ACTUALMENTE LINEA B, ACTUALMENTE PERTEECE AL MUNICIPIO DE COYOTEPEC","nombre":"217"},"geometry":{"type":"Polygon","coordinates":[[[-99.186371,19.785068],[-99.186573,19.785086],[-99.186455,19.785389],[-99.186371,19.785068]]]}},{"type":"Feature","properties":{"LINEA PP":"A","LINEA  ACTUAL":"A","OTORGANTE":"EPIFANEA E IRINEA ROMERO","PDF TITULO":"SI","ESTADO":"QUERETARO","MUNICIPIO":"SAN JUAN DEL RIO","KM INI. FISICO":"173327.5","KM FIN. FISICO":"174368.5","KM INI. DOCUMENTAL":"173+327.50","KM FIN. DOCUMENTAL":"174+368.50","SUPERFICIE":"S/D","ANCHO D.V. L.D.":"IRREGULAR","ANCHO D.V. L.I.":"IRREGULAR","DATOS REGISTRALES":"ESCRITURA DE COMPRAVENTA DE 08 DE NOVIEMBRE DE 1882,  SIN DATOS DE INSCRIPCION .","nombre":"464"},"geometry":{"type":"Polygon","coordinates":[[[-99.936381,20.330905],[-99.93664,20.331646],[-99.936485,20.331754],[-99.93625,20.331037],[-99.936381,20.330905]]]}},{"type":"Feature","properties":{"LINEA PP":"B","OTORGANTE":"TERESA GARCIA YANEZ Y OTROS","PDF TITULO":"SI","ESTADO":"ESTADO DE HIDALGO","MUNICIPIO":"NOPALA","KM INI. FISICO":"135+831.54","KM FIN. FISICO":"136+608.54","KM INI. DOCUMENTAL":"135+854.83","KM FIN. DOCUMENTAL":"136+631.83","SUPERFICIE":"23310","ANCHO D.V. L.D.":"15","ANCHO D.V. L.I.":"15","DATOS REGISTRALES":"ESCRITURA PUBLICA DE DONACION DE UNA FRACCION DE TERRENO DEL RANCHO DE LA LECHUGA, DE FECHA 26 DE NOVIEMBRE DE 1903. REGISTRADO EN EL REGISTRO DE LA MUNICIPALIDAD DE NOPALA. HGO.","OBSERVACIONES":"LA ESCRITURA DE DONACION SE DESCRIBE LA SUPERFICIE, Y SENALA LA TOTALIDAD DE LA MISMA, QUE ES LA INDICADA EN CASILLAS PRECEDENTES. LA ESCRITURA CUENTA CON UN PLANO.\nEL KM UTIIL VA DEL136+257.49 AL 136+318.32","nombre":"441"},"geometry":{"type":"Polygon","coordinates":[[[-99.629685,20.221067],[-99.630007,20.221554],[-99.629907,20.221613],[-99.629781,20.221438],[-99.629584,20.221119],[-99.629685,20.221067]]]}},{"type":"Feature","properties":{"LINEA PP":"B","LINEA  ACTUAL":"B","OTORGANTE":"JOSE GABRIEL ESCANDON Y PLIEGO","PDF TITULO":"SI","ESTADO":"HIDALGO","MUNICIPIO":"CHAPANTONGO","KM INI. FISICO":"FRACCION 2\n122+184.83\nFRACCION 4\n124+624.83","KM FIN. FISICO":"FRACCION 2\n123+984.83\nFRACCION 4\n125+384.83","KM INI. DOCUMENTAL":"122+702.00","KM FIN. DOCUMENTAL":"132+007.00","SUPERFICIE":"459550","ANCHO D.V. L.D.":"20\n75","ANCHO D.V. L.I.":"20\n75","DATOS REGISTRALES":"TESTIMONIO 101, OTORGADO ANTE LA FE DEL NOTARIO PUBLICO NUMERO 9 DE LA CIUDAD DE MEXICO, INSCRITA A FOJAS 1 Y 2 BAJO EL NUMERO 1 DE LA SECCION 111, REGISTRO DE TITULO MODIFICATORIOS Y DE LA PROPIEDAD DEL REGISTRO PUBLICO DEL DISTRITO DE HUICHAPAN EL 7 DE ENERO DE 1902","OBSERVACIONES":"EL TITULO AMPARA UNA SUPERFICIE DE 459,950 M2 QUE ABARCA DEL KM 122+702 AL 132+007, DEL ANALISIS REALIZADO POR FNML LA SUPERFICIE SE DIVIDE EN 8 FRACCIONES, SIENDO DE INTERES PARA EL PROYECTO LAS FRACCIONES 2 Y 4, DONDE LOS TRAMOS UTILES PARA EL PROYECTO VAN APROXIMADAMENTE DEL KM 123+618.04 AL 123+658.04 Y DEL KM 125+098.48 AL 125+138.48 DE LA LINEA B","nombre":"426"},"geometry":{"type":"Polygon","coordinates":[[[-99.533248,20.190507],[-99.533084,20.19028],[-99.533451,20.190011],[-99.533624,20.190236],[-99.533248,20.190507]]]}},{"type":"Feature","properties":{"LINEA PP":"A","LINEA  ACTUAL":"A","OTORGANTE":"TOMAS MORAL","PDF TITULO":"SI","ESTADO":"ESTADO DE MEXICO","MUNICIPIO":"TLALNEPANTLA","KM INI. FISICO":"16+678.00","KM FIN. FISICO":"16+724.40","KM INI. DOCUMENTAL":"16+678.00","KM FIN. DOCUMENTAL":"16+724.40","SUPERFICIE":"893.2","ANCHO D.V. L.D.":"IRREGULAR","ANCHO D.V. L.I.":"IRREGULAR","DATOS REGISTRALES":"ESCRITURA PUBLICA DE COMPRAVENTA DEL 7 DE DICIEMBRE DE 1903, INSCRITA EN RPP DE EDO. MEX. EL 21 DE DICIEMBRE 1903, BAJO EL NÃ‚Â° 191, A FOJAS 64 VUELTA Y 69 FRENTE, LIBRO 2Ã‚Â°, C/P LTE. 91.","OBSERVACIONES":"REPORTADO EN LA ENTREGA DEL 8 DE NOVIEMBRE DE 2024.","nombre":"51-A"},"geometry":{"type":"Polygon","coordinates":[[[-99.193976,19.582449],[-99.193432,19.583088],[-99.19384,19.582119],[-99.193976,19.582449]]]}},{"type":"Feature","properties":{"nombre":"TERRENOS DE LA NACION"},"geometry":{"type":"Polygon","coordinates":[[[-99.186729,19.591223],[-99.186449,19.59181],[-99.186274,19.592223],[-99.186128,19.592684],[-99.186031,19.593021],[-99.185965,19.593368],[-99.185713,19.593316],[-99.18587,19.592675],[-99.186003,19.59234],[-99.186118,19.592031],[-99.186254,19.59169],[-99.186555,19.591101],[-99.186729,19.591223]]]}},{"type":"Feature","properties":{"LINEA PP":"A","LINEA  ACTUAL":"B","OTORGANTE":"FRANCISCO GONZALEZ","PDF TITULO":"SI","ESTADO":"ESTADO DE MEXICO","MUNICIPIO":"CUAUTITLAN","KM INI. FISICO":"26+911.40 \n27+008.70","KM FIN. FISICO":"26+988.70\n27+058.00","KM INI. DOCUMENTAL":"26+908.40\n \n26+976.00","KM FIN. DOCUMENTAL":"26+952.70 \n\n27+025.40","SUPERFICIE":"928.81\n\n984.20","ANCHO D.V. L.D.":"IRREGULAR","ANCHO D.V. L.I.":"10","DATOS REGISTRALES":"ESCRITURA PUBLICA DE COMPRAVENTA DEL 14 DE SEPTIEMBRE DE 1881, INSCRITA EN RPP DEL EDO. MEX. EL 31 DE AGOSTO 1883, SEGUN CONSTA DEL CERTIFICADO DE ESTA FECHA, C/P LTE 153 Y 155.\nSE LOCALIZO EN LA LINEA B","OBSERVACIONES":"ACTUALMENTE LINEA B\nANCHO DE 10 METROS DE CADA LADO DE LA VIA SEGUN TITULO DE PROPIEDAD","nombre":"103"},"geometry":{"type":"Polygon","coordinates":[[[-99.176829,19.662215],[-99.176856,19.661801],[-99.176645,19.66172],[-99.176627,19.66197],[-99.176829,19.662215]]]}},{"type":"Feature","properties":{"LINEA PP":"A","LINEA  ACTUAL":"B","OTORGANTE":"FRANCISCO GONZALEZ","PDF TITULO":"SI","ESTADO":"ESTADO DE MEXICO","MUNICIPIO":"CUAUTITLAN","KM INI. FISICO":"26+911.40 \n27+008.70","KM FIN. FISICO":"26+988.70\n27+058.00","KM INI. DOCUMENTAL":"26+908.40\n \n26+976.00","KM FIN. DOCUMENTAL":"26+952.70 \n\n27+025.40","SUPERFICIE":"928.81\n\n984.20","ANCHO D.V. L.D.":"IRREGULAR","ANCHO D.V. L.I.":"10","DATOS REGISTRALES":"ESCRITURA PUBLICA DE COMPRAVENTA DEL 14 DE SEPTIEMBRE DE 1881, INSCRITA EN RPP DEL EDO. MEX. EL 31 DE AGOSTO 1883, SEGUN CONSTA DEL CERTIFICADO DE ESTA FECHA, C/P LTE 153 Y 155.\nSE LOCALIZO EN LA LINEA B","OBSERVACIONES":"ACTUALMENTE LINEA B\nANCHO DE 10 METROS DE CADA LADO DE LA VIA SEGUN TITULO DE PROPIEDAD","nombre":"103"},"geometry":{"type":"Polygon","coordinates":[[[-99.1766,19.662616],[-99.176639,19.662104],[-99.176799,19.662339],[-99.176782,19.662715],[-99.1766,19.662616]]]}},{"type":"Feature","properties":{"LINEA PP":"A","LINEA  ACTUAL":"B","OTORGANTE":"JOSE IGNACIO SANCHEZ","PDF TITULO":"SI","ESTADO":"ESTADO DE MEXICO","MUNICIPIO":"CUAUTITLAN","KM INI. FISICO":"33+302.40","KM FIN. FISICO":"33+476.40","KM INI. DOCUMENTAL":"33+302.4","KM FIN. DOCUMENTAL":"33+476.4","SUPERFICIE":"4,631.95   3,480","ANCHO D.V. L.D.":"10","ANCHO D.V. L.I.":"10","DATOS REGISTRALES":"ESCRITURA PUBLICA DE COMPRAVENTA DEL 29 DE ENERO DE 1881, INSCRITA EN RPP DEL EDO. MEX. EL  31 DE AGOSTO 1883, SEGUN CONSTA DEL CERTIFICADO DE ESTA FECHA","OBSERVACIONES":"ACTUALMENTE LINEA B \n10 Y 10","nombre":"140"},"geometry":{"type":"Polygon","coordinates":[[[-99.175594,19.719663],[-99.175657,19.721186],[-99.175466,19.721194],[-99.175403,19.719671],[-99.175594,19.719663]]]}},{"type":"Feature","properties":{"LINEA PP":"A","LINEA  ACTUAL":"B","OTORGANTE":"JOSE IGNACIO SANCHEZ","PDF TITULO":"SI","ESTADO":"ESTADO DE MEXICO","MUNICIPIO":"CUAUTITLAN","KM INI. FISICO":"33+302.40","KM FIN. FISICO":"33+476.40","KM INI. DOCUMENTAL":"33+302.4","KM FIN. DOCUMENTAL":"33+476.4","SUPERFICIE":"4,631.95   3,480","ANCHO D.V. L.D.":"10","ANCHO D.V. L.I.":"10","DATOS REGISTRALES":"ESCRITURA PUBLICA DE COMPRAVENTA DEL 29 DE ENERO DE 1881, INSCRITA EN RPP DEL EDO. MEX. EL  31 DE AGOSTO 1883, SEGUN CONSTA DEL CERTIFICADO DE ESTA FECHA","OBSERVACIONES":"ACTUALMENTE LINEA B \n10 Y 10","nombre":"140"},"geometry":{"type":"Polygon","coordinates":[[[-99.175658,19.726035],[-99.17585,19.726045],[-99.17595,19.72835],[-99.17595,19.728352],[-99.175741,19.72791],[-99.175658,19.726035]]]}},{"type":"Feature","properties":{"LINEA PP":"A","LINEA  ACTUAL":"B","OTORGANTE":"ANTONIO ONOFRE VALLE","PDF TITULO":"SI","ESTADO":"ESTADO DE MEXICO","MUNICIPIO":"CUAUTITLAN","KM INI. FISICO":"31+822.10 \n34+245.60","KM FIN. FISICO":"32+050.60 \n34+251.50","KM INI. DOCUMENTAL":"31+822.1","KM FIN. DOCUMENTAL":"32+050.6","SUPERFICIE":"4541.35","ANCHO D.V. L.D.":"10","ANCHO D.V. L.I.":"10","DATOS REGISTRALES":"ESCRITURA PUBLICA DE COMPRAVENTA DEL 8 DE FEBRERO DE 1881, INSCRITA EN RPP DEL EDO. MEX. EL  31 DE AGOSTO 1883, SEGUN CONSTA DEL CERTIFICADO DE ESTA FECHA.","OBSERVACIONES":"ACTUALMENTE LINEA B  \n10 Y 10","nombre":"138"},"geometry":{"type":"Polygon","coordinates":[[[-99.17505,19.706227],[-99.175133,19.708288],[-99.174951,19.708516],[-99.174858,19.706231],[-99.17505,19.706227]]]}},{"type":"Feature","properties":{"LINEA PP":"A","LINEA  ACTUAL":"B","OTORGANTE":"ANTONIO ONOFRE VALLE","PDF TITULO":"SI","ESTADO":"ESTADO DE MEXICO","MUNICIPIO":"CUAUTITLAN","KM INI. FISICO":"31+822.10 \n34+245.60","KM FIN. FISICO":"32+050.60 \n34+251.50","KM INI. DOCUMENTAL":"31+822.1","KM FIN. DOCUMENTAL":"32+050.6","SUPERFICIE":"4541.35","ANCHO D.V. L.D.":"10","ANCHO D.V. L.I.":"10","DATOS REGISTRALES":"ESCRITURA PUBLICA DE COMPRAVENTA DEL 8 DE FEBRERO DE 1881, INSCRITA EN RPP DEL EDO. MEX. EL  31 DE AGOSTO 1883, SEGUN CONSTA DEL CERTIFICADO DE ESTA FECHA.","OBSERVACIONES":"ACTUALMENTE LINEA B  \n10 Y 10","nombre":"138"},"geometry":{"type":"Polygon","coordinates":[[[-99.175752,19.728176],[-99.175752,19.728175],[-99.175741,19.72791],[-99.175872,19.728187],[-99.175752,19.728176]]]}},{"type":"Feature","properties":{"LINEA PP":"A","LINEA  ACTUAL":"B","OTORGANTE":"RAFAEL GUTIERREZ","PDF TITULO":"SI","ESTADO":"ESTADO DE MEXICO","MUNICIPIO":"CUAUTITLAN","KM INI. FISICO":"34+370.00","KM FIN. FISICO":"34+708.00","KM INI. DOCUMENTAL":"34+370.00\n36+116.60","KM FIN. DOCUMENTAL":"34+708.00\n36+167.00","SUPERFICIE":"6760","ANCHO D.V. L.D.":"10","ANCHO D.V. L.I.":"10","DATOS REGISTRALES":"ESCRITURA PUBLICA DE COMPRAVENTA DEL 12 DE MARZO DE 1881, INSCRITA EN RPP DEL EDO. MEX. EL 21 DE AGOSTO 1883, SEGUN CONSTA DEL CERTIFICADO DE ESTA FECHA.","OBSERVACIONES":"ACTUALMENTE LINEA B  \n20 METROS DE ANCHO SEGUN TITULO DE PROPIEDAD","nombre":"149"},"geometry":{"type":"Polygon","coordinates":[[[-99.176517,19.744903],[-99.176711,19.744963],[-99.176729,19.745418],[-99.176536,19.745358],[-99.176518,19.744936],[-99.176517,19.744903]]]}},{"type":"Feature","properties":{"LINEA PP":"A","LINEA  ACTUAL":"B","OTORGANTE":"RAFAEL GUTIERREZ","PDF TITULO":"SI","ESTADO":"ESTADO DE MEXICO","MUNICIPIO":"CUAUTITLAN","KM INI. FISICO":"34+370.00","KM FIN. FISICO":"34+708.00","KM INI. DOCUMENTAL":"34+370.00\n36+116.60","KM FIN. DOCUMENTAL":"34+708.00\n36+167.00","SUPERFICIE":"6760","ANCHO D.V. L.D.":"10","ANCHO D.V. L.I.":"10","DATOS REGISTRALES":"ESCRITURA PUBLICA DE COMPRAVENTA DEL 12 DE MARZO DE 1881, INSCRITA EN RPP DEL EDO. MEX. EL 21 DE AGOSTO 1883, SEGUN CONSTA DEL CERTIFICADO DE ESTA FECHA.","OBSERVACIONES":"ACTUALMENTE LINEA B  \n20 METROS DE ANCHO SEGUN TITULO DE PROPIEDAD","nombre":"149"},"geometry":{"type":"Polygon","coordinates":[[[-99.175794,19.729231],[-99.175987,19.729272],[-99.176112,19.732324],[-99.175918,19.732283],[-99.175794,19.729231]]]}},{"type":"Feature","properties":{"LINEA PP":"A","LINEA  ACTUAL":"B","OTORGANTE":"JORGE DOMINGUEZ","PDF TITULO":"NO","ESTADO":"ESTADO DE MEXICO","MUNICIPIO":"CUAUTITLAN","KM INI. FISICO":"34+917.60","KM FIN. FISICO":"34+982.00","KM INI. DOCUMENTAL":"34+917.60\n35+045.20\n35+378.70","KM FIN. DOCUMENTAL":"34+982\n35+205.20\n35+480","SUPERFICIE":"1,288.00\n3,082.00\n2,026","ANCHO D.V. L.D.":"S/D","ANCHO D.V. L.I.":"S/D","DATOS REGISTRALES":"ESCRITURA PUBLICA DE COMPRAVENTA DEL 12 DE MARZO DE 1881, INSCRITA EN RPP DEL EDO. MEX. EL 31 DE AGOSTO 1883, SEGUN CONSTA DEL CERTIFICADO DE ESTA FECHA.","OBSERVACIONES":"ACTUALMENTE LINEA B  \nEN LAS 3 SUPERFICIES MARCA UN ANCHO DE 20 METROS SEGUN TITULO DE PROPIEDAD","nombre":"152"},"geometry":{"type":"Polygon","coordinates":[[[-99.176178,19.738539],[-99.176355,19.738269],[-99.176398,19.739315],[-99.176204,19.739234],[-99.176178,19.738539]]]}},{"type":"Feature","properties":{"LINEA PP":"A","LINEA  ACTUAL":"B","OTORGANTE":"JORGE DOMINGUEZ","PDF TITULO":"NO","ESTADO":"ESTADO DE MEXICO","MUNICIPIO":"CUAUTITLAN","KM INI. FISICO":"34+917.60","KM FIN. FISICO":"34+982.00","KM INI. DOCUMENTAL":"34+917.60\n35+045.20\n35+378.70","KM FIN. DOCUMENTAL":"34+982\n35+205.20\n35+480","SUPERFICIE":"1,288.00\n3,082.00\n2,026","ANCHO D.V. L.D.":"S/D","ANCHO D.V. L.I.":"S/D","DATOS REGISTRALES":"ESCRITURA PUBLICA DE COMPRAVENTA DEL 12 DE MARZO DE 1881, INSCRITA EN RPP DEL EDO. MEX. EL 31 DE AGOSTO 1883, SEGUN CONSTA DEL CERTIFICADO DE ESTA FECHA.","OBSERVACIONES":"ACTUALMENTE LINEA B  \nEN LAS 3 SUPERFICIES MARCA UN ANCHO DE 20 METROS SEGUN TITULO DE PROPIEDAD","nombre":"152"},"geometry":{"type":"Polygon","coordinates":[[[-99.176053,19.73554],[-99.176169,19.735355],[-99.176236,19.735379],[-99.17629,19.736671],[-99.176113,19.737037],[-99.176053,19.73554]]]}},{"type":"Feature","properties":{"LINEA PP":"A","LINEA  ACTUAL":"B","OTORGANTE":"JORGE DOMINGUEZ","PDF TITULO":"NO","ESTADO":"ESTADO DE MEXICO","MUNICIPIO":"CUAUTITLAN","KM INI. FISICO":"34+917.60","KM FIN. FISICO":"34+982.00","KM INI. DOCUMENTAL":"34+917.60\n35+045.20\n35+378.70","KM FIN. DOCUMENTAL":"34+982\n35+205.20\n35+480","SUPERFICIE":"1,288.00\n3,082.00\n2,026","ANCHO D.V. L.D.":"S/D","ANCHO D.V. L.I.":"S/D","DATOS REGISTRALES":"ESCRITURA PUBLICA DE COMPRAVENTA DEL 12 DE MARZO DE 1881, INSCRITA EN RPP DEL EDO. MEX. EL 31 DE AGOSTO 1883, SEGUN CONSTA DEL CERTIFICADO DE ESTA FECHA.","OBSERVACIONES":"ACTUALMENTE LINEA B  \nEN LAS 3 SUPERFICIES MARCA UN ANCHO DE 20 METROS SEGUN TITULO DE PROPIEDAD","nombre":"152"},"geometry":{"type":"Polygon","coordinates":[[[-99.175998,19.734203],[-99.176189,19.734203],[-99.176215,19.73481],[-99.176021,19.734738],[-99.175998,19.734203]]]}},{"type":"Feature","properties":{"LINEA PP":"A","LINEA  ACTUAL":"B","OTORGANTE":"MARCOS RODRIGUEZ","PDF TITULO":"SI","ESTADO":"ESTADO DE MEXICO","MUNICIPIO":"CUAUTITLAN","KM INI. FISICO":"35+016.50\n35+292.30\n35+925.70","KM FIN. FISICO":"35+045.20\n35+378.70\n35+955.40","KM INI. DOCUMENTAL":"35+016.50\n35+292.30\n35+925.70","KM FIN. DOCUMENTAL":"35+045.30\n35+378.70\n35+955.40","SUPERFICIE":"1,728.00\n714.40\n692.12","ANCHO D.V. L.D.":"10","ANCHO D.V. L.I.":"10","DATOS REGISTRALES":"ESCRITURA PUBLICA DE COMPRAVENTA DEL 12 DE MARZO DE 1881, INSCRITA EN RPP DEL EDO. MEX. EL 31 DE AGOSTO 1883, SEGUN CONSTA DEL CERTIFICADO DE ESTA FECHA.","OBSERVACIONES":"ACTUALMENTE LINEA B","nombre":"154"},"geometry":{"type":"Polygon","coordinates":[[[-99.176424,19.743663],[-99.176418,19.743505],[-99.176635,19.743115],[-99.176643,19.743301],[-99.176651,19.743488],[-99.176424,19.743663]]]}},{"type":"Feature","properties":{"LINEA PP":"A","LINEA  ACTUAL":"B","OTORGANTE":"MARCOS RODRIGUEZ","PDF TITULO":"SI","ESTADO":"ESTADO DE MEXICO","MUNICIPIO":"CUAUTITLAN","KM INI. FISICO":"35+016.50\n35+292.30\n35+925.70","KM FIN. FISICO":"35+045.20\n35+378.70\n35+955.40","KM INI. DOCUMENTAL":"35+016.50\n35+292.30\n35+925.70","KM FIN. DOCUMENTAL":"35+045.30\n35+378.70\n35+955.40","SUPERFICIE":"1,728.00\n714.40\n692.12","ANCHO D.V. L.D.":"10","ANCHO D.V. L.I.":"10","DATOS REGISTRALES":"ESCRITURA PUBLICA DE COMPRAVENTA DEL 12 DE MARZO DE 1881, INSCRITA EN RPP DEL EDO. MEX. EL 31 DE AGOSTO 1883, SEGUN CONSTA DEL CERTIFICADO DE ESTA FECHA.","OBSERVACIONES":"ACTUALMENTE LINEA B","nombre":"154"},"geometry":{"type":"Polygon","coordinates":[[[-99.176143,19.737765],[-99.176324,19.737489],[-99.176355,19.738269],[-99.176178,19.738539],[-99.176143,19.737765]]]}},{"type":"Feature","properties":{"LINEA PP":"A","LINEA  ACTUAL":"B","OTORGANTE":"MARCOS RODRIGUEZ","PDF TITULO":"SI","ESTADO":"ESTADO DE MEXICO","MUNICIPIO":"CUAUTITLAN","KM INI. FISICO":"35+016.50\n35+292.30\n35+925.70","KM FIN. FISICO":"35+045.20\n35+378.70\n35+955.40","KM INI. DOCUMENTAL":"35+016.50\n35+292.30\n35+925.70","KM FIN. DOCUMENTAL":"35+045.30\n35+378.70\n35+955.40","SUPERFICIE":"1,728.00\n714.40\n692.12","ANCHO D.V. L.D.":"10","ANCHO D.V. L.I.":"10","DATOS REGISTRALES":"ESCRITURA PUBLICA DE COMPRAVENTA DEL 12 DE MARZO DE 1881, INSCRITA EN RPP DEL EDO. MEX. EL 31 DE AGOSTO 1883, SEGUN CONSTA DEL CERTIFICADO DE ESTA FECHA.","OBSERVACIONES":"ACTUALMENTE LINEA B","nombre":"154"},"geometry":{"type":"Polygon","coordinates":[[[-99.176053,19.73554],[-99.176032,19.735049],[-99.176226,19.73512],[-99.176236,19.735379],[-99.176169,19.735355],[-99.176053,19.73554]]]}},{"type":"Feature","properties":{"LINEA PP":"A","LINEA  ACTUAL":"B","OTORGANTE":"FRANCISCO DOMINGUEZ","PDF TITULO":"SI","ESTADO":"ESTADO DE MEXICO","MUNICIPIO":"CUAUTITLAN","KM INI. FISICO":"35+248.80\n35+480.00","KM FIN. FISICO":"35+292.30\n35+558.20","KM INI. DOCUMENTAL":"35+248.80\n35+480.00","KM FIN. DOCUMENTAL":"35+292.30\n35+558.20","SUPERFICIE":"869.72\n1,564.00","ANCHO D.V. L.D.":"10","ANCHO D.V. L.I.":"10","DATOS REGISTRALES":"ESCRITURA PUBLICA DE COMPRAVENTA DEL 12 DE MARZO DE 1881, INSCRITA EN RPP DEL EDO. MEX. EL 31 DE AGOSTO 1883, SEGUN CONSTA DEL CERTIFICADO DE ESTA FECHA.","OBSERVACIONES":"ACTUALMENTE LINEA B\n20 METROS DE ANCHO SEGUN TITULO DE PROPIEDAD EN AMBAS SUPERFICIES","nombre":"156"},"geometry":{"type":"Polygon","coordinates":[[[-99.176204,19.739234],[-99.176398,19.739315],[-99.176453,19.740072],[-99.176247,19.73986],[-99.176204,19.739234]]]}},{"type":"Feature","properties":{"LINEA PP":"A","LINEA  ACTUAL":"B","OTORGANTE":"FRANCISCO DOMINGUEZ","PDF TITULO":"SI","ESTADO":"ESTADO DE MEXICO","MUNICIPIO":"CUAUTITLAN","KM INI. FISICO":"35+248.80\n35+480.00","KM FIN. FISICO":"35+292.30\n35+558.20","KM INI. DOCUMENTAL":"35+248.80\n35+480.00","KM FIN. DOCUMENTAL":"35+292.30\n35+558.20","SUPERFICIE":"869.72\n1,564.00","ANCHO D.V. L.D.":"10","ANCHO D.V. L.I.":"10","DATOS REGISTRALES":"ESCRITURA PUBLICA DE COMPRAVENTA DEL 12 DE MARZO DE 1881, INSCRITA EN RPP DEL EDO. MEX. EL 31 DE AGOSTO 1883, SEGUN CONSTA DEL CERTIFICADO DE ESTA FECHA.","OBSERVACIONES":"ACTUALMENTE LINEA B\n20 METROS DE ANCHO SEGUN TITULO DE PROPIEDAD EN AMBAS SUPERFICIES","nombre":"156"},"geometry":{"type":"Polygon","coordinates":[[[-99.176118,19.737141],[-99.176313,19.737221],[-99.176324,19.737489],[-99.176143,19.737765],[-99.176118,19.737141]]]}},{"type":"Feature","properties":{"LINEA PP":"A","LINEA  ACTUAL":"B","OTORGANTE":"MARIA DOMINGUEZ","PDF TITULO":"SI","ESTADO":"ESTADO DE MEXICO","MUNICIPIO":"CUAUTITLAN","KM INI. FISICO":"36+410.4\n37+138.10","KM FIN. FISICO":"36+522.2\n37+178.10","KM INI. DOCUMENTAL":"36+410.4 \n37+138.1","KM FIN. DOCUMENTAL":"36+522.2\n37+178.1","SUPERFICIE":"2,236.00\n800.00","ANCHO D.V. L.D.":"10","ANCHO D.V. L.I.":"10","DATOS REGISTRALES":"ESCRITURA PUBLICA DE COMPRAVENTA DEL 14 DE MARZO DE 1881, INSCRITA EN  CUAUTITLAN EDO. MEX. EL 31 DE AGOSTO 1883, SEGUN CONSTA DEL CERTIFICADO DE ESTA FECHA.","OBSERVACIONES":"ACTUALMENTE LINEA B \n20 M DE ANCHO SEGUN TITULO","nombre":"167"},"geometry":{"type":"Polygon","coordinates":[[[-99.177992,19.754082],[-99.178193,19.754095],[-99.178288,19.754446],[-99.178087,19.754432],[-99.177992,19.754082],[-99.177992,19.754082]]]}},{"type":"Feature","properties":{"LINEA PP":"A","LINEA  ACTUAL":"B","OTORGANTE":"MARIA DOMINGUEZ","PDF TITULO":"SI","ESTADO":"ESTADO DE MEXICO","MUNICIPIO":"CUAUTITLAN","KM INI. FISICO":"36+410.4\n37+138.10","KM FIN. FISICO":"36+522.2\n37+178.10","KM INI. DOCUMENTAL":"36+410.4 \n37+138.1","KM FIN. DOCUMENTAL":"36+522.2\n37+178.1","SUPERFICIE":"2,236.00\n800.00","ANCHO D.V. L.D.":"10","ANCHO D.V. L.I.":"10","DATOS REGISTRALES":"ESCRITURA PUBLICA DE COMPRAVENTA DEL 14 DE MARZO DE 1881, INSCRITA EN  CUAUTITLAN EDO. MEX. EL 31 DE AGOSTO 1883, SEGUN CONSTA DEL CERTIFICADO DE ESTA FECHA.","OBSERVACIONES":"ACTUALMENTE LINEA B \n20 M DE ANCHO SEGUN TITULO","nombre":"167"},"geometry":{"type":"Polygon","coordinates":[[[-99.17662,19.747573],[-99.176813,19.747619],[-99.176876,19.748636],[-99.176681,19.748586],[-99.176621,19.747599],[-99.17662,19.747573]]]}},{"type":"Feature","properties":{"LINEA PP":"A","LINEA  ACTUAL":"B","OTORGANTE":"IRENEO CHAVEZ","PDF TITULO":"SI","ESTADO":"ESTADO DE MEXICO","MUNICIPIO":"CUAUTITLAN","KM INI. FISICO":"37+013.10\n37+577.30","KM FIN. FISICO":"37+030.30\n37+607.00","KM INI. DOCUMENTAL":"37+013.1\n37+577.3","KM FIN. DOCUMENTAL":"37+030.3\n37+607","SUPERFICIE":"344.00\n594.00","ANCHO D.V. L.D.":"10\n10","ANCHO D.V. L.I.":"10\n10","DATOS REGISTRALES":"ESCRITURA PUBLICA DE COMPRAVENTA DEL 15 DE MARZO DE 1881, INSCRITA EN  CUAUTITLAN EDO. MEX. EL 31 DE AGOSTO 1883, SEGUN CONSTA DEL CERTIFICADO DE ESTA FECHA.","OBSERVACIONES":"ACTUALMENTE LINEA B \n 20 M DE ANCHO SEGUN TITULO","nombre":"173"},"geometry":{"type":"Polygon","coordinates":[[[-99.179028,19.757906],[-99.179229,19.757919],[-99.179299,19.758179],[-99.179098,19.758165],[-99.179028,19.757906],[-99.179028,19.757906]]]}},{"type":"Feature","properties":{"LINEA PP":"A","LINEA  ACTUAL":"B","OTORGANTE":"IRENEO CHAVEZ","PDF TITULO":"SI","ESTADO":"ESTADO DE MEXICO","MUNICIPIO":"CUAUTITLAN","KM INI. FISICO":"37+013.10\n37+577.30","KM FIN. FISICO":"37+030.30\n37+607.00","KM INI. DOCUMENTAL":"37+013.1\n37+577.3","KM FIN. DOCUMENTAL":"37+030.3\n37+607","SUPERFICIE":"344.00\n594.00","ANCHO D.V. L.D.":"10\n10","ANCHO D.V. L.I.":"10\n10","DATOS REGISTRALES":"ESCRITURA PUBLICA DE COMPRAVENTA DEL 15 DE MARZO DE 1881, INSCRITA EN  CUAUTITLAN EDO. MEX. EL 31 DE AGOSTO 1883, SEGUN CONSTA DEL CERTIFICADO DE ESTA FECHA.","OBSERVACIONES":"ACTUALMENTE LINEA B \n 20 M DE ANCHO SEGUN TITULO","nombre":"173"},"geometry":{"type":"Polygon","coordinates":[[[-99.177696,19.752988],[-99.177896,19.753001],[-99.177937,19.753152],[-99.177736,19.753138],[-99.177696,19.752988],[-99.177696,19.752988]]]}},{"type":"Feature","properties":{"LINEA PP":"A","LINEA  ACTUAL":"B","OTORGANTE":"MARIA PETRA CRISOSTOMA","PDF TITULO":"SI","ESTADO":"ESTADO DE MEXICO","MUNICIPIO":"CUAUTITLAN","KM INI. FISICO":"37+718.80\n37+793.50","KM FIN. FISICO":"37+745.00\n37+912.50","KM INI. DOCUMENTAL":"37+718.80\n37+793.50","KM FIN. DOCUMENTAL":"37+745.00\n37+912.50","SUPERFICIE":"484.40\n2,380.00","ANCHO D.V. L.D.":"9.4\n10","ANCHO D.V. L.I.":"9.4\n10","DATOS REGISTRALES":"ESCRITURA PUBLICA DE COMPRAVENTA DEL 15 DE MARZO DE 1881, INSCRITA EN RPP DEL EDO. MEX. EL 31 DE AGOSTO 1883, SEGUN CONSTA DEL CERTIFICADO DE ESTA FECHA.","OBSERVACIONES":"ACTUALMENTE LINEA B   \n10 Y 10","nombre":"183"},"geometry":{"type":"Polygon","coordinates":[[[-99.179541,19.759806],[-99.179741,19.759819],[-99.180024,19.760861],[-99.179823,19.760848],[-99.179541,19.759806]]]}},{"type":"Feature","properties":{"LINEA PP":"A","LINEA  ACTUAL":"B","OTORGANTE":"MARIA PETRA CRISOSTOMA","PDF TITULO":"SI","ESTADO":"ESTADO DE MEXICO","MUNICIPIO":"CUAUTITLAN","KM INI. FISICO":"37+718.80\n37+793.50","KM FIN. FISICO":"37+745.00\n37+912.50","KM INI. DOCUMENTAL":"37+718.80\n37+793.50","KM FIN. DOCUMENTAL":"37+745.00\n37+912.50","SUPERFICIE":"484.40\n2,380.00","ANCHO D.V. L.D.":"9.4\n10","ANCHO D.V. L.I.":"9.4\n10","DATOS REGISTRALES":"ESCRITURA PUBLICA DE COMPRAVENTA DEL 15 DE MARZO DE 1881, INSCRITA EN RPP DEL EDO. MEX. EL 31 DE AGOSTO 1883, SEGUN CONSTA DEL CERTIFICADO DE ESTA FECHA.","OBSERVACIONES":"ACTUALMENTE LINEA B   \n10 Y 10","nombre":"183"},"geometry":{"type":"Polygon","coordinates":[[[-99.179364,19.759144],[-99.179564,19.759158],[-99.179583,19.759228],[-99.179545,19.759382],[-99.179426,19.759373],[-99.179379,19.759203],[-99.179372,19.759174],[-99.179364,19.759144]]]}},{"type":"Feature","properties":{"LINEA PP":"A","LINEA  ACTUAL":"B","OTORGANTE":"VICENTE DOMINGUEZ","PDF TITULO":"SI","ESTADO":"ESTADO DE MEXICO","MUNICIPIO":"CUAUTITLAN","KM INI. FISICO":"38+262.60\n38+480.20\n38+575.20","KM FIN. FISICO":"38+406.30\n38+570.20\n38+630.90","KM INI. DOCUMENTAL":"38+262.60\n38+480.20\n38+575.20","KM FIN. DOCUMENTAL":"38+406.30\n38+570.20\n38+630.90","SUPERFICIE":"2,874.00\n1,800.00\n1,068.00","ANCHO D.V. L.D.":"10\n10\n10","ANCHO D.V. L.I.":"10\n10\n10","DATOS REGISTRALES":"ESCRITURA PUBLICA DE COMPRAVENTA DEL 16 DE MARZO DE 1881, INSCRITA EN RPP DEL EDO. MEX. EL 31 DE AGOSTO 1883, SEGUN CONSTA DEL CERTIFICADO DE ESTA FECHA.","OBSERVACIONES":"ACTUALMENTE LINEA B   \n10 Y 10","nombre":"190"},"geometry":{"type":"Polygon","coordinates":[[[-99.181168,19.765817],[-99.181368,19.765831],[-99.181566,19.766556],[-99.181387,19.766608],[-99.181168,19.765817]]]}},{"type":"Feature","properties":{"LINEA PP":"A","LINEA  ACTUAL":"B","OTORGANTE":"VICENTE DOMINGUEZ","PDF TITULO":"SI","ESTADO":"ESTADO DE MEXICO","MUNICIPIO":"CUAUTITLAN","KM INI. FISICO":"38+262.60\n38+480.20\n38+575.20","KM FIN. FISICO":"38+406.30\n38+570.20\n38+630.90","KM INI. DOCUMENTAL":"38+262.60\n38+480.20\n38+575.20","KM FIN. DOCUMENTAL":"38+406.30\n38+570.20\n38+630.90","SUPERFICIE":"2,874.00\n1,800.00\n1,068.00","ANCHO D.V. L.D.":"10\n10\n10","ANCHO D.V. L.I.":"10\n10\n10","DATOS REGISTRALES":"ESCRITURA PUBLICA DE COMPRAVENTA DEL 16 DE MARZO DE 1881, INSCRITA EN RPP DEL EDO. MEX. EL 31 DE AGOSTO 1883, SEGUN CONSTA DEL CERTIFICADO DE ESTA FECHA.","OBSERVACIONES":"ACTUALMENTE LINEA B   \n10 Y 10","nombre":"190"},"geometry":{"type":"Polygon","coordinates":[[[-99.180653,19.763912],[-99.180854,19.763926],[-99.181194,19.765184],[-99.180993,19.76517],[-99.180653,19.763912]]]}},{"type":"Feature","properties":{"LINEA PP":"A","LINEA  ACTUAL":"B","OTORGANTE":"VICENTE DOMINGUEZ","PDF TITULO":"SI","ESTADO":"ESTADO DE MEXICO","MUNICIPIO":"CUAUTITLAN","KM INI. FISICO":"38+262.60\n38+480.20\n38+575.20","KM FIN. FISICO":"38+406.30\n38+570.20\n38+630.90","KM INI. DOCUMENTAL":"38+262.60\n38+480.20\n38+575.20","KM FIN. DOCUMENTAL":"38+406.30\n38+570.20\n38+630.90","SUPERFICIE":"2,874.00\n1,800.00\n1,068.00","ANCHO D.V. L.D.":"10\n10\n10","ANCHO D.V. L.I.":"10\n10\n10","DATOS REGISTRALES":"ESCRITURA PUBLICA DE COMPRAVENTA DEL 16 DE MARZO DE 1881, INSCRITA EN RPP DEL EDO. MEX. EL 31 DE AGOSTO 1883, SEGUN CONSTA DEL CERTIFICADO DE ESTA FECHA.","OBSERVACIONES":"ACTUALMENTE LINEA B   \n10 Y 10","nombre":"190"},"geometry":{"type":"Polygon","coordinates":[[[-99.181648,19.76714],[-99.181718,19.767137],[-99.181746,19.767237],[-99.181648,19.767241],[-99.181648,19.76714]]]}},{"type":"Feature","properties":{"LINEA PP":"A","LINEA  ACTUAL":"B","OTORGANTE":"VICENTE DOMINGUEZ","PDF TITULO":"SI","ESTADO":"ESTADO DE MEXICO","MUNICIPIO":"CUAUTITLAN","KM INI. FISICO":"38+262.60\n38+480.20\n38+575.20","KM FIN. FISICO":"38+406.30\n38+570.20\n38+630.90","KM INI. DOCUMENTAL":"38+262.60\n38+480.20\n38+575.20","KM FIN. DOCUMENTAL":"38+406.30\n38+570.20\n38+630.90","SUPERFICIE":"2,874.00\n1,800.00\n1,068.00","ANCHO D.V. L.D.":"10\n10\n10","ANCHO D.V. L.I.":"10\n10\n10","DATOS REGISTRALES":"ESCRITURA PUBLICA DE COMPRAVENTA DEL 16 DE MARZO DE 1881, INSCRITA EN RPP DEL EDO. MEX. EL 31 DE AGOSTO 1883, SEGUN CONSTA DEL CERTIFICADO DE ESTA FECHA.","OBSERVACIONES":"ACTUALMENTE LINEA B   \n10 Y 10","nombre":"190"},"geometry":{"type":"Polygon","coordinates":[[[-99.181428,19.766791],[-99.181605,19.766716],[-99.181648,19.766874],[-99.181648,19.767608],[-99.181428,19.766791]]]}},{"type":"Feature","properties":{"LINEA PP":"A","LINEA  ACTUAL":"B","OTORGANTE":"TEODORO PINEDA","PDF TITULO":"SI","ESTADO":"ESTADO DE MEXICO","MUNICIPIO":"CUAUTITLAN","KM INI. FISICO":"38+630.90","KM FIN. FISICO":"38+729","KM INI. DOCUMENTAL":"38+630.90","KM FIN. DOCUMENTAL":"38+729.00","SUPERFICIE":"1934.84","ANCHO D.V. L.D.":"10","ANCHO D.V. L.I.":"10","DATOS REGISTRALES":"ESCRITURA PUBLICA DE COMPRAVENTA DEL 9 DE FEBRERO DE 1881, INSCRITA EN RPP DEL EDO. MEX. EL 31 DE AGOSTO 1883, SEGUN CONSTA DEL CERTIFICADO DE ESTA FECHA.","OBSERVACIONES":"ACTUALMENTE LINEA B \n10 Y 10","nombre":"194"},"geometry":{"type":"Polygon","coordinates":[[[-99.181648,19.767033],[-99.181648,19.766874],[-99.18169,19.767031],[-99.181648,19.767033]]]}},{"type":"Feature","properties":{"LINEA PP":"A","LINEA  ACTUAL":"B","OTORGANTE":"TEODORO PINEDA","PDF TITULO":"SI","ESTADO":"ESTADO DE MEXICO","MUNICIPIO":"CUAUTITLAN","KM INI. FISICO":"38+630.90","KM FIN. FISICO":"38+729","KM INI. DOCUMENTAL":"38+630.90","KM FIN. DOCUMENTAL":"38+729.00","SUPERFICIE":"1934.84","ANCHO D.V. L.D.":"10","ANCHO D.V. L.I.":"10","DATOS REGISTRALES":"ESCRITURA PUBLICA DE COMPRAVENTA DEL 9 DE FEBRERO DE 1881, INSCRITA EN RPP DEL EDO. MEX. EL 31 DE AGOSTO 1883, SEGUN CONSTA DEL CERTIFICADO DE ESTA FECHA.","OBSERVACIONES":"ACTUALMENTE LINEA B \n10 Y 10","nombre":"194"},"geometry":{"type":"Polygon","coordinates":[[[-99.181746,19.767237],[-99.181977,19.768096],[-99.181782,19.768104],[-99.181648,19.767608],[-99.181648,19.767241],[-99.181746,19.767237]]]}},{"type":"Feature","properties":{"LINEA PP":"A","LINEA  ACTUAL":"B","OTORGANTE":"EUSEBIO PINEDA","PDF TITULO":"SI","ESTADO":"ESTADO DE MEXICO","MUNICIPIO":"CUAUTITLAN","KM INI. FISICO":"39+552.7\n40+085.5","KM FIN. FISICO":"39+719.7\n40+270.5","KM INI. DOCUMENTAL":"39+552.7\n40.085.5","KM FIN. DOCUMENTAL":"39+719.7\n40.270.5","SUPERFICIE":"4,425.50 \n3,662.22","ANCHO D.V. L.D.":"IRREGULAR","ANCHO D.V. L.I.":"IRREGULAR","DATOS REGISTRALES":"ESCRITURA PUBLICA DE COMPRAVENTA DEL 9 DE FEBRERO DE 1881, INSCRITA EN RPP DEL EDO. MEX. EL 31 DE AGOSTO 1883, SEGUN CONSTA DEL CERTIFICADO DE ESTA FECHA.","OBSERVACIONES":"ACTUALMENTE LINEA B, ACTUALMENTE PERTENECE AL MUNICIPO DE TEOLOYUCAN","nombre":"201"},"geometry":{"type":"Polygon","coordinates":[[[-99.183701,19.775318],[-99.183944,19.775308],[-99.184353,19.77677],[-99.18408,19.776781],[-99.183701,19.775318]]]}},{"type":"Feature","properties":{"LINEA PP":"A","LINEA  ACTUAL":"B","OTORGANTE":"EUSEBIO PINEDA","PDF TITULO":"SI","ESTADO":"ESTADO DE MEXICO","MUNICIPIO":"CUAUTITLAN","KM INI. FISICO":"39+552.7\n40+085.5","KM FIN. FISICO":"39+719.7\n40+270.5","KM INI. DOCUMENTAL":"39+552.7\n40.085.5","KM FIN. DOCUMENTAL":"39+719.7\n40.270.5","SUPERFICIE":"4,425.50 \n3,662.22","ANCHO D.V. L.D.":"IRREGULAR","ANCHO D.V. L.I.":"IRREGULAR","DATOS REGISTRALES":"ESCRITURA PUBLICA DE COMPRAVENTA DEL 9 DE FEBRERO DE 1881, INSCRITA EN RPP DEL EDO. MEX. EL 31 DE AGOSTO 1883, SEGUN CONSTA DEL CERTIFICADO DE ESTA FECHA.","OBSERVACIONES":"ACTUALMENTE LINEA B, ACTUALMENTE PERTENECE AL MUNICIPO DE TEOLOYUCAN","nombre":"201"},"geometry":{"type":"Polygon","coordinates":[[[-99.185003,19.780012],[-99.185079,19.779929],[-99.185165,19.779893],[-99.185188,19.779967],[-99.18561,19.781526],[-99.185619,19.781561],[-99.185415,19.781537],[-99.185003,19.780012]]]}},{"type":"Feature","properties":{"LINEA PP":"A","LINEA  ACTUAL":"B","OTORGANTE":"CRESCENCIO MARTINEZ","PDF TITULO":"SI","ESTADO":"ESTADO DE MEXICO","MUNICIPIO":"CUAUTITLAN","KM INI. FISICO":"40+270.5","KM FIN. FISICO":"40+288.2","KM INI. DOCUMENTAL":"40+270.5","KM FIN. DOCUMENTAL":"40+288.2","SUPERFICIE":"354","ANCHO D.V. L.D.":"10","ANCHO D.V. L.I.":"10","DATOS REGISTRALES":"ESCRITURA PUBLICA DE COMPRAVENTA DEL 10 DE FEBRERO DE 1881, INSCRITA EN RPP DEL EDO. MEX. EL 31 DE AGOSTO 1883, SEGUN CONSTA DEL CERTIFICADO DE ESTA FECHA.","OBSERVACIONES":"ACTUALMENTE LINEA B, ACTUALMENTE PERTENECE AL MUNICIPO DE TEOLOYUCAN","nombre":"205"},"geometry":{"type":"Polygon","coordinates":[[[-99.184261,19.777451],[-99.184534,19.777439],[-99.184649,19.777865],[-99.184376,19.777876],[-99.184261,19.777451]]]}},{"type":"Feature","properties":{"LINEA PP":"A","LINEA  ACTUAL":"B","OTORGANTE":"CRESCENCIO MARTINEZ","PDF TITULO":"SI","ESTADO":"ESTADO DE MEXICO","MUNICIPIO":"CUAUTITLAN","KM INI. FISICO":"40+270.5","KM FIN. FISICO":"40+288.2","KM INI. DOCUMENTAL":"40+270.5","KM FIN. DOCUMENTAL":"40+288.2","SUPERFICIE":"354","ANCHO D.V. L.D.":"10","ANCHO D.V. L.I.":"10","DATOS REGISTRALES":"ESCRITURA PUBLICA DE COMPRAVENTA DEL 10 DE FEBRERO DE 1881, INSCRITA EN RPP DEL EDO. MEX. EL 31 DE AGOSTO 1883, SEGUN CONSTA DEL CERTIFICADO DE ESTA FECHA.","OBSERVACIONES":"ACTUALMENTE LINEA B, ACTUALMENTE PERTENECE AL MUNICIPO DE TEOLOYUCAN","nombre":"205"},"geometry":{"type":"Polygon","coordinates":[[[-99.185415,19.781535],[-99.185619,19.78156],[-99.185619,19.781561],[-99.185651,19.781681],[-99.185447,19.781656],[-99.185415,19.781536],[-99.185415,19.781535]]]}},{"type":"Feature","properties":{"LINEA PP":"A","LINEA  ACTUAL":"A","OTORGANTE":"ALBERTO TERREROS","PDF TITULO":"SI","ESTADO":"ESTADO DE MEXICO","MUNICIPIO":"CUAUTITLAN","KM INI. FISICO":"41+136.7\n42+436\n43+850\n43+944","KM FIN. FISICO":"42+316\n43+761\n43+910\n45+286.8","KM INI. DOCUMENTAL":"41+136.7\n42+436\n43+850\n43+944","KM FIN. DOCUMENTAL":"42+316\n43+761\n43+910\n45+286.8","SUPERFICIE":"104666.44","ANCHO D.V. L.D.":"IRREGULAR","ANCHO D.V. L.I.":"IRREGULAR","DATOS REGISTRALES":"ESCRITURA PUBLICA DE COMPRAVENTA DEL 10 DE MAYO  DE 1881, INSCRITA EN RPP DEL EDO. MEX. BAJO EL NUMER 119, DE FECHA 19  DE NOVIEMBRE DE 1883.","OBSERVACIONES":"EL TITULO  SENALA UNA SUPERFICIE TOTAL, NO ESPECIFICA SUPERFICIES DE CADA KILOMETRAJE. ACTUALMENTE PERTEECE AL MUNICIPIO DE COYOTEPEC .","nombre":"228"},"geometry":{"type":"Polygon","coordinates":[[[-99.194174,19.812786],[-99.194296,19.813237],[-99.194967,19.815703],[-99.195485,19.817611],[-99.196069,19.819781],[-99.196485,19.821286],[-99.196726,19.822131],[-99.196856,19.822576],[-99.197071,19.823161],[-99.197329,19.823836],[-99.197591,19.824396],[-99.197951,19.825207],[-99.19781,19.825353],[-99.197399,19.824494],[-99.197146,19.823939],[-99.196901,19.823281],[-99.196626,19.822576],[-99.196421,19.821911],[-99.196246,19.821306],[-99.195879,19.819827],[-99.195272,19.817663],[-99.194732,19.81576],[-99.194045,19.813298],[-99.193922,19.812847],[-99.193928,19.812841],[-99.193927,19.812838],[-99.193859,19.812586],[-99.193822,19.812451],[-99.193745,19.812169],[-99.194065,19.81239],[-99.194066,19.812392],[-99.194103,19.812526],[-99.194136,19.812649],[-99.194136,19.812649],[-99.194137,19.81265],[-99.194158,19.812729],[-99.194174,19.812786]]]}},{"type":"Feature","properties":{"LINEA PP":"A","LINEA  ACTUAL":"A","OTORGANTE":"ALBERTO TERREROS","PDF TITULO":"SI","ESTADO":"ESTADO DE MEXICO","MUNICIPIO":"CUAUTITLAN","KM INI. FISICO":"41+136.7\n42+436\n43+850\n43+944","KM FIN. FISICO":"42+316\n43+761\n43+910\n45+286.8","KM INI. DOCUMENTAL":"41+136.7\n42+436\n43+850\n43+944","KM FIN. DOCUMENTAL":"42+316\n43+761\n43+910\n45+286.8","SUPERFICIE":"104666.44","ANCHO D.V. L.D.":"IRREGULAR","ANCHO D.V. L.I.":"IRREGULAR","DATOS REGISTRALES":"ESCRITURA PUBLICA DE COMPRAVENTA DEL 10 DE MAYO  DE 1881, INSCRITA EN RPP DEL EDO. MEX. BAJO EL NUMER 119, DE FECHA 19  DE NOVIEMBRE DE 1883.","OBSERVACIONES":"EL TITULO  SENALA UNA SUPERFICIE TOTAL, NO ESPECIFICA SUPERFICIES DE CADA KILOMETRAJE. ACTUALMENTE PERTEECE AL MUNICIPIO DE COYOTEPEC .","nombre":"228"},"geometry":{"type":"Polygon","coordinates":[[[-99.1908,19.800436],[-99.191347,19.802444],[-99.191573,19.803259],[-99.192159,19.805416],[-99.192799,19.807727],[-99.193138,19.808968],[-99.193556,19.810492],[-99.193946,19.811929],[-99.193973,19.812027],[-99.194023,19.812214],[-99.193696,19.811987],[-99.193306,19.810553],[-99.192888,19.809029],[-99.192558,19.807787],[-99.191927,19.805474],[-99.191327,19.80332],[-99.191365,19.803311],[-99.191162,19.802573],[-99.191083,19.80251],[-99.190538,19.800499],[-99.190563,19.800443],[-99.190523,19.800294],[-99.190481,19.800235],[-99.190419,19.800006],[-99.190434,19.799969],[-99.190421,19.799921],[-99.190413,19.79989],[-99.190412,19.799889],[-99.190413,19.799889],[-99.190316,19.799534],[-99.190259,19.799495],[-99.189275,19.795881],[-99.188854,19.794289],[-99.188371,19.792553],[-99.187384,19.788884],[-99.187384,19.788883],[-99.18763,19.788785],[-99.187638,19.788812],[-99.188637,19.792488],[-99.18911,19.794227],[-99.189538,19.795817],[-99.190518,19.799432],[-99.190628,19.799838],[-99.190672,19.799999],[-99.190672,19.799999],[-99.190682,19.800003],[-99.1908,19.800436]]]}},{"type":"Feature","properties":{"LINEA PP":"A","LINEA  ACTUAL":"A","OTORGANTE":"AYUNTAMIENTO DE HUEHUETOCA","PDF TITULO":"SI","ESTADO":"ESTADO DE MEXICO","MUNICIPIO":"CUAUTITLAN","KM INI. FISICO":"46+928.60\n49+137\n49+762.20","KM FIN. FISICO":"46+970.60\n49+177\n49+762.20","KM INI. DOCUMENTAL":"49+137\n49+707.23","KM FIN. DOCUMENTAL":"49+177\n49+762.20","SUPERFICIE":"1,046.00\n800.00\n1,171.18","ANCHO D.V. L.D.":"10.00\n10.00\n10.00","ANCHO D.V. L.I.":"10.00\n10.00\n10.00","DATOS REGISTRALES":"ESCRITURA PUBLICA DE COMPRAVENTA DEL 10 DE MAYO DE 1881, INSCRITA EN RPP DEL EDO. MEX. EL 31 DE AGOSTO DE 1883, SEGUN CONSTA DEL CERTIFICADO DE ESTA FECHA.","OBSERVACIONES":"ACTUALMENTE PERTENENCIENTE AL MUNICIPIO DE HUEHUETOCA","nombre":"246"},"geometry":{"type":"Polygon","coordinates":[[[-99.216161,19.860153],[-99.216314,19.860045],[-99.216636,19.860433],[-99.216488,19.860548],[-99.216278,19.8603],[-99.216261,19.86028],[-99.216161,19.860153]]]}},{"type":"Feature","properties":{"LINEA PP":"A","LINEA  ACTUAL":"A","OTORGANTE":"AYUNTAMIENTO DE HUEHUETOCA","PDF TITULO":"SI","ESTADO":"ESTADO DE MEXICO","MUNICIPIO":"CUAUTITLAN","KM INI. FISICO":"46+928.60\n49+137\n49+762.20","KM FIN. FISICO":"46+970.60\n49+177\n49+762.20","KM INI. DOCUMENTAL":"49+137\n49+707.23","KM FIN. DOCUMENTAL":"49+177\n49+762.20","SUPERFICIE":"1,046.00\n800.00\n1,171.18","ANCHO D.V. L.D.":"10.00\n10.00\n10.00","ANCHO D.V. L.I.":"10.00\n10.00\n10.00","DATOS REGISTRALES":"ESCRITURA PUBLICA DE COMPRAVENTA DEL 10 DE MAYO DE 1881, INSCRITA EN RPP DEL EDO. MEX. EL 31 DE AGOSTO DE 1883, SEGUN CONSTA DEL CERTIFICADO DE ESTA FECHA.","OBSERVACIONES":"ACTUALMENTE PERTENENCIENTE AL MUNICIPIO DE HUEHUETOCA","nombre":"246"},"geometry":{"type":"Polygon","coordinates":[[[-99.213744,19.855529],[-99.21392,19.855459],[-99.213939,19.855501],[-99.214068,19.855792],[-99.21407,19.855797],[-99.21389,19.855858],[-99.213763,19.855571],[-99.213744,19.855529]]]}},{"type":"Feature","properties":{"LINEA PP":"A","LINEA  ACTUAL":"A","OTORGANTE":"JULIAN ALVAREZ","PDF TITULO":"SI","ESTADO":"ESTADO DE MEXICO","MUNICIPIO":"CUAUTITLAN","KM INI. FISICO":"47+943.20\n49+439.80","KM FIN. FISICO":"48+074.20\n49+513.00","KM INI. DOCUMENTAL":"47+838.4\n49+439.8","KM FIN. DOCUMENTAL":"48+074.2\n49+513","SUPERFICIE":"2,620.00\n1,464.00","ANCHO D.V. L.D.":"10.00\n10.00","ANCHO D.V. L.I.":"10.00\n10.00","DATOS REGISTRALES":"ESCRITURA PUBLICA DE COMPRAVENTA DEL 28 DE MARZO DE 1881, INSCRITA EN RPP DEL EDO. MEX. EL 31 DE AGOSTO 1883, SEGUN CONSTA DEL CERTIFICADO DE ESTA FECHA.","OBSERVACIONES":"ACTUALMENTE PERTENENCIENTE AL MUNICIPIO DE HUEHUETOCA","nombre":"260"},"geometry":{"type":"Polygon","coordinates":[[[-99.21486,19.858034],[-99.215052,19.857997],[-99.215197,19.858295],[-99.215317,19.858527],[-99.215342,19.858571],[-99.215351,19.858588],[-99.215163,19.858636],[-99.215145,19.858605],[-99.215024,19.85837],[-99.214877,19.858069],[-99.214861,19.858034],[-99.21486,19.858034]]]}},{"type":"Feature","properties":{"LINEA PP":"A","LINEA  ACTUAL":"A","OTORGANTE":"JULIAN ALVAREZ","PDF TITULO":"SI","ESTADO":"ESTADO DE MEXICO","MUNICIPIO":"CUAUTITLAN","KM INI. FISICO":"47+943.20\n49+439.80","KM FIN. FISICO":"48+074.20\n49+513.00","KM INI. DOCUMENTAL":"47+838.4\n49+439.8","KM FIN. DOCUMENTAL":"48+074.2\n49+513","SUPERFICIE":"2,620.00\n1,464.00","ANCHO D.V. L.D.":"10.00\n10.00","ANCHO D.V. L.I.":"10.00\n10.00","DATOS REGISTRALES":"ESCRITURA PUBLICA DE COMPRAVENTA DEL 28 DE MARZO DE 1881, INSCRITA EN RPP DEL EDO. MEX. EL 31 DE AGOSTO 1883, SEGUN CONSTA DEL CERTIFICADO DE ESTA FECHA.","OBSERVACIONES":"ACTUALMENTE PERTENENCIENTE AL MUNICIPIO DE HUEHUETOCA","nombre":"260"},"geometry":{"type":"Polygon","coordinates":[[[-99.209722,19.847253],[-99.209618,19.847095],[-99.209427,19.846803],[-99.20933,19.846656],[-99.209148,19.846379],[-99.208946,19.846072],[-99.208906,19.846012],[-99.208816,19.845887],[-99.208695,19.845732],[-99.208595,19.8456],[-99.208494,19.84547],[-99.208466,19.845434],[-99.208615,19.845398],[-99.208664,19.845386],[-99.208758,19.845505],[-99.208857,19.845637],[-99.208978,19.845791],[-99.209068,19.845916],[-99.20931,19.846284],[-99.209492,19.846561],[-99.209589,19.846707],[-99.20978,19.846998],[-99.209888,19.847162],[-99.209722,19.847253]]]}},{"type":"Feature","properties":{"LINEA PP":"A","LINEA  ACTUAL":"A","OTORGANTE":"JUAN NEPOMUCENO GURRERO","PDF TITULO":"SI","ESTADO":"ESTADO DE MEXICO","MUNICIPIO":"CUATITLAN","KM INI. FISICO":"48+547.50\n49+017\n49+301\n49+513","KM FIN. FISICO":"48+803\n49+137\n49+439.80\n49+601.20","KM INI. DOCUMENTAL":"48+547.5\n49+017\n49+301\n49+513","KM FIN. DOCUMENTAL":"48+739.5\n49+137\n49+439.8\n49+601.2","SUPERFICIE":"3,722.60\n2,400.00\n2,776.00\n1,764.00","ANCHO D.V. L.D.":"10.00\n10.00\n10.00\n10.00","ANCHO D.V. L.I.":"10.00\n10.00\n10.00\n10.00","DATOS REGISTRALES":"ESCRITURA PUBLICA DE COMPRAVENTA DEL 28 DE MARZO DE 1881, INSCRITA EN RPP DEL EDO. MEX. EL 31 DE AGOSTO 1883, SEGUN CONSTA DEL CERTIFICADO DE ESTA FECHA.","OBSERVACIONES":"ACTUALMENTE PERTENENCIENTE AL MUNICIPIO DE HUEHUETOCA","nombre":"264"},"geometry":{"type":"Polygon","coordinates":[[[-99.215163,19.858636],[-99.215351,19.858588],[-99.215564,19.858961],[-99.215743,19.859248],[-99.215759,19.859272],[-99.215759,19.859273],[-99.21558,19.859341],[-99.215396,19.859047],[-99.215172,19.858654],[-99.215163,19.858636]]]}},{"type":"Feature","properties":{"LINEA PP":"A","LINEA  ACTUAL":"A","OTORGANTE":"JUAN NEPOMUCENO GURRERO","PDF TITULO":"SI","ESTADO":"ESTADO DE MEXICO","MUNICIPIO":"CUATITLAN","KM INI. FISICO":"48+547.50\n49+017\n49+301\n49+513","KM FIN. FISICO":"48+803\n49+137\n49+439.80\n49+601.20","KM INI. DOCUMENTAL":"48+547.5\n49+017\n49+301\n49+513","KM FIN. DOCUMENTAL":"48+739.5\n49+137\n49+439.8\n49+601.2","SUPERFICIE":"3,722.60\n2,400.00\n2,776.00\n1,764.00","ANCHO D.V. L.D.":"10.00\n10.00\n10.00\n10.00","ANCHO D.V. L.I.":"10.00\n10.00\n10.00\n10.00","DATOS REGISTRALES":"ESCRITURA PUBLICA DE COMPRAVENTA DEL 28 DE MARZO DE 1881, INSCRITA EN RPP DEL EDO. MEX. EL 31 DE AGOSTO 1883, SEGUN CONSTA DEL CERTIFICADO DE ESTA FECHA.","OBSERVACIONES":"ACTUALMENTE PERTENENCIENTE AL MUNICIPIO DE HUEHUETOCA","nombre":"264"},"geometry":{"type":"Polygon","coordinates":[[[-99.213304,19.854537],[-99.213473,19.854451],[-99.21348,19.854467],[-99.213496,19.854502],[-99.213655,19.85486],[-99.213787,19.85516],[-99.21392,19.855459],[-99.213744,19.855529],[-99.213611,19.85523],[-99.213478,19.85493],[-99.213304,19.854537],[-99.213304,19.854537]]]}},{"type":"Feature","properties":{"LINEA PP":"A","LINEA  ACTUAL":"A","OTORGANTE":"JUAN NEPOMUCENO GURRERO","PDF TITULO":"SI","ESTADO":"ESTADO DE MEXICO","MUNICIPIO":"CUATITLAN","KM INI. FISICO":"48+547.50\n49+017\n49+301\n49+513","KM FIN. FISICO":"48+803\n49+137\n49+439.80\n49+601.20","KM INI. DOCUMENTAL":"48+547.5\n49+017\n49+301\n49+513","KM FIN. DOCUMENTAL":"48+739.5\n49+137\n49+439.8\n49+601.2","SUPERFICIE":"3,722.60\n2,400.00\n2,776.00\n1,764.00","ANCHO D.V. L.D.":"10.00\n10.00\n10.00\n10.00","ANCHO D.V. L.I.":"10.00\n10.00\n10.00\n10.00","DATOS REGISTRALES":"ESCRITURA PUBLICA DE COMPRAVENTA DEL 28 DE MARZO DE 1881, INSCRITA EN RPP DEL EDO. MEX. EL 31 DE AGOSTO 1883, SEGUN CONSTA DEL CERTIFICADO DE ESTA FECHA.","OBSERVACIONES":"ACTUALMENTE PERTENENCIENTE AL MUNICIPIO DE HUEHUETOCA","nombre":"264"},"geometry":{"type":"Polygon","coordinates":[[[-99.211907,19.850962],[-99.212002,19.851176],[-99.212171,19.851557],[-99.212314,19.85188],[-99.212423,19.852125],[-99.212427,19.852135],[-99.212617,19.853029],[-99.212582,19.85295],[-99.212434,19.852616],[-99.212289,19.852291],[-99.212138,19.85195],[-99.211995,19.851627],[-99.2119,19.851412],[-99.211826,19.851246],[-99.211731,19.851032],[-99.211715,19.850994],[-99.211714,19.850994],[-99.211907,19.850961],[-99.211907,19.850962]]]}},{"type":"Feature","properties":{"LINEA PP":"A","LINEA  ACTUAL":"A","OTORGANTE":"JOSE RAZ  GUZMAN","PDF TITULO":"SI","KM INI. FISICO":"6+377.70\n7+201.30","KM FIN. FISICO":"6+703.70\n7+771.30","KM INI. DOCUMENTAL":"6+377.70\n7+201.30","KM FIN. DOCUMENTAL":"6+703.70\n7+771.30","SUPERFICIE":"6,964.80\n13,281.00","ANCHO D.V. L.D.":"IRREGULAR","ANCHO D.V. L.I.":"IRREGULAR","DATOS REGISTRALES":"ESCRITURA PUBLICA DE COMPRAVENTA DEL 17 DE NOVIEMBRE DE 1880, INSCRITA EN RPP DE MEXICO EL 29 DE NOVIEMBRE 1883, BAJO EL NÃ‚Â° 756, A FOJAS 366 VUELTA, VOL. 2Ã‚Â°, TOMO 13 DE LA SECCION PRIMERA, C/P LTES. 49 Y 51.","nombre":"33"},"geometry":{"type":"Polygon","coordinates":[[[-99.174511,19.500494],[-99.176529,19.505348],[-99.176279,19.505359],[-99.174226,19.500372],[-99.174511,19.500494]]]}},{"type":"Feature","properties":{"LINEA PP":"A","LINEA  ACTUAL":"A","OTORGANTE":"JOSE RAZ  GUZMAN","PDF TITULO":"SI","KM INI. FISICO":"6+377.70\n7+201.30","KM FIN. FISICO":"6+703.70\n7+771.30","KM INI. DOCUMENTAL":"6+377.70\n7+201.30","KM FIN. DOCUMENTAL":"6+703.70\n7+771.30","SUPERFICIE":"6,964.80\n13,281.00","ANCHO D.V. L.D.":"IRREGULAR","ANCHO D.V. L.I.":"IRREGULAR","DATOS REGISTRALES":"ESCRITURA PUBLICA DE COMPRAVENTA DEL 17 DE NOVIEMBRE DE 1880, INSCRITA EN RPP DE MEXICO EL 29 DE NOVIEMBRE 1883, BAJO EL NÃ‚Â° 756, A FOJAS 366 VUELTA, VOL. 2Ã‚Â°, TOMO 13 DE LA SECCION PRIMERA, C/P LTES. 49 Y 51.","nombre":"33"},"geometry":{"type":"Polygon","coordinates":[[[-99.171446,19.49294],[-99.171624,19.492822],[-99.172507,19.495079],[-99.172768,19.49588],[-99.172362,19.495289],[-99.171971,19.494229],[-99.171446,19.49294]]]}},{"type":"Feature","properties":{"LINEA PP":"A","LINEA  ACTUAL":"A","OTORGANTE":"MANUEL IZITA","PDF TITULO":"SI","ESTADO":"DISTRITO FEDERAL","MUNICIPIO":"DISTRITO FEDERAL","KM INI. FISICO":"4+994.10\n6+167.70","KM FIN. FISICO":"6+152.10\n6+288.70","KM INI. DOCUMENTAL":"4+994.10","KM FIN. DOCUMENTAL":"6+288.70","SUPERFICIE":"17999.03","ANCHO D.V. L.D.":"IRREGULAR","ANCHO D.V. L.I.":"IRREGULAR","DATOS REGISTRALES":"ESCRITURA PUBLICA DE COMPRAVENTA DEL 22 DE DICIEMBRE DE 1883, INSCRITA EN EL RPP DE MEXICO EL 29 DE MARZO DE 1884, BAJO EL NÃ‚Â° 219,  FOJAS 77, VOL. 1Ã‚Â°, TOMO 14 DE LA SECCION PRIMERA, C/P LTES 43 Y 45.","OBSERVACIONES":"REPORTADO EN LA ENTREGA DEL 1 DE NOVIEMBRE DE 2024.","nombre":"30"},"geometry":{"type":"Polygon","coordinates":[[[-99.171243,19.492427],[-99.170817,19.491268],[-99.171009,19.491249],[-99.17138,19.492271],[-99.171243,19.492427]]]}},{"type":"Feature","properties":{"LINEA PP":"A","LINEA  ACTUAL":"A","OTORGANTE":"MANUEL IZITA","PDF TITULO":"SI","ESTADO":"DISTRITO FEDERAL","MUNICIPIO":"DISTRITO FEDERAL","KM INI. FISICO":"4+994.10\n6+167.70","KM FIN. FISICO":"6+152.10\n6+288.70","KM INI. DOCUMENTAL":"4+994.10","KM FIN. DOCUMENTAL":"6+288.70","SUPERFICIE":"17999.03","ANCHO D.V. L.D.":"IRREGULAR","ANCHO D.V. L.I.":"IRREGULAR","DATOS REGISTRALES":"ESCRITURA PUBLICA DE COMPRAVENTA DEL 22 DE DICIEMBRE DE 1883, INSCRITA EN EL RPP DE MEXICO EL 29 DE MARZO DE 1884, BAJO EL NÃ‚Â° 219,  FOJAS 77, VOL. 1Ã‚Â°, TOMO 14 DE LA SECCION PRIMERA, C/P LTES 43 Y 45.","OBSERVACIONES":"REPORTADO EN LA ENTREGA DEL 1 DE NOVIEMBRE DE 2024.","nombre":"30"},"geometry":{"type":"Polygon","coordinates":[[[-99.17071,19.49108],[-99.166704,19.481065],[-99.167022,19.481016],[-99.170995,19.491053],[-99.17071,19.49108]]]}},{"type":"Feature","properties":{"LINEA PP":"A","LINEA  ACTUAL":"A","OTORGANTE":"JOSE MARIA VELAZQUEZ","PDF TITULO":"SI","KM INI. FISICO":"6+703.70\n7+771.30","KM FIN. FISICO":"7+201.30\n7+890.30","KM INI. DOCUMENTAL":"6+703.70\n7+771.30","KM FIN. DOCUMENTAL":"7+201.30\n7+890.30","SUPERFICIE":"20,248.70\n2,380.00","ANCHO D.V. L.D.":"IRREGULAR","ANCHO D.V. L.I.":"IRREGULAR","DATOS REGISTRALES":"ESCRITURA PUBLICA DE COMPRAVENTA DEL 7 DE MAYO DE 1881, INSCRITA EN RPP DE MEXICO EL 29 DE NOVIEMBRE 1883, BAJO EL NÃ‚Â° 758, A FOJAS 367 Y 368, VOL. 2Ã‚Â°, TOMO 13 DE LA SECCION PRIMERA, C/P LTES. 50 Y 52.","nombre":"34"},"geometry":{"type":"Polygon","coordinates":[[[-99.176773,19.506339],[-99.176605,19.506438],[-99.176279,19.505359],[-99.176478,19.50535],[-99.176773,19.506339]]]}},{"type":"Feature","properties":{"LINEA PP":"A","LINEA  ACTUAL":"A","OTORGANTE":"JOSE MARIA VELAZQUEZ","PDF TITULO":"SI","KM INI. FISICO":"6+703.70\n7+771.30","KM FIN. FISICO":"7+201.30\n7+890.30","KM INI. DOCUMENTAL":"6+703.70\n7+771.30","KM FIN. DOCUMENTAL":"7+201.30\n7+890.30","SUPERFICIE":"20,248.70\n2,380.00","ANCHO D.V. L.D.":"IRREGULAR","ANCHO D.V. L.I.":"IRREGULAR","DATOS REGISTRALES":"ESCRITURA PUBLICA DE COMPRAVENTA DEL 7 DE MAYO DE 1881, INSCRITA EN RPP DE MEXICO EL 29 DE NOVIEMBRE 1883, BAJO EL NÃ‚Â° 758, A FOJAS 367 Y 368, VOL. 2Ã‚Â°, TOMO 13 DE LA SECCION PRIMERA, C/P LTES. 50 Y 52.","nombre":"34"},"geometry":{"type":"Polygon","coordinates":[[[-99.174166,19.500027],[-99.174049,19.499971],[-99.17385,19.49946],[-99.173543,19.49861],[-99.173258,19.497746],[-99.17297,19.496887],[-99.17265,19.496039],[-99.172362,19.495289],[-99.173912,19.497558],[-99.174166,19.500027]]]}},{"type":"Feature","properties":{"nombre":"37"},"geometry":{"type":"Polygon","coordinates":[[[-99.180886,19.528269],[-99.179769,19.525826],[-99.18005,19.525851],[-99.181188,19.528405],[-99.180886,19.528269]]]}},{"type":"Feature","properties":{"nombre":"37"},"geometry":{"type":"Polygon","coordinates":[[[-99.185395,19.541024],[-99.185352,19.541621],[-99.185113,19.540688],[-99.185085,19.540573],[-99.184922,19.539929],[-99.184922,19.539929],[-99.185468,19.539854],[-99.185653,19.540462],[-99.185457,19.540491],[-99.185395,19.541024],[-99.185395,19.541024]]]}},{"type":"Feature","properties":{"nombre":"38 [1:Polygon]"},"geometry":{"type":"Polygon","coordinates":[[[-99.180886,19.528269],[-99.181188,19.528405],[-99.182944,19.532096],[-99.182639,19.532077],[-99.180886,19.528269]]]}},{"type":"Feature","properties":{"nombre":"38 [2:Polygon]"},"geometry":{"type":"Polygon","coordinates":[[[-99.183535,19.533781],[-99.1831,19.533685],[-99.182932,19.53299],[-99.182903,19.532403],[-99.183057,19.532371],[-99.183535,19.533781]]]}},{"type":"Feature","properties":{"nombre":"38 [3:Polygon]"},"geometry":{"type":"Polygon","coordinates":[[[-99.183844,19.535235],[-99.183456,19.535236],[-99.183729,19.536317],[-99.184061,19.536228],[-99.183844,19.535235]]]}},{"type":"Feature","properties":{"nombre":"38 [4:Polygon]"},"geometry":{"type":"Polygon","coordinates":[[[-99.184379,19.537813],[-99.184198,19.538124],[-99.184555,19.539642],[-99.184852,19.539594],[-99.185159,19.53955],[-99.184792,19.538102],[-99.184379,19.537813],[-99.184405,19.537916],[-99.18441,19.537935],[-99.184411,19.53794],[-99.184408,19.537931],[-99.184379,19.537813]]]}},{"type":"Feature","properties":{"LINEA PP":"A","OTORGANTE":"MANUEL BRINGAS Y CIA.","PDF TITULO":"SI","ESTADO":"ESTADO DE MEXICO","MUNICIPIO":"TLALNEPANTLA","KM INI. FISICO":"11+405.90\n11+797.00\n16+792.50","KM FIN. FISICO":"11+595.90\n13+909.00\n16+855.00","KM INI. DOCUMENTAL":"11+405.90\n11+797.00\n12+215.00\n12+965.10\n13+264.10\n16+792.50","KM FIN. DOCUMENTAL":"11+595.90\n12+199.00\n12+948.60\n13+253.10\n13+909.00\n16+855.00","SUPERFICIE":"120000","ANCHO D.V. L.D.":"IRREGULAR","ANCHO D.V. L.I.":"IRREGULAR","DATOS REGISTRALES":"ESCRITURA PUBLICA DE COMPRAVENTA DEL 10 DE ENERO DE 1881, INSCRITA EN RPP DE EDO. MEX. EL 9 DE MAYO 1898, BAJO EL NÃ‚Â° 101, A FOJAS 68 VUELTA Y 69 FRENTE, LIBRO 42, C/P.","OBSERVACIONES":"REPORTADO EN LA ENTREGA DEL 8 DE NOVIEMBRE DE 2024.","nombre":"41 [1:Polygon]"},"geometry":{"type":"Polygon","coordinates":[[[-99.184198,19.538124],[-99.184393,19.53779],[-99.184043,19.536233],[-99.183733,19.536318],[-99.184198,19.538124]]]}},{"type":"Feature","properties":{"LINEA PP":"A","OTORGANTE":"MANUEL BRINGAS Y CIA.","PDF TITULO":"SI","ESTADO":"ESTADO DE MEXICO","MUNICIPIO":"TLALNEPANTLA","KM INI. FISICO":"11+405.90\n11+797.00\n16+792.50","KM FIN. FISICO":"11+595.90\n13+909.00\n16+855.00","KM INI. DOCUMENTAL":"11+405.90\n11+797.00\n12+215.00\n12+965.10\n13+264.10\n16+792.50","KM FIN. DOCUMENTAL":"11+595.90\n12+199.00\n12+948.60\n13+253.10\n13+909.00\n16+855.00","SUPERFICIE":"120000","ANCHO D.V. L.D.":"IRREGULAR","ANCHO D.V. L.I.":"IRREGULAR","DATOS REGISTRALES":"ESCRITURA PUBLICA DE COMPRAVENTA DEL 10 DE ENERO DE 1881, INSCRITA EN RPP DE EDO. MEX. EL 9 DE MAYO 1898, BAJO EL NÃ‚Â° 101, A FOJAS 68 VUELTA Y 69 FRENTE, LIBRO 42, C/P.","OBSERVACIONES":"REPORTADO EN LA ENTREGA DEL 8 DE NOVIEMBRE DE 2024.","nombre":"41 [2:Polygon]"},"geometry":{"type":"Polygon","coordinates":[[[-99.184856,19.539945],[-99.184652,19.539979],[-99.18555,19.543538],[-99.185748,19.543438],[-99.184856,19.539945]]]}},{"type":"Feature","properties":{"LINEA PP":"A","OTORGANTE":"MANUEL BRINGAS Y CIA.","PDF TITULO":"SI","ESTADO":"ESTADO DE MEXICO","MUNICIPIO":"TLALNEPANTLA","KM INI. FISICO":"11+405.90\n11+797.00\n16+792.50","KM FIN. FISICO":"11+595.90\n13+909.00\n16+855.00","KM INI. DOCUMENTAL":"11+405.90\n11+797.00\n12+215.00\n12+965.10\n13+264.10\n16+792.50","KM FIN. DOCUMENTAL":"11+595.90\n12+199.00\n12+948.60\n13+253.10\n13+909.00\n16+855.00","SUPERFICIE":"120000","ANCHO D.V. L.D.":"IRREGULAR","ANCHO D.V. L.I.":"IRREGULAR","DATOS REGISTRALES":"ESCRITURA PUBLICA DE COMPRAVENTA DEL 10 DE ENERO DE 1881, INSCRITA EN RPP DE EDO. MEX. EL 9 DE MAYO 1898, BAJO EL NÃ‚Â° 101, A FOJAS 68 VUELTA Y 69 FRENTE, LIBRO 42, C/P.","OBSERVACIONES":"REPORTADO EN LA ENTREGA DEL 8 DE NOVIEMBRE DE 2024.","nombre":"41 [3:Polygon]"},"geometry":{"type":"Polygon","coordinates":[[[-99.185751,19.54431],[-99.186927,19.548998],[-99.186812,19.549023],[-99.187357,19.550869],[-99.187862,19.552918],[-99.187828,19.552927],[-99.188077,19.55384],[-99.188112,19.553826],[-99.188399,19.554576],[-99.188779,19.555149],[-99.18919,19.555711],[-99.18968,19.556204],[-99.189753,19.556137],[-99.190848,19.556989],[-99.191991,19.557823],[-99.19226,19.557834],[-99.191464,19.557097],[-99.190662,19.556467],[-99.189922,19.555932],[-99.190038,19.555798],[-99.189422,19.555157],[-99.18901,19.554574],[-99.188552,19.553718],[-99.18867,19.553503],[-99.188495,19.552935],[-99.18825,19.552749],[-99.187792,19.550719],[-99.187337,19.5489],[-99.187183,19.54894],[-99.186006,19.544212],[-99.185751,19.54431]]]}},{"type":"Feature","properties":{"LINEA PP":"A","OTORGANTE":"MANUEL BRINGAS Y CIA.","PDF TITULO":"SI","ESTADO":"ESTADO DE MEXICO","MUNICIPIO":"TLALNEPANTLA","KM INI. FISICO":"11+405.90\n11+797.00\n16+792.50","KM FIN. FISICO":"11+595.90\n13+909.00\n16+855.00","KM INI. DOCUMENTAL":"11+405.90\n11+797.00\n12+215.00\n12+965.10\n13+264.10\n16+792.50","KM FIN. DOCUMENTAL":"11+595.90\n12+199.00\n12+948.60\n13+253.10\n13+909.00\n16+855.00","SUPERFICIE":"120000","ANCHO D.V. L.D.":"IRREGULAR","ANCHO D.V. L.I.":"IRREGULAR","DATOS REGISTRALES":"ESCRITURA PUBLICA DE COMPRAVENTA DEL 10 DE ENERO DE 1881, INSCRITA EN RPP DE EDO. MEX. EL 9 DE MAYO 1898, BAJO EL NÃ‚Â° 101, A FOJAS 68 VUELTA Y 69 FRENTE, LIBRO 42, C/P.","OBSERVACIONES":"REPORTADO EN LA ENTREGA DEL 8 DE NOVIEMBRE DE 2024.","nombre":"41 [4:Polygon]"},"geometry":{"type":"Polygon","coordinates":[[[-99.19294,19.558759],[-99.193222,19.559117],[-99.193491,19.559476],[-99.19371,19.559802],[-99.193911,19.560168],[-99.194099,19.560568],[-99.194277,19.560932],[-99.194474,19.561469],[-99.194621,19.562017],[-99.194815,19.562983],[-99.195456,19.565848],[-99.195915,19.567867],[-99.196867,19.572051],[-99.197338,19.574211],[-99.197561,19.575203],[-99.197618,19.575572],[-99.197652,19.575859],[-99.197659,19.576309],[-99.197651,19.576563],[-99.197647,19.576688],[-99.197616,19.57695],[-99.197571,19.577144],[-99.197492,19.577493],[-99.19736,19.577881],[-99.197243,19.578234],[-99.196848,19.578853],[-99.197076,19.578979],[-99.197312,19.578543],[-99.197468,19.578218],[-99.197567,19.577984],[-99.197661,19.577691],[-99.197721,19.577448],[-99.197766,19.577208],[-99.197804,19.576946],[-99.197815,19.576669],[-99.197826,19.576396],[-99.197826,19.576082],[-99.197796,19.575735],[-99.197742,19.575394],[-99.19762,19.574827],[-99.197478,19.574207],[-99.196982,19.572039],[-99.196385,19.569311],[-99.19615,19.568224],[-99.195945,19.5673],[-99.195719,19.566255],[-99.195414,19.564673],[-99.195149,19.563505],[-99.194958,19.562582],[-99.194767,19.561764],[-99.194676,19.561397],[-99.194504,19.560945],[-99.194375,19.560651],[-99.194,19.559946],[-99.193695,19.559439],[-99.193399,19.559039],[-99.193151,19.558735],[-99.192889,19.558482],[-99.19294,19.558759],[-99.192889,19.558482],[-99.19294,19.558759]]]}},{"type":"Feature","properties":{"LINEA PP":"A","LINEA  ACTUAL":"A","OTORGANTE":"JACINTO Y FERNANDO PIMENTEL","PDF TITULO":"SI","ESTADO":"ESTADO DE MEXICO","MUNICIPIO":"CUAUTITLAN","KM INI. FISICO":"16+855.00\n17+297.00\n18+303.50","KM FIN. FISICO":"17+070.00\n17+927.00\n19+726.00","KM INI. DOCUMENTAL":"16+855.00\n17+297.00\n18+303.50","KM FIN. DOCUMENTAL":"17+070.00\n17+927.00\n19+726.00","SUPERFICIE":"69727.11","ANCHO D.V. L.D.":"IRREGULAR","ANCHO D.V. L.I.":"IRREGULAR","DATOS REGISTRALES":"ESCRITURA PUBLICA DE CESION DEL 5 DE JUNIO DE 1903, INSCRITA EN RPP DE MEXICO EL 30 DE ENERO 1904, BAJO EL NÃ‚Â° 7, A FOJAS 8 A LA 10 FRENTE, LIBRO DE INSCRIPCIONES, C/P LTES 94, 97 Y 99..","nombre":"52-A [1:Polygon]"},"geometry":{"type":"Polygon","coordinates":[[[-99.186387,19.606338],[-99.186401,19.60586],[-99.186382,19.605434],[-99.186261,19.604115],[-99.185773,19.596874],[-99.185626,19.59484],[-99.185626,19.594244],[-99.185648,19.593756],[-99.185713,19.593316],[-99.185965,19.593368],[-99.185936,19.593525],[-99.185856,19.59423],[-99.185856,19.594868],[-99.185895,19.595528],[-99.186159,19.5993],[-99.18632,19.601101],[-99.186421,19.602274],[-99.186449,19.602744],[-99.186609,19.605656],[-99.186585,19.606314],[-99.186387,19.606338]]]}},{"type":"Feature","properties":{"LINEA PP":"A","LINEA  ACTUAL":"A","OTORGANTE":"JACINTO Y FERNANDO PIMENTEL","PDF TITULO":"SI","ESTADO":"ESTADO DE MEXICO","MUNICIPIO":"CUAUTITLAN","KM INI. FISICO":"16+855.00\n17+297.00\n18+303.50","KM FIN. FISICO":"17+070.00\n17+927.00\n19+726.00","KM INI. DOCUMENTAL":"16+855.00\n17+297.00\n18+303.50","KM FIN. DOCUMENTAL":"17+070.00\n17+927.00\n19+726.00","SUPERFICIE":"69727.11","ANCHO D.V. L.D.":"IRREGULAR","ANCHO D.V. L.I.":"IRREGULAR","DATOS REGISTRALES":"ESCRITURA PUBLICA DE CESION DEL 5 DE JUNIO DE 1903, INSCRITA EN RPP DE MEXICO EL 30 DE ENERO 1904, BAJO EL NÃ‚Â° 7, A FOJAS 8 A LA 10 FRENTE, LIBRO DE INSCRIPCIONES, C/P LTES 94, 97 Y 99..","nombre":"52-A [2:Polygon]"},"geometry":{"type":"Polygon","coordinates":[[[-99.186729,19.591223],[-99.186555,19.591101],[-99.187051,19.590347],[-99.190143,19.586499],[-99.190416,19.586751],[-99.187261,19.590484],[-99.186729,19.591223]]]}},{"type":"Feature","properties":{"LINEA PP":"A","LINEA  ACTUAL":"A","OTORGANTE":"JACINTO Y FERNANDO PIMENTEL","PDF TITULO":"SI","ESTADO":"ESTADO DE MEXICO","MUNICIPIO":"CUAUTITLAN","KM INI. FISICO":"16+855.00\n17+297.00\n18+303.50","KM FIN. FISICO":"17+070.00\n17+927.00\n19+726.00","KM INI. DOCUMENTAL":"16+855.00\n17+297.00\n18+303.50","KM FIN. DOCUMENTAL":"17+070.00\n17+927.00\n19+726.00","SUPERFICIE":"69727.11","ANCHO D.V. L.D.":"IRREGULAR","ANCHO D.V. L.I.":"IRREGULAR","DATOS REGISTRALES":"ESCRITURA PUBLICA DE CESION DEL 5 DE JUNIO DE 1903, INSCRITA EN RPP DE MEXICO EL 30 DE ENERO 1904, BAJO EL NÃ‚Â° 7, A FOJAS 8 A LA 10 FRENTE, LIBRO DE INSCRIPCIONES, C/P LTES 94, 97 Y 99..","nombre":"52-A [3:Polygon]"},"geometry":{"type":"Polygon","coordinates":[[[-99.192671,19.583388],[-99.191768,19.584432],[-99.191626,19.584311],[-99.190908,19.585383],[-99.19146,19.585403],[-99.192878,19.583592],[-99.192671,19.583388]]]}},{"type":"Feature","properties":{"LINEA PP":"A","LINEA  ACTUAL":"A","OTORGANTE":"JACINTO Y FERNANDO PIMENTEL","PDF TITULO":"SI","ESTADO":"ESTADO DE MEXICO","MUNICIPIO":"TLALNEPANTLA","KM INI. FISICO":"19+726.90","KM FIN. FISICO":"21+495.00","KM INI. DOCUMENTAL":"19+726.90","KM FIN. DOCUMENTAL":"21+494.50","SUPERFICIE":"60798.98","ANCHO D.V. L.D.":"10.91","ANCHO D.V. L.I.":"7.75","DATOS REGISTRALES":"ESCRITURA PUBLICA DE COMPRAVENTA DEL 21 DE JULIO DE 1883, INSCRITA EN RPP DE CUAUTITLAN  EDO. MEX. EL 19 DE NOVIEMBRE 1883, BAJO EL NÃ‚Â° 119, A FOJAS 18 Y 19 FRENTE Y VUELTA DEL LIBRO 3Ã‚Â°,  C/P LTES. 100 Y101.","nombre":"57"},"geometry":{"type":"Polygon","coordinates":[[[-99.186556,19.606552],[-99.186557,19.606542],[-99.186374,19.606523],[-99.186276,19.607223],[-99.185996,19.608561],[-99.184881,19.613527],[-99.185091,19.613544],[-99.186064,19.609534],[-99.186604,19.609606],[-99.18681,19.606571],[-99.186557,19.606541],[-99.186556,19.606552]]]}},{"type":"Feature","properties":{"LINEA PP":"B","LINEA  ACTUAL":"B","OTORGANTE":"JOSE MARIA GOMEZ","PDF TITULO":"SI","ESTADO":"QUERETARO","MUNICIPIO":"LA CANADA","KM INI. FISICO":"245+496.44\n248+776.22\n249+496.00\n250+416.00\n253+557.22","KM FIN. FISICO":"248+767.44\n249+496.00\n250+416.00\nS/D\n254+197.22","KM INI. DOCUMENTAL":"245+672.51\n248+953.51\n249+673.51\n250+593.51\n253+734.51","KM FIN. DOCUMENTAL":"248+943.51\n249+673.51\n250+593.51\n253+734.51\n254+374.51","SUPERFICIE":"279160","ANCHO D.V. L.D.":"15","ANCHO D.V. L.I.":"15","DATOS REGISTRALES":"ESCRITURA PUBLICA DE COMPRAVENTA DE 08 DE OCTUBRE DE 1904, INSCRITA EN RPP DEL EDO DE QUERETARO. BAJO EL NUMERO 1450, A FOJA 34 A 36, LIBRO 9, DE FECHA 10 DE OCTUBRE DE 1904.","nombre":"573"},"geometry":{"type":"Polygon","coordinates":[[[-100.236416,20.620835],[-100.241856,20.622119],[-100.251162,20.624344],[-100.260456,20.626577],[-100.269785,20.628695],[-100.271603,20.629134],[-100.271603,20.629134],[-100.279092,20.630899],[-100.280938,20.631296],[-100.282936,20.63157],[-100.285699,20.631526],[-100.285546,20.631754],[-100.282805,20.631812],[-100.282805,20.631812],[-100.280878,20.63156],[-100.279023,20.631163],[-100.271569,20.629406],[-100.271569,20.629406],[-100.26972,20.628959],[-100.260393,20.626842],[-100.251093,20.624607],[-100.241796,20.622384],[-100.236354,20.6211],[-100.236344,20.621143],[-100.227779,20.619122],[-100.22779,20.619078],[-100.223177,20.61799],[-100.213866,20.615793],[-100.210934,20.615049],[-100.209527,20.614568],[-100.208224,20.614027],[-100.206632,20.613275],[-100.20498,20.612305],[-100.2041,20.611745],[-100.203728,20.611478],[-100.203389,20.611048],[-100.202965,20.610512],[-100.202616,20.610129],[-100.202901,20.610053],[-100.203861,20.611303],[-100.204222,20.611578],[-100.205206,20.612179],[-100.206763,20.613067],[-100.208349,20.613783],[-100.209635,20.614316],[-100.211021,20.614791],[-100.213932,20.61553],[-100.223242,20.617726],[-100.227862,20.618815],[-100.227893,20.618683],[-100.236447,20.620702],[-100.236416,20.620835]]]}},{"type":"Feature","properties":{"LINEA PP":"B","LINEA  ACTUAL":"B","OTORGANTE":"HEREDERO DE CARLOS AVENDANO","PDF TITULO":"SI","ESTADO":"QUERETARO","MUNICIPIO":"DE LA CANADA","KM INI. FISICO":"255+764.22","KM FIN. FISICO":"255+932.22","KM INI. DOCUMENTAL":"255+941.91","KM FIN. DOCUMENTAL":"256+109.91","SUPERFICIE":"5012","ANCHO D.V. L.D.":"IRREGULAR","ANCHO D.V. L.I.":"IRREGULAR","DATOS REGISTRALES":"ESCRITURA PUBLICA DE COMPRAVENTA DE 21 DE NOVIEMBRE DE 1902, INSCRITA EN RPP DEL EDO DE QUERETARO. EL 08 DE JULIO DE 1903, SEGUN CONSTA DEL CERTIFICADO DE ESTA FECHA.","nombre":"577"},"geometry":{"type":"Polygon","coordinates":[[[-100.2857,20.631526],[-100.287221,20.631446],[-100.287241,20.631649],[-100.285546,20.631754],[-100.2857,20.631526]]]}},{"type":"Feature","properties":{"LINEA PP":"B","LINEA  ACTUAL":"B","OTORGANTE":"HEREDEROS DE LINA BARRON DE ZARATE","PDF TITULO":"SI","ESTADO":"QUERETARO","MUNICIPIO":"DE LA CANADA","KM INI. FISICO":"255+932.22","KM FIN. FISICO":"256+375.22","KM INI. DOCUMENTAL":"256+109.91","KM FIN. DOCUMENTAL":"256+552.91","SUPERFICIE":"13290","ANCHO D.V. L.D.":"15","ANCHO D.V. L.I.":"15","DATOS REGISTRALES":"ESCRITURA PUBLICA DE COMPRAVENTA DE 7 DEOCTUBRE DE 1903, INSCRITA EN RPP DEL EDO DE QUERETARO. EL 03 DE NOVIEMBRE DE 1903, SEGUN CONSTA DEL CERTIFICADO DE ESTA FECHA.","nombre":"578"},"geometry":{"type":"Polygon","coordinates":[[[-100.287221,20.631446],[-100.291477,20.631063],[-100.29145,20.631301],[-100.287241,20.631649],[-100.287221,20.631446]]]}},{"type":"Feature","properties":{"LINEA PP":"B","LINEA  ACTUAL":"B","OTORGANTE":"ANSELMO TEJEIDA","PDF TITULO":"SI","ESTADO":"QUERETARO","MUNICIPIO":"DE LA CANADA","KM INI. FISICO":"256+375.22","KM FIN. FISICO":"256+519.22","KM INI. DOCUMENTAL":"256+522.91","KM FIN. DOCUMENTAL":"256+696.91","SUPERFICIE":"4320","ANCHO D.V. L.D.":"15","ANCHO D.V. L.I.":"15","DATOS REGISTRALES":"ESCRITURA PUBLICA DE COMPRAVENTA DE 21 DE NOVIEMBRE DE 1902, INSCRITA EN RPP DEL EDO DE QUERETARO. EL 04 DE JULIO DE 1903, SEGUN CONSTA DEL CERTIFICADO DE ESTA FECHA.","nombre":"579"},"geometry":{"type":"Polygon","coordinates":[[[-100.291477,20.631063],[-100.292822,20.630931],[-100.292856,20.631201],[-100.29145,20.631301],[-100.291477,20.631063]]]}},{"type":"Feature","properties":{"LINEA PP":"B","LINEA  ACTUAL":"B","OTORGANTE":"DOLORES ZARATE","PDF TITULO":"SI","ESTADO":"QUERETARO","MUNICIPIO":"DE LA CANADA","KM INI. FISICO":"256+519.22","KM FIN. FISICO":"256+835.72","KM INI. DOCUMENTAL":"256+696.91","KM FIN. DOCUMENTAL":"257+013.51","SUPERFICIE":"9368","ANCHO D.V. L.D.":"15","ANCHO D.V. L.I.":"15","DATOS REGISTRALES":"ESCRITURA PUBLICA DE COMPRAVENTA DE 21 DE NOVIEMBRE DE 1902, INSCRITA EN RPP DEL EDO DE QUERETARO. EL 04 DE JUNIO DE 1903, SEGUN CONSTA DEL CERTIFICADO DE ESTA FECHA.","nombre":"580"},"geometry":{"type":"Polygon","coordinates":[[[-100.292822,20.630931],[-100.295834,20.630659],[-100.295879,20.630918],[-100.292856,20.631201],[-100.292822,20.630931]]]}},{"type":"Feature","properties":{"LINEA PP":"A","LINEA  ACTUAL":"A","OTORGANTE":"VUIDA DE ECHEVERRIA E HIJOS","PDF TITULO":"SI","ESTADO":"QUERETARO","MUNICIPIO":"SAN JUAN DEL RIO","KM INI. FISICO":"200+724\n207+839","KM FIN. FISICO":"206+264\n210+572","KM INI. DOCUMENTAL":"200+724\n207+839","KM FIN. DOCUMENTAL":"206+264\n210+572","SUPERFICIE":"S/D","ANCHO D.V. L.D.":"IRREGULAR","ANCHO D.V. L.I.":"IRREGULAR","DATOS REGISTRALES":"CONTRATO PRIVADO DE COMPRAVENTA DEL 27 DE NOVIEMBRE DE 1883, INSCRITA EN REGISTO PUBLICO DE SAN JUAN DEL RIO, QUERETARO, BAJO EL NUMERO 15, A FOJA 47, 48 Y 49.","OBSERVACIONES":"LA ESCRITURA AMPARA DOS FRACCIONES\nEL TRAMO UTIL PARA EL PROYECTO  ABARCA DEL KM 202+871.50 A LA TOTALIDAD DE LAS SUPERFICIES QUE AMPARAN LAS DOS FRACCIONES.","nombre":"605"},"geometry":{"type":"Polygon","coordinates":[[[-100.132564,20.513893],[-100.132508,20.514086],[-100.132473,20.514059],[-100.132244,20.513873],[-100.131808,20.51352],[-100.131081,20.512931],[-100.130354,20.512341],[-100.129627,20.511752],[-100.1289,20.511163],[-100.128173,20.510574],[-100.127446,20.509985],[-100.126719,20.509396],[-100.125992,20.508807],[-100.125265,20.508217],[-100.124538,20.507628],[-100.123811,20.507039],[-100.123084,20.50645],[-100.122357,20.505861],[-100.12163,20.505272],[-100.120903,20.504682],[-100.120176,20.504093],[-100.119866,20.503842],[-100.11984,20.503869],[-100.119714,20.503766],[-100.119133,20.503295],[-100.118696,20.502942],[-100.118209,20.502547],[-100.118198,20.502561],[-100.117812,20.502249],[-100.117231,20.501777],[-100.116795,20.501424],[-100.116198,20.500941],[-100.116174,20.500969],[-100.115811,20.500674],[-100.115797,20.500687],[-100.115434,20.500393],[-100.115409,20.50042],[-100.114987,20.500078],[-100.114696,20.499842],[-100.114318,20.499536],[-100.114394,20.499454],[-100.1139,20.499054],[-100.113173,20.498464],[-100.112584,20.497987],[-100.112397,20.497834],[-100.112672,20.497892],[-100.112947,20.497949],[-100.113348,20.498273],[-100.114075,20.498862],[-100.114569,20.499263],[-100.114544,20.49929],[-100.114924,20.499598],[-100.115214,20.499833],[-100.115636,20.500175],[-100.115674,20.500135],[-100.116036,20.500428],[-100.116399,20.500722],[-100.116995,20.501205],[-100.117431,20.501559],[-100.118013,20.50203],[-100.118398,20.502342],[-100.118386,20.502357],[-100.118874,20.502751],[-100.11931,20.503105],[-100.119891,20.503576],[-100.120018,20.503679],[-100.119992,20.503706],[-100.120302,20.503957],[-100.121028,20.504546],[-100.121755,20.505135],[-100.122482,20.505724],[-100.123209,20.506314],[-100.123936,20.506903],[-100.124663,20.507492],[-100.12539,20.508081],[-100.126117,20.50867],[-100.126844,20.509259],[-100.127571,20.509849],[-100.128298,20.510438],[-100.129025,20.511027],[-100.129752,20.511616],[-100.130479,20.512205],[-100.131206,20.512794],[-100.131933,20.513383],[-100.132369,20.513737],[-100.132564,20.513893]]]}},{"type":"Feature","properties":{"LINEA PP":"A","LINEA  ACTUAL":"A","OTORGANTE":"VUIDA DE ECHEVERRIA E HIJOS","PDF TITULO":"SI","ESTADO":"QUERETARO","MUNICIPIO":"SAN JUAN DEL RIO","KM INI. FISICO":"200+724\n207+839","KM FIN. FISICO":"206+264\n210+572","KM INI. DOCUMENTAL":"200+724\n207+839","KM FIN. DOCUMENTAL":"206+264\n210+572","SUPERFICIE":"S/D","ANCHO D.V. L.D.":"IRREGULAR","ANCHO D.V. L.I.":"IRREGULAR","DATOS REGISTRALES":"CONTRATO PRIVADO DE COMPRAVENTA DEL 27 DE NOVIEMBRE DE 1883, INSCRITA EN REGISTO PUBLICO DE SAN JUAN DEL RIO, QUERETARO, BAJO EL NUMERO 15, A FOJA 47, 48 Y 49.","OBSERVACIONES":"LA ESCRITURA AMPARA DOS FRACCIONES\nEL TRAMO UTIL PARA EL PROYECTO  ABARCA DEL KM 202+871.50 A LA TOTALIDAD DE LAS SUPERFICIES QUE AMPARAN LAS DOS FRACCIONES.","nombre":"605"},"geometry":{"type":"Polygon","coordinates":[[[-100.076663,20.468416],[-100.076868,20.468586],[-100.077165,20.468818],[-100.077743,20.469294],[-100.078174,20.469653],[-100.07846,20.469894],[-100.078887,20.470257],[-100.079311,20.470623],[-100.079873,20.471114],[-100.080295,20.471483],[-100.080859,20.471972],[-100.080979,20.472076],[-100.081006,20.47205],[-100.081312,20.472311],[-100.081597,20.472553],[-100.08174,20.472673],[-100.08217,20.473033],[-100.082748,20.473508],[-100.083183,20.473863],[-100.08334,20.47399],[-100.083327,20.474003],[-100.083509,20.474151],[-100.083522,20.474138],[-100.083907,20.47445],[-100.084198,20.474686],[-100.084489,20.474921],[-100.084612,20.475022],[-100.084599,20.475035],[-100.084911,20.475287],[-100.085637,20.475877],[-100.0868,20.47682],[-100.087817,20.477645],[-100.088835,20.47847],[-100.089707,20.479177],[-100.090724,20.480002],[-100.091451,20.480591],[-100.092178,20.481181],[-100.092904,20.48177],[-100.093631,20.482359],[-100.094358,20.482949],[-100.095085,20.483538],[-100.095811,20.484127],[-100.096538,20.484717],[-100.097265,20.485306],[-100.097992,20.485895],[-100.098718,20.486485],[-100.099591,20.487192],[-100.100317,20.487781],[-100.10103,20.488356],[-100.101256,20.488828],[-100.101068,20.488675],[-100.100877,20.488521],[-100.100168,20.487946],[-100.099441,20.487356],[-100.098569,20.486649],[-100.097842,20.48606],[-100.097115,20.485471],[-100.096388,20.484881],[-100.095662,20.484292],[-100.094935,20.483703],[-100.094208,20.483113],[-100.093481,20.482524],[-100.092755,20.481935],[-100.092028,20.481345],[-100.091301,20.480756],[-100.090574,20.480167],[-100.089557,20.479342],[-100.088685,20.478634],[-100.087668,20.477809],[-100.08665,20.476984],[-100.085488,20.476041],[-100.084761,20.475452],[-100.084447,20.475198],[-100.084307,20.475084],[-100.084189,20.475203],[-100.083481,20.474629],[-100.082612,20.473924],[-100.081887,20.473327],[-100.081293,20.47283],[-100.081422,20.472696],[-100.080851,20.47221],[-100.08073,20.472106],[-100.080166,20.471617],[-100.079745,20.471248],[-100.079181,20.470755],[-100.078756,20.47039],[-100.078329,20.470027],[-100.078043,20.469786],[-100.077613,20.469427],[-100.077035,20.468951],[-100.076742,20.468722],[-100.076537,20.468552],[-100.076663,20.468416]]]}},{"type":"Feature","properties":{"LINEA PP":"A","LINEA  ACTUAL":"A","OTORGANTE":"EMILIA SOTO VDA DE RUIZ","PDF TITULO":"SI","ESTADO":"QUERETARO","MUNICIPIO":"SAN JUAN DEL RIO","KM INI. FISICO":"210+572\n211+604\n211+755\n212+419\n212+754\n215+655.50","KM FIN. FISICO":"211+083\n211+650\n211+876\n212+660\n215+629\n218+504","KM INI. DOCUMENTAL":"210+572\n210+742\n211+604\n211+755\n212+419\n212+754\n215+655.50","KM FIN. DOCUMENTAL":"210+732\n211+083\n211+650\n211+876\n212+660\n215+629\n218+504","SUPERFICIE":"229684","ANCHO D.V. L.D.":"IRREGULAR","ANCHO D.V. L.I.":"IRREGULAR","DATOS REGISTRALES":"ESCRITURA PUBLICA DE COMPRAVENTA DEL 11 DE SEPTIEMBRE DE 1882,  INSCRITA EN REGISTO PUBLICO DEL DISTRITO JUDICIAL DE SAN JUAN DEL RIO, ESTADO DE QUERETARO, BAJO LA PARTIDA 7, A FOJA 28, 29 Y 30, DE FECHA 26 DE SEPTIEMBRE DE 1883.","OBSERVACIONES":"EL TRAMO UTIL PARA EL PROYECTO ES HASTA EL KILOMETRO 211+978.55","nombre":"607"},"geometry":{"type":"Polygon","coordinates":[[[-100.141894,20.52181],[-100.140978,20.52107],[-100.141207,20.520901],[-100.14204,20.521594],[-100.141894,20.52181]]]}},{"type":"Feature","properties":{"LINEA PP":"A","LINEA  ACTUAL":"A","OTORGANTE":"EMILIA SOTO VDA DE RUIZ","PDF TITULO":"SI","ESTADO":"QUERETARO","MUNICIPIO":"SAN JUAN DEL RIO","KM INI. FISICO":"210+572\n211+604\n211+755\n212+419\n212+754\n215+655.50","KM FIN. FISICO":"211+083\n211+650\n211+876\n212+660\n215+629\n218+504","KM INI. DOCUMENTAL":"210+572\n210+742\n211+604\n211+755\n212+419\n212+754\n215+655.50","KM FIN. DOCUMENTAL":"210+732\n211+083\n211+650\n211+876\n212+660\n215+629\n218+504","SUPERFICIE":"229684","ANCHO D.V. L.D.":"IRREGULAR","ANCHO D.V. L.I.":"IRREGULAR","DATOS REGISTRALES":"ESCRITURA PUBLICA DE COMPRAVENTA DEL 11 DE SEPTIEMBRE DE 1882,  INSCRITA EN REGISTO PUBLICO DEL DISTRITO JUDICIAL DE SAN JUAN DEL RIO, ESTADO DE QUERETARO, BAJO LA PARTIDA 7, A FOJA 28, 29 Y 30, DE FECHA 26 DE SEPTIEMBRE DE 1883.","OBSERVACIONES":"EL TRAMO UTIL PARA EL PROYECTO ES HASTA EL KILOMETRO 211+978.55","nombre":"607"},"geometry":{"type":"Polygon","coordinates":[[[-100.135816,20.516889],[-100.135671,20.516771],[-100.135525,20.516653],[-100.13538,20.516535],[-100.135235,20.516417],[-100.134798,20.516064],[-100.134362,20.51571],[-100.134009,20.515424],[-100.133984,20.515451],[-100.133621,20.515158],[-100.133832,20.514924],[-100.134197,20.515219],[-100.13455,20.515505],[-100.134987,20.515859],[-100.135423,20.516212],[-100.135714,20.516448],[-100.135859,20.516566],[-100.13615,20.516801],[-100.136304,20.516926],[-100.136128,20.517141],[-100.135962,20.517006],[-100.135816,20.516889]]]}},{"type":"Feature","properties":{"LINEA PP":"A","LINEA  ACTUAL":"A","OTORGANTE":"EMILIA SOTO VDA DE RUIZ","PDF TITULO":"SI","ESTADO":"QUERETARO","MUNICIPIO":"SAN JUAN DEL RIO","KM INI. FISICO":"210+572\n211+604\n211+755\n212+419\n212+754\n215+655.50","KM FIN. FISICO":"211+083\n211+650\n211+876\n212+660\n215+629\n218+504","KM INI. DOCUMENTAL":"210+572\n210+742\n211+604\n211+755\n212+419\n212+754\n215+655.50","KM FIN. DOCUMENTAL":"210+732\n211+083\n211+650\n211+876\n212+660\n215+629\n218+504","SUPERFICIE":"229684","ANCHO D.V. L.D.":"IRREGULAR","ANCHO D.V. L.I.":"IRREGULAR","DATOS REGISTRALES":"ESCRITURA PUBLICA DE COMPRAVENTA DEL 11 DE SEPTIEMBRE DE 1882,  INSCRITA EN REGISTO PUBLICO DEL DISTRITO JUDICIAL DE SAN JUAN DEL RIO, ESTADO DE QUERETARO, BAJO LA PARTIDA 7, A FOJA 28, 29 Y 30, DE FECHA 26 DE SEPTIEMBRE DE 1883.","OBSERVACIONES":"EL TRAMO UTIL PARA EL PROYECTO ES HASTA EL KILOMETRO 211+978.55","nombre":"607"},"geometry":{"type":"Polygon","coordinates":[[[-100.139885,20.520184],[-100.140107,20.520008],[-100.140419,20.520261],[-100.140239,20.520473],[-100.139885,20.520184]]]}},{"type":"Feature","properties":{"LINEA PP":"A","LINEA  ACTUAL":"A","OTORGANTE":"EMILIA SOTO VDA DE RUIZ","PDF TITULO":"SI","ESTADO":"QUERETARO","MUNICIPIO":"SAN JUAN DEL RIO","KM INI. FISICO":"210+572\n211+604\n211+755\n212+419\n212+754\n215+655.50","KM FIN. FISICO":"211+083\n211+650\n211+876\n212+660\n215+629\n218+504","KM INI. DOCUMENTAL":"210+572\n210+742\n211+604\n211+755\n212+419\n212+754\n215+655.50","KM FIN. DOCUMENTAL":"210+732\n211+083\n211+650\n211+876\n212+660\n215+629\n218+504","SUPERFICIE":"229684","ANCHO D.V. L.D.":"IRREGULAR","ANCHO D.V. L.I.":"IRREGULAR","DATOS REGISTRALES":"ESCRITURA PUBLICA DE COMPRAVENTA DEL 11 DE SEPTIEMBRE DE 1882,  INSCRITA EN REGISTO PUBLICO DEL DISTRITO JUDICIAL DE SAN JUAN DEL RIO, ESTADO DE QUERETARO, BAJO LA PARTIDA 7, A FOJA 28, 29 Y 30, DE FECHA 26 DE SEPTIEMBRE DE 1883.","OBSERVACIONES":"EL TRAMO UTIL PARA EL PROYECTO ES HASTA EL KILOMETRO 211+978.55","nombre":"607"},"geometry":{"type":"Polygon","coordinates":[[[-100.133637,20.515002],[-100.133408,20.514817],[-100.133117,20.514581],[-100.132827,20.514345],[-100.132536,20.51411],[-100.132508,20.514086],[-100.132564,20.513893],[-100.132598,20.513922],[-100.13266,20.513972],[-100.132951,20.514208],[-100.133242,20.514444],[-100.133533,20.514679],[-100.133761,20.514864],[-100.133637,20.515002]]]}},{"type":"Feature","properties":{"LINEA PP":"A","LINEA  ACTUAL":"A","OTORGANTE":"EMILIA SOTO VDA DE RUIZ","PDF TITULO":"SI","ESTADO":"QUERETARO","MUNICIPIO":"SAN JUAN DEL RIO","KM INI. FISICO":"210+572\n211+604\n211+755\n212+419\n212+754\n215+655.50","KM FIN. FISICO":"211+083\n211+650\n211+876\n212+660\n215+629\n218+504","KM INI. DOCUMENTAL":"210+572\n210+742\n211+604\n211+755\n212+419\n212+754\n215+655.50","KM FIN. DOCUMENTAL":"210+732\n211+083\n211+650\n211+876\n212+660\n215+629\n218+504","SUPERFICIE":"229684","ANCHO D.V. L.D.":"IRREGULAR","ANCHO D.V. L.I.":"IRREGULAR","DATOS REGISTRALES":"ESCRITURA PUBLICA DE COMPRAVENTA DEL 11 DE SEPTIEMBRE DE 1882,  INSCRITA EN REGISTO PUBLICO DEL DISTRITO JUDICIAL DE SAN JUAN DEL RIO, ESTADO DE QUERETARO, BAJO LA PARTIDA 7, A FOJA 28, 29 Y 30, DE FECHA 26 DE SEPTIEMBRE DE 1883.","OBSERVACIONES":"EL TRAMO UTIL PARA EL PROYECTO ES HASTA EL KILOMETRO 211+978.55","nombre":"607"},"geometry":{"type":"Polygon","coordinates":[[[-100.145827,20.525001],[-100.146016,20.524794],[-100.147814,20.526156],[-100.147643,20.526376],[-100.145827,20.525001]]]}},{"type":"Feature","properties":{"LINEA PP":"A","LINEA  ACTUAL":"A","OTORGANTE":"RAFAEL RIVA","PDF TITULO":"SI","ESTADO":"QUERETARO","MUNICIPIO":"SAN JUAN DEL RIO","KM INI. FISICO":"211+083\n211+650","KM FIN. FISICO":"211+604\n211+755","KM INI. DOCUMENTAL":"211+083\n211+650","KM FIN. DOCUMENTAL":"211+604\n211+755","SUPERFICIE":"18780","ANCHO D.V. L.D.":"IRREGULAR","ANCHO D.V. L.I.":"IRREGULAR","DATOS REGISTRALES":"CONTRATO PRIVADO DE COMPRAVENTA DE 02 DE JULIO DE 1885, INSCRITA EN REGISTO PUBLICO DE LA CAPITAL, BAJO EL NUMERO 104, A FOJA 92, SECCION 1, DE FECHA 17 DE FEBRERO DE 1926.","OBSERVACIONES":"EL TRAMO ES UTIL EN SU TOTALIDAD","nombre":"608"},"geometry":{"type":"Polygon","coordinates":[[[-100.141209,20.5209],[-100.140978,20.52107],[-100.140614,20.520776],[-100.140239,20.520473],[-100.140419,20.520261],[-100.140803,20.520572],[-100.141189,20.520884],[-100.141209,20.5209]]]}},{"type":"Feature","properties":{"LINEA PP":"A","LINEA  ACTUAL":"A","OTORGANTE":"RAFAEL RIVA","PDF TITULO":"SI","ESTADO":"QUERETARO","MUNICIPIO":"SAN JUAN DEL RIO","KM INI. FISICO":"211+083\n211+650","KM FIN. FISICO":"211+604\n211+755","KM INI. DOCUMENTAL":"211+083\n211+650","KM FIN. DOCUMENTAL":"211+604\n211+755","SUPERFICIE":"18780","ANCHO D.V. L.D.":"IRREGULAR","ANCHO D.V. L.I.":"IRREGULAR","DATOS REGISTRALES":"CONTRATO PRIVADO DE COMPRAVENTA DE 02 DE JULIO DE 1885, INSCRITA EN REGISTO PUBLICO DE LA CAPITAL, BAJO EL NUMERO 104, A FOJA 92, SECCION 1, DE FECHA 17 DE FEBRERO DE 1926.","OBSERVACIONES":"EL TRAMO ES UTIL EN SU TOTALIDAD","nombre":"608"},"geometry":{"type":"Polygon","coordinates":[[[-100.140107,20.520008],[-100.139885,20.520184],[-100.139451,20.519834],[-100.139015,20.51948],[-100.138578,20.519127],[-100.138142,20.518773],[-100.137706,20.51842],[-100.13727,20.518066],[-100.136834,20.517713],[-100.136397,20.517359],[-100.136128,20.517141],[-100.136304,20.516926],[-100.136586,20.517155],[-100.137022,20.517508],[-100.137459,20.517862],[-100.137895,20.518215],[-100.138331,20.518569],[-100.138767,20.518922],[-100.139204,20.519276],[-100.13964,20.519629],[-100.140089,20.519993],[-100.140107,20.520008]]]}},{"type":"Feature","properties":{"LINEA PP":"B","LINEA  ACTUAL":"B","OTORGANTE":"SIMON PEREZ","PDF TITULO":"SI","ESTADO":"QUERETARO","MUNICIPIO":"CANADA","KM INI. FISICO":"260+593.85","KM FIN. FISICO":"260+606.35","KM INI. DOCUMENTAL":"260+768.49\n261+557.16\n263+086.29\n263+219.29\n263+363.29","KM FIN. DOCUMENTAL":"260+783.99\n261+569.46\n263+127.29\n263+235.79\n263+377.29","SUPERFICIE":"465.00\n369.00\n1230.00\n495.00\n420.00","ANCHO D.V. L.D.":"15","ANCHO D.V. L.I.":"15","DATOS REGISTRALES":"ESCRITURA PUBLICA DE COMPRAVENTA DE 23 DE DICIEMBRE DE 1902, INSCRITO EN EL REGISTRO PUBLICO DEL ESTADO EL 28 DE ABRIL DE 1903, BAJO EL NUMERO 1285, FOJA 220, LIBRO 6.","OBSERVACIONES":"EL TITULO AMPARA 5 FRACCIONES DE LAS CUALES SOLO ES DE INTERES LA PRIMER FRACCION CON UNA SUPERCIE DE 465 M2.","nombre":"628"},"geometry":{"type":"Polygon","coordinates":[[[-100.341791,20.607615],[-100.342103,20.607391],[-100.342276,20.607607],[-100.341963,20.607832],[-100.341791,20.607615]]]}},{"type":"Feature","properties":{"LINEA PP":"B","LINEA  ACTUAL":"B","OTORGANTE":"SIMON PEREZ","PDF TITULO":"SI","ESTADO":"QUERETARO","MUNICIPIO":"CANADA","KM INI. FISICO":"260+593.85","KM FIN. FISICO":"260+606.35","KM INI. DOCUMENTAL":"260+768.49\n261+557.16\n263+086.29\n263+219.29\n263+363.29","KM FIN. DOCUMENTAL":"260+783.99\n261+569.46\n263+127.29\n263+235.79\n263+377.29","SUPERFICIE":"465.00\n369.00\n1230.00\n495.00\n420.00","ANCHO D.V. L.D.":"15","ANCHO D.V. L.I.":"15","DATOS REGISTRALES":"ESCRITURA PUBLICA DE COMPRAVENTA DE 23 DE DICIEMBRE DE 1902, INSCRITO EN EL REGISTRO PUBLICO DEL ESTADO EL 28 DE ABRIL DE 1903, BAJO EL NUMERO 1285, FOJA 220, LIBRO 6.","OBSERVACIONES":"EL TITULO AMPARA 5 FRACCIONES DE LAS CUALES SOLO ES DE INTERES LA PRIMER FRACCION CON UNA SUPERCIE DE 465 M2.","nombre":"628"},"geometry":{"type":"Polygon","coordinates":[[[-100.342811,20.606886],[-100.342937,20.606804],[-100.343109,20.607021],[-100.342975,20.607108],[-100.342811,20.606886]]]}},{"type":"Feature","properties":{"LINEA PP":"B","LINEA  ACTUAL":"B","OTORGANTE":"SIMON PEREZ","PDF TITULO":"SI","ESTADO":"QUERETARO","MUNICIPIO":"CANADA","KM INI. FISICO":"260+593.85","KM FIN. FISICO":"260+606.35","KM INI. DOCUMENTAL":"260+768.49\n261+557.16\n263+086.29\n263+219.29\n263+363.29","KM FIN. DOCUMENTAL":"260+783.99\n261+569.46\n263+127.29\n263+235.79\n263+377.29","SUPERFICIE":"465.00\n369.00\n1230.00\n495.00\n420.00","ANCHO D.V. L.D.":"15","ANCHO D.V. L.I.":"15","DATOS REGISTRALES":"ESCRITURA PUBLICA DE COMPRAVENTA DE 23 DE DICIEMBRE DE 1902, INSCRITO EN EL REGISTRO PUBLICO DEL ESTADO EL 28 DE ABRIL DE 1903, BAJO EL NUMERO 1285, FOJA 220, LIBRO 6.","OBSERVACIONES":"EL TITULO AMPARA 5 FRACCIONES DE LAS CUALES SOLO ES DE INTERES LA PRIMER FRACCION CON UNA SUPERCIE DE 465 M2.","nombre":"628"},"geometry":{"type":"Polygon","coordinates":[[[-100.344052,20.606256],[-100.344182,20.606209],[-100.34428,20.606464],[-100.344159,20.606508],[-100.344052,20.606256]]]}},{"type":"Feature","properties":{"LINEA PP":"B","LINEA  ACTUAL":"B","OTORGANTE":"SIMON PEREZ","PDF TITULO":"SI","ESTADO":"QUERETARO","MUNICIPIO":"CANADA","KM INI. FISICO":"260+593.85","KM FIN. FISICO":"260+606.35","KM INI. DOCUMENTAL":"260+768.49\n261+557.16\n263+086.29\n263+219.29\n263+363.29","KM FIN. DOCUMENTAL":"260+783.99\n261+569.46\n263+127.29\n263+235.79\n263+377.29","SUPERFICIE":"465.00\n369.00\n1230.00\n495.00\n420.00","ANCHO D.V. L.D.":"15","ANCHO D.V. L.I.":"15","DATOS REGISTRALES":"ESCRITURA PUBLICA DE COMPRAVENTA DE 23 DE DICIEMBRE DE 1902, INSCRITO EN EL REGISTRO PUBLICO DEL ESTADO EL 28 DE ABRIL DE 1903, BAJO EL NUMERO 1285, FOJA 220, LIBRO 6.","OBSERVACIONES":"EL TITULO AMPARA 5 FRACCIONES DE LAS CUALES SOLO ES DE INTERES LA PRIMER FRACCION CON UNA SUPERCIE DE 465 M2.","nombre":"628"},"geometry":{"type":"Polygon","coordinates":[[[-100.32411,20.61707],[-100.324239,20.617006],[-100.324379,20.617243],[-100.324245,20.61731],[-100.32411,20.61707]]]}},{"type":"Feature","properties":{"LINEA PP":"B","LINEA  ACTUAL":"B","OTORGANTE":"MANUEL SANCHEZ","PDF TITULO":"SI","ESTADO":"QUERETARO","MUNICIPIO":"CANADA","KM INI. FISICO":"260+609.35","KM FIN. FISICO":"260+648.35","KM INI. DOCUMENTAL":"260+783.99\n261+342.19\n261+677.66\n262+409.79\n263+576.79","KM FIN. DOCUMENTAL":"260+823.49\n261+350.19\n261+687.46\n262+422.00\n263+620.00","SUPERFICIE":"1185.00\n240.00\n294.00\n381.00\n1320.00","ANCHO D.V. L.D.":"15","ANCHO D.V. L.I.":"15","DATOS REGISTRALES":"ESCRITURA PUBLICA DE COMPRAVENTA NUMERO 109, DE FECHA 27 DE AGOSTO DE 1903, INSCRITA EN EL REGISTRO PUBLICO DE QUERETARO, TOMA DE RAZON 1434, INSCRITO BAJO EL NUMERO 1383, FOJA 301, LIBRO 7, DE FECHA 28 DE AGOSTO DE 1903.","OBSERVACIONES":"EL TITULO AMPARA 5 FRACCIONES DE LAS CUALES SOLO ES DE INTERES LA PRIMER FRACCION CON UNA SUPERCIE DE 1185 M2.","nombre":"629"},"geometry":{"type":"Polygon","coordinates":[[[-100.336088,20.609797],[-100.33613,20.610067],[-100.336007,20.610068],[-100.335967,20.609797],[-100.336088,20.609797]]]}},{"type":"Feature","properties":{"LINEA PP":"B","LINEA  ACTUAL":"B","OTORGANTE":"MANUEL SANCHEZ","PDF TITULO":"SI","ESTADO":"QUERETARO","MUNICIPIO":"CANADA","KM INI. FISICO":"260+609.35","KM FIN. FISICO":"260+648.35","KM INI. DOCUMENTAL":"260+783.99\n261+342.19\n261+677.66\n262+409.79\n263+576.79","KM FIN. DOCUMENTAL":"260+823.49\n261+350.19\n261+687.46\n262+422.00\n263+620.00","SUPERFICIE":"1185.00\n240.00\n294.00\n381.00\n1320.00","ANCHO D.V. L.D.":"15","ANCHO D.V. L.I.":"15","DATOS REGISTRALES":"ESCRITURA PUBLICA DE COMPRAVENTA NUMERO 109, DE FECHA 27 DE AGOSTO DE 1903, INSCRITA EN EL REGISTRO PUBLICO DE QUERETARO, TOMA DE RAZON 1434, INSCRITO BAJO EL NUMERO 1383, FOJA 301, LIBRO 7, DE FECHA 28 DE AGOSTO DE 1903.","OBSERVACIONES":"EL TITULO AMPARA 5 FRACCIONES DE LAS CUALES SOLO ES DE INTERES LA PRIMER FRACCION CON UNA SUPERCIE DE 1185 M2.","nombre":"629"},"geometry":{"type":"Polygon","coordinates":[[[-100.346059,20.60577],[-100.346479,20.605693],[-100.346531,20.60596],[-100.346122,20.606035],[-100.346059,20.60577]]]}},{"type":"Feature","properties":{"LINEA PP":"B","LINEA  ACTUAL":"B","OTORGANTE":"MANUEL SANCHEZ","PDF TITULO":"SI","ESTADO":"QUERETARO","MUNICIPIO":"CANADA","KM INI. FISICO":"260+609.35","KM FIN. FISICO":"260+648.35","KM INI. DOCUMENTAL":"260+783.99\n261+342.19\n261+677.66\n262+409.79\n263+576.79","KM FIN. DOCUMENTAL":"260+823.49\n261+350.19\n261+687.46\n262+422.00\n263+620.00","SUPERFICIE":"1185.00\n240.00\n294.00\n381.00\n1320.00","ANCHO D.V. L.D.":"15","ANCHO D.V. L.I.":"15","DATOS REGISTRALES":"ESCRITURA PUBLICA DE COMPRAVENTA NUMERO 109, DE FECHA 27 DE AGOSTO DE 1903, INSCRITA EN EL REGISTRO PUBLICO DE QUERETARO, TOMA DE RAZON 1434, INSCRITO BAJO EL NUMERO 1383, FOJA 301, LIBRO 7, DE FECHA 28 DE AGOSTO DE 1903.","OBSERVACIONES":"EL TITULO AMPARA 5 FRACCIONES DE LAS CUALES SOLO ES DE INTERES LA PRIMER FRACCION CON UNA SUPERCIE DE 1185 M2.","nombre":"629"},"geometry":{"type":"Polygon","coordinates":[[[-100.324239,20.617006],[-100.324559,20.616834],[-100.324717,20.617061],[-100.324379,20.617243],[-100.324239,20.617006]]]}},{"type":"Feature","properties":{"nombre":"633"},"geometry":{"type":"Polygon","coordinates":[[[-100.325283,20.616323],[-100.325465,20.616534],[-100.325307,20.616656],[-100.325121,20.616449],[-100.325283,20.616323]]]}},{"type":"Feature","properties":{"nombre":"633"},"geometry":{"type":"Polygon","coordinates":[[[-100.325613,20.616056],[-100.325811,20.61624],[-100.32558,20.616441],[-100.325387,20.61624],[-100.325613,20.616056]]]}},{"type":"Feature","properties":{"nombre":"636"},"geometry":{"type":"Polygon","coordinates":[[[-100.325776,20.615864],[-100.325877,20.615749],[-100.326099,20.615922],[-100.325994,20.616039],[-100.325776,20.615864]]]}},{"type":"Feature","properties":{"nombre":"636"},"geometry":{"type":"Polygon","coordinates":[[[-100.326221,20.615309],[-100.326436,20.614981],[-100.326673,20.615133],[-100.326449,20.615475],[-100.326221,20.615309]]]}},{"type":"Feature","properties":{"nombre":"654"},"geometry":{"type":"Polygon","coordinates":[[[-100.335749,20.609797],[-100.33582,20.609797],[-100.33587,20.610068],[-100.335812,20.610068],[-100.335749,20.609797]]]}},{"type":"Feature","properties":{"nombre":"654"},"geometry":{"type":"Polygon","coordinates":[[[-100.338924,20.609313],[-100.339007,20.609289],[-100.339114,20.609538],[-100.339015,20.60957],[-100.338924,20.609313]]]}},{"type":"Feature","properties":{"nombre":"672"},"geometry":{"type":"Polygon","coordinates":[[[-100.336559,20.610048],[-100.336517,20.60978],[-100.336691,20.609768],[-100.336767,20.610033],[-100.336559,20.610048]]]}},{"type":"Feature","properties":{"nombre":"672"},"geometry":{"type":"Polygon","coordinates":[[[-100.337282,20.609716],[-100.337323,20.609984],[-100.336852,20.610029],[-100.336779,20.609762],[-100.337282,20.609716]]]}},{"type":"Feature","properties":{"nombre":"672"},"geometry":{"type":"Polygon","coordinates":[[[-100.34098,20.6082],[-100.341144,20.608423],[-100.340883,20.608595],[-100.340692,20.60839],[-100.34098,20.6082]]]}},{"type":"Feature","properties":{"nombre":"672"},"geometry":{"type":"Polygon","coordinates":[[[-100.345611,20.605858],[-100.345718,20.605838],[-100.345778,20.606103],[-100.345668,20.606124],[-100.345611,20.605858]]]}},{"type":"Feature","properties":{"LINEA PP":"B","LINEA  ACTUAL":"B","OTORGANTE":"NORBERTO LUNA","PDF TITULO":"SI","ESTADO":"QUERETARO","MUNICIPIO":"CANADA","KM INI. FISICO":"263+621.60","KM FIN. FISICO":"263+630.10","KM INI. DOCUMENTAL":"262+060.26\n263+423.99\n263+795.79\n263+975.79","KM FIN. DOCUMENTAL":"262+067.66\n263+444.79\n263+804.29\n264+024.79","SUPERFICIE":"222.00\n654.00\n255.00\n1470.00","ANCHO D.V. L.D.":"15","ANCHO D.V. L.I.":"15","DATOS REGISTRALES":"ESCRITURA PUBLICA DE COMPRAVENTA NO. 2, DE FECHA 03 TRES DE ENERO DE 1903, INSCRITA EN EL REGISTRO PUBLICO DE QUERETARO, BAJO EL NUMERO 1226, INSCRIPCION 1178, FOJA 125, LIBRO 6, DE FECHA 14 DE MARZO DE 1903.","OBSERVACIONES":"EL TITULO AMPARA 4 FRACCIONES DE LAS CUALES SOLO ES DE INTERES LA TERCER FRACCION CON UNA SUPERCIE DE 255 M2.","nombre":"678"},"geometry":{"type":"Polygon","coordinates":[[[-100.344611,20.60607],[-100.344813,20.606022],[-100.344883,20.606285],[-100.34468,20.606333],[-100.344611,20.60607]]]}},{"type":"Feature","properties":{"LINEA PP":"B","LINEA  ACTUAL":"B","OTORGANTE":"NORBERTO LUNA","PDF TITULO":"SI","ESTADO":"QUERETARO","MUNICIPIO":"CANADA","KM INI. FISICO":"263+621.60","KM FIN. FISICO":"263+630.10","KM INI. DOCUMENTAL":"262+060.26\n263+423.99\n263+795.79\n263+975.79","KM FIN. DOCUMENTAL":"262+067.66\n263+444.79\n263+804.29\n264+024.79","SUPERFICIE":"222.00\n654.00\n255.00\n1470.00","ANCHO D.V. L.D.":"15","ANCHO D.V. L.I.":"15","DATOS REGISTRALES":"ESCRITURA PUBLICA DE COMPRAVENTA NO. 2, DE FECHA 03 TRES DE ENERO DE 1903, INSCRITA EN EL REGISTRO PUBLICO DE QUERETARO, BAJO EL NUMERO 1226, INSCRIPCION 1178, FOJA 125, LIBRO 6, DE FECHA 14 DE MARZO DE 1903.","OBSERVACIONES":"EL TITULO AMPARA 4 FRACCIONES DE LAS CUALES SOLO ES DE INTERES LA TERCER FRACCION CON UNA SUPERCIE DE 255 M2.","nombre":"678"},"geometry":{"type":"Polygon","coordinates":[[[-100.348048,20.605242],[-100.348123,20.60521],[-100.34824,20.605457],[-100.348166,20.605489],[-100.348048,20.605242]]]}},{"type":"Feature","properties":{"LINEA PP":"B","LINEA  ACTUAL":"B","OTORGANTE":"NORBERTO LUNA","PDF TITULO":"SI","ESTADO":"QUERETARO","MUNICIPIO":"CANADA","KM INI. FISICO":"263+621.60","KM FIN. FISICO":"263+630.10","KM INI. DOCUMENTAL":"262+060.26\n263+423.99\n263+795.79\n263+975.79","KM FIN. DOCUMENTAL":"262+067.66\n263+444.79\n263+804.29\n264+024.79","SUPERFICIE":"222.00\n654.00\n255.00\n1470.00","ANCHO D.V. L.D.":"15","ANCHO D.V. L.I.":"15","DATOS REGISTRALES":"ESCRITURA PUBLICA DE COMPRAVENTA NO. 2, DE FECHA 03 TRES DE ENERO DE 1903, INSCRITA EN EL REGISTRO PUBLICO DE QUERETARO, BAJO EL NUMERO 1226, INSCRIPCION 1178, FOJA 125, LIBRO 6, DE FECHA 14 DE MARZO DE 1903.","OBSERVACIONES":"EL TITULO AMPARA 4 FRACCIONES DE LAS CUALES SOLO ES DE INTERES LA TERCER FRACCION CON UNA SUPERCIE DE 255 M2.","nombre":"678"},"geometry":{"type":"Polygon","coordinates":[[[-100.349875,20.604143],[-100.350038,20.604366],[-100.349655,20.604612],[-100.349482,20.604396],[-100.349875,20.604143]]]}},{"type":"Feature","properties":{"nombre":"683"},"geometry":{"type":"Polygon","coordinates":[[[-100.336517,20.60978],[-100.336559,20.610048],[-100.336234,20.610062],[-100.336194,20.609792],[-100.336517,20.60978]]]}},{"type":"Feature","properties":{"nombre":"683"},"geometry":{"type":"Polygon","coordinates":[[[-100.33385,20.609839],[-100.333869,20.609716],[-100.334196,20.609739],[-100.334181,20.609875],[-100.33385,20.609839]]]}},{"type":"Feature","properties":{"nombre":"689"},"geometry":{"type":"Polygon","coordinates":[[[-100.334267,20.60988],[-100.33428,20.609745],[-100.334363,20.60975],[-100.334353,20.609885],[-100.334549,20.609898],[-100.334543,20.610033],[-100.334166,20.61001],[-100.334181,20.609875],[-100.334267,20.60988]]]}},{"type":"Feature","properties":{"nombre":"696"},"geometry":{"type":"Polygon","coordinates":[[[-100.335967,20.609797],[-100.336007,20.610068],[-100.33587,20.610068],[-100.33582,20.609797],[-100.335967,20.609797]]]}},{"type":"Feature","properties":{"nombre":"696"},"geometry":{"type":"Polygon","coordinates":[[[-100.338034,20.609583],[-100.338112,20.609844],[-100.337999,20.609867],[-100.337851,20.609621],[-100.338034,20.609583]]]}},{"type":"Feature","properties":{"nombre":"696"},"geometry":{"type":"Polygon","coordinates":[[[-100.340492,20.608504],[-100.340653,20.608415],[-100.34081,20.608642],[-100.340625,20.608746],[-100.340492,20.608504]]]}},{"type":"Feature","properties":{"nombre":"699"},"geometry":{"type":"Polygon","coordinates":[[[-100.33741,20.609973],[-100.337323,20.609984],[-100.337282,20.609716],[-100.337375,20.609704],[-100.33741,20.609973]]]}},{"type":"Feature","properties":{"nombre":"699"},"geometry":{"type":"Polygon","coordinates":[[[-100.33765,20.60994],[-100.33757,20.609951],[-100.337524,20.609684],[-100.337594,20.609674],[-100.33765,20.60994]]]}},{"type":"Feature","properties":{"nombre":"701"},"geometry":{"type":"Polygon","coordinates":[[[-100.337594,20.609674],[-100.33768,20.609657],[-100.337739,20.609922],[-100.33765,20.60994],[-100.33765,20.60994],[-100.337594,20.609674],[-100.337594,20.609674]]]}},{"type":"Feature","properties":{"nombre":"701"},"geometry":{"type":"Polygon","coordinates":[[[-100.338371,20.609492],[-100.338456,20.609751],[-100.33836,20.609775],[-100.338282,20.609514],[-100.338371,20.609492]]]}},{"type":"Feature","properties":{"nombre":"706"},"geometry":{"type":"Polygon","coordinates":[[[-100.33885,20.609621],[-100.33867,20.609681],[-100.338574,20.609425],[-100.338764,20.609362],[-100.33885,20.609621]]]}},{"type":"Feature","properties":{"nombre":"706"},"geometry":{"type":"Polygon","coordinates":[[[-100.339015,20.60957],[-100.33892,20.6096],[-100.338828,20.609343],[-100.338924,20.609313],[-100.339015,20.60957]]]}},{"type":"Feature","properties":{"LINEA PP":"B","LINEA  ACTUAL":"B","OTORGANTE":"HEREDEROS DE RAMON SANCHEZ","PDF TITULO":"SI","ESTADO":"QUERETARO","MUNICIPIO":"LA CANADA","KM INI. FISICO":"264+949.87","KM FIN. FISICO":"264+965.37","KM INI. DOCUMENTAL":"265+077.79","KM FIN. DOCUMENTAL":"265+093.29","SUPERFICIE":"465","ANCHO D.V. L.D.":"15","ANCHO D.V. L.I.":"15","DATOS REGISTRALES":"ESCRITURA PUBLICA DE COMPRAVENTA DE 31 DE AGOSTO DE 1903, INSCRITA EN RPP DEL EDO DE QUERETARO, BAJO EL NUMERO 1442, A FOJA 328, LIBRO 7,  DE FECHA 03 DE SEPTIEMBRE DE 1903.","OBSERVACIONES":"EL TITULO AMPARA 3 FRACCIONES, SIENDO UTIL PARA EL PROYECTO UNICAMENTE LA TERCERA FRACCION","nombre":"707"},"geometry":{"type":"Polygon","coordinates":[[[-100.33885,20.609621],[-100.338764,20.609362],[-100.338828,20.609343],[-100.33892,20.6096],[-100.33885,20.609621]]]}},{"type":"Feature","properties":{"LINEA PP":"B","LINEA  ACTUAL":"B","OTORGANTE":"HEREDEROS DE RAMON SANCHEZ","PDF TITULO":"SI","ESTADO":"QUERETARO","MUNICIPIO":"LA CANADA","KM INI. FISICO":"264+949.87","KM FIN. FISICO":"264+965.37","KM INI. DOCUMENTAL":"265+077.79","KM FIN. DOCUMENTAL":"265+093.29","SUPERFICIE":"465","ANCHO D.V. L.D.":"15","ANCHO D.V. L.I.":"15","DATOS REGISTRALES":"ESCRITURA PUBLICA DE COMPRAVENTA DE 31 DE AGOSTO DE 1903, INSCRITA EN RPP DEL EDO DE QUERETARO, BAJO EL NUMERO 1442, A FOJA 328, LIBRO 7,  DE FECHA 03 DE SEPTIEMBRE DE 1903.","OBSERVACIONES":"EL TITULO AMPARA 3 FRACCIONES, SIENDO UTIL PARA EL PROYECTO UNICAMENTE LA TERCERA FRACCION","nombre":"707"},"geometry":{"type":"Polygon","coordinates":[[[-100.339114,20.609538],[-100.339007,20.609289],[-100.339092,20.609248],[-100.339201,20.609499],[-100.339114,20.609538]]]}},{"type":"Feature","properties":{"LINEA PP":"B","LINEA  ACTUAL":"B","OTORGANTE":"HEREDEROS DE RAMON SANCHEZ","PDF TITULO":"SI","ESTADO":"QUERETARO","MUNICIPIO":"LA CANADA","KM INI. FISICO":"264+949.87","KM FIN. FISICO":"264+965.37","KM INI. DOCUMENTAL":"265+077.79","KM FIN. DOCUMENTAL":"265+093.29","SUPERFICIE":"465","ANCHO D.V. L.D.":"15","ANCHO D.V. L.I.":"15","DATOS REGISTRALES":"ESCRITURA PUBLICA DE COMPRAVENTA DE 31 DE AGOSTO DE 1903, INSCRITA EN RPP DEL EDO DE QUERETARO, BAJO EL NUMERO 1442, A FOJA 328, LIBRO 7,  DE FECHA 03 DE SEPTIEMBRE DE 1903.","OBSERVACIONES":"EL TITULO AMPARA 3 FRACCIONES, SIENDO UTIL PARA EL PROYECTO UNICAMENTE LA TERCERA FRACCION","nombre":"707"},"geometry":{"type":"Polygon","coordinates":[[[-100.339092,20.609248],[-100.339294,20.609156],[-100.339419,20.6094],[-100.339201,20.609499],[-100.339092,20.609248]]]}},{"type":"Feature","properties":{"LINEA PP":"B","LINEA  ACTUAL":"B","OTORGANTE":"HEREDEROS DE RAMON SANCHEZ","PDF TITULO":"SI","ESTADO":"QUERETARO","MUNICIPIO":"LA CANADA","KM INI. FISICO":"264+949.87","KM FIN. FISICO":"264+965.37","KM INI. DOCUMENTAL":"265+077.79","KM FIN. DOCUMENTAL":"265+093.29","SUPERFICIE":"465","ANCHO D.V. L.D.":"15","ANCHO D.V. L.I.":"15","DATOS REGISTRALES":"ESCRITURA PUBLICA DE COMPRAVENTA DE 31 DE AGOSTO DE 1903, INSCRITA EN RPP DEL EDO DE QUERETARO, BAJO EL NUMERO 1442, A FOJA 328, LIBRO 7,  DE FECHA 03 DE SEPTIEMBRE DE 1903.","OBSERVACIONES":"EL TITULO AMPARA 3 FRACCIONES, SIENDO UTIL PARA EL PROYECTO UNICAMENTE LA TERCERA FRACCION","nombre":"707"},"geometry":{"type":"Polygon","coordinates":[[[-100.339419,20.6094],[-100.339294,20.609156],[-100.339394,20.60911],[-100.339538,20.609044],[-100.33968,20.60928],[-100.339548,20.609341],[-100.339419,20.6094]]]}},{"type":"Feature","properties":{"LINEA PP":"B","LINEA  ACTUAL":"B","OTORGANTE":"HEREDEROS DE RAMON SANCHEZ","PDF TITULO":"SI","ESTADO":"QUERETARO","MUNICIPIO":"LA CANADA","KM INI. FISICO":"264+949.87","KM FIN. FISICO":"264+965.37","KM INI. DOCUMENTAL":"265+077.79","KM FIN. DOCUMENTAL":"265+093.29","SUPERFICIE":"465","ANCHO D.V. L.D.":"15","ANCHO D.V. L.I.":"15","DATOS REGISTRALES":"ESCRITURA PUBLICA DE COMPRAVENTA DE 31 DE AGOSTO DE 1903, INSCRITA EN RPP DEL EDO DE QUERETARO, BAJO EL NUMERO 1442, A FOJA 328, LIBRO 7,  DE FECHA 03 DE SEPTIEMBRE DE 1903.","OBSERVACIONES":"EL TITULO AMPARA 3 FRACCIONES, SIENDO UTIL PARA EL PROYECTO UNICAMENTE LA TERCERA FRACCION","nombre":"707"},"geometry":{"type":"Polygon","coordinates":[[[-100.359985,20.602103],[-100.359869,20.602351],[-100.359742,20.602298],[-100.35984,20.602043],[-100.359985,20.602103]]]}},{"type":"Feature","properties":{"nombre":"714"},"geometry":{"type":"Polygon","coordinates":[[[-100.34112,20.608106],[-100.34129,20.608324],[-100.341144,20.608423],[-100.34098,20.6082],[-100.34112,20.608106]]]}},{"type":"Feature","properties":{"nombre":"714"},"geometry":{"type":"Polygon","coordinates":[[[-100.342466,20.607123],[-100.342811,20.606886],[-100.342975,20.607108],[-100.342646,20.607335],[-100.342276,20.607607],[-100.342103,20.607391],[-100.342466,20.607123]]]}},{"type":"Feature","properties":{"LINEA PP":"B","LINEA  ACTUAL":"B","OTORGANTE":"IGNACIO RAMIREZ Y TIBURCIA LOPEZ","PDF TITULO":"SI","ESTADO":"QUERETARO","MUNICIPIO":"LA CANADA","KM INI. FISICO":"265+242.57\n265+289.77                       265+464.77","KM FIN. FISICO":"265+266.77\n265+311.27                          265+489.77","KM INI. DOCUMENTAL":"265+372.49\n265+420.29                       265+595.29","KM FIN. DOCUMENTAL":"265+396.29\n265+441.79                          265+620.29","SUPERFICIE":"2121","ANCHO D.V. L.D.":"15","ANCHO D.V. L.I.":"15","DATOS REGISTRALES":"ESCRITURA PUBLICA DE COMPRAVENTA DE 30 DE ENERO DE 1903, INSCRITA EN RPP DEL EDO DE QUERETARO.","OBSERVACIONES":"EL TITULO AMPARA 4 FRACCIONES SIENDO UTILES PARA PARA EL PROYECTO, LAS FRACCIONES 2, 3 Y 4","nombre":"716"},"geometry":{"type":"Polygon","coordinates":[[[-100.341536,20.6078],[-100.341716,20.608012],[-100.341541,20.608149],[-100.341357,20.60794],[-100.341536,20.6078]]]}},{"type":"Feature","properties":{"LINEA PP":"B","LINEA  ACTUAL":"B","OTORGANTE":"IGNACIO RAMIREZ Y TIBURCIA LOPEZ","PDF TITULO":"SI","ESTADO":"QUERETARO","MUNICIPIO":"LA CANADA","KM INI. FISICO":"265+242.57\n265+289.77                       265+464.77","KM FIN. FISICO":"265+266.77\n265+311.27                          265+489.77","KM INI. DOCUMENTAL":"265+372.49\n265+420.29                       265+595.29","KM FIN. DOCUMENTAL":"265+396.29\n265+441.79                          265+620.29","SUPERFICIE":"2121","ANCHO D.V. L.D.":"15","ANCHO D.V. L.I.":"15","DATOS REGISTRALES":"ESCRITURA PUBLICA DE COMPRAVENTA DE 30 DE ENERO DE 1903, INSCRITA EN RPP DEL EDO DE QUERETARO.","OBSERVACIONES":"EL TITULO AMPARA 4 FRACCIONES SIENDO UTILES PARA PARA EL PROYECTO, LAS FRACCIONES 2, 3 Y 4","nombre":"716"},"geometry":{"type":"Polygon","coordinates":[[[-100.362479,20.603495],[-100.362337,20.603731],[-100.362137,20.603634],[-100.362267,20.603392],[-100.362479,20.603495]]]}},{"type":"Feature","properties":{"LINEA PP":"B","LINEA  ACTUAL":"B","OTORGANTE":"IGNACIO RAMIREZ Y TIBURCIA LOPEZ","PDF TITULO":"SI","ESTADO":"QUERETARO","MUNICIPIO":"LA CANADA","KM INI. FISICO":"265+242.57\n265+289.77                       265+464.77","KM FIN. FISICO":"265+266.77\n265+311.27                          265+489.77","KM INI. DOCUMENTAL":"265+372.49\n265+420.29                       265+595.29","KM FIN. DOCUMENTAL":"265+396.29\n265+441.79                          265+620.29","SUPERFICIE":"2121","ANCHO D.V. L.D.":"15","ANCHO D.V. L.I.":"15","DATOS REGISTRALES":"ESCRITURA PUBLICA DE COMPRAVENTA DE 30 DE ENERO DE 1903, INSCRITA EN RPP DEL EDO DE QUERETARO.","OBSERVACIONES":"EL TITULO AMPARA 4 FRACCIONES SIENDO UTILES PARA PARA EL PROYECTO, LAS FRACCIONES 2, 3 Y 4","nombre":"716"},"geometry":{"type":"Polygon","coordinates":[[[-100.362656,20.603577],[-100.362835,20.603658],[-100.362752,20.603917],[-100.362557,20.603832],[-100.362656,20.603577]]]}},{"type":"Feature","properties":{"LINEA PP":"B","LINEA  ACTUAL":"B","OTORGANTE":"IGNACIO RAMIREZ Y TIBURCIA LOPEZ","PDF TITULO":"SI","ESTADO":"QUERETARO","MUNICIPIO":"LA CANADA","KM INI. FISICO":"265+242.57\n265+289.77                       265+464.77","KM FIN. FISICO":"265+266.77\n265+311.27                          265+489.77","KM INI. DOCUMENTAL":"265+372.49\n265+420.29                       265+595.29","KM FIN. DOCUMENTAL":"265+396.29\n265+441.79                          265+620.29","SUPERFICIE":"2121","ANCHO D.V. L.D.":"15","ANCHO D.V. L.I.":"15","DATOS REGISTRALES":"ESCRITURA PUBLICA DE COMPRAVENTA DE 30 DE ENERO DE 1903, INSCRITA EN RPP DEL EDO DE QUERETARO.","OBSERVACIONES":"EL TITULO AMPARA 4 FRACCIONES SIENDO UTILES PARA PARA EL PROYECTO, LAS FRACCIONES 2, 3 Y 4","nombre":"716"},"geometry":{"type":"Polygon","coordinates":[[[-100.364209,20.604038],[-100.364455,20.604073],[-100.364428,20.604343],[-100.364199,20.604312],[-100.364209,20.604038]]]}},{"type":"Feature","properties":{"nombre":"719"},"geometry":{"type":"Polygon","coordinates":[[[-100.34313,20.606687],[-100.34328,20.606918],[-100.343231,20.606947],[-100.343081,20.606715],[-100.34313,20.606687]]]}},{"type":"Feature","properties":{"nombre":"719"},"geometry":{"type":"Polygon","coordinates":[[[-100.343258,20.606614],[-100.343381,20.60686],[-100.343344,20.60688],[-100.343196,20.606648],[-100.343258,20.606614]]]}},{"type":"Feature","properties":{"nombre":"726"},"geometry":{"type":"Polygon","coordinates":[[[-100.343744,20.606374],[-100.343785,20.606357],[-100.343927,20.606593],[-100.343863,20.606621],[-100.343744,20.606374]]]}},{"type":"Feature","properties":{"nombre":"726"},"geometry":{"type":"Polygon","coordinates":[[[-100.346644,20.605656],[-100.346701,20.605923],[-100.346613,20.605945],[-100.346553,20.60568],[-100.346644,20.605656]]]}},{"type":"Feature","properties":{"nombre":"727"},"geometry":{"type":"Polygon","coordinates":[[[-100.343785,20.606357],[-100.343858,20.606327],[-100.343968,20.606577],[-100.343927,20.606593],[-100.343785,20.606357]]]}},{"type":"Feature","properties":{"nombre":"727"},"geometry":{"type":"Polygon","coordinates":[[[-100.346964,20.605581],[-100.347059,20.60556],[-100.347124,20.605824],[-100.347032,20.605844],[-100.346964,20.605581]]]}},{"type":"Feature","properties":{"nombre":"732"},"geometry":{"type":"Polygon","coordinates":[[[-100.344611,20.60607],[-100.34468,20.606333],[-100.344586,20.606362],[-100.344494,20.606105],[-100.344611,20.60607]]]}},{"type":"Feature","properties":{"nombre":"732"},"geometry":{"type":"Polygon","coordinates":[[[-100.345545,20.60587],[-100.345611,20.605858],[-100.345668,20.606124],[-100.345602,20.606136],[-100.345545,20.60587]]]}},{"type":"Feature","properties":{"LINEA PP":"B","OTORGANTE":"HEREDEROS DE MIGUEL LUNA","PDF TITULO":"SI","ESTADO":"QUERETARO","MUNICIPIO":"CANADA","KM INI. FISICO":"263+670.40","KM FIN. FISICO":"263+685.60","KM INI. DOCUMENTAL":"263+509.59\n263+844.59","KM FIN. DOCUMENTAL":"263+515.49\n263+859.79","SUPERFICIE":"177.00\n456.00","ANCHO D.V. L.D.":"15","ANCHO D.V. L.I.":"15","DATOS REGISTRALES":"ESCRITURA PUBLICA DE COMPRAVENTA NO. 117, DE FECHA 18 DE NOVIEMBRE DE 1902, SE TOMA RAZON BAJO EL NO. 1263, INSCRIPCION 1215, A FOJA 184, LIBRO 6, DE FECHA 17 DE ABRIL DE 1903.","OBSERVACIONES":"EL TITULO AMPARA 2 FRACCIONES DE LAS CUALES SOLO ES DE INTERES LA SEGUNDA FRACCION CON UNA SUPERCIE DE 456 M2.","nombre":"735"},"geometry":{"type":"Polygon","coordinates":[[[-100.34845,20.605046],[-100.34857,20.604977],[-100.348724,20.605206],[-100.348595,20.60528],[-100.34845,20.605046]]]}},{"type":"Feature","properties":{"LINEA PP":"B","OTORGANTE":"HEREDEROS DE MIGUEL LUNA","PDF TITULO":"SI","ESTADO":"QUERETARO","MUNICIPIO":"CANADA","KM INI. FISICO":"263+670.40","KM FIN. FISICO":"263+685.60","KM INI. DOCUMENTAL":"263+509.59\n263+844.59","KM FIN. DOCUMENTAL":"263+515.49\n263+859.79","SUPERFICIE":"177.00\n456.00","ANCHO D.V. L.D.":"15","ANCHO D.V. L.I.":"15","DATOS REGISTRALES":"ESCRITURA PUBLICA DE COMPRAVENTA NO. 117, DE FECHA 18 DE NOVIEMBRE DE 1902, SE TOMA RAZON BAJO EL NO. 1263, INSCRIPCION 1215, A FOJA 184, LIBRO 6, DE FECHA 17 DE ABRIL DE 1903.","OBSERVACIONES":"EL TITULO AMPARA 2 FRACCIONES DE LAS CUALES SOLO ES DE INTERES LA SEGUNDA FRACCION CON UNA SUPERCIE DE 456 M2.","nombre":"735"},"geometry":{"type":"Polygon","coordinates":[[[-100.345542,20.606147],[-100.345489,20.606158],[-100.345429,20.605893],[-100.345487,20.605881],[-100.345542,20.606147]]]}},{"type":"Feature","properties":{"LINEA PP":"B","LINEA  ACTUAL":"B","OTORGANTE":"JOSE PERALES","PDF TITULO":"SI","ESTADO":"QUERETARO","MUNICIPIO":"CANADA","KM INI. FISICO":"263+581.10","KM FIN. FISICO":"263+590.60","KM INI. DOCUMENTAL":"263+683.79\n263+713.29\n265+755.29\n265+851.74","KM FIN. DOCUMENTAL":"263+691.79\n263+733.79\n263+764.79\n265+896.99","SUPERFICIE":"240\n615\n285\n745.80","ANCHO D.V. L.D.":"15.00\n15.00\n15.00\n15.00","ANCHO D.V. L.I.":"15.00\n15.00\n15.00\nIRREGULAR","DATOS REGISTRALES":"ESCRITURA PUBLICA DE COMPRAVENTA, DE FECHA 04 DE FEBRERO DE 1903, INSCRITA EN EL REGISTRO PUBLICO DE QUERETARO,  TOMA DE RAZON BAJO 1376, INSCRIPCION BAJO EL NO. 1328, A FOJA 165, LIBRO 7, LIBRO 1, DE FECHA 08 DE JULIO DE 1903.","OBSERVACIONES":"EL TITULO AMPARA 4 FRACCIONES DE LAS CUALES SOLO ES DE INTERES LA TERCERA FRACCION CON UNA SUPERCIE DE 285 M2.","nombre":"745"},"geometry":{"type":"Polygon","coordinates":[[[-100.347779,20.605346],[-100.347885,20.605598],[-100.3478,20.60563],[-100.347694,20.605378],[-100.347779,20.605346]]]}},{"type":"Feature","properties":{"LINEA PP":"B","LINEA  ACTUAL":"B","OTORGANTE":"JOSE PERALES","PDF TITULO":"SI","ESTADO":"QUERETARO","MUNICIPIO":"CANADA","KM INI. FISICO":"263+581.10","KM FIN. FISICO":"263+590.60","KM INI. DOCUMENTAL":"263+683.79\n263+713.29\n265+755.29\n265+851.74","KM FIN. DOCUMENTAL":"263+691.79\n263+733.79\n263+764.79\n265+896.99","SUPERFICIE":"240\n615\n285\n745.80","ANCHO D.V. L.D.":"15.00\n15.00\n15.00\n15.00","ANCHO D.V. L.I.":"15.00\n15.00\n15.00\nIRREGULAR","DATOS REGISTRALES":"ESCRITURA PUBLICA DE COMPRAVENTA, DE FECHA 04 DE FEBRERO DE 1903, INSCRITA EN EL REGISTRO PUBLICO DE QUERETARO,  TOMA DE RAZON BAJO 1376, INSCRIPCION BAJO EL NO. 1328, A FOJA 165, LIBRO 7, LIBRO 1, DE FECHA 08 DE JULIO DE 1903.","OBSERVACIONES":"EL TITULO AMPARA 4 FRACCIONES DE LAS CUALES SOLO ES DE INTERES LA TERCERA FRACCION CON UNA SUPERCIE DE 285 M2.","nombre":"745"},"geometry":{"type":"Polygon","coordinates":[[[-100.347129,20.605543],[-100.347202,20.605805],[-100.347124,20.605824],[-100.347059,20.60556],[-100.347129,20.605543]]]}},{"type":"Feature","properties":{"LINEA PP":"B","LINEA  ACTUAL":"B","OTORGANTE":"JOSE PERALES","PDF TITULO":"SI","ESTADO":"QUERETARO","MUNICIPIO":"CANADA","KM INI. FISICO":"263+581.10","KM FIN. FISICO":"263+590.60","KM INI. DOCUMENTAL":"263+683.79\n263+713.29\n265+755.29\n265+851.74","KM FIN. DOCUMENTAL":"263+691.79\n263+733.79\n263+764.79\n265+896.99","SUPERFICIE":"240\n615\n285\n745.80","ANCHO D.V. L.D.":"15.00\n15.00\n15.00\n15.00","ANCHO D.V. L.I.":"15.00\n15.00\n15.00\nIRREGULAR","DATOS REGISTRALES":"ESCRITURA PUBLICA DE COMPRAVENTA, DE FECHA 04 DE FEBRERO DE 1903, INSCRITA EN EL REGISTRO PUBLICO DE QUERETARO,  TOMA DE RAZON BAJO 1376, INSCRIPCION BAJO EL NO. 1328, A FOJA 165, LIBRO 7, LIBRO 1, DE FECHA 08 DE JULIO DE 1903.","OBSERVACIONES":"EL TITULO AMPARA 4 FRACCIONES DE LAS CUALES SOLO ES DE INTERES LA TERCERA FRACCION CON UNA SUPERCIE DE 285 M2.","nombre":"745"},"geometry":{"type":"Polygon","coordinates":[[[-100.347509,20.60544],[-100.347597,20.605698],[-100.347402,20.605756],[-100.347329,20.605494],[-100.347509,20.60544]]]}},{"type":"Feature","properties":{"LINEA PP":"B","LINEA  ACTUAL":"B","OTORGANTE":"JOSE PERALES","PDF TITULO":"SI","ESTADO":"QUERETARO","MUNICIPIO":"CANADA","KM INI. FISICO":"263+581.10","KM FIN. FISICO":"263+590.60","KM INI. DOCUMENTAL":"263+683.79\n263+713.29\n265+755.29\n265+851.74","KM FIN. DOCUMENTAL":"263+691.79\n263+733.79\n263+764.79\n265+896.99","SUPERFICIE":"240\n615\n285\n745.80","ANCHO D.V. L.D.":"15.00\n15.00\n15.00\n15.00","ANCHO D.V. L.I.":"15.00\n15.00\n15.00\nIRREGULAR","DATOS REGISTRALES":"ESCRITURA PUBLICA DE COMPRAVENTA, DE FECHA 04 DE FEBRERO DE 1903, INSCRITA EN EL REGISTRO PUBLICO DE QUERETARO,  TOMA DE RAZON BAJO 1376, INSCRIPCION BAJO EL NO. 1328, A FOJA 165, LIBRO 7, LIBRO 1, DE FECHA 08 DE JULIO DE 1903.","OBSERVACIONES":"EL TITULO AMPARA 4 FRACCIONES DE LAS CUALES SOLO ES DE INTERES LA TERCERA FRACCION CON UNA SUPERCIE DE 285 M2.","nombre":"745"},"geometry":{"type":"Polygon","coordinates":[[[-100.367042,20.604073],[-100.36711,20.604336],[-100.366677,20.604425],[-100.366627,20.604158],[-100.367042,20.604073]]]}},{"type":"Feature","properties":{"LINEA PP":"B","LINEA  ACTUAL":"B","OTORGANTE":"PASCUAL RAMIREZ","PDF TITULO":"SI","ESTADO":"QUERETARO","MUNICIPIO":"CANADA","KM INI. FISICO":"263+650.60\n263+685.60","KM FIN. FISICO":"263+670.40\n263+685.60","KM INI. DOCUMENTAL":"263+824.79\n263+859.79","KM FIN. DOCUMENTAL":"263+844.59\n263+937.29","SUPERFICIE":"594.00\n2325.00","ANCHO D.V. L.D.":"15","ANCHO D.V. L.I.":"15","DATOS REGISTRALES":"ESCRITURA PUBLICA DE COMPRAVENTA NO. 112, DE FECHA 11 DE NOVIEMBRE DE 1902, SE TOMA RAZON BAJO EL NO. 1222, INSCRIPCION 1174, A FOJA 129, LIBRO 6, DE FECHA 14 DE MARZO DE 1903.","nombre":"752"},"geometry":{"type":"Polygon","coordinates":[[[-100.34845,20.605046],[-100.348595,20.60528],[-100.348432,20.60537],[-100.348285,20.605137],[-100.34845,20.605046]]]}},{"type":"Feature","properties":{"LINEA PP":"B","LINEA  ACTUAL":"B","OTORGANTE":"PASCUAL RAMIREZ","PDF TITULO":"SI","ESTADO":"QUERETARO","MUNICIPIO":"CANADA","KM INI. FISICO":"263+650.60\n263+685.60","KM FIN. FISICO":"263+670.40\n263+685.60","KM INI. DOCUMENTAL":"263+824.79\n263+859.79","KM FIN. DOCUMENTAL":"263+844.59\n263+937.29","SUPERFICIE":"594.00\n2325.00","ANCHO D.V. L.D.":"15","ANCHO D.V. L.I.":"15","DATOS REGISTRALES":"ESCRITURA PUBLICA DE COMPRAVENTA NO. 112, DE FECHA 11 DE NOVIEMBRE DE 1902, SE TOMA RAZON BAJO EL NO. 1222, INSCRIPCION 1174, A FOJA 129, LIBRO 6, DE FECHA 14 DE MARZO DE 1903.","nombre":"752"},"geometry":{"type":"Polygon","coordinates":[[[-100.349183,20.604599],[-100.349354,20.604816],[-100.348724,20.605206],[-100.34857,20.604977],[-100.349183,20.604599]]]}},{"type":"Feature","properties":{"LINEA PP":"B","LINEA  ACTUAL":"B","OTORGANTE":"JOSE MARIA GUZMAN GONZALEZ","PDF TITULO":"SI","ESTADO":"QUERETARO","MUNICIPIO":"DE LA CANADA","KM INI. FISICO":"264+005.10\n264+145.60","KM FIN. FISICO":"264+108.60\n264+171.60","KM INI. DOCUMENTAL":"264+224.29\n264+293.79","KM FIN. DOCUMENTAL":"224+256.79\n264+319.79","SUPERFICIE":"1755","ANCHO D.V. L.D.":"15","ANCHO D.V. L.I.":"15","DATOS REGISTRALES":"ESCRITURA PUBLICA DE COMPRAVENTA DE 29 DE NOVIEMBRE DE 1902, INSCRITA EN EL RPP DEL ESTADO DE QUERETARO BAJO EL NUMERO 1221, FOJAS 198 LIBRO 6 EL 14 DE MARZO DE 1903","nombre":"756"},"geometry":{"type":"Polygon","coordinates":[[[-100.35157,20.603279],[-100.35207,20.603031],[-100.352203,20.603271],[-100.35171,20.603516],[-100.35157,20.603279]]]}},{"type":"Feature","properties":{"LINEA PP":"B","LINEA  ACTUAL":"B","OTORGANTE":"JOSE MARIA GUZMAN GONZALEZ","PDF TITULO":"SI","ESTADO":"QUERETARO","MUNICIPIO":"DE LA CANADA","KM INI. FISICO":"264+005.10\n264+145.60","KM FIN. FISICO":"264+108.60\n264+171.60","KM INI. DOCUMENTAL":"264+224.29\n264+293.79","KM FIN. DOCUMENTAL":"224+256.79\n264+319.79","SUPERFICIE":"1755","ANCHO D.V. L.D.":"15","ANCHO D.V. L.I.":"15","DATOS REGISTRALES":"ESCRITURA PUBLICA DE COMPRAVENTA DE 29 DE NOVIEMBRE DE 1902, INSCRITA EN EL RPP DEL ESTADO DE QUERETARO BAJO EL NUMERO 1221, FOJAS 198 LIBRO 6 EL 14 DE MARZO DE 1903","nombre":"756"},"geometry":{"type":"Polygon","coordinates":[[[-100.352383,20.602875],[-100.352607,20.602768],[-100.352739,20.603009],[-100.352517,20.603115],[-100.352383,20.602875]]]}},{"type":"Feature","properties":{"LINEA PP":"B","LINEA  ACTUAL":"B","OTORGANTE":"SABINA VAZQUEZ","PDF TITULO":"SI","ESTADO":"QUERETARO","MUNICIPIO":"LA CANADA","KM INI. FISICO":"264+771.37","KM FIN. FISICO":"264+789.37","KM INI. DOCUMENTAL":"264+900.79","KM FIN. DOCUMENTAL":"264+917.79","SUPERFICIE":"306","ANCHO D.V. L.D.":"IRREGULAR","ANCHO D.V. L.I.":"15","DATOS REGISTRALES":"ESCRITURA PUBLICA DE COMPRAVENTA DE 24 DE SEPTIEMBRE 1902, INSCRITA EN RPP DEL EDO DE QUERETARO, BAJO EL NUMERO 1146, A FOJA 44, LIBRO 6, DE FECHA 16 DE DICIEMBRE DE 1902.","OBSERVACIONES":"EL ANCHO DEL DERECHO DE VIA SE OBTUVO DEL PLANO","nombre":"770"},"geometry":{"type":"Polygon","coordinates":[[[-100.358397,20.601746],[-100.358379,20.60188],[-100.358298,20.60187],[-100.358279,20.602004],[-100.358189,20.601993],[-100.358208,20.601859],[-100.358226,20.601724],[-100.358397,20.601746]]]}},{"type":"Feature","properties":{"LINEA PP":"B","LINEA  ACTUAL":"B","OTORGANTE":"BRUNO MARTINEZ Y MARIA JESUS RICO","PDF TITULO":"SI","ESTADO":"QUERETARO","MUNICIPIO":"LA CANADA","KM INI. FISICO":"264+894.87","KM FIN. FISICO":"264+920.67","KM INI. DOCUMENTAL":"265+022.79","KM FIN. DOCUMENTAL":"265+048.59","SUPERFICIE":"245","ANCHO D.V. L.D.":"15","ANCHO D.V. L.I.":"IRREGULAR","DATOS REGISTRALES":"ESCRITURA PUBLICA DE COMPRAVENTA DE 08  DE OCTUBRE DE 1903, INSCRITA EN RPP DEL EDO DE QUERETARO, BAJO EL NUMERO 1371, A FOJA 152, LIBRO 7,  DE FECHA 18 DE JUNIO DE 1903.","OBSERVACIONES":"EL ANCHO DEL DERECHO DE VIA SE OBTUVO DEL PLANO","nombre":"788"},"geometry":{"type":"Polygon","coordinates":[[[-100.359397,20.602056],[-100.359524,20.602091],[-100.359488,20.602221],[-100.35937,20.602193],[-100.359257,20.602168],[-100.359285,20.602034],[-100.359397,20.602056],[-100.35937,20.602193],[-100.359397,20.602056]]]}},{"type":"Feature","properties":{"LINEA PP":"B","LINEA  ACTUAL":"B","OTORGANTE":"IGNACIO GALVAN","PDF TITULO":"SI","ESTADO":"QUERETARO","MUNICIPIO":"LA CANADA","KM INI. FISICO":"264+920.67\n264+965.37","KM FIN. FISICO":"264+929.37\n264+987.37","KM INI. DOCUMENTAL":"265+048.59\n265+093.29","KM FIN. DOCUMENTAL":"265+057.29\n265+115.29","SUPERFICIE":"330.00\n130.00","ANCHO D.V. L.D.":"0.00\n15.00","ANCHO D.V. L.I.":"15.00\n15.00","DATOS REGISTRALES":"ESCRITURA PUBLICA DE COMPRAVENTA DE 25  DE SEPTIEMBRE  DE 1902, INSCRITA EN RPP DEL EDO DE QUERETARO, BAJO EL NUMERO 1149, A FOJA 47, LIBRO 6,  DE FECHA 26 DE DICIEMBRE DE 1902.","OBSERVACIONES":"EL ANCHO DEL DERECHO DE VIA SE OBTUVO DEL PLANO","nombre":"789"},"geometry":{"type":"Polygon","coordinates":[[[-100.359651,20.601987],[-100.359604,20.602113],[-100.359524,20.602091],[-100.359561,20.601959],[-100.359651,20.601987]]]}},{"type":"Feature","properties":{"LINEA PP":"B","LINEA  ACTUAL":"B","OTORGANTE":"IGNACIO GALVAN","PDF TITULO":"SI","ESTADO":"QUERETARO","MUNICIPIO":"LA CANADA","KM INI. FISICO":"264+920.67\n264+965.37","KM FIN. FISICO":"264+929.37\n264+987.37","KM INI. DOCUMENTAL":"265+048.59\n265+093.29","KM FIN. DOCUMENTAL":"265+057.29\n265+115.29","SUPERFICIE":"330.00\n130.00","ANCHO D.V. L.D.":"0.00\n15.00","ANCHO D.V. L.I.":"15.00\n15.00","DATOS REGISTRALES":"ESCRITURA PUBLICA DE COMPRAVENTA DE 25  DE SEPTIEMBRE  DE 1902, INSCRITA EN RPP DEL EDO DE QUERETARO, BAJO EL NUMERO 1149, A FOJA 47, LIBRO 6,  DE FECHA 26 DE DICIEMBRE DE 1902.","OBSERVACIONES":"EL ANCHO DEL DERECHO DE VIA SE OBTUVO DEL PLANO","nombre":"789"},"geometry":{"type":"Polygon","coordinates":[[[-100.36018,20.602187],[-100.360057,20.602432],[-100.359869,20.602351],[-100.359985,20.602103],[-100.36018,20.602187]]]}},{"type":"Feature","properties":{"LINEA PP":"B","LINEA  ACTUAL":"B","OTORGANTE":"ESTEBAN LOPEZ","PDF TITULO":"SI","ESTADO":"QUERETARO","MUNICIPIO":"LA CANADA","KM INI. FISICO":"265+216.37\n265+266.77\n265+489.77","KM FIN. FISICO":"265+242.57\n265+289.77\n265+512.77","KM INI. DOCUMENTAL":"265+347.29\n265+396.29\n265+620.29","KM FIN. DOCUMENTAL":"265+372.49\n265+420.29\n265+643.29","SUPERFICIE":"2166","ANCHO D.V. L.D.":"15","ANCHO D.V. L.I.":"15","DATOS REGISTRALES":"ESCRITURA PUBLICA DE COMPRAVENTA DE 25 DE MAYO DE 1903, INSCRITA EN RPP DEL EDO DE QUERETARO.","OBSERVACIONES":"EL TITULO AMPARA 3 FRACCIONES SIENDO UTILES PARA PARA EL PROYECTO LAS 3 FRACCIONES","nombre":"799"},"geometry":{"type":"Polygon","coordinates":[[[-100.362044,20.603281],[-100.362267,20.603392],[-100.362137,20.603634],[-100.361915,20.603523],[-100.362044,20.603281]]]}},{"type":"Feature","properties":{"LINEA PP":"B","LINEA  ACTUAL":"B","OTORGANTE":"ESTEBAN LOPEZ","PDF TITULO":"SI","ESTADO":"QUERETARO","MUNICIPIO":"LA CANADA","KM INI. FISICO":"265+216.37\n265+266.77\n265+489.77","KM FIN. FISICO":"265+242.57\n265+289.77\n265+512.77","KM INI. DOCUMENTAL":"265+347.29\n265+396.29\n265+620.29","KM FIN. DOCUMENTAL":"265+372.49\n265+420.29\n265+643.29","SUPERFICIE":"2166","ANCHO D.V. L.D.":"15","ANCHO D.V. L.I.":"15","DATOS REGISTRALES":"ESCRITURA PUBLICA DE COMPRAVENTA DE 25 DE MAYO DE 1903, INSCRITA EN RPP DEL EDO DE QUERETARO.","OBSERVACIONES":"EL TITULO AMPARA 3 FRACCIONES SIENDO UTILES PARA PARA EL PROYECTO LAS 3 FRACCIONES","nombre":"799"},"geometry":{"type":"Polygon","coordinates":[[[-100.362656,20.603577],[-100.362557,20.603832],[-100.362337,20.603731],[-100.362479,20.603495],[-100.362656,20.603577]]]}},{"type":"Feature","properties":{"LINEA PP":"B","LINEA  ACTUAL":"B","OTORGANTE":"ESTEBAN LOPEZ","PDF TITULO":"SI","ESTADO":"QUERETARO","MUNICIPIO":"LA CANADA","KM INI. FISICO":"265+216.37\n265+266.77\n265+489.77","KM FIN. FISICO":"265+242.57\n265+289.77\n265+512.77","KM INI. DOCUMENTAL":"265+347.29\n265+396.29\n265+620.29","KM FIN. DOCUMENTAL":"265+372.49\n265+420.29\n265+643.29","SUPERFICIE":"2166","ANCHO D.V. L.D.":"15","ANCHO D.V. L.I.":"15","DATOS REGISTRALES":"ESCRITURA PUBLICA DE COMPRAVENTA DE 25 DE MAYO DE 1903, INSCRITA EN RPP DEL EDO DE QUERETARO.","OBSERVACIONES":"EL TITULO AMPARA 3 FRACCIONES SIENDO UTILES PARA PARA EL PROYECTO LAS 3 FRACCIONES","nombre":"799"},"geometry":{"type":"Polygon","coordinates":[[[-100.364677,20.604099],[-100.364643,20.604368],[-100.364428,20.604343],[-100.364455,20.604073],[-100.364677,20.604099]]]}},{"type":"Feature","properties":{"LINEA PP":"B","LINEA  ACTUAL":"B","OTORGANTE":"JOSE MA. RIVERA","PDF TITULO":"SI","ESTADO":"QUERETARO","MUNICIPIO":"CENTRO","KM INI. FISICO":"266+625.02\n267+655.02","KM FIN. FISICO":"267+185.02\n267+922.02","KM INI. DOCUMENTAL":"266+747.29\n267+777.29","KM FIN. DOCUMENTAL":"267+307.29\n268+044.29","SUPERFICIE":"16230.00\n6608.00","ANCHO D.V. L.D.":"IRREGULAR","ANCHO D.V. L.I.":"IRREGULAR","DATOS REGISTRALES":"CONTRATO PRIVADO DE COMPRAVENTA DE 31 DE MAYO DE 1905, INSCRITO EN EL RPP DEL ESTADO DE QUERETARO, BAJO EL NUMERO 2020, A FOJA 232, LIBRO 9, DE FECHA 6 DE JUNIO DE 1905.","nombre":"812"},"geometry":{"type":"Polygon","coordinates":[[[-100.370689,20.602953],[-100.372073,20.603024],[-100.373404,20.603263],[-100.374349,20.603431],[-100.375265,20.603563],[-100.375769,20.603582],[-100.37626,20.603871],[-100.375248,20.603833],[-100.374298,20.603698],[-100.373351,20.603529],[-100.372024,20.603291],[-100.370713,20.603223],[-100.370689,20.602953]]]}},{"type":"Feature","properties":{"LINEA PP":"B","LINEA  ACTUAL":"B","OTORGANTE":"JOSE MA. RIVERA","PDF TITULO":"SI","ESTADO":"QUERETARO","MUNICIPIO":"CENTRO","KM INI. FISICO":"266+625.02\n267+655.02","KM FIN. FISICO":"267+185.02\n267+922.02","KM INI. DOCUMENTAL":"266+747.29\n267+777.29","KM FIN. DOCUMENTAL":"267+307.29\n268+044.29","SUPERFICIE":"16230.00\n6608.00","ANCHO D.V. L.D.":"IRREGULAR","ANCHO D.V. L.I.":"IRREGULAR","DATOS REGISTRALES":"CONTRATO PRIVADO DE COMPRAVENTA DE 31 DE MAYO DE 1905, INSCRITO EN EL RPP DEL ESTADO DE QUERETARO, BAJO EL NUMERO 2020, A FOJA 232, LIBRO 9, DE FECHA 6 DE JUNIO DE 1905.","nombre":"812"},"geometry":{"type":"Polygon","coordinates":[[[-100.380547,20.603355],[-100.382958,20.602863],[-100.382988,20.603133],[-100.380387,20.603644],[-100.380547,20.603355]]]}},{"type":"Feature","properties":{"LINEA PP":"B","LINEA  ACTUAL":"B","OTORGANTE":"JOSE MA. RODRIGUEZ (V.T. 826)","PDF TITULO":"NO","ESTADO":"QUERETARO","MUNICIPIO":"CENTRO","KM INI. FISICO":"S/D","KM FIN. FISICO":"S/D","KM INI. DOCUMENTAL":"S/D","KM FIN. DOCUMENTAL":"S/D","SUPERFICIE":"S","ANCHO D.V. L.D.":"S/D","ANCHO D.V. L.I.":"S/D","DATOS REGISTRALES":"S/D","OBSERVACIONES":"FNML NO CUENTA CON TITULO PRIMORDIAL PARA ESTE TRAMO, SIN EMBARGO SE CUENTA CON UN TITULO SUPLETORIO CONSISTENTE EN LA ESCRITURA PUBLICA DE COMPRAVENTA NO 4145 DE FECHA 9 DE FEBRERO DE 1909.\nPARA ELLO, SE AGREGA EL TRASPASO DEL FERROCARRIL NACIONAL DE MEXICO CON LA DESCRIPCION Y LOS DOCUMENTOS CORRESPONDIENTES, EL CUAL FUE ADJUNTADO EN EL INFORME DEL 10 DE ENERO DE 2024.","nombre":"826"},"geometry":{"type":"Polygon","coordinates":[[[-100.384378,20.602704],[-100.384408,20.602837],[-100.383833,20.602955],[-100.383806,20.602822],[-100.383553,20.602874],[-100.383459,20.602894],[-100.383428,20.602762],[-100.384347,20.602572],[-100.384378,20.602704]]]}},{"type":"Feature","properties":{"LINEA PP":"B","LINEA  ACTUAL":"B","OTORGANTE":"ADOLFO DE LA ISLA","PDF TITULO":"SI","ESTADO":"QUERETARO","MUNICIPIO":"CENTRO","KM INI. FISICO":"268+011.02    268+095.02          268+156.52        268+189.02","KM FIN. FISICO":"268+072.02     268+110.02       268+172.52      268+203.02","KM INI. DOCUMENTAL":"268+133.2\n9268+217.29 \n268+278.29\n268+311.29","KM FIN. DOCUMENTAL":"268+194.29\n268+232.29\n268+294.29\n268+325.29","SUPERFICIE":"2120","ANCHO D.V. L.D.":"IRREGULAR","ANCHO D.V. L.I.":"10","DATOS REGISTRALES":"ESCRITURA PUBLICA DE COMPRAVENTA DEL 21  DE NOVIEMBRE DE 1902, INSCRITA EN RPP DEL EDO DE QUERETARO EL 14 DE MARZO DE 1903; BAJO EL NUMERO 1214, FOJA 20, LIBRO 6.","OBSERVACIONES":"EL ANCHO DEL DERECHO DE VIA SE OBTUVO DEL PLANO","nombre":"828"},"geometry":{"type":"Polygon","coordinates":[[[-100.384698,20.602487],[-100.384764,20.602749],[-100.384626,20.602783],[-100.384556,20.60252],[-100.384698,20.602487]]]}},{"type":"Feature","properties":{"LINEA PP":"B","LINEA  ACTUAL":"B","OTORGANTE":"ADOLFO DE LA ISLA","PDF TITULO":"SI","ESTADO":"QUERETARO","MUNICIPIO":"CENTRO","KM INI. FISICO":"268+011.02    268+095.02          268+156.52        268+189.02","KM FIN. FISICO":"268+072.02     268+110.02       268+172.52      268+203.02","KM INI. DOCUMENTAL":"268+133.2\n9268+217.29 \n268+278.29\n268+311.29","KM FIN. DOCUMENTAL":"268+194.29\n268+232.29\n268+294.29\n268+325.29","SUPERFICIE":"2120","ANCHO D.V. L.D.":"IRREGULAR","ANCHO D.V. L.I.":"10","DATOS REGISTRALES":"ESCRITURA PUBLICA DE COMPRAVENTA DEL 21  DE NOVIEMBRE DE 1902, INSCRITA EN RPP DEL EDO DE QUERETARO EL 14 DE MARZO DE 1903; BAJO EL NUMERO 1214, FOJA 20, LIBRO 6.","OBSERVACIONES":"EL ANCHO DEL DERECHO DE VIA SE OBTUVO DEL PLANO","nombre":"828"},"geometry":{"type":"Polygon","coordinates":[[[-100.385286,20.602373],[-100.385341,20.602639],[-100.385187,20.602666],[-100.385138,20.602398],[-100.385286,20.602373]]]}},{"type":"Feature","properties":{"LINEA PP":"B","LINEA  ACTUAL":"B","OTORGANTE":"ADOLFO DE LA ISLA","PDF TITULO":"SI","ESTADO":"QUERETARO","MUNICIPIO":"CENTRO","KM INI. FISICO":"268+011.02    268+095.02          268+156.52        268+189.02","KM FIN. FISICO":"268+072.02     268+110.02       268+172.52      268+203.02","KM INI. DOCUMENTAL":"268+133.2\n9268+217.29 \n268+278.29\n268+311.29","KM FIN. DOCUMENTAL":"268+194.29\n268+232.29\n268+294.29\n268+325.29","SUPERFICIE":"2120","ANCHO D.V. L.D.":"IRREGULAR","ANCHO D.V. L.I.":"10","DATOS REGISTRALES":"ESCRITURA PUBLICA DE COMPRAVENTA DEL 21  DE NOVIEMBRE DE 1902, INSCRITA EN RPP DEL EDO DE QUERETARO EL 14 DE MARZO DE 1903; BAJO EL NUMERO 1214, FOJA 20, LIBRO 6.","OBSERVACIONES":"EL ANCHO DEL DERECHO DE VIA SE OBTUVO DEL PLANO","nombre":"828"},"geometry":{"type":"Polygon","coordinates":[[[-100.385568,20.602319],[-100.385623,20.602585],[-100.385492,20.60261],[-100.385436,20.602344],[-100.385568,20.602319]]]}},{"type":"Feature","properties":{"LINEA PP":"B","LINEA  ACTUAL":"B","OTORGANTE":"MANUEL GONZALEZ","PDF TITULO":"SI","ESTADO":"QUERETARO","MUNICIPIO":"CENTRO","KM INI. FISICO":"268+072.02      268+110.02","KM FIN. FISICO":"268+095.02    268+125.52","KM INI. DOCUMENTAL":"268+194.29   268+232.29","KM FIN. DOCUMENTAL":"268+217.29     268+247.79","SUPERFICIE":"770","ANCHO D.V. L.D.":"10","ANCHO D.V. L.I.":"10","DATOS REGISTRALES":"ESCRITURA PUBLICA DE COMPRAVENTA DEL 21  DE NOVIEMBRE DE 1902, INSCRITA EN RPP DEL EDO DE QUERETARO EL 12 DE ABRIL DE 1903; BAJO EL NUMERO 1264, INSCRIPCION 1216,  FOJA 185, LIBRO 6.","OBSERVACIONES":"EL ANCHO DEL DERECHO DE VIA SE OBTUVO DEL PLANO","nombre":"829"},"geometry":{"type":"Polygon","coordinates":[[[-100.384556,20.60252],[-100.384626,20.602783],[-100.384408,20.602837],[-100.384347,20.602572],[-100.384556,20.60252]]]}},{"type":"Feature","properties":{"LINEA PP":"B","LINEA  ACTUAL":"B","OTORGANTE":"MANUEL GONZALEZ","PDF TITULO":"SI","ESTADO":"QUERETARO","MUNICIPIO":"CENTRO","KM INI. FISICO":"268+072.02      268+110.02","KM FIN. FISICO":"268+095.02    268+125.52","KM INI. DOCUMENTAL":"268+194.29   268+232.29","KM FIN. DOCUMENTAL":"268+217.29     268+247.79","SUPERFICIE":"770","ANCHO D.V. L.D.":"10","ANCHO D.V. L.I.":"10","DATOS REGISTRALES":"ESCRITURA PUBLICA DE COMPRAVENTA DEL 21  DE NOVIEMBRE DE 1902, INSCRITA EN RPP DEL EDO DE QUERETARO EL 12 DE ABRIL DE 1903; BAJO EL NUMERO 1264, INSCRIPCION 1216,  FOJA 185, LIBRO 6.","OBSERVACIONES":"EL ANCHO DEL DERECHO DE VIA SE OBTUVO DEL PLANO","nombre":"829"},"geometry":{"type":"Polygon","coordinates":[[[-100.384903,20.602718],[-100.384764,20.602749],[-100.384698,20.602487],[-100.384837,20.602454],[-100.384903,20.602718]]]}},{"type":"Feature","properties":{"LINEA PP":"B","LINEA  ACTUAL":"B","OTORGANTE":"BENIGNO MENDOZA","PDF TITULO":"SI","ESTADO":"QUERETARO","MUNICIPIO":"CENTRO","KM INI. FISICO":"268+125.52     268+172.52","KM FIN. FISICO":"268+146.52     268+189.02","KM INI. DOCUMENTAL":"268+247.79    268+294.29","KM FIN. DOCUMENTAL":"268+268.29    268+311.29","SUPERFICIE":"750","ANCHO D.V. L.D.":"10","ANCHO D.V. L.I.":"10","DATOS REGISTRALES":"ESCRITURA PUBLICA DE COMPRAVENTA DEL 02  DE DICIEMBRE DE 1902, INSCRITA EN RPP DEL EDO DE QUERETARO EL 14 DE MARZO DE 1903; BAJO EL NUMERO 1219, INSCRIPCION 1171,  FOJA 126, LIBRO 6.","nombre":"830"},"geometry":{"type":"Polygon","coordinates":[[[-100.385039,20.602416],[-100.385097,20.602681],[-100.384903,20.602718],[-100.384837,20.602454],[-100.385039,20.602416]]]}},{"type":"Feature","properties":{"LINEA PP":"B","LINEA  ACTUAL":"B","OTORGANTE":"BENIGNO MENDOZA","PDF TITULO":"SI","ESTADO":"QUERETARO","MUNICIPIO":"CENTRO","KM INI. FISICO":"268+125.52     268+172.52","KM FIN. FISICO":"268+146.52     268+189.02","KM INI. DOCUMENTAL":"268+247.79    268+294.29","KM FIN. DOCUMENTAL":"268+268.29    268+311.29","SUPERFICIE":"750","ANCHO D.V. L.D.":"10","ANCHO D.V. L.I.":"10","DATOS REGISTRALES":"ESCRITURA PUBLICA DE COMPRAVENTA DEL 02  DE DICIEMBRE DE 1902, INSCRITA EN RPP DEL EDO DE QUERETARO EL 14 DE MARZO DE 1903; BAJO EL NUMERO 1219, INSCRIPCION 1171,  FOJA 126, LIBRO 6.","nombre":"830"},"geometry":{"type":"Polygon","coordinates":[[[-100.385436,20.602344],[-100.385492,20.60261],[-100.385341,20.602639],[-100.385286,20.602373],[-100.385436,20.602344]]]}},{"type":"Feature","properties":{"LINEA PP":"B","LINEA  ACTUAL":"B","OTORGANTE":"MARCIAL PRADO","PDF TITULO":"SI","ESTADO":"QUERETARO","MUNICIPIO":"CENTRO","KM INI. FISICO":"268+343.52\n268+433.02","KM FIN. FISICO":"268+421.52\n268+546.02","KM INI. DOCUMENTAL":"268+465.79\n268+555.29","KM FIN. DOCUMENTAL":"268+543.79\n268+668.29","SUPERFICIE":"1560.00\n2260.00","ANCHO D.V. L.D.":"10","ANCHO D.V. L.I.":"10","DATOS REGISTRALES":"ESCRITURA PUBLICA DE COMPRAVENTA DE 4 DE DICIEMBRE DE 1902, INSCRITA EN EL R.P.P DEL ESTADO DE QUERETARO BAJO EL NUMERO 1210, INSCRIPCION 1170, FOJAS 125, LIBRO 6, EL 14 DE MARZO DE 1903","nombre":"835"},"geometry":{"type":"Polygon","coordinates":[[[-100.387657,20.602047],[-100.387687,20.602316],[-100.386948,20.602402],[-100.386911,20.602133],[-100.387657,20.602047]]]}},{"type":"Feature","properties":{"LINEA PP":"B","LINEA  ACTUAL":"B","OTORGANTE":"MARCIAL PRADO","PDF TITULO":"SI","ESTADO":"QUERETARO","MUNICIPIO":"CENTRO","KM INI. FISICO":"268+343.52\n268+433.02","KM FIN. FISICO":"268+421.52\n268+546.02","KM INI. DOCUMENTAL":"268+465.79\n268+555.29","KM FIN. DOCUMENTAL":"268+543.79\n268+668.29","SUPERFICIE":"1560.00\n2260.00","ANCHO D.V. L.D.":"10","ANCHO D.V. L.I.":"10","DATOS REGISTRALES":"ESCRITURA PUBLICA DE COMPRAVENTA DE 4 DE DICIEMBRE DE 1902, INSCRITA EN EL R.P.P DEL ESTADO DE QUERETARO BAJO EL NUMERO 1210, INSCRIPCION 1170, FOJAS 125, LIBRO 6, EL 14 DE MARZO DE 1903","nombre":"835"},"geometry":{"type":"Polygon","coordinates":[[[-100.388835,20.601908],[-100.388879,20.602176],[-100.387799,20.602303],[-100.387764,20.602034],[-100.388835,20.601908]]]}},{"type":"Feature","properties":{"LINEA PP":"B","LINEA  ACTUAL":"B","OTORGANTE":"MARIANO HERNANDEZ Y PANFILA IBARRA","PDF TITULO":"SI","ESTADO":"QUERETARO","MUNICIPIO":"CENTRO","KM INI. FISICO":"269+485.26                 269+753.01","KM FIN. FISICO":"269+699.26         270+052.01","KM INI. DOCUMENTAL":"269+609.53\n269+877.79","KM FIN. DOCUMENTAL":"269+824.03\n270+176.79","SUPERFICIE":"91859.12","ANCHO D.V. L.D.":"IRREGULAR","ANCHO D.V. L.I.":"IRREGULAR","DATOS REGISTRALES":"ESCRITURA PUBLICA DE COMPRAVENTA DE 21 DE NOVIEMBRE DE 1902, INSCRITA EN RPP DEL EDO DE QUERETARO, BAJO EL NUMERO 1358, INSCRIPCION 131, A FOJA 121, LIBRO 7, DE FECHA 15 DE JUNIO DE 1903.","nombre":"871"},"geometry":{"type":"Polygon","coordinates":[[[-100.399792,20.60229],[-100.398125,20.602366],[-100.398125,20.602474],[-100.397838,20.602477],[-100.397784,20.600869],[-100.397477,20.600871],[-100.397473,20.600748],[-100.399745,20.600173],[-100.400925,20.600163],[-100.4016,20.600601],[-100.403056,20.601058],[-100.403234,20.601258],[-100.404184,20.60216],[-100.401085,20.602224],[-100.399878,20.601096],[-100.399792,20.60229]]]}},{"type":"Feature","properties":{"LINEA PP":"A","LINEA  ACTUAL":"A","OTORGANTE":"REFUGIO GORIVAR DE TERREROS","PDF TITULO":"SI","ESTADO":"HIDALGO","MUNICIPIO":"HUICHAPAN","KM INI. FISICO":"FRACCION 1\n52+842.00","KM FIN. FISICO":"FRACCION 1\n62+404.00","KM INI. DOCUMENTAL":"FRACCION 1\n52+842.00","KM FIN. DOCUMENTAL":"FRACCION 1\n62+404.00","SUPERFICIE":"S/D","ANCHO D.V. L.D.":"IRREGULAR","ANCHO D.V. L.I.":"IRREGULAR","DATOS REGISTRALES":"ESCRITURA PUBLICA DE COMPRAVENTA DE 03 DE DICIEMBRE DE 1880.","OBSERVACIONES":"EL TITULO AMPARA 4 FRACCIONES, SIENDO DE INTERES PARA EL PROYECTO UNICAMENTE  LA FRACCION 1, DONDE EL TRAMO UTIL PARA EL PROYECTO ES DEL KM 52+842.000 AL 52+910.62 DE LA LINEA A","nombre":"273"},"geometry":{"type":"Polygon","coordinates":[[[-99.255569,19.889419],[-99.255107,19.889052],[-99.255403,19.889051],[-99.255888,19.889437],[-99.255569,19.889419]]]}},{"type":"Feature","properties":{"LINEA PP":"A","LINEA  ACTUAL":"A","OTORGANTE":"REFUGIO GORIVAR DE TERREROS","PDF TITULO":"SI","ESTADO":"HIDALGO","MUNICIPIO":"HUICHAPAN","KM INI. FISICO":"FRACCION 1\n52+842.00","KM FIN. FISICO":"FRACCION 1\n62+404.00","KM INI. DOCUMENTAL":"FRACCION 1\n52+842.00","KM FIN. DOCUMENTAL":"FRACCION 1\n62+404.00","SUPERFICIE":"S/D","ANCHO D.V. L.D.":"IRREGULAR","ANCHO D.V. L.I.":"IRREGULAR","DATOS REGISTRALES":"ESCRITURA PUBLICA DE COMPRAVENTA DE 03 DE DICIEMBRE DE 1880.","OBSERVACIONES":"EL TITULO AMPARA 4 FRACCIONES, SIENDO DE INTERES PARA EL PROYECTO UNICAMENTE  LA FRACCION 1, DONDE EL TRAMO UTIL PARA EL PROYECTO ES DEL KM 52+842.000 AL 52+910.62 DE LA LINEA A","nombre":"273"},"geometry":{"type":"Polygon","coordinates":[[[-99.236241,19.881211],[-99.236474,19.881391],[-99.236693,19.88154],[-99.237015,19.881762],[-99.237611,19.882165],[-99.23822,19.882569],[-99.239855,19.88369],[-99.240988,19.884457],[-99.241797,19.885006],[-99.241819,19.884977],[-99.243061,19.88582],[-99.243038,19.885849],[-99.243789,19.886359],[-99.244098,19.886571],[-99.244901,19.887114],[-99.244962,19.887033],[-99.245971,19.887718],[-99.245911,19.887781],[-99.247393,19.888773],[-99.247226,19.888994],[-99.245767,19.887991],[-99.245733,19.888035],[-99.244722,19.88735],[-99.24479,19.88726],[-99.244411,19.887002],[-99.244248,19.886892],[-99.244066,19.886767],[-99.243657,19.88649],[-99.242927,19.885996],[-99.242905,19.886025],[-99.241663,19.885182],[-99.241685,19.885153],[-99.240691,19.884474],[-99.239728,19.883817],[-99.238119,19.882727],[-99.237486,19.882298],[-99.236893,19.881895],[-99.236587,19.881691],[-99.236357,19.881538],[-99.236113,19.881351],[-99.235816,19.881111],[-99.235974,19.880958],[-99.236241,19.881211]]]}},{"type":"Feature","properties":{"LINEA PP":"A","LINEA  ACTUAL":"A","OTORGANTE":"REFUGIO GORIVAR DE TERREROS","PDF TITULO":"SI","ESTADO":"HIDALGO","MUNICIPIO":"HUICHAPAN","KM INI. FISICO":"FRACCION 1\n52+842.00","KM FIN. FISICO":"FRACCION 1\n62+404.00","KM INI. DOCUMENTAL":"FRACCION 1\n52+842.00","KM FIN. DOCUMENTAL":"FRACCION 1\n62+404.00","SUPERFICIE":"S/D","ANCHO D.V. L.D.":"IRREGULAR","ANCHO D.V. L.I.":"IRREGULAR","DATOS REGISTRALES":"ESCRITURA PUBLICA DE COMPRAVENTA DE 03 DE DICIEMBRE DE 1880.","OBSERVACIONES":"EL TITULO AMPARA 4 FRACCIONES, SIENDO DE INTERES PARA EL PROYECTO UNICAMENTE  LA FRACCION 1, DONDE EL TRAMO UTIL PARA EL PROYECTO ES DEL KM 52+842.000 AL 52+910.62 DE LA LINEA A","nombre":"273"},"geometry":{"type":"Polygon","coordinates":[[[-99.249938,19.888949],[-99.250286,19.888991],[-99.249661,19.889275],[-99.24931,19.889216],[-99.249938,19.888949]]]}},{"type":"Feature","properties":{"LINEA PP":"A","OTORGANTE":"MANUEL ITURBE","PDF TITULO":"SI","ESTADO":"HIDALGO","MUNICIPIO":"TEPEJI DEL RIO","KM INI. FISICO":"066+803.00","KM FIN. FISICO":"068+818.00","KM INI. DOCUMENTAL":"66+803.00","KM FIN. DOCUMENTAL":"68+818.00","SUPERFICIE":"48138.51","ANCHO D.V. L.D.":"IRREGULAR","ANCHO D.V. L.I.":"IRREGULAR","DATOS REGISTRALES":"CONTRATO PRIVADO DE COMPRAVENTE DE 9 DE JULIO DE 1883, SIN DATOS DE INSCRIPCION.","OBSERVACIONES":"REPORTADO EN LA ENTREGA DEL 28 DE FEBRERO DE 2025.","nombre":"274"},"geometry":{"type":"Polygon","coordinates":[[[-99.30517,19.979541],[-99.304828,19.979156],[-99.304844,19.979012],[-99.305183,19.979427],[-99.30517,19.979541]]]}},{"type":"Feature","properties":{"LINEA PP":"B","LINEA  ACTUAL":"B","OTORGANTE":"HEREDEROS DE ANTONIO OLVERA","PDF TITULO":"SI","ESTADO":"QUERETARO","MUNICIPIO":"DE LA CANADA","KM INI. FISICO":"256+835.72","KM FIN. FISICO":"258+809.32","KM INI. DOCUMENTAL":"257+013.51","KM FIN. DOCUMENTAL":"258+987.11","SUPERFICIE":"59208","ANCHO D.V. L.D.":"IRREGULAR","ANCHO D.V. L.I.":"IRREGULAR","DATOS REGISTRALES":"ESCRITURA PUBLICA DE COMPRAVENTA DE 21 DE NOVIEMBRE DE 1902, INSCRITA EN RPP DEL EDO DE QUERETARO. EL 20 DE ABRIL DE 1903, SEGUN CONSTA DEL CERTIFICADO DE ESTA FECHA.","OBSERVACIONES":"EL TITULO AMPARA 2 FRACCIONES SIENDO UTIL PARA PARA EL PROYECTO LA FRACCION 1","nombre":"582"},"geometry":{"type":"Polygon","coordinates":[[[-100.295879,20.630918],[-100.295834,20.630659],[-100.296271,20.630594],[-100.296416,20.630558],[-100.296804,20.630444],[-100.297075,20.630354],[-100.297289,20.630275],[-100.297504,20.630196],[-100.297651,20.630429],[-100.297282,20.630565],[-100.29692,20.630681],[-100.296423,20.630836],[-100.295879,20.630918]]]}}]}