{"type":"FeatureCollection","features":[{"type":"Feature","properties":{"fid":"1","Name":"POLOTITLAN","NombreNucl":"POLOTITLAN","TipoNucleo":"EJIDO","NombreMuni":"POLOTITLÁN","NombreEnti":"MÉXICO","nombre":"POLOTITLAN"},"geometry":{"type":"Polygon","coordinates":[[[-99.844533,20.268132],[-99.844083,20.268108],[-99.843495,20.268239],[-99.840984,20.268796],[-99.839537,20.268925],[-99.837066,20.269145],[-99.836173,20.269015],[-99.83553,20.268922],[-99.835173,20.268871],[-99.83474,20.268748],[-99.834552,20.268695],[-99.834128,20.268576],[-99.833524,20.268405],[-99.833135,20.268295],[-99.829816,20.267087],[-99.825667,20.265276],[-99.824524,20.263839],[-99.824534,20.263219],[-99.825266,20.262838],[-99.82833,20.262318],[-99.83048,20.262355],[-99.832749,20.262138],[-99.833589,20.260925],[-99.833787,20.260569],[-99.833889,20.259904],[-99.833671,20.259176],[-99.833302,20.25863],[-99.832552,20.257792],[-99.831737,20.25704],[-99.831805,20.256888],[-99.832115,20.256188],[-99.832689,20.254895],[-99.832993,20.25421],[-99.833272,20.253582],[-99.833786,20.252423],[-99.834312,20.251237],[-99.834636,20.250507],[-99.834978,20.249737],[-99.835342,20.248916],[-99.834212,20.245787],[-99.834045,20.245757],[-99.832176,20.245422],[-99.830781,20.245171],[-99.829092,20.244868],[-99.83044,20.242544],[-99.829956,20.24239],[-99.828012,20.241468],[-99.827801,20.241433],[-99.827066,20.241493],[-99.826683,20.241524],[-99.82565,20.241202],[-99.824468,20.240833],[-99.823329,20.24008],[-99.822119,20.23957],[-99.821527,20.239474],[-99.819752,20.239548],[-99.817582,20.240463],[-99.817299,20.240449],[-99.816009,20.239199],[-99.818948,20.236469],[-99.819273,20.236168],[-99.820205,20.235302],[-99.820897,20.23466],[-99.82142,20.234174],[-99.822182,20.233466],[-99.822946,20.232756],[-99.823116,20.232719],[-99.823131,20.232716],[-99.823196,20.232701],[-99.824099,20.232502],[-99.824119,20.232498],[-99.826128,20.232054],[-99.826147,20.23205],[-99.826224,20.232033],[-99.826338,20.232008],[-99.82886,20.231451],[-99.829736,20.231258],[-99.829763,20.231252],[-99.830511,20.231086],[-99.830802,20.231022],[-99.832375,20.230675],[-99.832578,20.23063],[-99.83286,20.230568],[-99.834092,20.230299],[-99.835362,20.230021],[-99.836502,20.229772],[-99.837695,20.229511],[-99.83919,20.229185],[-99.839226,20.229177],[-99.839483,20.228857],[-99.839511,20.228822],[-99.839741,20.228536],[-99.83986,20.228625],[-99.841908,20.230145],[-99.843127,20.231051],[-99.843343,20.23121],[-99.843797,20.231548],[-99.843767,20.231643],[-99.843329,20.233004],[-99.843297,20.233104],[-99.842228,20.236432],[-99.841692,20.238098],[-99.841343,20.239185],[-99.841206,20.23961],[-99.841269,20.23976],[-99.841771,20.240095],[-99.843552,20.241285],[-99.843772,20.241432],[-99.844558,20.241957],[-99.845065,20.242296],[-99.846043,20.242949],[-99.8466,20.243321],[-99.846927,20.243539],[-99.848044,20.244285],[-99.848571,20.244637],[-99.847774,20.245394],[-99.846565,20.246543],[-99.846117,20.246969],[-99.845255,20.247788],[-99.844346,20.248651],[-99.842072,20.24826],[-99.840828,20.248045],[-99.84092,20.248157],[-99.845867,20.253894],[-99.846026,20.254079],[-99.84627,20.254362],[-99.84817,20.256796],[-99.848315,20.256952],[-99.850068,20.258841],[-99.850727,20.259552],[-99.850832,20.259665],[-99.850985,20.25983],[-99.851924,20.260842],[-99.85433,20.263434],[-99.854396,20.263505],[-99.850578,20.262853],[-99.85163,20.265375],[-99.852076,20.266444],[-99.852256,20.266876],[-99.852416,20.267259],[-99.852487,20.26743],[-99.852142,20.267532],[-99.851678,20.267772],[-99.851053,20.26833],[-99.84898,20.269178],[-99.848487,20.269247],[-99.847756,20.269245],[-99.845459,20.268302],[-99.844533,20.268132]],[[-99.841207,20.263351],[-99.840172,20.262161],[-99.839884,20.261992],[-99.839717,20.261955],[-99.83877,20.261763],[-99.83864,20.261542],[-99.838522,20.261567],[-99.838396,20.262961],[-99.83678,20.264002],[-99.835364,20.263949],[-99.834164,20.264253],[-99.832773,20.264433],[-99.832773,20.264399],[-99.831936,20.264475],[-99.830994,20.264515],[-99.831305,20.264764],[-99.83194,20.264771],[-99.834168,20.264849],[-99.834166,20.26503],[-99.835828,20.265244],[-99.83755,20.265871],[-99.837555,20.266207],[-99.839343,20.265795],[-99.840992,20.266236],[-99.842812,20.266434],[-99.843416,20.266354],[-99.841881,20.264323],[-99.841888,20.264194],[-99.841207,20.263351]]]}},{"type":"Feature","properties":{"fid":"2","Name":"SAN JUAN ZITLALTEPEC","NombreNucl":"SAN JUAN ZITLALTEPEC","TipoNucleo":"EJIDO","NombreMuni":"ZUMPANGO","NombreEnti":"MÉXICO","nombre":"SAN JUAN ZITLALTEPEC"},"geometry":{"type":"Polygon","coordinates":[[[-99.151116,19.858037],[-99.146504,19.852578],[-99.145848,19.852184],[-99.144955,19.851647],[-99.142886,19.850402],[-99.14239,19.850104],[-99.144241,19.844144],[-99.144958,19.840501],[-99.146558,19.835983],[-99.144476,19.829477],[-99.143873,19.827592],[-99.143479,19.826362],[-99.155023,19.82527],[-99.15839,19.825082],[-99.158571,19.825072],[-99.161375,19.824915],[-99.161254,19.821263],[-99.161043,19.814855],[-99.161012,19.813921],[-99.161006,19.813741],[-99.160996,19.813445],[-99.160996,19.813441],[-99.160984,19.81327],[-99.16096,19.812922],[-99.160955,19.812851],[-99.160944,19.812701],[-99.160933,19.812538],[-99.160923,19.812392],[-99.160918,19.812326],[-99.160894,19.811977],[-99.160876,19.811718],[-99.160871,19.811654],[-99.160857,19.811451],[-99.160847,19.811315],[-99.160844,19.81127],[-99.160827,19.811027],[-99.160822,19.810953],[-99.160811,19.8108],[-99.160793,19.810533],[-99.160787,19.810454],[-99.160769,19.810198],[-99.160767,19.810163],[-99.16075,19.809919],[-99.160738,19.809749],[-99.160719,19.809469],[-99.160628,19.808167],[-99.160268,19.803018],[-99.160247,19.802713],[-99.160782,19.802446],[-99.161171,19.802251],[-99.161533,19.80207],[-99.161688,19.801993],[-99.162402,19.801636],[-99.162594,19.80154],[-99.162922,19.801376],[-99.163402,19.801137],[-99.163806,19.800934],[-99.16398,19.800847],[-99.165832,19.800366],[-99.168205,19.799982],[-99.168293,19.800013],[-99.170589,19.799606],[-99.173275,19.798838],[-99.176584,19.797059],[-99.176773,19.796778],[-99.176793,19.796747],[-99.177631,19.795495],[-99.17777,19.795288],[-99.17751,19.795051],[-99.176853,19.794451],[-99.178429,19.793888],[-99.178455,19.793879],[-99.178766,19.793767],[-99.179027,19.793674],[-99.180023,19.793318],[-99.180178,19.793266],[-99.180355,19.793206],[-99.180351,19.793275],[-99.180331,19.793612],[-99.180285,19.794392],[-99.18028,19.794469],[-99.180277,19.794531],[-99.180354,19.794572],[-99.181135,19.794986],[-99.182823,19.795882],[-99.183675,19.796334],[-99.18456,19.796803],[-99.186279,19.797714],[-99.186309,19.79773],[-99.187197,19.798201],[-99.18895,19.799131],[-99.188996,19.799155],[-99.189875,19.799621],[-99.189904,19.799637],[-99.190288,19.79984],[-99.190443,19.799917],[-99.193167,19.81001],[-99.193583,19.811983],[-99.1933,19.81175],[-99.193166,19.81164],[-99.192985,19.811491],[-99.192265,19.810899],[-99.191541,19.810304],[-99.191521,19.810288],[-99.190798,19.809693],[-99.190074,19.809098],[-99.190047,19.809076],[-99.189688,19.80878],[-99.189622,19.808895],[-99.189558,19.809009],[-99.188673,19.810567],[-99.186396,19.814575],[-99.186358,19.814641],[-99.185603,19.815971],[-99.184059,19.818688],[-99.183781,19.81855],[-99.183726,19.818523],[-99.18249,19.817912],[-99.182093,19.817716],[-99.182037,19.817689],[-99.18116,19.817255],[-99.180325,19.816843],[-99.180254,19.816807],[-99.180198,19.816929],[-99.179968,19.81743],[-99.179771,19.817858],[-99.179554,19.818331],[-99.179378,19.818713],[-99.178982,19.819575],[-99.178756,19.820068],[-99.178569,19.820474],[-99.178403,19.820836],[-99.178253,19.821162],[-99.178092,19.821514],[-99.177957,19.821806],[-99.177667,19.822438],[-99.177526,19.822745],[-99.177398,19.823024],[-99.177266,19.82331],[-99.177144,19.823575],[-99.177141,19.823609],[-99.177012,19.824849],[-99.176793,19.826965],[-99.176756,19.82732],[-99.176625,19.828578],[-99.176573,19.829086],[-99.176522,19.829573],[-99.176419,19.830568],[-99.17631,19.831623],[-99.176241,19.832287],[-99.176132,19.833338],[-99.176126,19.833398],[-99.176069,19.833944],[-99.175794,19.836596],[-99.175783,19.836704],[-99.175709,19.837414],[-99.175547,19.838975],[-99.17541,19.840299],[-99.175288,19.841477],[-99.17501,19.844149],[-99.174837,19.845822],[-99.174735,19.846805],[-99.174577,19.84833],[-99.174382,19.850205],[-99.174278,19.851212],[-99.17416,19.852343],[-99.174055,19.853361],[-99.173962,19.854256],[-99.173867,19.855166],[-99.173699,19.856786],[-99.173623,19.856789],[-99.171752,19.856847],[-99.170753,19.856877],[-99.16741,19.856981],[-99.165982,19.857025],[-99.164762,19.857063],[-99.164304,19.857077],[-99.162963,19.857119],[-99.161938,19.857464],[-99.161599,19.857366],[-99.159157,19.857821],[-99.151153,19.857967],[-99.151116,19.858037]]]}},{"type":"Feature","properties":{"fid":"3","Name":"SAN NICOLAS DE LOS CERRITOS","NombreNucl":"SAN NICOLAS DE LOS CERRITOS","TipoNucleo":"EJIDO","NombreMuni":"POLOTITLÁN","NombreEnti":"MÉXICO","nombre":"SAN NICOLAS DE LOS CERRITOS"},"geometry":{"type":"Polygon","coordinates":[[[-99.846565,20.246543],[-99.847774,20.245394],[-99.848571,20.244637],[-99.848044,20.244285],[-99.846927,20.243539],[-99.8466,20.243321],[-99.846043,20.242949],[-99.845065,20.242296],[-99.844558,20.241957],[-99.843772,20.241432],[-99.843552,20.241285],[-99.841771,20.240095],[-99.841269,20.23976],[-99.841206,20.23961],[-99.841343,20.239185],[-99.841692,20.238098],[-99.844099,20.238004],[-99.845026,20.237967],[-99.84631,20.237917],[-99.846412,20.237913],[-99.847425,20.238511],[-99.848706,20.239266],[-99.84979,20.239905],[-99.850969,20.2406],[-99.851768,20.241071],[-99.853304,20.241976],[-99.854454,20.242654],[-99.854476,20.242667],[-99.855639,20.243353],[-99.858175,20.244848],[-99.858525,20.245054],[-99.859194,20.245449],[-99.859723,20.245788],[-99.859804,20.24584],[-99.859816,20.245773],[-99.859831,20.245695],[-99.859866,20.245508],[-99.859886,20.245399],[-99.859898,20.245339],[-99.859953,20.245045],[-99.859959,20.24501],[-99.860087,20.244327],[-99.860205,20.243702],[-99.860247,20.243474],[-99.860298,20.243203],[-99.860406,20.242628],[-99.860524,20.242001],[-99.860546,20.241882],[-99.860631,20.24143],[-99.860674,20.241203],[-99.860701,20.241055],[-99.860771,20.240682],[-99.860797,20.240546],[-99.860882,20.240092],[-99.860814,20.239856],[-99.860861,20.239584],[-99.861013,20.238702],[-99.86123,20.237446],[-99.861372,20.236627],[-99.86141,20.236289],[-99.861474,20.235986],[-99.860367,20.235717],[-99.859576,20.235531],[-99.859022,20.235394],[-99.858048,20.235154],[-99.856046,20.23466],[-99.855961,20.234639],[-99.854092,20.233918],[-99.852085,20.233143],[-99.851025,20.232579],[-99.850956,20.232542],[-99.85144,20.23155],[-99.851532,20.231362],[-99.851651,20.231119],[-99.851749,20.230922],[-99.85195,20.230508],[-99.851974,20.230459],[-99.852028,20.228997],[-99.852082,20.228732],[-99.852099,20.227146],[-99.852489,20.227201],[-99.854862,20.227538],[-99.854894,20.225205],[-99.856931,20.225569],[-99.85911,20.225277],[-99.859201,20.225288],[-99.861012,20.22551],[-99.861265,20.225521],[-99.863836,20.225639],[-99.86388,20.225641],[-99.862808,20.229167],[-99.863814,20.229213],[-99.864171,20.229317],[-99.866281,20.229936],[-99.867063,20.230165],[-99.867198,20.230205],[-99.869555,20.230896],[-99.870034,20.231037],[-99.87128,20.231402],[-99.874206,20.23226],[-99.873857,20.232974],[-99.873233,20.234253],[-99.872976,20.234781],[-99.872506,20.235783],[-99.872495,20.235805],[-99.871929,20.236952],[-99.871863,20.237085],[-99.87118,20.238474],[-99.870837,20.239171],[-99.870299,20.24029],[-99.870184,20.240528],[-99.870115,20.240672],[-99.869667,20.241605],[-99.869413,20.242133],[-99.869299,20.242372],[-99.869271,20.24243],[-99.869209,20.242559],[-99.869139,20.242704],[-99.868793,20.243417],[-99.868497,20.24403],[-99.86838,20.244271],[-99.868339,20.244356],[-99.868167,20.24471],[-99.867887,20.24529],[-99.867728,20.245617],[-99.867475,20.24614],[-99.86731,20.24648],[-99.867164,20.246782],[-99.866942,20.247241],[-99.866893,20.247343],[-99.866595,20.247957],[-99.866528,20.248096],[-99.866408,20.248344],[-99.866104,20.248971],[-99.866025,20.24924],[-99.865707,20.24988],[-99.865647,20.250002],[-99.865583,20.250129],[-99.865442,20.250413],[-99.865202,20.250896],[-99.86505,20.251202],[-99.864705,20.25121],[-99.864431,20.251217],[-99.864272,20.251221],[-99.864055,20.251226],[-99.863855,20.251231],[-99.863626,20.251237],[-99.862985,20.251253],[-99.862263,20.25127],[-99.862145,20.251273],[-99.861994,20.251277],[-99.861815,20.251281],[-99.861635,20.251286],[-99.861598,20.251287],[-99.861285,20.251294],[-99.860813,20.251306],[-99.860546,20.251312],[-99.860435,20.251315],[-99.860162,20.251322],[-99.859967,20.251327],[-99.859962,20.251326],[-99.859849,20.251307],[-99.858623,20.251099],[-99.858588,20.251093],[-99.858304,20.251045],[-99.857994,20.250992],[-99.857761,20.250953],[-99.857399,20.250891],[-99.857356,20.250884],[-99.857129,20.250845],[-99.856974,20.250819],[-99.856835,20.250796],[-99.856609,20.250757],[-99.856544,20.250746],[-99.854839,20.250453],[-99.853905,20.250293],[-99.852927,20.250125],[-99.851107,20.249813],[-99.849137,20.249474],[-99.847282,20.249156],[-99.844346,20.248651],[-99.845255,20.247788],[-99.846117,20.246969],[-99.846565,20.246543]]]}},{"type":"Feature","properties":{"fid":"4","Name":"SAN SEBASTIAN DE JUAREZ","NombreNucl":"SAN SEBASTIAN DE JUAREZ","TipoNucleo":"EJIDO","NombreMuni":"JILOTEPEC","NombreEnti":"MÉXICO","nombre":"SAN SEBASTIAN DE JUAREZ"},"geometry":{"type":"Polygon","coordinates":[[[-99.522156,20.190844],[-99.522102,20.190321],[-99.519518,20.190308],[-99.51885,20.188927],[-99.518357,20.187906],[-99.517987,20.187137],[-99.517473,20.18607],[-99.517379,20.185867],[-99.516755,20.184521],[-99.516047,20.18312],[-99.515817,20.18261],[-99.515288,20.181439],[-99.514434,20.179656],[-99.51441,20.179606],[-99.514387,20.179553],[-99.513648,20.178319],[-99.513586,20.177906],[-99.513228,20.177153],[-99.512867,20.176396],[-99.512497,20.175627],[-99.51224,20.1751],[-99.511857,20.174281],[-99.511721,20.173992],[-99.510951,20.172375],[-99.510656,20.171756],[-99.510082,20.170569],[-99.509629,20.169632],[-99.508959,20.168238],[-99.508942,20.168202],[-99.508898,20.168114],[-99.508856,20.168027],[-99.508812,20.167935],[-99.507667,20.16555],[-99.507491,20.16518],[-99.506837,20.163808],[-99.506103,20.162269],[-99.505869,20.161779],[-99.505776,20.161587],[-99.505136,20.160174],[-99.504687,20.159242],[-99.504576,20.159012],[-99.503429,20.156631],[-99.503247,20.156248],[-99.502654,20.155006],[-99.50188,20.15339],[-99.501831,20.153287],[-99.501109,20.151775],[-99.500394,20.150285],[-99.500322,20.150135],[-99.500024,20.149515],[-99.499471,20.14841],[-99.502152,20.146917],[-99.504652,20.145524],[-99.5068,20.144327],[-99.508847,20.143187],[-99.509355,20.142904],[-99.511308,20.140686],[-99.511628,20.140724],[-99.511682,20.14073],[-99.512512,20.140828],[-99.512834,20.140866],[-99.512965,20.140882],[-99.514127,20.14102],[-99.51473,20.141091],[-99.514892,20.14111],[-99.516044,20.141247],[-99.517304,20.141396],[-99.517439,20.141412],[-99.517739,20.141447],[-99.517901,20.141467],[-99.519425,20.141647],[-99.519943,20.141708],[-99.522351,20.141994],[-99.522504,20.142012],[-99.524702,20.142272],[-99.526218,20.142451],[-99.527038,20.142548],[-99.529366,20.142824],[-99.530761,20.142989],[-99.531889,20.143115],[-99.531953,20.143123],[-99.533757,20.143325],[-99.534218,20.143376],[-99.535019,20.143328],[-99.535869,20.143276],[-99.53708,20.143202],[-99.537277,20.14319],[-99.538257,20.14313],[-99.539213,20.143072],[-99.540127,20.143016],[-99.540773,20.142976],[-99.541044,20.14296],[-99.541108,20.142956],[-99.543445,20.142813],[-99.544747,20.142734],[-99.546212,20.142644],[-99.546332,20.142637],[-99.551783,20.141051],[-99.552744,20.140771],[-99.552832,20.140745],[-99.553642,20.14051],[-99.554489,20.140263],[-99.560565,20.138494],[-99.561255,20.140929],[-99.561269,20.140981],[-99.561273,20.140993],[-99.561294,20.141069],[-99.561776,20.142769],[-99.5618,20.142853],[-99.562052,20.143744],[-99.562072,20.143815],[-99.562353,20.144807],[-99.563147,20.147607],[-99.563191,20.147764],[-99.563543,20.149007],[-99.563668,20.149448],[-99.56396,20.150477],[-99.564209,20.151357],[-99.564459,20.152238],[-99.564698,20.15308],[-99.564705,20.153105],[-99.56473,20.153196],[-99.564961,20.154009],[-99.565313,20.155463],[-99.565591,20.15661],[-99.565625,20.15675],[-99.566256,20.159351],[-99.566321,20.159622],[-99.56653,20.160482],[-99.566685,20.161124],[-99.566942,20.162314],[-99.567179,20.163414],[-99.567574,20.165244],[-99.567762,20.166118],[-99.56786,20.166571],[-99.567885,20.166684],[-99.567878,20.167538],[-99.567878,20.16758],[-99.567877,20.167625],[-99.567864,20.169308],[-99.567864,20.169348],[-99.56786,20.169801],[-99.567854,20.170623],[-99.567853,20.170775],[-99.56785,20.171089],[-99.56785,20.171118],[-99.567841,20.172234],[-99.567836,20.172914],[-99.567831,20.173583],[-99.567826,20.174219],[-99.567821,20.174781],[-99.567821,20.174828],[-99.567817,20.175344],[-99.567813,20.175832],[-99.5678,20.177456],[-99.56779,20.178742],[-99.567783,20.179611],[-99.567776,20.180519],[-99.567773,20.180976],[-99.567769,20.18144],[-99.567762,20.182331],[-99.567759,20.182801],[-99.567756,20.183127],[-99.567749,20.184007],[-99.567748,20.184188],[-99.567743,20.184828],[-99.567719,20.187903],[-99.567699,20.190424],[-99.565685,20.190419],[-99.565256,20.190418],[-99.563427,20.190413],[-99.56045,20.190405],[-99.557716,20.190398],[-99.554766,20.19039],[-99.550986,20.19038],[-99.544554,20.190404],[-99.544526,20.190404],[-99.541547,20.190354],[-99.539748,20.190416],[-99.539524,20.190411],[-99.537416,20.19036],[-99.536699,20.190343],[-99.535853,20.190346],[-99.534664,20.190347],[-99.534615,20.190347],[-99.533557,20.190327],[-99.532863,20.190357],[-99.532021,20.190346],[-99.531679,20.19036],[-99.531509,20.190367],[-99.531213,20.19038],[-99.529766,20.19034],[-99.522156,20.190844]],[[-99.545674,20.163525],[-99.545582,20.163262],[-99.545434,20.163286],[-99.542169,20.163741],[-99.541039,20.163914],[-99.534699,20.163935],[-99.533469,20.163873],[-99.532763,20.163825],[-99.531818,20.163778],[-99.531617,20.163762],[-99.530317,20.1637],[-99.529988,20.163665],[-99.528882,20.163597],[-99.52592,20.163401],[-99.525764,20.166338],[-99.525546,20.170325],[-99.525394,20.173269],[-99.52724,20.173503],[-99.528787,20.173637],[-99.528939,20.173653],[-99.529423,20.173706],[-99.530399,20.173811],[-99.532487,20.174037],[-99.532619,20.17405],[-99.532703,20.174068],[-99.53425,20.17425],[-99.536122,20.174275],[-99.536506,20.173962],[-99.537325,20.173254],[-99.537632,20.172507],[-99.537866,20.171817],[-99.538419,20.171678],[-99.540256,20.171233],[-99.540384,20.171203],[-99.540709,20.171077],[-99.541662,20.170826],[-99.542203,20.170691],[-99.542549,20.170599],[-99.544104,20.170432],[-99.547849,20.170095],[-99.547432,20.168775],[-99.546609,20.166233],[-99.54657,20.166116],[-99.545986,20.164356],[-99.545674,20.163525]]]}},{"type":"Feature","properties":{"fid":"5","Name":"SANTA BARBARA","NombreNucl":"SANTA BARBARA","TipoNucleo":"EJIDO","NombreMuni":"CUAUTITLÁN IZCALLI","NombreEnti":"MÉXICO","nombre":"SANTA BARBARA"},"geometry":{"type":"Polygon","coordinates":[[[-99.188396,19.736356],[-99.187504,19.736353],[-99.187362,19.736353],[-99.186015,19.736692],[-99.186015,19.736509],[-99.186021,19.736185],[-99.186032,19.735706],[-99.185931,19.735623],[-99.185543,19.735337],[-99.185013,19.734969],[-99.184216,19.734561],[-99.184471,19.734187],[-99.184616,19.733849],[-99.18479,19.733511],[-99.184608,19.733476],[-99.182322,19.733138],[-99.180199,19.732927],[-99.178984,19.732787],[-99.178478,19.732681],[-99.178497,19.732609],[-99.178715,19.731742],[-99.178013,19.731594],[-99.177851,19.732467],[-99.177807,19.732539],[-99.176428,19.732251],[-99.17642,19.732155],[-99.176439,19.731759],[-99.176404,19.730935],[-99.176382,19.730431],[-99.176365,19.730183],[-99.17632,19.729298],[-99.176319,19.729261],[-99.176223,19.72923],[-99.176061,19.729188],[-99.175987,19.729173],[-99.175838,19.729154],[-99.175744,19.729131],[-99.172887,19.728429],[-99.172803,19.728408],[-99.171314,19.728043],[-99.171419,19.727434],[-99.171546,19.726654],[-99.171647,19.72598],[-99.171694,19.725648],[-99.171672,19.725541],[-99.17174,19.725204],[-99.171882,19.724519],[-99.172033,19.723874],[-99.172162,19.723196],[-99.172294,19.72254],[-99.172438,19.721827],[-99.172577,19.721015],[-99.172728,19.720149],[-99.172887,19.719262],[-99.172865,19.719161],[-99.172924,19.718706],[-99.172981,19.718274],[-99.173088,19.717743],[-99.173215,19.717132],[-99.173327,19.716526],[-99.173525,19.715883],[-99.175132,19.715965],[-99.175231,19.71597],[-99.175354,19.719419],[-99.17538,19.71988],[-99.175476,19.721795],[-99.17565,19.721826],[-99.175745,19.721837],[-99.176422,19.721961],[-99.177375,19.722137],[-99.177388,19.72214],[-99.177468,19.722157],[-99.177496,19.722163],[-99.177608,19.722186],[-99.178586,19.722368],[-99.17861,19.722372],[-99.178659,19.722382],[-99.178968,19.722424],[-99.179127,19.721737],[-99.178854,19.721689],[-99.178813,19.721686],[-99.179274,19.719853],[-99.1793,19.719942],[-99.180532,19.719376],[-99.180616,19.719317],[-99.18065,19.719294],[-99.181407,19.718261],[-99.182454,19.718558],[-99.182109,19.719518],[-99.182071,19.719622],[-99.181902,19.720484],[-99.181829,19.720823],[-99.181745,19.721291],[-99.181607,19.722047],[-99.181586,19.722131],[-99.181427,19.722796],[-99.181248,19.723552],[-99.181057,19.724307],[-99.180995,19.724554],[-99.180851,19.725101],[-99.180651,19.725873],[-99.180568,19.726226],[-99.180319,19.726587],[-99.180051,19.727452],[-99.179931,19.727809],[-99.179978,19.727924],[-99.18095,19.728061],[-99.181104,19.728066],[-99.183856,19.728465],[-99.183946,19.728478],[-99.184481,19.728563],[-99.185543,19.728728],[-99.186611,19.7289],[-99.186797,19.728926],[-99.18694,19.728623],[-99.18719,19.728061],[-99.187211,19.728015],[-99.188589,19.728758],[-99.188649,19.72879],[-99.189098,19.729029],[-99.189844,19.729429],[-99.190508,19.72961],[-99.190998,19.729804],[-99.191061,19.729819],[-99.192977,19.730183],[-99.193115,19.730209],[-99.193007,19.731102],[-99.193002,19.731136],[-99.192694,19.733668],[-99.192639,19.734093],[-99.192512,19.735249],[-99.192426,19.735952],[-99.19235,19.736598],[-99.192231,19.737437],[-99.191624,19.737245],[-99.191187,19.737033],[-99.190596,19.736855],[-99.18995,19.736667],[-99.189068,19.736424],[-99.188396,19.736356]]]}},{"type":"Feature","properties":{"fid":"6","Name":"SANTA CRUZ Y SUS BARRIOS","NombreNucl":"SANTA CRUZ Y SUS BARRIOS","TipoNucleo":"EJIDO","NombreMuni":"TEOLOYUCAN","NombreEnti":"MÉXICO","nombre":"SANTA CRUZ Y SUS BARRIOS"},"geometry":{"type":"Polygon","coordinates":[[[-99.17404,19.713167],[-99.174156,19.712635],[-99.175111,19.712788],[-99.175311,19.712822],[-99.176846,19.71308],[-99.17692,19.713092],[-99.178857,19.713415],[-99.17893,19.713422],[-99.177803,19.719691],[-99.177936,19.719701],[-99.178045,19.719711],[-99.179212,19.71983],[-99.179274,19.719853],[-99.178813,19.721686],[-99.178659,19.722382],[-99.17861,19.722372],[-99.178586,19.722368],[-99.177608,19.722186],[-99.177496,19.722163],[-99.177468,19.722157],[-99.177388,19.72214],[-99.177375,19.722137],[-99.176422,19.721961],[-99.175745,19.721837],[-99.175686,19.721827],[-99.17558,19.71925],[-99.175506,19.717429],[-99.175464,19.716473],[-99.175442,19.715986],[-99.17523,19.71597],[-99.175132,19.715965],[-99.173525,19.715883],[-99.173657,19.715247],[-99.173692,19.714927],[-99.173831,19.71432],[-99.173935,19.713767],[-99.17404,19.713167]]]}},{"type":"Feature","properties":{"fid":"7","Name":"SANTA MARIA HUECATITLA","NombreNucl":"SANTA MARIA HUECATITLA","TipoNucleo":"EJIDO","NombreMuni":"CUAUTITLÁN","NombreEnti":"MÉXICO","nombre":"SANTA MARIA HUECATITLA"},"geometry":{"type":"Polygon","coordinates":[[[-99.169565,19.736443],[-99.169822,19.735259],[-99.170183,19.733596],[-99.167805,19.732988],[-99.168,19.732195],[-99.168293,19.731002],[-99.168323,19.73092],[-99.167759,19.73078],[-99.166821,19.730618],[-99.166494,19.730566],[-99.165889,19.730474],[-99.164798,19.730316],[-99.164779,19.730314],[-99.165062,19.728873],[-99.165168,19.728317],[-99.165307,19.727592],[-99.165515,19.727625],[-99.16572,19.727657],[-99.166064,19.727711],[-99.166426,19.727767],[-99.168098,19.728031],[-99.168138,19.728033],[-99.168548,19.728591],[-99.168855,19.729009],[-99.169036,19.728121],[-99.169775,19.728317],[-99.169863,19.727793],[-99.169923,19.727795],[-99.171191,19.728034],[-99.171314,19.728043],[-99.172803,19.728408],[-99.172887,19.728429],[-99.175744,19.729131],[-99.175838,19.729154],[-99.175844,19.729197],[-99.175926,19.731648],[-99.175929,19.731702],[-99.175953,19.732159],[-99.176162,19.732174],[-99.176428,19.732251],[-99.177807,19.732539],[-99.178478,19.732681],[-99.178984,19.732787],[-99.180199,19.732927],[-99.180013,19.733507],[-99.179858,19.733986],[-99.179167,19.733797],[-99.178369,19.733581],[-99.178377,19.733472],[-99.176501,19.732888],[-99.175985,19.732947],[-99.175979,19.733037],[-99.176,19.733666],[-99.176041,19.734768],[-99.176101,19.73588],[-99.176107,19.735945],[-99.175062,19.738223],[-99.173969,19.736778],[-99.17321,19.735775],[-99.172762,19.736433],[-99.172586,19.73669],[-99.172394,19.736959],[-99.172059,19.737429],[-99.171463,19.738268],[-99.170948,19.73809],[-99.169369,19.737537],[-99.169326,19.737521],[-99.169565,19.736443]]]}},{"type":"Feature","properties":{"fid":"8","Name":"SANTIAGO OXTHOC","NombreNucl":"SANTIAGO OXTHOC","TipoNucleo":"EJIDO","NombreMuni":"JILOTEPEC","NombreEnti":"MÉXICO","nombre":"SANTIAGO OXTHOC"},"geometry":{"type":"Polygon","coordinates":[[[-99.487753,20.106908],[-99.487141,20.105153],[-99.490199,20.105258],[-99.493118,20.105357],[-99.493142,20.105358],[-99.494718,20.105412],[-99.495456,20.105434],[-99.495985,20.105451],[-99.496061,20.105453],[-99.496191,20.105457],[-99.496428,20.105464],[-99.497406,20.105494],[-99.498403,20.105525],[-99.499343,20.106806],[-99.499393,20.106875],[-99.499538,20.107073],[-99.500802,20.108796],[-99.500882,20.108904],[-99.501021,20.109094],[-99.501732,20.110063],[-99.501696,20.110716],[-99.501597,20.112534],[-99.501565,20.11312],[-99.501559,20.113228],[-99.501503,20.11426],[-99.501431,20.115577],[-99.501427,20.11566],[-99.501409,20.115995],[-99.501313,20.117757],[-99.501311,20.117785],[-99.50121,20.119641],[-99.501242,20.120022],[-99.501363,20.121467],[-99.501609,20.122466],[-99.501882,20.123312],[-99.502099,20.123728],[-99.502723,20.12492],[-99.503284,20.125679],[-99.504393,20.127182],[-99.50475,20.127666],[-99.505925,20.129257],[-99.506835,20.130374],[-99.506918,20.130477],[-99.507518,20.131213],[-99.507652,20.131378],[-99.508793,20.132779],[-99.509895,20.133635],[-99.51088,20.134399],[-99.512273,20.135407],[-99.513368,20.136199],[-99.514316,20.137053],[-99.51453,20.13741],[-99.514587,20.137492],[-99.515977,20.139489],[-99.517304,20.141396],[-99.516044,20.141247],[-99.514892,20.14111],[-99.51473,20.141091],[-99.514127,20.14102],[-99.512965,20.140882],[-99.512834,20.140866],[-99.512512,20.140828],[-99.511682,20.14073],[-99.511628,20.140724],[-99.511308,20.140686],[-99.510907,20.139837],[-99.506712,20.134227],[-99.505076,20.132038],[-99.504516,20.131289],[-99.502896,20.129122],[-99.501312,20.127003],[-99.498177,20.122846],[-99.496295,20.120351],[-99.495585,20.119233],[-99.494599,20.117681],[-99.494053,20.116822],[-99.494018,20.116767],[-99.493758,20.116358],[-99.492405,20.11423],[-99.491118,20.112204],[-99.489883,20.11026],[-99.489376,20.109463],[-99.488934,20.108767],[-99.488848,20.108631],[-99.488754,20.108484],[-99.488641,20.108306],[-99.488017,20.107323],[-99.487753,20.106908]]]}},{"type":"Feature","properties":{"fid":"9","Name":"SANTIAGO TLALTEPOXCO","NombreNucl":"SANTIAGO TLALTEPOXCO","TipoNucleo":"EJIDO","NombreMuni":"HUEHUETOCA","NombreEnti":"MÉXICO","nombre":"SANTIAGO TLALTEPOXCO"},"geometry":{"type":"Polygon","coordinates":[[[-99.24218,19.883707],[-99.242244,19.883453],[-99.242841,19.881107],[-99.242889,19.880917],[-99.243137,19.879942],[-99.24377,19.877448],[-99.244262,19.875514],[-99.244278,19.875447],[-99.246586,19.865633],[-99.247637,19.861162],[-99.247961,19.859785],[-99.249482,19.86005],[-99.249932,19.860129],[-99.250384,19.860207],[-99.250867,19.860291],[-99.251323,19.860371],[-99.251775,19.860449],[-99.252212,19.860525],[-99.252666,19.860604],[-99.253123,19.860684],[-99.253581,19.860764],[-99.254035,19.860843],[-99.254488,19.860921],[-99.259297,19.861758],[-99.259638,19.861818],[-99.263336,19.863734],[-99.265796,19.865009],[-99.265834,19.865029],[-99.265913,19.86507],[-99.266281,19.865261],[-99.271981,19.868215],[-99.272092,19.868272],[-99.273109,19.868799],[-99.272493,19.870573],[-99.269338,19.879656],[-99.269233,19.879957],[-99.268871,19.880999],[-99.268754,19.881336],[-99.268265,19.882744],[-99.268216,19.882887],[-99.26819,19.882962],[-99.267978,19.883571],[-99.267924,19.883727],[-99.267722,19.884308],[-99.26758,19.885364],[-99.267566,19.885471],[-99.267475,19.88615],[-99.267474,19.886159],[-99.267437,19.886434],[-99.267344,19.887128],[-99.267191,19.888266],[-99.267177,19.888371],[-99.26703,19.889471],[-99.266902,19.890424],[-99.266773,19.891385],[-99.266594,19.892722],[-99.266415,19.89406],[-99.265788,19.894218],[-99.265738,19.89423],[-99.265239,19.894356],[-99.264741,19.894481],[-99.263814,19.894714],[-99.26379,19.89472],[-99.262798,19.894969],[-99.262715,19.89499],[-99.262442,19.895058],[-99.262319,19.895089],[-99.262174,19.895126],[-99.262057,19.895155],[-99.261859,19.895205],[-99.261522,19.895289],[-99.261259,19.895355],[-99.26015,19.895634],[-99.259915,19.895693],[-99.259876,19.895703],[-99.258918,19.895944],[-99.258731,19.895991],[-99.257873,19.896206],[-99.257837,19.896215],[-99.257473,19.896307],[-99.257396,19.896326],[-99.256237,19.896617],[-99.254887,19.896956],[-99.253541,19.897294],[-99.25336,19.89734],[-99.252372,19.897588],[-99.25221,19.897677],[-99.25202,19.897781],[-99.251984,19.8978],[-99.251763,19.897922],[-99.250929,19.898377],[-99.250479,19.898624],[-99.24974,19.899028],[-99.249688,19.899056],[-99.249645,19.89908],[-99.248765,19.899561],[-99.247914,19.900026],[-99.247933,19.900098],[-99.248182,19.901045],[-99.248457,19.902092],[-99.248515,19.902313],[-99.248698,19.903011],[-99.246709,19.90323],[-99.245775,19.903333],[-99.244724,19.903449],[-99.24386,19.903544],[-99.243412,19.903594],[-99.242797,19.903662],[-99.241856,19.903766],[-99.24122,19.903836],[-99.240956,19.903865],[-99.240831,19.903878],[-99.240992,19.900032],[-99.240959,19.898035],[-99.240246,19.893481],[-99.24014,19.893118],[-99.240103,19.892992],[-99.239905,19.892314],[-99.240193,19.891226],[-99.240315,19.890765],[-99.240801,19.888925],[-99.24082,19.888853],[-99.240863,19.888688],[-99.241111,19.887752],[-99.24114,19.887643],[-99.241156,19.887581],[-99.241271,19.887147],[-99.241397,19.886669],[-99.24177,19.885257],[-99.241807,19.885119],[-99.241833,19.885018],[-99.241839,19.884995],[-99.241996,19.884401],[-99.242096,19.884024],[-99.242122,19.883928],[-99.24218,19.883707]],[[-99.257724,19.875107],[-99.257283,19.874702],[-99.256993,19.875929],[-99.256845,19.876558],[-99.256775,19.876855],[-99.255342,19.87928],[-99.255925,19.880026],[-99.259029,19.883509],[-99.259111,19.883603],[-99.262547,19.883415],[-99.262579,19.883383],[-99.262578,19.883303],[-99.262574,19.881107],[-99.26258,19.88084],[-99.26259,19.880392],[-99.262607,19.879603],[-99.262312,19.879331],[-99.261809,19.878868],[-99.261721,19.878787],[-99.260204,19.87739],[-99.259012,19.876293],[-99.258409,19.875739],[-99.257724,19.875107]]]}},{"type":"Feature","properties":{"fid":"10","Name":"COYOTEPEC","NombreNucl":"COYOTEPEC","TipoNucleo":"EJIDO","NombreMuni":"COYOTEPEC","NombreEnti":"MÉXICO","nombre":"COYOTEPEC"},"geometry":{"type":"Polygon","coordinates":[[[-99.228572,19.823428],[-99.226243,19.823143],[-99.22354,19.823434],[-99.223528,19.823344],[-99.223462,19.822574],[-99.223462,19.822538],[-99.223413,19.821705],[-99.223412,19.821674],[-99.223353,19.820752],[-99.22335,19.820716],[-99.223289,19.819831],[-99.223287,19.819758],[-99.223281,19.819397],[-99.223254,19.818948],[-99.223253,19.818913],[-99.223195,19.817986],[-99.223193,19.817915],[-99.223142,19.817062],[-99.223144,19.817023],[-99.223087,19.816323],[-99.223076,19.816176],[-99.223045,19.815794],[-99.223037,19.815802],[-99.222752,19.815992],[-99.222641,19.816066],[-99.222136,19.816403],[-99.221258,19.816375],[-99.218067,19.816446],[-99.217992,19.816454],[-99.21652,19.815616],[-99.21639,19.815542],[-99.216377,19.815534],[-99.215191,19.814844],[-99.213927,19.81411],[-99.211859,19.812906],[-99.210335,19.81202],[-99.210169,19.811923],[-99.208629,19.811027],[-99.20756,19.810405],[-99.206268,19.809654],[-99.206227,19.80963],[-99.204701,19.808599],[-99.204714,19.808715],[-99.204735,19.808908],[-99.204737,19.808941],[-99.20474,19.808994],[-99.204752,19.809194],[-99.20478,19.809668],[-99.204787,19.809792],[-99.204792,19.80981],[-99.204848,19.81041],[-99.20491,19.811071],[-99.204911,19.811085],[-99.204916,19.811111],[-99.204919,19.81115],[-99.205029,19.812526],[-99.205032,19.812557],[-99.205087,19.813085],[-99.205096,19.813179],[-99.205145,19.813875],[-99.205142,19.813916],[-99.205219,19.814971],[-99.205226,19.815045],[-99.205238,19.815223],[-99.205291,19.815933],[-99.205298,19.816022],[-99.205142,19.816194],[-99.20501,19.816339],[-99.204097,19.817343],[-99.203482,19.818005],[-99.20325,19.818709],[-99.203403,19.81929],[-99.203472,19.819553],[-99.203705,19.820447],[-99.202255,19.819264],[-99.194315,19.812787],[-99.19414,19.812644],[-99.190728,19.799953],[-99.187676,19.78866],[-99.187827,19.788597],[-99.187841,19.788665],[-99.187858,19.78875],[-99.188928,19.788291],[-99.189053,19.788238],[-99.189663,19.787979],[-99.190072,19.787805],[-99.190133,19.787779],[-99.190629,19.787569],[-99.191583,19.787138],[-99.191669,19.787099],[-99.191786,19.787045],[-99.192708,19.786628],[-99.193249,19.786386],[-99.193296,19.786365],[-99.193348,19.786343],[-99.193286,19.7862],[-99.193719,19.786028],[-99.193768,19.786176],[-99.193829,19.786152],[-99.194028,19.786074],[-99.194345,19.785951],[-99.194328,19.78591],[-99.194287,19.785803],[-99.194407,19.785756],[-99.197174,19.786445],[-99.200437,19.78725],[-99.203659,19.78794],[-99.205892,19.78823],[-99.209323,19.788626],[-99.210787,19.788711],[-99.212764,19.788855],[-99.217279,19.788739],[-99.218738,19.788696],[-99.219432,19.788675],[-99.222113,19.789923],[-99.222761,19.790225],[-99.223361,19.793215],[-99.226376,19.808785],[-99.226495,19.809389],[-99.226511,19.809471],[-99.226554,19.809687],[-99.226582,19.809826],[-99.226628,19.810107],[-99.226671,19.810367],[-99.226715,19.810635],[-99.226762,19.810915],[-99.226771,19.810972],[-99.226862,19.81152],[-99.226918,19.811857],[-99.22701,19.812413],[-99.227056,19.812692],[-99.227097,19.812941],[-99.227145,19.813234],[-99.227188,19.813489],[-99.227231,19.81375],[-99.227278,19.814034],[-99.227321,19.814294],[-99.227367,19.814576],[-99.22741,19.814835],[-99.227459,19.81513],[-99.227513,19.815459],[-99.227564,19.815767],[-99.227611,19.816051],[-99.227642,19.816237],[-99.227714,19.816671],[-99.22782,19.817306],[-99.227886,19.817704],[-99.227934,19.817999],[-99.227985,19.818305],[-99.228034,19.818601],[-99.228076,19.818853],[-99.228122,19.819131],[-99.22813,19.819185],[-99.228156,19.81934],[-99.228167,19.819404],[-99.228223,19.819746],[-99.228268,19.82002],[-99.228307,19.820255],[-99.228347,19.820498],[-99.228389,19.82075],[-99.228433,19.821016],[-99.228532,19.821615],[-99.228588,19.821954],[-99.228621,19.822155],[-99.228688,19.822558],[-99.228725,19.822788],[-99.228755,19.822964],[-99.228837,19.82346],[-99.228572,19.823428]]]}},{"type":"Feature","properties":{"fid":"11","Name":"TAXHIE GRANDE Y TAXHIE CHICO","NombreNucl":"TAXHIE GRANDE Y TAXHIE CHICO","TipoNucleo":"EJIDO","NombreMuni":"POLOTITLÁN","NombreEnti":"MÉXICO","nombre":"TAXHIE GRANDE Y TAXHIE CHICO"},"geometry":{"type":"Polygon","coordinates":[[[-99.917483,20.267202],[-99.917619,20.26673],[-99.919059,20.266938],[-99.920507,20.267147],[-99.92131,20.267262],[-99.921433,20.26728],[-99.924715,20.267754],[-99.924969,20.267791],[-99.927725,20.268188],[-99.928357,20.268279],[-99.929549,20.268452],[-99.928862,20.268719],[-99.928929,20.269138],[-99.926542,20.269174],[-99.926202,20.269809],[-99.926096,20.270026],[-99.925802,20.270711],[-99.92596,20.271217],[-99.925482,20.272141],[-99.925614,20.272652],[-99.925379,20.272981],[-99.92355,20.273219],[-99.923286,20.273549],[-99.924039,20.274454],[-99.92371,20.275794],[-99.923024,20.276206],[-99.921165,20.276874],[-99.921124,20.277833],[-99.920909,20.277871],[-99.92072,20.277905],[-99.920341,20.277972],[-99.919964,20.279287],[-99.919733,20.280143],[-99.91961,20.280053],[-99.918591,20.278161],[-99.916184,20.276927],[-99.916494,20.276294],[-99.916604,20.27607],[-99.916678,20.275919],[-99.91717,20.274913],[-99.917579,20.274078],[-99.917894,20.273433],[-99.918024,20.27317],[-99.918077,20.27306],[-99.918671,20.271846],[-99.919064,20.271044],[-99.918679,20.27089],[-99.918007,20.27062],[-99.916654,20.270078],[-99.916852,20.269391],[-99.917293,20.26786],[-99.917318,20.267774],[-99.917483,20.267202]]]}},{"type":"Feature","properties":{"fid":"12","Name":"TULTITLAN Y SUS BARRIOS","NombreNucl":"TULTITLAN Y SUS BARRIOS","TipoNucleo":"EJIDO","NombreMuni":"TULTITLÁN","NombreEnti":"MÉXICO","nombre":"TULTITLAN Y SUS BARRIOS"},"geometry":{"type":"Polygon","coordinates":[[[-99.182136,19.687695],[-99.181149,19.687459],[-99.180618,19.687535],[-99.179585,19.687226],[-99.179476,19.687485],[-99.178987,19.687348],[-99.178945,19.687306],[-99.178791,19.687295],[-99.178664,19.687333],[-99.178294,19.687317],[-99.17826,19.687331],[-99.178192,19.687644],[-99.177869,19.687615],[-99.177831,19.687859],[-99.177471,19.687869],[-99.177411,19.688011],[-99.17729,19.68804],[-99.176763,19.687959],[-99.17639,19.687947],[-99.175477,19.687836],[-99.175689,19.680159],[-99.175792,19.679999],[-99.175907,19.67997],[-99.176275,19.679823],[-99.176493,19.679685],[-99.176743,19.67954],[-99.176958,19.679362],[-99.177192,19.679175],[-99.17744,19.67887],[-99.178057,19.6784],[-99.178633,19.677998],[-99.1788,19.677922],[-99.17887,19.677916],[-99.178382,19.68206],[-99.183245,19.682864],[-99.183459,19.682962],[-99.185061,19.683215],[-99.185412,19.684381],[-99.186995,19.689625],[-99.183742,19.690065],[-99.18304,19.69016],[-99.182928,19.690176],[-99.182809,19.689939],[-99.182449,19.689222],[-99.182387,19.689138],[-99.182253,19.688851],[-99.182088,19.688446],[-99.182102,19.688275],[-99.182136,19.687695]]]}},{"type":"Feature","properties":{"fid":"13","Name":"ACOCULCO DE TULA","NombreNucl":"ACOCULCO DE TULA","TipoNucleo":"EJIDO","NombreMuni":"TEPEJI DEL RÍO DE OCAMPO","NombreEnti":"HIDALGO","nombre":"ACOCULCO DE TULA"},"geometry":{"type":"Polygon","coordinates":[[[-99.296195,19.936617],[-99.293952,19.935279],[-99.292783,19.934577],[-99.293157,19.934414],[-99.293376,19.934343],[-99.293624,19.934287],[-99.293877,19.934279],[-99.295054,19.934275],[-99.295489,19.934254],[-99.295892,19.93425],[-99.296178,19.934252],[-99.296416,19.934382],[-99.297017,19.934702],[-99.297666,19.935041],[-99.297907,19.935174],[-99.297997,19.935225],[-99.298511,19.935487],[-99.298713,19.935589],[-99.299166,19.935849],[-99.29964,19.9361],[-99.299656,19.936119],[-99.299965,19.93627],[-99.30003,19.935544],[-99.300038,19.935506],[-99.300083,19.935058],[-99.300115,19.934863],[-99.300158,19.934832],[-99.300397,19.9346],[-99.300591,19.934417],[-99.300649,19.934364],[-99.301138,19.933914],[-99.30195,19.93304],[-99.302249,19.932712],[-99.30273,19.932586],[-99.302759,19.93258],[-99.305327,19.931925],[-99.305448,19.932317],[-99.305899,19.933735],[-99.306114,19.934372],[-99.306284,19.934321],[-99.306342,19.934303],[-99.307976,19.933781],[-99.309409,19.933338],[-99.309139,19.934161],[-99.308799,19.935187],[-99.308677,19.935552],[-99.308318,19.93767],[-99.308075,19.938875],[-99.308006,19.93939],[-99.307962,19.939733],[-99.307948,19.939859],[-99.307874,19.94045],[-99.307857,19.940535],[-99.307761,19.941312],[-99.307746,19.941777],[-99.307449,19.941912],[-99.307432,19.941928],[-99.307206,19.94238],[-99.307174,19.942441],[-99.30684,19.942259],[-99.306385,19.942012],[-99.305917,19.941757],[-99.305669,19.941622],[-99.305155,19.941332],[-99.305127,19.941316],[-99.304626,19.94107],[-99.304144,19.940831],[-99.303827,19.940665],[-99.303533,19.940511],[-99.303365,19.940423],[-99.303332,19.940406],[-99.303022,19.940244],[-99.302713,19.940103],[-99.302499,19.940012],[-99.302415,19.940008],[-99.302032,19.939878],[-99.301963,19.939844],[-99.301934,19.939829],[-99.301383,19.939555],[-99.301094,19.939411],[-99.30084,19.939262],[-99.300649,19.939147],[-99.300617,19.939133],[-99.300052,19.93881],[-99.29943,19.938463],[-99.298842,19.938132],[-99.298402,19.937881],[-99.298119,19.93772],[-99.298101,19.937709],[-99.296726,19.936927],[-99.296601,19.936855],[-99.296241,19.936641],[-99.296195,19.936617]]]}},{"type":"Feature","properties":{"fid":"14","Name":"BATHA Y BARRIOS","NombreNucl":"BATHA Y BARRIOS","TipoNucleo":"EJIDO","NombreMuni":"NOPALA DE VILLAGRÁN","NombreEnti":"HIDALGO","nombre":"BATHA Y BARRIOS"},"geometry":{"type":"Polygon","coordinates":[[[-99.763789,20.223992],[-99.761091,20.223681],[-99.760367,20.224212],[-99.760004,20.224398],[-99.759795,20.224425],[-99.759536,20.224629],[-99.759122,20.224644],[-99.759174,20.224802],[-99.758652,20.224799],[-99.758756,20.224531],[-99.758977,20.224338],[-99.759037,20.224133],[-99.759039,20.223938],[-99.759026,20.223827],[-99.758947,20.223762],[-99.757386,20.222572],[-99.756926,20.222826],[-99.756166,20.222999],[-99.755657,20.22302],[-99.755333,20.222932],[-99.754548,20.222461],[-99.754463,20.222038],[-99.754131,20.22145],[-99.753579,20.220801],[-99.753383,20.220665],[-99.751943,20.2213],[-99.753119,20.224567],[-99.753158,20.224769],[-99.753236,20.225804],[-99.752862,20.226026],[-99.752692,20.225919],[-99.752158,20.225425],[-99.752044,20.225364],[-99.751865,20.225333],[-99.751605,20.225274],[-99.751329,20.225172],[-99.750948,20.225049],[-99.750523,20.224304],[-99.750308,20.22296],[-99.750104,20.222375],[-99.749693,20.222079],[-99.749111,20.221916],[-99.748977,20.22186],[-99.750032,20.220849],[-99.750211,20.219528],[-99.751336,20.219338],[-99.751463,20.219358],[-99.753573,20.219201],[-99.754012,20.219141],[-99.755579,20.218864],[-99.755607,20.218693],[-99.755651,20.218428],[-99.755661,20.218371],[-99.755704,20.218108],[-99.755751,20.217824],[-99.755841,20.21728],[-99.755908,20.216872],[-99.755925,20.216764],[-99.756023,20.216221],[-99.756742,20.212236],[-99.758338,20.213754],[-99.757604,20.214561],[-99.758539,20.214638],[-99.759499,20.214716],[-99.760679,20.21482],[-99.761005,20.214829],[-99.761345,20.214822],[-99.762676,20.214863],[-99.763803,20.214925],[-99.763975,20.21362],[-99.764115,20.212786],[-99.764169,20.212308],[-99.764266,20.211992],[-99.764577,20.211059],[-99.765091,20.209421],[-99.765306,20.208922],[-99.765812,20.207736],[-99.76511,20.206608],[-99.763945,20.204944],[-99.764001,20.204814],[-99.760388,20.20395],[-99.760442,20.20285],[-99.760429,20.202785],[-99.760306,20.202661],[-99.759513,20.202061],[-99.75843,20.201266],[-99.757368,20.200333],[-99.760087,20.196975],[-99.768067,20.203608],[-99.768901,20.204517],[-99.770108,20.20557],[-99.770686,20.205997],[-99.771349,20.206618],[-99.77245,20.207739],[-99.77394,20.209193],[-99.774644,20.209932],[-99.774687,20.209994],[-99.77559,20.210902],[-99.774378,20.21166],[-99.774309,20.211697],[-99.773834,20.211979],[-99.773885,20.212315],[-99.773984,20.212785],[-99.773636,20.213433],[-99.772817,20.214836],[-99.773929,20.214794],[-99.774097,20.215058],[-99.775606,20.217397],[-99.776886,20.219255],[-99.77752,20.220212],[-99.777565,20.220292],[-99.778376,20.221507],[-99.779156,20.222747],[-99.780592,20.225008],[-99.78143,20.226326],[-99.780683,20.226581],[-99.780526,20.226635],[-99.779959,20.226801],[-99.779936,20.226808],[-99.77954,20.226942],[-99.777937,20.227484],[-99.777664,20.227577],[-99.777396,20.227668],[-99.777229,20.227735],[-99.776637,20.227938],[-99.776207,20.228082],[-99.775019,20.228476],[-99.773812,20.228876],[-99.770976,20.229824],[-99.769839,20.23019],[-99.769027,20.230448],[-99.76891,20.227537],[-99.768903,20.227475],[-99.768887,20.227454],[-99.768525,20.22702],[-99.76686,20.225284],[-99.766455,20.224929],[-99.765478,20.224326],[-99.765318,20.224233],[-99.765199,20.224167],[-99.765091,20.224132],[-99.763789,20.223992]]]}},{"type":"Feature","properties":{"fid":"15","Name":"CASAS VIEJAS","NombreNucl":"CASAS VIEJAS","TipoNucleo":"EJIDO","NombreMuni":"NOPALA DE VILLAGRÁN","NombreEnti":"HIDALGO","nombre":"CASAS VIEJAS"},"geometry":{"type":"Polygon","coordinates":[[[-99.769601,20.240469],[-99.769136,20.23982],[-99.769122,20.239804],[-99.767928,20.238152],[-99.767915,20.238138],[-99.766233,20.235815],[-99.766215,20.235774],[-99.76621,20.235755],[-99.766804,20.235737],[-99.767166,20.235736],[-99.767529,20.235718],[-99.767828,20.235706],[-99.7693,20.236121],[-99.770135,20.236142],[-99.770835,20.236043],[-99.770875,20.236031],[-99.770981,20.236012],[-99.771661,20.235821],[-99.772381,20.235456],[-99.772876,20.235118],[-99.775274,20.233259],[-99.776704,20.232128],[-99.777127,20.231882],[-99.777813,20.231722],[-99.778033,20.231692],[-99.778115,20.231695],[-99.778646,20.231853],[-99.778951,20.232029],[-99.779288,20.232248],[-99.779419,20.232054],[-99.779601,20.231596],[-99.779461,20.231362],[-99.779142,20.230847],[-99.777229,20.227735],[-99.777396,20.227668],[-99.777664,20.227577],[-99.777937,20.227484],[-99.77954,20.226942],[-99.779936,20.226808],[-99.779959,20.226801],[-99.780526,20.226635],[-99.780683,20.226581],[-99.78143,20.226326],[-99.783452,20.225669],[-99.783497,20.22565],[-99.784813,20.225203],[-99.785938,20.224818],[-99.787402,20.224365],[-99.787798,20.224243],[-99.78826,20.224094],[-99.788318,20.224076],[-99.789023,20.223869],[-99.789827,20.223606],[-99.790817,20.224363],[-99.792367,20.225531],[-99.793443,20.226356],[-99.793412,20.226446],[-99.793039,20.227509],[-99.793019,20.227565],[-99.792118,20.230133],[-99.791663,20.229773],[-99.791656,20.229817],[-99.791523,20.230693],[-99.791517,20.230735],[-99.791483,20.230961],[-99.791469,20.231052],[-99.791173,20.233009],[-99.791156,20.23312],[-99.790987,20.234235],[-99.790973,20.234327],[-99.790916,20.234707],[-99.790685,20.236235],[-99.790547,20.237146],[-99.790521,20.237315],[-99.790423,20.237964],[-99.790418,20.237994],[-99.790393,20.238164],[-99.790387,20.238202],[-99.790369,20.238318],[-99.790288,20.238856],[-99.790206,20.239396],[-99.790191,20.239495],[-99.790146,20.239796],[-99.790089,20.240167],[-99.790048,20.240441],[-99.79003,20.240558],[-99.790148,20.240666],[-99.790293,20.240798],[-99.790406,20.240902],[-99.790529,20.241014],[-99.790687,20.241159],[-99.790721,20.241191],[-99.790737,20.241205],[-99.790948,20.241398],[-99.791277,20.241699],[-99.791643,20.242035],[-99.791677,20.242131],[-99.791661,20.242557],[-99.791466,20.242735],[-99.791353,20.242838],[-99.79131,20.242878],[-99.791195,20.242984],[-99.791126,20.243112],[-99.791129,20.243222],[-99.791144,20.243652],[-99.790935,20.243567],[-99.790529,20.243335],[-99.789064,20.24205],[-99.789185,20.240172],[-99.788792,20.240337],[-99.788655,20.240399],[-99.787788,20.240773],[-99.787838,20.241371],[-99.787846,20.241506],[-99.78786,20.24167],[-99.787875,20.241812],[-99.787894,20.242029],[-99.787954,20.243052],[-99.787983,20.24339],[-99.788011,20.243564],[-99.78799,20.243963],[-99.788183,20.245235],[-99.787331,20.245664],[-99.786737,20.245963],[-99.786672,20.245995],[-99.786176,20.246245],[-99.785735,20.246467],[-99.785356,20.246657],[-99.783838,20.247421],[-99.782873,20.247907],[-99.786043,20.250264],[-99.786673,20.250732],[-99.787578,20.251405],[-99.788162,20.251839],[-99.788444,20.252048],[-99.788908,20.252393],[-99.7891,20.252536],[-99.789299,20.252684],[-99.789506,20.252838],[-99.789561,20.252879],[-99.789597,20.252906],[-99.789731,20.253005],[-99.789991,20.253199],[-99.79022,20.253368],[-99.790531,20.2536],[-99.790552,20.253615],[-99.791104,20.254026],[-99.791412,20.254255],[-99.788578,20.25931],[-99.788113,20.260266],[-99.788083,20.260333],[-99.786608,20.26071],[-99.786165,20.260289],[-99.782152,20.256469],[-99.781788,20.256123],[-99.781726,20.256065],[-99.781567,20.255916],[-99.779906,20.254363],[-99.779877,20.254336],[-99.779716,20.254185],[-99.779073,20.253584],[-99.778911,20.253432],[-99.778447,20.252998],[-99.778146,20.252717],[-99.777926,20.252511],[-99.777904,20.25249],[-99.777634,20.252238],[-99.777207,20.251839],[-99.777034,20.251677],[-99.776811,20.251468],[-99.776311,20.251],[-99.776191,20.250872],[-99.776094,20.250788],[-99.775641,20.250377],[-99.775622,20.250358],[-99.775092,20.249873],[-99.77489,20.249677],[-99.774104,20.24896],[-99.773944,20.248786],[-99.773919,20.248762],[-99.772993,20.247895],[-99.772671,20.247503],[-99.772645,20.247466],[-99.772543,20.247292],[-99.77253,20.247236],[-99.771932,20.245589],[-99.770975,20.243104],[-99.770962,20.24307],[-99.770653,20.242259],[-99.770394,20.241585],[-99.770221,20.241328],[-99.77013,20.241217],[-99.770114,20.241183],[-99.769612,20.240483],[-99.769601,20.240469]]]}},{"type":"Feature","properties":{"fid":"16","Name":"DAÑU","NombreNucl":"DAÑU","TipoNucleo":"EJIDO","NombreMuni":"NOPALA DE VILLAGRÁN","NombreEnti":"HIDALGO","nombre":"DAÑU"},"geometry":{"type":"Polygon","coordinates":[[[-99.689099,20.222415],[-99.68606,20.22126],[-99.686614,20.219578],[-99.686766,20.219147],[-99.687054,20.218516],[-99.687235,20.218388],[-99.687413,20.21784],[-99.687626,20.217096],[-99.687898,20.21626],[-99.688038,20.215842],[-99.688287,20.214346],[-99.689081,20.214562],[-99.690287,20.214741],[-99.69008,20.215439],[-99.689983,20.215746],[-99.68995,20.215903],[-99.689956,20.216044],[-99.690048,20.216638],[-99.690122,20.21678],[-99.690191,20.21674],[-99.691522,20.218121],[-99.691628,20.218031],[-99.691855,20.217986],[-99.693006,20.218264],[-99.693917,20.21841],[-99.694344,20.218314],[-99.695404,20.217465],[-99.696331,20.216717],[-99.696935,20.216349],[-99.697224,20.216342],[-99.69749,20.215843],[-99.697472,20.215794],[-99.697933,20.214852],[-99.698032,20.214585],[-99.698379,20.214029],[-99.698472,20.213745],[-99.698604,20.213412],[-99.698453,20.213122],[-99.698101,20.211434],[-99.698768,20.211323],[-99.699834,20.213465],[-99.699958,20.213688],[-99.700055,20.21392],[-99.700134,20.214091],[-99.700239,20.214161],[-99.700331,20.214218],[-99.700751,20.214596],[-99.700754,20.214621],[-99.701308,20.214979],[-99.700127,20.216166],[-99.698373,20.217936],[-99.698335,20.217995],[-99.698479,20.218582],[-99.699118,20.221201],[-99.697928,20.221428],[-99.690981,20.222373],[-99.690586,20.222359],[-99.689155,20.222403],[-99.689099,20.222415]]]}},{"type":"Feature","properties":{"fid":"17","Name":"DAÑU","NombreNucl":"DAÑU","TipoNucleo":"EJIDO","NombreMuni":"NOPALA DE VILLAGRÁN","NombreEnti":"HIDALGO","nombre":"DAÑU"},"geometry":{"type":"Polygon","coordinates":[[[-99.751255,20.247529],[-99.750217,20.245967],[-99.748786,20.244037],[-99.748773,20.243913],[-99.748192,20.243445],[-99.74732,20.242637],[-99.747242,20.242547],[-99.746899,20.242235],[-99.746349,20.24162],[-99.745891,20.240969],[-99.744779,20.239763],[-99.743262,20.238142],[-99.743053,20.237903],[-99.742715,20.237422],[-99.742579,20.237334],[-99.741314,20.235658],[-99.742631,20.235415],[-99.743959,20.235099],[-99.745488,20.234742],[-99.746622,20.234302],[-99.743791,20.233268],[-99.742041,20.231238],[-99.741875,20.231071],[-99.740418,20.229483],[-99.740074,20.229005],[-99.738255,20.226887],[-99.737646,20.22617],[-99.737162,20.225589],[-99.736651,20.224973],[-99.736616,20.224932],[-99.73643,20.224704],[-99.736377,20.224648],[-99.736346,20.224604],[-99.735869,20.224284],[-99.735729,20.224192],[-99.735578,20.224083],[-99.735423,20.223985],[-99.735261,20.223887],[-99.73521,20.223853],[-99.735106,20.223782],[-99.734945,20.223688],[-99.734788,20.223576],[-99.734733,20.223541],[-99.734576,20.223439],[-99.734424,20.22333],[-99.734262,20.223232],[-99.7341,20.223136],[-99.734045,20.223092],[-99.73317,20.222554],[-99.733139,20.22253],[-99.732873,20.222349],[-99.732547,20.22214],[-99.732246,20.221945],[-99.732089,20.221839],[-99.731133,20.221178],[-99.729469,20.220146],[-99.728104,20.219266],[-99.726898,20.218508],[-99.726509,20.21825],[-99.726185,20.218047],[-99.724654,20.21582],[-99.724432,20.215505],[-99.723891,20.214668],[-99.722537,20.212528],[-99.722444,20.212395],[-99.722102,20.212341],[-99.722322,20.210588],[-99.722301,20.210496],[-99.721672,20.208708],[-99.720518,20.206055],[-99.720476,20.205984],[-99.720178,20.20541],[-99.720166,20.205057],[-99.720133,20.203174],[-99.720124,20.202266],[-99.720238,20.202253],[-99.720276,20.201811],[-99.720105,20.201295],[-99.720115,20.20043],[-99.720238,20.199826],[-99.720983,20.199118],[-99.725745,20.194729],[-99.72509,20.192361],[-99.725106,20.192033],[-99.724595,20.190659],[-99.724396,20.189909],[-99.724243,20.186689],[-99.724209,20.185651],[-99.726896,20.185782],[-99.736116,20.18725],[-99.736406,20.187521],[-99.737328,20.187155],[-99.737208,20.18702],[-99.737464,20.186725],[-99.738456,20.187524],[-99.739907,20.188692],[-99.740003,20.188769],[-99.7401,20.188847],[-99.741481,20.189398],[-99.741935,20.189605],[-99.742011,20.190201],[-99.742078,20.19139],[-99.742278,20.194983],[-99.742803,20.20437],[-99.744102,20.20491],[-99.743525,20.206108],[-99.743184,20.206211],[-99.743081,20.207133],[-99.742833,20.207748],[-99.74321,20.208155],[-99.743045,20.210286],[-99.743666,20.210817],[-99.744931,20.212756],[-99.745145,20.213812],[-99.745766,20.214251],[-99.746765,20.214667],[-99.746997,20.215753],[-99.748067,20.219275],[-99.747801,20.221365],[-99.748977,20.22186],[-99.749111,20.221916],[-99.749693,20.222079],[-99.750104,20.222375],[-99.750308,20.22296],[-99.750523,20.224304],[-99.750948,20.225049],[-99.751329,20.225172],[-99.751605,20.225274],[-99.751865,20.225333],[-99.752044,20.225364],[-99.752158,20.225425],[-99.752692,20.225919],[-99.752862,20.226026],[-99.753236,20.225804],[-99.75355,20.226664],[-99.755746,20.23161],[-99.755993,20.23237],[-99.756828,20.235079],[-99.756839,20.235197],[-99.75716,20.23613],[-99.755424,20.235133],[-99.754923,20.234876],[-99.749888,20.233686],[-99.750011,20.233955],[-99.750061,20.234111],[-99.750852,20.236048],[-99.75152,20.23761],[-99.752129,20.239111],[-99.753185,20.241712],[-99.753523,20.242532],[-99.75419,20.244142],[-99.755507,20.247251],[-99.753508,20.247116],[-99.752721,20.247108],[-99.752524,20.247156],[-99.751255,20.247529]],[[-99.743515,20.226352],[-99.742926,20.225354],[-99.742607,20.224807],[-99.741713,20.223318],[-99.741678,20.223229],[-99.741501,20.222951],[-99.740689,20.221601],[-99.740104,20.220637],[-99.740011,20.220481],[-99.739421,20.219501],[-99.739011,20.218826],[-99.736958,20.21867],[-99.736926,20.21947],[-99.737158,20.219765],[-99.737247,20.219837],[-99.737316,20.220086],[-99.737368,20.22013],[-99.737589,20.220498],[-99.737741,20.220613],[-99.737962,20.221009],[-99.738042,20.221056],[-99.737866,20.221587],[-99.738071,20.221963],[-99.738526,20.222344],[-99.738839,20.223056],[-99.739972,20.22357],[-99.740128,20.223804],[-99.740377,20.224247],[-99.740192,20.22501],[-99.740663,20.225579],[-99.741303,20.225751],[-99.741421,20.226053],[-99.741382,20.226174],[-99.741438,20.226395],[-99.74172,20.226394],[-99.741914,20.226557],[-99.741751,20.226961],[-99.742293,20.227825],[-99.742427,20.227794],[-99.742867,20.227382],[-99.743126,20.227036],[-99.743515,20.226352]]]}},{"type":"Feature","properties":{"fid":"18","Name":"IGNACIO ZARAGOZA","NombreNucl":"IGNACIO ZARAGOZA","TipoNucleo":"EJIDO","NombreMuni":"TULA DE ALLENDE","NombreEnti":"HIDALGO","nombre":"IGNACIO ZARAGOZA"},"geometry":{"type":"Polygon","coordinates":[[[-99.296505,20.025409],[-99.296666,20.023569],[-99.303925,20.023845],[-99.305588,20.021447],[-99.305665,20.021347],[-99.306733,20.020062],[-99.30679,20.019993],[-99.30681,20.019956],[-99.307435,20.01881],[-99.30748,20.018743],[-99.307504,20.018709],[-99.307562,20.01863],[-99.307862,20.018214],[-99.307945,20.018019],[-99.307943,20.017993],[-99.307942,20.017917],[-99.307944,20.017786],[-99.307929,20.01749],[-99.307932,20.016047],[-99.307932,20.015967],[-99.307877,20.015213],[-99.307683,20.015218],[-99.3012,20.015848],[-99.301637,20.011662],[-99.297811,20.011305],[-99.298116,20.008138],[-99.298154,20.008073],[-99.29818,20.007919],[-99.29833,20.006399],[-99.29834,20.006263],[-99.298377,20.005849],[-99.298383,20.005673],[-99.29857,20.003576],[-99.298585,20.003474],[-99.298614,20.002791],[-99.298654,20.002159],[-99.298691,20.001738],[-99.298694,20.001684],[-99.298791,20.000775],[-99.298858,19.999911],[-99.298936,19.999044],[-99.298987,19.998107],[-99.299183,19.996438],[-99.299188,19.996362],[-99.299338,19.994466],[-99.299367,19.994393],[-99.300082,19.995041],[-99.302153,19.99658],[-99.30304,19.997282],[-99.304423,19.998415],[-99.305482,19.999211],[-99.306609,20.000135],[-99.306824,20.000298],[-99.307177,20.000586],[-99.308018,20.001274],[-99.30821,20.001408],[-99.308754,20.001842],[-99.311229,20.003864],[-99.311958,20.004456],[-99.312655,20.005022],[-99.313019,20.00542],[-99.313109,20.005551],[-99.313205,20.005634],[-99.313671,20.006108],[-99.313788,20.006224],[-99.314673,20.007131],[-99.315047,20.007407],[-99.315796,20.008202],[-99.315883,20.008277],[-99.316038,20.008466],[-99.316231,20.008643],[-99.31806,20.010555],[-99.318115,20.010607],[-99.318445,20.010949],[-99.318577,20.011095],[-99.318647,20.011167],[-99.318652,20.011172],[-99.319087,20.01161],[-99.319319,20.011845],[-99.319551,20.012076],[-99.319588,20.012111],[-99.319843,20.012359],[-99.319939,20.012464],[-99.320063,20.012594],[-99.320078,20.012616],[-99.320361,20.012899],[-99.320773,20.01331],[-99.321111,20.013672],[-99.321349,20.013917],[-99.321542,20.014115],[-99.321809,20.014373],[-99.321942,20.014479],[-99.322073,20.01464],[-99.322183,20.014779],[-99.32221,20.014808],[-99.322463,20.015032],[-99.322765,20.015349],[-99.322783,20.015358],[-99.322951,20.015523],[-99.323075,20.015651],[-99.323338,20.015889],[-99.323456,20.015998],[-99.323975,20.016585],[-99.325066,20.017649],[-99.327155,20.020757],[-99.329149,20.023392],[-99.329041,20.023417],[-99.328096,20.023648],[-99.327297,20.023845],[-99.32648,20.024034],[-99.326457,20.024039],[-99.326117,20.024123],[-99.325895,20.024176],[-99.325679,20.024219],[-99.325494,20.024264],[-99.325136,20.024352],[-99.32429,20.02454],[-99.324238,20.024552],[-99.324222,20.024559],[-99.323883,20.024663],[-99.32349,20.024756],[-99.323277,20.024809],[-99.323089,20.024856],[-99.322775,20.024932],[-99.322735,20.024937],[-99.322595,20.024975],[-99.32251,20.024993],[-99.32241,20.02502],[-99.322353,20.025036],[-99.321833,20.025141],[-99.321387,20.025222],[-99.321346,20.025233],[-99.321195,20.025267],[-99.320549,20.025431],[-99.320117,20.02552],[-99.320026,20.025533],[-99.319949,20.025547],[-99.319802,20.025584],[-99.319739,20.025598],[-99.319216,20.025712],[-99.318836,20.025809],[-99.318173,20.025953],[-99.31809,20.02597],[-99.317483,20.026082],[-99.317412,20.026096],[-99.315929,20.026352],[-99.315759,20.026372],[-99.314882,20.026477],[-99.31484,20.02649],[-99.313907,20.026626],[-99.312879,20.026785],[-99.312466,20.026846],[-99.311876,20.026772],[-99.31129,20.026742],[-99.310534,20.0267],[-99.30971,20.026642],[-99.309663,20.026633],[-99.308737,20.026567],[-99.307082,20.026468],[-99.30698,20.026462],[-99.305276,20.026345],[-99.304848,20.026315],[-99.304563,20.026299],[-99.303699,20.026246],[-99.303585,20.02624],[-99.303366,20.02623],[-99.296505,20.025409]]]}},{"type":"Feature","properties":{"fid":"19","Name":"JUCHITLAN","NombreNucl":"JUCHITLAN","TipoNucleo":"EJIDO","NombreMuni":"CHAPANTONGO","NombreEnti":"HIDALGO","nombre":"JUCHITLAN"},"geometry":{"type":"Polygon","coordinates":[[[-99.521108,20.196857],[-99.521037,20.196552],[-99.520623,20.195106],[-99.520517,20.194754],[-99.519914,20.192593],[-99.519612,20.191541],[-99.516079,20.188903],[-99.515753,20.188681],[-99.513635,20.187125],[-99.513545,20.187062],[-99.511268,20.185384],[-99.511251,20.185354],[-99.511282,20.185299],[-99.511395,20.18516],[-99.512942,20.183285],[-99.513979,20.182027],[-99.513839,20.181688],[-99.513035,20.179733],[-99.513013,20.179674],[-99.512625,20.178735],[-99.512026,20.177289],[-99.511833,20.176804],[-99.511717,20.176532],[-99.511536,20.176108],[-99.511212,20.175321],[-99.511012,20.174845],[-99.510493,20.173605],[-99.509962,20.173161],[-99.508869,20.172258],[-99.508312,20.171797],[-99.508209,20.171719],[-99.508116,20.171652],[-99.506972,20.170696],[-99.506489,20.170298],[-99.505742,20.169683],[-99.505601,20.169566],[-99.504556,20.168714],[-99.504193,20.168412],[-99.503494,20.16783],[-99.502437,20.166961],[-99.502261,20.166816],[-99.501328,20.166052],[-99.500315,20.165222],[-99.500272,20.165186],[-99.499169,20.164276],[-99.498323,20.163583],[-99.498079,20.163384],[-99.497007,20.162503],[-99.496378,20.161986],[-99.495919,20.161609],[-99.494891,20.160758],[-99.494424,20.160374],[-99.49377,20.159835],[-99.493406,20.159547],[-99.493345,20.159486],[-99.49274,20.158996],[-99.491838,20.158266],[-99.491744,20.158188],[-99.49134,20.157845],[-99.490966,20.157533],[-99.489572,20.156367],[-99.48954,20.15634],[-99.487757,20.154889],[-99.488992,20.154206],[-99.489916,20.153693],[-99.490812,20.153189],[-99.491733,20.152681],[-99.492652,20.152173],[-99.492862,20.152058],[-99.492963,20.152003],[-99.493555,20.151671],[-99.493626,20.151629],[-99.494598,20.151089],[-99.497188,20.149719],[-99.499101,20.148622],[-99.499149,20.14858],[-99.499471,20.14841],[-99.500024,20.149515],[-99.500322,20.150135],[-99.500394,20.150285],[-99.501109,20.151775],[-99.501831,20.153287],[-99.50188,20.15339],[-99.502654,20.155006],[-99.503247,20.156248],[-99.503429,20.156631],[-99.504576,20.159012],[-99.504687,20.159242],[-99.505136,20.160174],[-99.505776,20.161587],[-99.505869,20.161779],[-99.506103,20.162269],[-99.506837,20.163808],[-99.507491,20.16518],[-99.507667,20.16555],[-99.508812,20.167935],[-99.508856,20.168027],[-99.508898,20.168114],[-99.508942,20.168202],[-99.508959,20.168238],[-99.509629,20.169632],[-99.510082,20.170569],[-99.510656,20.171756],[-99.510951,20.172375],[-99.511721,20.173992],[-99.511857,20.174281],[-99.51224,20.1751],[-99.512497,20.175627],[-99.512867,20.176396],[-99.513228,20.177153],[-99.513586,20.177906],[-99.513648,20.178319],[-99.514387,20.179553],[-99.51441,20.179606],[-99.514434,20.179656],[-99.515288,20.181439],[-99.515817,20.18261],[-99.516047,20.18312],[-99.516755,20.184521],[-99.517379,20.185867],[-99.517473,20.18607],[-99.517987,20.187137],[-99.518357,20.187906],[-99.51885,20.188927],[-99.519518,20.190308],[-99.522102,20.190321],[-99.522156,20.190844],[-99.529766,20.19034],[-99.531213,20.19038],[-99.531509,20.190367],[-99.531679,20.19036],[-99.532021,20.190346],[-99.532863,20.190357],[-99.533557,20.190327],[-99.534615,20.190347],[-99.534505,20.191952],[-99.534457,20.194306],[-99.534438,20.194901],[-99.534426,20.19523],[-99.534425,20.195277],[-99.534296,20.195321],[-99.528861,20.196978],[-99.528654,20.197042],[-99.527711,20.197336],[-99.527333,20.197451],[-99.526516,20.1977],[-99.526597,20.196713],[-99.52635,20.196677],[-99.525818,20.197909],[-99.525377,20.198039],[-99.525277,20.198069],[-99.523871,20.198499],[-99.522261,20.198991],[-99.521506,20.199222],[-99.519512,20.199831],[-99.519071,20.199965],[-99.51784,20.200341],[-99.517754,20.200367],[-99.513138,20.201773],[-99.512764,20.201887],[-99.511856,20.202164],[-99.510921,20.20245],[-99.509941,20.202749],[-99.509885,20.202766],[-99.50814,20.203292],[-99.503187,20.204786],[-99.502489,20.202752],[-99.502457,20.202664],[-99.50834,20.20088],[-99.508519,20.200826],[-99.509538,20.200518],[-99.509762,20.200454],[-99.512174,20.199724],[-99.515837,20.198596],[-99.517564,20.198078],[-99.519347,20.197554],[-99.520253,20.197274],[-99.521146,20.196995],[-99.521108,20.196857]]]}},{"type":"Feature","properties":{"fid":"20","Name":"JUCHITLAN","NombreNucl":"JUCHITLAN","TipoNucleo":"EJIDO","NombreMuni":"CHAPANTONGO","NombreEnti":"HIDALGO","nombre":"JUCHITLAN"},"geometry":{"type":"Polygon","coordinates":[[[-99.533478,20.229141],[-99.533708,20.227168],[-99.533789,20.226478],[-99.53393,20.225256],[-99.534078,20.223967],[-99.534092,20.223756],[-99.534218,20.222693],[-99.534262,20.222308],[-99.534294,20.222025],[-99.534419,20.220947],[-99.534476,20.220629],[-99.534665,20.219586],[-99.534705,20.21911],[-99.534716,20.219026],[-99.535941,20.215267],[-99.536159,20.21457],[-99.538452,20.217898],[-99.539891,20.217963],[-99.54175,20.21591],[-99.540501,20.21406],[-99.53797,20.213184],[-99.5367,20.212838],[-99.536726,20.212758],[-99.536841,20.212408],[-99.536948,20.212084],[-99.537013,20.211884],[-99.537451,20.210554],[-99.537725,20.209687],[-99.53775,20.209616],[-99.538704,20.206851],[-99.538787,20.206612],[-99.538987,20.206008],[-99.539482,20.204507],[-99.540063,20.202768],[-99.540437,20.201649],[-99.541096,20.1997],[-99.541124,20.199616],[-99.541924,20.197177],[-99.542347,20.197737],[-99.544362,20.198871],[-99.546628,20.200153],[-99.547506,20.201031],[-99.548013,20.201597],[-99.55001,20.204087],[-99.5502,20.204306],[-99.550462,20.204571],[-99.550931,20.20499],[-99.551224,20.205217],[-99.551634,20.20552],[-99.551816,20.205633],[-99.552266,20.205882],[-99.552853,20.206174],[-99.553182,20.206321],[-99.553697,20.206503],[-99.554506,20.206704],[-99.555914,20.206875],[-99.556268,20.206896],[-99.556417,20.20689],[-99.557193,20.206831],[-99.557395,20.206811],[-99.557996,20.206696],[-99.559828,20.206181],[-99.559563,20.206981],[-99.559368,20.207567],[-99.558635,20.20975],[-99.558411,20.210418],[-99.558353,20.210592],[-99.558248,20.210932],[-99.558238,20.210964],[-99.558168,20.211194],[-99.558106,20.211395],[-99.558039,20.211613],[-99.558034,20.211629],[-99.557754,20.212537],[-99.55769,20.212745],[-99.557621,20.212988],[-99.557319,20.21408],[-99.557265,20.214249],[-99.557267,20.214339],[-99.557172,20.2146],[-99.557065,20.21489],[-99.555902,20.218467],[-99.555848,20.218499],[-99.555649,20.218682],[-99.555322,20.218982],[-99.554882,20.219413],[-99.554567,20.21972],[-99.554339,20.219944],[-99.554212,20.22004],[-99.554136,20.220098],[-99.554099,20.220126],[-99.553943,20.220244],[-99.553863,20.220358],[-99.553452,20.22094],[-99.553491,20.221752],[-99.553505,20.222036],[-99.553132,20.222052],[-99.552786,20.222067],[-99.552678,20.222072],[-99.552282,20.221831],[-99.552031,20.221679],[-99.552004,20.221693],[-99.551965,20.221712],[-99.55166,20.221867],[-99.551075,20.222162],[-99.551047,20.222177],[-99.550663,20.22237],[-99.550477,20.222464],[-99.550352,20.222528],[-99.550318,20.222545],[-99.550287,20.222561],[-99.550215,20.2227],[-99.550115,20.222899],[-99.549966,20.223192],[-99.549954,20.223216],[-99.549796,20.223528],[-99.549755,20.223624],[-99.549325,20.224635],[-99.549301,20.224691],[-99.549222,20.224876],[-99.548362,20.225674],[-99.548159,20.22587],[-99.547263,20.226727],[-99.547224,20.226765],[-99.547093,20.226896],[-99.546387,20.227573],[-99.546339,20.227618],[-99.545573,20.227846],[-99.545524,20.227613],[-99.544504,20.227776],[-99.544702,20.228766],[-99.545715,20.228578],[-99.545759,20.22868],[-99.544658,20.229435],[-99.544314,20.229572],[-99.544326,20.230555],[-99.544335,20.231291],[-99.544014,20.231413],[-99.543676,20.231718],[-99.544839,20.232936],[-99.544298,20.233001],[-99.544251,20.233007],[-99.543908,20.233048],[-99.543549,20.233091],[-99.543507,20.233096],[-99.542999,20.233158],[-99.542956,20.233163],[-99.542603,20.233205],[-99.5423,20.233242],[-99.542054,20.233271],[-99.540974,20.233385],[-99.539687,20.23352],[-99.538809,20.233612],[-99.538124,20.233684],[-99.538051,20.233692],[-99.536742,20.23383],[-99.535294,20.233982],[-99.534399,20.234138],[-99.534189,20.234174],[-99.533255,20.234279],[-99.532604,20.234352],[-99.529839,20.234658],[-99.531176,20.23293],[-99.533382,20.229962],[-99.533478,20.229141]]]}},{"type":"Feature","properties":{"fid":"21","Name":"LA PALMA","NombreNucl":"LA PALMA","TipoNucleo":"EJIDO","NombreMuni":"NOPALA DE VILLAGRÁN","NombreEnti":"HIDALGO","nombre":"LA PALMA"},"geometry":{"type":"Polygon","coordinates":[[[-99.643112,20.219995],[-99.644556,20.219847],[-99.644574,20.220578],[-99.644379,20.221098],[-99.644452,20.221497],[-99.64441,20.221803],[-99.644364,20.222032],[-99.644317,20.22225],[-99.644295,20.222472],[-99.644184,20.223246],[-99.644179,20.223288],[-99.644371,20.225081],[-99.644472,20.226167],[-99.644442,20.226417],[-99.64269,20.225482],[-99.641007,20.224687],[-99.641257,20.222344],[-99.641314,20.221819],[-99.641324,20.221738],[-99.641368,20.221386],[-99.641449,20.220612],[-99.64146,20.220583],[-99.64174,20.220578],[-99.642058,20.220543],[-99.642352,20.220496],[-99.643146,20.220392],[-99.643112,20.219995]]]}},{"type":"Feature","properties":{"fid":"22","Name":"LA PALMA","NombreNucl":"LA PALMA","TipoNucleo":"EJIDO","NombreMuni":"NOPALA DE VILLAGRÁN","NombreEnti":"HIDALGO","nombre":"LA PALMA"},"geometry":{"type":"Polygon","coordinates":[[[-99.672014,20.217185],[-99.671633,20.215227],[-99.670687,20.215243],[-99.670633,20.214649],[-99.670614,20.214351],[-99.670519,20.213297],[-99.670484,20.212807],[-99.671245,20.212237],[-99.672598,20.211958],[-99.673493,20.211762],[-99.673733,20.211429],[-99.673807,20.211331],[-99.674388,20.210526],[-99.676588,20.210776],[-99.676685,20.210823],[-99.675888,20.211927],[-99.675734,20.212095],[-99.675477,20.212453],[-99.675383,20.212584],[-99.675459,20.213545],[-99.675515,20.214552],[-99.67552,20.214656],[-99.675581,20.21584],[-99.675628,20.217135],[-99.675697,20.217915],[-99.675709,20.21819],[-99.67572,20.218454],[-99.675731,20.21855],[-99.675761,20.219058],[-99.675814,20.219964],[-99.675808,20.220026],[-99.675837,20.22059],[-99.675883,20.22146],[-99.672984,20.221919],[-99.67216,20.222232],[-99.671737,20.222392],[-99.670879,20.222718],[-99.669805,20.223101],[-99.668162,20.224075],[-99.667844,20.223411],[-99.667627,20.222996],[-99.667503,20.222759],[-99.667134,20.222092],[-99.667076,20.221976],[-99.666464,20.220772],[-99.666279,20.220389],[-99.666074,20.219956],[-99.665641,20.219075],[-99.665512,20.218823],[-99.665163,20.218076],[-99.665562,20.217933],[-99.668671,20.21757],[-99.672014,20.217185]]]}},{"type":"Feature","properties":{"fid":"23","Name":"MELCHOR OCAMPO ANTES EL SALTO","NombreNucl":"MELCHOR OCAMPO ANTES EL SALTO","TipoNucleo":"EJIDO","NombreMuni":"TEPEJI DEL RÍO DE OCAMPO","NombreEnti":"HIDALGO","nombre":"MELCHOR OCAMPO ANTES EL SALTO"},"geometry":{"type":"Polygon","coordinates":[[[-99.283345,19.941549],[-99.283032,19.938984],[-99.279793,19.940451],[-99.278605,19.938485],[-99.277907,19.938839],[-99.277424,19.939085],[-99.277346,19.939127],[-99.27703,19.939296],[-99.276303,19.939658],[-99.276261,19.939679],[-99.275659,19.939977],[-99.274834,19.940376],[-99.274595,19.940494],[-99.274322,19.940625],[-99.272997,19.941298],[-99.271509,19.942009],[-99.27145,19.942032],[-99.27128,19.942128],[-99.270829,19.942347],[-99.270198,19.942652],[-99.269504,19.942988],[-99.264319,19.945496],[-99.26347,19.945904],[-99.262927,19.946187],[-99.262626,19.946335],[-99.260298,19.947537],[-99.257659,19.937727],[-99.257653,19.9377],[-99.257408,19.936619],[-99.257404,19.936605],[-99.257399,19.936586],[-99.257259,19.935986],[-99.25723,19.935884],[-99.257223,19.935861],[-99.257077,19.93532],[-99.256945,19.93483],[-99.256898,19.934656],[-99.256822,19.93441],[-99.256694,19.933993],[-99.256582,19.933403],[-99.256574,19.933372],[-99.256422,19.932766],[-99.256326,19.932378],[-99.256282,19.932202],[-99.256155,19.931735],[-99.256035,19.931316],[-99.256006,19.931213],[-99.255748,19.930244],[-99.255719,19.930137],[-99.255378,19.928889],[-99.255259,19.928516],[-99.255248,19.928481],[-99.255233,19.928425],[-99.255121,19.928038],[-99.254998,19.927616],[-99.254998,19.92757],[-99.254957,19.92741],[-99.254863,19.927045],[-99.254733,19.926538],[-99.254715,19.926449],[-99.254557,19.92568],[-99.25452,19.925559],[-99.254299,19.924827],[-99.254272,19.924696],[-99.254093,19.923857],[-99.2538,19.922785],[-99.253503,19.921701],[-99.253364,19.921157],[-99.253356,19.921126],[-99.252973,19.919638],[-99.252963,19.9196],[-99.252547,19.917981],[-99.252543,19.917964],[-99.252534,19.917929],[-99.252373,19.917303],[-99.25233,19.917136],[-99.252169,19.916511],[-99.25202,19.915932],[-99.251929,19.915579],[-99.251747,19.914869],[-99.251649,19.914487],[-99.251502,19.913917],[-99.251369,19.9134],[-99.251357,19.913352],[-99.251215,19.912799],[-99.251099,19.91235],[-99.250941,19.911733],[-99.2509,19.911575],[-99.250692,19.910766],[-99.250555,19.910232],[-99.250448,19.909819],[-99.250226,19.908955],[-99.249992,19.907944],[-99.24997,19.90786],[-99.249813,19.907278],[-99.249625,19.906615],[-99.249367,19.905614],[-99.249356,19.90557],[-99.249298,19.905345],[-99.248859,19.903638],[-99.248698,19.903011],[-99.248515,19.902313],[-99.248457,19.902092],[-99.248182,19.901045],[-99.247933,19.900098],[-99.247914,19.900026],[-99.248765,19.899561],[-99.249645,19.89908],[-99.249688,19.899056],[-99.24974,19.899028],[-99.250479,19.898624],[-99.250929,19.898377],[-99.251763,19.897922],[-99.251984,19.8978],[-99.25202,19.897781],[-99.25221,19.897677],[-99.252372,19.897588],[-99.25336,19.89734],[-99.253541,19.897294],[-99.254887,19.896956],[-99.256237,19.896617],[-99.257396,19.896326],[-99.257473,19.896307],[-99.257837,19.896215],[-99.257873,19.896206],[-99.258731,19.895991],[-99.258918,19.895944],[-99.259876,19.895703],[-99.259915,19.895693],[-99.26015,19.895634],[-99.261259,19.895355],[-99.261522,19.895289],[-99.261859,19.895205],[-99.262057,19.895155],[-99.262174,19.895126],[-99.262319,19.895089],[-99.262442,19.895058],[-99.262715,19.89499],[-99.262798,19.894969],[-99.26379,19.89472],[-99.263814,19.894714],[-99.264741,19.894481],[-99.265239,19.894356],[-99.265738,19.89423],[-99.265788,19.894218],[-99.266415,19.89406],[-99.266714,19.893299],[-99.267192,19.892101],[-99.267768,19.890722],[-99.268277,19.889618],[-99.268352,19.889428],[-99.269328,19.886996],[-99.269401,19.886818],[-99.270054,19.885225],[-99.270151,19.884965],[-99.275686,19.871576],[-99.272493,19.870573],[-99.273109,19.868799],[-99.27799,19.871333],[-99.281426,19.873108],[-99.28784,19.87643],[-99.30214,19.883849],[-99.300832,19.885464],[-99.292295,19.896334],[-99.291405,19.897361],[-99.286258,19.902129],[-99.285348,19.902976],[-99.283844,19.904413],[-99.283628,19.904619],[-99.282484,19.905695],[-99.279412,19.908567],[-99.279373,19.908604],[-99.279,19.908963],[-99.278935,19.909024],[-99.278903,19.909055],[-99.278835,19.909119],[-99.277964,19.909946],[-99.277642,19.910403],[-99.277487,19.910623],[-99.277456,19.910667],[-99.27734,19.910831],[-99.276563,19.911935],[-99.276551,19.911957],[-99.276544,19.911966],[-99.276469,19.91207],[-99.276458,19.912086],[-99.276403,19.912157],[-99.276438,19.912185],[-99.276932,19.912574],[-99.277213,19.912796],[-99.278652,19.91393],[-99.278955,19.914163],[-99.279424,19.914525],[-99.279932,19.914873],[-99.281674,19.915746],[-99.281774,19.915796],[-99.281829,19.91579],[-99.281856,19.915787],[-99.282283,19.9158],[-99.282429,19.9156],[-99.282449,19.915606],[-99.282574,19.915716],[-99.282612,19.915796],[-99.282654,19.915944],[-99.283254,19.916475],[-99.283292,19.916546],[-99.283287,19.916628],[-99.283457,19.91672],[-99.284091,19.917065],[-99.284743,19.917419],[-99.285351,19.917749],[-99.285372,19.91776],[-99.286026,19.918076],[-99.286066,19.918095],[-99.286225,19.918177],[-99.286331,19.918311],[-99.286626,19.918522],[-99.286844,19.918797],[-99.286841,19.918804],[-99.287699,19.919927],[-99.287721,19.919957],[-99.288363,19.920797],[-99.288387,19.920829],[-99.29002,19.922969],[-99.290037,19.922991],[-99.290847,19.924052],[-99.290867,19.924077],[-99.291033,19.924295],[-99.291006,19.924304],[-99.289604,19.924749],[-99.289577,19.924757],[-99.287831,19.925315],[-99.287807,19.925326],[-99.287758,19.925348],[-99.287744,19.925354],[-99.287099,19.925555],[-99.286395,19.925748],[-99.286258,19.925819],[-99.286226,19.925828],[-99.286218,19.92583],[-99.286163,19.925846],[-99.286111,19.925862],[-99.286038,19.925885],[-99.285458,19.926071],[-99.284288,19.926448],[-99.28423,19.926467],[-99.284074,19.926517],[-99.284064,19.926521],[-99.283904,19.926585],[-99.28376,19.927087],[-99.283963,19.927557],[-99.283964,19.927576],[-99.2842,19.928323],[-99.28421,19.928356],[-99.284344,19.928719],[-99.284546,19.929267],[-99.284553,19.929278],[-99.284565,19.929312],[-99.284708,19.929712],[-99.284782,19.929924],[-99.284794,19.929961],[-99.28486,19.930149],[-99.284872,19.930182],[-99.285185,19.931016],[-99.285197,19.931051],[-99.285245,19.931188],[-99.285486,19.931884],[-99.285494,19.931907],[-99.285501,19.931929],[-99.285517,19.931958],[-99.285799,19.932754],[-99.285808,19.93278],[-99.285861,19.932959],[-99.285864,19.932969],[-99.285868,19.932982],[-99.285872,19.932995],[-99.286127,19.933803],[-99.286306,19.934251],[-99.28633,19.934323],[-99.286387,19.93449],[-99.2864,19.934697],[-99.286521,19.936543],[-99.286602,19.937793],[-99.286712,19.938028],[-99.28677,19.938154],[-99.286869,19.93839],[-99.287114,19.938945],[-99.287146,19.93903],[-99.287306,19.939397],[-99.287583,19.939989],[-99.287571,19.940009],[-99.287657,19.940301],[-99.287774,19.940455],[-99.28799,19.940671],[-99.288264,19.940896],[-99.288377,19.941071],[-99.288417,19.941558],[-99.288429,19.941703],[-99.288492,19.942406],[-99.288558,19.943152],[-99.288569,19.943274],[-99.28862,19.943858],[-99.288676,19.944502],[-99.288737,19.944668],[-99.288981,19.945413],[-99.289101,19.945603],[-99.289136,19.945655],[-99.289365,19.946025],[-99.289333,19.946048],[-99.288248,19.946847],[-99.287912,19.94756],[-99.287838,19.947717],[-99.288029,19.948097],[-99.288498,19.949032],[-99.288663,19.949361],[-99.288825,19.949682],[-99.288873,19.94978],[-99.288964,19.949961],[-99.289037,19.950105],[-99.289118,19.950267],[-99.289262,19.950553],[-99.289393,19.950815],[-99.28955,19.951127],[-99.289731,19.951488],[-99.289771,19.951568],[-99.289936,19.951897],[-99.289964,19.951952],[-99.290131,19.952285],[-99.2902,19.952423],[-99.290231,19.952486],[-99.290362,19.952747],[-99.2903,19.952766],[-99.290272,19.952775],[-99.290105,19.952826],[-99.289759,19.952934],[-99.289458,19.953025],[-99.289174,19.953111],[-99.28872,19.953251],[-99.287785,19.953539],[-99.287651,19.95358],[-99.287361,19.953555],[-99.286867,19.953512],[-99.286145,19.95345],[-99.286029,19.95344],[-99.285604,19.953403],[-99.285508,19.953395],[-99.28473,19.953328],[-99.284586,19.953315],[-99.284166,19.953279],[-99.283917,19.953234],[-99.282528,19.953126],[-99.281638,19.953057],[-99.281315,19.953032],[-99.280687,19.952983],[-99.279445,19.952887],[-99.277321,19.950117],[-99.279233,19.949227],[-99.279547,19.949081],[-99.280765,19.948514],[-99.280977,19.948415],[-99.285247,19.946425],[-99.285347,19.946379],[-99.285619,19.946252],[-99.286053,19.944929],[-99.285999,19.944861],[-99.285947,19.944796],[-99.283345,19.941549]],[[-99.27071,19.906442],[-99.270587,19.906336],[-99.270478,19.906426],[-99.270301,19.906415],[-99.269639,19.905523],[-99.269472,19.90538],[-99.26923,19.904738],[-99.26926,19.904688],[-99.269266,19.904644],[-99.268731,19.903317],[-99.268708,19.903261],[-99.268304,19.902196],[-99.268288,19.902155],[-99.268001,19.901398],[-99.268024,19.901382],[-99.268093,19.901332],[-99.268496,19.901038],[-99.268509,19.901029],[-99.269154,19.900486],[-99.269175,19.900469],[-99.26983,19.899934],[-99.269974,19.899817],[-99.269475,19.89917],[-99.268957,19.898499],[-99.268753,19.898246],[-99.267941,19.897241],[-99.267495,19.896636],[-99.267359,19.896452],[-99.267389,19.896396],[-99.2682,19.894952],[-99.26839,19.894613],[-99.26858,19.894274],[-99.269188,19.893192],[-99.264513,19.896095],[-99.264482,19.896118],[-99.26201,19.897614],[-99.261937,19.897634],[-99.261695,19.897652],[-99.261774,19.898112],[-99.261985,19.898324],[-99.262201,19.898403],[-99.26247,19.898379],[-99.262915,19.897892],[-99.263034,19.898027],[-99.262773,19.898855],[-99.262742,19.898866],[-99.262816,19.899288],[-99.263075,19.90104],[-99.263085,19.901086],[-99.26339,19.901665],[-99.263775,19.902005],[-99.263824,19.902499],[-99.264129,19.90294],[-99.264159,19.902972],[-99.26449,19.903067],[-99.265096,19.90295],[-99.265744,19.903879],[-99.265958,19.903981],[-99.266509,19.903682],[-99.266663,19.903701],[-99.266969,19.903857],[-99.26661,19.904627],[-99.266984,19.905177],[-99.267161,19.905202],[-99.267614,19.905141],[-99.267661,19.90515],[-99.26791,19.904845],[-99.268281,19.904712],[-99.268675,19.904729],[-99.268959,19.904768],[-99.269196,19.905006],[-99.26925,19.90608],[-99.269181,19.906383],[-99.267789,19.90648],[-99.267529,19.906627],[-99.267426,19.906754],[-99.267468,19.906862],[-99.267479,19.907022],[-99.267656,19.9073],[-99.267728,19.907427],[-99.268674,19.908408],[-99.268835,19.908488],[-99.270265,19.908783],[-99.270321,19.908889],[-99.270286,19.909064],[-99.270589,19.90921],[-99.270829,19.909162],[-99.270931,19.909139],[-99.27222,19.908838],[-99.272726,19.90872],[-99.27292,19.908681],[-99.273649,19.908541],[-99.273428,19.90838],[-99.272851,19.907961],[-99.27283,19.907944],[-99.271754,19.907206],[-99.27148,19.907019],[-99.271456,19.907002],[-99.271071,19.906719],[-99.270814,19.906529],[-99.270797,19.906516],[-99.27071,19.906442]]]}},{"type":"Feature","properties":{"fid":"24","Name":"MICHIMALOYA","NombreNucl":"MICHIMALOYA","TipoNucleo":"EJIDO","NombreMuni":"TULA DE ALLENDE","NombreEnti":"HIDALGO","nombre":"MICHIMALOYA"},"geometry":{"type":"Polygon","coordinates":[[[-99.43554,20.096859],[-99.435202,20.095018],[-99.433461,20.095849],[-99.43339,20.095869],[-99.431618,20.096589],[-99.431688,20.097018],[-99.431929,20.098263],[-99.4321,20.099166],[-99.431527,20.099317],[-99.428706,20.099951],[-99.428731,20.099791],[-99.42882,20.099223],[-99.428675,20.099222],[-99.428625,20.099221],[-99.427803,20.099215],[-99.427511,20.099213],[-99.427087,20.099207],[-99.427034,20.099207],[-99.424459,20.099166],[-99.424413,20.099165],[-99.424485,20.098946],[-99.425131,20.097113],[-99.424069,20.096414],[-99.422929,20.097609],[-99.421702,20.098882],[-99.421435,20.099149],[-99.419437,20.099213],[-99.417189,20.099284],[-99.417124,20.099286],[-99.416211,20.099315],[-99.416191,20.099123],[-99.416156,20.098865],[-99.416105,20.098567],[-99.416057,20.098206],[-99.41537,20.098108],[-99.413089,20.097803],[-99.410148,20.097679],[-99.409655,20.097661],[-99.409606,20.097639],[-99.409565,20.097621],[-99.408849,20.09726],[-99.408676,20.097168],[-99.408198,20.096903],[-99.407563,20.09657],[-99.405718,20.09561],[-99.405619,20.095598],[-99.405104,20.095565],[-99.40455,20.095545],[-99.404321,20.095526],[-99.403346,20.095292],[-99.402568,20.094994],[-99.402112,20.094866],[-99.40182,20.094789],[-99.401495,20.09472],[-99.401028,20.094771],[-99.400544,20.094943],[-99.400459,20.094904],[-99.400421,20.094902],[-99.400167,20.094786],[-99.39946,20.094453],[-99.399397,20.094422],[-99.398819,20.093906],[-99.398377,20.094052],[-99.398396,20.09411],[-99.397757,20.094537],[-99.397704,20.094795],[-99.396847,20.095344],[-99.396669,20.09543],[-99.396447,20.095521],[-99.396252,20.09546],[-99.395587,20.095773],[-99.394613,20.096116],[-99.394401,20.095727],[-99.39418,20.095323],[-99.394149,20.095265],[-99.393728,20.094493],[-99.394275,20.094068],[-99.394617,20.093802],[-99.394652,20.093774],[-99.394996,20.093507],[-99.395358,20.093226],[-99.395388,20.093202],[-99.395729,20.092938],[-99.396328,20.092472],[-99.396625,20.092241],[-99.396848,20.092063],[-99.396866,20.09205],[-99.396937,20.092002],[-99.397233,20.091801],[-99.397195,20.091749],[-99.397158,20.091699],[-99.396989,20.091469],[-99.396737,20.091128],[-99.396692,20.091044],[-99.396622,20.090916],[-99.396549,20.090819],[-99.396238,20.090408],[-99.39609,20.090213],[-99.396022,20.09012],[-99.395856,20.089892],[-99.395687,20.089659],[-99.395625,20.089575],[-99.395614,20.08956],[-99.395541,20.08946],[-99.395261,20.089076],[-99.395166,20.088945],[-99.395032,20.088761],[-99.395591,20.088684],[-99.395667,20.088674],[-99.395767,20.088754],[-99.395809,20.088787],[-99.395932,20.088886],[-99.396202,20.089102],[-99.396753,20.089543],[-99.397136,20.08985],[-99.398613,20.088319],[-99.398632,20.087823],[-99.399571,20.088146],[-99.400074,20.088251],[-99.401396,20.088453],[-99.402303,20.085941],[-99.401507,20.085633],[-99.400939,20.085504],[-99.401046,20.085351],[-99.40135,20.082977],[-99.401404,20.082588],[-99.401456,20.082032],[-99.400142,20.080905],[-99.40016,20.080811],[-99.400255,20.080635],[-99.400418,20.080425],[-99.400456,20.080327],[-99.40156,20.076973],[-99.400773,20.076585],[-99.401845,20.072588],[-99.401945,20.072427],[-99.403212,20.072033],[-99.405608,20.071709],[-99.405923,20.071679],[-99.408551,20.071637],[-99.409473,20.071233],[-99.410102,20.070665],[-99.410117,20.070636],[-99.412126,20.067975],[-99.412362,20.067966],[-99.413028,20.067845],[-99.413792,20.067785],[-99.415649,20.067664],[-99.417014,20.067829],[-99.417997,20.06782],[-99.419876,20.067585],[-99.420605,20.067469],[-99.420926,20.067745],[-99.421255,20.068026],[-99.424967,20.071155],[-99.425937,20.07196],[-99.426676,20.072592],[-99.428021,20.073715],[-99.428572,20.074192],[-99.428798,20.074388],[-99.429101,20.074604],[-99.430127,20.0755],[-99.429967,20.075618],[-99.430372,20.076116],[-99.43019,20.07625],[-99.429377,20.076828],[-99.428563,20.077413],[-99.427723,20.078028],[-99.427684,20.078054],[-99.429153,20.080015],[-99.429429,20.080393],[-99.429372,20.080588],[-99.429387,20.080752],[-99.429291,20.081998],[-99.429242,20.082389],[-99.429096,20.083474],[-99.429103,20.083885],[-99.429058,20.084282],[-99.430313,20.085762],[-99.430873,20.085421],[-99.43095,20.085362],[-99.433152,20.083854],[-99.433736,20.082428],[-99.434317,20.081762],[-99.434525,20.081592],[-99.434734,20.081319],[-99.434583,20.08084],[-99.434514,20.08062],[-99.434321,20.080038],[-99.43414,20.079517],[-99.433982,20.079065],[-99.433943,20.078954],[-99.433724,20.078379],[-99.433524,20.077788],[-99.433359,20.077261],[-99.432865,20.075838],[-99.43273,20.075482],[-99.432345,20.074469],[-99.432231,20.074155],[-99.432043,20.073598],[-99.43178,20.072797],[-99.431603,20.072286],[-99.431476,20.07194],[-99.431468,20.071894],[-99.431407,20.0718],[-99.431187,20.070342],[-99.431174,20.070257],[-99.437099,20.06843],[-99.442672,20.066697],[-99.443302,20.066508],[-99.444228,20.066213],[-99.445493,20.065819],[-99.447457,20.065212],[-99.446534,20.066148],[-99.446471,20.066211],[-99.446093,20.066593],[-99.445742,20.066981],[-99.444985,20.067815],[-99.44467,20.068146],[-99.443771,20.06908],[-99.443146,20.069729],[-99.442631,20.070285],[-99.44255,20.070393],[-99.442601,20.07069],[-99.442723,20.070788],[-99.443291,20.071244],[-99.443694,20.071567],[-99.444045,20.071852],[-99.444354,20.072099],[-99.44476,20.072427],[-99.445035,20.072649],[-99.445239,20.072816],[-99.445627,20.073126],[-99.446019,20.073441],[-99.446601,20.07391],[-99.446673,20.073971],[-99.447012,20.074256],[-99.447511,20.07377],[-99.448498,20.072809],[-99.448821,20.072494],[-99.449238,20.072065],[-99.449551,20.071753],[-99.449615,20.071689],[-99.45351,20.067847],[-99.454712,20.068358],[-99.456604,20.069164],[-99.456942,20.069334],[-99.456867,20.069552],[-99.456161,20.071378],[-99.455496,20.072891],[-99.455478,20.072933],[-99.454822,20.074362],[-99.4548,20.07441],[-99.454406,20.075359],[-99.454263,20.075702],[-99.454647,20.075738],[-99.454575,20.076152],[-99.454078,20.076125],[-99.454014,20.077173],[-99.455079,20.077314],[-99.45643,20.077192],[-99.457773,20.076993],[-99.458142,20.077013],[-99.458207,20.07941],[-99.458371,20.080687],[-99.458394,20.080895],[-99.458407,20.081273],[-99.458503,20.082859],[-99.456244,20.08163],[-99.454369,20.081578],[-99.454001,20.083221],[-99.451915,20.083006],[-99.4502,20.082328],[-99.450145,20.082301],[-99.448665,20.08121],[-99.448675,20.081488],[-99.448309,20.082414],[-99.447965,20.08345],[-99.44784,20.083863],[-99.446043,20.084168],[-99.445712,20.084215],[-99.444121,20.083934],[-99.444041,20.085802],[-99.44392,20.08766],[-99.442297,20.087908],[-99.442024,20.08795],[-99.44208,20.088688],[-99.442106,20.089382],[-99.442106,20.09058],[-99.441881,20.092317],[-99.443521,20.094218],[-99.442472,20.09618],[-99.439434,20.09821],[-99.437749,20.09937],[-99.437522,20.099565],[-99.436762,20.10016],[-99.43597,20.100781],[-99.435927,20.099554],[-99.434077,20.099484],[-99.434058,20.099216],[-99.433801,20.097615],[-99.433837,20.097607],[-99.43554,20.096859]]]}},{"type":"Feature","properties":{"fid":"25","Name":"OCAMPO","NombreNucl":"OCAMPO","TipoNucleo":"EJIDO","NombreMuni":"ATOTONILCO DE TULA","NombreEnti":"HIDALGO","nombre":"OCAMPO"},"geometry":{"type":"Polygon","coordinates":[[[-99.305477,19.963544],[-99.305495,19.963519],[-99.305673,19.963696],[-99.306257,19.964275],[-99.306469,19.964492],[-99.306592,19.964693],[-99.306694,19.965037],[-99.307084,19.965384],[-99.30768,19.965987],[-99.307752,19.96614],[-99.307573,19.965999],[-99.307096,19.96577],[-99.306397,19.965378],[-99.30615,19.965244],[-99.305819,19.965065],[-99.305478,19.964427],[-99.305162,19.963849],[-99.305361,19.96365],[-99.305477,19.963544]]]}},{"type":"Feature","properties":{"fid":"27","Name":"PROGRESO","NombreNucl":"PROGRESO","TipoNucleo":"EJIDO","NombreMuni":"ATOTONILCO DE TULA","NombreEnti":"HIDALGO","nombre":"PROGRESO"},"geometry":{"type":"Polygon","coordinates":[[[-99.308704,19.975013],[-99.308264,19.975356],[-99.308166,19.975295],[-99.307841,19.975093],[-99.307751,19.974885],[-99.307542,19.974409],[-99.30737,19.973601],[-99.307418,19.973312],[-99.307848,19.972863],[-99.307963,19.972255],[-99.308092,19.971911],[-99.307605,19.971134],[-99.307179,19.970982],[-99.306994,19.969929],[-99.306965,19.969944],[-99.306527,19.970181],[-99.306143,19.970389],[-99.305971,19.970485],[-99.305941,19.970579],[-99.305885,19.970751],[-99.30582,19.970952],[-99.305758,19.971143],[-99.305697,19.971332],[-99.305662,19.97144],[-99.305662,19.971497],[-99.30566,19.97171],[-99.305806,19.973599],[-99.30581,19.973624],[-99.305823,19.973695],[-99.305835,19.973943],[-99.305856,19.97422],[-99.305878,19.974494],[-99.305885,19.974585],[-99.305937,19.974639],[-99.306092,19.9748],[-99.306251,19.974963],[-99.306409,19.975126],[-99.306727,19.975455],[-99.306886,19.97562],[-99.307045,19.975784],[-99.306966,19.975812],[-99.306885,19.97584],[-99.306724,19.975897],[-99.306643,19.975925],[-99.306563,19.975954],[-99.306495,19.975977],[-99.306483,19.975981],[-99.306467,19.975986],[-99.306401,19.976003],[-99.306349,19.976016],[-99.306298,19.976028],[-99.306186,19.976056],[-99.306092,19.976079],[-99.305999,19.976101],[-99.305986,19.976104],[-99.305932,19.976113],[-99.305033,19.976437],[-99.304959,19.976379],[-99.304197,19.976174],[-99.304032,19.976146],[-99.3038,19.976159],[-99.303585,19.976191],[-99.303575,19.976192],[-99.303498,19.976216],[-99.303402,19.97625],[-99.303375,19.976253],[-99.303355,19.976255],[-99.303112,19.976333],[-99.303085,19.976342],[-99.303034,19.976359],[-99.302999,19.976363],[-99.302928,19.976369],[-99.302864,19.976374],[-99.302855,19.976375],[-99.30284,19.976396],[-99.302783,19.976489],[-99.302776,19.976497],[-99.30275,19.976525],[-99.302726,19.976551],[-99.302708,19.97657],[-99.302553,19.976736],[-99.301969,19.977361],[-99.301568,19.97779],[-99.30162,19.977902],[-99.301775,19.97824],[-99.301934,19.978584],[-99.302095,19.978935],[-99.302268,19.97931],[-99.302441,19.979686],[-99.302621,19.980078],[-99.302673,19.980191],[-99.302663,19.980377],[-99.302642,19.98051],[-99.302635,19.980554],[-99.302628,19.980594],[-99.301801,19.980764],[-99.301152,19.9807],[-99.300781,19.980664],[-99.299494,19.980508],[-99.299574,19.980176],[-99.299658,19.979823],[-99.299743,19.979471],[-99.299827,19.979118],[-99.299912,19.978766],[-99.299997,19.978413],[-99.300082,19.978061],[-99.300143,19.977803],[-99.300261,19.977314],[-99.300721,19.977165],[-99.301354,19.976903],[-99.301556,19.976801],[-99.302148,19.976442],[-99.302564,19.976177],[-99.302527,19.976006],[-99.302505,19.975949],[-99.302437,19.975756],[-99.30239,19.975611],[-99.302353,19.975487],[-99.302312,19.975339],[-99.302271,19.975181],[-99.30224,19.975042],[-99.302212,19.974903],[-99.302188,19.974771],[-99.302164,19.974625],[-99.302142,19.974461],[-99.30212,19.97426],[-99.302108,19.974126],[-99.302099,19.973984],[-99.301238,19.973788],[-99.299814,19.973532],[-99.299752,19.973532],[-99.299574,19.973509],[-99.299531,19.973504],[-99.299327,19.973477],[-99.298874,19.9734],[-99.296562,19.973007],[-99.295914,19.972897],[-99.296325,19.972612],[-99.296986,19.972108],[-99.297668,19.971778],[-99.298461,19.971393],[-99.299032,19.971147],[-99.299951,19.970732],[-99.300576,19.970476],[-99.300528,19.970819],[-99.300991,19.971058],[-99.301095,19.971031],[-99.301137,19.971023],[-99.301358,19.970982],[-99.301616,19.970922],[-99.301631,19.970846],[-99.301638,19.970823],[-99.30179,19.970816],[-99.301896,19.970798],[-99.302629,19.970671],[-99.302711,19.970661],[-99.302728,19.970658],[-99.303172,19.970587],[-99.303573,19.970545],[-99.303828,19.970482],[-99.303858,19.970474],[-99.303943,19.970451],[-99.304128,19.970454],[-99.304186,19.970455],[-99.304792,19.970351],[-99.305125,19.970267],[-99.305656,19.970101],[-99.306958,19.969809],[-99.307272,19.969706],[-99.307319,19.969702],[-99.307394,19.969695],[-99.307458,19.96969],[-99.307866,19.969626],[-99.307883,19.969659],[-99.308224,19.970311],[-99.308603,19.971035],[-99.308722,19.971977],[-99.308226,19.972979],[-99.308074,19.973286],[-99.307932,19.973572],[-99.308437,19.974083],[-99.308487,19.974133],[-99.308704,19.975013]]]}},{"type":"Feature","properties":{"fid":"26","Name":"OCAMPO","NombreNucl":"OCAMPO","TipoNucleo":"EJIDO","NombreMuni":"ATOTONILCO DE TULA","NombreEnti":"HIDALGO","nombre":"OCAMPO"},"geometry":{"type":"Polygon","coordinates":[[[-99.305444,19.966085],[-99.30523,19.965561],[-99.305997,19.965978],[-99.306301,19.966135],[-99.306602,19.966294],[-99.3063,19.966279],[-99.306053,19.966217],[-99.305444,19.966085]]]}},{"type":"Feature","properties":{"fid":"28","Name":"PUEBLO NUEVO DE JASSO","NombreNucl":"PUEBLO NUEVO DE JASSO","TipoNucleo":"EJIDO","NombreMuni":"TULA DE ALLENDE","NombreEnti":"HIDALGO","nombre":"PUEBLO NUEVO DE JASSO"},"geometry":{"type":"Polygon","coordinates":[[[-99.303352,19.950586],[-99.302346,19.950566],[-99.301802,19.9506],[-99.301234,19.95059],[-99.301227,19.95059],[-99.301201,19.950589],[-99.301098,19.950567],[-99.300182,19.950563],[-99.300147,19.950554],[-99.300106,19.950556],[-99.300045,19.950551],[-99.299906,19.950549],[-99.299851,19.950456],[-99.299731,19.950254],[-99.299676,19.950162],[-99.299558,19.949963],[-99.299479,19.949894],[-99.299442,19.949861],[-99.299141,19.949596],[-99.299115,19.949574],[-99.298763,19.949264],[-99.298479,19.949027],[-99.298217,19.948807],[-99.297947,19.948581],[-99.297763,19.948426],[-99.297582,19.948422],[-99.297516,19.948415],[-99.297392,19.948079],[-99.297344,19.947949],[-99.297147,19.947663],[-99.297015,19.94747],[-99.296861,19.947299],[-99.296693,19.947111],[-99.296682,19.947054],[-99.29656,19.946948],[-99.296244,19.946677],[-99.296299,19.946644],[-99.296696,19.946612],[-99.297082,19.946578],[-99.297159,19.946568],[-99.2983,19.946477],[-99.298715,19.946444],[-99.298756,19.946427],[-99.298888,19.946416],[-99.300006,19.946105],[-99.300079,19.946082],[-99.300729,19.945912],[-99.30106,19.945826],[-99.301688,19.945622],[-99.303846,19.945103],[-99.305232,19.94477],[-99.305422,19.944741],[-99.30577,19.944664],[-99.305197,19.945242],[-99.304977,19.945563],[-99.304967,19.945583],[-99.304665,19.946084],[-99.304551,19.946375],[-99.304543,19.946604],[-99.304573,19.946862],[-99.304638,19.94721],[-99.305032,19.947609],[-99.305569,19.948438],[-99.305782,19.948575],[-99.306233,19.948519],[-99.306384,19.948494],[-99.306484,19.948529],[-99.306731,19.948583],[-99.307042,19.948829],[-99.30723,19.949275],[-99.30713,19.949693],[-99.307101,19.949994],[-99.307248,19.950389],[-99.306507,19.950268],[-99.306428,19.950255],[-99.305627,19.950364],[-99.305567,19.950362],[-99.30471,19.950523],[-99.304249,19.950567],[-99.303917,19.950594],[-99.30383,19.950598],[-99.303556,19.950593],[-99.303352,19.950586]]]}},{"type":"Feature","properties":{"fid":"29","Name":"PUEBLO NUEVO DE JASSO","NombreNucl":"PUEBLO NUEVO DE JASSO","TipoNucleo":"EJIDO","NombreMuni":"TULA DE ALLENDE","NombreEnti":"HIDALGO","nombre":"PUEBLO NUEVO DE JASSO"},"geometry":{"type":"Polygon","coordinates":[[[-99.302673,19.980191],[-99.301568,19.97779],[-99.302726,19.976551],[-99.302783,19.976489],[-99.30284,19.976396],[-99.302855,19.976375],[-99.303034,19.976359],[-99.303085,19.976342],[-99.303355,19.976255],[-99.303402,19.97625],[-99.303498,19.976216],[-99.303575,19.976192],[-99.3038,19.976159],[-99.304032,19.976146],[-99.304197,19.976174],[-99.304959,19.976379],[-99.305033,19.976437],[-99.305932,19.976113],[-99.305986,19.976104],[-99.306092,19.976079],[-99.306467,19.975986],[-99.306495,19.975977],[-99.308264,19.975356],[-99.308315,19.975892],[-99.308316,19.975896],[-99.30794,19.976176],[-99.307808,19.976509],[-99.307881,19.976702],[-99.307918,19.976802],[-99.308314,19.976981],[-99.308617,19.977118],[-99.309288,19.977421],[-99.309674,19.977495],[-99.30978,19.977613],[-99.310137,19.978014],[-99.309543,19.978321],[-99.309317,19.978424],[-99.309113,19.978532],[-99.308963,19.978612],[-99.308762,19.978705],[-99.308572,19.9788],[-99.308398,19.978886],[-99.3082,19.978983],[-99.308127,19.979019],[-99.308093,19.979033],[-99.307791,19.979185],[-99.307594,19.979289],[-99.307424,19.979368],[-99.3074,19.979381],[-99.307241,19.979463],[-99.307051,19.979558],[-99.306956,19.979605],[-99.306853,19.979654],[-99.306567,19.979798],[-99.30637,19.979896],[-99.306349,19.979907],[-99.306211,19.979743],[-99.306056,19.979558],[-99.306041,19.979541],[-99.305818,19.979276],[-99.305688,19.979271],[-99.305234,19.979422],[-99.305048,19.979474],[-99.30501,19.979475],[-99.304957,19.979495],[-99.304792,19.979546],[-99.30408,19.979469],[-99.303975,19.979555],[-99.303896,19.979626],[-99.303789,19.979706],[-99.303709,19.979768],[-99.302673,19.980191]]]}},{"type":"Feature","properties":{"fid":"30","Name":"SAN ANTONIO TULA","NombreNucl":"SAN ANTONIO TULA","TipoNucleo":"EJIDO","NombreMuni":"TULA DE ALLENDE","NombreEnti":"HIDALGO","nombre":"SAN ANTONIO TULA"},"geometry":{"type":"Polygon","coordinates":[[[-99.429242,20.082389],[-99.429291,20.081998],[-99.429387,20.080752],[-99.429372,20.080588],[-99.429429,20.080393],[-99.429153,20.080015],[-99.427684,20.078054],[-99.427723,20.078028],[-99.428563,20.077413],[-99.429377,20.076828],[-99.43019,20.07625],[-99.430372,20.076116],[-99.430527,20.075773],[-99.430895,20.075518],[-99.431573,20.074945],[-99.432345,20.074469],[-99.43273,20.075482],[-99.432865,20.075838],[-99.433359,20.077261],[-99.433524,20.077788],[-99.433724,20.078379],[-99.433943,20.078954],[-99.433982,20.079065],[-99.43414,20.079517],[-99.434321,20.080038],[-99.434514,20.08062],[-99.434583,20.08084],[-99.434734,20.081319],[-99.434525,20.081592],[-99.434317,20.081762],[-99.433736,20.082428],[-99.433152,20.083854],[-99.43095,20.085362],[-99.430873,20.085421],[-99.430313,20.085762],[-99.429058,20.084282],[-99.429103,20.083885],[-99.429096,20.083474],[-99.429242,20.082389]],[[-99.430318,20.079227],[-99.429923,20.07913],[-99.429953,20.079387],[-99.430106,20.080224],[-99.430385,20.081749],[-99.430436,20.082036],[-99.430458,20.082207],[-99.430472,20.08225],[-99.430548,20.082244],[-99.432001,20.08215],[-99.431955,20.08192],[-99.431873,20.081348],[-99.431867,20.08077],[-99.431822,20.080177],[-99.431807,20.079575],[-99.4318,20.079435],[-99.430996,20.079311],[-99.430318,20.079227]]]}},{"type":"Feature","properties":{"fid":"31","Name":"SAN BARTOLO OZOCALPAN","NombreNucl":"SAN BARTOLO OZOCALPAN","TipoNucleo":"EJIDO","NombreMuni":"CHAPANTONGO","NombreEnti":"HIDALGO","nombre":"SAN BARTOLO OZOCALPAN"},"geometry":{"type":"Polygon","coordinates":[[[-99.508742,20.223685],[-99.507592,20.222751],[-99.502918,20.2232],[-99.50173,20.223343],[-99.500417,20.223399],[-99.500099,20.223425],[-99.499455,20.223519],[-99.499032,20.223531],[-99.498111,20.223611],[-99.496653,20.223753],[-99.496447,20.223773],[-99.495097,20.2239],[-99.495005,20.22391],[-99.494902,20.223915],[-99.494921,20.223358],[-99.494932,20.223033],[-99.494943,20.222767],[-99.494962,20.22217],[-99.494968,20.222022],[-99.494996,20.221229],[-99.495014,20.220701],[-99.495024,20.220326],[-99.495032,20.220196],[-99.495049,20.219714],[-99.495066,20.219206],[-99.495085,20.218645],[-99.495097,20.218356],[-99.495102,20.21814],[-99.495121,20.217593],[-99.49518,20.216197],[-99.495185,20.216131],[-99.495174,20.215765],[-99.495191,20.215213],[-99.495212,20.214636],[-99.495226,20.214199],[-99.495254,20.213072],[-99.495256,20.212984],[-99.495275,20.212324],[-99.495277,20.212244],[-99.495291,20.21183],[-99.495715,20.211276],[-99.495878,20.211079],[-99.496285,20.210553],[-99.496783,20.20994],[-99.498077,20.208603],[-99.499007,20.207106],[-99.499616,20.206328],[-99.500389,20.20537],[-99.500606,20.205069],[-99.500947,20.204604],[-99.501117,20.204385],[-99.502348,20.202798],[-99.502457,20.202664],[-99.502489,20.202752],[-99.503187,20.204786],[-99.50814,20.203292],[-99.509885,20.202766],[-99.509941,20.202749],[-99.510921,20.20245],[-99.511856,20.202164],[-99.512764,20.201887],[-99.513138,20.201773],[-99.517754,20.200367],[-99.51784,20.200341],[-99.519071,20.199965],[-99.519512,20.199831],[-99.521506,20.199222],[-99.522261,20.198991],[-99.523871,20.198499],[-99.525277,20.198069],[-99.525377,20.198039],[-99.525818,20.197909],[-99.52635,20.196677],[-99.526597,20.196713],[-99.526516,20.1977],[-99.527333,20.197451],[-99.527711,20.197336],[-99.528654,20.197042],[-99.528861,20.196978],[-99.534296,20.195321],[-99.534425,20.195277],[-99.534426,20.19523],[-99.534438,20.194901],[-99.534457,20.194306],[-99.534505,20.191952],[-99.534615,20.190347],[-99.535853,20.190346],[-99.536699,20.190343],[-99.537416,20.19036],[-99.539748,20.190416],[-99.541547,20.190354],[-99.544282,20.190693],[-99.544569,20.191446],[-99.543818,20.192488],[-99.542452,20.194175],[-99.542085,20.194679],[-99.541873,20.195136],[-99.541731,20.1955],[-99.541631,20.195991],[-99.54163,20.196454],[-99.541811,20.197052],[-99.541924,20.197177],[-99.541124,20.199616],[-99.541096,20.1997],[-99.540437,20.201649],[-99.540063,20.202768],[-99.539482,20.204507],[-99.538987,20.206008],[-99.538787,20.206612],[-99.538704,20.206851],[-99.53775,20.209616],[-99.537725,20.209687],[-99.537451,20.210554],[-99.537013,20.211884],[-99.536948,20.212084],[-99.536841,20.212408],[-99.536726,20.212758],[-99.5367,20.212838],[-99.536623,20.213054],[-99.536159,20.21457],[-99.535941,20.215267],[-99.534716,20.219026],[-99.534705,20.21911],[-99.534665,20.219586],[-99.534476,20.220629],[-99.534419,20.220947],[-99.534294,20.222025],[-99.534262,20.222308],[-99.534218,20.222693],[-99.534092,20.223756],[-99.534078,20.223967],[-99.53393,20.225256],[-99.533789,20.226478],[-99.533708,20.227168],[-99.533478,20.229141],[-99.533382,20.229962],[-99.531176,20.23293],[-99.529839,20.234658],[-99.529758,20.234748],[-99.529699,20.234812],[-99.528689,20.235926],[-99.5284,20.236294],[-99.527575,20.237347],[-99.527454,20.237506],[-99.527034,20.238039],[-99.526003,20.23935],[-99.525952,20.239151],[-99.525797,20.238129],[-99.525703,20.23762],[-99.524739,20.237375],[-99.524805,20.237165],[-99.525029,20.236565],[-99.524617,20.236317],[-99.523549,20.23545],[-99.51898,20.231963],[-99.518909,20.231912],[-99.517592,20.230831],[-99.515895,20.229321],[-99.513611,20.227556],[-99.51297,20.227071],[-99.512181,20.226433],[-99.510833,20.225372],[-99.508742,20.223685]]]}},{"type":"Feature","properties":{"fid":"32","Name":"SAN FRANCISCO BOJAY","NombreNucl":"SAN FRANCISCO BOJAY","TipoNucleo":"EJIDO","NombreMuni":"TULA DE ALLENDE","NombreEnti":"HIDALGO","nombre":"SAN FRANCISCO BOJAY"},"geometry":{"type":"Polygon","coordinates":[[[-99.349158,20.09937],[-99.348726,20.099293],[-99.348281,20.099208],[-99.348007,20.099156],[-99.347839,20.099118],[-99.347648,20.099083],[-99.347414,20.099038],[-99.346438,20.098814],[-99.346418,20.098812],[-99.345533,20.098611],[-99.345294,20.098558],[-99.345095,20.098526],[-99.345001,20.098503],[-99.344685,20.09844],[-99.344593,20.098419],[-99.342783,20.098016],[-99.342264,20.097917],[-99.342055,20.09789],[-99.341137,20.09772],[-99.340095,20.097529],[-99.339976,20.097541],[-99.339729,20.09754],[-99.338689,20.097513],[-99.338316,20.097488],[-99.338309,20.097522],[-99.337629,20.097487],[-99.336466,20.09741],[-99.336222,20.097384],[-99.336002,20.097241],[-99.335574,20.096867],[-99.335059,20.096418],[-99.334837,20.096232],[-99.334614,20.09603],[-99.334284,20.095728],[-99.333827,20.09534],[-99.333624,20.095158],[-99.333333,20.094929],[-99.333258,20.094874],[-99.333132,20.094768],[-99.333029,20.094695],[-99.331964,20.093833],[-99.331348,20.093286],[-99.331168,20.093137],[-99.330384,20.092487],[-99.329756,20.091974],[-99.32972,20.091963],[-99.329661,20.091959],[-99.329574,20.091934],[-99.329511,20.091916],[-99.326757,20.091281],[-99.32638,20.091204],[-99.325921,20.091108],[-99.325889,20.091115],[-99.325227,20.090956],[-99.324472,20.090758],[-99.324099,20.090686],[-99.322706,20.090375],[-99.322677,20.090369],[-99.322103,20.090201],[-99.322146,20.089629],[-99.322144,20.089554],[-99.322143,20.089482],[-99.322141,20.089419],[-99.322229,20.088588],[-99.322317,20.088505],[-99.322333,20.088446],[-99.322419,20.088292],[-99.322552,20.087967],[-99.322622,20.087669],[-99.322744,20.087441],[-99.322748,20.087435],[-99.322964,20.087105],[-99.323092,20.086857],[-99.323267,20.086588],[-99.323268,20.086585],[-99.323452,20.086227],[-99.323813,20.085847],[-99.323915,20.085739],[-99.324319,20.085392],[-99.324746,20.085042],[-99.325144,20.084716],[-99.32534,20.084554],[-99.325378,20.084443],[-99.32541,20.084349],[-99.325444,20.084248],[-99.32599,20.083249],[-99.32635,20.08246],[-99.326439,20.082263],[-99.3265,20.081796],[-99.326503,20.081777],[-99.326517,20.081722],[-99.326631,20.081296],[-99.3267,20.081037],[-99.326786,20.080732],[-99.326884,20.080386],[-99.327075,20.079711],[-99.327325,20.079081],[-99.327424,20.078831],[-99.327499,20.078329],[-99.327531,20.078122],[-99.327595,20.077692],[-99.327639,20.077397],[-99.327674,20.077397],[-99.330335,20.077354],[-99.330428,20.077343],[-99.330572,20.077327],[-99.330732,20.077309],[-99.334299,20.077325],[-99.334376,20.077326],[-99.335219,20.077329],[-99.335355,20.07733],[-99.335513,20.077343],[-99.335633,20.077328],[-99.335689,20.07732],[-99.335896,20.077315],[-99.344508,20.077246],[-99.34597,20.07724],[-99.346967,20.077223],[-99.347973,20.077222],[-99.348501,20.077503],[-99.348816,20.077671],[-99.348736,20.07827],[-99.348617,20.079195],[-99.349015,20.079765],[-99.348531,20.080008],[-99.347825,20.080241],[-99.34734,20.080822],[-99.346974,20.081353],[-99.346983,20.081571],[-99.346499,20.082292],[-99.345999,20.082418],[-99.346378,20.082651],[-99.346384,20.082826],[-99.345818,20.083299],[-99.34539,20.083644],[-99.34511,20.083834],[-99.345013,20.084432],[-99.34512,20.084568],[-99.345436,20.085193],[-99.345776,20.085898],[-99.345984,20.086411],[-99.345908,20.087279],[-99.346095,20.088216],[-99.346565,20.089019],[-99.346612,20.08935],[-99.347104,20.089819],[-99.347411,20.090099],[-99.347517,20.090605],[-99.347928,20.090755],[-99.347746,20.091331],[-99.348411,20.091155],[-99.348782,20.091154],[-99.349377,20.091994],[-99.349806,20.092612],[-99.34938,20.093124],[-99.349451,20.093228],[-99.349639,20.093258],[-99.349638,20.093221],[-99.350072,20.09315],[-99.350594,20.093281],[-99.350738,20.093602],[-99.350629,20.093747],[-99.350535,20.094528],[-99.351261,20.094215],[-99.351496,20.094434],[-99.350994,20.095112],[-99.351362,20.095165],[-99.35154,20.095503],[-99.351407,20.095679],[-99.352051,20.096281],[-99.352169,20.097214],[-99.352115,20.097338],[-99.352263,20.097337],[-99.352456,20.097723],[-99.35239,20.097839],[-99.353618,20.099102],[-99.353595,20.099252],[-99.353369,20.09935],[-99.352235,20.099352],[-99.352226,20.099394],[-99.351662,20.100009],[-99.351493,20.100309],[-99.351645,20.100694],[-99.350009,20.100353],[-99.349949,20.100339],[-99.348574,20.100044],[-99.349135,20.099415],[-99.349148,20.099393],[-99.349158,20.09937]]]}},{"type":"Feature","properties":{"fid":"33","Name":"SAN ILDEFONSO","NombreNucl":"SAN ILDEFONSO","TipoNucleo":"EJIDO","NombreMuni":"TEPEJI DEL RÍO DE OCAMPO","NombreEnti":"HIDALGO","nombre":"SAN ILDEFONSO"},"geometry":{"type":"Polygon","coordinates":[[[-99.287583,19.939989],[-99.287306,19.939397],[-99.287146,19.93903],[-99.287114,19.938945],[-99.286869,19.93839],[-99.28677,19.938154],[-99.286712,19.938028],[-99.286602,19.937793],[-99.286521,19.936543],[-99.2864,19.934697],[-99.286387,19.93449],[-99.28633,19.934323],[-99.286306,19.934251],[-99.286127,19.933803],[-99.285872,19.932995],[-99.285868,19.932982],[-99.285864,19.932969],[-99.285861,19.932959],[-99.285808,19.93278],[-99.285799,19.932754],[-99.285517,19.931958],[-99.285501,19.931929],[-99.285494,19.931907],[-99.285486,19.931884],[-99.285245,19.931188],[-99.285197,19.931051],[-99.285185,19.931016],[-99.284872,19.930182],[-99.28486,19.930149],[-99.284794,19.929961],[-99.284782,19.929924],[-99.284708,19.929712],[-99.284565,19.929312],[-99.284553,19.929278],[-99.284546,19.929267],[-99.284344,19.928719],[-99.28421,19.928356],[-99.2842,19.928323],[-99.283964,19.927576],[-99.283963,19.927557],[-99.28376,19.927087],[-99.283904,19.926585],[-99.284064,19.926521],[-99.284074,19.926517],[-99.28423,19.926467],[-99.284288,19.926448],[-99.285458,19.926071],[-99.286038,19.925885],[-99.286111,19.925862],[-99.286163,19.925846],[-99.286218,19.92583],[-99.286226,19.925828],[-99.286258,19.925819],[-99.286395,19.925748],[-99.287099,19.925555],[-99.287744,19.925354],[-99.287758,19.925348],[-99.287807,19.925326],[-99.287831,19.925315],[-99.289577,19.924757],[-99.289604,19.924749],[-99.291006,19.924304],[-99.291033,19.924295],[-99.291047,19.924285],[-99.290865,19.924084],[-99.290845,19.924058],[-99.290352,19.923435],[-99.290027,19.923025],[-99.29001,19.923003],[-99.288276,19.920814],[-99.288255,19.920782],[-99.288102,19.92054],[-99.288062,19.920478],[-99.287687,19.920007],[-99.287664,19.919979],[-99.2868,19.918892],[-99.286844,19.918797],[-99.286626,19.918522],[-99.286331,19.918311],[-99.286225,19.918177],[-99.286066,19.918095],[-99.286026,19.918076],[-99.285372,19.91776],[-99.285351,19.917749],[-99.284743,19.917419],[-99.284091,19.917065],[-99.283457,19.91672],[-99.283287,19.916628],[-99.283292,19.916546],[-99.283254,19.916475],[-99.282654,19.915944],[-99.282612,19.915796],[-99.282574,19.915716],[-99.282449,19.915606],[-99.282429,19.9156],[-99.282283,19.9158],[-99.281856,19.915787],[-99.281829,19.91579],[-99.281774,19.915796],[-99.281674,19.915746],[-99.279932,19.914873],[-99.279424,19.914525],[-99.278955,19.914163],[-99.278652,19.91393],[-99.277213,19.912796],[-99.276932,19.912574],[-99.276438,19.912185],[-99.276403,19.912157],[-99.276458,19.912086],[-99.276469,19.91207],[-99.276544,19.911966],[-99.276551,19.911957],[-99.276563,19.911935],[-99.27734,19.910831],[-99.277456,19.910667],[-99.277487,19.910623],[-99.277642,19.910403],[-99.277964,19.909946],[-99.27799,19.909965],[-99.278854,19.910401],[-99.278865,19.910406],[-99.278878,19.910413],[-99.279068,19.91051],[-99.279673,19.91082],[-99.279708,19.910849],[-99.279755,19.910874],[-99.279823,19.91091],[-99.280482,19.911258],[-99.280677,19.911358],[-99.280885,19.911466],[-99.281267,19.911663],[-99.281373,19.91175],[-99.281406,19.911765],[-99.281599,19.911855],[-99.281626,19.911867],[-99.282582,19.912314],[-99.283172,19.912617],[-99.283197,19.91263],[-99.28421,19.913149],[-99.284336,19.913215],[-99.28474,19.913434],[-99.284766,19.913448],[-99.285988,19.914112],[-99.286041,19.91414],[-99.286106,19.914174],[-99.286319,19.914282],[-99.286344,19.914295],[-99.287839,19.915052],[-99.287886,19.915077],[-99.288788,19.915533],[-99.288813,19.915546],[-99.289558,19.915923],[-99.290665,19.916522],[-99.290698,19.916539],[-99.290916,19.916657],[-99.291113,19.916765],[-99.29114,19.916772],[-99.293056,19.917773],[-99.293106,19.917799],[-99.292978,19.918484],[-99.292889,19.918926],[-99.292707,19.919852],[-99.292351,19.921685],[-99.29227,19.922155],[-99.291743,19.924825],[-99.291858,19.926422],[-99.292028,19.928402],[-99.292077,19.92903],[-99.29222,19.930891],[-99.292403,19.933254],[-99.292492,19.934404],[-99.292661,19.934502],[-99.292783,19.934577],[-99.293952,19.935279],[-99.296195,19.936617],[-99.296241,19.936641],[-99.296601,19.936855],[-99.296726,19.936927],[-99.298101,19.937709],[-99.298119,19.93772],[-99.298402,19.937881],[-99.298842,19.938132],[-99.29943,19.938463],[-99.300052,19.93881],[-99.298298,19.939028],[-99.298258,19.939032],[-99.296979,19.939175],[-99.295576,19.939318],[-99.29548,19.939338],[-99.295071,19.939396],[-99.294799,19.939437],[-99.294499,19.939481],[-99.293191,19.939681],[-99.293112,19.939694],[-99.292824,19.939741],[-99.292718,19.939799],[-99.292396,19.939785],[-99.292064,19.939898],[-99.291766,19.940012],[-99.291745,19.94002],[-99.291518,19.940141],[-99.291318,19.940235],[-99.291091,19.940274],[-99.290857,19.940295],[-99.290611,19.940356],[-99.290399,19.940429],[-99.290363,19.940442],[-99.290317,19.940452],[-99.290052,19.940524],[-99.289387,19.940693],[-99.288977,19.940788],[-99.288611,19.941023],[-99.28847,19.941052],[-99.288377,19.941071],[-99.288264,19.940896],[-99.28799,19.940671],[-99.287774,19.940455],[-99.287657,19.940301],[-99.287571,19.940009],[-99.287583,19.939989]]]}},{"type":"Feature","properties":{"fid":"34","Name":"SAN ILDEFONSO","NombreNucl":"SAN ILDEFONSO","TipoNucleo":"EJIDO","NombreMuni":"TEPEJI DEL RÍO DE OCAMPO","NombreEnti":"HIDALGO","nombre":"SAN ILDEFONSO"},"geometry":{"type":"Polygon","coordinates":[[[-99.266875,19.904652],[-99.267074,19.904063],[-99.267091,19.903687],[-99.26701,19.903559],[-99.266874,19.903535],[-99.266391,19.903523],[-99.265916,19.903802],[-99.265204,19.902715],[-99.26455,19.902872],[-99.264211,19.902707],[-99.263916,19.901847],[-99.263475,19.901508],[-99.263299,19.901209],[-99.263143,19.900553],[-99.263172,19.900184],[-99.263433,19.900022],[-99.263994,19.899672],[-99.264587,19.899302],[-99.265356,19.898822],[-99.265924,19.898468],[-99.265969,19.898437],[-99.266115,19.898348],[-99.266936,19.89785],[-99.267845,19.897299],[-99.267941,19.897241],[-99.268753,19.898246],[-99.268957,19.898499],[-99.269475,19.89917],[-99.269974,19.899817],[-99.26983,19.899934],[-99.269175,19.900469],[-99.269154,19.900486],[-99.268509,19.901029],[-99.268496,19.901038],[-99.268093,19.901332],[-99.268001,19.901398],[-99.268288,19.902155],[-99.268304,19.902196],[-99.268708,19.903261],[-99.268731,19.903317],[-99.269266,19.904644],[-99.26926,19.904688],[-99.268686,19.904546],[-99.268053,19.904611],[-99.267764,19.904768],[-99.267489,19.905031],[-99.267088,19.905031],[-99.266875,19.904652]]]}},{"type":"Feature","properties":{"fid":"35","Name":"SAN JOSE EL MARQUEZ","NombreNucl":"SAN JOSE EL MARQUEZ","TipoNucleo":"EJIDO","NombreMuni":"CHAPANTONGO","NombreEnti":"HIDALGO","nombre":"SAN JOSE EL MARQUEZ"},"geometry":{"type":"Polygon","coordinates":[[[-99.555902,20.218467],[-99.557065,20.21489],[-99.557172,20.2146],[-99.557267,20.214339],[-99.557265,20.214249],[-99.557319,20.21408],[-99.557621,20.212988],[-99.55769,20.212745],[-99.557754,20.212537],[-99.558034,20.211629],[-99.558039,20.211613],[-99.558106,20.211395],[-99.558168,20.211194],[-99.558238,20.210964],[-99.558248,20.210932],[-99.558353,20.210592],[-99.558411,20.210418],[-99.558635,20.20975],[-99.559368,20.207567],[-99.559563,20.206981],[-99.559828,20.206181],[-99.560405,20.206053],[-99.560878,20.205901],[-99.561277,20.205827],[-99.561508,20.2058],[-99.561883,20.205771],[-99.562069,20.205813],[-99.562834,20.205829],[-99.563095,20.205862],[-99.563383,20.205891],[-99.563487,20.205898],[-99.564657,20.206007],[-99.565079,20.20606],[-99.564707,20.207876],[-99.564601,20.208413],[-99.564789,20.20871],[-99.564811,20.208806],[-99.564818,20.208876],[-99.564827,20.209056],[-99.564828,20.209339],[-99.564703,20.210155],[-99.564566,20.210563],[-99.562531,20.215149],[-99.562455,20.21533],[-99.56244,20.215371],[-99.562417,20.215417],[-99.562212,20.215873],[-99.561673,20.217075],[-99.561673,20.217075],[-99.56159,20.217247],[-99.56159,20.217247],[-99.561248,20.218012],[-99.560335,20.218093],[-99.560103,20.218109],[-99.558716,20.218225],[-99.558257,20.218287],[-99.558202,20.218294],[-99.557456,20.218395],[-99.557438,20.218345],[-99.555902,20.218467]]]}},{"type":"Feature","properties":{"fid":"36","Name":"SAN LORENZO","NombreNucl":"SAN LORENZO","TipoNucleo":"EJIDO","NombreMuni":"TULA DE ALLENDE","NombreEnti":"HIDALGO","nombre":"SAN LORENZO"},"geometry":{"type":"Polygon","coordinates":[[[-99.300755,20.031545],[-99.303699,20.026246],[-99.304563,20.026299],[-99.304848,20.026315],[-99.305276,20.026345],[-99.30698,20.026462],[-99.307082,20.026468],[-99.307082,20.026468],[-99.308737,20.026567],[-99.309663,20.026633],[-99.30971,20.026642],[-99.310534,20.0267],[-99.31129,20.026742],[-99.311876,20.026772],[-99.312466,20.026846],[-99.312879,20.026785],[-99.313907,20.026626],[-99.31484,20.02649],[-99.314882,20.026477],[-99.315759,20.026372],[-99.315929,20.026352],[-99.317412,20.026096],[-99.317483,20.026082],[-99.31809,20.02597],[-99.318173,20.025953],[-99.318836,20.025809],[-99.319216,20.025712],[-99.319739,20.025598],[-99.319802,20.025584],[-99.319949,20.025547],[-99.320026,20.025533],[-99.320117,20.02552],[-99.320549,20.025431],[-99.321195,20.025267],[-99.321346,20.025233],[-99.321387,20.025222],[-99.321833,20.025141],[-99.322353,20.025036],[-99.32241,20.02502],[-99.32251,20.024993],[-99.322595,20.024975],[-99.322735,20.024937],[-99.322775,20.024932],[-99.323089,20.024856],[-99.323277,20.024809],[-99.32349,20.024756],[-99.323883,20.024663],[-99.324222,20.024559],[-99.324238,20.024552],[-99.32429,20.02454],[-99.325136,20.024352],[-99.325494,20.024264],[-99.325679,20.024219],[-99.325895,20.024176],[-99.326117,20.024123],[-99.326457,20.024039],[-99.32648,20.024034],[-99.327297,20.023845],[-99.328096,20.023648],[-99.329041,20.023417],[-99.329319,20.023767],[-99.329339,20.023792],[-99.329383,20.023844],[-99.329588,20.024091],[-99.329334,20.024448],[-99.32916,20.024706],[-99.329195,20.024912],[-99.329213,20.024998],[-99.329235,20.025096],[-99.329261,20.025247],[-99.329236,20.025505],[-99.329178,20.025823],[-99.329082,20.026103],[-99.328231,20.027496],[-99.327972,20.028453],[-99.32799,20.028692],[-99.328071,20.029261],[-99.328192,20.029588],[-99.328297,20.029802],[-99.32849,20.030173],[-99.328941,20.030743],[-99.329222,20.031457],[-99.329319,20.032009],[-99.32935,20.032451],[-99.329387,20.032967],[-99.329417,20.033203],[-99.329444,20.033456],[-99.329458,20.033709],[-99.329583,20.035107],[-99.329591,20.035199],[-99.3296,20.035306],[-99.329617,20.03554],[-99.329627,20.0356],[-99.329642,20.035734],[-99.329654,20.035868],[-99.329668,20.036006],[-99.329704,20.036325],[-99.329726,20.036573],[-99.329739,20.036707],[-99.329749,20.036826],[-99.329775,20.03705],[-99.329861,20.037899],[-99.329883,20.038082],[-99.329894,20.038213],[-99.329896,20.038242],[-99.329956,20.038848],[-99.329969,20.038995],[-99.330003,20.039509],[-99.329995,20.039578],[-99.329956,20.039575],[-99.329696,20.039563],[-99.32957,20.039558],[-99.327755,20.039491],[-99.327166,20.03944],[-99.324166,20.038296],[-99.321502,20.037392],[-99.320579,20.037191],[-99.320523,20.037179],[-99.31912,20.036802],[-99.319106,20.036791],[-99.319039,20.036773],[-99.318255,20.03656],[-99.318206,20.03654],[-99.318079,20.036504],[-99.318025,20.036495],[-99.31765,20.036392],[-99.317318,20.0363],[-99.316476,20.036069],[-99.316123,20.035959],[-99.315777,20.035851],[-99.315431,20.035743],[-99.314966,20.035602],[-99.314839,20.03556],[-99.314511,20.035451],[-99.314447,20.03543],[-99.314329,20.035422],[-99.314163,20.035419],[-99.314066,20.035388],[-99.313754,20.035287],[-99.313652,20.035254],[-99.313419,20.035191],[-99.313086,20.035101],[-99.312713,20.034999],[-99.312555,20.034957],[-99.312514,20.034945],[-99.31247,20.034936],[-99.312086,20.0348],[-99.312048,20.034787],[-99.312036,20.034784],[-99.311709,20.034706],[-99.311376,20.034627],[-99.311342,20.034619],[-99.311021,20.034555],[-99.310732,20.034498],[-99.310638,20.034472],[-99.310258,20.034369],[-99.309714,20.034221],[-99.309611,20.034194],[-99.309394,20.034138],[-99.308609,20.033935],[-99.307816,20.033764],[-99.307816,20.033764],[-99.307698,20.033739],[-99.305871,20.03331],[-99.302616,20.032182],[-99.302341,20.032087],[-99.300755,20.031545]]]}},{"type":"Feature","properties":{"fid":"37","Name":"SAN MIGUEL DE LAS PIEDRAS","NombreNucl":"SAN MIGUEL DE LAS PIEDRAS","TipoNucleo":"EJIDO","NombreMuni":"TULA DE ALLENDE","NombreEnti":"HIDALGO","nombre":"SAN MIGUEL DE LAS PIEDRAS"},"geometry":{"type":"Polygon","coordinates":[[[-99.363881,20.092897],[-99.369286,20.087419],[-99.372721,20.089037],[-99.373379,20.089416],[-99.373458,20.08946],[-99.373851,20.090036],[-99.375163,20.091643],[-99.376186,20.092886],[-99.37634,20.092992],[-99.376365,20.093077],[-99.375256,20.093674],[-99.373649,20.09373],[-99.373595,20.093758],[-99.372659,20.094241],[-99.372063,20.094549],[-99.371861,20.09472],[-99.371783,20.094787],[-99.371103,20.095363],[-99.37087,20.095561],[-99.370362,20.095878],[-99.363881,20.092897]]]}},{"type":"Feature","properties":{"fid":"38","Name":"SAN MIGUEL DE LAS PIEDRAS II","NombreNucl":"SAN MIGUEL DE LAS PIEDRAS II","TipoNucleo":"EJIDO","NombreMuni":"TULA DE ALLENDE","NombreEnti":"HIDALGO","nombre":"SAN MIGUEL DE LAS PIEDRAS II"},"geometry":{"type":"Polygon","coordinates":[[[-99.439294,20.105819],[-99.436993,20.104552],[-99.436058,20.10476],[-99.434673,20.104727],[-99.434149,20.10455],[-99.4339,20.104549],[-99.433428,20.10454],[-99.432025,20.104693],[-99.430138,20.104638],[-99.429971,20.10467],[-99.428207,20.10477],[-99.426105,20.10403],[-99.425112,20.103872],[-99.425013,20.103841],[-99.422565,20.103822],[-99.420997,20.103797],[-99.420125,20.103494],[-99.419467,20.103258],[-99.419168,20.103165],[-99.418894,20.103033],[-99.41891,20.102876],[-99.418587,20.102572],[-99.418539,20.102538],[-99.418024,20.102347],[-99.417751,20.102423],[-99.417731,20.102394],[-99.417538,20.102408],[-99.417357,20.102462],[-99.416907,20.102483],[-99.416879,20.102467],[-99.416695,20.102529],[-99.416517,20.102515],[-99.416121,20.102532],[-99.415927,20.102427],[-99.415699,20.102485],[-99.415469,20.102482],[-99.41534,20.102386],[-99.415305,20.102346],[-99.415207,20.101904],[-99.415208,20.101881],[-99.415307,20.101788],[-99.415333,20.101766],[-99.415638,20.101604],[-99.415691,20.101579],[-99.415885,20.101561],[-99.416107,20.10149],[-99.416163,20.101504],[-99.416066,20.101227],[-99.416049,20.101139],[-99.416081,20.100759],[-99.416078,20.100723],[-99.416077,20.100485],[-99.416085,20.100261],[-99.416114,20.100023],[-99.416165,20.099881],[-99.416298,20.099907],[-99.416211,20.099315],[-99.416463,20.099307],[-99.417124,20.099286],[-99.417189,20.099284],[-99.417487,20.099283],[-99.419073,20.099224],[-99.419437,20.099213],[-99.421435,20.099149],[-99.421702,20.098882],[-99.422929,20.097609],[-99.424069,20.096414],[-99.425131,20.097113],[-99.424485,20.098946],[-99.424413,20.099165],[-99.424459,20.099166],[-99.427034,20.099207],[-99.427087,20.099207],[-99.427511,20.099213],[-99.427803,20.099215],[-99.428625,20.099221],[-99.428675,20.099222],[-99.42882,20.099223],[-99.428731,20.099791],[-99.428706,20.099951],[-99.431527,20.099317],[-99.4321,20.099166],[-99.431929,20.098263],[-99.431688,20.097018],[-99.431618,20.096589],[-99.43339,20.095869],[-99.433461,20.095849],[-99.435202,20.095018],[-99.43554,20.096859],[-99.433837,20.097607],[-99.433801,20.097615],[-99.434058,20.099216],[-99.434077,20.099484],[-99.435927,20.099554],[-99.43597,20.100781],[-99.436762,20.10016],[-99.437522,20.099565],[-99.437749,20.09937],[-99.439434,20.09821],[-99.442472,20.09618],[-99.443521,20.094218],[-99.444521,20.094692],[-99.445572,20.095214],[-99.447207,20.095536],[-99.447254,20.095544],[-99.448992,20.096003],[-99.449063,20.096018],[-99.450814,20.096516],[-99.452476,20.09696],[-99.45279,20.095341],[-99.4528,20.095293],[-99.453167,20.09351],[-99.453549,20.093485],[-99.453954,20.091806],[-99.453249,20.091889],[-99.452688,20.091955],[-99.45266,20.090808],[-99.452649,20.090359],[-99.452641,20.090045],[-99.452636,20.089838],[-99.454202,20.089702],[-99.454399,20.089707],[-99.455771,20.090091],[-99.456022,20.088991],[-99.45637,20.08796],[-99.455135,20.087063],[-99.454807,20.088314],[-99.45296,20.088401],[-99.453299,20.086688],[-99.451613,20.086516],[-99.451585,20.086517],[-99.451583,20.086473],[-99.451903,20.084898],[-99.449993,20.08442],[-99.448076,20.08392],[-99.448034,20.083912],[-99.44784,20.083863],[-99.447965,20.08345],[-99.448309,20.082414],[-99.448675,20.081488],[-99.448665,20.08121],[-99.450145,20.082301],[-99.4502,20.082328],[-99.451915,20.083006],[-99.454001,20.083221],[-99.454369,20.081578],[-99.456244,20.08163],[-99.458503,20.082859],[-99.458407,20.081273],[-99.458394,20.080895],[-99.458371,20.080687],[-99.458207,20.07941],[-99.458142,20.077013],[-99.457773,20.076993],[-99.45643,20.077192],[-99.455079,20.077314],[-99.454014,20.077173],[-99.454078,20.076125],[-99.454575,20.076152],[-99.454647,20.075738],[-99.454263,20.075702],[-99.454406,20.075359],[-99.4548,20.07441],[-99.454822,20.074362],[-99.455478,20.072933],[-99.455496,20.072891],[-99.456161,20.071378],[-99.456867,20.069552],[-99.456942,20.069334],[-99.457134,20.069421],[-99.457968,20.069823],[-99.458069,20.069871],[-99.458755,20.070198],[-99.458959,20.070291],[-99.459443,20.070513],[-99.460164,20.070833],[-99.460643,20.071029],[-99.460849,20.071114],[-99.461546,20.071396],[-99.462218,20.071698],[-99.462358,20.071758],[-99.462949,20.072008],[-99.46365,20.072318],[-99.46442,20.072633],[-99.465085,20.07297],[-99.465853,20.073279],[-99.474348,20.076951],[-99.474568,20.077123],[-99.475319,20.077716],[-99.47555,20.077898],[-99.476052,20.078293],[-99.476798,20.078881],[-99.477548,20.079472],[-99.479536,20.081038],[-99.47839,20.083189],[-99.476852,20.08625],[-99.476087,20.087947],[-99.476074,20.087976],[-99.47588,20.088407],[-99.475729,20.088743],[-99.473874,20.091627],[-99.472988,20.093135],[-99.472859,20.093425],[-99.471695,20.095719],[-99.471564,20.095979],[-99.470912,20.097236],[-99.470872,20.097296],[-99.470526,20.097991],[-99.470126,20.098745],[-99.469843,20.099282],[-99.469437,20.100157],[-99.468479,20.102048],[-99.468108,20.102769],[-99.468019,20.102932],[-99.466686,20.105349],[-99.46489,20.10834],[-99.462895,20.111313],[-99.461924,20.114112],[-99.434665,20.116926],[-99.435719,20.114975],[-99.436099,20.114322],[-99.436163,20.114133],[-99.436592,20.112756],[-99.43672,20.112317],[-99.436778,20.112168],[-99.437139,20.111071],[-99.437865,20.110099],[-99.438061,20.109881],[-99.438484,20.109383],[-99.440121,20.107884],[-99.441264,20.106932],[-99.440506,20.106536],[-99.439995,20.10624],[-99.439952,20.106208],[-99.439294,20.105819]]]}},{"type":"Feature","properties":{"fid":"39","Name":"SAN MIGUEL VINDHO","NombreNucl":"SAN MIGUEL VINDHO","TipoNucleo":"EJIDO","NombreMuni":"TULA DE ALLENDE","NombreEnti":"HIDALGO","nombre":"SAN MIGUEL VINDHO"},"geometry":{"type":"Polygon","coordinates":[[[-99.302697,19.981549],[-99.302617,19.981307],[-99.302607,19.981055],[-99.302628,19.980594],[-99.302635,19.980554],[-99.302642,19.98051],[-99.302663,19.980377],[-99.302673,19.980191],[-99.303709,19.979768],[-99.303789,19.979706],[-99.303896,19.979626],[-99.303975,19.979555],[-99.30408,19.979469],[-99.304792,19.979546],[-99.304957,19.979495],[-99.30501,19.979475],[-99.305048,19.979474],[-99.305234,19.979422],[-99.305688,19.979271],[-99.305818,19.979276],[-99.306041,19.979541],[-99.306056,19.979558],[-99.306211,19.979743],[-99.306349,19.979907],[-99.30637,19.979896],[-99.306567,19.979798],[-99.306853,19.979654],[-99.306956,19.979605],[-99.307051,19.979558],[-99.307241,19.979463],[-99.3074,19.979381],[-99.307424,19.979368],[-99.307594,19.979289],[-99.307791,19.979185],[-99.308093,19.979033],[-99.308127,19.979019],[-99.3082,19.978983],[-99.308398,19.978886],[-99.308572,19.9788],[-99.308762,19.978705],[-99.308963,19.978612],[-99.309113,19.978532],[-99.309317,19.978424],[-99.309543,19.978321],[-99.310137,19.978014],[-99.310412,19.978264],[-99.310553,19.978396],[-99.3107,19.978473],[-99.311024,19.978664],[-99.311088,19.978716],[-99.31111,19.978726],[-99.31115,19.978729],[-99.311564,19.978803],[-99.31172,19.978857],[-99.312354,19.979314],[-99.311835,19.979416],[-99.31163,19.97952],[-99.311234,19.979684],[-99.310961,19.979826],[-99.310634,19.979988],[-99.30989,19.980486],[-99.309825,19.980517],[-99.309167,19.980896],[-99.30899,19.981002],[-99.308837,19.981076],[-99.308603,19.981227],[-99.308361,19.98134],[-99.308301,19.981346],[-99.308115,19.981367],[-99.308028,19.981386],[-99.307967,19.981386],[-99.307292,19.981402],[-99.307128,19.981363],[-99.307025,19.981355],[-99.306818,19.981311],[-99.306371,19.981741],[-99.306322,19.981811],[-99.306304,19.98183],[-99.305618,19.982607],[-99.30555,19.982624],[-99.305241,19.982976],[-99.305368,19.983413],[-99.304236,19.984166],[-99.303468,19.983393],[-99.303385,19.983247],[-99.303341,19.983019],[-99.302793,19.982188],[-99.302891,19.982007],[-99.302759,19.981612],[-99.302697,19.981549]]]}},{"type":"Feature","properties":{"fid":"40","Name":"SAN PEDRITO ALPUYECA","NombreNucl":"SAN PEDRITO ALPUYECA","TipoNucleo":"EJIDO","NombreMuni":"TULA DE ALLENDE","NombreEnti":"HIDALGO","nombre":"SAN PEDRITO ALPUYECA"},"geometry":{"type":"Polygon","coordinates":[[[-99.287878,20.030061],[-99.287831,20.029376],[-99.289455,20.029491],[-99.292469,20.028971],[-99.291888,20.024914],[-99.292672,20.024986],[-99.296505,20.025409],[-99.303366,20.02623],[-99.303585,20.02624],[-99.303699,20.026246],[-99.300755,20.031545],[-99.302341,20.032087],[-99.302616,20.032182],[-99.305871,20.03331],[-99.307698,20.033739],[-99.307816,20.033764],[-99.307816,20.033764],[-99.308609,20.033935],[-99.309394,20.034138],[-99.309611,20.034194],[-99.309714,20.034221],[-99.310258,20.034369],[-99.310638,20.034472],[-99.310732,20.034498],[-99.311021,20.034555],[-99.311342,20.034619],[-99.311376,20.034627],[-99.311709,20.034706],[-99.312036,20.034784],[-99.312048,20.034787],[-99.312086,20.0348],[-99.31247,20.034936],[-99.312514,20.034945],[-99.312555,20.034957],[-99.312713,20.034999],[-99.313086,20.035101],[-99.313419,20.035191],[-99.313652,20.035254],[-99.313754,20.035287],[-99.314066,20.035388],[-99.314163,20.035419],[-99.314329,20.035422],[-99.314447,20.03543],[-99.314511,20.035451],[-99.314839,20.03556],[-99.314966,20.035602],[-99.315431,20.035743],[-99.315777,20.035851],[-99.316123,20.035959],[-99.316476,20.036069],[-99.317318,20.0363],[-99.31765,20.036392],[-99.318025,20.036495],[-99.318079,20.036504],[-99.318206,20.03654],[-99.318255,20.03656],[-99.319039,20.036773],[-99.319106,20.036791],[-99.31912,20.036802],[-99.320523,20.037179],[-99.320579,20.037191],[-99.320337,20.039642],[-99.320265,20.040479],[-99.320262,20.040518],[-99.320238,20.040741],[-99.320223,20.04091],[-99.320178,20.041525],[-99.320181,20.041566],[-99.320152,20.041762],[-99.320139,20.041974],[-99.320125,20.042042],[-99.320115,20.042096],[-99.320069,20.042709],[-99.320054,20.042892],[-99.320049,20.042966],[-99.320025,20.043182],[-99.320011,20.043286],[-99.319978,20.043566],[-99.319946,20.043833],[-99.319929,20.04405],[-99.319903,20.044287],[-99.319891,20.044383],[-99.318167,20.043954],[-99.315442,20.043312],[-99.313705,20.043204],[-99.313578,20.043195],[-99.313025,20.043193],[-99.311408,20.043134],[-99.31145,20.042562],[-99.311686,20.03992],[-99.31123,20.039539],[-99.310238,20.038464],[-99.310121,20.038378],[-99.30974,20.037974],[-99.30961,20.037877],[-99.301744,20.03743],[-99.297881,20.037201],[-99.293193,20.036962],[-99.292484,20.034595],[-99.287569,20.033619],[-99.287571,20.033535],[-99.287587,20.03336],[-99.28762,20.032677],[-99.28765,20.031853],[-99.287657,20.031758],[-99.287662,20.031683],[-99.287688,20.031404],[-99.287878,20.030061]]]}},{"type":"Feature","properties":{"fid":"41","Name":"SAN SEBASTIAN TENOXTITLAN","NombreNucl":"SAN SEBASTIAN TENOXTITLAN","TipoNucleo":"EJIDO","NombreMuni":"NOPALA DE VILLAGRÁN","NombreEnti":"HIDALGO","nombre":"SAN SEBASTIAN TENOXTITLAN"},"geometry":{"type":"Polygon","coordinates":[[[-99.679906,20.21781],[-99.681409,20.217686],[-99.681406,20.217804],[-99.681427,20.218301],[-99.681424,20.2189],[-99.681422,20.218982],[-99.681386,20.219517],[-99.681239,20.220349],[-99.681223,20.220399],[-99.680948,20.220659],[-99.678234,20.221094],[-99.678151,20.221104],[-99.677996,20.221125],[-99.675883,20.22146],[-99.675814,20.219964],[-99.675761,20.219058],[-99.675731,20.21855],[-99.67572,20.218454],[-99.675709,20.21819],[-99.678863,20.217949],[-99.679265,20.217889],[-99.679906,20.21781]]]}},{"type":"Feature","properties":{"fid":"42","Name":"SANTA MARIA MICHIMALTONGO II","NombreNucl":"SANTA MARIA MICHIMALTONGO II","TipoNucleo":"EJIDO","NombreMuni":"TULA DE ALLENDE","NombreEnti":"HIDALGO","nombre":"SANTA MARIA MICHIMALTONGO II"},"geometry":{"type":"Polygon","coordinates":[[[-99.441881,20.092317],[-99.442106,20.09058],[-99.442106,20.089382],[-99.44208,20.088688],[-99.442024,20.08795],[-99.442297,20.087908],[-99.44392,20.08766],[-99.444041,20.085802],[-99.444121,20.083934],[-99.445712,20.084215],[-99.446043,20.084168],[-99.44784,20.083863],[-99.448034,20.083912],[-99.448076,20.08392],[-99.449993,20.08442],[-99.451903,20.084898],[-99.451583,20.086473],[-99.451585,20.086517],[-99.451613,20.086516],[-99.453299,20.086688],[-99.45296,20.088401],[-99.454807,20.088314],[-99.455135,20.087063],[-99.45637,20.08796],[-99.456022,20.088991],[-99.455771,20.090091],[-99.454399,20.089707],[-99.454202,20.089702],[-99.452636,20.089838],[-99.452641,20.090045],[-99.452649,20.090359],[-99.45266,20.090808],[-99.452688,20.091955],[-99.453249,20.091889],[-99.453954,20.091806],[-99.453549,20.093485],[-99.453167,20.09351],[-99.4528,20.095293],[-99.45279,20.095341],[-99.452476,20.09696],[-99.450814,20.096516],[-99.449063,20.096018],[-99.448992,20.096003],[-99.447254,20.095544],[-99.447207,20.095536],[-99.445572,20.095214],[-99.444521,20.094692],[-99.443521,20.094218],[-99.441881,20.092317]]]}},{"type":"Feature","properties":{"fid":"43","Name":"TEPEJI DEL RIO","NombreNucl":"TEPEJI DEL RIO","TipoNucleo":"EJIDO","NombreMuni":"TEPEJI DEL RÍO DE OCAMPO","NombreEnti":"HIDALGO","nombre":"TEPEJI DEL RIO"},"geometry":{"type":"Polygon","coordinates":[[[-99.263312,19.897764],[-99.262845,19.897573],[-99.262111,19.89808],[-99.26201,19.897614],[-99.264482,19.896118],[-99.264513,19.896095],[-99.269188,19.893192],[-99.267389,19.896396],[-99.267359,19.896452],[-99.267941,19.897241],[-99.267845,19.897299],[-99.266936,19.89785],[-99.266115,19.898348],[-99.265969,19.898437],[-99.265924,19.898468],[-99.265356,19.898822],[-99.264587,19.899302],[-99.263994,19.899672],[-99.263433,19.900022],[-99.263172,19.900184],[-99.263432,19.898108],[-99.263433,19.898061],[-99.263312,19.897764]]]}},{"type":"Feature","properties":{"fid":"44","Name":"TULA DE ALLENDE","NombreNucl":"TULA DE ALLENDE","TipoNucleo":"EJIDO","NombreMuni":"TULA DE ALLENDE","NombreEnti":"HIDALGO","nombre":"TULA DE ALLENDE"},"geometry":{"type":"Polygon","coordinates":[[[-99.312559,20.090392],[-99.312502,20.089315],[-99.312496,20.089193],[-99.312466,20.088624],[-99.312448,20.088339],[-99.312434,20.088119],[-99.311797,20.087421],[-99.311501,20.087096],[-99.311445,20.087063],[-99.311006,20.086595],[-99.310288,20.085829],[-99.31019,20.085724],[-99.309536,20.085005],[-99.308935,20.084344],[-99.308877,20.08427],[-99.308831,20.084221],[-99.308018,20.083359],[-99.307536,20.082847],[-99.307389,20.082691],[-99.306246,20.081477],[-99.306224,20.081455],[-99.306021,20.081257],[-99.305011,20.082111],[-99.30496,20.082154],[-99.303404,20.083464],[-99.301573,20.084999],[-99.301442,20.084948],[-99.301076,20.084572],[-99.300604,20.084087],[-99.300132,20.083602],[-99.29966,20.083116],[-99.299189,20.082632],[-99.298718,20.082147],[-99.298245,20.081662],[-99.297785,20.081188],[-99.297326,20.080716],[-99.296853,20.08023],[-99.296396,20.07976],[-99.295917,20.079268],[-99.295662,20.079006],[-99.295437,20.078775],[-99.293826,20.079208],[-99.293575,20.079266],[-99.290794,20.079985],[-99.28823,20.08064],[-99.288077,20.080664],[-99.288046,20.080677],[-99.285279,20.081408],[-99.285227,20.081417],[-99.282445,20.08213],[-99.282221,20.082156],[-99.282065,20.082191],[-99.281834,20.08225],[-99.281766,20.082267],[-99.2816,20.082312],[-99.281511,20.082335],[-99.281263,20.082391],[-99.281194,20.082419],[-99.281084,20.082446],[-99.280973,20.082471],[-99.280766,20.082493],[-99.280599,20.082488],[-99.280374,20.082467],[-99.280167,20.082426],[-99.279947,20.082368],[-99.279812,20.082304],[-99.27972,20.082261],[-99.279553,20.082141],[-99.279407,20.082085],[-99.27727,20.08005],[-99.276171,20.078985],[-99.276083,20.0789],[-99.275724,20.078557],[-99.2735,20.076428],[-99.27345,20.076361],[-99.272354,20.075323],[-99.271521,20.074529],[-99.271431,20.074439],[-99.27099,20.074436],[-99.270908,20.074522],[-99.267727,20.077872],[-99.263757,20.078813],[-99.263721,20.07874],[-99.263709,20.078639],[-99.26351,20.076902],[-99.263461,20.076574],[-99.263255,20.074827],[-99.263208,20.074081],[-99.262921,20.071761],[-99.26283,20.071018],[-99.262809,20.070849],[-99.262756,20.07042],[-99.262676,20.069774],[-99.262639,20.069488],[-99.262532,20.068661],[-99.26228,20.066287],[-99.262267,20.066101],[-99.262298,20.065758],[-99.262505,20.065712],[-99.263497,20.065527],[-99.262501,20.064393],[-99.261474,20.064594],[-99.261309,20.064627],[-99.261142,20.06465],[-99.26066,20.064201],[-99.258772,20.062382],[-99.258729,20.062335],[-99.256838,20.060553],[-99.255074,20.058853],[-99.254877,20.058654],[-99.255181,20.058625],[-99.256373,20.058553],[-99.268474,20.058104],[-99.268619,20.057997],[-99.269387,20.058129],[-99.269743,20.058203],[-99.270165,20.058281],[-99.270376,20.058321],[-99.270402,20.058961],[-99.270496,20.060058],[-99.270466,20.060559],[-99.27054,20.061941],[-99.270542,20.061987],[-99.270673,20.06443],[-99.270676,20.064487],[-99.270699,20.064922],[-99.27203,20.064875],[-99.272035,20.064956],[-99.272061,20.06546],[-99.272073,20.065705],[-99.272078,20.065802],[-99.272088,20.065999],[-99.272094,20.066033],[-99.272095,20.066049],[-99.272112,20.066279],[-99.272135,20.066586],[-99.272143,20.066687],[-99.272165,20.066984],[-99.272184,20.067235],[-99.272186,20.067263],[-99.272253,20.067591],[-99.272299,20.067987],[-99.27236,20.06882],[-99.272419,20.069602],[-99.272424,20.069662],[-99.272479,20.0708],[-99.272496,20.071123],[-99.272506,20.071294],[-99.272519,20.071594],[-99.272544,20.071863],[-99.272595,20.072636],[-99.273274,20.072549],[-99.274025,20.072452],[-99.274792,20.072353],[-99.275561,20.072254],[-99.276241,20.072167],[-99.27698,20.072071],[-99.277722,20.071976],[-99.278241,20.071909],[-99.278394,20.071889],[-99.278892,20.071852],[-99.279114,20.071832],[-99.279185,20.071833],[-99.279547,20.071804],[-99.280455,20.07043],[-99.280781,20.069937],[-99.281865,20.070417],[-99.282458,20.070679],[-99.282574,20.070726],[-99.284778,20.071633],[-99.285496,20.071929],[-99.28554,20.071956],[-99.287784,20.072895],[-99.287868,20.07293],[-99.288509,20.073191],[-99.289607,20.073646],[-99.290077,20.073871],[-99.291961,20.074647],[-99.292034,20.074686],[-99.292058,20.074696],[-99.292285,20.074784],[-99.293736,20.075395],[-99.295679,20.076214],[-99.295712,20.076227],[-99.29579,20.07626],[-99.29582,20.07628],[-99.298668,20.07747],[-99.299361,20.077759],[-99.299405,20.077777],[-99.300182,20.077828],[-99.30027,20.077807],[-99.3028,20.077172],[-99.305276,20.076515],[-99.30539,20.076509],[-99.307337,20.075971],[-99.308721,20.075595],[-99.310442,20.075162],[-99.310958,20.075038],[-99.311246,20.074963],[-99.314675,20.074072],[-99.322245,20.072023],[-99.322678,20.071978],[-99.32271,20.071778],[-99.323228,20.067358],[-99.320454,20.067029],[-99.320396,20.06702],[-99.319373,20.066922],[-99.319276,20.066914],[-99.319243,20.066911],[-99.319184,20.066904],[-99.31913,20.066899],[-99.318604,20.066843],[-99.31849,20.066835],[-99.318248,20.06681],[-99.319007,20.065747],[-99.319091,20.065587],[-99.320105,20.063615],[-99.320116,20.062946],[-99.320109,20.06227],[-99.3201,20.0621],[-99.320091,20.06193],[-99.320123,20.061923],[-99.320124,20.061537],[-99.320137,20.061476],[-99.320122,20.060849],[-99.320102,20.060225],[-99.32009,20.060023],[-99.320084,20.059909],[-99.32008,20.0598],[-99.320077,20.059542],[-99.320071,20.059489],[-99.320068,20.059279],[-99.320068,20.05917],[-99.320063,20.059015],[-99.320039,20.057874],[-99.320036,20.057782],[-99.320027,20.057446],[-99.320034,20.057269],[-99.320033,20.057184],[-99.320022,20.056608],[-99.32001,20.056223],[-99.320023,20.056078],[-99.320285,20.056108],[-99.322792,20.056367],[-99.324259,20.056519],[-99.325368,20.056633],[-99.325931,20.056692],[-99.326105,20.056716],[-99.326891,20.056827],[-99.328309,20.05711],[-99.328918,20.057095],[-99.329539,20.057137],[-99.330348,20.0572],[-99.33089,20.057259],[-99.332127,20.056538],[-99.334798,20.056844],[-99.335011,20.05689],[-99.33522,20.056881],[-99.336263,20.057002],[-99.336794,20.056968],[-99.336892,20.056962],[-99.337025,20.056952],[-99.337304,20.056933],[-99.337384,20.056926],[-99.337938,20.057034],[-99.338544,20.056992],[-99.338662,20.05618],[-99.338021,20.056206],[-99.338099,20.055326],[-99.338821,20.055471],[-99.339426,20.055798],[-99.339661,20.056118],[-99.33975,20.056709],[-99.339447,20.057416],[-99.339286,20.057695],[-99.33927,20.057865],[-99.339329,20.057971],[-99.33933,20.057981],[-99.339639,20.058715],[-99.339628,20.058881],[-99.338953,20.058876],[-99.33692,20.058748],[-99.336617,20.058979],[-99.336471,20.059053],[-99.336083,20.059104],[-99.335894,20.059463],[-99.335689,20.0598],[-99.335564,20.060023],[-99.335299,20.060439],[-99.334549,20.060472],[-99.333999,20.060663],[-99.333587,20.060868],[-99.333336,20.061016],[-99.332836,20.061167],[-99.331925,20.061455],[-99.331375,20.061637],[-99.331097,20.061728],[-99.331097,20.061578],[-99.331012,20.061223],[-99.329964,20.059267],[-99.327755,20.060159],[-99.327156,20.060402],[-99.328018,20.060902],[-99.329752,20.063275],[-99.329957,20.063806],[-99.330239,20.063782],[-99.330255,20.063989],[-99.330328,20.063988],[-99.331699,20.063828],[-99.331706,20.063861],[-99.332177,20.063787],[-99.332235,20.063781],[-99.332318,20.063775],[-99.332508,20.06375],[-99.332622,20.063737],[-99.333168,20.063693],[-99.333369,20.063676],[-99.333563,20.063658],[-99.333763,20.063636],[-99.333988,20.063605],[-99.334107,20.063595],[-99.334307,20.063575],[-99.334401,20.063563],[-99.334468,20.063558],[-99.334756,20.063528],[-99.334887,20.063515],[-99.334954,20.063514],[-99.335379,20.063456],[-99.336351,20.063354],[-99.336446,20.063349],[-99.336381,20.065043],[-99.337429,20.065039],[-99.337518,20.061742],[-99.337641,20.060455],[-99.337972,20.06047],[-99.338341,20.06051],[-99.339095,20.060493],[-99.34049,20.06096],[-99.340786,20.060982],[-99.341549,20.060957],[-99.342137,20.060729],[-99.342694,20.059957],[-99.34311,20.05975],[-99.344968,20.06027],[-99.345375,20.060463],[-99.346556,20.061115],[-99.346753,20.06153],[-99.346821,20.061674],[-99.34692,20.062666],[-99.346725,20.063296],[-99.346437,20.064161],[-99.346056,20.06461],[-99.34542,20.065602],[-99.346232,20.066303],[-99.346251,20.066392],[-99.346463,20.066974],[-99.346656,20.067505],[-99.346728,20.067584],[-99.34681,20.067847],[-99.346954,20.068094],[-99.346984,20.06814],[-99.347074,20.068431],[-99.347301,20.069161],[-99.347832,20.070869],[-99.347856,20.070947],[-99.348728,20.073409],[-99.349001,20.074186],[-99.349146,20.074609],[-99.349281,20.074987],[-99.349324,20.07509],[-99.349531,20.075575],[-99.349682,20.07593],[-99.349745,20.076077],[-99.349779,20.076158],[-99.349804,20.076215],[-99.349983,20.076636],[-99.350075,20.076853],[-99.350352,20.077496],[-99.35037,20.077538],[-99.350414,20.077641],[-99.350466,20.07776],[-99.350677,20.07825],[-99.350721,20.078375],[-99.350732,20.078408],[-99.350849,20.078755],[-99.348816,20.077671],[-99.348501,20.077503],[-99.347973,20.077222],[-99.346967,20.077223],[-99.34597,20.07724],[-99.344508,20.077246],[-99.335896,20.077315],[-99.335689,20.07732],[-99.335633,20.077328],[-99.335513,20.077343],[-99.335355,20.07733],[-99.335219,20.077329],[-99.334376,20.077326],[-99.334299,20.077325],[-99.330732,20.077309],[-99.330572,20.077327],[-99.330428,20.077343],[-99.330335,20.077354],[-99.327674,20.077397],[-99.327639,20.077397],[-99.327595,20.077692],[-99.327531,20.078122],[-99.327499,20.078329],[-99.327424,20.078831],[-99.327325,20.079081],[-99.327075,20.079711],[-99.326884,20.080386],[-99.326786,20.080732],[-99.3267,20.081037],[-99.326631,20.081296],[-99.326517,20.081722],[-99.326503,20.081777],[-99.3265,20.081796],[-99.326439,20.082263],[-99.32635,20.08246],[-99.32599,20.083249],[-99.325444,20.084248],[-99.32541,20.084349],[-99.325378,20.084443],[-99.32534,20.084554],[-99.325144,20.084716],[-99.324746,20.085042],[-99.324319,20.085392],[-99.323915,20.085739],[-99.323813,20.085847],[-99.323452,20.086227],[-99.323268,20.086585],[-99.323267,20.086588],[-99.323092,20.086857],[-99.322964,20.087105],[-99.322748,20.087435],[-99.322744,20.087441],[-99.322622,20.087669],[-99.322552,20.087967],[-99.322419,20.088292],[-99.322333,20.088446],[-99.322317,20.088505],[-99.322229,20.088588],[-99.322141,20.089419],[-99.322143,20.089482],[-99.322144,20.089554],[-99.322146,20.089629],[-99.322103,20.090201],[-99.319905,20.089668],[-99.319557,20.089571],[-99.318555,20.089372],[-99.318308,20.08986],[-99.316453,20.093523],[-99.316412,20.093606],[-99.314853,20.096746],[-99.314707,20.097047],[-99.31285,20.100776],[-99.312827,20.10003],[-99.312796,20.099037],[-99.312782,20.098602],[-99.312763,20.097994],[-99.312761,20.097918],[-99.312758,20.097813],[-99.312754,20.097669],[-99.312727,20.097426],[-99.312713,20.096691],[-99.3127,20.095976],[-99.312696,20.095665],[-99.312681,20.094595],[-99.312675,20.094135],[-99.312647,20.093573],[-99.312592,20.092493],[-99.312579,20.092241],[-99.312573,20.091492],[-99.312571,20.091254],[-99.312565,20.090478],[-99.312559,20.090392]]]}},{"type":"Feature","properties":{"fid":"45","Name":"XITEJE","NombreNucl":"XITEJE","TipoNucleo":"EJIDO","NombreMuni":"TULA DE ALLENDE","NombreEnti":"HIDALGO","nombre":"XITEJE"},"geometry":{"type":"Polygon","coordinates":[[[-99.39222,20.086078],[-99.392205,20.084536],[-99.39229,20.084606],[-99.393133,20.085191],[-99.394026,20.085752],[-99.394163,20.086055],[-99.393947,20.086554],[-99.393783,20.086995],[-99.395032,20.088761],[-99.395166,20.088945],[-99.395261,20.089076],[-99.395541,20.08946],[-99.395614,20.08956],[-99.395625,20.089575],[-99.395687,20.089659],[-99.395856,20.089892],[-99.396022,20.09012],[-99.39609,20.090213],[-99.396238,20.090408],[-99.396549,20.090819],[-99.396622,20.090916],[-99.396692,20.091044],[-99.396737,20.091128],[-99.396989,20.091469],[-99.397158,20.091699],[-99.397195,20.091749],[-99.397233,20.091801],[-99.396937,20.092002],[-99.396866,20.09205],[-99.396848,20.092063],[-99.396625,20.092241],[-99.396328,20.092472],[-99.395729,20.092938],[-99.395388,20.093202],[-99.395358,20.093226],[-99.394996,20.093507],[-99.394652,20.093774],[-99.394617,20.093802],[-99.394275,20.094068],[-99.393728,20.094493],[-99.394149,20.095265],[-99.39418,20.095323],[-99.394401,20.095727],[-99.394613,20.096116],[-99.392225,20.09672],[-99.391421,20.097001],[-99.3911,20.09833],[-99.390659,20.097715],[-99.39021,20.097082],[-99.390159,20.097002],[-99.389745,20.096419],[-99.389132,20.095563],[-99.388689,20.09493],[-99.388654,20.094887],[-99.388137,20.09415],[-99.389109,20.093511],[-99.389473,20.093269],[-99.389833,20.09306],[-99.390508,20.092649],[-99.39058,20.092609],[-99.392188,20.091613],[-99.392245,20.09157],[-99.392213,20.090724],[-99.392186,20.089722],[-99.392175,20.088752],[-99.392181,20.086974],[-99.392193,20.086449],[-99.3922,20.08637],[-99.39222,20.086078]]]}},{"type":"Feature","properties":{"fid":"46","Name":"XITEJE DE ZAPATA","NombreNucl":"XITEJE DE ZAPATA","TipoNucleo":"EJIDO","NombreMuni":"TULA DE ALLENDE","NombreEnti":"HIDALGO","nombre":"XITEJE DE ZAPATA"},"geometry":{"type":"Polygon","coordinates":[[[-99.395767,20.088754],[-99.395667,20.088674],[-99.395591,20.088684],[-99.395032,20.088761],[-99.393783,20.086995],[-99.393947,20.086554],[-99.394163,20.086055],[-99.394026,20.085752],[-99.393133,20.085191],[-99.39229,20.084606],[-99.392205,20.084536],[-99.39188,20.084271],[-99.391503,20.083998],[-99.391395,20.083919],[-99.389982,20.083011],[-99.388652,20.081986],[-99.388587,20.081945],[-99.386382,20.080324],[-99.386276,20.080277],[-99.382264,20.078634],[-99.381458,20.078183],[-99.381208,20.078087],[-99.38112,20.078062],[-99.381022,20.077975],[-99.380459,20.077392],[-99.37989,20.076799],[-99.379221,20.076093],[-99.378845,20.075728],[-99.378462,20.0753],[-99.378026,20.074855],[-99.377704,20.074511],[-99.377578,20.074399],[-99.376682,20.073476],[-99.376644,20.073438],[-99.375964,20.07275],[-99.375239,20.0721],[-99.373914,20.07085],[-99.373862,20.070817],[-99.373718,20.070679],[-99.373156,20.070421],[-99.372528,20.070133],[-99.372097,20.069938],[-99.371979,20.069896],[-99.370819,20.06934],[-99.369765,20.06833],[-99.369675,20.068241],[-99.368771,20.067362],[-99.367391,20.066048],[-99.366412,20.065386],[-99.366294,20.065309],[-99.365916,20.065049],[-99.365931,20.064994],[-99.365966,20.064542],[-99.366572,20.064703],[-99.367085,20.064809],[-99.367353,20.064868],[-99.367408,20.06488],[-99.36836,20.065111],[-99.369306,20.065339],[-99.370245,20.065569],[-99.37026,20.0656],[-99.370347,20.065617],[-99.371397,20.065822],[-99.372088,20.066151],[-99.37227,20.066048],[-99.372404,20.06608],[-99.373077,20.066243],[-99.373458,20.066334],[-99.374046,20.066475],[-99.375404,20.066805],[-99.376976,20.067215],[-99.377745,20.067416],[-99.379078,20.067763],[-99.380864,20.068229],[-99.381276,20.068335],[-99.382227,20.068581],[-99.382397,20.068608],[-99.383856,20.068709],[-99.385285,20.068808],[-99.386701,20.068945],[-99.387139,20.068988],[-99.387182,20.068992],[-99.388393,20.069104],[-99.389414,20.069207],[-99.389694,20.069231],[-99.390481,20.069261],[-99.390538,20.069262],[-99.391581,20.069274],[-99.391639,20.069273],[-99.393559,20.06926],[-99.39362,20.06927],[-99.395613,20.06928],[-99.396234,20.069269],[-99.396571,20.069236],[-99.397226,20.06909],[-99.39743,20.069044],[-99.397531,20.069671],[-99.412126,20.067975],[-99.410117,20.070636],[-99.410102,20.070665],[-99.409473,20.071233],[-99.408551,20.071637],[-99.405923,20.071679],[-99.405608,20.071709],[-99.403212,20.072033],[-99.401945,20.072427],[-99.401845,20.072588],[-99.400773,20.076585],[-99.40156,20.076973],[-99.400456,20.080327],[-99.400418,20.080425],[-99.400255,20.080635],[-99.40016,20.080811],[-99.400142,20.080905],[-99.401456,20.082032],[-99.401404,20.082588],[-99.40135,20.082977],[-99.401046,20.085351],[-99.400939,20.085504],[-99.401507,20.085633],[-99.402303,20.085941],[-99.401396,20.088453],[-99.400074,20.088251],[-99.399571,20.088146],[-99.398632,20.087823],[-99.398613,20.088319],[-99.397136,20.08985],[-99.396753,20.089543],[-99.396202,20.089102],[-99.395932,20.088886],[-99.395809,20.088787],[-99.395767,20.088754]]]}},{"type":"Feature","properties":{"fid":"47","Name":"AGUA AZUL","NombreNucl":"AGUA AZUL","TipoNucleo":"EJIDO","NombreMuni":"EL MARQUÉS","NombreEnti":"QUERÉTARO","nombre":"AGUA AZUL"},"geometry":{"type":"Polygon","coordinates":[[[-100.194593,20.615867],[-100.194195,20.614514],[-100.192215,20.614553],[-100.190055,20.614567],[-100.188357,20.614589],[-100.186668,20.614613],[-100.184671,20.614625],[-100.184666,20.614604],[-100.18445,20.613711],[-100.186603,20.611533],[-100.186636,20.611501],[-100.188204,20.609914],[-100.189417,20.608766],[-100.189365,20.608355],[-100.189334,20.608127],[-100.189036,20.605568],[-100.188895,20.605209],[-100.188761,20.604876],[-100.18769,20.602216],[-100.187671,20.602145],[-100.187546,20.601665],[-100.189757,20.595605],[-100.190721,20.592962],[-100.191337,20.591271],[-100.19192,20.589675],[-100.191957,20.589682],[-100.192,20.589685],[-100.192432,20.589732],[-100.192485,20.589737],[-100.192648,20.589752],[-100.193777,20.589857],[-100.193932,20.589169],[-100.19402,20.589096],[-100.195259,20.588079],[-100.196879,20.586748],[-100.197043,20.586613],[-100.197196,20.586488],[-100.197333,20.586375],[-100.198158,20.585427],[-100.198716,20.584813],[-100.19893,20.584773],[-100.20079,20.584426],[-100.201797,20.584238],[-100.20235,20.585019],[-100.205555,20.589398],[-100.205595,20.589443],[-100.207872,20.592607],[-100.207926,20.592671],[-100.209695,20.59512],[-100.209741,20.595187],[-100.211037,20.596932],[-100.21131,20.5973],[-100.211571,20.59763],[-100.211792,20.597933],[-100.211857,20.598021],[-100.211671,20.598109],[-100.211372,20.598218],[-100.211339,20.59824],[-100.211282,20.598254],[-100.211107,20.598328],[-100.211,20.598373],[-100.210828,20.598458],[-100.210667,20.598531],[-100.210618,20.598559],[-100.210358,20.598675],[-100.210284,20.598709],[-100.210165,20.598765],[-100.209982,20.598855],[-100.209924,20.598888],[-100.209824,20.598937],[-100.209768,20.598964],[-100.209586,20.599071],[-100.209423,20.599136],[-100.209264,20.599202],[-100.209047,20.599304],[-100.209017,20.599318],[-100.208819,20.59941],[-100.208669,20.599485],[-100.208516,20.599707],[-100.208468,20.599737],[-100.208374,20.599828],[-100.208031,20.600327],[-100.208001,20.600442],[-100.207787,20.600708],[-100.207581,20.600976],[-100.207523,20.601064],[-100.207328,20.601364],[-100.207277,20.601388],[-100.206909,20.601912],[-100.20689,20.601941],[-100.206759,20.602123],[-100.206699,20.602202],[-100.206485,20.602499],[-100.206439,20.602561],[-100.206344,20.602689],[-100.206205,20.602877],[-100.206177,20.602914],[-100.206234,20.603038],[-100.20627,20.60311],[-100.206402,20.603414],[-100.206605,20.603921],[-100.20684,20.604472],[-100.207898,20.606897],[-100.207857,20.606923],[-100.207805,20.606956],[-100.206299,20.607896],[-100.206264,20.607918],[-100.204313,20.609136],[-100.203345,20.60974],[-100.202886,20.610116],[-100.202579,20.610341],[-100.202279,20.610586],[-100.201978,20.610869],[-100.200079,20.612154],[-100.195736,20.615093],[-100.194593,20.615867]]]}},{"type":"Feature","properties":{"fid":"48","Name":"AHORCADO","NombreNucl":"AHORCADO","TipoNucleo":"EJIDO","NombreMuni":"PEDRO ESCOBEDO","NombreEnti":"QUERÉTARO","nombre":"AHORCADO"},"geometry":{"type":"Polygon","coordinates":[[[-100.171503,20.554034],[-100.171752,20.552329],[-100.171024,20.552423],[-100.171017,20.552377],[-100.170983,20.552051],[-100.170915,20.551509],[-100.17091,20.551475],[-100.170463,20.551422],[-100.169902,20.550973],[-100.169817,20.550931],[-100.169475,20.550429],[-100.169514,20.549209],[-100.168375,20.549309],[-100.168343,20.549217],[-100.168317,20.549218],[-100.166715,20.549303],[-100.165617,20.549474],[-100.165558,20.549487],[-100.165527,20.549397],[-100.165245,20.549555],[-100.16439,20.549736],[-100.1639,20.549849],[-100.16369,20.549884],[-100.163549,20.549907],[-100.163488,20.549915],[-100.163162,20.549963],[-100.163091,20.549761],[-100.161297,20.544727],[-100.161152,20.544303],[-100.160321,20.541998],[-100.159371,20.539335],[-100.157812,20.534979],[-100.161636,20.538071],[-100.161705,20.538129],[-100.162945,20.539132],[-100.165804,20.541708],[-100.165815,20.541719],[-100.169187,20.544742],[-100.169432,20.544936],[-100.169736,20.54518],[-100.169909,20.545311],[-100.169696,20.550612],[-100.169708,20.55066],[-100.17032,20.551216],[-100.170532,20.55138],[-100.170626,20.551399],[-100.176379,20.550818],[-100.176325,20.550964],[-100.175612,20.552909],[-100.174923,20.554786],[-100.171974,20.554698],[-100.171855,20.554695],[-100.171687,20.55469],[-100.169855,20.554698],[-100.171503,20.554034]]]}},{"type":"Feature","properties":{"fid":"49","Name":"CAZADERO","NombreNucl":"CAZADERO","TipoNucleo":"EJIDO","NombreMuni":"SAN JUAN DEL RÍO","NombreEnti":"QUERÉTARO","nombre":"CAZADERO"},"geometry":{"type":"Polygon","coordinates":[[[-99.846724,20.31103],[-99.846712,20.310655],[-99.84669,20.310165],[-99.846693,20.309721],[-99.846659,20.309202],[-99.846658,20.309168],[-99.846565,20.308563],[-99.846575,20.308535],[-99.846608,20.307475],[-99.848006,20.307002],[-99.848388,20.306854],[-99.848416,20.306852],[-99.848193,20.306651],[-99.846902,20.305536],[-99.848938,20.303537],[-99.847459,20.302263],[-99.847167,20.302012],[-99.847115,20.301967],[-99.848944,20.300162],[-99.849048,20.300057],[-99.85045,20.29868],[-99.850488,20.298643],[-99.850467,20.298611],[-99.848693,20.297075],[-99.848657,20.297038],[-99.846843,20.295488],[-99.846803,20.295453],[-99.844761,20.294095],[-99.844715,20.294062],[-99.844511,20.293929],[-99.844274,20.29383],[-99.843084,20.293957],[-99.843072,20.29277],[-99.843078,20.292734],[-99.843083,20.292654],[-99.843086,20.292594],[-99.84309,20.292391],[-99.843108,20.291985],[-99.843092,20.29189],[-99.8431,20.291801],[-99.84056,20.291526],[-99.840521,20.291521],[-99.840647,20.29144],[-99.841275,20.290783],[-99.841235,20.290748],[-99.839454,20.289205],[-99.839445,20.289197],[-99.83943,20.289188],[-99.837662,20.288047],[-99.83725,20.288027],[-99.837171,20.288024],[-99.834031,20.287877],[-99.833922,20.287872],[-99.832237,20.287793],[-99.83221,20.287792],[-99.8325,20.286765],[-99.832518,20.286701],[-99.833241,20.284138],[-99.833258,20.284077],[-99.833647,20.282698],[-99.833658,20.28266],[-99.833969,20.281557],[-99.833988,20.281489],[-99.834137,20.280961],[-99.834698,20.278982],[-99.8354,20.276505],[-99.835416,20.276546],[-99.836165,20.277237],[-99.836198,20.277271],[-99.836986,20.277953],[-99.837024,20.277976],[-99.838841,20.279569],[-99.838888,20.279603],[-99.840659,20.281158],[-99.840698,20.281194],[-99.842422,20.282747],[-99.842475,20.282778],[-99.844291,20.284365],[-99.844341,20.284411],[-99.845305,20.285212],[-99.845517,20.285464],[-99.84606,20.285988],[-99.846142,20.286031],[-99.847893,20.287616],[-99.847947,20.287648],[-99.849718,20.289155],[-99.849972,20.288897],[-99.852045,20.286853],[-99.852067,20.286836],[-99.854117,20.284952],[-99.854211,20.284837],[-99.856214,20.282841],[-99.856318,20.282764],[-99.858235,20.280867],[-99.858319,20.280838],[-99.858878,20.280168],[-99.859871,20.278499],[-99.85994,20.27844],[-99.860048,20.278223],[-99.86191,20.276502],[-99.861949,20.276454],[-99.863736,20.275501],[-99.864551,20.274941],[-99.864607,20.274917],[-99.865053,20.274593],[-99.865535,20.274141],[-99.865681,20.273954],[-99.865671,20.27385],[-99.865856,20.273155],[-99.86588,20.272217],[-99.865887,20.272017],[-99.865862,20.27174],[-99.867372,20.27275],[-99.867825,20.272669],[-99.87333,20.27602],[-99.87352,20.275923],[-99.874427,20.275086],[-99.874526,20.274827],[-99.874969,20.273596],[-99.875084,20.273144],[-99.875106,20.273096],[-99.875446,20.271978],[-99.87556,20.270998],[-99.876754,20.271447],[-99.877393,20.271397],[-99.878378,20.271319],[-99.87969,20.271544],[-99.882289,20.271938],[-99.884172,20.272223],[-99.884421,20.272281],[-99.885238,20.272406],[-99.885319,20.272404],[-99.887686,20.272797],[-99.887763,20.272807],[-99.88784,20.272812],[-99.888773,20.270275],[-99.889731,20.267521],[-99.89303,20.268421],[-99.895585,20.269083],[-99.898073,20.269764],[-99.902551,20.271004],[-99.902974,20.271117],[-99.90713,20.272209],[-99.908727,20.272716],[-99.909507,20.27292],[-99.910337,20.273144],[-99.911002,20.273354],[-99.911115,20.273398],[-99.911044,20.273586],[-99.91098,20.27378],[-99.910892,20.274119],[-99.910764,20.274522],[-99.910567,20.275266],[-99.910555,20.275297],[-99.910388,20.27584],[-99.909938,20.277313],[-99.909861,20.277594],[-99.909047,20.280203],[-99.908673,20.281435],[-99.908146,20.282813],[-99.90788,20.283577],[-99.908522,20.283942],[-99.911184,20.284603],[-99.910805,20.285223],[-99.911391,20.285591],[-99.911663,20.286119],[-99.912201,20.287159],[-99.912605,20.289087],[-99.913455,20.29182],[-99.913533,20.29202],[-99.914343,20.293494],[-99.912038,20.292001],[-99.910457,20.291395],[-99.908742,20.291005],[-99.90639,20.290768],[-99.905025,20.291083],[-99.904591,20.291242],[-99.899573,20.293882],[-99.899438,20.293971],[-99.899299,20.294011],[-99.899361,20.294061],[-99.901681,20.295342],[-99.901219,20.295755],[-99.901156,20.295824],[-99.896965,20.300287],[-99.896292,20.30106],[-99.895698,20.301965],[-99.897095,20.309206],[-99.89811,20.313131],[-99.896806,20.313039],[-99.894137,20.31283],[-99.893657,20.312796],[-99.891057,20.313381],[-99.889775,20.31367],[-99.889623,20.313693],[-99.885617,20.311931],[-99.887068,20.310709],[-99.887176,20.310661],[-99.888821,20.30929],[-99.895444,20.302179],[-99.89263,20.303812],[-99.890815,20.304172],[-99.887049,20.304899],[-99.884409,20.305447],[-99.884307,20.305474],[-99.883858,20.305564],[-99.879555,20.306393],[-99.877006,20.306887],[-99.873989,20.307465],[-99.873553,20.305989],[-99.873046,20.304849],[-99.873027,20.304777],[-99.872887,20.304484],[-99.87258,20.304269],[-99.872323,20.304516],[-99.871866,20.304881],[-99.871735,20.305089],[-99.87164,20.30513],[-99.870456,20.305338],[-99.869593,20.305187],[-99.868074,20.304324],[-99.867883,20.304272],[-99.867824,20.304224],[-99.867655,20.304096],[-99.867439,20.30393],[-99.867435,20.303914],[-99.867216,20.303763],[-99.866955,20.303572],[-99.866704,20.303362],[-99.866608,20.303305],[-99.866492,20.303216],[-99.866316,20.303083],[-99.866169,20.302969],[-99.866069,20.302885],[-99.865866,20.302701],[-99.865768,20.302642],[-99.865698,20.302589],[-99.865659,20.302556],[-99.86545,20.302366],[-99.865407,20.302275],[-99.865418,20.302175],[-99.865186,20.301938],[-99.865091,20.301777],[-99.865032,20.301691],[-99.864816,20.301192],[-99.864771,20.301088],[-99.864715,20.300925],[-99.864776,20.300849],[-99.864892,20.300712],[-99.864957,20.300633],[-99.865258,20.300238],[-99.865288,20.300203],[-99.865369,20.300101],[-99.865447,20.300008],[-99.866601,20.298674],[-99.866994,20.298244],[-99.862828,20.296564],[-99.861819,20.298375],[-99.861427,20.298776],[-99.861155,20.299093],[-99.862512,20.300261],[-99.86494,20.302351],[-99.864863,20.30244],[-99.864542,20.302774],[-99.864514,20.302907],[-99.864485,20.30308],[-99.864905,20.303411],[-99.865311,20.303733],[-99.865344,20.303814],[-99.865423,20.304012],[-99.865467,20.3041],[-99.865495,20.304181],[-99.865601,20.304495],[-99.865806,20.304953],[-99.865803,20.305112],[-99.865828,20.305275],[-99.865921,20.30555],[-99.86595,20.305633],[-99.865967,20.305696],[-99.865753,20.305751],[-99.865657,20.305817],[-99.865217,20.305761],[-99.864845,20.307728],[-99.866799,20.308489],[-99.866685,20.308988],[-99.866452,20.309895],[-99.866378,20.310246],[-99.866231,20.310874],[-99.867475,20.310661],[-99.867874,20.310589],[-99.868046,20.311265],[-99.868077,20.311406],[-99.868913,20.311647],[-99.870017,20.311996],[-99.870075,20.312014],[-99.870788,20.312227],[-99.87149,20.312434],[-99.871521,20.312985],[-99.871417,20.316107],[-99.858644,20.313639],[-99.858118,20.313537],[-99.857362,20.313391],[-99.857317,20.313382],[-99.857255,20.31337],[-99.855842,20.313136],[-99.855805,20.31313],[-99.85484,20.312969],[-99.854791,20.312961],[-99.853557,20.312756],[-99.853522,20.31275],[-99.85274,20.31262],[-99.85268,20.312611],[-99.851323,20.312385],[-99.851275,20.312377],[-99.850251,20.312207],[-99.850206,20.312199],[-99.848882,20.31198],[-99.848825,20.31197],[-99.84811,20.311851],[-99.848086,20.311847],[-99.846745,20.311624],[-99.846724,20.31103]]]}},{"type":"Feature","properties":{"fid":"50","Name":"EL MUERTO-IGNACIO PEREZ","NombreNucl":"EL MUERTO-IGNACIO PEREZ","TipoNucleo":"EJIDO","NombreMuni":"PEDRO ESCOBEDO","NombreEnti":"QUERÉTARO","nombre":"EL MUERTO-IGNACIO PEREZ"},"geometry":{"type":"Polygon","coordinates":[[[-100.110514,20.521965],[-100.110457,20.521939],[-100.110396,20.522052],[-100.11026,20.522292],[-100.110126,20.522526],[-100.110068,20.522631],[-100.109998,20.52274],[-100.109923,20.522867],[-100.109834,20.523031],[-100.109725,20.523216],[-100.109586,20.523466],[-100.10927,20.524015],[-100.109221,20.524107],[-100.109174,20.524185],[-100.109053,20.524406],[-100.108948,20.524525],[-100.106043,20.522921],[-100.105713,20.522739],[-100.101996,20.524758],[-100.100088,20.525794],[-100.100522,20.526198],[-100.100257,20.526463],[-100.100196,20.526444],[-100.100084,20.52641],[-100.09782,20.52584],[-100.096115,20.525411],[-100.093193,20.524675],[-100.093169,20.524669],[-100.094289,20.520338],[-100.094297,20.520307],[-100.094947,20.517791],[-100.095597,20.515274],[-100.096254,20.512732],[-100.096258,20.512717],[-100.096285,20.512613],[-100.097706,20.507116],[-100.096158,20.506883],[-100.094692,20.506662],[-100.094637,20.506654],[-100.093005,20.506408],[-100.091484,20.506179],[-100.09145,20.506174],[-100.091379,20.506163],[-100.089575,20.505892],[-100.08952,20.505883],[-100.088406,20.505716],[-100.088377,20.505711],[-100.087939,20.505645],[-100.08741,20.505566],[-100.084522,20.505131],[-100.084551,20.504867],[-100.084578,20.504622],[-100.084607,20.50436],[-100.084637,20.504081],[-100.08466,20.50387],[-100.084692,20.503585],[-100.084723,20.503303],[-100.084754,20.503016],[-100.084783,20.50275],[-100.084812,20.502487],[-100.084841,20.502228],[-100.084871,20.501952],[-100.084898,20.501705],[-100.084929,20.501426],[-100.084959,20.501147],[-100.084989,20.500873],[-100.085017,20.500624],[-100.085046,20.500354],[-100.085076,20.500088],[-100.085106,20.499808],[-100.085135,20.499548],[-100.085163,20.499287],[-100.085192,20.499029],[-100.085222,20.49875],[-100.085248,20.49852],[-100.08528,20.498228],[-100.085304,20.498004],[-100.085348,20.497964],[-100.085596,20.497738],[-100.085595,20.497723],[-100.085578,20.49747],[-100.085559,20.497188],[-100.085547,20.497015],[-100.085606,20.4969],[-100.085733,20.496654],[-100.085864,20.496399],[-100.085989,20.496155],[-100.086109,20.495921],[-100.086244,20.495658],[-100.086377,20.495399],[-100.086602,20.49496],[-100.086744,20.494684],[-100.088074,20.492092],[-100.086566,20.491053],[-100.086553,20.490909],[-100.08525,20.476653],[-100.085259,20.475752],[-100.085264,20.475324],[-100.085274,20.474357],[-100.085276,20.47419],[-100.085326,20.469509],[-100.085348,20.469406],[-100.085356,20.469366],[-100.08536,20.469205],[-100.085358,20.468904],[-100.085257,20.468078],[-100.086852,20.467928],[-100.086943,20.468097],[-100.087719,20.469544],[-100.088853,20.469988],[-100.090163,20.470502],[-100.090463,20.4707],[-100.090857,20.471101],[-100.092902,20.473184],[-100.093001,20.473284],[-100.093078,20.473272],[-100.093082,20.473318],[-100.093111,20.473713],[-100.09318,20.474656],[-100.093253,20.475646],[-100.093319,20.47654],[-100.093392,20.477534],[-100.093734,20.482171],[-100.093769,20.482646],[-100.094318,20.490091],[-100.094364,20.490712],[-100.093747,20.490898],[-100.093094,20.491095],[-100.090894,20.491759],[-100.090881,20.49183],[-100.090165,20.495831],[-100.09011,20.496137],[-100.089813,20.497796],[-100.089748,20.49816],[-100.089429,20.499945],[-100.089108,20.501738],[-100.088962,20.502555],[-100.092001,20.503082],[-100.092015,20.503085],[-100.092039,20.503089],[-100.092083,20.503097],[-100.092346,20.503142],[-100.094779,20.503564],[-100.095202,20.503638],[-100.096995,20.503949],[-100.098437,20.504199],[-100.098524,20.504214],[-100.09858,20.504224],[-100.100102,20.504488],[-100.103282,20.505039],[-100.103165,20.505587],[-100.10314,20.505705],[-100.102766,20.507454],[-100.102558,20.508426],[-100.102255,20.509845],[-100.102021,20.510939],[-100.101924,20.511393],[-100.103228,20.511633],[-100.104069,20.511788],[-100.10614,20.512168],[-100.10941,20.512768],[-100.11508,20.513809],[-100.1151,20.513953],[-100.114885,20.514799],[-100.114611,20.515883],[-100.114564,20.516086],[-100.116173,20.517227],[-100.116488,20.51745],[-100.117324,20.518043],[-100.117301,20.518183],[-100.119217,20.51937],[-100.119671,20.519652],[-100.1197,20.51967],[-100.122278,20.521267],[-100.12204,20.522631],[-100.122026,20.522713],[-100.122,20.52286],[-100.119652,20.526044],[-100.119624,20.526082],[-100.118777,20.527231],[-100.117526,20.526335],[-100.117272,20.526165],[-100.117139,20.526065],[-100.116934,20.525937],[-100.116812,20.525844],[-100.116675,20.525752],[-100.116606,20.525707],[-100.116333,20.525521],[-100.116084,20.525346],[-100.115821,20.525165],[-100.1156,20.525017],[-100.115405,20.524889],[-100.115361,20.524854],[-100.115118,20.524691],[-100.11447,20.524244],[-100.113943,20.523873],[-100.113711,20.523713],[-100.111198,20.522273],[-100.110957,20.52216],[-100.110797,20.522086],[-100.110619,20.522012],[-100.110514,20.521965]]]}},{"type":"Feature","properties":{"fid":"51","Name":"EL ROSARIO","NombreNucl":"EL ROSARIO","TipoNucleo":"EJIDO","NombreMuni":"SAN JUAN DEL RÍO","NombreEnti":"QUERÉTARO","nombre":"EL ROSARIO"},"geometry":{"type":"Polygon","coordinates":[[[-100.038434,20.437137],[-100.044947,20.43585],[-100.049014,20.435047],[-100.052007,20.434456],[-100.055206,20.433834],[-100.05522,20.432506],[-100.057015,20.432167],[-100.060099,20.43097],[-100.060463,20.430711],[-100.06483,20.433676],[-100.067083,20.435831],[-100.067657,20.435799],[-100.068193,20.435769],[-100.068996,20.434679],[-100.070432,20.432423],[-100.070637,20.432852],[-100.06996,20.434745],[-100.069877,20.436514],[-100.069534,20.437208],[-100.069112,20.437581],[-100.068809,20.43769],[-100.068272,20.437884],[-100.067069,20.436472],[-100.065994,20.436759],[-100.065554,20.438484],[-100.066139,20.438846],[-100.067273,20.438945],[-100.067032,20.439874],[-100.066538,20.4414],[-100.066219,20.442352],[-100.065892,20.443461],[-100.065707,20.443748],[-100.064572,20.444518],[-100.064439,20.444394],[-100.06307,20.443435],[-100.057569,20.43943],[-100.058936,20.436936],[-100.054059,20.437],[-100.050384,20.437003],[-100.045546,20.445299],[-100.04025,20.438545],[-100.038434,20.437137]]]}},{"type":"Feature","properties":{"fid":"52","Name":"EL SAUZ","NombreNucl":"EL SAUZ","TipoNucleo":"EJIDO","NombreMuni":"PEDRO ESCOBEDO","NombreEnti":"QUERÉTARO","nombre":"EL SAUZ"},"geometry":{"type":"Polygon","coordinates":[[[-100.11304,20.498229],[-100.11091,20.497457],[-100.107424,20.499754],[-100.105986,20.500273],[-100.104174,20.500475],[-100.104141,20.500245],[-100.104145,20.498917],[-100.104162,20.497383],[-100.104185,20.49565],[-100.104194,20.493804],[-100.104251,20.492422],[-100.102302,20.489716],[-100.102257,20.489654],[-100.10228,20.489601],[-100.101232,20.488334],[-100.100371,20.487192],[-100.100206,20.486938],[-100.099617,20.486069],[-100.099075,20.48527],[-100.098901,20.485027],[-100.097068,20.482436],[-100.096747,20.481983],[-100.096747,20.481983],[-100.096747,20.481983],[-100.096139,20.481123],[-100.093624,20.477599],[-100.093392,20.477534],[-100.093319,20.47654],[-100.093253,20.475646],[-100.09318,20.474656],[-100.093111,20.473713],[-100.093082,20.473318],[-100.093078,20.473272],[-100.093073,20.473016],[-100.09307,20.472886],[-100.092781,20.459423],[-100.092735,20.459238],[-100.092352,20.458437],[-100.092382,20.458306],[-100.092472,20.457917],[-100.092496,20.457813],[-100.092873,20.456178],[-100.092504,20.455219],[-100.092497,20.455201],[-100.091088,20.454238],[-100.089251,20.452983],[-100.089219,20.452961],[-100.089525,20.452329],[-100.0896,20.452173],[-100.091724,20.447782],[-100.091786,20.447851],[-100.093931,20.450233],[-100.093969,20.450275],[-100.094269,20.449506],[-100.095054,20.450322],[-100.096016,20.450928],[-100.095928,20.45143],[-100.098258,20.452614],[-100.098442,20.452671],[-100.098632,20.452675],[-100.098838,20.452757],[-100.09983,20.452847],[-100.099991,20.452791],[-100.100136,20.452821],[-100.10085,20.452734],[-100.100908,20.452725],[-100.103137,20.452019],[-100.103068,20.452215],[-100.10372,20.452634],[-100.104059,20.452977],[-100.104186,20.45295],[-100.104475,20.453678],[-100.104623,20.453761],[-100.104671,20.453877],[-100.104703,20.453976],[-100.105089,20.454796],[-100.105454,20.455553],[-100.105812,20.456326],[-100.106114,20.456584],[-100.107178,20.457456],[-100.108606,20.457087],[-100.109735,20.456809],[-100.110201,20.456555],[-100.11072,20.457838],[-100.112623,20.457483],[-100.112656,20.457552],[-100.112749,20.457499],[-100.113491,20.456693],[-100.115181,20.45487],[-100.115457,20.454954],[-100.115908,20.455001],[-100.115999,20.454866],[-100.116594,20.454149],[-100.117788,20.453243],[-100.119097,20.452661],[-100.120094,20.451952],[-100.120833,20.451102],[-100.121306,20.450537],[-100.121381,20.450215],[-100.121276,20.44998],[-100.121372,20.449623],[-100.121445,20.449508],[-100.120002,20.449143],[-100.119975,20.44913],[-100.118644,20.44884],[-100.118603,20.448828],[-100.117182,20.448473],[-100.115862,20.448142],[-100.115813,20.448213],[-100.115853,20.44827],[-100.115236,20.449445],[-100.113476,20.449506],[-100.11327,20.449494],[-100.111965,20.448908],[-100.110441,20.448195],[-100.109477,20.447746],[-100.109385,20.4477],[-100.108458,20.447273],[-100.108441,20.447305],[-100.107988,20.44803],[-100.107365,20.448463],[-100.107029,20.448195],[-100.106856,20.448192],[-100.106908,20.448583],[-100.106636,20.448677],[-100.106245,20.448589],[-100.10597,20.448636],[-100.105496,20.44873],[-100.10525,20.448937],[-100.102446,20.44832],[-100.102034,20.449161],[-100.101997,20.449147],[-100.099436,20.44817],[-100.099913,20.447285],[-100.100019,20.4471],[-100.100596,20.446076],[-100.100702,20.445858],[-100.101176,20.444991],[-100.101463,20.444465],[-100.101491,20.444375],[-100.101683,20.444039],[-100.101897,20.443616],[-100.102253,20.442972],[-100.102636,20.442212],[-100.10284,20.441853],[-100.103509,20.440634],[-100.103592,20.440483],[-100.105485,20.441559],[-100.106427,20.441875],[-100.109015,20.442627],[-100.110582,20.442865],[-100.112281,20.442888],[-100.115009,20.442403],[-100.115464,20.442489],[-100.1166,20.442701],[-100.11778,20.442884],[-100.117813,20.442889],[-100.120484,20.443302],[-100.12101,20.443394],[-100.121064,20.443403],[-100.121436,20.443473],[-100.121784,20.443529],[-100.121878,20.443544],[-100.122893,20.443707],[-100.123157,20.443743],[-100.123475,20.443793],[-100.12459,20.444805],[-100.124707,20.444923],[-100.124757,20.444974],[-100.12541,20.445632],[-100.126036,20.445193],[-100.126131,20.445067],[-100.126298,20.444849],[-100.126423,20.444685],[-100.126588,20.444468],[-100.126953,20.443989],[-100.127205,20.443659],[-100.127359,20.443456],[-100.127698,20.443012],[-100.12812,20.442457],[-100.128445,20.442099],[-100.128933,20.44156],[-100.129193,20.441273],[-100.129262,20.441197],[-100.129796,20.440608],[-100.129956,20.440436],[-100.130137,20.440241],[-100.130941,20.439772],[-100.13321,20.43962],[-100.131881,20.441801],[-100.131739,20.442827],[-100.131732,20.442877],[-100.131726,20.442927],[-100.131602,20.443953],[-100.131546,20.444305],[-100.131671,20.444455],[-100.132132,20.445005],[-100.133065,20.446046],[-100.134323,20.447222],[-100.135315,20.44819],[-100.137115,20.449947],[-100.138192,20.45156],[-100.138715,20.452344],[-100.138743,20.452413],[-100.138806,20.452573],[-100.138842,20.452665],[-100.138976,20.453005],[-100.138999,20.453064],[-100.139531,20.453405],[-100.139731,20.453534],[-100.139747,20.453544],[-100.139531,20.453687],[-100.139329,20.453737],[-100.139067,20.453801],[-100.138769,20.453799],[-100.138336,20.453743],[-100.138251,20.454043],[-100.138235,20.454095],[-100.138065,20.454351],[-100.138023,20.454436],[-100.137773,20.454834],[-100.137294,20.455164],[-100.137023,20.455244],[-100.136986,20.455248],[-100.136592,20.45529],[-100.135948,20.455871],[-100.135221,20.45688],[-100.135135,20.457031],[-100.13506,20.45722],[-100.134589,20.457634],[-100.134499,20.457655],[-100.133752,20.45783],[-100.133227,20.458032],[-100.132886,20.458234],[-100.132758,20.458548],[-100.13277,20.459151],[-100.132588,20.459891],[-100.13264,20.461183],[-100.132421,20.461494],[-100.131763,20.462434],[-100.131377,20.462753],[-100.130415,20.462915],[-100.129961,20.462861],[-100.129807,20.462987],[-100.129865,20.46343],[-100.131136,20.464545],[-100.131174,20.46495],[-100.131029,20.465093],[-100.130428,20.465395],[-100.130338,20.466175],[-100.130365,20.466384],[-100.130247,20.467104],[-100.129649,20.467731],[-100.129296,20.468458],[-100.129188,20.468731],[-100.129069,20.46922],[-100.128345,20.470037],[-100.12766,20.47058],[-100.127126,20.470796],[-100.125838,20.471093],[-100.125851,20.471952],[-100.126275,20.473346],[-100.126196,20.474054],[-100.125137,20.474562],[-100.12394,20.474845],[-100.124583,20.475059],[-100.124998,20.475372],[-100.125189,20.475516],[-100.125354,20.475695],[-100.127075,20.477563],[-100.128471,20.47924],[-100.128536,20.479316],[-100.128764,20.479581],[-100.128814,20.479639],[-100.130209,20.481241],[-100.130241,20.481278],[-100.131809,20.48308],[-100.13184,20.483116],[-100.13199,20.483288],[-100.132112,20.483428],[-100.133512,20.485066],[-100.133554,20.485115],[-100.135155,20.486987],[-100.135297,20.487151],[-100.135327,20.487185],[-100.136997,20.489115],[-100.137035,20.489156],[-100.137364,20.489552],[-100.136662,20.490123],[-100.13597,20.490687],[-100.135854,20.490782],[-100.135008,20.491469],[-100.134839,20.491607],[-100.13434,20.492016],[-100.134046,20.492257],[-100.134709,20.492921],[-100.134581,20.493099],[-100.134525,20.493176],[-100.134205,20.493632],[-100.133051,20.495268],[-100.132984,20.49537],[-100.132886,20.495518],[-100.132848,20.495576],[-100.132421,20.496031],[-100.132248,20.496214],[-100.131933,20.496669],[-100.131376,20.49733],[-100.13055,20.498376],[-100.130501,20.49844],[-100.129132,20.496354],[-100.129111,20.496321],[-100.127898,20.494468],[-100.126609,20.495927],[-100.125428,20.497335],[-100.124387,20.498565],[-100.123314,20.499844],[-100.122038,20.501352],[-100.121968,20.501317],[-100.120491,20.500559],[-100.120241,20.500425],[-100.120218,20.500412],[-100.118589,20.499538],[-100.117826,20.499359],[-100.11778,20.499357],[-100.115948,20.499032],[-100.115323,20.498844],[-100.11527,20.498832],[-100.11463,20.498675],[-100.11304,20.498229]],[[-100.111709,20.469309],[-100.110383,20.469144],[-100.109508,20.469879],[-100.107859,20.470052],[-100.116663,20.4771],[-100.118014,20.47696],[-100.118013,20.476896],[-100.119645,20.476735],[-100.119891,20.476542],[-100.120201,20.475994],[-100.120553,20.475706],[-100.12307,20.475051],[-100.123224,20.475029],[-100.123402,20.474987],[-100.123609,20.47489],[-100.123715,20.474724],[-100.121458,20.473733],[-100.119827,20.472989],[-100.118082,20.472256],[-100.11676,20.471615],[-100.115617,20.471106],[-100.114699,20.470656],[-100.113289,20.470009],[-100.111709,20.469309]]]}},{"type":"Feature","properties":{"fid":"53","Name":"LA CUEVA","NombreNucl":"LA CUEVA","TipoNucleo":"EJIDO","NombreMuni":"SAN JUAN DEL RÍO","NombreEnti":"QUERÉTARO","nombre":"LA CUEVA"},"geometry":{"type":"Polygon","coordinates":[[[-99.94744,20.317506],[-99.94744,20.316346],[-99.947461,20.315658],[-99.947477,20.315459],[-99.947619,20.312623],[-99.945438,20.312667],[-99.944526,20.309935],[-99.944258,20.30913],[-99.942996,20.305351],[-99.942978,20.305297],[-99.942673,20.304976],[-99.942617,20.304969],[-99.94242,20.304947],[-99.942145,20.304917],[-99.941941,20.304894],[-99.941839,20.304883],[-99.941517,20.304847],[-99.941114,20.304813],[-99.94082,20.304789],[-99.940425,20.304756],[-99.939631,20.304709],[-99.939525,20.30472],[-99.939235,20.304711],[-99.938964,20.304702],[-99.938358,20.30468],[-99.937551,20.30466],[-99.935485,20.304608],[-99.934862,20.304376],[-99.934897,20.303657],[-99.934634,20.302803],[-99.93438,20.302436],[-99.933799,20.302077],[-99.933452,20.301965],[-99.927749,20.300651],[-99.925952,20.300304],[-99.925639,20.300415],[-99.924519,20.300833],[-99.924243,20.300906],[-99.920656,20.301858],[-99.920272,20.301971],[-99.919049,20.302332],[-99.9184,20.300883],[-99.91753,20.299097],[-99.917225,20.298528],[-99.916693,20.297592],[-99.914463,20.293687],[-99.914343,20.293494],[-99.916661,20.293358],[-99.918052,20.293276],[-99.918687,20.293239],[-99.920266,20.293146],[-99.920512,20.293131],[-99.922267,20.293028],[-99.922359,20.293023],[-99.924255,20.292912],[-99.926898,20.292756],[-99.926929,20.292755],[-99.927749,20.292706],[-99.927843,20.292701],[-99.927937,20.292695],[-99.928951,20.292636],[-99.929751,20.292589],[-99.931068,20.292511],[-99.932636,20.292419],[-99.933017,20.292397],[-99.933608,20.292362],[-99.933989,20.29234],[-99.936,20.292221],[-99.936876,20.29217],[-99.939451,20.292018],[-99.939449,20.291963],[-99.93938,20.290506],[-99.939319,20.289185],[-99.939311,20.289034],[-99.939242,20.28755],[-99.939198,20.286614],[-99.939193,20.286514],[-99.939185,20.286348],[-99.939182,20.286269],[-99.939141,20.285391],[-99.939104,20.284618],[-99.939067,20.283817],[-99.939051,20.283478],[-99.939046,20.283383],[-99.939024,20.282902],[-99.939005,20.282496],[-99.938997,20.282333],[-99.938982,20.282004],[-99.938959,20.281521],[-99.938946,20.281242],[-99.938933,20.280968],[-99.938877,20.279773],[-99.938875,20.27972],[-99.938834,20.278864],[-99.938923,20.278896],[-99.940169,20.278951],[-99.942063,20.279016],[-99.94222,20.279022],[-99.943041,20.27907],[-99.943655,20.279096],[-99.949075,20.279305],[-99.950396,20.279351],[-99.951599,20.279383],[-99.953011,20.279444],[-99.953613,20.279414],[-99.955125,20.279453],[-99.956426,20.279532],[-99.95794,20.279595],[-99.958984,20.279668],[-99.961148,20.279795],[-99.961586,20.279851],[-99.962244,20.279874],[-99.962955,20.279941],[-99.964638,20.280094],[-99.964421,20.282125],[-99.964431,20.282369],[-99.964343,20.283891],[-99.964259,20.288337],[-99.964252,20.288691],[-99.964204,20.289907],[-99.964193,20.290285],[-99.964152,20.291301],[-99.964421,20.291251],[-99.964478,20.291263],[-99.965087,20.291263],[-99.965335,20.291252],[-99.965525,20.291235],[-99.96576,20.291215],[-99.966074,20.291124],[-99.967527,20.291312],[-99.968106,20.291438],[-99.970318,20.291425],[-99.971533,20.291415],[-99.971524,20.292742],[-99.971541,20.29279],[-99.971564,20.292819],[-99.971594,20.292851],[-99.971649,20.292877],[-99.971647,20.293384],[-99.971648,20.293784],[-99.972118,20.293793],[-99.972999,20.293786],[-99.973313,20.293788],[-99.973472,20.293787],[-99.973517,20.293809],[-99.975468,20.293864],[-99.976424,20.293878],[-99.979731,20.294249],[-99.985276,20.294839],[-99.987918,20.295402],[-99.989936,20.295167],[-99.989601,20.296435],[-99.989531,20.297709],[-99.989952,20.298468],[-99.990747,20.29865],[-99.98933,20.299127],[-99.988012,20.299713],[-99.987608,20.299871],[-99.985568,20.299883],[-99.985089,20.299885],[-99.98483,20.299887],[-99.984002,20.299891],[-99.982864,20.299897],[-99.977017,20.299929],[-99.975963,20.299878],[-99.974593,20.299864],[-99.974243,20.299861],[-99.973156,20.299846],[-99.973091,20.299845],[-99.971815,20.299828],[-99.971462,20.299823],[-99.971373,20.299821],[-99.970258,20.299808],[-99.96928,20.299796],[-99.968904,20.299792],[-99.968371,20.299785],[-99.968316,20.299785],[-99.968029,20.301576],[-99.967,20.301484],[-99.966479,20.301437],[-99.965483,20.301348],[-99.960636,20.300914],[-99.95848,20.302224],[-99.957382,20.301982],[-99.956584,20.301805],[-99.954922,20.301438],[-99.952863,20.300982],[-99.951391,20.300657],[-99.949902,20.300328],[-99.94995,20.301446],[-99.949975,20.302043],[-99.950028,20.303266],[-99.950123,20.305503],[-99.950138,20.305841],[-99.950231,20.308013],[-99.950289,20.309367],[-99.950319,20.310069],[-99.950329,20.310308],[-99.950407,20.312126],[-99.950408,20.312148],[-99.950454,20.313233],[-99.950475,20.313727],[-99.950509,20.314526],[-99.950622,20.317151],[-99.952734,20.317057],[-99.954019,20.316999],[-99.956927,20.316869],[-99.957751,20.316832],[-99.960118,20.316725],[-99.960677,20.3167],[-99.961795,20.31665],[-99.962695,20.31661],[-99.963517,20.316573],[-99.963816,20.31656],[-99.96517,20.316499],[-99.966155,20.316455],[-99.966841,20.316424],[-99.966878,20.317091],[-99.966937,20.318517],[-99.966958,20.31897],[-99.966973,20.319121],[-99.967039,20.320303],[-99.967064,20.320775],[-99.967098,20.321397],[-99.967174,20.322815],[-99.967266,20.323809],[-99.967293,20.324084],[-99.967328,20.324616],[-99.967327,20.324716],[-99.967365,20.325161],[-99.965751,20.324759],[-99.965472,20.32469],[-99.96441,20.324426],[-99.963763,20.324265],[-99.963194,20.324124],[-99.962419,20.323931],[-99.9622,20.323877],[-99.96074,20.323514],[-99.959453,20.323194],[-99.959433,20.323189],[-99.95933,20.323163],[-99.95814,20.322868],[-99.956778,20.322529],[-99.95583,20.322293],[-99.955445,20.322219],[-99.954255,20.321989],[-99.95299,20.321744],[-99.951697,20.321493],[-99.951424,20.321441],[-99.95073,20.321306],[-99.950594,20.32128],[-99.950407,20.321244],[-99.9504,20.321243],[-99.949286,20.321027],[-99.949272,20.321024],[-99.947632,20.320707],[-99.947591,20.320323],[-99.947484,20.319476],[-99.947447,20.318998],[-99.947439,20.318462],[-99.94744,20.317506]]]}},{"type":"Feature","properties":{"fid":"54","Name":"LA ESTANCIA","NombreNucl":"LA ESTANCIA","TipoNucleo":"EJIDO","NombreMuni":"SAN JUAN DEL RÍO","NombreEnti":"QUERÉTARO","nombre":"LA ESTANCIA"},"geometry":{"type":"Polygon","coordinates":[[[-100.05111,20.430847],[-100.048663,20.430704],[-100.048352,20.430714],[-100.036457,20.430227],[-100.034999,20.430528],[-100.033787,20.430908],[-100.033092,20.429616],[-100.032158,20.42825],[-100.031536,20.427394],[-100.030389,20.425869],[-100.030196,20.425612],[-100.030022,20.425402],[-100.030007,20.425384],[-100.029815,20.425152],[-100.028773,20.423893],[-100.028681,20.423782],[-100.028569,20.423608],[-100.02848,20.42347],[-100.028653,20.42306],[-100.028895,20.422541],[-100.029369,20.421525],[-100.02952,20.421191],[-100.029529,20.421057],[-100.029571,20.420993],[-100.02961,20.420905],[-100.029934,20.420168],[-100.030332,20.419262],[-100.030463,20.418963],[-100.031259,20.417153],[-100.031316,20.417023],[-100.031785,20.415955],[-100.031857,20.415849],[-100.031881,20.415814],[-100.031969,20.415685],[-100.032104,20.415377],[-100.032143,20.415288],[-100.032197,20.415097],[-100.032267,20.415007],[-100.032303,20.414919],[-100.032338,20.414834],[-100.033159,20.41285],[-100.034232,20.411829],[-100.034313,20.411752],[-100.035848,20.410199],[-100.036406,20.409634],[-100.036588,20.409523],[-100.036675,20.40947],[-100.036756,20.409421],[-100.036842,20.409368],[-100.036996,20.409274],[-100.037141,20.409131],[-100.037691,20.408583],[-100.038145,20.408148],[-100.039048,20.407279],[-100.039073,20.407256],[-100.040209,20.406164],[-100.040251,20.406123],[-100.041566,20.404859],[-100.041616,20.404811],[-100.041625,20.404802],[-100.041685,20.404744],[-100.042862,20.403613],[-100.042894,20.403582],[-100.043104,20.403058],[-100.043131,20.402992],[-100.043297,20.402574],[-100.043342,20.402459],[-100.043459,20.402204],[-100.043842,20.401365],[-100.044122,20.400754],[-100.044866,20.399126],[-100.045015,20.398799],[-100.045203,20.398387],[-100.045312,20.39815],[-100.046,20.396646],[-100.046886,20.394708],[-100.047166,20.394093],[-100.047173,20.394079],[-100.047192,20.394032],[-100.04858,20.390609],[-100.048707,20.390242],[-100.048743,20.390166],[-100.050301,20.390545],[-100.05353,20.391126],[-100.054433,20.391153],[-100.0545,20.391161],[-100.054788,20.391194],[-100.056533,20.391399],[-100.057221,20.39148],[-100.058029,20.391375],[-100.058133,20.39158],[-100.057709,20.392],[-100.058275,20.393054],[-100.060654,20.395292],[-100.061016,20.397285],[-100.062277,20.39891],[-100.064337,20.401772],[-100.064453,20.401848],[-100.067975,20.405094],[-100.06999,20.405326],[-100.070849,20.406589],[-100.071531,20.408317],[-100.071974,20.409925],[-100.072601,20.411206],[-100.072677,20.41261],[-100.072892,20.413353],[-100.072559,20.415788],[-100.073182,20.41708],[-100.074485,20.418976],[-100.075047,20.422064],[-100.074307,20.424458],[-100.074176,20.424436],[-100.073965,20.424464],[-100.073903,20.424584],[-100.073637,20.425027],[-100.071392,20.426324],[-100.071024,20.426385],[-100.070983,20.42639],[-100.070806,20.426416],[-100.068958,20.426683],[-100.067369,20.426938],[-100.067293,20.426943],[-100.067221,20.426933],[-100.065308,20.426696],[-100.063181,20.426431],[-100.061069,20.426185],[-100.060559,20.426136],[-100.058335,20.427218],[-100.057582,20.427585],[-100.05738,20.427684],[-100.056731,20.42802],[-100.052037,20.430264],[-100.051456,20.430842],[-100.05111,20.430847]]]}},{"type":"Feature","properties":{"fid":"55","Name":"LOS ALVAREZ","NombreNucl":"LOS ALVAREZ","TipoNucleo":"EJIDO","NombreMuni":"PEDRO ESCOBEDO","NombreEnti":"QUERÉTARO","nombre":"LOS ALVAREZ"},"geometry":{"type":"Polygon","coordinates":[[[-100.144221,20.524683],[-100.144716,20.524214],[-100.145747,20.525021],[-100.146431,20.525448],[-100.146827,20.525768],[-100.14689,20.525819],[-100.147569,20.526368],[-100.148822,20.527643],[-100.148867,20.527688],[-100.149116,20.527942],[-100.150866,20.529358],[-100.150902,20.529387],[-100.152986,20.531073],[-100.153025,20.531105],[-100.155083,20.53277],[-100.155132,20.53281],[-100.157213,20.534493],[-100.156097,20.535762],[-100.155717,20.536194],[-100.154,20.538147],[-100.152343,20.540032],[-100.150586,20.54203],[-100.148869,20.543983],[-100.147168,20.545918],[-100.145456,20.547864],[-100.143784,20.549765],[-100.141296,20.552595],[-100.140799,20.553168],[-100.140522,20.553488],[-100.140413,20.553502],[-100.139417,20.553622],[-100.139051,20.54868],[-100.139037,20.548166],[-100.139018,20.547459],[-100.138967,20.54555],[-100.14009,20.54554],[-100.140136,20.54554],[-100.140338,20.543124],[-100.140381,20.542616],[-100.140488,20.541333],[-100.140499,20.541202],[-100.140802,20.537563],[-100.140877,20.536673],[-100.140884,20.536591],[-100.141236,20.532374],[-100.141242,20.532293],[-100.141366,20.530808],[-100.141334,20.530567],[-100.141206,20.530396],[-100.139792,20.528874],[-100.141117,20.52762],[-100.141305,20.527442],[-100.142476,20.526335],[-100.142738,20.526086],[-100.14395,20.52494],[-100.144221,20.524683]]]}},{"type":"Feature","properties":{"fid":"56","Name":"NAVAJAS","NombreNucl":"NAVAJAS","TipoNucleo":"EJIDO","NombreMuni":"EL MARQUÉS","NombreEnti":"QUERÉTARO","nombre":"NAVAJAS"},"geometry":{"type":"Polygon","coordinates":[[[-100.190638,20.663746],[-100.192567,20.657202],[-100.193937,20.652899],[-100.197053,20.643124],[-100.197167,20.642754],[-100.197508,20.641692],[-100.198226,20.639226],[-100.198232,20.638546],[-100.198298,20.636567],[-100.198272,20.636065],[-100.198228,20.635787],[-100.197894,20.633685],[-100.197893,20.633676],[-100.197873,20.63354],[-100.197871,20.633522],[-100.197866,20.633491],[-100.197857,20.633427],[-100.197855,20.633415],[-100.19785,20.633378],[-100.197831,20.633243],[-100.197825,20.633204],[-100.19769,20.632267],[-100.197686,20.632245],[-100.197545,20.631382],[-100.197514,20.631192],[-100.197469,20.630915],[-100.197449,20.630771],[-100.197175,20.628773],[-100.197173,20.628757],[-100.197048,20.627846],[-100.196953,20.62715],[-100.196915,20.626784],[-100.196911,20.626743],[-100.19674,20.625061],[-100.196694,20.624654],[-100.196676,20.624493],[-100.196631,20.624087],[-100.196435,20.622567],[-100.196429,20.622521],[-100.19642,20.622449],[-100.196217,20.621487],[-100.196029,20.620685],[-100.19595,20.620405],[-100.195949,20.620399],[-100.195938,20.620363],[-100.195727,20.619614],[-100.195395,20.618502],[-100.19533,20.618289],[-100.195317,20.618248],[-100.194956,20.617061],[-100.194716,20.616273],[-100.194593,20.615867],[-100.195736,20.615093],[-100.200079,20.612154],[-100.201978,20.610869],[-100.202279,20.610586],[-100.202579,20.610341],[-100.202886,20.610116],[-100.203345,20.60974],[-100.204313,20.609136],[-100.206264,20.607918],[-100.206299,20.607896],[-100.207805,20.606956],[-100.207857,20.606923],[-100.207898,20.606897],[-100.20876,20.606589],[-100.209768,20.606226],[-100.211309,20.605641],[-100.211324,20.605635],[-100.213044,20.604997],[-100.214529,20.604445],[-100.214924,20.604177],[-100.215668,20.606045],[-100.216372,20.60783],[-100.217082,20.609468],[-100.217756,20.61115],[-100.218541,20.613018],[-100.219177,20.614624],[-100.220186,20.617146],[-100.220345,20.617448],[-100.214111,20.615967],[-100.210921,20.615192],[-100.20988,20.61488],[-100.207717,20.618852],[-100.207553,20.619177],[-100.206037,20.622018],[-100.202927,20.627757],[-100.201336,20.63074],[-100.201128,20.631131],[-100.201206,20.632296],[-100.202509,20.632309],[-100.203878,20.631993],[-100.204222,20.631845],[-100.204242,20.6317],[-100.204618,20.631727],[-100.204683,20.631735],[-100.205039,20.631765],[-100.205138,20.631773],[-100.205517,20.631805],[-100.205614,20.631824],[-100.208095,20.63205],[-100.211527,20.632359],[-100.213529,20.63252],[-100.213794,20.632552],[-100.214816,20.632615],[-100.21549,20.633831],[-100.215876,20.634529],[-100.216061,20.634861],[-100.216238,20.635181],[-100.216345,20.635374],[-100.21663,20.635888],[-100.217208,20.636932],[-100.217697,20.637814],[-100.216338,20.638191],[-100.216197,20.63823],[-100.21606,20.638268],[-100.21417,20.638793],[-100.213394,20.639008],[-100.213302,20.639034],[-100.213019,20.639112],[-100.212919,20.63914],[-100.212636,20.639219],[-100.211369,20.63957],[-100.212895,20.641578],[-100.214926,20.644251],[-100.214965,20.644303],[-100.216463,20.646274],[-100.216498,20.64632],[-100.217613,20.647788],[-100.217647,20.647832],[-100.219343,20.650063],[-100.22144,20.652822],[-100.221467,20.652858],[-100.220839,20.653629],[-100.223081,20.656498],[-100.223116,20.656555],[-100.225399,20.659455],[-100.223414,20.660453],[-100.222139,20.661075],[-100.22162,20.661328],[-100.219863,20.66223],[-100.218091,20.663096],[-100.216338,20.663966],[-100.215906,20.664177],[-100.214546,20.664844],[-100.213894,20.665164],[-100.212651,20.665774],[-100.212448,20.66587],[-100.207743,20.664218],[-100.207691,20.664203],[-100.206454,20.663753],[-100.204684,20.662877],[-100.203245,20.662164],[-100.202517,20.661812],[-100.199005,20.660111],[-100.198059,20.659652],[-100.191358,20.669937],[-100.213208,20.676076],[-100.211961,20.680611],[-100.209245,20.685965],[-100.183938,20.679081],[-100.190638,20.663746]]]}},{"type":"Feature","properties":{"fid":"57","Name":"PALMA DE ROMERO","NombreNucl":"PALMA DE ROMERO","TipoNucleo":"EJIDO","NombreMuni":"SAN JUAN DEL RÍO","NombreEnti":"QUERÉTARO","nombre":"PALMA DE ROMERO"},"geometry":{"type":"Polygon","coordinates":[[[-99.94202,20.329995],[-99.939781,20.329797],[-99.939847,20.329335],[-99.939817,20.329235],[-99.939483,20.328144],[-99.939345,20.327693],[-99.938791,20.325885],[-99.938756,20.325824],[-99.938733,20.325783],[-99.938294,20.325008],[-99.93799,20.324499],[-99.937587,20.323505],[-99.937537,20.323308],[-99.937623,20.323153],[-99.936706,20.321286],[-99.93631,20.320632],[-99.935996,20.319165],[-99.935884,20.318642],[-99.935812,20.317839],[-99.935824,20.315428],[-99.935825,20.315373],[-99.935814,20.315295],[-99.935768,20.314959],[-99.935647,20.314063],[-99.935566,20.313463],[-99.935436,20.31251],[-99.935941,20.312521],[-99.936236,20.312938],[-99.936526,20.313346],[-99.936975,20.31398],[-99.937068,20.314112],[-99.937146,20.314221],[-99.937506,20.314729],[-99.937688,20.314986],[-99.93784,20.315201],[-99.937999,20.315425],[-99.938425,20.316026],[-99.938654,20.316349],[-99.939065,20.316929],[-99.939216,20.317141],[-99.939488,20.317526],[-99.93969,20.317811],[-99.939904,20.318113],[-99.940123,20.318422],[-99.940317,20.318695],[-99.940552,20.319028],[-99.940959,20.319602],[-99.942596,20.321911],[-99.942701,20.32206],[-99.943781,20.323584],[-99.944085,20.324012],[-99.944633,20.324785],[-99.944673,20.324841],[-99.944941,20.32522],[-99.945699,20.32629],[-99.945772,20.326393],[-99.947197,20.328403],[-99.94615,20.329091],[-99.945933,20.329234],[-99.944472,20.330194],[-99.944427,20.330224],[-99.943648,20.330785],[-99.943556,20.330851],[-99.943603,20.33058],[-99.943412,20.330185],[-99.943098,20.329968],[-99.943019,20.330088],[-99.942661,20.330615],[-99.942484,20.330947],[-99.942359,20.331311],[-99.941735,20.331494],[-99.941878,20.330739],[-99.94202,20.329995]],[[-99.944524,20.325053],[-99.944319,20.325023],[-99.9434,20.325278],[-99.944583,20.326381],[-99.944649,20.325209],[-99.944524,20.325053]]]}},{"type":"Feature","properties":{"fid":"58","Name":"PASO DE MATA","NombreNucl":"PASO DE MATA","TipoNucleo":"EJIDO","NombreMuni":"SAN JUAN DEL RÍO","NombreEnti":"QUERÉTARO","nombre":"PASO DE MATA"},"geometry":{"type":"Polygon","coordinates":[[[-99.947698,20.366332],[-99.946998,20.366396],[-99.946621,20.366425],[-99.945392,20.366519],[-99.945326,20.366524],[-99.944561,20.366583],[-99.943793,20.366628],[-99.943287,20.366658],[-99.942634,20.366697],[-99.94236,20.366713],[-99.942105,20.366694],[-99.942039,20.366689],[-99.941062,20.366623],[-99.940242,20.366435],[-99.939782,20.366329],[-99.939272,20.366212],[-99.939062,20.366129],[-99.938527,20.365919],[-99.938281,20.365781],[-99.937389,20.365282],[-99.937208,20.365278],[-99.935745,20.365103],[-99.934188,20.365298],[-99.921966,20.365773],[-99.920798,20.365812],[-99.918511,20.365838],[-99.918471,20.365832],[-99.917117,20.36552],[-99.917046,20.365496],[-99.916421,20.36532],[-99.916152,20.365245],[-99.916106,20.365235],[-99.915099,20.364968],[-99.914511,20.36479],[-99.913,20.364022],[-99.912557,20.363594],[-99.912459,20.363513],[-99.912188,20.363299],[-99.911659,20.363005],[-99.910931,20.36261],[-99.910568,20.362414],[-99.908774,20.362093],[-99.908017,20.361965],[-99.907594,20.361893],[-99.907609,20.361885],[-99.907658,20.360859],[-99.907679,20.360397],[-99.907829,20.359587],[-99.907634,20.355899],[-99.907687,20.35589],[-99.907496,20.354195],[-99.90741,20.353437],[-99.907197,20.353225],[-99.906965,20.352996],[-99.906818,20.35285],[-99.906663,20.352697],[-99.906512,20.352547],[-99.906379,20.352414],[-99.906525,20.352036],[-99.905711,20.351912],[-99.904043,20.351657],[-99.903678,20.351601],[-99.903627,20.351593],[-99.903355,20.351551],[-99.902302,20.35139],[-99.901589,20.351281],[-99.901289,20.351235],[-99.900397,20.351099],[-99.900178,20.351065],[-99.899868,20.351018],[-99.898739,20.350845],[-99.897107,20.350595],[-99.897049,20.350586],[-99.895377,20.350331],[-99.895297,20.350318],[-99.89312,20.349985],[-99.892449,20.349882],[-99.891401,20.349722],[-99.89107,20.349671],[-99.888134,20.349222],[-99.887879,20.349183],[-99.887299,20.349094],[-99.886757,20.349011],[-99.884546,20.348673],[-99.884133,20.34861],[-99.883528,20.348932],[-99.882331,20.349571],[-99.882165,20.349659],[-99.881326,20.339456],[-99.881305,20.338672],[-99.881302,20.338559],[-99.8813,20.338426],[-99.881282,20.337176],[-99.881256,20.335622],[-99.881227,20.334585],[-99.8805,20.333202],[-99.880362,20.332963],[-99.880268,20.332786],[-99.880279,20.332779],[-99.880734,20.332476],[-99.880771,20.332452],[-99.881197,20.332153],[-99.881249,20.332127],[-99.881444,20.331966],[-99.882512,20.33126],[-99.883886,20.330317],[-99.885157,20.329435],[-99.887353,20.327927],[-99.889526,20.326437],[-99.89276,20.326053],[-99.894593,20.325835],[-99.894755,20.326111],[-99.894917,20.326386],[-99.895184,20.326839],[-99.898474,20.332427],[-99.898507,20.332698],[-99.898486,20.333295],[-99.89691,20.333526],[-99.896751,20.333554],[-99.896415,20.333641],[-99.895553,20.333883],[-99.895368,20.333934],[-99.894908,20.334366],[-99.894669,20.334705],[-99.894488,20.334955],[-99.894198,20.335522],[-99.893782,20.336537],[-99.893307,20.337233],[-99.893259,20.337254],[-99.89317,20.33737],[-99.89314,20.337411],[-99.893025,20.33757],[-99.892464,20.338228],[-99.892416,20.338437],[-99.892776,20.338392],[-99.893958,20.338183],[-99.894356,20.33811],[-99.894579,20.33808],[-99.894966,20.338004],[-99.896499,20.337759],[-99.896575,20.337756],[-99.89723,20.337603],[-99.897317,20.337596],[-99.89807,20.337451],[-99.898502,20.337336],[-99.898894,20.337269],[-99.899269,20.337224],[-99.899661,20.337154],[-99.900042,20.337077],[-99.900532,20.336994],[-99.90155,20.336832],[-99.901598,20.336832],[-99.902975,20.33659],[-99.905021,20.336192],[-99.906663,20.33588],[-99.906597,20.335681],[-99.906527,20.335467],[-99.906453,20.335172],[-99.906426,20.335068],[-99.906379,20.334715],[-99.906344,20.334464],[-99.90633,20.334362],[-99.906256,20.333723],[-99.906158,20.332881],[-99.907629,20.33265],[-99.908357,20.332567],[-99.909174,20.332475],[-99.909725,20.332409],[-99.910642,20.331799],[-99.910723,20.331745],[-99.910548,20.330938],[-99.91047,20.330483],[-99.909997,20.330237],[-99.909819,20.330095],[-99.909695,20.329949],[-99.909523,20.329634],[-99.909298,20.329432],[-99.909251,20.328995],[-99.908768,20.328116],[-99.908493,20.327433],[-99.908289,20.327007],[-99.907982,20.327063],[-99.907309,20.327186],[-99.905644,20.327417],[-99.904825,20.327268],[-99.904763,20.327081],[-99.90467,20.326798],[-99.904628,20.326668],[-99.904351,20.325827],[-99.904306,20.325693],[-99.904283,20.325621],[-99.904137,20.325178],[-99.904027,20.324846],[-99.903963,20.32465],[-99.903703,20.323792],[-99.903616,20.323451],[-99.907122,20.323106],[-99.909379,20.322892],[-99.909705,20.322815],[-99.911253,20.32267],[-99.91207,20.322593],[-99.912197,20.322581],[-99.913015,20.322569],[-99.913196,20.322566],[-99.916562,20.322163],[-99.916921,20.32212],[-99.91733,20.322106],[-99.919118,20.321939],[-99.92018,20.32184],[-99.920034,20.322802],[-99.919918,20.323562],[-99.919859,20.324049],[-99.919847,20.324148],[-99.919807,20.32432],[-99.919709,20.325264],[-99.919513,20.326909],[-99.919464,20.327297],[-99.919342,20.328276],[-99.919261,20.328848],[-99.919187,20.329364],[-99.91918,20.329426],[-99.918909,20.331281],[-99.918603,20.333094],[-99.918497,20.333792],[-99.921434,20.334065],[-99.921562,20.334079],[-99.923004,20.334205],[-99.923232,20.33424],[-99.923589,20.334271],[-99.923734,20.334283],[-99.92386,20.334298],[-99.924296,20.334351],[-99.925159,20.334421],[-99.925634,20.334478],[-99.925658,20.334481],[-99.925681,20.334483],[-99.925944,20.334504],[-99.926608,20.334572],[-99.927515,20.334658],[-99.927918,20.334699],[-99.928128,20.334719],[-99.928582,20.33476],[-99.928864,20.334782],[-99.928919,20.334808],[-99.932141,20.335127],[-99.932248,20.335136],[-99.93263,20.335179],[-99.93293,20.335214],[-99.933346,20.335252],[-99.933998,20.335332],[-99.934803,20.335415],[-99.935101,20.335425],[-99.935482,20.335471],[-99.935662,20.335486],[-99.935895,20.335515],[-99.936624,20.335583],[-99.937163,20.335637],[-99.937145,20.335659],[-99.936764,20.336113],[-99.935592,20.337508],[-99.934932,20.338294],[-99.934199,20.339167],[-99.933155,20.338987],[-99.933037,20.339675],[-99.932938,20.340253],[-99.932024,20.341731],[-99.931963,20.3427],[-99.932462,20.343533],[-99.933666,20.344474],[-99.934247,20.34532],[-99.934954,20.345899],[-99.936149,20.346263],[-99.936959,20.346509],[-99.937002,20.346522],[-99.93742,20.346925],[-99.937683,20.347819],[-99.937334,20.349497],[-99.936669,20.350776],[-99.936139,20.351794],[-99.936136,20.352733],[-99.936136,20.352799],[-99.937005,20.353924],[-99.937097,20.354043],[-99.93774,20.354523],[-99.939189,20.355104],[-99.940183,20.355502],[-99.940225,20.355519],[-99.941683,20.356103],[-99.943459,20.356815],[-99.943627,20.356981],[-99.944008,20.357356],[-99.944197,20.357542],[-99.944367,20.358114],[-99.944312,20.358855],[-99.94413,20.359375],[-99.943561,20.360037],[-99.942862,20.360277],[-99.942207,20.360285],[-99.942037,20.360536],[-99.94393,20.361848],[-99.943945,20.361859],[-99.944888,20.362512],[-99.94545,20.362902],[-99.946516,20.363395],[-99.946715,20.363488],[-99.946861,20.363525],[-99.947068,20.363579],[-99.947325,20.363605],[-99.947416,20.364269],[-99.947439,20.364437],[-99.947698,20.366332]]]}},{"type":"Feature","properties":{"fid":"59","Name":"PEDRO ESCOBEDO","NombreNucl":"PEDRO ESCOBEDO","TipoNucleo":"EJIDO","NombreMuni":"PEDRO ESCOBEDO","NombreEnti":"QUERÉTARO","nombre":"PEDRO ESCOBEDO"},"geometry":{"type":"Polygon","coordinates":[[[-100.131305,20.523676],[-100.131573,20.521826],[-100.129821,20.520909],[-100.128428,20.520227],[-100.126673,20.519394],[-100.124858,20.520168],[-100.122285,20.521264],[-100.122278,20.521267],[-100.1197,20.51967],[-100.119671,20.519652],[-100.119217,20.51937],[-100.117301,20.518183],[-100.117324,20.518043],[-100.116488,20.51745],[-100.116173,20.517227],[-100.114564,20.516086],[-100.114611,20.515883],[-100.114885,20.514799],[-100.1151,20.513953],[-100.11508,20.513809],[-100.115085,20.513765],[-100.115372,20.512562],[-100.115674,20.511332],[-100.115984,20.510106],[-100.116312,20.508831],[-100.116614,20.50754],[-100.116953,20.50618],[-100.117279,20.504842],[-100.11765,20.503363],[-100.11793,20.502306],[-100.117991,20.502062],[-100.118103,20.501455],[-100.118177,20.501257],[-100.118589,20.499538],[-100.120218,20.500412],[-100.120241,20.500425],[-100.120491,20.500559],[-100.121968,20.501317],[-100.122038,20.501352],[-100.123314,20.499844],[-100.124387,20.498565],[-100.125428,20.497335],[-100.126609,20.495927],[-100.127898,20.494468],[-100.129111,20.496321],[-100.129132,20.496354],[-100.130501,20.49844],[-100.13055,20.498376],[-100.131376,20.49733],[-100.131933,20.496669],[-100.132248,20.496214],[-100.132421,20.496031],[-100.132848,20.495576],[-100.132886,20.495518],[-100.132984,20.49537],[-100.133051,20.495268],[-100.134205,20.493632],[-100.134525,20.493176],[-100.134581,20.493099],[-100.134709,20.492921],[-100.134046,20.492257],[-100.13434,20.492016],[-100.134839,20.491607],[-100.135008,20.491469],[-100.135854,20.490782],[-100.13597,20.490687],[-100.136662,20.490123],[-100.137364,20.489552],[-100.137694,20.489819],[-100.138622,20.49057],[-100.138825,20.490734],[-100.14004,20.49172],[-100.140086,20.491758],[-100.140236,20.491881],[-100.141165,20.492634],[-100.141541,20.492939],[-100.142927,20.494068],[-100.142968,20.494102],[-100.144408,20.495271],[-100.145737,20.496348],[-100.146206,20.496733],[-100.1463,20.496801],[-100.148695,20.498753],[-100.148705,20.498762],[-100.148747,20.498797],[-100.148758,20.498806],[-100.149841,20.499685],[-100.149896,20.49973],[-100.150076,20.499877],[-100.15153,20.501077],[-100.15068,20.502032],[-100.150283,20.502478],[-100.149446,20.503394],[-100.149374,20.5035],[-100.149186,20.503777],[-100.148644,20.5044],[-100.148602,20.504366],[-100.145321,20.501797],[-100.145043,20.501578],[-100.140142,20.497739],[-100.140009,20.497859],[-100.139826,20.498024],[-100.13798,20.499686],[-100.137879,20.499759],[-100.137376,20.50023],[-100.136884,20.500673],[-100.135348,20.502061],[-100.133866,20.503407],[-100.12912,20.507664],[-100.132063,20.510826],[-100.132881,20.511707],[-100.132961,20.511655],[-100.133803,20.512261],[-100.133965,20.512574],[-100.134124,20.512819],[-100.134584,20.513888],[-100.134531,20.513944],[-100.134741,20.514483],[-100.134499,20.514729],[-100.135252,20.515254],[-100.135605,20.515043],[-100.136956,20.516143],[-100.137134,20.516873],[-100.137484,20.51772],[-100.137738,20.51834],[-100.139288,20.519598],[-100.139051,20.519806],[-100.14047,20.520995],[-100.140726,20.520762],[-100.142123,20.522004],[-100.142378,20.522097],[-100.142607,20.521833],[-100.142939,20.52145],[-100.14349,20.520659],[-100.144857,20.5191],[-100.146126,20.517594],[-100.146156,20.517559],[-100.147481,20.516036],[-100.14885,20.514505],[-100.150257,20.513007],[-100.150858,20.513571],[-100.151425,20.514102],[-100.152007,20.514674],[-100.152462,20.515121],[-100.152463,20.515591],[-100.151777,20.516367],[-100.151325,20.51688],[-100.150816,20.517449],[-100.149953,20.518416],[-100.149858,20.518524],[-100.149589,20.518831],[-100.149255,20.519213],[-100.14895,20.519562],[-100.148666,20.519886],[-100.148616,20.519944],[-100.148341,20.52026],[-100.148055,20.52059],[-100.147768,20.52092],[-100.147414,20.521329],[-100.147262,20.521504],[-100.147126,20.521652],[-100.146824,20.521983],[-100.145863,20.523033],[-100.145395,20.523543],[-100.145075,20.523815],[-100.144716,20.524214],[-100.144221,20.524683],[-100.14395,20.52494],[-100.142738,20.526086],[-100.142476,20.526335],[-100.141305,20.527442],[-100.141117,20.52762],[-100.139792,20.528874],[-100.139766,20.528898],[-100.138404,20.530184],[-100.137071,20.531443],[-100.136196,20.53227],[-100.135764,20.532306],[-100.133548,20.532398],[-100.1333,20.532408],[-100.133194,20.532413],[-100.130804,20.532512],[-100.130136,20.53254],[-100.130143,20.532479],[-100.130161,20.532313],[-100.130432,20.52981],[-100.130877,20.526627],[-100.13123,20.524193],[-100.131305,20.523676]]]}},{"type":"Feature","properties":{"fid":"60","Name":"PUERTA DE PALMILLAS","NombreNucl":"PUERTA DE PALMILLAS","TipoNucleo":"EJIDO","NombreMuni":"SAN JUAN DEL RÍO","NombreEnti":"QUERÉTARO","nombre":"PUERTA DE PALMILLAS"},"geometry":{"type":"Polygon","coordinates":[[[-99.898474,20.332427],[-99.895184,20.326839],[-99.894917,20.326386],[-99.894755,20.326111],[-99.894593,20.325835],[-99.89276,20.326053],[-99.889526,20.326437],[-99.887353,20.327927],[-99.885157,20.329435],[-99.883886,20.330317],[-99.882512,20.33126],[-99.881444,20.331966],[-99.881249,20.332127],[-99.881197,20.332153],[-99.880771,20.332452],[-99.880734,20.332476],[-99.880279,20.332779],[-99.880268,20.332786],[-99.876809,20.326257],[-99.876079,20.324893],[-99.873897,20.320773],[-99.872574,20.318278],[-99.871648,20.316546],[-99.871417,20.316107],[-99.872061,20.316055],[-99.87209,20.316053],[-99.872184,20.316044],[-99.872329,20.316028],[-99.872452,20.316008],[-99.872783,20.315971],[-99.872977,20.315948],[-99.873367,20.315905],[-99.873807,20.315851],[-99.874107,20.315803],[-99.874662,20.315738],[-99.876028,20.315592],[-99.876126,20.31558],[-99.876501,20.315446],[-99.8766,20.315438],[-99.877009,20.315415],[-99.877182,20.315404],[-99.87736,20.315396],[-99.877541,20.315391],[-99.877835,20.315376],[-99.878274,20.315359],[-99.878728,20.315333],[-99.878972,20.31532],[-99.879176,20.315305],[-99.879235,20.3153],[-99.880896,20.315213],[-99.88092,20.316265],[-99.879959,20.316538],[-99.880024,20.316659],[-99.880296,20.317249],[-99.880418,20.317518],[-99.880587,20.317881],[-99.880766,20.318258],[-99.880947,20.318642],[-99.88095,20.318672],[-99.880969,20.320216],[-99.880983,20.32033],[-99.88099,20.320399],[-99.881019,20.320508],[-99.881257,20.320521],[-99.881676,20.320601],[-99.882427,20.320193],[-99.882916,20.319508],[-99.882969,20.31946],[-99.883225,20.318234],[-99.883199,20.318077],[-99.883216,20.317553],[-99.88311,20.316715],[-99.883149,20.315909],[-99.883214,20.315687],[-99.882504,20.315932],[-99.88281,20.31421],[-99.882868,20.314122],[-99.882948,20.314112],[-99.883266,20.313868],[-99.88406,20.31322],[-99.885617,20.311931],[-99.889623,20.313693],[-99.889775,20.31367],[-99.891057,20.313381],[-99.893657,20.312796],[-99.894137,20.31283],[-99.896806,20.313039],[-99.89811,20.313131],[-99.899192,20.313219],[-99.899716,20.313255],[-99.900279,20.313296],[-99.900742,20.313331],[-99.90137,20.313404],[-99.901826,20.313425],[-99.902318,20.313029],[-99.903247,20.310899],[-99.904366,20.308076],[-99.904416,20.308026],[-99.906556,20.307856],[-99.907745,20.30776],[-99.908275,20.307722],[-99.908565,20.307699],[-99.908639,20.307697],[-99.908752,20.307702],[-99.908848,20.307693],[-99.908879,20.307698],[-99.909206,20.307678],[-99.909255,20.307673],[-99.909503,20.307655],[-99.90954,20.30765],[-99.909586,20.307646],[-99.910246,20.307599],[-99.910955,20.307404],[-99.912918,20.307275],[-99.91395,20.307209],[-99.915494,20.307158],[-99.9161,20.307077],[-99.916324,20.307043],[-99.916666,20.307012],[-99.916844,20.306998],[-99.917025,20.306978],[-99.91712,20.30699],[-99.917324,20.306987],[-99.920531,20.306661],[-99.920025,20.305204],[-99.920016,20.305154],[-99.919706,20.30427],[-99.919577,20.303828],[-99.91938,20.303271],[-99.919049,20.302332],[-99.920272,20.301971],[-99.920656,20.301858],[-99.924243,20.300906],[-99.924519,20.300833],[-99.925639,20.300415],[-99.925952,20.300304],[-99.927749,20.300651],[-99.933452,20.301965],[-99.933799,20.302077],[-99.93438,20.302436],[-99.934634,20.302803],[-99.934897,20.303657],[-99.934862,20.304376],[-99.935485,20.304608],[-99.937551,20.30466],[-99.938358,20.30468],[-99.938964,20.304702],[-99.939235,20.304711],[-99.939525,20.30472],[-99.939631,20.304709],[-99.940425,20.304756],[-99.94082,20.304789],[-99.941114,20.304813],[-99.941517,20.304847],[-99.941839,20.304883],[-99.941941,20.304894],[-99.942145,20.304917],[-99.94242,20.304947],[-99.942617,20.304969],[-99.942673,20.304976],[-99.942978,20.305297],[-99.942996,20.305351],[-99.944258,20.30913],[-99.944526,20.309935],[-99.945438,20.312667],[-99.945124,20.312678],[-99.944194,20.312697],[-99.94239,20.312734],[-99.941033,20.312691],[-99.935941,20.312521],[-99.935436,20.31251],[-99.934906,20.312538],[-99.934669,20.312545],[-99.934424,20.312563],[-99.933873,20.312485],[-99.932165,20.312377],[-99.931748,20.312343],[-99.928357,20.312108],[-99.92805,20.312103],[-99.925128,20.311855],[-99.923719,20.311818],[-99.923756,20.312725],[-99.922893,20.31264],[-99.921966,20.312477],[-99.921497,20.312404],[-99.921253,20.312378],[-99.921158,20.312368],[-99.920948,20.31235],[-99.920834,20.312338],[-99.920448,20.312294],[-99.920447,20.312309],[-99.92046,20.312592],[-99.920476,20.313213],[-99.920532,20.313326],[-99.920609,20.313467],[-99.920476,20.313542],[-99.920365,20.313418],[-99.920259,20.313301],[-99.919918,20.312914],[-99.919813,20.312794],[-99.919649,20.312859],[-99.919175,20.31304],[-99.919375,20.313325],[-99.919459,20.313447],[-99.919521,20.313537],[-99.919603,20.313658],[-99.919607,20.313665],[-99.919803,20.313944],[-99.91984,20.313997],[-99.919909,20.314096],[-99.920065,20.314319],[-99.920496,20.314153],[-99.920504,20.314404],[-99.920507,20.314473],[-99.920512,20.314591],[-99.920517,20.314706],[-99.920526,20.315055],[-99.920528,20.315173],[-99.920556,20.315831],[-99.920819,20.315794],[-99.921186,20.315693],[-99.921445,20.31614],[-99.921566,20.316392],[-99.921654,20.316578],[-99.921705,20.316681],[-99.921734,20.316749],[-99.921779,20.316844],[-99.921839,20.316979],[-99.921857,20.317017],[-99.922058,20.317441],[-99.922361,20.318044],[-99.92269,20.318362],[-99.922815,20.318496],[-99.923536,20.319272],[-99.923564,20.319293],[-99.924805,20.320559],[-99.925182,20.32096],[-99.925599,20.321367],[-99.925869,20.321651],[-99.929748,20.325506],[-99.928151,20.325432],[-99.927254,20.325452],[-99.925886,20.325392],[-99.925152,20.325376],[-99.923569,20.325367],[-99.922382,20.325323],[-99.921458,20.325285],[-99.921368,20.32529],[-99.919709,20.325264],[-99.919807,20.32432],[-99.919847,20.324148],[-99.919859,20.324049],[-99.919918,20.323562],[-99.920034,20.322802],[-99.92018,20.32184],[-99.919118,20.321939],[-99.91733,20.322106],[-99.916921,20.32212],[-99.916562,20.322163],[-99.913196,20.322566],[-99.913015,20.322569],[-99.912197,20.322581],[-99.91207,20.322593],[-99.911253,20.32267],[-99.909705,20.322815],[-99.909379,20.322892],[-99.907122,20.323106],[-99.903616,20.323451],[-99.903703,20.323792],[-99.903963,20.32465],[-99.904027,20.324846],[-99.904137,20.325178],[-99.904283,20.325621],[-99.904306,20.325693],[-99.904351,20.325827],[-99.904628,20.326668],[-99.90467,20.326798],[-99.904763,20.327081],[-99.904825,20.327268],[-99.905644,20.327417],[-99.907309,20.327186],[-99.907982,20.327063],[-99.908289,20.327007],[-99.908493,20.327433],[-99.908768,20.328116],[-99.909251,20.328995],[-99.909298,20.329432],[-99.909523,20.329634],[-99.909695,20.329949],[-99.909819,20.330095],[-99.909997,20.330237],[-99.91047,20.330483],[-99.910548,20.330938],[-99.910723,20.331745],[-99.910642,20.331799],[-99.909725,20.332409],[-99.909174,20.332475],[-99.908357,20.332567],[-99.907629,20.33265],[-99.906158,20.332881],[-99.906256,20.333723],[-99.90633,20.334362],[-99.906344,20.334464],[-99.906379,20.334715],[-99.906426,20.335068],[-99.906453,20.335172],[-99.906527,20.335467],[-99.906597,20.335681],[-99.906663,20.33588],[-99.905021,20.336192],[-99.902975,20.33659],[-99.901598,20.336832],[-99.90155,20.336832],[-99.900532,20.336994],[-99.900042,20.337077],[-99.899661,20.337154],[-99.899269,20.337224],[-99.898894,20.337269],[-99.898502,20.337336],[-99.89807,20.337451],[-99.897317,20.337596],[-99.89723,20.337603],[-99.896575,20.337756],[-99.896499,20.337759],[-99.894966,20.338004],[-99.894579,20.33808],[-99.894356,20.33811],[-99.893958,20.338183],[-99.892776,20.338392],[-99.892416,20.338437],[-99.892464,20.338228],[-99.893025,20.33757],[-99.89314,20.337411],[-99.89317,20.33737],[-99.893259,20.337254],[-99.893307,20.337233],[-99.893782,20.336537],[-99.894198,20.335522],[-99.894488,20.334955],[-99.894669,20.334705],[-99.894908,20.334366],[-99.895368,20.333934],[-99.895553,20.333883],[-99.896415,20.333641],[-99.896751,20.333554],[-99.89691,20.333526],[-99.898486,20.333295],[-99.898507,20.332698],[-99.898474,20.332427]]]}},{"type":"Feature","properties":{"fid":"61","Name":"RANCHERIA DE ENMEDIO","NombreNucl":"RANCHERIA DE ENMEDIO","TipoNucleo":"EJIDO","NombreMuni":"SAN JUAN DEL RÍO","NombreEnti":"QUERÉTARO","nombre":"RANCHERIA DE ENMEDIO"},"geometry":{"type":"Polygon","coordinates":[[[-99.933256,20.376696],[-99.933356,20.376184],[-99.933237,20.374474],[-99.933278,20.374107],[-99.933334,20.37385],[-99.933492,20.373127],[-99.933523,20.372147],[-99.933791,20.371097],[-99.933983,20.370845],[-99.934505,20.370416],[-99.934887,20.370168],[-99.935317,20.369412],[-99.935345,20.368872],[-99.935288,20.368362],[-99.935258,20.368094],[-99.935215,20.367681],[-99.93523,20.366742],[-99.935932,20.366162],[-99.937009,20.365572],[-99.937208,20.365278],[-99.937389,20.365282],[-99.938281,20.365781],[-99.938364,20.365827],[-99.938527,20.365919],[-99.939062,20.366129],[-99.939272,20.366212],[-99.939782,20.366329],[-99.940242,20.366435],[-99.941062,20.366623],[-99.942039,20.366689],[-99.942105,20.366694],[-99.94236,20.366713],[-99.942634,20.366697],[-99.943287,20.366658],[-99.943793,20.366628],[-99.944561,20.366583],[-99.945326,20.366524],[-99.945392,20.366519],[-99.946621,20.366425],[-99.946998,20.366396],[-99.947698,20.366332],[-99.947439,20.364437],[-99.947416,20.364269],[-99.947325,20.363605],[-99.947463,20.363665],[-99.94751,20.363686],[-99.948239,20.364001],[-99.948259,20.364054],[-99.948447,20.364055],[-99.94851,20.364056],[-99.949402,20.364063],[-99.949495,20.363492],[-99.949537,20.363239],[-99.949595,20.362885],[-99.949579,20.362412],[-99.94955,20.361588],[-99.949523,20.360811],[-99.949511,20.360474],[-99.94951,20.360424],[-99.950223,20.360553],[-99.950933,20.360662],[-99.951456,20.360705],[-99.952021,20.360737],[-99.953915,20.36079],[-99.956886,20.361315],[-99.956878,20.361381],[-99.956912,20.362671],[-99.956937,20.3641],[-99.957014,20.366821],[-99.957085,20.369039],[-99.957082,20.369207],[-99.95708,20.369352],[-99.95716,20.371427],[-99.957165,20.371638],[-99.95717,20.371846],[-99.957146,20.372483],[-99.957114,20.375366],[-99.955054,20.375503],[-99.951744,20.375722],[-99.948512,20.375914],[-99.947876,20.375948],[-99.946649,20.376029],[-99.942788,20.376245],[-99.942714,20.376262],[-99.940251,20.376405],[-99.940255,20.376312],[-99.939574,20.37635],[-99.939533,20.376352],[-99.939391,20.37636],[-99.938399,20.376414],[-99.93753,20.376462],[-99.937128,20.376484],[-99.937069,20.376487],[-99.933583,20.376678],[-99.933256,20.376696]]]}},{"type":"Feature","properties":{"fid":"62","Name":"SAN CLEMENTE","NombreNucl":"SAN CLEMENTE","TipoNucleo":"EJIDO","NombreMuni":"PEDRO ESCOBEDO","NombreEnti":"QUERÉTARO","nombre":"SAN CLEMENTE"},"geometry":{"type":"Polygon","coordinates":[[[-100.067221,20.492009],[-100.067364,20.491651],[-100.067089,20.491748],[-100.066901,20.491805],[-100.064683,20.491829],[-100.06313,20.491845],[-100.062677,20.491826],[-100.06033,20.490998],[-100.060062,20.491002],[-100.059629,20.491226],[-100.059388,20.491549],[-100.059313,20.491648],[-100.059138,20.491813],[-100.058788,20.492141],[-100.058664,20.492257],[-100.058551,20.492363],[-100.058167,20.492415],[-100.057938,20.492379],[-100.05768,20.492193],[-100.057661,20.49218],[-100.057528,20.49204],[-100.057187,20.491861],[-100.057016,20.491658],[-100.056917,20.491542],[-100.056731,20.491449],[-100.056371,20.491269],[-100.056329,20.491248],[-100.056046,20.491147],[-100.055744,20.491041],[-100.055434,20.490931],[-100.055094,20.49081],[-100.054845,20.490722],[-100.054304,20.490406],[-100.054104,20.490096],[-100.053887,20.489928],[-100.053509,20.489393],[-100.053501,20.489342],[-100.053423,20.488864],[-100.053183,20.488717],[-100.052915,20.488787],[-100.052803,20.4891],[-100.052471,20.489059],[-100.052497,20.488765],[-100.052164,20.488277],[-100.051897,20.488164],[-100.051615,20.488193],[-100.051491,20.488959],[-100.050294,20.488502],[-100.04933,20.48843],[-100.049093,20.488561],[-100.04867,20.489407],[-100.048278,20.490149],[-100.048143,20.490249],[-100.047002,20.490448],[-100.046166,20.490729],[-100.046051,20.490768],[-100.045915,20.490767],[-100.045695,20.490765],[-100.045248,20.49076],[-100.044676,20.490755],[-100.042456,20.490587],[-100.041976,20.49055],[-100.041736,20.490532],[-100.041625,20.490524],[-100.041324,20.490677],[-100.040959,20.491258],[-100.041021,20.490882],[-100.042094,20.484861],[-100.042458,20.483076],[-100.042464,20.483043],[-100.045114,20.481821],[-100.045727,20.481368],[-100.047415,20.480223],[-100.047684,20.478798],[-100.047754,20.478821],[-100.047946,20.478874],[-100.04798,20.478738],[-100.048083,20.478824],[-100.048091,20.478823],[-100.048149,20.478869],[-100.048211,20.478922],[-100.048277,20.478974],[-100.048355,20.479039],[-100.048427,20.479097],[-100.048489,20.479147],[-100.048559,20.479204],[-100.048692,20.479314],[-100.048733,20.479344],[-100.048809,20.479223],[-100.049132,20.479394],[-100.049284,20.479468],[-100.050006,20.47864],[-100.049994,20.478586],[-100.05016,20.478221],[-100.050408,20.47833],[-100.051779,20.479438],[-100.052786,20.479956],[-100.053019,20.480076],[-100.0587,20.482994],[-100.05879,20.48294],[-100.060572,20.481871],[-100.063711,20.48192],[-100.067251,20.482874],[-100.067672,20.481068],[-100.068686,20.4793],[-100.069432,20.475694],[-100.072626,20.476937],[-100.075339,20.468475],[-100.075366,20.467652],[-100.075794,20.467969],[-100.075229,20.469668],[-100.076303,20.47052],[-100.077189,20.471231],[-100.07821,20.470119],[-100.078223,20.47013],[-100.079465,20.471089],[-100.080153,20.471649],[-100.080204,20.471601],[-100.080805,20.472096],[-100.08134,20.472496],[-100.081696,20.472793],[-100.081771,20.472855],[-100.081815,20.472891],[-100.081901,20.472963],[-100.085259,20.475752],[-100.08525,20.476653],[-100.086553,20.490909],[-100.084937,20.49156],[-100.084472,20.49224],[-100.084177,20.49209],[-100.082512,20.491175],[-100.080894,20.490281],[-100.079219,20.489358],[-100.077539,20.488425],[-100.075883,20.487546],[-100.074238,20.486649],[-100.072618,20.48576],[-100.07118,20.484993],[-100.070886,20.484989],[-100.069851,20.485021],[-100.069382,20.490324],[-100.069025,20.494038],[-100.068828,20.494222],[-100.068742,20.494212],[-100.068669,20.494201],[-100.068506,20.494174],[-100.068415,20.49413],[-100.068297,20.493991],[-100.068243,20.493926],[-100.06812,20.493887],[-100.067881,20.493862],[-100.067663,20.493839],[-100.067447,20.493816],[-100.067265,20.493797],[-100.067068,20.493776],[-100.067221,20.492009]]]}},{"type":"Feature","properties":{"fid":"63","Name":"SAN CLEMENTE","NombreNucl":"SAN CLEMENTE","TipoNucleo":"EJIDO","NombreMuni":"PEDRO ESCOBEDO","NombreEnti":"QUERÉTARO","nombre":"SAN CLEMENTE"},"geometry":{"type":"Polygon","coordinates":[[[-100.089108,20.501738],[-100.089429,20.499945],[-100.089748,20.49816],[-100.089813,20.497796],[-100.09011,20.496137],[-100.090165,20.495831],[-100.090881,20.49183],[-100.090894,20.491759],[-100.093094,20.491095],[-100.093747,20.490898],[-100.094364,20.490712],[-100.094318,20.490091],[-100.093769,20.482646],[-100.093734,20.482171],[-100.093392,20.477534],[-100.093624,20.477599],[-100.096139,20.481123],[-100.096747,20.481983],[-100.096747,20.481983],[-100.096747,20.481983],[-100.097068,20.482436],[-100.098901,20.485027],[-100.099075,20.48527],[-100.099617,20.486069],[-100.100206,20.486938],[-100.100371,20.487192],[-100.101232,20.488334],[-100.102276,20.489602],[-100.102257,20.489654],[-100.102302,20.489716],[-100.104251,20.492422],[-100.104194,20.493804],[-100.104185,20.49565],[-100.104162,20.497383],[-100.104145,20.498917],[-100.104141,20.500245],[-100.104174,20.500475],[-100.105986,20.500273],[-100.105571,20.502732],[-100.105306,20.504378],[-100.105139,20.505408],[-100.104713,20.5079],[-100.104337,20.510029],[-100.104069,20.511788],[-100.103228,20.511633],[-100.101924,20.511393],[-100.102021,20.510939],[-100.102255,20.509845],[-100.102558,20.508426],[-100.102766,20.507454],[-100.10314,20.505705],[-100.103165,20.505587],[-100.103282,20.505039],[-100.100102,20.504488],[-100.09858,20.504224],[-100.098524,20.504214],[-100.098437,20.504199],[-100.096995,20.503949],[-100.095202,20.503638],[-100.094779,20.503564],[-100.092346,20.503142],[-100.092083,20.503097],[-100.092039,20.503089],[-100.092015,20.503085],[-100.092001,20.503082],[-100.088962,20.502555],[-100.089108,20.501738]]]}},{"type":"Feature","properties":{"fid":"64","Name":"SAN ILDEFONSO","NombreNucl":"SAN ILDEFONSO","TipoNucleo":"EJIDO","NombreMuni":"COLÓN","NombreEnti":"QUERÉTARO","nombre":"SAN ILDEFONSO"},"geometry":{"type":"Polygon","coordinates":[[[-100.171912,20.568505],[-100.17193,20.567348],[-100.171064,20.56748],[-100.169997,20.567795],[-100.169991,20.568297],[-100.170216,20.568294],[-100.170218,20.568167],[-100.170166,20.568165],[-100.170166,20.56812],[-100.170339,20.568122],[-100.170338,20.568167],[-100.170286,20.568168],[-100.170286,20.56829],[-100.170333,20.568299],[-100.170361,20.56841],[-100.170316,20.568404],[-100.170321,20.568473],[-100.170325,20.568539],[-100.170337,20.568702],[-100.169899,20.568649],[-100.169845,20.568643],[-100.169859,20.568446],[-100.169469,20.568381],[-100.1681,20.568295],[-100.16809,20.568301],[-100.168022,20.568294],[-100.168022,20.568189],[-100.168024,20.567799],[-100.168026,20.567603],[-100.168026,20.56759],[-100.168028,20.56725],[-100.168029,20.566968],[-100.168029,20.566936],[-100.168032,20.566543],[-100.168033,20.566298],[-100.168033,20.566217],[-100.168545,20.56641],[-100.168526,20.566645],[-100.168776,20.566642],[-100.16884,20.566641],[-100.169072,20.566618],[-100.169216,20.566604],[-100.169385,20.566587],[-100.169457,20.56658],[-100.169578,20.566558],[-100.169769,20.566525],[-100.170062,20.566473],[-100.170082,20.566459],[-100.169895,20.564875],[-100.171443,20.564369],[-100.175113,20.562789],[-100.178248,20.562412],[-100.180085,20.562321],[-100.180958,20.56234],[-100.181058,20.562342],[-100.181226,20.562346],[-100.181435,20.56235],[-100.181645,20.562355],[-100.181848,20.562359],[-100.182245,20.562368],[-100.182642,20.562377],[-100.183041,20.562385],[-100.183187,20.562389],[-100.18344,20.562394],[-100.183839,20.562403],[-100.184237,20.562411],[-100.184633,20.56242],[-100.18503,20.562429],[-100.185348,20.562436],[-100.185399,20.562437],[-100.185753,20.562402],[-100.186202,20.562359],[-100.186732,20.562307],[-100.187366,20.562246],[-100.187664,20.562217],[-100.189039,20.562084],[-100.189273,20.562061],[-100.189507,20.562038],[-100.19012,20.561979],[-100.190701,20.563335],[-100.190922,20.563851],[-100.191143,20.564368],[-100.191758,20.565805],[-100.193105,20.568949],[-100.193193,20.569155],[-100.19375,20.570202],[-100.195959,20.574354],[-100.196401,20.575184],[-100.198144,20.578461],[-100.198922,20.579922],[-100.199123,20.580225],[-100.201797,20.584238],[-100.20079,20.584426],[-100.19893,20.584773],[-100.198716,20.584813],[-100.198158,20.585427],[-100.197333,20.586375],[-100.197196,20.586488],[-100.197043,20.586613],[-100.196879,20.586748],[-100.195259,20.588079],[-100.19402,20.589096],[-100.193932,20.589169],[-100.193777,20.589857],[-100.192648,20.589752],[-100.192485,20.589737],[-100.192432,20.589732],[-100.192,20.589685],[-100.191957,20.589682],[-100.19192,20.589675],[-100.190088,20.589554],[-100.190083,20.589554],[-100.190025,20.589554],[-100.189871,20.589543],[-100.187478,20.589394],[-100.186895,20.589338],[-100.186814,20.589331],[-100.182283,20.589021],[-100.182237,20.589017],[-100.181781,20.588991],[-100.182137,20.577992],[-100.182434,20.568845],[-100.182437,20.568734],[-100.180711,20.568686],[-100.178638,20.568628],[-100.176208,20.568561],[-100.174937,20.568544],[-100.17488,20.568544],[-100.174215,20.568535],[-100.174078,20.568533],[-100.173847,20.56853],[-100.173623,20.568527],[-100.173572,20.568527],[-100.173448,20.568525],[-100.173394,20.568525],[-100.173277,20.568523],[-100.173169,20.568522],[-100.173138,20.568521],[-100.172944,20.568519],[-100.172921,20.568518],[-100.172663,20.568515],[-100.172608,20.568514],[-100.172455,20.568512],[-100.172418,20.568512],[-100.172318,20.568511],[-100.172025,20.568507],[-100.171912,20.568505]]]}},{"type":"Feature","properties":{"fid":"65","Name":"SAN JUAN DEL RIO","NombreNucl":"SAN JUAN DEL RIO","TipoNucleo":"EJIDO","NombreMuni":"SAN JUAN DEL RÍO","NombreEnti":"QUERÉTARO","nombre":"SAN JUAN DEL RIO"},"geometry":{"type":"Polygon","coordinates":[[[-99.999728,20.37378],[-99.999367,20.373929],[-99.999218,20.373965],[-99.99862,20.373906],[-99.998525,20.373862],[-99.998396,20.373827],[-99.998121,20.373806],[-99.99781,20.373749],[-99.997651,20.373996],[-99.997374,20.374236],[-99.997644,20.374735],[-99.997696,20.374961],[-99.997715,20.375042],[-99.997735,20.375131],[-99.997754,20.375212],[-99.997807,20.375443],[-99.997812,20.375564],[-99.997964,20.375727],[-99.997991,20.375813],[-99.997948,20.37615],[-99.998073,20.376297],[-99.998154,20.376314],[-99.998805,20.377628],[-99.998804,20.37771],[-99.998816,20.378031],[-99.998709,20.378609],[-99.998258,20.379254],[-99.998002,20.37918],[-99.997801,20.378482],[-99.997197,20.378337],[-99.997082,20.378313],[-99.996669,20.378223],[-99.99592,20.378065],[-99.995634,20.378002],[-99.99533,20.37794],[-99.99518,20.37791],[-99.994808,20.377835],[-99.99449,20.377662],[-99.994332,20.377596],[-99.994068,20.377511],[-99.993625,20.377429],[-99.99329,20.377425],[-99.993144,20.377423],[-99.986435,20.375874],[-99.985943,20.375764],[-99.985571,20.375687],[-99.985442,20.37567],[-99.985323,20.375654],[-99.9849,20.375598],[-99.982036,20.375284],[-99.981824,20.375251],[-99.982044,20.369164],[-99.982046,20.368985],[-99.982051,20.368908],[-99.982052,20.368848],[-99.982056,20.368765],[-99.982061,20.368687],[-99.982067,20.368572],[-99.982074,20.368443],[-99.982074,20.368168],[-99.98222,20.365862],[-99.982233,20.36565],[-99.982433,20.362487],[-99.982181,20.360172],[-99.982757,20.358598],[-99.982783,20.358477],[-99.983087,20.357561],[-99.983443,20.356611],[-99.984132,20.356095],[-99.984186,20.356067],[-99.984904,20.355488],[-99.985342,20.355134],[-99.986566,20.354147],[-99.987284,20.353568],[-99.989181,20.352647],[-99.990858,20.351832],[-99.991616,20.351464],[-99.992352,20.351238],[-99.994449,20.352534],[-99.994768,20.352585],[-99.995524,20.352946],[-99.996133,20.352808],[-99.996333,20.352641],[-99.996595,20.352068],[-99.996577,20.351667],[-99.996816,20.35124],[-99.997199,20.352108],[-99.997057,20.353001],[-99.995589,20.353878],[-99.995109,20.35442],[-99.994886,20.355454],[-99.994988,20.355717],[-99.995201,20.356066],[-99.99598,20.356309],[-99.996475,20.356224],[-99.997051,20.356118],[-99.997755,20.35614],[-99.998133,20.356329],[-99.998452,20.356621],[-99.998398,20.358072],[-99.999082,20.358923],[-99.999066,20.360398],[-99.999051,20.361676],[-99.999028,20.36242],[-99.999175,20.362675],[-99.999296,20.363207],[-99.999247,20.363286],[-99.99915,20.363443],[-99.998773,20.364055],[-99.997844,20.365349],[-99.99767,20.365741],[-99.997764,20.366204],[-99.998334,20.367055],[-99.997886,20.367301],[-99.998261,20.3677],[-99.998258,20.367988],[-99.998193,20.368809],[-99.998078,20.369324],[-99.998164,20.369963],[-99.998605,20.371568],[-99.999381,20.372806],[-99.999742,20.372604],[-100.000232,20.3736],[-99.999728,20.37378]],[[-99.997644,20.374735],[-99.997437,20.37461],[-99.997391,20.374536],[-99.997333,20.37441],[-99.997307,20.374368],[-99.996792,20.373801],[-99.996715,20.373726],[-99.996643,20.373686],[-99.996115,20.373687],[-99.995668,20.373622],[-99.995372,20.373391],[-99.992174,20.371984],[-99.992072,20.371937],[-99.990553,20.37115],[-99.990456,20.371085],[-99.990011,20.370847],[-99.989279,20.370253],[-99.987501,20.369538],[-99.987101,20.369981],[-99.990087,20.371628],[-99.995072,20.373677],[-99.997644,20.374735]]]}},{"type":"Feature","properties":{"fid":"66","Name":"SAN JUAN DEL RIO","NombreNucl":"SAN JUAN DEL RIO","TipoNucleo":"EJIDO","NombreMuni":"SAN JUAN DEL RÍO","NombreEnti":"QUERÉTARO","nombre":"SAN JUAN DEL RIO"},"geometry":{"type":"Polygon","coordinates":[[[-100.048707,20.390242],[-100.04858,20.390609],[-100.047192,20.394032],[-100.047173,20.394079],[-100.047166,20.394093],[-100.046886,20.394708],[-100.046,20.396646],[-100.045312,20.39815],[-100.045203,20.398387],[-100.045015,20.398799],[-100.044866,20.399126],[-100.044122,20.400754],[-100.043842,20.401365],[-100.043459,20.402204],[-100.043342,20.402459],[-100.043297,20.402574],[-100.043131,20.402992],[-100.043104,20.403058],[-100.042894,20.403582],[-100.042862,20.403613],[-100.041685,20.404744],[-100.041625,20.404802],[-100.041616,20.404811],[-100.041566,20.404859],[-100.040251,20.406123],[-100.040209,20.406164],[-100.039073,20.407256],[-100.039048,20.407279],[-100.038145,20.408148],[-100.037691,20.408583],[-100.037141,20.409131],[-100.036996,20.409274],[-100.036842,20.409368],[-100.036756,20.409421],[-100.036675,20.40947],[-100.036588,20.409523],[-100.036406,20.409634],[-100.035848,20.410199],[-100.034313,20.411752],[-100.034232,20.411829],[-100.033159,20.41285],[-100.032338,20.414834],[-100.032303,20.414919],[-100.032267,20.415007],[-100.032197,20.415097],[-100.032143,20.415288],[-100.032104,20.415377],[-100.031969,20.415685],[-100.031881,20.415814],[-100.031857,20.415849],[-100.031785,20.415955],[-100.031316,20.417023],[-100.031259,20.417153],[-100.030463,20.418963],[-100.030332,20.419262],[-100.029934,20.420168],[-100.02961,20.420905],[-100.029571,20.420993],[-100.029529,20.421057],[-100.02952,20.421191],[-100.029369,20.421525],[-100.028895,20.422541],[-100.028653,20.42306],[-100.02848,20.42347],[-100.028329,20.423235],[-100.028275,20.423151],[-100.028238,20.423093],[-100.027855,20.422497],[-100.027265,20.421579],[-100.026872,20.420969],[-100.026303,20.420083],[-100.02572,20.419177],[-100.025592,20.418949],[-100.025552,20.41883],[-100.025251,20.418346],[-100.024917,20.417811],[-100.02475,20.417544],[-100.024725,20.417505],[-100.024188,20.41666],[-100.023618,20.415762],[-100.023163,20.415045],[-100.022853,20.414557],[-100.022656,20.414248],[-100.022444,20.413913],[-100.022142,20.413439],[-100.021732,20.412793],[-100.021728,20.412787],[-100.021435,20.412325],[-100.020281,20.41051],[-100.020241,20.410446],[-100.02022,20.410412],[-100.018659,20.408],[-100.0184,20.407599],[-100.018339,20.407505],[-100.018188,20.407272],[-100.018039,20.407041],[-100.017981,20.406951],[-100.017831,20.406719],[-100.017828,20.406715],[-100.017681,20.406488],[-100.017619,20.406391],[-100.017617,20.406388],[-100.017468,20.406158],[-100.017316,20.405924],[-100.017255,20.405828],[-100.017105,20.405597],[-100.016961,20.405373],[-100.016896,20.405274],[-100.016753,20.405052],[-100.016739,20.405031],[-100.01659,20.404801],[-100.016527,20.404703],[-100.016013,20.403908],[-100.014819,20.403537],[-100.014532,20.402945],[-100.014294,20.402882],[-100.013321,20.402692],[-100.01306,20.402623],[-100.012901,20.402602],[-100.011795,20.40229],[-100.010991,20.401921],[-100.010361,20.401289],[-100.010303,20.401253],[-100.010199,20.401189],[-100.010237,20.401119],[-100.010917,20.399985],[-100.011018,20.399861],[-100.011152,20.399663],[-100.011947,20.398394],[-100.013269,20.396394],[-100.012275,20.395626],[-100.012128,20.395534],[-100.012041,20.395469],[-100.012473,20.394727],[-100.012719,20.394369],[-100.013008,20.394026],[-100.013326,20.393696],[-100.013689,20.393396],[-100.014082,20.393132],[-100.014484,20.392895],[-100.014874,20.392693],[-100.01593,20.392251],[-100.016676,20.3911],[-100.016316,20.390548],[-100.015457,20.389782],[-100.014961,20.388849],[-100.014997,20.387142],[-100.014841,20.386349],[-100.01464,20.38582],[-100.014276,20.38534],[-100.014329,20.385287],[-100.014381,20.385236],[-100.014435,20.385183],[-100.014686,20.384912],[-100.014934,20.384608],[-100.015162,20.384325],[-100.0149,20.384146],[-100.014563,20.383917],[-100.014379,20.3838],[-100.014198,20.383393],[-100.014096,20.383221],[-100.01307,20.381698],[-100.012607,20.381051],[-100.012748,20.380937],[-100.012937,20.380785],[-100.013016,20.380721],[-100.013103,20.380651],[-100.013149,20.380614],[-100.013957,20.379963],[-100.014883,20.378887],[-100.014968,20.378788],[-100.015237,20.378514],[-100.015284,20.378466],[-100.015641,20.378079],[-100.016559,20.376402],[-100.017728,20.375467],[-100.01824,20.374972],[-100.018863,20.374377],[-100.01933,20.374005],[-100.020209,20.373523],[-100.020376,20.373425],[-100.020421,20.373399],[-100.020561,20.373317],[-100.020648,20.373266],[-100.021934,20.372539],[-100.022079,20.372832],[-100.024307,20.376281],[-100.028513,20.382416],[-100.029418,20.38413],[-100.02963,20.384628],[-100.030899,20.386917],[-100.035004,20.385379],[-100.035588,20.385982],[-100.036331,20.386748],[-100.036589,20.387015],[-100.036753,20.387184],[-100.037354,20.387715],[-100.037437,20.387792],[-100.039046,20.389306],[-100.039093,20.389364],[-100.041232,20.389512],[-100.041998,20.38951],[-100.042713,20.389468],[-100.043195,20.389483],[-100.044322,20.389287],[-100.044786,20.389217],[-100.047462,20.389822],[-100.048743,20.390166],[-100.048707,20.390242]],[[-100.020193,20.388238],[-100.019507,20.387738],[-100.018475,20.386832],[-100.018408,20.386728],[-100.016874,20.384617],[-100.016784,20.384666],[-100.016809,20.384705],[-100.01702,20.384821],[-100.017134,20.385026],[-100.017229,20.385195],[-100.017326,20.38537],[-100.017606,20.385738],[-100.017661,20.385811],[-100.017813,20.38604],[-100.017936,20.386237],[-100.018008,20.38636],[-100.018272,20.386816],[-100.019417,20.387824],[-100.020131,20.388358],[-100.020193,20.388238]]]}},{"type":"Feature","properties":{"fid":"67","Name":"SAN SEBASTIAN DE LAS BARRANCAS","NombreNucl":"SAN SEBASTIAN DE LAS BARRANCAS","TipoNucleo":"EJIDO","NombreMuni":"SAN JUAN DEL RÍO","NombreEnti":"QUERÉTARO","nombre":"SAN SEBASTIAN DE LAS BARRANCAS"},"geometry":{"type":"Polygon","coordinates":[[[-99.911663,20.286119],[-99.911391,20.285591],[-99.911803,20.285523],[-99.912368,20.285626],[-99.913347,20.285867],[-99.914382,20.285799],[-99.914663,20.285708],[-99.914775,20.285691],[-99.915178,20.285515],[-99.915571,20.285125],[-99.915636,20.284662],[-99.91589,20.284106],[-99.916386,20.283613],[-99.916733,20.283425],[-99.917193,20.283047],[-99.917752,20.28259],[-99.918375,20.28219],[-99.918444,20.282166],[-99.918981,20.28198],[-99.919381,20.281738],[-99.919501,20.281665],[-99.919875,20.281258],[-99.919773,20.28029],[-99.920025,20.279436],[-99.920402,20.278031],[-99.92122,20.277871],[-99.921342,20.277334],[-99.923608,20.276173],[-99.923941,20.275792],[-99.924337,20.275043],[-99.92422,20.274496],[-99.923488,20.273632],[-99.923699,20.273224],[-99.925694,20.273164],[-99.92581,20.272926],[-99.925713,20.271983],[-99.926176,20.271396],[-99.926102,20.270702],[-99.926388,20.270248],[-99.926564,20.269971],[-99.926837,20.269537],[-99.929163,20.26933],[-99.929074,20.268683],[-99.929553,20.26846],[-99.929563,20.268606],[-99.929634,20.269576],[-99.92966,20.269944],[-99.929678,20.270188],[-99.929733,20.270941],[-99.92975,20.271175],[-99.929755,20.271251],[-99.929815,20.272076],[-99.9299,20.27325],[-99.930187,20.273223],[-99.935377,20.272728],[-99.935748,20.272692],[-99.935887,20.272684],[-99.936107,20.27267],[-99.93639,20.272652],[-99.936508,20.272645],[-99.936763,20.272629],[-99.936977,20.272615],[-99.937066,20.27261],[-99.93719,20.272602],[-99.937309,20.272594],[-99.93745,20.272585],[-99.937753,20.272566],[-99.938537,20.272517],[-99.938545,20.272695],[-99.938578,20.273404],[-99.938621,20.274316],[-99.938655,20.275029],[-99.938728,20.276585],[-99.938747,20.277007],[-99.93882,20.278551],[-99.938834,20.278864],[-99.938875,20.27972],[-99.938877,20.279773],[-99.938933,20.280968],[-99.938946,20.281242],[-99.938959,20.281521],[-99.938982,20.282004],[-99.938997,20.282333],[-99.939005,20.282496],[-99.939024,20.282902],[-99.939046,20.283383],[-99.939051,20.283478],[-99.939067,20.283817],[-99.939104,20.284618],[-99.939141,20.285391],[-99.939182,20.286269],[-99.939185,20.286348],[-99.939193,20.286514],[-99.939198,20.286614],[-99.939242,20.28755],[-99.939311,20.289034],[-99.939319,20.289185],[-99.93938,20.290506],[-99.939449,20.291963],[-99.939451,20.292018],[-99.936876,20.29217],[-99.936,20.292221],[-99.933989,20.29234],[-99.933608,20.292362],[-99.933017,20.292397],[-99.932636,20.292419],[-99.931068,20.292511],[-99.929751,20.292589],[-99.928951,20.292636],[-99.927937,20.292695],[-99.927843,20.292701],[-99.927749,20.292706],[-99.926929,20.292755],[-99.926898,20.292756],[-99.924255,20.292912],[-99.922359,20.293023],[-99.922267,20.293028],[-99.920512,20.293131],[-99.920266,20.293146],[-99.918687,20.293239],[-99.918052,20.293276],[-99.916661,20.293358],[-99.914343,20.293494],[-99.913533,20.29202],[-99.913455,20.29182],[-99.912605,20.289087],[-99.912201,20.287159],[-99.911663,20.286119]]]}},{"type":"Feature","properties":{"fid":"68","Name":"SANTIAGO ATEPETLAC","NombreNucl":"SANTIAGO ATEPETLAC","TipoNucleo":"EJIDO","NombreMuni":"PEDRO ESCOBEDO","NombreEnti":"QUERÉTARO","nombre":"SANTIAGO ATEPETLAC"},"geometry":{"type":"Polygon","coordinates":[[[-100.165543,20.56544],[-100.167049,20.559997],[-100.16793,20.557208],[-100.168029,20.55717],[-100.168032,20.557169],[-100.170981,20.556039],[-100.169171,20.555358],[-100.169131,20.555343],[-100.168869,20.555264],[-100.168785,20.555238],[-100.168691,20.555204],[-100.168577,20.555162],[-100.168801,20.555123],[-100.169073,20.555016],[-100.169855,20.554698],[-100.171687,20.55469],[-100.171855,20.554695],[-100.171974,20.554698],[-100.174923,20.554786],[-100.175612,20.552909],[-100.176325,20.550964],[-100.176379,20.550818],[-100.17657,20.550799],[-100.17678,20.550777],[-100.176983,20.550756],[-100.177769,20.550676],[-100.17801,20.55067],[-100.178262,20.550663],[-100.185263,20.549928],[-100.185293,20.550073],[-100.185465,20.550516],[-100.185588,20.550828],[-100.185717,20.551138],[-100.185869,20.551497],[-100.186024,20.551854],[-100.186173,20.552215],[-100.186322,20.552575],[-100.186401,20.552764],[-100.186472,20.552932],[-100.186487,20.55297],[-100.186568,20.553179],[-100.186626,20.55333],[-100.186846,20.553873],[-100.187063,20.554417],[-100.187278,20.554961],[-100.187498,20.5555],[-100.187799,20.556221],[-100.188099,20.55694],[-100.188387,20.557663],[-100.18882,20.558748],[-100.18925,20.559776],[-100.19012,20.561979],[-100.189507,20.562038],[-100.189273,20.562061],[-100.189039,20.562084],[-100.187664,20.562217],[-100.187366,20.562246],[-100.186732,20.562307],[-100.186202,20.562359],[-100.185753,20.562402],[-100.185399,20.562437],[-100.185348,20.562436],[-100.18503,20.562429],[-100.184633,20.56242],[-100.184237,20.562411],[-100.183839,20.562403],[-100.18344,20.562394],[-100.183187,20.562389],[-100.183041,20.562385],[-100.182642,20.562377],[-100.182245,20.562368],[-100.181848,20.562359],[-100.181645,20.562355],[-100.181435,20.56235],[-100.181226,20.562346],[-100.181058,20.562342],[-100.180958,20.56234],[-100.180085,20.562321],[-100.178248,20.562412],[-100.175113,20.562789],[-100.171443,20.564369],[-100.169895,20.564875],[-100.169022,20.56516],[-100.168039,20.565341],[-100.165639,20.565437],[-100.165543,20.56544]]]}},{"type":"Feature","properties":{"fid":"69","Name":"VIBORILLAS","NombreNucl":"VIBORILLAS","TipoNucleo":"EJIDO","NombreMuni":"COLÓN","NombreEnti":"QUERÉTARO","nombre":"VIBORILLAS"},"geometry":{"type":"Polygon","coordinates":[[[-100.174422,20.609037],[-100.174093,20.606025],[-100.173984,20.605033],[-100.173839,20.603706],[-100.173654,20.602015],[-100.173465,20.60029],[-100.173423,20.599898],[-100.173301,20.598784],[-100.173165,20.597543],[-100.173025,20.596261],[-100.173006,20.596085],[-100.172674,20.593053],[-100.172629,20.592638],[-100.172512,20.591648],[-100.172423,20.590901],[-100.172163,20.588331],[-100.172333,20.588347],[-100.172375,20.588351],[-100.17411,20.588465],[-100.174774,20.588509],[-100.177342,20.588683],[-100.179747,20.588847],[-100.179788,20.58885],[-100.179948,20.588861],[-100.181781,20.588991],[-100.182237,20.589017],[-100.182283,20.589021],[-100.186814,20.589331],[-100.186895,20.589338],[-100.187478,20.589394],[-100.189871,20.589543],[-100.190025,20.589554],[-100.190083,20.589554],[-100.190088,20.589554],[-100.19192,20.589675],[-100.191337,20.591271],[-100.190721,20.592962],[-100.189757,20.595605],[-100.187546,20.601665],[-100.187432,20.602066],[-100.187205,20.603492],[-100.186911,20.605327],[-100.186853,20.605689],[-100.18682,20.605899],[-100.186569,20.605912],[-100.186194,20.605933],[-100.186198,20.605965],[-100.186144,20.605976],[-100.186181,20.606241],[-100.1862,20.606371],[-100.186208,20.606425],[-100.186742,20.606566],[-100.187273,20.606593],[-100.187704,20.606608],[-100.188013,20.606619],[-100.188189,20.606055],[-100.188312,20.606115],[-100.188554,20.606247],[-100.1887,20.606453],[-100.188894,20.606727],[-100.188898,20.606815],[-100.188914,20.607207],[-100.188924,20.607465],[-100.188944,20.607935],[-100.189001,20.607959],[-100.187512,20.609107],[-100.186172,20.609371],[-100.185355,20.609492],[-100.185322,20.609585],[-100.183995,20.61183],[-100.18445,20.613711],[-100.184666,20.614604],[-100.184671,20.614625],[-100.185533,20.618099],[-100.186004,20.62009],[-100.186019,20.62015],[-100.186483,20.622131],[-100.186492,20.622194],[-100.187079,20.624498],[-100.18708,20.624531],[-100.187573,20.626623],[-100.1881,20.62858],[-100.188118,20.628689],[-100.188184,20.629075],[-100.188198,20.629131],[-100.188603,20.63074],[-100.188994,20.632401],[-100.189758,20.635642],[-100.189844,20.636001],[-100.193975,20.638593],[-100.197053,20.643124],[-100.193937,20.652899],[-100.192567,20.657202],[-100.181737,20.639957],[-100.181059,20.638804],[-100.179998,20.63711],[-100.17911,20.635693],[-100.178992,20.635504],[-100.178923,20.635394],[-100.178846,20.635271],[-100.178533,20.633413],[-100.178301,20.63204],[-100.178079,20.630725],[-100.177946,20.629931],[-100.17759,20.627824],[-100.177327,20.626264],[-100.177045,20.624594],[-100.176896,20.623705],[-100.176828,20.623304],[-100.176806,20.623177],[-100.176352,20.620485],[-100.176343,20.620431],[-100.175909,20.617853],[-100.175748,20.616897],[-100.174521,20.609626],[-100.174519,20.609612],[-100.174422,20.609037]]]}},{"type":"Feature","properties":{"fid":"70","Name":"CHINTEPEC Y EL ORGANAL","NombreNucl":"CHINTEPEC Y EL ORGANAL","TipoNucleo":"EJIDO","NombreMuni":"SAN JUAN DEL RÍO","NombreEnti":"QUERÉTARO","nombre":"CHINTEPEC Y EL ORGANAL"},"geometry":{"type":"Polygon","coordinates":[[[-100.077253,20.46871],[-100.075925,20.467151],[-100.078766,20.458218],[-100.078796,20.458246],[-100.081864,20.461233],[-100.083867,20.463182],[-100.084042,20.463158],[-100.084314,20.463155],[-100.085265,20.463028],[-100.085283,20.462981],[-100.086039,20.461058],[-100.086698,20.45938],[-100.087585,20.45712],[-100.087915,20.456281],[-100.087969,20.456145],[-100.088323,20.455243],[-100.088378,20.455103],[-100.088511,20.454764],[-100.088553,20.454658],[-100.088989,20.453546],[-100.089018,20.453472],[-100.089219,20.452961],[-100.089251,20.452983],[-100.091088,20.454238],[-100.092497,20.455201],[-100.092504,20.455219],[-100.092873,20.456178],[-100.092496,20.457813],[-100.092472,20.457917],[-100.092382,20.458306],[-100.092352,20.458437],[-100.092735,20.459238],[-100.092781,20.459423],[-100.09307,20.472886],[-100.093073,20.473016],[-100.093078,20.473272],[-100.093001,20.473284],[-100.092902,20.473184],[-100.090857,20.471101],[-100.090463,20.4707],[-100.090163,20.470502],[-100.088853,20.469988],[-100.087719,20.469544],[-100.086943,20.468097],[-100.086852,20.467928],[-100.085257,20.468078],[-100.085358,20.468904],[-100.08536,20.469205],[-100.085356,20.469366],[-100.085348,20.469406],[-100.085326,20.469509],[-100.085044,20.470176],[-100.084628,20.471161],[-100.084304,20.471928],[-100.084238,20.472171],[-100.084124,20.472589],[-100.084104,20.474184],[-100.083931,20.474257],[-100.081932,20.472608],[-100.081729,20.472441],[-100.079423,20.470538],[-100.078214,20.46954],[-100.078157,20.469494],[-100.077363,20.468839],[-100.077314,20.468781],[-100.077271,20.46873],[-100.077253,20.46871]]]}},{"type":"Feature","properties":{"fid":"71","Name":"PUEBLO NUEVO DE JASSO","NombreNucl":"PUEBLO NUEVO JASSO","TipoNucleo":"EJIDO","NombreMuni":"TULA DE ALLENDE","NombreEnti":"HIDALGO","nombre":"PUEBLO NUEVO JASSO"},"geometry":{"type":"Polygon","coordinates":[[[-99.300044,19.953219],[-99.299971,19.953166],[-99.299105,19.95269],[-99.299308,19.951925],[-99.299574,19.951438],[-99.299865,19.950964],[-99.299859,19.950749],[-99.299901,19.950552],[-99.30004,19.950549],[-99.3001,19.950554],[-99.300138,19.950547],[-99.300143,19.950552],[-99.301093,19.950566],[-99.301236,19.950568],[-99.301278,19.950567],[-99.301809,19.950562],[-99.301817,19.950558],[-99.302313,19.950556],[-99.302343,19.950553],[-99.303338,19.950541],[-99.303465,19.950536],[-99.30354,19.950538],[-99.303582,19.95054],[-99.30384,19.950531],[-99.303879,19.950531],[-99.303932,19.950523],[-99.304713,19.950498],[-99.305485,19.950522],[-99.305538,19.950531],[-99.306295,19.950291],[-99.306356,19.950276],[-99.306423,19.950254],[-99.306502,19.950266],[-99.306667,19.950288],[-99.307155,19.950355],[-99.307784,19.951077],[-99.307818,19.951306],[-99.30819,19.951627],[-99.308502,19.951719],[-99.308646,19.952008],[-99.308742,19.952802],[-99.308993,19.953369],[-99.309574,19.953733],[-99.309845,19.954789],[-99.309586,19.955316],[-99.3095,19.955798],[-99.309476,19.956326],[-99.309623,19.956601],[-99.310128,19.957051],[-99.310396,19.95725],[-99.310788,19.957737],[-99.310758,19.958164],[-99.310742,19.958617],[-99.310595,19.959013],[-99.310326,19.9596],[-99.310127,19.960211],[-99.309884,19.960607],[-99.309694,19.961577],[-99.309611,19.961647],[-99.30945,19.961923],[-99.309456,19.962099],[-99.309418,19.962324],[-99.309311,19.962759],[-99.30914,19.962778],[-99.308879,19.962797],[-99.308829,19.962799],[-99.308613,19.96281],[-99.30826,19.962841],[-99.308109,19.962864],[-99.307965,19.962876],[-99.307779,19.962888],[-99.307609,19.962908],[-99.307568,19.962905],[-99.307493,19.962899],[-99.307411,19.96287],[-99.307066,19.962739],[-99.306748,19.96263],[-99.306198,19.962437],[-99.30541,19.961462],[-99.305072,19.961095],[-99.304518,19.960252],[-99.304565,19.959316],[-99.304522,19.958696],[-99.304311,19.957953],[-99.304195,19.957654],[-99.304104,19.957262],[-99.303623,19.956518],[-99.303275,19.95617],[-99.302736,19.955679],[-99.302532,19.955527],[-99.302239,19.955287],[-99.301859,19.954925],[-99.301638,19.954718],[-99.301564,19.954596],[-99.30146,19.954418],[-99.301402,19.954335],[-99.301317,19.954245],[-99.301265,19.954203],[-99.301016,19.953991],[-99.300767,19.953858],[-99.300611,19.953787],[-99.300423,19.953695],[-99.300322,19.953596],[-99.300044,19.953219]]]}},{"type":"Feature","properties":{"fid":"72","Name":"JESÚS MARÍA","NombreNucl":"JESÚS MARÍA","TipoNucleo":"EJIDO","NombreMuni":"EL MARQUÉS","NombreEnti":"QUERÉTARO","nombre":"JESÚS MARÍA"},"geometry":{"type":"Polygon","coordinates":[[[-100.260575,20.630458],[-100.260509,20.630994],[-100.25994,20.65194],[-100.25969,20.652183],[-100.25972,20.652348],[-100.258018,20.668471],[-100.257961,20.668498],[-100.257858,20.669462],[-100.25788,20.669467],[-100.25734,20.674347],[-100.257402,20.674452],[-100.261544,20.673244],[-100.261548,20.673201],[-100.263412,20.672609],[-100.26748,20.680147],[-100.264538,20.6807],[-100.26449,20.680775],[-100.250778,20.682605],[-100.245564,20.687196],[-100.245223,20.687372],[-100.241794,20.690656],[-100.2399,20.688628],[-100.239986,20.680583],[-100.241331,20.67726],[-100.240887,20.672271],[-100.254605,20.671126],[-100.255518,20.669872],[-100.25407,20.664354],[-100.252482,20.665023],[-100.252827,20.663768],[-100.253535,20.663292],[-100.253945,20.662737],[-100.253914,20.662186],[-100.253689,20.661686],[-100.253593,20.661215],[-100.253451,20.661139],[-100.253394,20.660151],[-100.252959,20.659398],[-100.253101,20.659056],[-100.253091,20.658603],[-100.252772,20.658266],[-100.25235,20.658111],[-100.25192,20.658268],[-100.251201,20.658123],[-100.251054,20.658111],[-100.251148,20.657812],[-100.251045,20.656914],[-100.250838,20.656522],[-100.250861,20.656107],[-100.250834,20.655661],[-100.250859,20.655521],[-100.250461,20.655623],[-100.25035,20.648834],[-100.252337,20.634954],[-100.253156,20.625196],[-100.262414,20.627522],[-100.260589,20.630223],[-100.260575,20.630458]]]}},{"type":"Feature","properties":{"nombre":"Conejos"},"geometry":{"type":"Polygon","coordinates":[[[-99.299558,19.950135],[-99.297997,19.948741],[-99.297488,19.948441],[-99.297179,19.947817],[-99.29623,19.946695],[-99.299035,19.946326],[-99.305804,19.944577],[-99.309333,19.944885],[-99.307558,19.942505],[-99.299763,19.93878],[-99.294859,19.939563],[-99.279666,19.942718],[-99.285419,19.956007],[-99.299783,19.950561],[-99.299558,19.950135]]]}},{"type":"Feature","properties":{"nombre":"Conejos"},"geometry":{"type":"Polygon","coordinates":[[[-99.307837,19.96609],[-99.308484,19.966327],[-99.308979,19.965407],[-99.309251,19.963687],[-99.309192,19.962867],[-99.307828,19.962847],[-99.307286,19.962846],[-99.306725,19.962638],[-99.306156,19.962448],[-99.30447,19.960264],[-99.303563,19.960699],[-99.303098,19.961041],[-99.302804,19.961914],[-99.305113,19.963849],[-99.305463,19.963507],[-99.306592,19.964622],[-99.306617,19.964964],[-99.307837,19.96609]]]}},{"type":"Feature","properties":{"nombre":"Conejos"},"geometry":{"type":"Polygon","coordinates":[[[-99.307963,19.96968],[-99.308527,19.966358],[-99.305731,19.965092],[-99.30519,19.963869],[-99.302803,19.961969],[-99.302444,19.961803],[-99.30246,19.964802],[-99.303035,19.966553],[-99.303316,19.967174],[-99.303157,19.967863],[-99.303706,19.969505],[-99.303748,19.970363],[-99.307963,19.96968]]]}}]}