{"type":"FeatureCollection","features":[{"type":"Feature","properties":{"Area":"1.860850338982","NumParcela":"623","IdNucleoAgrario":"40","NombreNucleoAgrario":"PUERTA DE PALMILLAS","Tipo":"EJIDO","IdMunicipio":"16","NombreMunicipio":"SAN JUAN DEL RÍO","IdEntidadFederativa":"22","NombreEntidadFederativa":"QUERÉTARO","nombre":"Parcela No. 623"},"geometry":{"type":"Polygon","coordinates":[[[-99.939982,20.310427],[-99.940449,20.308421],[-99.939675,20.308618],[-99.939627,20.30863],[-99.938827,20.309095],[-99.938996,20.309315],[-99.939195,20.309511],[-99.939826,20.310319],[-99.939971,20.310474],[-99.939982,20.310427]]]}},{"type":"Feature","properties":{"Area":"0.377498285886","NumParcela":"705","IdNucleoAgrario":"40","NombreNucleoAgrario":"PUERTA DE PALMILLAS","Tipo":"EJIDO","IdMunicipio":"16","NombreMunicipio":"SAN JUAN DEL RÍO","IdEntidadFederativa":"22","NombreEntidadFederativa":"QUERÉTARO","nombre":"Parcela No. 705"},"geometry":{"type":"Polygon","coordinates":[[[-99.939445,20.306332],[-99.939345,20.306203],[-99.937671,20.307602],[-99.937747,20.307716],[-99.938498,20.307104],[-99.939183,20.306545],[-99.939445,20.306332]]]}},{"type":"Feature","properties":{"Area":"0.419819854649","NumParcela":"706","IdNucleoAgrario":"40","NombreNucleoAgrario":"PUERTA DE PALMILLAS","Tipo":"EJIDO","IdMunicipio":"16","NombreMunicipio":"SAN JUAN DEL RÍO","IdEntidadFederativa":"22","NombreEntidadFederativa":"QUERÉTARO","nombre":"Parcela No. 706"},"geometry":{"type":"Polygon","coordinates":[[[-99.939345,20.306203],[-99.939265,20.306095],[-99.937543,20.307451],[-99.937671,20.307602],[-99.939345,20.306203]]]}},{"type":"Feature","properties":{"Area":"0.347965127243","NumParcela":"708","IdNucleoAgrario":"40","NombreNucleoAgrario":"PUERTA DE PALMILLAS","Tipo":"EJIDO","IdMunicipio":"16","NombreMunicipio":"SAN JUAN DEL RÍO","IdEntidadFederativa":"22","NombreEntidadFederativa":"QUERÉTARO","nombre":"Parcela No. 708"},"geometry":{"type":"Polygon","coordinates":[[[-99.93916,20.305998],[-99.939058,20.305882],[-99.937366,20.307222],[-99.937446,20.307318],[-99.93916,20.305998]]]}},{"type":"Feature","properties":{"Area":"0.740092683147","NumParcela":"641","IdNucleoAgrario":"40","NombreNucleoAgrario":"PUERTA DE PALMILLAS","Tipo":"EJIDO","IdMunicipio":"16","NombreMunicipio":"SAN JUAN DEL RÍO","IdEntidadFederativa":"22","NombreEntidadFederativa":"QUERÉTARO","nombre":"Parcela No. 641"},"geometry":{"type":"Polygon","coordinates":[[[-99.939058,20.305882],[-99.938881,20.305646],[-99.937176,20.306994],[-99.937366,20.307222],[-99.939058,20.305882]]]}},{"type":"Feature","properties":{"Area":"0.428220799436","NumParcela":"643","IdNucleoAgrario":"40","NombreNucleoAgrario":"PUERTA DE PALMILLAS","Tipo":"EJIDO","IdMunicipio":"16","NombreMunicipio":"SAN JUAN DEL RÍO","IdEntidadFederativa":"22","NombreEntidadFederativa":"QUERÉTARO","nombre":"Parcela No. 643"},"geometry":{"type":"Polygon","coordinates":[[[-99.938764,20.305544],[-99.938646,20.305425],[-99.937987,20.305874],[-99.936987,20.306738],[-99.937057,20.306843],[-99.938764,20.305544]]]}},{"type":"Feature","properties":{"Area":"1.840478464806","NumParcela":"644","IdNucleoAgrario":"40","NombreNucleoAgrario":"PUERTA DE PALMILLAS","Tipo":"EJIDO","IdMunicipio":"16","NombreMunicipio":"SAN JUAN DEL RÍO","IdEntidadFederativa":"22","NombreEntidadFederativa":"QUERÉTARO","nombre":"Parcela No. 644"},"geometry":{"type":"Polygon","coordinates":[[[-99.939235,20.304711],[-99.938964,20.304702],[-99.938358,20.30468],[-99.937551,20.30466],[-99.937268,20.305407],[-99.937987,20.305874],[-99.938646,20.305425],[-99.938798,20.305526],[-99.9389,20.305591],[-99.939235,20.304711]]]}},{"type":"Feature","properties":{"Area":"3.420468329655","NumParcela":"645","IdNucleoAgrario":"40","NombreNucleoAgrario":"PUERTA DE PALMILLAS","Tipo":"EJIDO","IdMunicipio":"16","NombreMunicipio":"SAN JUAN DEL RÍO","IdEntidadFederativa":"22","NombreEntidadFederativa":"QUERÉTARO","nombre":"Parcela No. 645"},"geometry":{"type":"Polygon","coordinates":[[[-99.937987,20.305874],[-99.937268,20.305407],[-99.937551,20.30466],[-99.935485,20.304608],[-99.935441,20.304995],[-99.936396,20.306081],[-99.936844,20.306556],[-99.93689,20.306616],[-99.936987,20.306738],[-99.937987,20.305874]]]}},{"type":"Feature","properties":{"NOM_SEDATU":"MQ-CHI-P100","PARCELA":"100 Z-1 P2/2","NÚCLEO AG":"CHINTEPEC Y EL ORGANAL","TIPO NÚCL":"EJIDO","MUNICIPIO":"SAN JUAN DEL RÍO","ESTADO":"QUERÉTARO","SUP":"21379.045","TIPO DE PA":"PARCELAS INDIVIDUALES","CERTIFICAD":"27435","CALIDAD":"EJIDATARIO (A)","GENERO":"MASCULINO","FECHA DE N":"1956/03/26","DOMICILIO":"CONOCIDO, CHINTEPEC Y EL ORGANAL, QRO.","CURP":"CAPB560326HQTHDR28","TRÁMITE Q":"ACUERDO DE ASAMBLEA DE LA DELIMITACIÓN, DESTINO Y ASIGNACIÓN DE LAS TIERRAS EJIDALES O COMUNALES. INSCRIPCIÓN.","FECHA DE A":"1994-11-23","TITULAR":"BRAULIO CHAVEZ PADILLA","nombre":"MQ-CHI-P100"},"geometry":{"type":"Polygon","coordinates":[[[-100.079423,20.470538],[-100.078214,20.46954],[-100.078914,20.469487],[-100.078941,20.469532],[-100.080653,20.469421],[-100.080364,20.470625],[-100.079423,20.470538]]]}},{"type":"Feature","properties":{"NOM_SEDATU":"MQ-CHI-P109","PARCELA":"109 Z-1 P2/2","NÚCLEO AG":"CHINTEPEC Y EL ORGANAL","TIPO NÚCL":"EJIDO","MUNICIPIO":"SAN JUAN DEL RÍO","ESTADO":"QUERÉTARO","SUP":"10687.676","TIPO DE PA":"PARCELAS INDIVIDUALES","CERTIFICAD":"1023950","CALIDAD":"EJIDATARIO (A)","GENERO":"MASCULINO","FECHA DE N":"1961/05/16","DOMICILIO":"CONOCIDO, CHINTEPEC Y EL ORGANAL, QUERETARO","TRÁMITE Q":"TRANSMISIÓN DE DERECHOS POR SUCESIÓN. INSCRIPCIÓN.","TITULAR":"JUAN HERNANDEZ HERRERA","nombre":"MQ-CHI-P109"},"geometry":{"type":"Polygon","coordinates":[[[-100.077314,20.468781],[-100.07884,20.468627],[-100.078896,20.469462],[-100.078157,20.469494],[-100.077363,20.468839],[-100.077314,20.468781]]]}},{"type":"Feature","properties":{"NOM_SEDATU":"MQ-CHI-P121","PARCELA":"121 Z-1 P2/2","NÚCLEO AG":"CHINTEPEC Y EL ORGANAL","TIPO NÚCL":"EJIDO","MUNICIPIO":"SAN JUAN DEL RÍO","ESTADO":"QUERÉTARO","SUP":"15550.56","TIPO DE PA":"PARCELAS INDIVIDUALES","CERTIFICAD":"1023949","CALIDAD":"EJIDATARIO (A)","GENERO":"MASCULINO","FECHA DE N":"1961/05/16","DOMICILIO":"CONOCIDO, CHINTEPEC Y EL ORGANAL, QUERETARO","TRÁMITE Q":"TRANSMISIÓN DE DERECHOS POR SUCESIÓN. INSCRIPCIÓN.","TITULAR":"JUAN HERNANDEZ HERRERA","nombre":"MQ-CHI-P121"},"geometry":{"type":"Polygon","coordinates":[[[-100.077253,20.46871],[-100.077591,20.467686],[-100.079348,20.468185],[-100.079219,20.468543],[-100.077271,20.46873],[-100.077253,20.46871]]]}},{"type":"Feature","properties":{"NOM_SEDATU":"MQ-CHI-P092","PARCELA":"92 Z-1 P 2/2","NÚCLEO AG":"CHINTEPEC Y EL ORGANAL","TIPO NÚCL":"EJIDO","MUNICIPIO":"SAN JUAN DEL RÍO","ESTADO":"QUERÉTARO","SUP":"30513.842","TIPO DE PA":"PARCELAS INDIVIDUALES","CERTIFICAD":"1007439","CALIDAD":"EJIDATARIO (A)","GENERO":"MASCULINO","FECHA DE N":"1955/04/17","DOMICILIO":"CONOCIDO, CHINTEPEC Y EL ORGANAL, QUERETARO","TRÁMITE Q":"ENAJENACIÓN DE DERECHOS PARCELARIOS. INSCRIPCIÓN.","FECHA DE A":"1994-11-23","TITULAR":"ANICETO HERRERA GARCIA","nombre":"MQ-CHI-P092"},"geometry":{"type":"Polygon","coordinates":[[[-100.082016,20.4724],[-100.084238,20.472171],[-100.084124,20.472589],[-100.084104,20.474184],[-100.083931,20.474257],[-100.081932,20.472608],[-100.082016,20.4724]]]}},{"type":"Feature","properties":{"NOM_SEDATU":"MQ-CHI-P122","PARCELA":"122 Z-1 P2/2","NÚCLEO AG":"CHINTEPEC Y EL ORGANAL","TIPO NÚCL":"EJIDO","MUNICIPIO":"SAN JUAN DEL RÍO","ESTADO":"QUERÉTARO","SUP":"19033.662","TIPO DE PA":"PARCELAS INDIVIDUALES","CERTIFICAD":"7505","CALIDAD":"EJIDATARIO (A)","GENERO":"FEMENINO","FECHA DE N":"1927/07/19","DOMICILIO":"CONOCIDO, CHINTEPEC Y EL ORGANAL, QRO.","TRÁMITE Q":"ACUERDO DE ASAMBLEA DE LA DELIMITACIÓN, DESTINO Y ASIGNACIÓN DE LAS TIERRAS EJIDALES O COMUNALES. INSCRIPCIÓN.","FECHA DE A":"1994-11-23","TITULAR":"MARIA GUADALUPE ZUÑIGA ORTIZ","nombre":"MQ-CHI-P122"},"geometry":{"type":"Polygon","coordinates":[[[-100.076092,20.466808],[-100.077725,20.467265],[-100.077591,20.467686],[-100.077253,20.46871],[-100.075925,20.467151],[-100.076092,20.466808]]]}},{"type":"Feature","properties":{"NOM_SEDATU":"MQ-CHI-P094","PARCELA":"94 Z 1 P 2/2","NÚCLEO AG":"CHINTEPEC Y EL ORGANAL","TIPO NÚCL":"EJIDO","MUNICIPIO":"SAN JUAN DEL RÍO","ESTADO":"QUERÉTARO","SUP":"27464.404","TIPO DE PA":"PARCELAS INDIVIDUALES","CERTIFICAD":"91610","CALIDAD":"EJIDATARIO (A)","GENERO":"MASCULINO","FECHA DE N":"1983/10/28","DOMICILIO":"CONOCIDO, CHINTEPEC Y EL ORGANAL, QRO.","CURP":"MAMS831028HQTRQM03","TRÁMITE Q":"TRANSMISIÓN DE DERECHOS POR SUCESIÓN. INSCRIPCIÓN.","FECHA DE A":"2000-03-20","TITULAR":"SIMON MARTINEZ MAQUEDA","nombre":"MQ-CHI-P094"},"geometry":{"type":"Polygon","coordinates":[[[-100.079423,20.470538],[-100.080364,20.470625],[-100.08208,20.470806],[-100.082041,20.471439],[-100.081969,20.472109],[-100.081729,20.472441],[-100.079423,20.470538]]]}},{"type":"Feature","properties":{"NOM_SEDATU":"MQ-EST-P102","PARCELA":"102 Z-1 P1/1","NÚCLEO AG":"LA ESTANCIA","TIPO NÚCL":"EJIDO","MUNICIPIO":"SAN JUAN DEL RÍO","ESTADO":"QUERÉTARO","SUP":"8897.365","TIPO DE PA":"PARCELAS INDIVIDUALES","CERTIFICAD":"1018470","CALIDAD":"AVECINDADO (A)","GENERO":"MASCULINO","FECHA DE N":"1966/09/23","DOMICILIO":"CONOCIDO, LA ESTANCIA, QUERETARO","TRÁMITE Q":"ENAJENACIÓN DE DERECHOS PARCELARIOS. INSCRIPCIÓN.","FECHA DE A":"2019-01-23","TITULAR":"OSCAR EDUARDO PERALTA CASARES","nombre":"MQ-EST-P102"},"geometry":{"type":"Polygon","coordinates":[[[-100.037867,20.420204],[-100.039639,20.420584],[-100.039283,20.421377],[-100.037867,20.420204]]]}},{"type":"Feature","properties":{"NOM_SEDATU":"MQ-EST-P106","PARCELA":"106 Z-1 P1/1","NÚCLEO AG":"LA ESTANCIA","TIPO NÚCL":"EJIDO","MUNICIPIO":"SAN JUAN DEL RÍO","ESTADO":"QUERÉTARO","SUP":"52307.823","TIPO DE PA":"PARCELAS INDIVIDUALES","CERTIFICAD":"1020492","CALIDAD":"AVECINDADO (A)","GENERO":"MASCULINO","FECHA DE N":"1966/09/23","DOMICILIO":"CONOCIDO, LA ESTANCIA, QUERETARO","TRÁMITE Q":"ENAJENACIÓN DE DERECHOS PARCELARIOS. INSCRIPCIÓN.","FECHA DE A":"2017-06-28","TITULAR":"OSCAR EDUARDO PERALTA CASARES","nombre":"MQ-EST-P106"},"geometry":{"type":"Polygon","coordinates":[[[-100.037867,20.420204],[-100.037676,20.420067],[-100.037828,20.419663],[-100.038528,20.418292],[-100.038941,20.418006],[-100.040545,20.418744],[-100.039639,20.420584],[-100.037867,20.420204]]]}},{"type":"Feature","properties":{"NOM_SEDATU":"MQ-EST-P107","PARCELA":"107 Z-1 P1/1","NÚCLEO AG":"LA ESTANCIA","TIPO NÚCL":"EJIDO","MUNICIPIO":"SAN JUAN DEL RÍO","ESTADO":"QUERÉTARO","SUP":"20213.276","TIPO DE PA":"PARCELAS INDIVIDUALES","CERTIFICAD":"75710","CALIDAD":"EJIDATARIO (A)","GENERO":"FEMENINO","FECHA DE N":"1952/08/24","DOMICILIO":"CONOCIDO, LA ESTANCIA, QUERETARO.","CURP":"CAJC520824MQTBRR04","TRÁMITE Q":"TRANSMISIÓN DE DERECHOS POR SUCESIÓN. INSCRIPCIÓN.","FECHA DE A":"1999-11-29","TITULAR":"CRISTINA CABELLO JARAMILLO","nombre":"MQ-EST-P107"},"geometry":{"type":"Polygon","coordinates":[[[-100.03618,20.418883],[-100.036316,20.418636],[-100.037061,20.418639],[-100.03783,20.418513],[-100.038528,20.418292],[-100.037828,20.419663],[-100.037374,20.419774],[-100.03618,20.418883]]]}},{"type":"Feature","properties":{"NOM_SEDATU":"MQ-EST-P123","PARCELA":"123 Z-1 P1/1","NÚCLEO AG":"LA ESTANCIA","TIPO NÚCL":"EJIDO","MUNICIPIO":"SAN JUAN DEL RÍO","ESTADO":"QUERÉTARO","SUP":"5204.815","TIPO DE PA":"PARCELAS INDIVIDUALES","CERTIFICAD":"1008382","CALIDAD":"EJIDATARIO (A)","GENERO":"FEMENINO","FECHA DE N":"1943/09/17","DOMICILIO":"CONOCIDO, LA ESTANCIA, SJR, QRO.","TRÁMITE Q":"TRANSMISIÓN DE DERECHOS POR SUCESIÓN. INSCRIPCIÓN.","FECHA DE A":"1996-10-18","TITULAR":"MA. SANTOS RUIZ GUERRERO","nombre":"MQ-EST-P123"},"geometry":{"type":"Polygon","coordinates":[[[-100.034383,20.417531],[-100.034484,20.417362],[-100.035719,20.418311],[-100.036316,20.418636],[-100.03618,20.418883],[-100.034383,20.417531]]]}},{"type":"Feature","properties":{"NOM_SEDATU":"MQ-EST-P015","PARCELA":"15 Z-1 P 1/1","NÚCLEO AG":"LA ESTANCIA","TIPO NÚCL":"EJIDO","MUNICIPIO":"SAN JUAN DEL RÍO","ESTADO":"QUERÉTARO","SUP":"41171.468","TIPO DE PA":"PARCELAS INDIVIDUALES","CERTIFICAD":"77613","CALIDAD":"EJIDATARIO (A)","GENERO":"FEMENINO","FECHA DE N":"1952/01/18","DOMICILIO":"CONOCIDO, LA ESTANCIA, QUERETARO","CURP":"ROHI520118MQTSRS01","TRÁMITE Q":"TRANSMISIÓN DE DERECHOS POR SUCESIÓN. INSCRIPCIÓN.","FECHA DE A":"2001-04-07","TITULAR":"ISABEL ROSALES HERNANDEZ","nombre":"MQ-EST-P015"},"geometry":{"type":"Polygon","coordinates":[[[-100.04644,20.426513],[-100.048407,20.427377],[-100.047543,20.429204],[-100.047206,20.42899],[-100.045902,20.427534],[-100.04644,20.426513]]]}},{"type":"Feature","properties":{"NOM_SEDATU":"MQ-EST-P125","PARCELA":"125 Z-1 P1/1","NÚCLEO AG":"LA ESTANCIA","TIPO NÚCL":"EJIDO","MUNICIPIO":"SAN JUAN DEL RÍO","ESTADO":"QUERÉTARO","SUP":"10892.815","TIPO DE PA":"PARCELAS INDIVIDUALES","CERTIFICAD":"101515","CALIDAD":"EJIDATARIO (A)","GENERO":"MASCULINO","FECHA DE N":"1954/05/08","DOMICILIO":"CONOCIDO, LA ESTANCIA, QUERETARO","TRÁMITE Q":"TRANSMISIÓN DE DERECHOS POR SUCESIÓN. INSCRIPCIÓN.","FECHA DE A":"2009-03-09","TITULAR":"ISIDRO JARAMILLO MORENO","nombre":"MQ-EST-P125"},"geometry":{"type":"Polygon","coordinates":[[[-100.031969,20.415685],[-100.032104,20.415377],[-100.032143,20.415288],[-100.034484,20.417362],[-100.034383,20.417531],[-100.031969,20.415685]]]}},{"type":"Feature","properties":{"NOM_SEDATU":"MQ-EST-P002","PARCELA":"2 Z-1 P 1/1","NÚCLEO AG":"LA ESTANCIA","TIPO NÚCL":"EJIDO","MUNICIPIO":"SAN JUAN DEL RÍO","ESTADO":"QUERÉTARO","SUP":"41084.605","TIPO DE PA":"PARCELA DE DESTINO ESPECIFICO (ESCOLAR)","CERTIFICAD":"22380","TRÁMITE Q":"ACUERDO DE ASAMBLEA DE LA DELIMITACIÓN, DESTINO Y ASIGNACIÓN DE LAS TIERRAS EJIDALES O COMUNALES. INSCRIPCIÓN.","FECHA DE A":"1996-10-18","nombre":"MQ-EST-P002"},"geometry":{"type":"Polygon","coordinates":[[[-100.048072,20.428151],[-100.049966,20.428551],[-100.049005,20.430638],[-100.048689,20.430618],[-100.048664,20.430589],[-100.047547,20.42931],[-100.048072,20.428151]]]}},{"type":"Feature","properties":{"NOM_SEDATU":"MQ-EST-P216","PARCELA":"216 Z-1 P1/1","NÚCLEO AG":"LA ESTANCIA","TIPO NÚCL":"EJIDO","MUNICIPIO":"SAN JUAN DEL RÍO","ESTADO":"QUERÉTARO","SUP":"961.815","TIPO DE PA":"PARCELA A FAVOR DEL NUCLEO","TRÁMITE Q":"ACUERDO DE ASAMBLEA DE LA DELIMITACIÓN, DESTINO Y ASIGNACIÓN DE LAS TIERRAS EJIDALES O COMUNALES. INSCRIPCIÓN.","FECHA DE A":"1996-10-18","nombre":"MQ-EST-P216"},"geometry":{"type":"Polygon","coordinates":[[[-100.037374,20.419774],[-100.037828,20.419663],[-100.037676,20.420067],[-100.037374,20.419774]]]}},{"type":"Feature","properties":{"NOM_SEDATU":"MQ-EST-P217","PARCELA":"217 Z-1 P1/1","NÚCLEO AG":"LA ESTANCIA","TIPO NÚCL":"EJIDO","MUNICIPIO":"SAN JUAN DEL RÍO","ESTADO":"QUERÉTARO","SUP":"2759.379","TIPO DE PA":"PARCELAS INDIVIDUALES","CERTIFICAD":"97248","CALIDAD":"POSESIONARIO (A)","GENERO":"MASCULINO","FECHA DE N":"1984/12/22","DOMICILIO":"CONOCIDO, LA ESTANCIA, QUERETARO","CURP":"GUMJ841222HQTRRN06","TRÁMITE Q":"ENAJENACIÓN DE DERECHOS PARCELARIOS. INSCRIPCIÓN.","FECHA DE A":"2008-11-22","TITULAR":"JUAN MARTIN GUERRERO MORALES","nombre":"MQ-EST-P217"},"geometry":{"type":"Polygon","coordinates":[[[-100.04344,20.424736],[-100.044556,20.425394],[-100.044406,20.425733],[-100.04344,20.424736]]]}},{"type":"Feature","properties":{"NOM_SEDATU":"MQ-EST-P036","PARCELA":"36 Z-1 P 1/1","NÚCLEO AG":"LA ESTANCIA","TIPO NÚCL":"EJIDO","MUNICIPIO":"SAN JUAN DEL RÍO","ESTADO":"QUERÉTARO","SUP":"52738.245","TIPO DE PA":"PARCELAS INDIVIDUALES","CERTIFICAD":"97245","CALIDAD":"POSESIONARIO (A)","GENERO":"MASCULINO","FECHA DE N":"1984/12/22","DOMICILIO":"CONOCIDO, LA ESTANCIA, QUERETARO","CURP":"GUMJ841222HQTRRN06","TRÁMITE Q":"ENAJENACIÓN DE DERECHOS PARCELARIOS. INSCRIPCIÓN.","FECHA DE A":"2008-11-22","TITULAR":"JUAN MARTIN GUERRERO MORALES","nombre":"MQ-EST-P036"},"geometry":{"type":"Polygon","coordinates":[[[-100.044597,20.425953],[-100.04444,20.425751],[-100.045305,20.423849],[-100.047254,20.424576],[-100.046257,20.426613],[-100.044597,20.425953]]]}},{"type":"Feature","properties":{"NOM_SEDATU":"MQ-EST-P037","PARCELA":"37 Z-1 P 1/1","NÚCLEO AG":"LA ESTANCIA","TIPO NÚCL":"EJIDO","MUNICIPIO":"SAN JUAN DEL RÍO","ESTADO":"QUERÉTARO","SUP":"9784.66","TIPO DE PA":"PARCELAS INDIVIDUALES","CERTIFICAD":"1017096","CALIDAD":"EJIDATARIO (A)","GENERO":"MASCULINO","FECHA DE N":"1954/06/20","DOMICILIO":"CONOCIDO, LA ESTANCIA, QUERETARO","TRÁMITE Q":"TRANSMISIÓN DE DERECHOS POR SUCESIÓN. INSCRIPCIÓN.","FECHA DE A":"2018-12-10","TITULAR":"J. TRINIDAD CARBAJAL OLVERA","nombre":"MQ-EST-P037"},"geometry":{"type":"Polygon","coordinates":[[[-100.044597,20.425953],[-100.046257,20.426613],[-100.045868,20.427479],[-100.044597,20.425953]]]}},{"type":"Feature","properties":{"NOM_SEDATU":"MQ-EST-P038","PARCELA":"38 Z-1 P1/1","NÚCLEO AG":"LA ESTANCIA","TIPO NÚCL":"EJIDO","MUNICIPIO":"SAN JUAN DEL RÍO","ESTADO":"QUERÉTARO","SUP":"48291.327","TIPO DE PA":"PARCELAS INDIVIDUALES","CERTIFICAD":"1020114","CALIDAD":"EJIDATARIO (A)","GENERO":"FEMENINO","FECHA DE N":"1971/07/12","DOMICILIO":"CONOCIDO, LA ESTANCIA, SAN JUAN DEL RIO, QRO","CURP":"BASR710712MQTTLS06","TRÁMITE Q":"INSCRIPCION DE SENTENCIAS","FECHA DE A":"2021-08-18","TITULAR":"ROSA MARIA BAUTISTA SILVA","nombre":"MQ-EST-P038"},"geometry":{"type":"Polygon","coordinates":[[[-100.04344,20.424736],[-100.042792,20.424124],[-100.043572,20.422466],[-100.045379,20.423587],[-100.044556,20.425394],[-100.04344,20.424736]]]}},{"type":"Feature","properties":{"NOM_SEDATU":"MQ-EST-P072","PARCELA":"72 Z-1 P 1/1","NÚCLEO AG":"LA ESTANCIA","TIPO NÚCL":"EJIDO","MUNICIPIO":"SAN JUAN DEL RÍO","ESTADO":"QUERÉTARO","SUP":"26000.537","TIPO DE PA":"PARCELAS INDIVIDUALES","CERTIFICAD":"94434","CALIDAD":"POSESIONARIO (A)","GENERO":"MASCULINO","FECHA DE N":"1977/01/12","DOMICILIO":"CONOCIDO, LA ESTANCIA, QUERETARO","CURP":"GUMJ770112HQTRRN04","TRÁMITE Q":"ENAJENACIÓN DE DERECHOS PARCELARIOS. INSCRIPCIÓN.","FECHA DE A":"2007-11-06","TITULAR":"JUAN JOSE GUERRERO MORALES","nombre":"MQ-EST-P072"},"geometry":{"type":"Polygon","coordinates":[[[-100.041519,20.422059],[-100.04336,20.422634],[-100.042648,20.424052],[-100.041154,20.422724],[-100.041519,20.422059]]]}},{"type":"Feature","properties":{"NOM_SEDATU":"MQ-EST-P074","PARCELA":"74 Z1 P1/1","NÚCLEO AG":"LA ESTANCIA","TIPO NÚCL":"EJIDO","MUNICIPIO":"SAN JUAN DEL RÍO","ESTADO":"QUERÉTARO","SUP":"5455.405","TIPO DE PA":"PARCELAS INDIVIDUALES","CERTIFICAD":"1007641","CALIDAD":"AVECINDADO (A)","GENERO":"FEMENINO","FECHA DE N":"1981/05/11","DOMICILIO":"CONOCIDO, LA ESTANCIA, QUERETARO","TRÁMITE Q":"ENAJENACIÓN DE DERECHOS PARCELARIOS. INSCRIPCIÓN.","FECHA DE A":"2015-03-18","TITULAR":"ESTELA GUERRERO MORALES","nombre":"MQ-EST-P074"},"geometry":{"type":"Polygon","coordinates":[[[-100.040459,20.422122],[-100.040566,20.422098],[-100.041524,20.4218],[-100.04106,20.422705],[-100.040323,20.422221],[-100.040459,20.422122]]]}},{"type":"Feature","properties":{"NOM_SEDATU":"MQ-EST-P094","PARCELA":"94 Z-1 P1/1","NÚCLEO AG":"LA ESTANCIA","TIPO NÚCL":"EJIDO","MUNICIPIO":"SAN JUAN DEL RÍO","ESTADO":"QUERÉTARO","SUP":"70451.073","TIPO DE PA":"PARCELAS INDIVIDUALES","CERTIFICAD":"1013445","CALIDAD":"AVECINDADO (A)","GENERO":"MASCULINO","FECHA DE N":"1966/09/23","DOMICILIO":"CONOCIDO, LA ESTANCIA, QUERETARO","TRÁMITE Q":"ENAJENACIÓN DE DERECHOS PARCELARIOS. INSCRIPCIÓN.","FECHA DE A":"2005-10-28","TITULAR":"OSCAR EDUARDO PERALTA CASARES","nombre":"MQ-EST-P094"},"geometry":{"type":"Polygon","coordinates":[[[-100.039283,20.421377],[-100.039639,20.420584],[-100.040545,20.418744],[-100.042591,20.419582],[-100.041721,20.421405],[-100.039913,20.421884],[-100.039283,20.421377]]]}},{"type":"Feature","properties":{"NOM_SEDATU":"MQ-SJR-P109","PARCELA":"109 Z-1 P1/7","NÚCLEO AG":"SAN JUAN DEL RIO","TIPO NÚCL":"EJIDO","MUNICIPIO":"SAN JUAN DEL RÍO","ESTADO":"QUERÉTARO","SUP":"5067.405","TIPO DE PA":"PARCELAS INDIVIDUALES","CERTIFICAD":"94350","CALIDAD":"POSESIONARIO (A)","GENERO":"FEMENINO","FECHA DE N":"1968/03/29","DOMICILIO":"CONOCIDO, SAN JUAN DEL RIO, QUERETARO","TRÁMITE Q":"INSCRIPCION DE SENTENCIAS","FECHA DE A":"2007-10-01","TITULAR":"MARIA ESTHER JIMENEZ ALEGRIA","nombre":"MQ-SJR-P109"},"geometry":{"type":"Polygon","coordinates":[[[-100.026851,20.404422],[-100.027351,20.402973],[-100.02744,20.40447],[-100.026851,20.404422]]]}},{"type":"Feature","properties":{"NOM_SEDATU":"MQ-SJR-P034","PARCELA":"34 Z-1 P 1/7","NÚCLEO AG":"SAN JUAN DEL RIO","TIPO NÚCL":"EJIDO","MUNICIPIO":"SAN JUAN DEL RÍO","ESTADO":"QUERÉTARO","SUP":"11117.79","TIPO DE PA":"PARCELAS INDIVIDUALES","CERTIFICAD":"1003216","CALIDAD":"EJIDATARIO (A)","GENERO":"MASCULINO","FECHA DE N":"1984/02/08","DOMICILIO":"CONOCIDO, SAN JUAN DEL RIO, QUERETARO","TRÁMITE Q":"TRANSMISIÓN DE DERECHOS POR SUCESIÓN. INSCRIPCIÓN.","FECHA DE A":"1999-08-13","TITULAR":"JACOBO YBARRA PITALLA","nombre":"MQ-SJR-P034"},"geometry":{"type":"Polygon","coordinates":[[[-100.029655,20.413843],[-100.029843,20.413516],[-100.030129,20.413821],[-100.030784,20.414355],[-100.030995,20.414501],[-100.031356,20.414743],[-100.031366,20.414751],[-100.03175,20.415061],[-100.031793,20.415121],[-100.031972,20.415299],[-100.032104,20.415377],[-100.031969,20.415685],[-100.029655,20.413843]]]}},{"type":"Feature","properties":{"NOM_SEDATU":"MQ-SJR-P036","PARCELA":"36 Z-1 P 1/7","NÚCLEO AG":"SAN JUAN DEL RIO","TIPO NÚCL":"EJIDO","MUNICIPIO":"SAN JUAN DEL RÍO","ESTADO":"QUERÉTARO","SUP":"16902.319","TIPO DE PA":"PARCELAS INDIVIDUALES","CERTIFICAD":"1009641","CALIDAD":"EJIDATARIO (A)","GENERO":"MASCULINO","FECHA DE N":"1956/09/25","DOMICILIO":"CONOCIDO, SAN JUAN DEL RIO","TRÁMITE Q":"TRANSMISIÓN DE DERECHOS POR SUCESIÓN. INSCRIPCIÓN.","FECHA DE A":"2016-06-10","TITULAR":"FRANCISCO MARTINEZ PITAYA","nombre":"MQ-SJR-P036"},"geometry":{"type":"Polygon","coordinates":[[[-100.027801,20.412379],[-100.028178,20.411584],[-100.029777,20.413445],[-100.029843,20.413516],[-100.029655,20.413843],[-100.027801,20.412379]]]}},{"type":"Feature","properties":{"NOM_SEDATU":"MQ-EST-P075","SUP":"207.237","nombre":"MQ-EST-P075"},"geometry":{"type":"Polygon","coordinates":[[[-100.040566,20.422098],[-100.040459,20.422122],[-100.040393,20.421988],[-100.040577,20.421989],[-100.040566,20.422098]]]}},{"type":"Feature","properties":{"NOM_SEDATU":"MQ-SSB-P025","PARCELA":"25-D Z-01 P1/4","NÚCLEO AG":"SAN SEBASTIAN DE LAS BARRANCAS","TIPO NÚCL":"EJIDO","MUNICIPIO":"SAN JUAN DEL RÍO","ESTADO":"QUERÉTARO","SUP":"60179.633","TIPO DE PA":"PARCELAS INDIVIDUALES","CERTIFICAD":"1023419","CALIDAD":"AVECINDADO (A)","GENERO":"MASCULINO","FECHA DE N":"1978/06/09","DOMICILIO":"CONOCIDO, SAN SEBASTIAN DE LAS BARRANCAS, QUERETARO","TRÁMITE Q":"ENAJENACIÓN DE DERECHOS PARCELARIOS. INSCRIPCIÓN.","FECHA DE A":"2016-01-12","TITULAR":"RUBEN MARTINEZ CORTES","nombre":"MQ-SSB-P025"},"geometry":{"type":"Polygon","coordinates":[[[-99.928704,20.284674],[-99.929097,20.28466],[-99.931525,20.284522],[-99.93177,20.286345],[-99.929792,20.286488],[-99.928997,20.286545],[-99.928704,20.284674]]]}},{"type":"Feature","properties":{"NOM_SEDATU":"MQ-SSB-P045","PARCELA":"45 Z-1 P 1/4","NÚCLEO AG":"SAN SEBASTIAN DE LAS BARRANCAS","TIPO NÚCL":"EJIDO","MUNICIPIO":"SAN JUAN DEL RÍO","ESTADO":"QUERÉTARO","SUP":"61841.789","TIPO DE PA":"PARCELAS INDIVIDUALES","CERTIFICAD":"1001145","CALIDAD":"EJIDATARIO (A)","GENERO":"MASCULINO","FECHA DE N":"1971/12/01","DOMICILIO":"CONOCIDO, SAN SEBASTIAN DE LAS BARRANCAS, QUERETARO","TRÁMITE Q":"TRANSMISIÓN DE DERECHOS POR SUCESIÓN. INSCRIPCIÓN.","FECHA DE A":"1996-11-25","TITULAR":"EULALIO SIMON CRUZ","nombre":"MQ-SSB-P045"},"geometry":{"type":"Polygon","coordinates":[[[-99.929,20.282548],[-99.929003,20.282401],[-99.931199,20.282195],[-99.931525,20.284522],[-99.929097,20.28466],[-99.929,20.282548]]]}},{"type":"Feature","properties":{"NOM_SEDATU":"MQ-SSB-P082","PARCELA":"82 Z-1 P 1/4","NÚCLEO AG":"SAN SEBASTIAN DE LAS BARRANCAS","TIPO NÚCL":"EJIDO","MUNICIPIO":"SAN JUAN DEL RÍO","ESTADO":"QUERÉTARO","SUP":"27076.571","TIPO DE PA":"PARCELAS INDIVIDUALES","CERTIFICAD":"1019649","CALIDAD":"EJIDATARIO (A)","GENERO":"FEMENINO","FECHA DE N":"1957/02/25","DOMICILIO":"CONOCIDO, SAN SEBASTIAN DE LAS BARRANCAS, QUERETARO","TRÁMITE Q":"TRANSMISIÓN DE DERECHOS POR SUCESIÓN. INSCRIPCIÓN.","TITULAR":"CLAUDIA PERALTA MARTINEZ","nombre":"MQ-SSB-P082"},"geometry":{"type":"Polygon","coordinates":[[[-99.920025,20.279436],[-99.920312,20.279446],[-99.920355,20.279485],[-99.920525,20.279367],[-99.920896,20.279419],[-99.921241,20.279302],[-99.921446,20.279523],[-99.921662,20.279757],[-99.921661,20.280012],[-99.92166,20.280305],[-99.920966,20.280608],[-99.9205,20.280852],[-99.919999,20.281135],[-99.919875,20.281258],[-99.919773,20.28029],[-99.920025,20.279436]]]}},{"type":"Feature","properties":{"NOM_SEDATU":"MQ-CUE-P114","PARCELA":"114","NÚCLEO AG":"LA CUEVA","TIPO NÚCL":"EJIDO","MUNICIPIO":"SAN JUAN DEL RÍO","ESTADO":"QUERÉTARO","SUP":"15307.514","nombre":"MQ-CUE-P114"},"geometry":{"type":"Polygon","coordinates":[[[-99.938794,20.299937],[-99.938572,20.300102],[-99.937484,20.300876],[-99.936847,20.3011],[-99.936292,20.300246],[-99.938201,20.300031],[-99.938869,20.299792],[-99.938794,20.299937]]]}},{"type":"Feature","properties":{"NOM_SEDATU":"MQ-CUE-P125","PARCELA":"125","NÚCLEO AG":"LA CUEVA","TIPO NÚCL":"EJIDO","MUNICIPIO":"SAN JUAN DEL RÍO","ESTADO":"QUERÉTARO","SUP":"76855.858","nombre":"MQ-CUE-P125"},"geometry":{"type":"Polygon","coordinates":[[[-99.939461,20.298228],[-99.93891,20.299129],[-99.937994,20.29989],[-99.936539,20.299914],[-99.936264,20.297516],[-99.937126,20.297469],[-99.938986,20.29733],[-99.939596,20.297325],[-99.939461,20.298228]],[[-99.93903,20.297928],[-99.938971,20.297889],[-99.938951,20.297935],[-99.939,20.297982],[-99.93903,20.297928]]]}},{"type":"Feature","properties":{"NOM_SEDATU":"MQ-PUE-P834","PARCELA":"834","NÚCLEO AG":"PUERTA DE PALMILLAS","TIPO NÚCL":"EJIDO","MUNICIPIO":"SAN JUAN DEL RÍO","ESTADO":"QUERÉTARO","SUP":"20348.414","nombre":"MQ-PUE-P834"},"geometry":{"type":"Polygon","coordinates":[[[-99.940623,20.310801],[-99.940426,20.311585],[-99.939572,20.311999],[-99.938879,20.312267],[-99.939067,20.311308],[-99.939316,20.311255],[-99.939879,20.310976],[-99.940112,20.310702],[-99.940037,20.31056],[-99.938518,20.310612],[-99.939826,20.310319],[-99.939971,20.310474],[-99.939982,20.310427],[-99.940607,20.310405],[-99.940623,20.310801]]]}},{"type":"Feature","properties":{"NOM_SEDATU":"MQ-PUE-P614","PARCELA":"614","NÚCLEO AG":"PUERTA DE PALMILLAS","TIPO NÚCL":"EJIDO","MUNICIPIO":"SAN JUAN DEL RÍO","ESTADO":"QUERÉTARO","SUP":"7752.325","nombre":"MQ-PUE-P614"},"geometry":{"type":"Polygon","coordinates":[[[-99.939316,20.311255],[-99.939067,20.311308],[-99.938438,20.311347],[-99.938013,20.311395],[-99.937777,20.31133],[-99.937522,20.310985],[-99.939879,20.310976],[-99.939316,20.311255]]]}},{"type":"Feature","properties":{"NOM_SEDATU":"MQ-PUE-P609","SUP":"68164.58","nombre":"MQ-PUE-P609"},"geometry":{"type":"Polygon","coordinates":[[[-99.938861,20.312559],[-99.938879,20.312267],[-99.939572,20.311999],[-99.940426,20.311585],[-99.940623,20.310801],[-99.94116,20.310665],[-99.941358,20.310743],[-99.941705,20.310674],[-99.942602,20.310604],[-99.943048,20.310544],[-99.942986,20.311132],[-99.942934,20.312666],[-99.938861,20.312559]]]}},{"type":"Feature","properties":{"NOM_SEDATU":"MQ-PUE-P621","PARCELA":"621","NÚCLEO AG":"PUERTA DE PALMILLAS","TIPO NÚCL":"EJIDO","MUNICIPIO":"SAN JUAN DEL RÍO","ESTADO":"QUERÉTARO","SUP":"18203.177","nombre":"MQ-PUE-P621"},"geometry":{"type":"Polygon","coordinates":[[[-99.939826,20.310319],[-99.938518,20.310612],[-99.937419,20.310852],[-99.936929,20.310296],[-99.938447,20.310116],[-99.939195,20.309511],[-99.939826,20.310319]]]}},{"type":"Feature","properties":{"NOM_SEDATU":"MQ-PUE-P622","PARCELA":"622","NÚCLEO AG":"PUERTA DE PALMILLAS","TIPO NÚCL":"EJIDO","MUNICIPIO":"SAN JUAN DEL RÍO","ESTADO":"QUERÉTARO","SUP":"10971.345","nombre":"MQ-PUE-P622"},"geometry":{"type":"Polygon","coordinates":[[[-99.939195,20.309511],[-99.938447,20.310116],[-99.936929,20.310296],[-99.936598,20.310329],[-99.936434,20.31003],[-99.937731,20.309912],[-99.938996,20.309315],[-99.939195,20.309511]]]}},{"type":"Feature","properties":{"NOM_SEDATU":"MQ-SSB-P049","PARCELA":"49 Z-1 P 1/4","NÚCLEO AG":"SAN SEBASTIAN DE LAS BARRANCAS","TIPO NÚCL":"EJIDO","MUNICIPIO":"SAN JUAN DEL RÍO","ESTADO":"QUERÉTARO","SUP":"67190.354","TIPO DE PA":"PARCELAS INDIVIDUALES","CERTIFICAD":"1003003","CALIDAD":"AVECINDADO (A)","GENERO":"MASCULINO","FECHA DE N":"1980/06/13","DOMICILIO":"CONOCIDO, SAN SEBASTIAN DE LAS BARRANCAS, QUERETARO","TRÁMITE Q":"ENAJENACIÓN DE DERECHOS PARCELARIOS. INSCRIPCIÓN.","FECHA DE A":"1999-12-01","TITULAR":"JOSE ANTONIO PERALTA SANCHEZ","nombre":"MQ-SSB-P049"},"geometry":{"type":"Polygon","coordinates":[[[-99.922386,20.283491],[-99.922929,20.282821],[-99.922942,20.282805],[-99.92399,20.281513],[-99.924422,20.281184],[-99.924501,20.282514],[-99.924603,20.284275],[-99.924639,20.284888],[-99.923873,20.284932],[-99.922512,20.285011],[-99.922386,20.283491]]]}},{"type":"Feature","properties":{"NOM_SEDATU":"MQ-SSB-P024","PARCELA":"24 Z-1 P 1/4","NÚCLEO AG":"SAN SEBASTIAN DE LAS BARRANCAS","TIPO NÚCL":"EJIDO","MUNICIPIO":"SAN JUAN DEL RÍO","ESTADO":"QUERÉTARO","SUP":"37090.923","TIPO DE PA":"PARCELAS INDIVIDUALES","CERTIFICAD":"1020284","CALIDAD":"POSESIONARIO (A)","GENERO":"FEMENINO","FECHA DE N":"1973/10/11","DOMICILIO":"CONOCIDO, SAN SEBASTIAN DE LAS BARRANCAS, SJR","CURP":"MUAB731011MDFXNL02","TRÁMITE Q":"INSCRIPCION DE SENTENCIAS","FECHA DE A":"2021-03-30","TITULAR":"BLANCA FLOR MUÑOZ ANDRADE","nombre":"MQ-SSB-P024"},"geometry":{"type":"Polygon","coordinates":[[[-99.933344,20.286224],[-99.935715,20.286142],[-99.935793,20.287576],[-99.933661,20.287626],[-99.933344,20.286224]]]}},{"type":"Feature","properties":{"NOM_SEDATU":"MQ-SSB-P044","PARCELA":"44 Z-1 P 1/4","NÚCLEO AG":"SAN SEBASTIAN DE LAS BARRANCAS","TIPO NÚCL":"EJIDO","MUNICIPIO":"SAN JUAN DEL RÍO","ESTADO":"QUERÉTARO","SUP":"60930.578","TIPO DE PA":"PARCELAS INDIVIDUALES","CERTIFICAD":"102416","CALIDAD":"EJIDATARIO (A)","GENERO":"FEMENINO","FECHA DE N":"1967/04/26","DOMICILIO":"CONOCIDO, SAN SEBASTIAN DE LAS BARRANCAS","CURP":"MOMM670426MMCNLR09","TRÁMITE Q":"INSCRIPCION DE SENTENCIAS","FECHA DE A":"2010-07-14","TITULAR":"MARCELINA SILVIA MONZON MILLAN","nombre":"MQ-SSB-P044"},"geometry":{"type":"Polygon","coordinates":[[[-99.931901,20.284832],[-99.93564,20.284717],[-99.935715,20.286142],[-99.933344,20.286224],[-99.932162,20.286318],[-99.931901,20.284832]]]}},{"type":"Feature","properties":{"NOM_SEDATU":"MQ-SSB-P802","PARCELA":"802 Z-1 P1/4","NÚCLEO AG":"SAN SEBASTIAN DE LAS BARRANCAS","TIPO NÚCL":"EJIDO","MUNICIPIO":"SAN JUAN DEL RÍO","ESTADO":"QUERÉTARO","SUP":"20432.357","TIPO DE PA":"PARCELAS INDIVIDUALES","CERTIFICAD":"1017342","CALIDAD":"POSESIONARIO (A)","GENERO":"FEMENINO","FECHA DE N":"1960/02/18","DOMICILIO":"CONOCIDO, SAN SEBASTIAN DE LAS BARRANCAS, QUERETARO","CURP":"BAAA600218MJCRML02","TRÁMITE Q":"INSCRIPCION DE SENTENCIAS","FECHA DE A":"2019-04-23","TITULAR":"ALICIA BARAJAS AMEZQUITA","nombre":"MQ-SSB-P802"},"geometry":{"type":"Polygon","coordinates":[[[-99.932162,20.286318],[-99.933344,20.286224],[-99.933661,20.287626],[-99.932327,20.287694],[-99.932162,20.286318]]]}},{"type":"Feature","properties":{"NOM_SEDATU":"MQ-CUE-P094","PARCELA":"94","NÚCLEO AG":"LA CUEVA","TIPO NÚCL":"EJIDO","MUNICIPIO":"SAN JUAN DEL RÍO","ESTADO":"QUERÉTARO","SUP":"28282.563","nombre":"MQ-CUE-P094"},"geometry":{"type":"Polygon","coordinates":[[[-99.938964,20.304702],[-99.938358,20.30468],[-99.938338,20.304477],[-99.937417,20.303707],[-99.936812,20.303364],[-99.936593,20.303085],[-99.936609,20.303077],[-99.93746,20.302728],[-99.937848,20.302469],[-99.939013,20.304033],[-99.938964,20.304702]]]}},{"type":"Feature","properties":{"NOM_SEDATU":"MQ-CUE-P101","PARCELA":"101","NÚCLEO AG":"LA CUEVA","TIPO NÚCL":"EJIDO","MUNICIPIO":"SAN JUAN DEL RÍO","ESTADO":"QUERÉTARO","SUP":"22945.775","nombre":"MQ-CUE-P101"},"geometry":{"type":"Polygon","coordinates":[[[-99.936537,20.302948],[-99.936282,20.303123],[-99.93557,20.302072],[-99.935168,20.302431],[-99.934864,20.301153],[-99.935756,20.301108],[-99.93594,20.301127],[-99.936191,20.301512],[-99.936403,20.30211],[-99.936927,20.3027],[-99.936537,20.302948]]]}},{"type":"Feature","properties":{"NOM_SEDATU":"MQ-CUE-P095","PARCELA":"95","NÚCLEO AG":"LA CUEVA","TIPO NÚCL":"EJIDO","MUNICIPIO":"SAN JUAN DEL RÍO","ESTADO":"QUERÉTARO","SUP":"35864.171","nombre":"MQ-CUE-P095"},"geometry":{"type":"Polygon","coordinates":[[[-99.938358,20.30468],[-99.937551,20.30466],[-99.935485,20.304608],[-99.935476,20.303898],[-99.935392,20.303389],[-99.935728,20.303375],[-99.936282,20.303123],[-99.936537,20.302948],[-99.936609,20.303077],[-99.936593,20.303085],[-99.936812,20.303364],[-99.937417,20.303707],[-99.938338,20.304477],[-99.938358,20.30468]]]}},{"type":"Feature","properties":{"NOM_SEDATU":"MQ-PUE-P707","PARCELA":"707","NÚCLEO AG":"PUERTA DE PALMILLAS","TIPO NÚCL":"EJIDO","MUNICIPIO":"SAN JUAN DEL RÍO","ESTADO":"QUERÉTARO","SUP":"3856.056","nombre":"MQ-PUE-P707"},"geometry":{"type":"Polygon","coordinates":[[[-99.939265,20.306095],[-99.937543,20.307451],[-99.937507,20.307415],[-99.937446,20.307318],[-99.93916,20.305998],[-99.939265,20.306095]]]}},{"type":"Feature","properties":{"NOM_SEDATU":"MQ-PAL-P293","PARCELA":"293 Z-1 P5/5","NÚCLEO AG":"PALMA DE ROMERO","TIPO NÚCL":"EJIDO","MUNICIPIO":"SAN JUAN DEL RÍO","ESTADO":"QUERÉTARO","SUP":"19408.252","TIPO DE PA":"PARCELAS INDIVIDUALES","CERTIFICAD":"1003477","CALIDAD":"EJIDATARIO (A)","GENERO":"MASCULINO","FECHA DE N":"1981/04/13","DOMICILIO":"CONOCIDO, PALMA DE ROMERO, QUERETARO","CURP":"AEMA810413HQTRRB04","TRÁMITE Q":"TRANSMISIÓN DE DERECHOS POR SUCESIÓN. INSCRIPCIÓN.","FECHA DE A":"1995-11-06","TITULAR":"JOSE ABEL ARTEAGA MARTINEZ","nombre":"MQ-PAL-P293"},"geometry":{"type":"Polygon","coordinates":[[[-99.9434,20.325278],[-99.943093,20.325364],[-99.942014,20.32537],[-99.942483,20.325024],[-99.942964,20.324692],[-99.943445,20.324374],[-99.944085,20.324012],[-99.944633,20.324785],[-99.944524,20.325053],[-99.944319,20.325023],[-99.9434,20.325278]]]}},{"type":"Feature","properties":{"NOM_SEDATU":"MQ-SSB-P015","PARCELA":"15 Z-1 P 1/4","NÚCLEO AG":"SAN SEBASTIAN DE LAS BARRANCAS","TIPO NÚCL":"EJIDO","MUNICIPIO":"SAN JUAN DEL RÍO","ESTADO":"QUERÉTARO","SUP":"58339.111","TIPO DE PA":"PARCELAS INDIVIDUALES","CERTIFICAD":"1017333","CALIDAD":"POSESIONARIO (A)","GENERO":"FEMENINO","FECHA DE N":"1960/02/18","DOMICILIO":"CONOCIDO, SAN SEBASTIAN DE LAS BARRANCAS, QUERETARO","CURP":"BAAA600218MJCRML02","TRÁMITE Q":"INSCRIPCION DE SENTENCIAS","FECHA DE A":"2019-04-23","TITULAR":"ALICIA BARAJAS AMEZQUITA","nombre":"MQ-SSB-P015"},"geometry":{"type":"Polygon","coordinates":[[[-99.932327,20.287694],[-99.933661,20.287626],[-99.935793,20.287576],[-99.935801,20.28772],[-99.935867,20.289052],[-99.93312,20.289142],[-99.932556,20.289169],[-99.932327,20.287694]]]}},{"type":"Feature","properties":{"NOM_SEDATU":"MQ-SSB-P048","PARCELA":"48 Z-1 P 1/4","NÚCLEO AG":"SAN SEBASTIAN DE LAS BARRANCAS","TIPO NÚCL":"EJIDO","MUNICIPIO":"SAN JUAN DEL RÍO","ESTADO":"QUERÉTARO","SUP":"49354.336","TIPO DE PA":"PARCELAS INDIVIDUALES","CERTIFICAD":"1003210","CALIDAD":"EJIDATARIO (A)","GENERO":"FEMENINO","FECHA DE N":"1951/05/12","DOMICILIO":"CONOCIDO, SAN SEBASTIAN DE LAS BARRANCAS, QUERETARO","TRÁMITE Q":"TRANSMISIÓN DE DERECHOS POR SUCESIÓN. INSCRIPCIÓN.","FECHA DE A":"1996-11-25","TITULAR":"GLORIA LOPEZ RODRIGUEZ","nombre":"MQ-SSB-P048"},"geometry":{"type":"Polygon","coordinates":[[[-99.924501,20.282514],[-99.926693,20.282654],[-99.926747,20.283897],[-99.926199,20.283832],[-99.926029,20.284834],[-99.925806,20.284822],[-99.925247,20.284854],[-99.924639,20.284888],[-99.924603,20.284275],[-99.924501,20.282514]]]}},{"type":"Feature","properties":{"NOM_SEDATU":"MQ-SSB-P007","PARCELA":"7 Z-1 P 1/4","NÚCLEO AG":"SAN SEBASTIAN DE LAS BARRANCAS","TIPO NÚCL":"EJIDO","MUNICIPIO":"SAN JUAN DEL RÍO","ESTADO":"QUERÉTARO","SUP":"60133.231","TIPO DE PA":"PARCELAS INDIVIDUALES","CERTIFICAD":"29503","CALIDAD":"EJIDATARIO (A)","GENERO":"FEMENINO","FECHA DE N":"1925/05/15","DOMICILIO":"CONOCIDO, SAN SEBASTIAN DE LAS BARRANCAS","CURP":"CUSS250515MQTRLS09","TRÁMITE Q":"ACUERDO DE ASAMBLEA DE LA DELIMITACIÓN, DESTINO Y ASIGNACIÓN DE LAS TIERRAS EJIDALES O COMUNALES. INSCRIPCIÓN.","FECHA DE A":"1996-11-25","TITULAR":"SUSANA CRUZ SALDIVAR","nombre":"MQ-SSB-P007"},"geometry":{"type":"Polygon","coordinates":[[[-99.935921,20.290591],[-99.935868,20.289188],[-99.939311,20.289034],[-99.939319,20.289185],[-99.93938,20.290506],[-99.935923,20.290725],[-99.935921,20.290591]]]}},{"type":"Feature","properties":{"NOM_SEDATU":"MQ-SSB-P072","PARCELA":"72 Z-1 P 1/4","NÚCLEO AG":"SAN SEBASTIAN DE LAS BARRANCAS","TIPO NÚCL":"EJIDO","MUNICIPIO":"SAN JUAN DEL RÍO","ESTADO":"QUERÉTARO","SUP":"8966.875","TIPO DE PA":"PARCELAS INDIVIDUALES","CERTIFICAD":"1029676","CALIDAD":"EJIDATARIO (A)","GENERO":"MASCULINO","FECHA DE N":"1965/07/27","DOMICILIO":"CONOCIDO,SAN SEBASTIAN DE LAS BARRANCAS, QRO.","TRÁMITE Q":"TRANSMISIÓN DE DERECHOS POR SUCESIÓN. INSCRIPCIÓN.","FECHA DE A":"2018-12-11","TITULAR":"AURELIO CRUZ CAMACHO","nombre":"MQ-SSB-P072"},"geometry":{"type":"Polygon","coordinates":[[[-99.9205,20.280852],[-99.920966,20.280608],[-99.92214,20.28158],[-99.921757,20.281905],[-99.9205,20.280852]]]}},{"type":"Feature","properties":{"NOM_SEDATU":"MQ-SSB-P081","PARCELA":"81 Z-1 P 1/4","NÚCLEO AG":"SAN SEBASTIAN DE LAS BARRANCAS","TIPO NÚCL":"EJIDO","MUNICIPIO":"SAN JUAN DEL RÍO","ESTADO":"QUERÉTARO","SUP":"12394.615","TIPO DE PA":"PARCELAS INDIVIDUALES","CERTIFICAD":"27090","CALIDAD":"EJIDATARIO (A)","GENERO":"MASCULINO","FECHA DE N":"1959/10/16","DOMICILIO":"CONOCIDO, SAN SEBASTIAN DE LAS BARRANCAS","TRÁMITE Q":"ACUERDO DE ASAMBLEA DE LA DELIMITACIÓN, DESTINO Y ASIGNACIÓN DE LAS TIERRAS EJIDALES O COMUNALES. INSCRIPCIÓN.","FECHA DE A":"1996-11-25","TITULAR":"FLORENTINO ESPINOSA JIMENEZ","nombre":"MQ-SSB-P081"},"geometry":{"type":"Polygon","coordinates":[[[-99.920966,20.280608],[-99.92166,20.280305],[-99.921835,20.28039],[-99.92273,20.28083],[-99.922292,20.281388],[-99.92214,20.28158],[-99.920966,20.280608]]]}},{"type":"Feature","properties":{"NOM_SEDATU":"MQ-PAL-P284","SUP":"53666.701","nombre":"MQ-PAL-P284"},"geometry":{"type":"Polygon","coordinates":[[[-99.943864,20.327475],[-99.943067,20.327317],[-99.942979,20.327289],[-99.942466,20.32715],[-99.942399,20.327144],[-99.942083,20.326564],[-99.941563,20.32574],[-99.942014,20.32537],[-99.943093,20.325364],[-99.9434,20.325278],[-99.944583,20.326381],[-99.944515,20.327604],[-99.943864,20.327475]]]}},{"type":"Feature","properties":{"NOM_SEDATU":"MQ-CUE-P154","PARCELA":"154","NÚCLEO AG":"LA CUEVA","TIPO NÚCL":"EJIDO","MUNICIPIO":"SAN JUAN DEL RÍO","ESTADO":"QUERÉTARO","SUP":"67939.117","nombre":"MQ-CUE-P154"},"geometry":{"type":"Polygon","coordinates":[[[-99.937126,20.297469],[-99.936264,20.297516],[-99.935329,20.297581],[-99.935156,20.294382],[-99.936882,20.294284],[-99.937033,20.294274],[-99.937126,20.297469]],[[-99.936426,20.295236],[-99.936381,20.295195],[-99.936353,20.29523],[-99.936392,20.295279],[-99.936426,20.295236]]]}},{"type":"Feature","properties":{"NOM_SEDATU":"MQ-PAL-P302","PARCELA":"302 Z-1 P5/5","NÚCLEO AG":"PALMA DE ROMERO","TIPO NÚCL":"EJIDO","MUNICIPIO":"SAN JUAN DEL RÍO","ESTADO":"QUERÉTARO","SUP":"13808.474","TIPO DE PA":"PARCELAS INDIVIDUALES","CERTIFICAD":"1016562","CALIDAD":"EJIDATARIO (A)","GENERO":"MASCULINO","FECHA DE N":"1975/09/14","DOMICILIO":"CONOCIDO, PALMA DE ROMERO, QUERETARO","TRÁMITE Q":"TRANSMISIÓN DE DERECHOS POR SUCESIÓN. INSCRIPCIÓN.","FECHA DE A":"1995-11-06","TITULAR":"JOSE ROSARIO HERNANDEZ HERNANDEZ","nombre":"MQ-PAL-P302"},"geometry":{"type":"Polygon","coordinates":[[[-99.942094,20.3225],[-99.942701,20.32206],[-99.943781,20.323584],[-99.943266,20.323838],[-99.942094,20.3225]]]}},{"type":"Feature","properties":{"NOM_SEDATU":"MQ-SSB-P073","PARCELA":"73 Z-1 P 1/4","NÚCLEO AG":"SAN SEBASTIAN DE LAS BARRANCAS","TIPO NÚCL":"EJIDO","MUNICIPIO":"SAN JUAN DEL RÍO","ESTADO":"QUERÉTARO","SUP":"10382.271","TIPO DE PA":"PARCELAS INDIVIDUALES","CERTIFICAD":"105995","CALIDAD":"EJIDATARIO (A)","GENERO":"MASCULINO","FECHA DE N":"1961/08/06","DOMICILIO":"CONOCIDO, SAN SEBASTIAN DE LAS BARRANCAS","TRÁMITE Q":"TRANSMISIÓN DE DERECHOS POR SUCESIÓN. INSCRIPCIÓN.","FECHA DE A":"2000-06-15","TITULAR":"AGAPITO CRUZ CORTES","nombre":"MQ-SSB-P073"},"geometry":{"type":"Polygon","coordinates":[[[-99.919999,20.281135],[-99.9205,20.280852],[-99.921757,20.281905],[-99.921321,20.282232],[-99.919999,20.281135]]]}},{"type":"Feature","properties":{"NOM_SEDATU":"MQ-SSB-P008","PARCELA":"8 Z-1 P 1/4","NÚCLEO AG":"SAN SEBASTIAN DE LAS BARRANCAS","TIPO NÚCL":"EJIDO","MUNICIPIO":"SAN JUAN DEL RÍO","ESTADO":"QUERÉTARO","SUP":"46989.084","TIPO DE PA":"PARCELAS INDIVIDUALES","CERTIFICAD":"1017332","CALIDAD":"POSESIONARIO (A)","GENERO":"FEMENINO","FECHA DE N":"1960/02/18","DOMICILIO":"CONOCIDO, SAN SEBASTIAN DE LAS BARRANCAS, QUERETARO","CURP":"BAAA600218MJCRML02","TRÁMITE Q":"INSCRIPCION DE SENTENCIAS","FECHA DE A":"2019-04-23","TITULAR":"ALICIA BARAJAS AMEZQUITA","nombre":"MQ-SSB-P008"},"geometry":{"type":"Polygon","coordinates":[[[-99.93312,20.289142],[-99.935867,20.289052],[-99.935868,20.289188],[-99.935921,20.290591],[-99.933348,20.290653],[-99.93312,20.289142]]]}},{"type":"Feature","properties":{"NOM_SEDATU":"MQ-SSB-P047","SUP":"6933.355","nombre":"MQ-SSB-P047"},"geometry":{"type":"Polygon","coordinates":[[[-99.926747,20.283897],[-99.926781,20.284744],[-99.926029,20.284834],[-99.926199,20.283832],[-99.926747,20.283897]]]}},{"type":"Feature","properties":{"NOM_SEDATU":"MQ-PAL-P271","PARCELA":"271 Z-1 P5/5","NÚCLEO AG":"PALMA DE ROMERO","TIPO NÚCL":"EJIDO","MUNICIPIO":"SAN JUAN DEL RÍO","ESTADO":"QUERÉTARO","SUP":"6347.034","TIPO DE PA":"PARCELAS INDIVIDUALES","CERTIFICAD":"1010761","CALIDAD":"EJIDATARIO (A)","GENERO":"MASCULINO","FECHA DE N":"1969/01/30","DOMICILIO":"CONOCIDO, PALMA DE ROMERO, QUERETARO","CURP":"OURAA610130HQTLMR0","TRÁMITE Q":"TRANSMISIÓN DE DERECHOS POR SUCESIÓN. INSCRIPCIÓN.","FECHA DE A":"2017-04-26","TITULAR":"ARTURO SEBASTIAN OLGUIN ROMERO","nombre":"MQ-PAL-P271"},"geometry":{"type":"Polygon","coordinates":[[[-99.939823,20.327738],[-99.940213,20.328876],[-99.939817,20.329235],[-99.939483,20.328144],[-99.939823,20.327738]]]}},{"type":"Feature","properties":{"NOM_SEDATU":"MQ-PAL-P275","PARCELA":"275 Z-1 P5/5","NÚCLEO AG":"PALMA DE ROMERO","TIPO NÚCL":"EJIDO","MUNICIPIO":"SAN JUAN DEL RÍO","ESTADO":"QUERÉTARO","SUP":"9022.269","TIPO DE PA":"PARCELAS INDIVIDUALES","CERTIFICAD":"102912","CALIDAD":"EJIDATARIO (A)","GENERO":"FEMENINO","FECHA DE N":"1961/10/06","DOMICILIO":"CONOCIDO, PALMA DE ROMERO, QUERETARO","CURP":"AIRS611006MQTVML02","TRÁMITE Q":"INSCRIPCION DE SENTENCIAS","FECHA DE A":"2009-06-25","TITULAR":"SILVIA AVILA ROMERO","nombre":"MQ-PAL-P275"},"geometry":{"type":"Polygon","coordinates":[[[-99.94004,20.327483],[-99.940427,20.32702],[-99.940629,20.327128],[-99.940658,20.327683],[-99.940675,20.32783],[-99.940742,20.327951],[-99.94103,20.328246],[-99.940596,20.328596],[-99.940436,20.3287],[-99.940204,20.327888],[-99.94004,20.327483]]]}},{"type":"Feature","properties":{"NOM_SEDATU":"MQ-PAL-P276","PARCELA":"276 Z-1 P5/5","NÚCLEO AG":"PALMA DE ROMERO","TIPO NÚCL":"EJIDO","MUNICIPIO":"SAN JUAN DEL RÍO","ESTADO":"QUERÉTARO","SUP":"4198.172","TIPO DE PA":"PARCELAS INDIVIDUALES","CERTIFICAD":"100058","CALIDAD":"POSESIONARIO (A)","GENERO":"FEMENINO","FECHA DE N":"1934/08/04","DOMICILIO":"CONOCIDO, PALMA DEL ROMERO, QUERETARO","CURP":"ROAG340804MQTMRD07","TRÁMITE Q":"INSCRIPCION DE SENTENCIAS","FECHA DE A":"2009-08-27","TITULAR":"MARIA GUADALUPE ROMERO ARTEAGA","nombre":"MQ-PAL-P276"},"geometry":{"type":"Polygon","coordinates":[[[-99.939823,20.327738],[-99.94004,20.327483],[-99.940204,20.327888],[-99.940436,20.3287],[-99.940213,20.328876],[-99.939823,20.327738]]]}},{"type":"Feature","properties":{"NOM_SEDATU":"MQ-PAL-P281","PARCELA":"281 Z-1 P5/5","NÚCLEO AG":"PALMA DE ROMERO","TIPO NÚCL":"EJIDO","MUNICIPIO":"SAN JUAN DEL RÍO","ESTADO":"QUERÉTARO","SUP":"16501.104","TIPO DE PA":"PARCELAS INDIVIDUALES","CERTIFICAD":"1003480","CALIDAD":"EJIDATARIO (A)","GENERO":"MASCULINO","FECHA DE N":"1981/04/13","DOMICILIO":"CONOCIDO, PALMA DE ROMERO, QUERETARO","CURP":"AEMA810413HQTRRB04","TRÁMITE Q":"TRANSMISIÓN DE DERECHOS POR SUCESIÓN. INSCRIPCIÓN.","FECHA DE A":"1995-11-06","TITULAR":"JOSE ABEL ARTEAGA MARTINEZ","nombre":"MQ-PAL-P281"},"geometry":{"type":"Polygon","coordinates":[[[-99.940427,20.32702],[-99.941085,20.326233],[-99.941796,20.327587],[-99.94103,20.328246],[-99.940742,20.327951],[-99.940675,20.32783],[-99.940658,20.327683],[-99.940629,20.327128],[-99.940427,20.32702]]]}},{"type":"Feature","properties":{"NOM_SEDATU":"MQ-PAL-P285","PARCELA":"285 Z-1 P5/5","NÚCLEO AG":"PALMA DE ROMERO","TIPO NÚCL":"EJIDO","MUNICIPIO":"SAN JUAN DEL RÍO","ESTADO":"QUERÉTARO","SUP":"12935.201","TIPO DE PA":"PARCELAS INDIVIDUALES","CERTIFICAD":"1005779","CALIDAD":"EJIDATARIO (A)","GENERO":"FEMENINO","FECHA DE N":"1934/12/30","DOMICILIO":"CONOCIDO, PALMA DE ROMERO, QUERETARO","TRÁMITE Q":"TRANSMISIÓN DE DERECHOS POR SUCESIÓN. INSCRIPCIÓN.","FECHA DE A":"1995-11-06","TITULAR":"TERESA AVILA MARTINEZ","nombre":"MQ-PAL-P285"},"geometry":{"type":"Polygon","coordinates":[[[-99.941085,20.326233],[-99.941563,20.32574],[-99.942083,20.326564],[-99.942399,20.327144],[-99.942071,20.327354],[-99.941796,20.327587],[-99.941085,20.326233]]]}},{"type":"Feature","properties":{"NOM_SEDATU":"MQ-PAS-P729","PARCELA":"729 Z-8 P1/1","NÚCLEO AG":"PASO DE MATA","TIPO NÚCL":"EJIDO","MUNICIPIO":"SAN JUAN DEL RÍO","ESTADO":"QUERÉTARO","SUP":"21997.712","TIPO DE PA":"PARCELA A FAVOR DEL NUCLEO","TRÁMITE Q":"ACUERDO DE ASAMBLEA DE LA DELIMITACIÓN, DESTINO Y ASIGNACIÓN DE LAS TIERRAS EJIDALES O COMUNALES. INSCRIPCIÓN.","FECHA DE A":"1999-06-03","nombre":"MQ-PAS-P729"},"geometry":{"type":"Polygon","coordinates":[[[-99.932212,20.337509],[-99.931983,20.336925],[-99.932985,20.335696],[-99.933491,20.336383],[-99.933572,20.336426],[-99.933613,20.336644],[-99.932927,20.337735],[-99.932588,20.337736],[-99.932476,20.337687],[-99.932317,20.33754],[-99.932269,20.337469],[-99.932212,20.337509]]]}},{"type":"Feature","properties":{"NOM_SEDATU":"MQ-PAS-P737","PARCELA":"737 Z-8 P1/1","NÚCLEO AG":"PASO DE MATA","TIPO NÚCL":"EJIDO","MUNICIPIO":"SAN JUAN DEL RÍO","ESTADO":"QUERÉTARO","SUP":"5923.519","TIPO DE PA":"PARCELAS INDIVIDUALES","CERTIFICAD":"53310","CALIDAD":"EJIDATARIO (A)","GENERO":"FEMENINO","FECHA DE N":"1926/05/10","DOMICILIO":"CONOCIDO, PASO DE MATA, QUERETARO","TRÁMITE Q":"ACUERDO DE ASAMBLEA DE LA DELIMITACIÓN, DESTINO Y ASIGNACIÓN DE LAS TIERRAS EJIDALES O COMUNALES. INSCRIPCIÓN.","FECHA DE A":"1999-06-03","TITULAR":"ANTONINA MARTINEZ UGALDE","nombre":"MQ-PAS-P737"},"geometry":{"type":"Polygon","coordinates":[[[-99.932985,20.335696],[-99.933323,20.335297],[-99.933648,20.335336],[-99.933603,20.335773],[-99.933768,20.336635],[-99.933613,20.336644],[-99.933572,20.336426],[-99.933491,20.336383],[-99.932985,20.335696]]]}},{"type":"Feature","properties":{"NOM_SEDATU":"MQ-PAS-P741","PARCELA":"741 Z-8 P1/1","NÚCLEO AG":"PASO DE MATA","TIPO NÚCL":"EJIDO","MUNICIPIO":"SAN JUAN DEL RÍO","ESTADO":"QUERÉTARO","SUP":"2141.697","TIPO DE PA":"PARCELAS INDIVIDUALES","CERTIFICAD":"1029251","CALIDAD":"EJIDATARIO (A)","GENERO":"MASCULINO","FECHA DE N":"1974/11/08","DOMICILIO":"CONOCIDO, PASO DE MATA, QUERETARO","CURP":"MEOO741108HQTJSS03","TRÁMITE Q":"TRANSMISIÓN DE DERECHOS POR SUCESIÓN. INSCRIPCIÓN.","FECHA DE A":"2015-09-23","TITULAR":"OSCAR MEJIA OSORNIO","nombre":"MQ-PAS-P741"},"geometry":{"type":"Polygon","coordinates":[[[-99.931513,20.336283],[-99.931912,20.335865],[-99.932166,20.336134],[-99.931848,20.336447],[-99.931513,20.336283]]]}},{"type":"Feature","properties":{"NOM_SEDATU":"MQ-PAS-P744","PARCELA":"744 Z-8 P1/1","NÚCLEO AG":"PASO DE MATA","TIPO NÚCL":"EJIDO","MUNICIPIO":"SAN JUAN DEL RÍO","ESTADO":"QUERÉTARO","SUP":"4983.483","TIPO DE PA":"PARCELAS INDIVIDUALES","CERTIFICAD":"53559","CALIDAD":"EJIDATARIO (A)","GENERO":"MASCULINO","FECHA DE N":"1934/04/26","DOMICILIO":"CONOCIDO, PASO DE MATA, QUERETARO","TRÁMITE Q":"ACUERDO DE ASAMBLEA DE LA DELIMITACIÓN, DESTINO Y ASIGNACIÓN DE LAS TIERRAS EJIDALES O COMUNALES. INSCRIPCIÓN.","FECHA DE A":"1999-06-03","TITULAR":"J. GUADALUPE ESTRELLA RESENDIZ","nombre":"MQ-PAS-P744"},"geometry":{"type":"Polygon","coordinates":[[[-99.931912,20.335865],[-99.93214,20.335394],[-99.932248,20.335136],[-99.93263,20.335179],[-99.932569,20.33525],[-99.932756,20.335425],[-99.932166,20.336134],[-99.931912,20.335865]]]}},{"type":"Feature","properties":{"NOM_SEDATU":"MQ-PAS-P746","PARCELA":"746 Z-8 P1/1","NÚCLEO AG":"PASO DE MATA","TIPO NÚCL":"EJIDO","MUNICIPIO":"SAN JUAN DEL RÍO","ESTADO":"QUERÉTARO","SUP":"539.534","TIPO DE PA":"PARCELAS INDIVIDUALES","CERTIFICAD":"53309","CALIDAD":"EJIDATARIO (A)","GENERO":"FEMENINO","FECHA DE N":"1926/05/10","DOMICILIO":"CONOCIDO, PASO DE MATA, QUERETARO","TRÁMITE Q":"ACUERDO DE ASAMBLEA DE LA DELIMITACIÓN, DESTINO Y ASIGNACIÓN DE LAS TIERRAS EJIDALES O COMUNALES. INSCRIPCIÓN.","FECHA DE A":"1999-06-03","TITULAR":"ANTONINA MARTINEZ UGALDE","nombre":"MQ-PAS-P746"},"geometry":{"type":"Polygon","coordinates":[[[-99.93263,20.335179],[-99.93293,20.335214],[-99.932756,20.335425],[-99.932569,20.33525],[-99.93263,20.335179]]]}},{"type":"Feature","properties":{"NOM_SEDATU":"MQ-SJR-P585","PARCELA":"585C","NÚCLEO AG":"SAN JUAN DEL RÍO","MUNICIPIO":"SAN JUAN DEL RÍO","ESTADO":"QUERÉTARO","nombre":"MQ-SJR-P585"},"geometry":{"type":"Polygon","coordinates":[[[-100.019809,20.384147],[-100.01976,20.384071],[-100.019962,20.383938],[-100.019991,20.383979],[-100.019809,20.384147]]]}},{"type":"Feature","properties":{"NOM_SEDATU":"MQ-SJR-P585","PARCELA":"585D","NÚCLEO AG":"SAN JUAN DEL RÍO","MUNICIPIO":"SAN JUAN DEL RÍO","ESTADO":"QUERÉTARO","nombre":"MQ-SJR-P585"},"geometry":{"type":"Polygon","coordinates":[[[-100.01976,20.384071],[-100.019701,20.383976],[-100.019898,20.38385],[-100.019962,20.383938],[-100.01976,20.384071]]]}},{"type":"Feature","properties":{"NOM_SEDATU":"MQ-SJR-P585","PARCELA":"585A","NÚCLEO AG":"SAN JUAN DEL RÍO","MUNICIPIO":"SAN JUAN DEL RÍO","ESTADO":"QUERÉTARO","nombre":"MQ-SJR-P585"},"geometry":{"type":"Polygon","coordinates":[[[-100.019991,20.383979],[-100.019898,20.38385],[-100.019701,20.383976],[-100.019544,20.383727],[-100.020604,20.38302],[-100.020764,20.383239],[-100.020252,20.383701],[-100.019991,20.383979]]]}},{"type":"Feature","properties":{"NOM_SEDATU":"MQ-SJR-P585","PARCELA":"585B","NÚCLEO AG":"SAN JUAN DEL RÍO","MUNICIPIO":"SAN JUAN DEL RÍO","ESTADO":"QUERÉTARO","nombre":"MQ-SJR-P585"},"geometry":{"type":"Polygon","coordinates":[[[-100.020604,20.38302],[-100.019542,20.383724],[-100.01935,20.383421],[-100.020404,20.382746],[-100.020604,20.38302]]]}},{"type":"Feature","properties":{"NOM_SEDATU":"MQ-AHO-P169","PARCELA":"169 Z1 P 3/6","NÚCLEO AG":"AHORCADO","TIPO NÚCL":"EJIDO","MUNICIPIO":"PEDRO ESCOBEDO","ESTADO":"QUERÉTARO","SUP":"82269.306","TIPO DE PA":"PARCELAS INDIVIDUALES","CERTIFICAD":"55836","CALIDAD":"EJIDATARIO (A)","GENERO":"MASCULINO","FECHA DE N":"1955/06/03","DOMICILIO":"CONOCIDO, AHORCADO, QUERETARO","CURP":"BECC550603HQTNLL15","TRÁMITE Q":"ACUERDO DE ASAMBLEA DE LA DELIMITACIÓN, DESTINO Y ASIGNACIÓN DE LAS TIERRAS EJIDALES O COMUNALES. INSCRIPCIÓN.","FECHA DE A":"1999-08-02","TITULAR":"J. CLEOTILDE BENITO CALLEJAS","nombre":"MQ-AHO-P169"},"geometry":{"type":"Polygon","coordinates":[[[-100.165887,20.541958],[-100.165815,20.541719],[-100.169187,20.544742],[-100.169432,20.544936],[-100.169736,20.54518],[-100.169787,20.545945],[-100.167329,20.546244],[-100.165887,20.541958]]]}},{"type":"Feature","properties":{"NOM_SEDATU":"MQ-AHO-P170","PARCELA":"170 Z1 P3/6","NÚCLEO AG":"AHORCADO","TIPO NÚCL":"EJIDO","MUNICIPIO":"PEDRO ESCOBEDO","ESTADO":"QUERÉTARO","SUP":"75126.917","TIPO DE PA":"PARCELAS INDIVIDUALES","CERTIFICAD":"79953","CALIDAD":"EJIDATARIO (A)","GENERO":"MASCULINO","FECHA DE N":"1948/10/07","DOMICILIO":"CONOCIDO, EL AHORCADO, QUERETARO.","CURP":"REPM481007HQTSRR01","TRÁMITE Q":"INSCRIPCION DE SENTENCIAS","FECHA DE A":"2001-07-13","TITULAR":"MARCELO RESENDIZ PEREZ","nombre":"MQ-AHO-P170"},"geometry":{"type":"Polygon","coordinates":[[[-100.163354,20.542872],[-100.164003,20.542638],[-100.165887,20.541958],[-100.16663,20.544184],[-100.16416,20.545239],[-100.163354,20.542872]]]}},{"type":"Feature","properties":{"NOM_SEDATU":"MQ-AHO-P172","PARCELA":"172 Z-1 P3/6","NÚCLEO AG":"AHORCADO","TIPO NÚCL":"EJIDO","MUNICIPIO":"PEDRO ESCOBEDO","ESTADO":"QUERÉTARO","SUP":"84146.268","TIPO DE PA":"PARCELAS INDIVIDUALES","CERTIFICAD":"79616","CALIDAD":"EJIDATARIO (A)","GENERO":"MASCULINO","FECHA DE N":"1953/03/09","DOMICILIO":"CONOCIDO, AHORCADO, QUERETARO","CURP":"PACB530309HQTCRN06","TRÁMITE Q":"INSCRIPCION DE SENTENCIAS","FECHA DE A":"2003-10-30","TITULAR":"BENJAMIN PACHECO CRUZ","nombre":"MQ-AHO-P172"},"geometry":{"type":"Polygon","coordinates":[[[-100.165887,20.541958],[-100.164003,20.542638],[-100.163354,20.542872],[-100.161705,20.538129],[-100.162945,20.539132],[-100.165804,20.541708],[-100.165887,20.541958]]]}},{"type":"Feature","properties":{"NOM_SEDATU":"MQ-AHO-P173","PARCELA":"173 Z-1 P3/6","NÚCLEO AG":"AHORCADO","TIPO NÚCL":"EJIDO","MUNICIPIO":"PEDRO ESCOBEDO","ESTADO":"QUERÉTARO","SUP":"83529.905","TIPO DE PA":"PARCELAS INDIVIDUALES","CERTIFICAD":"55831","CALIDAD":"EJIDATARIO (A)","GENERO":"MASCULINO","FECHA DE N":"1956/10/02","DOMICILIO":"CONOCIDO, AHORCADO, QUERETARO","CURP":"AAGI561002HQTLNG06","TRÁMITE Q":"ACUERDO DE ASAMBLEA DE LA DELIMITACIÓN, DESTINO Y ASIGNACIÓN DE LAS TIERRAS EJIDALES O COMUNALES. INSCRIPCIÓN.","FECHA DE A":"1999-08-02","TITULAR":"IGNACIO ALVAREZ GONZALEZ","nombre":"MQ-AHO-P173"},"geometry":{"type":"Polygon","coordinates":[[[-100.159371,20.539335],[-100.161797,20.538627],[-100.162759,20.541401],[-100.160321,20.541998],[-100.159371,20.539335]]]}},{"type":"Feature","properties":{"NOM_SEDATU":"MQ-ALV-P30","PARCELA":"30 Z-1 P 1/1","NÚCLEO AG":"LOS ALVAREZ","TIPO NÚCL":"EJIDO","MUNICIPIO":"PEDRO ESCOBEDO","ESTADO":"QUERÉTARO","SUP":"69442.073","TIPO DE PA":"PARCELAS INDIVIDUALES","CERTIFICAD":"98468","CALIDAD":"EJIDATARIO (A)","GENERO":"FEMENINO","FECHA DE N":"1954/06/09","DOMICILIO":"CONOCIDO, LOS ALVAREZ, QUERETARO","CURP":"GOAH540609MQTNRL08","TRÁMITE Q":"TRANSMISIÓN DE DERECHOS POR SUCESIÓN. INSCRIPCIÓN.","FECHA DE A":"2006-10-23","TITULAR":"HILARIA GONZALEZ ARAUJO","nombre":"MQ-ALV-P30"},"geometry":{"type":"Polygon","coordinates":[[[-100.153666,20.534534],[-100.155132,20.53281],[-100.157213,20.534493],[-100.156097,20.535762],[-100.155717,20.536194],[-100.153666,20.534534]]]}},{"type":"Feature","properties":{"NOM_SEDATU":"MQ-ALV-P31","PARCELA":"31 Z-1 P 1/1","NÚCLEO AG":"LOS ALVAREZ","TIPO NÚCL":"EJIDO","MUNICIPIO":"PEDRO ESCOBEDO","ESTADO":"QUERÉTARO","SUP":"75586.042","TIPO DE PA":"PARCELAS INDIVIDUALES","CERTIFICAD":"1024280","CALIDAD":"EJIDATARIO (A)","GENERO":"FEMENINO","FECHA DE N":"1968/11/14","DOMICILIO":"CONOCIDO, LOS ALVAREZ, QUERETARO","TRÁMITE Q":"TRANSMISIÓN DE DERECHOS POR SUCESIÓN. INSCRIPCIÓN.","FECHA DE A":"2015-12-11","TITULAR":"MARIA DEL CARMEN MARISOL PEREZ PEREZ","nombre":"MQ-ALV-P31"},"geometry":{"type":"Polygon","coordinates":[[[-100.151288,20.53309],[-100.153025,20.531105],[-100.155083,20.53277],[-100.153586,20.534507],[-100.151288,20.53309]]]}},{"type":"Feature","properties":{"NOM_SEDATU":"MQ-ALV-P32","PARCELA":"32 Z-1 P 1/1","NÚCLEO AG":"LOS ALVAREZ","TIPO NÚCL":"EJIDO","MUNICIPIO":"PEDRO ESCOBEDO","ESTADO":"QUERÉTARO","SUP":"75227.754","TIPO DE PA":"PARCELAS INDIVIDUALES","CERTIFICAD":"70567","CALIDAD":"EJIDATARIO (A)","GENERO":"MASCULINO","FECHA DE N":"1961/11/01","DOMICILIO":"CONOCIDO, LOS ALVAREZ, QUERETARO","CURP":"PEGP611101HQTRNL09","TRÁMITE Q":"TRANSMISIÓN DE DERECHOS POR SUCESIÓN. INSCRIPCIÓN.","FECHA DE A":"2002-01-04","TITULAR":"JOSE PLACIDO PEREZ GONZALEZ","nombre":"MQ-ALV-P32"},"geometry":{"type":"Polygon","coordinates":[[[-100.149419,20.531077],[-100.150902,20.529387],[-100.152986,20.531073],[-100.151245,20.533039],[-100.149419,20.531077]]]}},{"type":"Feature","properties":{"NOM_SEDATU":"MQ-ALV-P35","PARCELA":"35 Z-1 P 1/1","NÚCLEO AG":"LOS ALVAREZ","TIPO NÚCL":"EJIDO","MUNICIPIO":"PEDRO ESCOBEDO","ESTADO":"QUERÉTARO","SUP":"68848.747","TIPO DE PA":"PARCELAS INDIVIDUALES","CERTIFICAD":"1023534","CALIDAD":"EJIDATARIO (A)","GENERO":"FEMENINO","FECHA DE N":"1954/02/26","DOMICILIO":"CONOCIDO, LOS ALVAREZ, QUERETARO","TRÁMITE Q":"TRANSMISIÓN DE DERECHOS POR SUCESIÓN. INSCRIPCIÓN.","FECHA DE A":"2019-05-21","TITULAR":"YOLANDA VEGA MARTINEZ","nombre":"MQ-ALV-P35"},"geometry":{"type":"Polygon","coordinates":[[[-100.147307,20.529429],[-100.148867,20.527688],[-100.149116,20.527942],[-100.150866,20.529358],[-100.149379,20.531054],[-100.147307,20.529429]]]}},{"type":"Feature","properties":{"NOM_SEDATU":"MQ-PES-P71","PARCELA":"71 Z-1 P 1/1","NÚCLEO AG":"PEDRO ESCOBEDO","TIPO NÚCL":"EJIDO","MUNICIPIO":"PEDRO ESCOBEDO","ESTADO":"QUERÉTARO","SUP":"37427.198","TIPO DE PA":"PARCELAS INDIVIDUALES","CERTIFICAD":"1027526","CALIDAD":"EJIDATARIO (A)","GENERO":"FEMENINO","FECHA DE N":"1971/10/31","DOMICILIO":"CONOCIDO, PEDRO ESCOBEDO, QUERETARO.","TRÁMITE Q":"TRANSMISIÓN DE DERECHOS POR SUCESIÓN. INSCRIPCIÓN.","FECHA DE A":"2021-06-18","TITULAR":"MA. GUADALUPE PIÑA PACHECO","nombre":"MQ-PES-P71"},"geometry":{"type":"Polygon","coordinates":[[[-100.131454,20.515971],[-100.131586,20.515375],[-100.134385,20.515626],[-100.134502,20.515713],[-100.131114,20.517471],[-100.131454,20.515971]]]}},{"type":"Feature","properties":{"NOM_SEDATU":"MQ-PES-P26","PARCELA":"26","NÚCLEO AG":"PEDRO ESCOBEDO","TIPO NÚCL":"EJIDO","MUNICIPIO":"PEDRO ESCOBEDO","ESTADO":"QUERÉTARO","SUP":"36778.353","nombre":"MQ-PES-P26"},"geometry":{"type":"Polygon","coordinates":[[[-100.142902,20.523541],[-100.141436,20.524967],[-100.140207,20.523909],[-100.141791,20.522553],[-100.142902,20.523541]]]}},{"type":"Feature","properties":{"NOM_SEDATU":"MQ-PES-P21","PARCELA":"21","NÚCLEO AG":"PEDRO ESCOBEDO","TIPO NÚCL":"EJIDO","MUNICIPIO":"PEDRO ESCOBEDO","ESTADO":"QUERÉTARO","SUP":"40654.898","nombre":"MQ-PES-P21"},"geometry":{"type":"Polygon","coordinates":[[[-100.14395,20.52494],[-100.142738,20.526086],[-100.141436,20.524967],[-100.142902,20.523541],[-100.144221,20.524683],[-100.14395,20.52494]]]}},{"type":"Feature","properties":{"NOM_SEDATU":"MQ-ALV-P42","PARCELA":"42 Z-1 P 1/1","NÚCLEO AG":"LOS ALVAREZ","TIPO NÚCL":"EJIDO","MUNICIPIO":"PEDRO ESCOBEDO","ESTADO":"QUERÉTARO","SUP":"28065.69","TIPO DE PA":"PARCELAS INDIVIDUALES","CERTIFICAD":"86956","CALIDAD":"EJIDATARIO (A)","GENERO":"MASCULINO","FECHA DE N":"1954/08/22","DOMICILIO":"CONOCIDO, LOS ALVAREZ, QUERETARO","CURP":"RAPR540822HQTMCM03","TRÁMITE Q":"INSCRIPCION DE SENTENCIAS","FECHA DE A":"2005-04-15","TITULAR":"RAMON RAMIREZ PACHECO","nombre":"MQ-ALV-P42"},"geometry":{"type":"Polygon","coordinates":[[[-100.14395,20.52494],[-100.144221,20.524683],[-100.144716,20.524214],[-100.145747,20.525021],[-100.146431,20.525448],[-100.146827,20.525768],[-100.14629,20.526375],[-100.14395,20.52494]]]}},{"type":"Feature","properties":{"NOM_SEDATU":"MQ-SCL-P105","PARCELA":"105 Z-1 P2/3","NÚCLEO AG":"SAN CLEMENTE","TIPO NÚCL":"EJIDO","MUNICIPIO":"PEDRO ESCOBEDO","ESTADO":"QUERÉTARO","SUP":"23079.715","TIPO DE PA":"PARCELAS INDIVIDUALES","CERTIFICAD":"74477","CALIDAD":"EJIDATARIO (A)","GENERO":"FEMENINO","FECHA DE N":"1933/12/08","DOMICILIO":"CONOCIDO SAN CLEMENTE PEDRO ESCOBEDO,QRO","CURP":"JIOC331208MQTMRN09","TRÁMITE Q":"TRANSMISIÓN DE DERECHOS POR SUCESIÓN. INSCRIPCIÓN.","FECHA DE A":"2000-04-29","TITULAR":"MA. CONCEPCION JIMENEZ ORDAZ","nombre":"MQ-SCL-P105"},"geometry":{"type":"Polygon","coordinates":[[[-100.097147,20.488886],[-100.09992,20.487647],[-100.099589,20.489236],[-100.097147,20.488886]]]}},{"type":"Feature","properties":{"NOM_SEDATU":"MQ-SCL-P108","PARCELA":"108 Z-1 P2/3","NÚCLEO AG":"SAN CLEMENTE","TIPO NÚCL":"EJIDO","MUNICIPIO":"PEDRO ESCOBEDO","ESTADO":"QUERÉTARO","SUP":"33455.808","TIPO DE PA":"PARCELAS INDIVIDUALES","CERTIFICAD":"1012027","CALIDAD":"AVECINDADO (A)","GENERO":"MASCULINO","FECHA DE N":"1962/11/20","DOMICILIO":"CONOCIDO, SAN CLEMENTE, QUERETARO","TRÁMITE Q":"ENAJENACIÓN DE DERECHOS PARCELARIOS. INSCRIPCIÓN.","FECHA DE A":"2000-04-29","TITULAR":"J. FELIX VERDE JIMENEZ","nombre":"MQ-SCL-P108"},"geometry":{"type":"Polygon","coordinates":[[[-100.097075,20.487853],[-100.097323,20.486539],[-100.098568,20.486585],[-100.099572,20.487381],[-100.099039,20.48769],[-100.09699,20.488453],[-100.097075,20.487853]]]}},{"type":"Feature","properties":{"NOM_SEDATU":"MQ-SCL-P111","PARCELA":"111 Z-1 P2/3","NÚCLEO AG":"SAN CLEMENTE","TIPO NÚCL":"EJIDO","MUNICIPIO":"PEDRO ESCOBEDO","ESTADO":"QUERÉTARO","SUP":"6019.327","TIPO DE PA":"PARCELAS INDIVIDUALES","CERTIFICAD":"1002426","CALIDAD":"AVECINDADO (A)","GENERO":"MASCULINO","FECHA DE N":"1953/01/05","DOMICILIO":"AGUSTIN ITURBIDE, NUMERO 1, SAN CLEMENTE, PEDRO ESCOBEDO, QRO","TRÁMITE Q":"ENAJENACIÓN DE DERECHOS PARCELARIOS. INSCRIPCIÓN.","FECHA DE A":"2006-02-22","TITULAR":"BRAULIO ORDAZ GIL","nombre":"MQ-SCL-P111"},"geometry":{"type":"Polygon","coordinates":[[[-100.097323,20.486539],[-100.097398,20.486169],[-100.097485,20.485706],[-100.098568,20.486585],[-100.097323,20.486539]]]}},{"type":"Feature","properties":{"NOM_SEDATU":"MQ-SCL-P98","PARCELA":"98 Z-1 P2/3","NÚCLEO AG":"SAN CLEMENTE","TIPO NÚCL":"EJIDO","MUNICIPIO":"PEDRO ESCOBEDO","ESTADO":"QUERÉTARO","SUP":"72499.418","TIPO DE PA":"PARCELAS INDIVIDUALES","CERTIFICAD":"52306","CALIDAD":"EJIDATARIO (A)","GENERO":"MASCULINO","FECHA DE N":"1970/03/02","DOMICILIO":"CONOCIDO, SAN CLEMENTE, QUERETARO","CURP":"RAAC700302HQTMLR04","TRÁMITE Q":"ACUERDO DE ASAMBLEA DE LA DELIMITACIÓN, DESTINO Y ASIGNACIÓN DE LAS TIERRAS EJIDALES O COMUNALES. INSCRIPCIÓN.","FECHA DE A":"1999-07-25","TITULAR":"CARLOS RAMOS ALVAREZ","nombre":"MQ-SCL-P98"},"geometry":{"type":"Polygon","coordinates":[[[-100.101635,20.493406],[-100.102302,20.489716],[-100.104251,20.492422],[-100.104194,20.493804],[-100.101635,20.493406]]]}},{"type":"Feature","properties":{"NOM_SEDATU":"MQ-PES-P100","PARCELA":"100 Z-1 P1/1","NÚCLEO AG":"PEDRO ESCOBEDO","TIPO NÚCL":"EJIDO","MUNICIPIO":"PEDRO ESCOBEDO","ESTADO":"QUERÉTARO","SUP":"45750.433","TIPO DE PA":"PARCELAS INDIVIDUALES","CERTIFICAD":"83673","CALIDAD":"EJIDATARIO (A)","GENERO":"FEMENINO","FECHA DE N":"1963/06/17","DOMICILIO":"CONOCIDO, PEDRO ESCOBEDO, QUERETARO","CURP":"HELJ630617MQTRPN05","TRÁMITE Q":"INSCRIPCION DE SENTENCIAS","FECHA DE A":"2005-03-11","TITULAR":"MA. JUANA HERNANDEZ LOPEZ","nombre":"MQ-PES-P100"},"geometry":{"type":"Polygon","coordinates":[[[-100.12811,20.513544],[-100.128415,20.51193],[-100.128467,20.511776],[-100.129645,20.511801],[-100.131224,20.513065],[-100.130028,20.513604],[-100.12811,20.513544]]]}},{"type":"Feature","properties":{"NOM_SEDATU":"MQ-PES-P111","PARCELA":"111 Z-1 P1/1","NÚCLEO AG":"PEDRO ESCOBEDO","TIPO NÚCL":"EJIDO","MUNICIPIO":"PEDRO ESCOBEDO","ESTADO":"QUERÉTARO","SUP":"35721.263","TIPO DE PA":"PARCELAS INDIVIDUALES","CERTIFICAD":"1011572","CALIDAD":"EJIDATARIO (A)","GENERO":"MASCULINO","FECHA DE N":"1952/06/22","DOMICILIO":"CONOCIDO, PEDRO ESCOBEDO, QUERÉTARO.","TRÁMITE Q":"ENAJENACIÓN DE DERECHOS PARCELARIOS. INSCRIPCIÓN.","FECHA DE A":"1995-07-07","TITULAR":"RAUL MARTINEZ DURAN","nombre":"MQ-PES-P111"},"geometry":{"type":"Polygon","coordinates":[[[-100.126598,20.511277],[-100.126925,20.509583],[-100.129645,20.511801],[-100.128467,20.511776],[-100.128415,20.51193],[-100.126598,20.511277]]]}},{"type":"Feature","properties":{"NOM_SEDATU":"MQ-PES-P112","PARCELA":"112 Z-1 P1/1","NÚCLEO AG":"PEDRO ESCOBEDO","TIPO NÚCL":"EJIDO","MUNICIPIO":"PEDRO ESCOBEDO","ESTADO":"QUERÉTARO","SUP":"35718.084","TIPO DE PA":"PARCELAS INDIVIDUALES","CERTIFICAD":"1011963","CALIDAD":"EJIDATARIO (A)","GENERO":"MASCULINO","FECHA DE N":"1952/06/22","DOMICILIO":"CONOCIDO, PEDRO ESCOBEDO, QUERÉTARO.","TRÁMITE Q":"ENAJENACIÓN DE DERECHOS PARCELARIOS. INSCRIPCIÓN.","FECHA DE A":"2009-07-21","TITULAR":"RAUL MARTINEZ DURAN","nombre":"MQ-PES-P112"},"geometry":{"type":"Polygon","coordinates":[[[-100.124795,20.510975],[-100.125048,20.509665],[-100.126,20.509357],[-100.12684,20.509511],[-100.126925,20.509583],[-100.126598,20.511277],[-100.126584,20.511302],[-100.124795,20.510975]]]}},{"type":"Feature","properties":{"NOM_SEDATU":"MQ-PES-P119","PARCELA":"119 Z-1 P1/1","NÚCLEO AG":"PEDRO ESCOBEDO","TIPO NÚCL":"EJIDO","MUNICIPIO":"PEDRO ESCOBEDO","ESTADO":"QUERÉTARO","SUP":"1112.495","TIPO DE PA":"PARCELAS INDIVIDUALES","CERTIFICAD":"1011578","CALIDAD":"EJIDATARIO (A)","GENERO":"MASCULINO","FECHA DE N":"1952/06/22","DOMICILIO":"CONOCIDO, PEDRO ESCOBEDO, QUERÉTARO.","TRÁMITE Q":"ENAJENACIÓN DE DERECHOS PARCELARIOS. INSCRIPCIÓN.","FECHA DE A":"1995-07-07","TITULAR":"RAUL MARTINEZ DURAN","nombre":"MQ-PES-P119"},"geometry":{"type":"Polygon","coordinates":[[[-100.126,20.509357],[-100.126475,20.509215],[-100.12684,20.509511],[-100.126,20.509357]]]}},{"type":"Feature","properties":{"NOM_SEDATU":"MQ-PES-P123","PARCELA":"123 Z-1 P1/1","NÚCLEO AG":"PEDRO ESCOBEDO","TIPO NÚCL":"EJIDO","MUNICIPIO":"PEDRO ESCOBEDO","ESTADO":"QUERÉTARO","SUP":"38378.508","TIPO DE PA":"PARCELAS INDIVIDUALES","CERTIFICAD":"1012031","CALIDAD":"EJIDATARIO (A)","GENERO":"MASCULINO","FECHA DE N":"1952/06/22","DOMICILIO":"CONOCIDO, PEDRO ESCOBEDO, QUERÉTARO.","TRÁMITE Q":"ENAJENACIÓN DE DERECHOS PARCELARIOS. INSCRIPCIÓN.","FECHA DE A":"1995-07-07","TITULAR":"RAUL MARTINEZ DURAN","nombre":"MQ-PES-P123"},"geometry":{"type":"Polygon","coordinates":[[[-100.12513,20.509228],[-100.123102,20.50895],[-100.123112,20.508821],[-100.123393,20.507474],[-100.124548,20.507661],[-100.12607,20.508886],[-100.125493,20.509282],[-100.12513,20.509228]]]}},{"type":"Feature","properties":{"NOM_SEDATU":"MQ-PES-P124","PARCELA":"124 Z-1 P1/1","NÚCLEO AG":"PEDRO ESCOBEDO","TIPO NÚCL":"EJIDO","MUNICIPIO":"PEDRO ESCOBEDO","ESTADO":"QUERÉTARO","SUP":"41746.107","TIPO DE PA":"PARCELAS INDIVIDUALES","CERTIFICAD":"10305","CALIDAD":"EJIDATARIO (A)","GENERO":"MASCULINO","FECHA DE N":"1960/08/21","DOMICILIO":"CONOCIDO, PEDRO ESCOBEDO, QUERETARO","TRÁMITE Q":"ACUERDO DE ASAMBLEA DE LA DELIMITACIÓN, DESTINO Y ASIGNACIÓN DE LAS TIERRAS EJIDALES O COMUNALES. INSCRIPCIÓN.","FECHA DE A":"1995-07-07","TITULAR":"JOSE CAMERINO SAMUEL PIÑA PIÑA","nombre":"MQ-PES-P124"},"geometry":{"type":"Polygon","coordinates":[[[-100.121203,20.508467],[-100.121449,20.506927],[-100.12151,20.506701],[-100.123458,20.506992],[-100.123393,20.507474],[-100.123112,20.508821],[-100.121203,20.508467]]]}},{"type":"Feature","properties":{"NOM_SEDATU":"MQ-PES-P129","PARCELA":"129 Z-1 P1/1","NÚCLEO AG":"PEDRO ESCOBEDO","TIPO NÚCL":"EJIDO","MUNICIPIO":"PEDRO ESCOBEDO","ESTADO":"QUERÉTARO","SUP":"23005.971","TIPO DE PA":"PARCELAS INDIVIDUALES","CERTIFICAD":"98740","CALIDAD":"EJIDATARIO (A)","GENERO":"MASCULINO","FECHA DE N":"1962/09/22","DOMICILIO":"CONOCIDO, PEDRO ESCOBEDO, QUERETARO","CURP":"AAGM620922HQTLNR01","TRÁMITE Q":"TRANSMISIÓN DE DERECHOS POR SUCESIÓN. INSCRIPCIÓN.","FECHA DE A":"1999-03-16","TITULAR":"MAURICIO ALVAREZ GONZALEZ","nombre":"MQ-PES-P129"},"geometry":{"type":"Polygon","coordinates":[[[-100.123393,20.507474],[-100.123458,20.506992],[-100.12151,20.506701],[-100.121724,20.505319],[-100.124548,20.507661],[-100.123393,20.507474]]]}},{"type":"Feature","properties":{"NOM_SEDATU":"MQ-PES-P130","PARCELA":"130 Z-1 P1/1","NÚCLEO AG":"PEDRO ESCOBEDO","TIPO NÚCL":"EJIDO","MUNICIPIO":"PEDRO ESCOBEDO","ESTADO":"QUERÉTARO","SUP":"39091.204","TIPO DE PA":"PARCELAS INDIVIDUALES","CERTIFICAD":"101441","CALIDAD":"EJIDATARIO (A)","GENERO":"FEMENINO","FECHA DE N":"1950/04/23","DOMICILIO":"CONOCIDO, PEDRO ESCOBEDO, QUERETARO","CURP":"GOMC500423MQTMRR03","TRÁMITE Q":"TRANSMISIÓN DE DERECHOS POR SUCESIÓN. INSCRIPCIÓN.","FECHA DE A":"2009-07-21","TITULAR":"MA. DEL CARMEN GOMEZ MARTINEZ","nombre":"MQ-PES-P130"},"geometry":{"type":"Polygon","coordinates":[[[-100.119477,20.506158],[-100.119638,20.505273],[-100.119745,20.504669],[-100.121297,20.505061],[-100.121724,20.505319],[-100.12151,20.506701],[-100.121449,20.506927],[-100.119477,20.506158]]]}},{"type":"Feature","properties":{"NOM_SEDATU":"MQ-PES-P137","PARCELA":"137 Z-1 P1/1","NÚCLEO AG":"PEDRO ESCOBEDO","TIPO NÚCL":"EJIDO","MUNICIPIO":"PEDRO ESCOBEDO","ESTADO":"QUERÉTARO","SUP":"7418.99","TIPO DE PA":"PARCELAS INDIVIDUALES","CERTIFICAD":"67853","CALIDAD":"POSESIONARIO (A)","GENERO":"MASCULINO","FECHA DE N":"1967/03/05","DOMICILIO":"CONOCIDO, PEDRO ESCOBEDO, QUERETARO","TRÁMITE Q":"ENAJENACIÓN DE DERECHOS PARCELARIOS. INSCRIPCIÓN.","FECHA DE A":"1999-08-13","TITULAR":"JUAN ADRIAN OLIVA REYES","nombre":"MQ-PES-P137"},"geometry":{"type":"Polygon","coordinates":[[[-100.119745,20.504669],[-100.119886,20.503877],[-100.121297,20.505061],[-100.119745,20.504669]]]}},{"type":"Feature","properties":{"NOM_SEDATU":"MQ-PES-P138","PARCELA":"138 Z-1 P1/1","NÚCLEO AG":"PEDRO ESCOBEDO","TIPO NÚCL":"EJIDO","MUNICIPIO":"PEDRO ESCOBEDO","ESTADO":"QUERÉTARO","SUP":"39819.396","TIPO DE PA":"PARCELAS INDIVIDUALES","CERTIFICAD":"1005969","CALIDAD":"EJIDATARIO (A)","GENERO":"FEMENINO","FECHA DE N":"1961/10/05","DOMICILIO":"CONOCIDO, PEDRO ESCOBEDO, QUERETARO","TRÁMITE Q":"TRANSMISIÓN DE DERECHOS POR SUCESIÓN. INSCRIPCIÓN.","FECHA DE A":"1995-07-07","TITULAR":"MA. EUSEBIA PIÑA GONZALEZ","nombre":"MQ-PES-P138"},"geometry":{"type":"Polygon","coordinates":[[[-100.117279,20.504842],[-100.11765,20.503363],[-100.119886,20.503877],[-100.119745,20.504669],[-100.119638,20.505273],[-100.117279,20.504842]]]}},{"type":"Feature","properties":{"NOM_SEDATU":"MQ-PES-P144","PARCELA":"144 Z-1 P1/1","NÚCLEO AG":"PEDRO ESCOBEDO","TIPO NÚCL":"EJIDO","MUNICIPIO":"PEDRO ESCOBEDO","ESTADO":"QUERÉTARO","SUP":"14479.051","TIPO DE PA":"PARCELAS INDIVIDUALES","CERTIFICAD":"10408","CALIDAD":"EJIDATARIO (A)","GENERO":"MASCULINO","FECHA DE N":"1923/09/18","DOMICILIO":"CONOCIDO, PEDRO ESCOBEDO, QUERETARO","TRÁMITE Q":"ACUERDO DE ASAMBLEA DE LA DELIMITACIÓN, DESTINO Y ASIGNACIÓN DE LAS TIERRAS EJIDALES O COMUNALES. INSCRIPCIÓN.","FECHA DE A":"1995-07-07","TITULAR":"JOSE ALVAREZ PIÑA","nombre":"MQ-PES-P144"},"geometry":{"type":"Polygon","coordinates":[[[-100.11765,20.503363],[-100.11793,20.502306],[-100.119886,20.503877],[-100.11765,20.503363]]]}},{"type":"Feature","properties":{"NOM_SEDATU":"MQ-PES-P32","PARCELA":"32 Z-1 P 1/1","NÚCLEO AG":"PEDRO ESCOBEDO","TIPO NÚCL":"EJIDO","MUNICIPIO":"PEDRO ESCOBEDO","ESTADO":"QUERÉTARO","SUP":"38491.187","TIPO DE PA":"PARCELAS INDIVIDUALES","CERTIFICAD":"1011467","CALIDAD":"EJIDATARIO (A)","GENERO":"MASCULINO","FECHA DE N":"1970/07/21","DOMICILIO":"CUAUHTEMOC PONIENTE 112, COL CENTRO, PEDRO ESCOBEDO","TRÁMITE Q":"TRANSMISIÓN DE DERECHOS POR SUCESIÓN. INSCRIPCIÓN.","FECHA DE A":"2009-05-07","TITULAR":"JUAN ALFREDO BOTELLO URIBE","nombre":"MQ-PES-P32"},"geometry":{"type":"Polygon","coordinates":[[[-100.139451,20.521911],[-100.14047,20.520995],[-100.140726,20.520762],[-100.142123,20.522004],[-100.14082,20.523262],[-100.139451,20.521911]]]}},{"type":"Feature","properties":{"NOM_SEDATU":"MQ-PES-P38","PARCELA":"38 Z-1 P 1/1","NÚCLEO AG":"PEDRO ESCOBEDO","TIPO NÚCL":"EJIDO","MUNICIPIO":"PEDRO ESCOBEDO","ESTADO":"QUERÉTARO","SUP":"36013.803","TIPO DE PA":"PARCELAS INDIVIDUALES","CERTIFICAD":"1018354","CALIDAD":"AVECINDADO (A)","GENERO":"MASCULINO","FECHA DE N":"1977/12/11","DOMICILIO":"CONOCIDO, PEDRO ESCOBEDO, QUERÉTARO.","TRÁMITE Q":"ENAJENACIÓN DE DERECHOS PARCELARIOS. INSCRIPCIÓN.","FECHA DE A":"1999-09-07","TITULAR":"GUADALUPE DAVID PEREZ ARREDONDO","nombre":"MQ-PES-P38"},"geometry":{"type":"Polygon","coordinates":[[[-100.137862,20.520813],[-100.137919,20.520795],[-100.139051,20.519806],[-100.14047,20.520995],[-100.139451,20.521911],[-100.139092,20.522202],[-100.137862,20.520813]]]}},{"type":"Feature","properties":{"NOM_SEDATU":"MQ-PES-P54","PARCELA":"54 Z-1 P 1/1","NÚCLEO AG":"PEDRO ESCOBEDO","TIPO NÚCL":"EJIDO","MUNICIPIO":"PEDRO ESCOBEDO","ESTADO":"QUERÉTARO","SUP":"40990.098","TIPO DE PA":"PARCELAS INDIVIDUALES","CERTIFICAD":"67781","CALIDAD":"POSESIONARIO (A)","GENERO":"MASCULINO","FECHA DE N":"1969/10/12","DOMICILIO":"CONOCIDO, PEDRO ESCOBEDO, QUERETARO","CURP":"HECS691012HHGRHR05","TRÁMITE Q":"ENAJENACIÓN DE DERECHOS PARCELARIOS. INSCRIPCIÓN.","FECHA DE A":"1999-10-29","TITULAR":"SERAFIN HERNANDEZ CHAVEZ","nombre":"MQ-PES-P54"},"geometry":{"type":"Polygon","coordinates":[[[-100.136387,20.519453],[-100.137738,20.51834],[-100.139288,20.519598],[-100.139051,20.519806],[-100.137919,20.520795],[-100.136387,20.519453]]]}},{"type":"Feature","properties":{"NOM_SEDATU":"MQ-PES-P66","PARCELA":"66 Z-1 P 1/1","NÚCLEO AG":"PEDRO ESCOBEDO","TIPO NÚCL":"EJIDO","MUNICIPIO":"PEDRO ESCOBEDO","ESTADO":"QUERÉTARO","SUP":"38663.772","TIPO DE PA":"PARCELAS INDIVIDUALES","CERTIFICAD":"10326","CALIDAD":"EJIDATARIO (A)","GENERO":"MASCULINO","FECHA DE N":"1954/07/03","DOMICILIO":"CONOCIDO, PEDRO ESCOBEDO, QUERETARO","CURP":"SISL540703HQTLRS08","TRÁMITE Q":"ACUERDO DE ASAMBLEA DE LA DELIMITACIÓN, DESTINO Y ASIGNACIÓN DE LAS TIERRAS EJIDALES O COMUNALES. INSCRIPCIÓN.","FECHA DE A":"1995-07-07","TITULAR":"JOSE LUIS SILVA SORIA","nombre":"MQ-PES-P66"},"geometry":{"type":"Polygon","coordinates":[[[-100.13491,20.518029],[-100.135473,20.517561],[-100.136119,20.517018],[-100.137712,20.51832],[-100.136357,20.519434],[-100.13491,20.518029]]]}},{"type":"Feature","properties":{"NOM_SEDATU":"MQ-PES-P70","PARCELA":"70 Z-1 P 1/1","NÚCLEO AG":"PEDRO ESCOBEDO","TIPO NÚCL":"EJIDO","MUNICIPIO":"PEDRO ESCOBEDO","ESTADO":"QUERÉTARO","SUP":"18116.249","TIPO DE PA":"PARCELAS INDIVIDUALES","CERTIFICAD":"1029970","CALIDAD":"EJIDATARIO (A)","GENERO":"MASCULINO","FECHA DE N":"1972/12/10","DOMICILIO":"CONOCIDO, PEDRO ESCOBEDO, QUERETARO.","TRÁMITE Q":"TRANSMISIÓN DE DERECHOS POR SUCESIÓN. INSCRIPCIÓN.","FECHA DE A":"1999-05-14","TITULAR":"MIGUEL ANGEL GARCIA PIÑA","nombre":"MQ-PES-P70"},"geometry":{"type":"Polygon","coordinates":[[[-100.133919,20.516095],[-100.134529,20.515738],[-100.136119,20.517018],[-100.135473,20.517561],[-100.133919,20.516095]]]}},{"type":"Feature","properties":{"NOM_SEDATU":"MQ-ESZ-P15","PARCELA":"15 Z-1 P 1/1","NÚCLEO AG":"EL SAUZ","TIPO NÚCL":"EJIDO","MUNICIPIO":"PEDRO ESCOBEDO","ESTADO":"QUERÉTARO","SUP":"7441.289","TIPO DE PA":"PARCELAS INDIVIDUALES","CERTIFICAD":"61127","CALIDAD":"EJIDATARIO (A)","GENERO":"MASCULINO","FECHA DE N":"1962/05/28","DOMICILIO":"CONOCIDO, EL SAUZ, QUERETARO","CURP":"HUMA620528HQTRRG03","TRÁMITE Q":"ACUERDO DE ASAMBLEA DE LA DELIMITACIÓN, DESTINO Y ASIGNACIÓN DE LAS TIERRAS EJIDALES O COMUNALES. INSCRIPCIÓN.","FECHA DE A":"2000-06-02","TITULAR":"AGUSTIN GERMAN BERNARDO HURTADO MORENO","nombre":"MQ-ESZ-P15"},"geometry":{"type":"Polygon","coordinates":[[[-100.11091,20.497457],[-100.111635,20.497115],[-100.11304,20.498229],[-100.11091,20.497457]]]}},{"type":"Feature","properties":{"NOM_SEDATU":"MQ-ESZ-P16","PARCELA":"16 Z-1 P 1/1","NÚCLEO AG":"EL SAUZ","TIPO NÚCL":"EJIDO","MUNICIPIO":"PEDRO ESCOBEDO","ESTADO":"QUERÉTARO","SUP":"16482.07","TIPO DE PA":"PARCELAS INDIVIDUALES","CERTIFICAD":"61128","CALIDAD":"EJIDATARIO (A)","GENERO":"MASCULINO","FECHA DE N":"1962/05/28","DOMICILIO":"CONOCIDO, EL SAUZ, QUERETARO","CURP":"HUMA620528HQTRRG03","TRÁMITE Q":"ACUERDO DE ASAMBLEA DE LA DELIMITACIÓN, DESTINO Y ASIGNACIÓN DE LAS TIERRAS EJIDALES O COMUNALES. INSCRIPCIÓN.","FECHA DE A":"2000-06-02","TITULAR":"AGUSTIN GERMAN BERNARDO HURTADO MORENO","nombre":"MQ-ESZ-P16"},"geometry":{"type":"Polygon","coordinates":[[[-100.109044,20.495909],[-100.109535,20.495482],[-100.111207,20.496841],[-100.110307,20.497135],[-100.109044,20.495909]]]}},{"type":"Feature","properties":{"NOM_SEDATU":"MQ-ESZ-P17","PARCELA":"17 Z-1 P 1/1","NÚCLEO AG":"EL SAUZ","TIPO NÚCL":"EJIDO","MUNICIPIO":"PEDRO ESCOBEDO","ESTADO":"QUERÉTARO","SUP":"20830.67","TIPO DE PA":"PARCELAS INDIVIDUALES","CERTIFICAD":"93923","CALIDAD":"EJIDATARIO (A)","GENERO":"MASCULINO","FECHA DE N":"1962/05/28","DOMICILIO":"CONOCIDO, EL SAUZ, QUERETARO","CURP":"HUMA620528HQTRRG03","TRÁMITE Q":"ENAJENACIÓN DE DERECHOS PARCELARIOS. INSCRIPCIÓN.","FECHA DE A":"2008-01-08","TITULAR":"AGUSTIN GERMAN BERNARDO HURTADO MORENO","nombre":"MQ-ESZ-P17"},"geometry":{"type":"Polygon","coordinates":[[[-100.107252,20.494662],[-100.107851,20.494126],[-100.109515,20.495454],[-100.108817,20.496059],[-100.107252,20.494662]]]}},{"type":"Feature","properties":{"NOM_SEDATU":"MQ-ESZ-P18","PARCELA":"18 Z-1 P 1/1","NÚCLEO AG":"EL SAUZ","TIPO NÚCL":"EJIDO","MUNICIPIO":"PEDRO ESCOBEDO","ESTADO":"QUERÉTARO","SUP":"19497.327","TIPO DE PA":"PARCELAS INDIVIDUALES","CERTIFICAD":"102403","CALIDAD":"EJIDATARIO (A)","GENERO":"FEMENINO","FECHA DE N":"1967/02/28","DOMICILIO":"CONOCIDO, EL SAUZ, QUERETARO","CURP":"BAVM670228MQTRZR08","TRÁMITE Q":"INSCRIPCION DE SENTENCIAS","FECHA DE A":"2010-10-27","TITULAR":"MARICRUZ BARCENAS VAZQUEZ","nombre":"MQ-ESZ-P18"},"geometry":{"type":"Polygon","coordinates":[[[-100.105683,20.493368],[-100.106245,20.4928],[-100.107831,20.494108],[-100.107156,20.494686],[-100.105683,20.493368]]]}},{"type":"Feature","properties":{"NOM_SEDATU":"MQ-ESZ-P19","PARCELA":"19 Z-1 P 1/1","NÚCLEO AG":"EL SAUZ","TIPO NÚCL":"EJIDO","MUNICIPIO":"PEDRO ESCOBEDO","ESTADO":"QUERÉTARO","SUP":"23613.353","TIPO DE PA":"PARCELAS INDIVIDUALES","CERTIFICAD":"1000131","CALIDAD":"EJIDATARIO (A)","GENERO":"FEMENINO","FECHA DE N":"1944/08/05","DOMICILIO":"CONOCIDO, EL SAUZ, QUERETARO","TRÁMITE Q":"TRANSMISIÓN DE DERECHOS POR SUCESIÓN. INSCRIPCIÓN.","FECHA DE A":"2000-06-02","TITULAR":"MA. DEL CARMEN GARCIA RAMIREZ","nombre":"MQ-ESZ-P19"},"geometry":{"type":"Polygon","coordinates":[[[-100.104403,20.493193],[-100.105455,20.492148],[-100.10623,20.492786],[-100.10437,20.494629],[-100.104403,20.493193]]]}},{"type":"Feature","properties":{"NOM_SEDATU":"MQ-ESZ-P20","PARCELA":"20 Z-1 P 1/1","NÚCLEO AG":"EL SAUZ","TIPO NÚCL":"EJIDO","MUNICIPIO":"PEDRO ESCOBEDO","ESTADO":"QUERÉTARO","SUP":"8745.251","TIPO DE PA":"PARCELAS INDIVIDUALES","CERTIFICAD":"61019","CALIDAD":"EJIDATARIO (A)","GENERO":"MASCULINO","FECHA DE N":"1976/09/20","DOMICILIO":"CONOCIDO, EL SAUZ, QUERETARO","CURP":"GUMF760920HQTRRR02","TRÁMITE Q":"ACUERDO DE ASAMBLEA DE LA DELIMITACIÓN, DESTINO Y ASIGNACIÓN DE LAS TIERRAS EJIDALES O COMUNALES. INSCRIPCIÓN.","FECHA DE A":"2000-06-02","TITULAR":"FERNANDO GUERRERO MORALES","nombre":"MQ-ESZ-P20"},"geometry":{"type":"Polygon","coordinates":[[[-100.105455,20.492148],[-100.104403,20.493193],[-100.104444,20.492124],[-100.104892,20.491708],[-100.105455,20.492148]]]}},{"type":"Feature","properties":{"NOM_SEDATU":"MQ-ESZ-P21","PARCELA":"21 Z-1 P 1/1","NÚCLEO AG":"EL SAUZ","TIPO NÚCL":"EJIDO","MUNICIPIO":"PEDRO ESCOBEDO","ESTADO":"QUERÉTARO","SUP":"8318.68","TIPO DE PA":"PARCELAS INDIVIDUALES","CERTIFICAD":"61021","CALIDAD":"EJIDATARIO (A)","GENERO":"MASCULINO","FECHA DE N":"1976/09/20","DOMICILIO":"CONOCIDO, EL SAUZ, QUERETARO","CURP":"GUMF760920HQTRRR02","TRÁMITE Q":"ACUERDO DE ASAMBLEA DE LA DELIMITACIÓN, DESTINO Y ASIGNACIÓN DE LAS TIERRAS EJIDALES O COMUNALES. INSCRIPCIÓN.","FECHA DE A":"2000-06-02","TITULAR":"FERNANDO GUERRERO MORALES","nombre":"MQ-ESZ-P21"},"geometry":{"type":"Polygon","coordinates":[[[-100.103591,20.491475],[-100.104077,20.491057],[-100.10474,20.491591],[-100.104319,20.492087],[-100.104251,20.492422],[-100.103591,20.491475]]]}},{"type":"Feature","properties":{"NOM_SEDATU":"MQ-ESZ-P22","PARCELA":"22 Z-1 P 1/1","NÚCLEO AG":"EL SAUZ","TIPO NÚCL":"EJIDO","MUNICIPIO":"PEDRO ESCOBEDO","ESTADO":"QUERÉTARO","SUP":"9066.374","TIPO DE PA":"PARCELAS INDIVIDUALES","CERTIFICAD":"1003838","CALIDAD":"EJIDATARIO (A)","GENERO":"MASCULINO","FECHA DE N":"1961/04/19","DOMICILIO":"CONOCIDO, EL SAUZ, QUERETARO","TRÁMITE Q":"TRANSMISIÓN DE DERECHOS POR SUCESIÓN. INSCRIPCIÓN.","FECHA DE A":"2000-06-02","TITULAR":"CRESCENCIO RODRIGUEZ RAMIREZ","nombre":"MQ-ESZ-P22"},"geometry":{"type":"Polygon","coordinates":[[[-100.102302,20.489716],[-100.102257,20.489654],[-100.10228,20.489601],[-100.104077,20.491057],[-100.103591,20.491475],[-100.102302,20.489716]]]}},{"type":"Feature","properties":{"NOM_SEDATU":"MQ-SCL-P107","PARCELA":"107 Z-1 P2/3","NÚCLEO AG":"SAN CLEMENTE","TIPO NÚCL":"EJIDO","MUNICIPIO":"PEDRO ESCOBEDO","ESTADO":"QUERÉTARO","SUP":"2274.48","TIPO DE PA":"PARCELAS INDIVIDUALES","CERTIFICAD":"79427","CALIDAD":"EJIDATARIO (A)","GENERO":"MASCULINO","FECHA DE N":"1971/07/13","DOMICILIO":"CONOCIDO, SAN CLEMENTE, QUERETARO","CURP":"REAJ710713HQTSLL01","TRÁMITE Q":"INSCRIPCION DE SENTENCIAS","FECHA DE A":"2003-06-13","TITULAR":"JOEL RESENDIZ ALVAREZ","nombre":"MQ-SCL-P107"},"geometry":{"type":"Polygon","coordinates":[[[-100.100371,20.487192],[-100.101232,20.488334],[-100.100159,20.487368],[-100.100371,20.487192]]]}},{"type":"Feature","properties":{"NOM_SEDATU":"MQ-SCL-P110","PARCELA":"110 Z-1 P2/3","NÚCLEO AG":"SAN CLEMENTE","TIPO NÚCL":"EJIDO","MUNICIPIO":"PEDRO ESCOBEDO","ESTADO":"QUERÉTARO","SUP":"15424.312","TIPO DE PA":"PARCELAS INDIVIDUALES","CERTIFICAD":"1002413","CALIDAD":"AVECINDADO (A)","GENERO":"FEMENINO","FECHA DE N":"1960/07/29","DOMICILIO":"FRANCISCO VILLA 12, SAN CLEMENTE, PEDRO ESCOBEDO, QUERETARO","TRÁMITE Q":"ENAJENACIÓN DE DERECHOS PARCELARIOS. INSCRIPCIÓN.","FECHA DE A":"2006-02-22","TITULAR":"MARIA ROSA ORDAZ GIL","nombre":"MQ-SCL-P110"},"geometry":{"type":"Polygon","coordinates":[[[-100.09839,20.485917],[-100.099075,20.48527],[-100.099617,20.486069],[-100.100206,20.486938],[-100.099911,20.48721],[-100.09839,20.485917]]]}},{"type":"Feature","properties":{"NOM_SEDATU":"MQ-SCL-P114","PARCELA":"114 Z-1 P2/3","NÚCLEO AG":"SAN CLEMENTE","TIPO NÚCL":"EJIDO","MUNICIPIO":"PEDRO ESCOBEDO","ESTADO":"QUERÉTARO","SUP":"39475.572","TIPO DE PA":"PARCELAS INDIVIDUALES","CERTIFICAD":"52509","CALIDAD":"POSESIONARIO (A)","GENERO":"MASCULINO","FECHA DE N":"1947/07/29","DOMICILIO":"CONOCIDO, SAN CLEMENTE, QUERETARO","CURP":"CAJS470729HQTHMR08","TRÁMITE Q":"ACUERDO DE ASAMBLEA DE LA DELIMITACIÓN, DESTINO Y ASIGNACIÓN DE LAS TIERRAS EJIDALES O COMUNALES. INSCRIPCIÓN.","FECHA DE A":"1999-07-25","TITULAR":"J. SERAFIN CHAVEZ JAIME","nombre":"MQ-SCL-P114"},"geometry":{"type":"Polygon","coordinates":[[[-100.09403,20.48241],[-100.09385,20.481159],[-100.096139,20.481123],[-100.096747,20.481983],[-100.096747,20.481983],[-100.096747,20.481983],[-100.097068,20.482436],[-100.09403,20.48241]]]}},{"type":"Feature","properties":{"NOM_SEDATU":"MQ-MIP-P190","PARCELA":"190 Z-1 P1/2","NÚCLEO AG":"EL MUERTO-IGNACIO PEREZ","TIPO NÚCL":"EJIDO","MUNICIPIO":"PEDRO ESCOBEDO","ESTADO":"QUERÉTARO","SUP":"95313.005","TIPO DE PA":"PARCELAS INDIVIDUALES","CERTIFICAD":"32970","CALIDAD":"POSESIONARIO (A)","GENERO":"MASCULINO","FECHA DE N":"1957/11/18","DOMICILIO":"CONOCIDO, EL MUERTO-IGNACIO PEREZ, QRO.","CURP":"BACG571118HQTLLD01","TRÁMITE Q":"ACUERDO DE ASAMBLEA DE LA DELIMITACIÓN, DESTINO Y ASIGNACIÓN DE LAS TIERRAS EJIDALES O COMUNALES. INSCRIPCIÓN.","FECHA DE A":"1994-11-19","TITULAR":"JOSE GUADALUPE DAVID BALLEZA CUELLAR","nombre":"MQ-MIP-P190"},"geometry":{"type":"Polygon","coordinates":[[[-100.089018,20.478325],[-100.093417,20.478365],[-100.093669,20.482118],[-100.089018,20.478325]]]}},{"type":"Feature","properties":{"NOM_SEDATU":"MQ-MIP-P206","PARCELA":"206 Z-1 P1/2","NÚCLEO AG":"EL MUERTO-IGNACIO PEREZ","TIPO NÚCL":"EJIDO","MUNICIPIO":"PEDRO ESCOBEDO","ESTADO":"QUERÉTARO","SUP":"83809.422","TIPO DE PA":"PARCELAS INDIVIDUALES","CERTIFICAD":"71402","CALIDAD":"EJIDATARIO (A)","GENERO":"MASCULINO","FECHA DE N":"1972/06/11","DOMICILIO":"CONOCIDO, EL MUERTO-IGNACIO PEREZ, QRO.","CURP":"MABF720611HQTRLL02","TRÁMITE Q":"TRANSMISIÓN DE DERECHOS POR SUCESIÓN. INSCRIPCIÓN.","FECHA DE A":"2002-05-17","TITULAR":"FELIPE MARTINEZ BALLEZA","nombre":"MQ-MIP-P206"},"geometry":{"type":"Polygon","coordinates":[[[-100.088436,20.473953],[-100.088441,20.474545],[-100.088396,20.475548],[-100.088352,20.476427],[-100.088318,20.477379],[-100.088302,20.47777],[-100.085477,20.475467],[-100.085493,20.474329],[-100.088436,20.473953]]]}},{"type":"Feature","properties":{"NOM_SEDATU":"MQ-ESZ-P118","PARCELA":"118 Z-1 P1/1","NÚCLEO AG":"EL SAUZ","TIPO NÚCL":"EJIDO","MUNICIPIO":"PEDRO ESCOBEDO","ESTADO":"QUERÉTARO","SUP":"15121.364","TIPO DE PA":"PARCELAS INDIVIDUALES","CERTIFICAD":"1027607","CALIDAD":"EJIDATARIO (A)","GENERO":"MASCULINO","FECHA DE N":"1958/11/12","DOMICILIO":"CONOCIDO, EL SAUZ, QUERETARO","CURP":"VEHJ581112HQTLRS05","TRÁMITE Q":"TRANSMISIÓN DE DERECHOS POR SUCESIÓN. INSCRIPCIÓN.","FECHA DE A":"2017-06-08","TITULAR":"JESUS FIDENCIO VELAZQUEZ HURTADO","nombre":"MQ-ESZ-P118"},"geometry":{"type":"Polygon","coordinates":[[[-100.103989,20.490478],[-100.103903,20.490146],[-100.104446,20.489575],[-100.105462,20.490764],[-100.104972,20.491299],[-100.103989,20.490478]]]}},{"type":"Feature","properties":{"NOM_SEDATU":"MQ-ESZ-P120","PARCELA":"120 Z-1 P1/1","NÚCLEO AG":"EL SAUZ","TIPO NÚCL":"EJIDO","MUNICIPIO":"PEDRO ESCOBEDO","ESTADO":"QUERÉTARO","SUP":"19257.798","TIPO DE PA":"PARCELAS INDIVIDUALES","CERTIFICAD":"1003839","CALIDAD":"EJIDATARIO (A)","GENERO":"MASCULINO","FECHA DE N":"1961/04/19","DOMICILIO":"CONOCIDO, EL SAUZ, QUERETARO","TRÁMITE Q":"TRANSMISIÓN DE DERECHOS POR SUCESIÓN. INSCRIPCIÓN.","FECHA DE A":"2000-06-02","TITULAR":"CRESCENCIO RODRIGUEZ RAMIREZ","nombre":"MQ-ESZ-P120"},"geometry":{"type":"Polygon","coordinates":[[[-100.102106,20.488979],[-100.103198,20.488173],[-100.103299,20.488296],[-100.103903,20.490146],[-100.103989,20.490478],[-100.102106,20.488979]]]}},{"type":"Feature","properties":{"NOM_SEDATU":"MQ-ESZ-P121","PARCELA":"121 Z-1 P1/1","NÚCLEO AG":"EL SAUZ","TIPO NÚCL":"EJIDO","MUNICIPIO":"PEDRO ESCOBEDO","ESTADO":"QUERÉTARO","SUP":"35874.681","TIPO DE PA":"PARCELAS INDIVIDUALES","CERTIFICAD":"60883","CALIDAD":"EJIDATARIO (A)","GENERO":"FEMENINO","FECHA DE N":"1939/04/15","DOMICILIO":"CONOCIDO, EL SAUZ, QUERETARO","CURP":"ROGA390415MQTSRN06","TRÁMITE Q":"ACUERDO DE ASAMBLEA DE LA DELIMITACIÓN, DESTINO Y ASIGNACIÓN DE LAS TIERRAS EJIDALES O COMUNALES. INSCRIPCIÓN.","FECHA DE A":"2000-06-02","TITULAR":"M. ANASTASIA ROSAS GARCIA","nombre":"MQ-ESZ-P121"},"geometry":{"type":"Polygon","coordinates":[[[-100.101232,20.488334],[-100.100371,20.487192],[-100.101999,20.486901],[-100.103198,20.488173],[-100.102106,20.488979],[-100.101232,20.488334]]]}},{"type":"Feature","properties":{"NOM_SEDATU":"MQ-PES-P201","PARCELA":"201","MUNICIPIO":"PEDRO ESCOBEDO","ESTADO":"QUERÉTARO","SUP":"52432.671","nombre":"MQ-PES-P201"},"geometry":{"type":"Polygon","coordinates":[[[-100.089018,20.478325],[-100.088302,20.47777],[-100.088318,20.477379],[-100.093377,20.477443],[-100.093417,20.478365],[-100.089018,20.478325]]]}},{"type":"Feature","properties":{"NOM_SEDATU":"MQ-ALV-P040","PARCELA":"040","NÚCLEO AG":"LOS ÁLVARES","TIPO NÚCL":"EJIDO","MUNICIPIO":"PEDRO ESCOBEDO","ESTADO":"QUERÉTARO","nombre":"MQ-ALV-P040"},"geometry":{"type":"Polygon","coordinates":[[[-100.148823,20.527644],[-100.148481,20.528027],[-100.146344,20.526397],[-100.14689,20.525819],[-100.14757,20.52637],[-100.148823,20.527644]]]}},{"type":"Feature","properties":{"NOM_SEDATU":"MQ-PES-P025","PARCELA":"025","NÚCLEO AG":"PEDRO ESCOBEDO","MUNICIPIO":"PEDRO ESCOBEDO","ESTADO":"QUERÉTARO","nombre":"MQ-PES-P025"},"geometry":{"type":"Polygon","coordinates":[[[-100.144221,20.524683],[-100.142902,20.523541],[-100.143472,20.52299],[-100.144053,20.523462],[-100.144038,20.523663],[-100.144716,20.524214],[-100.144221,20.524683]]]}},{"type":"Feature","properties":{"NOM_SEDATU":"MQ-PES-P031","PARCELA":"031","NÚCLEO AG":"PEDRO ESCOBEDO","MUNICIPIO":"PEDRO ESCOBEDO","ESTADO":"QUERÉTARO","nombre":"MQ-PES-P031"},"geometry":{"type":"Polygon","coordinates":[[[-100.141791,20.522553],[-100.142378,20.522087],[-100.143472,20.522991],[-100.142902,20.523541],[-100.141791,20.522553]]]}},{"type":"Feature","properties":{"NOM_SEDATU":"MQ-AZU-P038","SUP":"10415.303076596581","nombre":"MQ-AZU-P038"},"geometry":{"type":"Polygon","coordinates":[[[-100.198409,20.607777],[-100.200209,20.607347],[-100.200519,20.60774],[-100.198406,20.608234],[-100.198409,20.607777]]]}},{"type":"Feature","properties":{"NOM_SEDATU":"MQ-AZU-P185","SUP":"1780.7385582166025","nombre":"MQ-AZU-P185"},"geometry":{"type":"Polygon","coordinates":[[[-100.197842,20.605674],[-100.197839,20.605219],[-100.198451,20.605215],[-100.198521,20.605338],[-100.197999,20.605415],[-100.198022,20.605672],[-100.197842,20.605674]]]}},{"type":"Feature","properties":{"NOM_SEDATU":"MQ-AZU-P195","SUP":"1780.7384366071783","nombre":"MQ-AZU-P195"},"geometry":{"type":"Polygon","coordinates":[[[-100.197933,20.60513],[-100.197929,20.60468],[-100.198146,20.604679],[-100.198401,20.605127],[-100.197933,20.60513]]]}},{"type":"Feature","properties":{"NOM_SEDATU":"MQ-AZU-P196","SUP":"1780.738978284644","nombre":"MQ-AZU-P196"},"geometry":{"type":"Polygon","coordinates":[[[-100.197587,20.604682],[-100.197929,20.60468],[-100.197933,20.60513],[-100.19759,20.605133],[-100.197587,20.604682]]]}},{"type":"Feature","properties":{"NOM_SEDATU":"MQ-AZU-P205","SUP":"1780.7395343643147","nombre":"MQ-AZU-P205"},"geometry":{"type":"Polygon","coordinates":[[[-100.197627,20.604172],[-100.197858,20.604171],[-100.198105,20.604607],[-100.19763,20.60461],[-100.197627,20.604172]]]}},{"type":"Feature","properties":{"NOM_SEDATU":"MQ-AZU-P206","SUP":"1780.73918988253","nombre":"MQ-AZU-P206"},"geometry":{"type":"Polygon","coordinates":[[[-100.197278,20.604612],[-100.197274,20.604175],[-100.197627,20.604172],[-100.19763,20.60461],[-100.197278,20.604612]]]}},{"type":"Feature","properties":{"NOM_SEDATU":"MQ-AZU-P214","SUP":"66691.21750163846","nombre":"MQ-AZU-P214"},"geometry":{"type":"Polygon","coordinates":[[[-100.194429,20.603442],[-100.195627,20.601608],[-100.195668,20.601586],[-100.196198,20.601657],[-100.195941,20.601437],[-100.196559,20.601453],[-100.196956,20.602331],[-100.197408,20.603377],[-100.196834,20.603619],[-100.196933,20.603811],[-100.197497,20.603537],[-100.197817,20.604099],[-100.194452,20.604122],[-100.194429,20.603442]]]}},{"type":"Feature","properties":{"NOM_SEDATU":"MQ-AZU-P215","SUP":"1439.177251368761","nombre":"MQ-AZU-P215"},"geometry":{"type":"Polygon","coordinates":[[[-100.197408,20.603377],[-100.197497,20.603537],[-100.196933,20.603811],[-100.196834,20.603619],[-100.197408,20.603377]]]}},{"type":"Feature","properties":{"NOM_SEDATU":"MQ-AZU-P040","SUP":"34929.57590833912","nombre":"MQ-AZU-P040"},"geometry":{"type":"Polygon","coordinates":[[[-100.198125,20.606786],[-100.198095,20.606455],[-100.198088,20.606387],[-100.198028,20.605736],[-100.198022,20.605672],[-100.197999,20.605415],[-100.198521,20.605338],[-100.198601,20.605326],[-100.200209,20.607347],[-100.198409,20.607777],[-100.198125,20.606786]]]}},{"type":"Feature","properties":{"NOM_SEDATU":"MQ-AZU-P053","SUP":"12117.507912582718","nombre":"MQ-AZU-P053"},"geometry":{"type":"Polygon","coordinates":[[[-100.195668,20.601586],[-100.195557,20.60073],[-100.195579,20.60047],[-100.196071,20.600021],[-100.196643,20.601455],[-100.196559,20.601453],[-100.195941,20.601437],[-100.196198,20.601657],[-100.195668,20.601586]]]}},{"type":"Feature","properties":{"NOM_SEDATU":"MQ-AZU-P061","SUP":"15489.304310586303","nombre":"MQ-AZU-P061"},"geometry":{"type":"Polygon","coordinates":[[[-100.19269,20.595713],[-100.193024,20.593968],[-100.193111,20.593546],[-100.19364,20.596089],[-100.192607,20.596161],[-100.19269,20.595713]]]}},{"type":"Feature","properties":{"NOM_SEDATU":"MQ-AZU-P064","SUP":"611.1461431849748","nombre":"MQ-AZU-P064"},"geometry":{"type":"Polygon","coordinates":[[[-100.193226,20.592788],[-100.193398,20.593236],[-100.193164,20.593241],[-100.193226,20.592788]]]}},{"type":"Feature","properties":{"PARCELA":"Z1-P479","Posesionar":"RAMIREZ CRUZ NORMA"},"geometry":{"type":"Polygon","coordinates":[[[-99.302895,19.953345],[-99.302444,19.952616],[-99.303223,19.952295],[-99.303539,19.952985],[-99.302895,19.953345]]]}},{"type":"Feature","properties":{"PARCELA":"Z1-P481","Posesionar":"GARCIA BARRANCO LUCIO"},"geometry":{"type":"Polygon","coordinates":[[[-99.302321,19.952163],[-99.302364,19.9517],[-99.303104,19.951525],[-99.303123,19.9518],[-99.303147,19.95198],[-99.303212,19.952244],[-99.302516,19.95252],[-99.302398,19.952456],[-99.302313,19.95236],[-99.302291,19.952171],[-99.302321,19.952163]]]}},{"type":"Feature","properties":{"PARCELA":"Z1-P494","Posesionar":"RAMIREZ LOPEZ MARIA ASUNCION"},"geometry":{"type":"Polygon","coordinates":[[[-99.300078,19.951011],[-99.300137,19.950552],[-99.301093,19.950566],[-99.301236,19.950568],[-99.301181,19.951049],[-99.301154,19.951202],[-99.30114,19.951431],[-99.301157,19.951459],[-99.300078,19.951011]]]}},{"type":"Feature","properties":{"PARCELA":"Z1-P493","Posesionar":"ACEVEDO JIMENEZ JUAN"},"geometry":{"type":"Polygon","coordinates":[[[-99.301243,19.951059],[-99.301278,19.950567],[-99.301809,19.950562],[-99.301817,19.950558],[-99.301713,19.950891],[-99.301697,19.950934],[-99.301611,19.951048],[-99.301243,19.951059]]]}},{"type":"Feature","properties":{"PARCELA":"Z1-P458","Posesionar":"ACEVEDO JIMENEZ PEDRO"},"geometry":{"type":"Polygon","coordinates":[[[-99.302878,19.954172],[-99.303853,19.953567],[-99.304223,19.95417],[-99.303425,19.954693],[-99.302878,19.954172]]]}},{"type":"Feature","properties":{"PARCELA":"Z1-P449","Posesionar":"CALVA MONROY MARIO"},"geometry":{"type":"Polygon","coordinates":[[[-99.303451,19.954708],[-99.304249,19.954195],[-99.304756,19.95387],[-99.304787,19.953848],[-99.304694,19.953693],[-99.304737,19.953672],[-99.305426,19.954669],[-99.305832,19.955387],[-99.305775,19.955397],[-99.3057,19.955407],[-99.305699,19.955346],[-99.305594,19.955347],[-99.305526,19.955357],[-99.304542,19.955555],[-99.303497,19.954788],[-99.303451,19.954708]]]}},{"type":"Feature","properties":{"PARCELA":"Z1-P432","Posesionar":"ANGELES VAZQUEZ ALBERTO"},"geometry":{"type":"Polygon","coordinates":[[[-99.304721,19.957094],[-99.304614,19.956617],[-99.304714,19.956607],[-99.304872,19.956583],[-99.304951,19.956933],[-99.304969,19.957004],[-99.304721,19.957094]]]}},{"type":"Feature","properties":{"PARCELA":"Z1-P421","Posesionar":"QUINTANAL MUCIÃO BENITO"},"geometry":{"type":"Polygon","coordinates":[[[-99.305036,19.957796],[-99.304721,19.957094],[-99.304969,19.957004],[-99.304951,19.956933],[-99.305326,19.956878],[-99.305302,19.957302],[-99.305531,19.957685],[-99.305036,19.957796]]]}},{"type":"Feature","properties":{"PARCELA":"Z1-P471","Posesionar":"RAMIREZ MARTINEZ EDITH BERENICE"},"geometry":{"type":"Polygon","coordinates":[[[-99.301447,19.953056],[-99.301431,19.952904],[-99.301495,19.952797],[-99.301683,19.95273],[-99.301773,19.952699],[-99.301825,19.952948],[-99.302085,19.953245],[-99.302603,19.953454],[-99.302233,19.953722],[-99.301949,19.953454],[-99.301714,19.953349],[-99.301535,19.953261],[-99.301447,19.953056]]]}},{"type":"Feature","properties":{"PARCELA":"Z1-P446","Posesionar":"ANGELES VAZQUEZ ALBERTO"},"geometry":{"type":"Polygon","coordinates":[[[-99.302736,19.955679],[-99.30309,19.955239],[-99.302567,19.954786],[-99.302981,19.954391],[-99.303401,19.954789],[-99.304566,19.955645],[-99.304631,19.955642],[-99.304557,19.95663],[-99.304215,19.956637],[-99.303569,19.955942],[-99.303275,19.95617],[-99.302736,19.955679]]]}},{"type":"Feature","properties":{"PARCELA":"Z1-P422","Posesionar":"QUINTANAL MUCIÃO BENITO"},"geometry":{"type":"Polygon","coordinates":[[[-99.304195,19.957654],[-99.304104,19.957262],[-99.304677,19.957114],[-99.304991,19.957809],[-99.304311,19.957953],[-99.304195,19.957654]]]}},{"type":"Feature","properties":{"PARCELA":"Z1-P411","Posesionar":"SALDIVAR REYES JUAN"},"geometry":{"type":"Polygon","coordinates":[[[-99.304522,19.958696],[-99.304311,19.957953],[-99.304991,19.957809],[-99.305085,19.958136],[-99.305224,19.959148],[-99.30523,19.959177],[-99.304565,19.959316],[-99.304522,19.958696]]]}},{"type":"Feature","properties":{"PARCELA":"Z1-P379","Posesionar":"VALDEZ MARTINEZ LILIANA"},"geometry":{"type":"Polygon","coordinates":[[[-99.305072,19.961095],[-99.304518,19.960252],[-99.305407,19.960067],[-99.305412,19.960094],[-99.305579,19.960266],[-99.305854,19.960804],[-99.305865,19.960827],[-99.305072,19.961095]]]}},{"type":"Feature","properties":{"PARCELA":"Z1-P369","Posesionar":"VALDEZ MARTINEZ JOSE ARTURO"},"geometry":{"type":"Polygon","coordinates":[[[-99.306524,19.961592],[-99.306301,19.9611],[-99.306103,19.96118],[-99.305911,19.960811],[-99.306101,19.960747],[-99.306187,19.960757],[-99.306839,19.960926],[-99.307637,19.961131],[-99.307604,19.961353],[-99.307618,19.961511],[-99.307689,19.961885],[-99.306524,19.961592]]]}},{"type":"Feature","properties":{"PARCELA":"Z1-P364","Posesionar":"VAZQUEZ MARTINEZ AARON"},"geometry":{"type":"Polygon","coordinates":[[[-99.306616,19.962456],[-99.306129,19.961231],[-99.306103,19.96118],[-99.306301,19.9611],[-99.306524,19.961592],[-99.307081,19.962663],[-99.306769,19.962586],[-99.30669,19.962545],[-99.306616,19.962456]]]}},{"type":"Feature","properties":{"PARCELA":"Z1-P365","Posesionar":"VAZQUEZ MARTINEZ AARON"},"geometry":{"type":"Polygon","coordinates":[[[-99.306198,19.962437],[-99.30541,19.961462],[-99.306054,19.9612],[-99.306078,19.961248],[-99.306557,19.962496],[-99.306662,19.962586],[-99.306748,19.96263],[-99.306198,19.962437]]]}},{"type":"Feature","properties":{"PARCELA":"Z1-P370","Posesionar":"VALDEZ MARTINEZ JOSE ARTURO"},"geometry":{"type":"Polygon","coordinates":[[[-99.30541,19.961462],[-99.305072,19.961095],[-99.305865,19.960827],[-99.306054,19.9612],[-99.30541,19.961462]]]}},{"type":"Feature","properties":{"PARCELA":"Z1-P378","Posesionar":"VALDEZ MARTINEZ LILIANA"},"geometry":{"type":"Polygon","coordinates":[[[-99.305624,19.960253],[-99.305453,19.960075],[-99.305449,19.960056],[-99.305823,19.95998],[-99.306101,19.960747],[-99.305911,19.960811],[-99.305896,19.960782],[-99.305624,19.960253]]]}},{"type":"Feature","properties":{"PARCELA":"Z1-P410","Posesionar":"SALDIVAR REYES JUAN"},"geometry":{"type":"Polygon","coordinates":[[[-99.305126,19.95813],[-99.305036,19.957796],[-99.305531,19.957685],[-99.305529,19.957822],[-99.305533,19.957862],[-99.305465,19.958565],[-99.305553,19.959109],[-99.305278,19.959167],[-99.305272,19.959139],[-99.305126,19.95813]]]}},{"type":"Feature","properties":{"PARCELA":"Z1-P403","Posesionar":"VAZQUEZ MARTINEZ RAFAEL"},"geometry":{"type":"Polygon","coordinates":[[[-99.305553,19.959109],[-99.305465,19.958565],[-99.306524,19.95838],[-99.30662,19.959221],[-99.306015,19.959303],[-99.305586,19.959344],[-99.305553,19.959109]]]}},{"type":"Feature","properties":{"PARCELA":"Z1-P482","Posesionar":"RODRIGUEZ REYES RODOLFO"},"geometry":{"type":"Polygon","coordinates":[[[-99.301648,19.951972],[-99.301474,19.951763],[-99.302221,19.951374],[-99.302291,19.951636],[-99.302228,19.952157],[-99.301749,19.952198],[-99.301648,19.951972]]]}},{"type":"Feature","properties":{"PARCELA":"Z1-P490","Posesionar":"RODRIGUEZ REYES J. CRUZ"},"geometry":{"type":"Polygon","coordinates":[[[-99.301221,19.951518],[-99.301243,19.951059],[-99.301611,19.951048],[-99.301697,19.950934],[-99.301713,19.950891],[-99.301817,19.950558],[-99.302313,19.950556],[-99.302343,19.950553],[-99.302126,19.95105],[-99.302221,19.951374],[-99.301474,19.951763],[-99.301221,19.951518]]]}},{"type":"Feature","properties":{"PARCELA":"Z1-P480","Posesionar":"RODRIGUEZ MARIA FERNANDA"},"geometry":{"type":"Polygon","coordinates":[[[-99.301773,19.952699],[-99.301778,19.952231],[-99.30221,19.95218],[-99.302264,19.952378],[-99.302363,19.952489],[-99.302401,19.952642],[-99.302444,19.952616],[-99.302895,19.953345],[-99.30286,19.953359],[-99.302603,19.953454],[-99.302085,19.953245],[-99.301825,19.952948],[-99.301773,19.952699]]]}},{"type":"Feature","properties":{"PARCELA":"Z1-P470","Posesionar":"MUCIÃO GREGORIO"},"geometry":{"type":"Polygon","coordinates":[[[-99.302603,19.953454],[-99.30286,19.953359],[-99.302895,19.953345],[-99.303539,19.952985],[-99.303825,19.953519],[-99.30284,19.954137],[-99.302787,19.954139],[-99.30274,19.954114],[-99.302233,19.953722],[-99.302603,19.953454]]]}},{"type":"Feature","properties":{"PARCELA":"Z1-P433","Posesionar":"ANGELES VAZQUEZ ALBERTO"},"geometry":{"type":"Polygon","coordinates":[[[-99.304104,19.957262],[-99.303623,19.956518],[-99.303275,19.95617],[-99.303569,19.955942],[-99.304215,19.956637],[-99.304557,19.95663],[-99.304677,19.957114],[-99.304104,19.957262]]]}},{"type":"Feature","properties":{"PARCELA":"Z1-P377","Posesionar":"VALDEZ MARTINEZ LILIANA"},"geometry":{"type":"Polygon","coordinates":[[[-99.306101,19.960747],[-99.305823,19.95998],[-99.305811,19.959887],[-99.306233,19.959848],[-99.306239,19.959874],[-99.306944,19.959877],[-99.306839,19.960926],[-99.306187,19.960757],[-99.306101,19.960747]]]}},{"type":"Feature","properties":{"PARCELA":"Z1-P392","Posesionar":"QUINTANAR MUCIÃO FRANCISCO"},"geometry":{"type":"Polygon","coordinates":[[[-99.305449,19.960056],[-99.305278,19.959167],[-99.305553,19.959109],[-99.305586,19.959344],[-99.305811,19.959887],[-99.305823,19.95998],[-99.305449,19.960056]]]}},{"type":"Feature","properties":{"PARCELA":"Z1-P391","Posesionar":"VALDEZ MARTINEZ BARTOLA"},"geometry":{"type":"Polygon","coordinates":[[[-99.305811,19.959887],[-99.305586,19.959344],[-99.306015,19.959303],[-99.30623,19.959819],[-99.306233,19.959848],[-99.305811,19.959887]]]}},{"type":"Feature","properties":{"PARCELA":"134","NÚCLEO AG":"SANTIAGO TLALTEPOXCO","MUNICIPIO":"HUEHUETOCA","ESTADO":"MÉXICO","SUP":"0"},"geometry":{"type":"Polygon","coordinates":[[[-99.264251,19.893348],[-99.264138,19.891443],[-99.263247,19.891351],[-99.263247,19.891351],[-99.263247,19.891351],[-99.264138,19.891443],[-99.264251,19.893348],[-99.264251,19.893348]]]}},{"type":"Feature","properties":{"PARCELA":"134","NÚCLEO AG":"SANTIAGO TLALTEPOXCO","MUNICIPIO":"HUEHUETOCA","ESTADO":"MÉXICO","SUP":"0"},"geometry":{"type":"Polygon","coordinates":[[[-99.263996,19.894035],[-99.263996,19.894035],[-99.263874,19.893768],[-99.263874,19.893768],[-99.263996,19.894035]]]}},{"type":"Feature","properties":{"PARCELA":"134","NÚCLEO AG":"SANTIAGO TLALTEPOXCO","MUNICIPIO":"HUEHUETOCA","ESTADO":"MÉXICO","SUP":"0"},"geometry":{"type":"Polygon","coordinates":[[[-99.263192,19.893642],[-99.263246,19.893448],[-99.263246,19.893448],[-99.263192,19.893642],[-99.263192,19.893642]]]}},{"type":"Feature","properties":{"PARCELA":"153","NÚCLEO AG":"IGNACIO ZARAGOZA","MUNICIPIO":"TULA DE ALLENDE","ESTADO":"HIDALGO","SUP":"0.004"},"geometry":{"type":"Polygon","coordinates":[[[-99.312741,20.020366],[-99.312741,20.020366],[-99.312741,20.020366],[-99.311841,20.020084],[-99.311841,20.020084],[-99.312741,20.020366]]]}},{"type":"Feature","properties":{"PARCELA":"165","NÚCLEO AG":"IGNACIO ZARAGOZA","MUNICIPIO":"TULA DE ALLENDE","ESTADO":"HIDALGO","SUP":"0.004"},"geometry":{"type":"Polygon","coordinates":[[[-99.311722,20.019691],[-99.311798,20.019689],[-99.31247,20.019521],[-99.31247,20.019521],[-99.31247,20.019521],[-99.311798,20.019689],[-99.311722,20.019691],[-99.311722,20.019691]]]}},{"type":"Feature","properties":{"PARCELA":"125","NÚCLEO AG":"IGNACIO ZARAGOZA","MUNICIPIO":"TULA DE ALLENDE","ESTADO":"HIDALGO","SUP":"0.001"},"geometry":{"type":"Polygon","coordinates":[[[-99.313201,20.022075],[-99.3134,20.022527],[-99.3134,20.022527],[-99.313201,20.022075],[-99.313201,20.022075],[-99.313201,20.022075]]]}},{"type":"Feature","properties":{"PARCELA":"126","NÚCLEO AG":"IGNACIO ZARAGOZA","MUNICIPIO":"TULA DE ALLENDE","ESTADO":"HIDALGO","SUP":"0.001"},"geometry":{"type":"Polygon","coordinates":[[[-99.313007,20.021381],[-99.313201,20.022075],[-99.313201,20.022075],[-99.313007,20.021381],[-99.313007,20.021381],[-99.313007,20.021381]]]}},{"type":"Feature","properties":{"SUP":"30455.34"},"geometry":{"type":"Polygon","coordinates":[[[-99.538633,20.195316],[-99.538919,20.194751],[-99.539239,20.194541],[-99.538926,20.193879],[-99.540919,20.194617],[-99.540473,20.195937],[-99.538633,20.195316]]]}},{"type":"Feature","properties":{"PARCELA":"115","NÚCLEO AG":"IGNACIO ZARAGOZA","MUNICIPIO":"TULA DE ALLENDE","ESTADO":"HIDALGO","SUP":"0.008"},"geometry":{"type":"Polygon","coordinates":[[[-99.311415,20.02384],[-99.312178,20.022774],[-99.312999,20.02297],[-99.312999,20.02297],[-99.312178,20.022774],[-99.311415,20.02384],[-99.311382,20.023885],[-99.311382,20.023885],[-99.311415,20.02384]]]}},{"type":"Feature","properties":{"PARCELA":"215","NÚCLEO AG":"IGNACIO ZARAGOZA","MUNICIPIO":"TULA DE ALLENDE","ESTADO":"HIDALGO","SUP":"0.007"},"geometry":{"type":"Polygon","coordinates":[[[-99.309279,20.014568],[-99.309355,20.014553],[-99.309909,20.014399],[-99.31078,20.014737],[-99.31078,20.014737],[-99.31078,20.014737],[-99.309909,20.014399],[-99.309355,20.014553],[-99.309279,20.014568],[-99.309279,20.014568]]]}},{"type":"Feature","properties":{"PARCELA":"101","NÚCLEO AG":"IGNACIO ZARAGOZA","MUNICIPIO":"TULA DE ALLENDE","ESTADO":"HIDALGO","SUP":"0.012"},"geometry":{"type":"Polygon","coordinates":[[[-99.311151,20.025037],[-99.3118,20.024568],[-99.311986,20.024274],[-99.313606,20.024899],[-99.313606,20.024899],[-99.311986,20.024274],[-99.3118,20.024568],[-99.311151,20.025037],[-99.311151,20.025037]]]}},{"type":"Feature","properties":{"PARCELA":"181","NÚCLEO AG":"IGNACIO ZARAGOZA","MUNICIPIO":"TULA DE ALLENDE","ESTADO":"HIDALGO","SUP":"0.005"},"geometry":{"type":"Polygon","coordinates":[[[-99.312056,20.018215],[-99.312451,20.019494],[-99.312451,20.019494],[-99.312056,20.018215],[-99.311377,20.018258],[-99.311377,20.018258],[-99.312056,20.018215]]]}},{"type":"Feature","properties":{"PARCELA":"190","NÚCLEO AG":"IGNACIO ZARAGOZA","MUNICIPIO":"TULA DE ALLENDE","ESTADO":"HIDALGO","SUP":"0.003"},"geometry":{"type":"Polygon","coordinates":[[[-99.31199,20.017928],[-99.312,20.017985],[-99.312,20.017985],[-99.31199,20.017928],[-99.311295,20.017984],[-99.311295,20.017984],[-99.31199,20.017928]]]}},{"type":"Feature","properties":{"PARCELA":"198","NÚCLEO AG":"IGNACIO ZARAGOZA","MUNICIPIO":"TULA DE ALLENDE","ESTADO":"HIDALGO","SUP":"0.008"},"geometry":{"type":"Polygon","coordinates":[[[-99.311344,20.016558],[-99.311668,20.016659],[-99.312119,20.016697],[-99.312371,20.017614],[-99.312371,20.017614],[-99.312119,20.016697],[-99.311668,20.016659],[-99.311344,20.016558],[-99.310754,20.016527],[-99.310754,20.016527],[-99.311344,20.016558]]]}},{"type":"Feature","properties":{"PARCELA":"220","NÚCLEO AG":"IGNACIO ZARAGOZA","MUNICIPIO":"TULA DE ALLENDE","ESTADO":"HIDALGO","SUP":"0.002"},"geometry":{"type":"Polygon","coordinates":[[[-99.310155,20.014276],[-99.310533,20.014017],[-99.310533,20.014017],[-99.310155,20.014276],[-99.310155,20.014276]]]}},{"type":"Feature","properties":{"PARCELA":"143","NÚCLEO AG":"IGNACIO ZARAGOZA","MUNICIPIO":"TULA DE ALLENDE","ESTADO":"HIDALGO","SUP":"0.008"},"geometry":{"type":"Polygon","coordinates":[[[-99.312838,20.020715],[-99.313007,20.021381],[-99.313007,20.021381],[-99.312838,20.020715],[-99.31146,20.021064],[-99.31146,20.021064],[-99.312838,20.020715]]]}},{"type":"Feature","properties":{"PARCELA":"240","NÚCLEO AG":"IGNACIO ZARAGOZA","MUNICIPIO":"TULA DE ALLENDE","ESTADO":"HIDALGO","SUP":"0.012"},"geometry":{"type":"Polygon","coordinates":[[[-99.309905,20.009664],[-99.311007,20.00973],[-99.311636,20.01023],[-99.311697,20.010323],[-99.311768,20.010526],[-99.311768,20.010526],[-99.311697,20.010323],[-99.311636,20.01023],[-99.311007,20.00973],[-99.309905,20.009664],[-99.309366,20.009677],[-99.309366,20.009677],[-99.309905,20.009664]]]}},{"type":"Feature","properties":{"PARCELA":"238","NÚCLEO AG":"IGNACIO ZARAGOZA","MUNICIPIO":"TULA DE ALLENDE","ESTADO":"HIDALGO","SUP":"0.007"},"geometry":{"type":"Polygon","coordinates":[[[-99.308829,20.01053],[-99.309116,20.010536],[-99.3098,20.010589],[-99.3098,20.010589],[-99.3098,20.010589],[-99.309116,20.010536],[-99.308829,20.01053],[-99.308534,20.010526],[-99.308471,20.011494],[-99.308471,20.011494],[-99.308534,20.010526],[-99.308829,20.01053]]]}},{"type":"Feature","properties":{"SUP":"3049.94"},"geometry":{"type":"Polygon","coordinates":[[[-99.531847,20.1904],[-99.532021,20.190346],[-99.532863,20.190357],[-99.532069,20.190863],[-99.531847,20.1904]]]}},{"type":"Feature","properties":{"PARCELA":"114 Z-1 P5/5","NÚCLEO AG":"BATHA Y BARRIOS","TIPO NÚCL":"EJIDO","MUNICIPIO":"NOPALA DE VILLAGRÁN","ESTADO":"HIDALGO","SUP":"37963.936","TIPO DE PA":"PARCELAS INDIVIDUALES","CERTIFICAD":"188377","CALIDAD":"EJIDATARIO (A)","DOMICILIO":"CONOCIDO, BATHA Y BARRIOS, HGO.","TITULAR":"FIDEL CHAVEZ LUGO"},"geometry":{"type":"Polygon","coordinates":[[[-99.772693,20.228477],[-99.773204,20.226665],[-99.77322,20.226622],[-99.773557,20.226718],[-99.774619,20.227172],[-99.774673,20.228252],[-99.774978,20.228397],[-99.775019,20.228476],[-99.773812,20.228876],[-99.772693,20.228477]]]}},{"type":"Feature","properties":{"PARCELA":"115 Z-1 P5/5","NÚCLEO AG":"BATHA Y BARRIOS","TIPO NÚCL":"EJIDO","MUNICIPIO":"NOPALA DE VILLAGRÁN","ESTADO":"HIDALGO","SUP":"34450.243","TIPO DE PA":"PARCELAS INDIVIDUALES","CERTIFICAD":"55485","CALIDAD":"EJIDATARIO (A)","DOMICILIO":"CONOCIDO, BATHA, HGO.","CURP":"GAHC501030HHGRRN06","TITULAR":"CENOBIO EMETERIO GARCIA HERRERA"},"geometry":{"type":"Polygon","coordinates":[[[-99.77126,20.227946],[-99.771164,20.227908],[-99.77162,20.226238],[-99.772202,20.226363],[-99.773204,20.226665],[-99.772693,20.228477],[-99.77126,20.227946]]]}},{"type":"Feature","properties":{"PARCELA":"152","NÚCLEO AG":"IGNACIO ZARAGOZA","MUNICIPIO":"TULA DE ALLENDE","ESTADO":"HIDALGO","SUP":"0.003"},"geometry":{"type":"Polygon","coordinates":[[[-99.313371,20.020557],[-99.313371,20.020557],[-99.312741,20.020366],[-99.312741,20.020366],[-99.313371,20.020557]]]}},{"type":"Feature","properties":{"PARCELA":"164","NÚCLEO AG":"IGNACIO ZARAGOZA","MUNICIPIO":"TULA DE ALLENDE","ESTADO":"HIDALGO","SUP":"0.005"},"geometry":{"type":"Polygon","coordinates":[[[-99.31247,20.019521],[-99.313176,20.019325],[-99.313507,20.020468],[-99.313507,20.020468],[-99.313176,20.019325],[-99.31247,20.019521],[-99.31247,20.019521]]]}},{"type":"Feature","properties":{"PARCELA":"94","NÚCLEO AG":"IGNACIO ZARAGOZA","MUNICIPIO":"TULA DE ALLENDE","ESTADO":"HIDALGO","SUP":"0.004"},"geometry":{"type":"Polygon","coordinates":[[[-99.313606,20.024899],[-99.313685,20.024843],[-99.313685,20.024843],[-99.313606,20.024899],[-99.313606,20.024899],[-99.313606,20.024899]]]}},{"type":"Feature","properties":{"PARCELA":"94","NÚCLEO AG":"IGNACIO ZARAGOZA","MUNICIPIO":"TULA DE ALLENDE","ESTADO":"HIDALGO","SUP":"0.004"},"geometry":{"type":"Polygon","coordinates":[[[-99.314478,20.025135],[-99.314478,20.025135],[-99.313685,20.024843],[-99.313685,20.024843],[-99.314478,20.025135]]]}},{"type":"Feature","properties":{"PARCELA":"124","NÚCLEO AG":"IGNACIO ZARAGOZA","MUNICIPIO":"TULA DE ALLENDE","ESTADO":"HIDALGO","SUP":"0.009"},"geometry":{"type":"Polygon","coordinates":[[[-99.314829,20.021016],[-99.314779,20.021005],[-99.313647,20.022329],[-99.313069,20.022953],[-99.313069,20.022953],[-99.313647,20.022329],[-99.314779,20.021005],[-99.314829,20.021016],[-99.314829,20.021016]]]}},{"type":"Feature","properties":{"PARCELA":"113","NÚCLEO AG":"IGNACIO ZARAGOZA","MUNICIPIO":"TULA DE ALLENDE","ESTADO":"HIDALGO","SUP":"0.01"},"geometry":{"type":"Polygon","coordinates":[[[-99.313891,20.023203],[-99.314792,20.023447],[-99.314792,20.023447],[-99.313891,20.023203],[-99.312806,20.024566],[-99.312806,20.024566],[-99.313891,20.023203]]]}},{"type":"Feature","properties":{"PARCELA":"121 Z-1 P5/5","NÚCLEO AG":"BATHA Y BARRIOS","TIPO NÚCL":"EJIDO","MUNICIPIO":"NOPALA DE VILLAGRÁN","ESTADO":"HIDALGO","SUP":"25233.242","TIPO DE PA":"PARCELA DE DESTINO ESPECIFICO (ESCOLAR)","CERTIFICAD":"55560"},"geometry":{"type":"Polygon","coordinates":[[[-99.776718,20.226476],[-99.776965,20.226065],[-99.77841,20.226541],[-99.77954,20.226942],[-99.777396,20.227668],[-99.776718,20.226476]]]}},{"type":"Feature","properties":{"PARCELA":"122 Z-1 P5/5","NÚCLEO AG":"BATHA Y BARRIOS","TIPO NÚCL":"EJIDO","MUNICIPIO":"NOPALA DE VILLAGRÁN","ESTADO":"HIDALGO","SUP":"37055.922","TIPO DE PA":"PARCELAS INDIVIDUALES","CERTIFICAD":"55393","CALIDAD":"EJIDATARIO (A)","DOMICILIO":"CONOCIDO, BATHA, HGO.","CURP":"SAOA630305HHGNLD08","TITULAR":"ADRIAN SANCHEZ OLVERA"},"geometry":{"type":"Polygon","coordinates":[[[-99.774619,20.227172],[-99.773557,20.226718],[-99.773727,20.225015],[-99.773987,20.225084],[-99.775426,20.225582],[-99.775409,20.22598],[-99.775351,20.227052],[-99.775389,20.227404],[-99.774619,20.227172]]]}},{"type":"Feature","properties":{"PARCELA":"206","NÚCLEO AG":"IGNACIO ZARAGOZA","MUNICIPIO":"TULA DE ALLENDE","ESTADO":"HIDALGO","SUP":"0.007"},"geometry":{"type":"Polygon","coordinates":[[[-99.31078,20.014737],[-99.311841,20.015457],[-99.312003,20.015993],[-99.312115,20.01662],[-99.312115,20.01662],[-99.312003,20.015993],[-99.311841,20.015457],[-99.31078,20.014737],[-99.31078,20.014737]]]}},{"type":"Feature","properties":{"PARCELA":"219","NÚCLEO AG":"IGNACIO ZARAGOZA","MUNICIPIO":"TULA DE ALLENDE","ESTADO":"HIDALGO","SUP":"0.009"},"geometry":{"type":"Polygon","coordinates":[[[-99.310401,20.013493],[-99.311214,20.013463],[-99.311377,20.013737],[-99.311771,20.013776],[-99.312054,20.014007],[-99.312146,20.014234],[-99.312146,20.014234],[-99.312054,20.014007],[-99.311771,20.013776],[-99.311377,20.013737],[-99.311214,20.013463],[-99.310401,20.013493],[-99.310401,20.013493]]]}},{"type":"Feature","properties":{"PARCELA":"237","NÚCLEO AG":"IGNACIO ZARAGOZA","MUNICIPIO":"TULA DE ALLENDE","ESTADO":"HIDALGO","SUP":"0.004"},"geometry":{"type":"Polygon","coordinates":[[[-99.3098,20.010589],[-99.310701,20.010695],[-99.310701,20.010695],[-99.3098,20.010589],[-99.3098,20.010589]]]}},{"type":"Feature","properties":{"PARCELA":"245","NÚCLEO AG":"IGNACIO ZARAGOZA","MUNICIPIO":"TULA DE ALLENDE","ESTADO":"HIDALGO","SUP":"0.01"},"geometry":{"type":"Polygon","coordinates":[[[-99.309708,20.008405],[-99.309788,20.008401],[-99.309708,20.008405],[-99.309708,20.008405],[-99.309708,20.008405]]]}},{"type":"Feature","properties":{"PARCELA":"245","NÚCLEO AG":"IGNACIO ZARAGOZA","MUNICIPIO":"TULA DE ALLENDE","ESTADO":"HIDALGO","SUP":"0.01"},"geometry":{"type":"Polygon","coordinates":[[[-99.310833,20.008595],[-99.310574,20.009548],[-99.310833,20.008595],[-99.310833,20.008595]]]}},{"type":"Feature","properties":{"SUP":"46179.395"},"geometry":{"type":"Polygon","coordinates":[[[-99.782042,20.228842],[-99.782115,20.228558],[-99.78212,20.228274],[-99.782312,20.227855],[-99.78332,20.228193],[-99.783382,20.228339],[-99.783408,20.228798],[-99.78344,20.228872],[-99.783203,20.229011],[-99.783219,20.229193],[-99.783362,20.22935],[-99.783589,20.229402],[-99.783833,20.229324],[-99.783962,20.2292],[-99.784265,20.229382],[-99.784465,20.229524],[-99.784848,20.229826],[-99.78429,20.230452],[-99.783947,20.230475],[-99.783795,20.230474],[-99.783666,20.23046],[-99.783513,20.230414],[-99.783459,20.230363],[-99.783375,20.230248],[-99.783191,20.229876],[-99.781461,20.229475],[-99.781346,20.229247],[-99.781362,20.228932],[-99.781504,20.228882],[-99.782026,20.228864],[-99.782042,20.228842]]]}},{"type":"Feature","properties":{"SUP":"17000.706"},"geometry":{"type":"Polygon","coordinates":[[[-99.78431,20.229376],[-99.786419,20.229423],[-99.786367,20.229734],[-99.786408,20.22984],[-99.786517,20.230417],[-99.786478,20.230483],[-99.78584,20.230478],[-99.785734,20.230411],[-99.784872,20.229802],[-99.784489,20.229505],[-99.78431,20.229376]]]}},{"type":"Feature","properties":{"PARCELA":"275","NÚCLEO AG":"PROGRESO","MUNICIPIO":"ATOTONILCO DE TULA","ESTADO":"HIDALGO","SUP":"2716.464"},"geometry":{"type":"Polygon","coordinates":[[[-99.306965,19.969944],[-99.306527,19.970181],[-99.305866,19.970171],[-99.305656,19.970101],[-99.306958,19.969809],[-99.306994,19.969929],[-99.306965,19.969944]]]}},{"type":"Feature","properties":{"PARCELA":"274","NÚCLEO AG":"PROGRESO","MUNICIPIO":"ATOTONILCO DE TULA","ESTADO":"HIDALGO","SUP":"1731.26"},"geometry":{"type":"Polygon","coordinates":[[[-99.306143,19.970389],[-99.306042,19.970387],[-99.305644,19.970365],[-99.305637,19.970289],[-99.305662,19.970279],[-99.305656,19.970101],[-99.305866,19.970171],[-99.306527,19.970181],[-99.306143,19.970389]]]}},{"type":"Feature","properties":{"PARCELA":"273","NÚCLEO AG":"PROGRESO","MUNICIPIO":"ATOTONILCO DE TULA","ESTADO":"HIDALGO","SUP":"922.069"},"geometry":{"type":"Polygon","coordinates":[[[-99.306143,19.970389],[-99.305971,19.970485],[-99.305941,19.970579],[-99.305576,19.970565],[-99.305644,19.970365],[-99.306042,19.970387],[-99.306143,19.970389]]]}},{"type":"Feature","properties":{"PARCELA":"272","NÚCLEO AG":"PROGRESO","MUNICIPIO":"ATOTONILCO DE TULA","ESTADO":"HIDALGO","SUP":"743.45"},"geometry":{"type":"Polygon","coordinates":[[[-99.305885,19.970751],[-99.305517,19.970739],[-99.305576,19.970565],[-99.305941,19.970579],[-99.305885,19.970751]]]}},{"type":"Feature","properties":{"PARCELA":"270","NÚCLEO AG":"PROGRESO","MUNICIPIO":"ATOTONILCO DE TULA","ESTADO":"HIDALGO","SUP":"862.791"},"geometry":{"type":"Polygon","coordinates":[[[-99.30582,19.970952],[-99.305454,19.970939],[-99.305517,19.970739],[-99.305885,19.970751],[-99.30582,19.970952]]]}},{"type":"Feature","properties":{"PARCELA":"269","NÚCLEO AG":"PROGRESO","MUNICIPIO":"ATOTONILCO DE TULA","ESTADO":"HIDALGO","SUP":"825.266"},"geometry":{"type":"Polygon","coordinates":[[[-99.305758,19.971143],[-99.305391,19.971132],[-99.305454,19.970939],[-99.30582,19.970952],[-99.305758,19.971143]]]}},{"type":"Feature","properties":{"PARCELA":"266","NÚCLEO AG":"PROGRESO","MUNICIPIO":"ATOTONILCO DE TULA","ESTADO":"HIDALGO","SUP":"812.991"},"geometry":{"type":"Polygon","coordinates":[[[-99.305697,19.971332],[-99.305327,19.97132],[-99.305391,19.971132],[-99.305758,19.971143],[-99.305697,19.971332]]]}},{"type":"Feature","properties":{"PARCELA":"251","NÚCLEO AG":"PROGRESO","MUNICIPIO":"ATOTONILCO DE TULA","ESTADO":"HIDALGO","SUP":"6517.827"},"geometry":{"type":"Polygon","coordinates":[[[-99.305604,19.973641],[-99.305581,19.973332],[-99.305554,19.973169],[-99.305451,19.972816],[-99.305342,19.972815],[-99.305158,19.972026],[-99.305206,19.971709],[-99.305521,19.971707],[-99.305806,19.973599],[-99.305604,19.973641]],[[-99.305712,19.973034],[-99.305592,19.973044],[-99.305602,19.973158],[-99.305722,19.973147],[-99.305712,19.973034]]]}},{"type":"Feature","properties":{"PARCELA":"210","NÚCLEO AG":"PROGRESO","MUNICIPIO":"ATOTONILCO DE TULA","ESTADO":"HIDALGO","SUP":"728.079"},"geometry":{"type":"Polygon","coordinates":[[[-99.305662,19.97144],[-99.305662,19.971497],[-99.305272,19.971488],[-99.305327,19.97132],[-99.305697,19.971332],[-99.305662,19.97144]]]}},{"type":"Feature","properties":{"PARCELA":"243","NÚCLEO AG":"PROGRESO","MUNICIPIO":"ATOTONILCO DE TULA","ESTADO":"HIDALGO","SUP":"1974.997"},"geometry":{"type":"Polygon","coordinates":[[[-99.30581,19.973624],[-99.305602,19.973669],[-99.305473,19.973707],[-99.305387,19.973707],[-99.305342,19.972815],[-99.305451,19.972816],[-99.305554,19.973169],[-99.305581,19.973332],[-99.305604,19.973641],[-99.305806,19.973599],[-99.30581,19.973624]]]}},{"type":"Feature","properties":{"PARCELA":"206","NÚCLEO AG":"PROGRESO","MUNICIPIO":"ATOTONILCO DE TULA","ESTADO":"HIDALGO","SUP":"6363.811"},"geometry":{"type":"Polygon","coordinates":[[[-99.305986,19.976104],[-99.305986,19.976104],[-99.305941,19.976111],[-99.305932,19.976113],[-99.305932,19.976113],[-99.305932,19.976113],[-99.305033,19.976437],[-99.30499,19.976403],[-99.304959,19.976379],[-99.304197,19.976174],[-99.30414,19.975997],[-99.30422,19.975878],[-99.304392,19.975717],[-99.304535,19.975913],[-99.304672,19.976065],[-99.304896,19.976166],[-99.305846,19.975829],[-99.305999,19.976101],[-99.305986,19.976104],[-99.305986,19.976104]]]}},{"type":"Feature","properties":{"PARCELA":"227","NÚCLEO AG":"PROGRESO","MUNICIPIO":"ATOTONILCO DE TULA","ESTADO":"HIDALGO","SUP":"5548.619"},"geometry":{"type":"Polygon","coordinates":[[[-99.305416,19.974957],[-99.304187,19.975293],[-99.304271,19.975161],[-99.304278,19.975145],[-99.304446,19.97472],[-99.305292,19.974561],[-99.305416,19.974957]]]}},{"type":"Feature","properties":{"PARCELA":"225","NÚCLEO AG":"PROGRESO","MUNICIPIO":"ATOTONILCO DE TULA","ESTADO":"HIDALGO","SUP":"5414.991"},"geometry":{"type":"Polygon","coordinates":[[[-99.305538,19.975347],[-99.304281,19.975594],[-99.304191,19.975455],[-99.304187,19.975293],[-99.305416,19.974957],[-99.305538,19.975347]]]}},{"type":"Feature","properties":{"PARCELA":"222","NÚCLEO AG":"PROGRESO","MUNICIPIO":"ATOTONILCO DE TULA","ESTADO":"HIDALGO","SUP":"4597.318"},"geometry":{"type":"Polygon","coordinates":[[[-99.305674,19.975603],[-99.304535,19.975913],[-99.304392,19.975717],[-99.304281,19.975594],[-99.305538,19.975347],[-99.305674,19.975603]]]}},{"type":"Feature","properties":{"PARCELA":"212","NÚCLEO AG":"PROGRESO","MUNICIPIO":"ATOTONILCO DE TULA","ESTADO":"HIDALGO","SUP":"4041.009"},"geometry":{"type":"Polygon","coordinates":[[[-99.306186,19.976056],[-99.305532,19.974558],[-99.305206,19.973768],[-99.30538,19.973768],[-99.305673,19.9745],[-99.306298,19.976028],[-99.306186,19.976056]]]}},{"type":"Feature","properties":{"PARCELA":"211","NÚCLEO AG":"PROGRESO","MUNICIPIO":"ATOTONILCO DE TULA","ESTADO":"HIDALGO","SUP":"3926.566"},"geometry":{"type":"Polygon","coordinates":[[[-99.306092,19.976079],[-99.305386,19.974599],[-99.305032,19.97378],[-99.305206,19.973768],[-99.305532,19.974558],[-99.306186,19.976056],[-99.306092,19.976079]]]}},{"type":"Feature","properties":{"PARCELA":"219","NÚCLEO AG":"PROGRESO","MUNICIPIO":"ATOTONILCO DE TULA","ESTADO":"HIDALGO","SUP":"4016.689"},"geometry":{"type":"Polygon","coordinates":[[[-99.305846,19.975829],[-99.304896,19.976166],[-99.304672,19.976065],[-99.304535,19.975913],[-99.305674,19.975603],[-99.305846,19.975829]]]}},{"type":"Feature","properties":{"PARCELA":"261","NÚCLEO AG":"PROGRESO","MUNICIPIO":"ATOTONILCO DE TULA","ESTADO":"HIDALGO","SUP":"1055.091"},"geometry":{"type":"Polygon","coordinates":[[[-99.30566,19.97171],[-99.305521,19.971707],[-99.305206,19.971709],[-99.305272,19.971488],[-99.305662,19.971497],[-99.30566,19.97171]]]}},{"type":"Feature","properties":{"PARCELA":"215","NÚCLEO AG":"PROGRESO","MUNICIPIO":"ATOTONILCO DE TULA","ESTADO":"HIDALGO","SUP":"2354.544"},"geometry":{"type":"Polygon","coordinates":[[[-99.306467,19.975986],[-99.306401,19.976003],[-99.305488,19.973764],[-99.30557,19.973739],[-99.305878,19.974494],[-99.305885,19.974585],[-99.305937,19.974639],[-99.306483,19.975981],[-99.306467,19.975986]]]}},{"type":"Feature","properties":{"PARCELA":"235","NÚCLEO AG":"PROGRESO","MUNICIPIO":"ATOTONILCO DE TULA","ESTADO":"HIDALGO","SUP":"652.463"},"geometry":{"type":"Polygon","coordinates":[[[-99.305878,19.974494],[-99.30557,19.973739],[-99.305653,19.973721],[-99.305856,19.97422],[-99.305878,19.974494]]]}},{"type":"Feature","properties":{"PARCELA":"214","NÚCLEO AG":"PROGRESO","MUNICIPIO":"ATOTONILCO DE TULA","ESTADO":"HIDALGO","SUP":"1457.274"},"geometry":{"type":"Polygon","coordinates":[[[-99.306349,19.976016],[-99.305433,19.973765],[-99.305488,19.973764],[-99.306401,19.976003],[-99.306349,19.976016]]]}},{"type":"Feature","properties":{"PARCELA":"213","NÚCLEO AG":"PROGRESO","MUNICIPIO":"ATOTONILCO DE TULA","ESTADO":"HIDALGO","SUP":"1495.145"},"geometry":{"type":"Polygon","coordinates":[[[-99.306298,19.976028],[-99.305673,19.9745],[-99.30538,19.973768],[-99.305433,19.973765],[-99.306349,19.976016],[-99.306298,19.976028]]]}},{"type":"Feature","properties":{"PARCELA":"132","NÚCLEO AG":"SANTIAGO TLALTEPOXCO","MUNICIPIO":"HUEHUETOCA","ESTADO":"MÉXICO","SUP":"0"},"geometry":{"type":"Polygon","coordinates":[[[-99.265699,19.894123],[-99.265521,19.893781],[-99.265262,19.893477],[-99.265137,19.89348],[-99.264552,19.893517],[-99.264234,19.893444],[-99.264041,19.893624],[-99.26399,19.893811],[-99.26399,19.893811],[-99.264041,19.893624],[-99.264234,19.893444],[-99.264552,19.893517],[-99.265137,19.89348],[-99.265262,19.893477],[-99.265521,19.893781],[-99.265699,19.894123],[-99.265699,19.894123]]]}},{"type":"Feature","properties":{"PARCELA":"132","NÚCLEO AG":"SANTIAGO TLALTEPOXCO","MUNICIPIO":"HUEHUETOCA","ESTADO":"MÉXICO","SUP":"0"},"geometry":{"type":"Polygon","coordinates":[[[-99.26422,19.894079],[-99.26422,19.894079],[-99.26422,19.894079],[-99.26422,19.894079]]]}},{"type":"Feature","properties":{"PARCELA":"125","NÚCLEO AG":"SANTIAGO TLALTEPOXCO","MUNICIPIO":"HUEHUETOCA","ESTADO":"MÉXICO","SUP":"0"},"geometry":{"type":"Polygon","coordinates":[[[-99.263713,19.894145],[-99.26422,19.894079],[-99.26422,19.894079],[-99.26422,19.894079],[-99.263713,19.894145],[-99.263713,19.894145]]]}},{"type":"Feature","properties":{"PARCELA":"171","NÚCLEO AG":"SANTIAGO TLALTEPOXCO","MUNICIPIO":"HUEHUETOCA","ESTADO":"MÉXICO","SUP":"0"},"geometry":{"type":"Polygon","coordinates":[[[-99.261345,19.890915],[-99.262101,19.890359],[-99.262287,19.890362],[-99.262287,19.890362],[-99.262101,19.890359],[-99.261345,19.890915],[-99.261345,19.890915],[-99.261345,19.890915]]]}},{"type":"Feature","properties":{"PARCELA":"149","NÚCLEO AG":"SANTIAGO TLALTEPOXCO","MUNICIPIO":"HUEHUETOCA","ESTADO":"MÉXICO","SUP":"0"},"geometry":{"type":"Polygon","coordinates":[[[-99.263247,19.891351],[-99.263247,19.891351],[-99.263197,19.891338],[-99.263197,19.891338],[-99.263247,19.891351]]]}},{"type":"Feature","properties":{"PARCELA":"150","NÚCLEO AG":"SANTIAGO TLALTEPOXCO","MUNICIPIO":"HUEHUETOCA","ESTADO":"MÉXICO","SUP":"0"},"geometry":{"type":"Polygon","coordinates":[[[-99.260999,19.892376],[-99.261038,19.892358],[-99.261038,19.892358],[-99.260999,19.892376],[-99.260999,19.892376]]]}},{"type":"Feature","properties":{"PARCELA":"151","NÚCLEO AG":"SANTIAGO TLALTEPOXCO","MUNICIPIO":"HUEHUETOCA","ESTADO":"MÉXICO","SUP":"0"},"geometry":{"type":"Polygon","coordinates":[[[-99.260751,19.891352],[-99.261345,19.890915],[-99.261345,19.890915],[-99.260751,19.891352],[-99.260751,19.891352]]]}},{"type":"Feature","properties":{"PARCELA":"134","NÚCLEO AG":"SANTIAGO TLALTEPOXCO","MUNICIPIO":"HUEHUETOCA","ESTADO":"MÉXICO","SUP":"0"},"geometry":{"type":"Polygon","coordinates":[[[-99.264251,19.893348],[-99.264138,19.891443],[-99.263247,19.891351],[-99.263247,19.891351],[-99.263247,19.891351],[-99.264138,19.891443],[-99.264251,19.893348],[-99.264251,19.893348]]]}},{"type":"Feature","properties":{"PARCELA":"134","NÚCLEO AG":"SANTIAGO TLALTEPOXCO","MUNICIPIO":"HUEHUETOCA","ESTADO":"MÉXICO","SUP":"0"},"geometry":{"type":"Polygon","coordinates":[[[-99.263996,19.894035],[-99.263996,19.894035],[-99.263874,19.893768],[-99.263874,19.893768],[-99.263996,19.894035]]]}},{"type":"Feature","properties":{"PARCELA":"134","NÚCLEO AG":"SANTIAGO TLALTEPOXCO","MUNICIPIO":"HUEHUETOCA","ESTADO":"MÉXICO","SUP":"0"},"geometry":{"type":"Polygon","coordinates":[[[-99.263192,19.893642],[-99.263246,19.893448],[-99.263246,19.893448],[-99.263192,19.893642],[-99.263192,19.893642]]]}},{"type":"Feature","properties":{"PARCELA":"135","NÚCLEO AG":"SANTIAGO TLALTEPOXCO","MUNICIPIO":"HUEHUETOCA","ESTADO":"MÉXICO","SUP":"0"},"geometry":{"type":"Polygon","coordinates":[[[-99.262316,19.894412],[-99.262415,19.894609],[-99.262415,19.894609],[-99.262316,19.894412],[-99.262092,19.894198],[-99.262092,19.894198],[-99.262316,19.894412]]]}},{"type":"Feature","properties":{"PARCELA":"135","NÚCLEO AG":"SANTIAGO TLALTEPOXCO","MUNICIPIO":"HUEHUETOCA","ESTADO":"MÉXICO","SUP":"0"},"geometry":{"type":"Polygon","coordinates":[[[-99.260266,19.893004],[-99.260596,19.892805],[-99.260733,19.892653],[-99.260999,19.892376],[-99.260999,19.892376],[-99.260999,19.892376],[-99.260733,19.892653],[-99.260596,19.892805],[-99.260266,19.893004],[-99.260266,19.893004]]]}},{"type":"Feature","properties":{"PARCELA":"172","NÚCLEO AG":"SANTIAGO TLALTEPOXCO","MUNICIPIO":"HUEHUETOCA","ESTADO":"MÉXICO","SUP":"0"},"geometry":{"type":"Polygon","coordinates":[[[-99.259526,19.890338],[-99.259659,19.890252],[-99.260258,19.890696],[-99.260258,19.890696],[-99.259659,19.890252],[-99.259526,19.890338],[-99.259526,19.890338]]]}},{"type":"Feature","properties":{"PARCELA":"201","NÚCLEO AG":"SANTIAGO TLALTEPOXCO","MUNICIPIO":"HUEHUETOCA","ESTADO":"MÉXICO","SUP":"0"},"geometry":{"type":"Polygon","coordinates":[[[-99.249511,19.889494],[-99.249503,19.88935],[-99.250982,19.888742],[-99.250982,19.888742],[-99.249503,19.88935],[-99.249511,19.889494],[-99.249511,19.889494]]]}},{"type":"Feature","properties":{"PARCELA":"27 Z-1 P2/10","NÚCLEO AG":"LA PALMA","TIPO NÚCL":"EJIDO","MUNICIPIO":"NOPALA DE VILLAGRÁN","ESTADO":"HIDALGO","SUP":"720.659","TIPO DE PA":"PARCELA A FAVOR DEL NUCLEO"},"geometry":{"type":"Polygon","coordinates":[[[-99.675709,20.21819],[-99.67572,20.218454],[-99.675238,20.218225],[-99.675709,20.21819]]]}},{"type":"Feature","properties":{"PARCELA":"28 Z-1 P2/10","NÚCLEO AG":"LA PALMA","TIPO NÚCL":"EJIDO","MUNICIPIO":"NOPALA DE VILLAGRÁN","ESTADO":"HIDALGO","SUP":"32157.632","TIPO DE PA":"PARCELAS INDIVIDUALES","CERTIFICAD":"155028","CALIDAD":"EJIDATARIO (A)","DOMICILIO":"LA PALMA, NOPALA DE VILLAGRAN, HGO.","CURP":"CARR500910HHGLMM07","TITULAR":"RAMON NICOLAS CALLEJAS RAMIREZ"},"geometry":{"type":"Polygon","coordinates":[[[-99.668671,20.21757],[-99.672014,20.217185],[-99.672153,20.217951],[-99.670661,20.218084],[-99.66952,20.218448],[-99.668835,20.218449],[-99.668671,20.21757]]]}},{"type":"Feature","properties":{"PARCELA":"193","NÚCLEO AG":"SANTIAGO TLALTEPOXCO","MUNICIPIO":"HUEHUETOCA","ESTADO":"MÉXICO","SUP":"0"},"geometry":{"type":"Polygon","coordinates":[[[-99.254681,19.888768],[-99.255765,19.889617],[-99.255765,19.889617],[-99.254681,19.888768],[-99.254681,19.888768],[-99.254681,19.888768]]]}},{"type":"Feature","properties":{"PARCELA":"195","NÚCLEO AG":"SANTIAGO TLALTEPOXCO","MUNICIPIO":"HUEHUETOCA","ESTADO":"MÉXICO","SUP":"0"},"geometry":{"type":"Polygon","coordinates":[[[-99.253169,19.88978],[-99.253781,19.888403],[-99.254681,19.888768],[-99.254681,19.888768],[-99.253781,19.888403],[-99.253169,19.88978],[-99.253169,19.88978]]]}},{"type":"Feature","properties":{"PARCELA":"188","NÚCLEO AG":"SANTIAGO TLALTEPOXCO","MUNICIPIO":"HUEHUETOCA","ESTADO":"MÉXICO","SUP":"0"},"geometry":{"type":"Polygon","coordinates":[[[-99.26082,19.887626],[-99.261037,19.887776],[-99.261037,19.887776],[-99.26082,19.887626],[-99.26082,19.887626],[-99.26082,19.887626]]]}},{"type":"Feature","properties":{"PARCELA":"188","NÚCLEO AG":"SANTIAGO TLALTEPOXCO","MUNICIPIO":"HUEHUETOCA","ESTADO":"MÉXICO","SUP":"0"},"geometry":{"type":"Polygon","coordinates":[[[-99.261295,19.888049],[-99.261295,19.888049],[-99.260988,19.887885],[-99.260988,19.887885],[-99.261295,19.888049]]]}},{"type":"Feature","properties":{"PARCELA":"170","NÚCLEO AG":"SANTIAGO TLALTEPOXCO","MUNICIPIO":"HUEHUETOCA","ESTADO":"MÉXICO","SUP":"0"},"geometry":{"type":"Polygon","coordinates":[[[-99.262287,19.890362],[-99.263181,19.890398],[-99.263181,19.890398],[-99.262287,19.890362],[-99.262287,19.890362],[-99.262287,19.890362]]]}},{"type":"Feature","properties":{"PARCELA":"124","NÚCLEO AG":"SANTIAGO TLALTEPOXCO","MUNICIPIO":"HUEHUETOCA","ESTADO":"MÉXICO","SUP":"0"},"geometry":{"type":"Polygon","coordinates":[[[-99.265738,19.89423],[-99.265699,19.894123],[-99.265699,19.894123],[-99.265699,19.894123],[-99.265738,19.89423],[-99.265738,19.89423]]]}},{"type":"Feature","properties":{"PARCELA":"133","NÚCLEO AG":"SANTIAGO TLALTEPOXCO","MUNICIPIO":"HUEHUETOCA","ESTADO":"MÉXICO","SUP":"0"},"geometry":{"type":"Polygon","coordinates":[[[-99.264253,19.893201],[-99.264249,19.892278],[-99.265163,19.892189],[-99.265859,19.892225],[-99.266004,19.892658],[-99.266594,19.892722],[-99.266594,19.892722],[-99.266004,19.892658],[-99.265859,19.892225],[-99.265163,19.892189],[-99.264249,19.892278],[-99.264253,19.893201],[-99.264253,19.893201]]]}},{"type":"Feature","properties":{"PARCELA":"676","NÚCLEO AG":"SANTIAGO TLALTEPOXCO","MUNICIPIO":"HUEHUETOCA","ESTADO":"MÉXICO","SUP":"0"},"geometry":{"type":"Polygon","coordinates":[[[-99.261753,19.890355],[-99.261753,19.890355],[-99.26133,19.89035],[-99.26133,19.89035],[-99.261753,19.890355]]]}},{"type":"Feature","properties":{"PARCELA":"200","NÚCLEO AG":"SANTIAGO TLALTEPOXCO","MUNICIPIO":"HUEHUETOCA","ESTADO":"MÉXICO","SUP":"0"},"geometry":{"type":"Polygon","coordinates":[[[-99.250286,19.889457],[-99.251272,19.888688],[-99.251272,19.888688],[-99.250286,19.889457],[-99.250286,19.889457]]]}},{"type":"Feature","properties":{"PARCELA":"189","NÚCLEO AG":"SANTIAGO TLALTEPOXCO","MUNICIPIO":"HUEHUETOCA","ESTADO":"MÉXICO","SUP":"0"},"geometry":{"type":"Polygon","coordinates":[[[-99.26082,19.887626],[-99.260132,19.887168],[-99.259599,19.888092],[-99.259412,19.888101],[-99.259302,19.888724],[-99.259302,19.888724],[-99.259412,19.888101],[-99.259599,19.888092],[-99.260132,19.887168],[-99.26082,19.887626],[-99.26082,19.887626]]]}},{"type":"Feature","properties":{"SUP":"20104.032"},"geometry":{"type":"Polygon","coordinates":[[[-99.294479,19.937185],[-99.294748,19.93697],[-99.295024,19.936664],[-99.295376,19.9362],[-99.296506,19.936884],[-99.2963,19.937297],[-99.296337,19.937328],[-99.296086,19.937595],[-99.295764,19.937324],[-99.295153,19.937864],[-99.294479,19.937185]]]}},{"type":"Feature","properties":{"SUP":"62373.576"},"geometry":{"type":"Polygon","coordinates":[[[-99.292456,19.934895],[-99.292739,19.934607],[-99.295349,19.936182],[-99.295004,19.936645],[-99.294728,19.93695],[-99.294462,19.937162],[-99.293552,19.937512],[-99.292783,19.936644],[-99.29241,19.936334],[-99.291747,19.935795],[-99.291666,19.9357],[-99.292456,19.934895]]]}},{"type":"Feature","properties":{"SUP":"25775.667"},"geometry":{"type":"Polygon","coordinates":[[[-99.290713,19.931328],[-99.29191,19.930959],[-99.292123,19.931781],[-99.292292,19.932567],[-99.292373,19.933265],[-99.291836,19.933453],[-99.290713,19.931328]]]}},{"type":"Feature","properties":{"SUP":"8960.357"},"geometry":{"type":"Polygon","coordinates":[[[-99.2898,19.93061],[-99.290596,19.930359],[-99.290847,19.931256],[-99.290053,19.9315],[-99.2898,19.93061]]]}},{"type":"Feature","properties":{"SUP":"12051.403"},"geometry":{"type":"Polygon","coordinates":[[[-99.290596,19.930359],[-99.291685,19.93003],[-99.291901,19.930932],[-99.290847,19.931256],[-99.290596,19.930359]]]}},{"type":"Feature","properties":{"SUP":"28859.248"},"geometry":{"type":"Polygon","coordinates":[[[-99.291479,19.929143],[-99.291487,19.929168],[-99.291535,19.929343],[-99.291588,19.929574],[-99.29157,19.929573],[-99.29168,19.929996],[-99.288964,19.930831],[-99.28874,19.929989],[-99.291479,19.929143]]]}},{"type":"Feature","properties":{"SUP":"33344.121"},"geometry":{"type":"Polygon","coordinates":[[[-99.291275,19.928232],[-99.291308,19.928356],[-99.291587,19.928269],[-99.291551,19.928154],[-99.291925,19.928038],[-99.291989,19.928622],[-99.291371,19.928638],[-99.291409,19.928815],[-99.291449,19.928992],[-99.291475,19.929116],[-99.288732,19.929964],[-99.288573,19.929055],[-99.291275,19.928232]]]}},{"type":"Feature","properties":{"SUP":"24035.592"},"geometry":{"type":"Polygon","coordinates":[[[-99.291056,19.927405],[-99.291266,19.928198],[-99.288567,19.92902],[-99.288432,19.92837],[-99.291056,19.927405]]]}},{"type":"Feature","properties":{"SUP":"28934.266"},"geometry":{"type":"Polygon","coordinates":[[[-99.288413,19.927375],[-99.290676,19.926476],[-99.290974,19.926974],[-99.291036,19.927383],[-99.288428,19.928337],[-99.288413,19.927375]]]}},{"type":"Feature","properties":{"SUP":"22175.369"},"geometry":{"type":"Polygon","coordinates":[[[-99.288497,19.926209],[-99.290187,19.925689],[-99.290662,19.926443],[-99.28841,19.92734],[-99.288411,19.927239],[-99.288547,19.926789],[-99.288617,19.926647],[-99.288636,19.926536],[-99.288497,19.926209]]]}},{"type":"Feature","properties":{"SUP":"21595.938"},"geometry":{"type":"Polygon","coordinates":[[[-99.287831,19.925315],[-99.289577,19.924757],[-99.290173,19.925666],[-99.288485,19.926183],[-99.288349,19.926008],[-99.287831,19.925315]]]}},{"type":"Feature","properties":{"SUP":"24534.461"},"geometry":{"type":"Polygon","coordinates":[[[-99.282978,19.914672],[-99.282963,19.914955],[-99.282449,19.915606],[-99.282429,19.9156],[-99.282283,19.9158],[-99.281801,19.915662],[-99.281349,19.914621],[-99.281525,19.913755],[-99.282822,19.914345],[-99.282873,19.91454],[-99.282978,19.914672]]]}},{"type":"Feature","properties":{"SUP":"21663.698"},"geometry":{"type":"Polygon","coordinates":[[[-99.279042,19.913906],[-99.280054,19.912566],[-99.280196,19.912549],[-99.280331,19.912456],[-99.280954,19.913897],[-99.280226,19.914282],[-99.279042,19.913906]]]}},{"type":"Feature","properties":{"SUP":"8184.511"},"geometry":{"type":"Polygon","coordinates":[[[-99.280054,19.912566],[-99.279042,19.913906],[-99.278892,19.913839],[-99.27875,19.913514],[-99.279502,19.912489],[-99.27965,19.912573],[-99.279747,19.912587],[-99.280054,19.912566]]]}},{"type":"Feature","properties":{"SUP":"5905.564"},"geometry":{"type":"Polygon","coordinates":[[[-99.278483,19.91289],[-99.279028,19.912128],[-99.279414,19.912434],[-99.278709,19.913379],[-99.278483,19.91289]]]}},{"type":"Feature","properties":{"SUP":"6510.813"},"geometry":{"type":"Polygon","coordinates":[[[-99.27805,19.911548],[-99.278155,19.911412],[-99.27896,19.912184],[-99.278473,19.912868],[-99.27805,19.911548]]]}},{"type":"Feature","properties":{"SUP":"14495.519"},"geometry":{"type":"Polygon","coordinates":[[[-99.276551,19.911957],[-99.276563,19.911935],[-99.27734,19.910831],[-99.277456,19.910667],[-99.277487,19.910623],[-99.277878,19.911722],[-99.277237,19.912549],[-99.276551,19.911957]]]}},{"type":"Feature","properties":{"SUP":"1972.051"},"geometry":{"type":"Polygon","coordinates":[[[-99.278268,19.911277],[-99.279057,19.912039],[-99.27897,19.912166],[-99.278169,19.9114],[-99.278268,19.911277]]]}},{"type":"Feature","properties":{"SUP":"11032.098"},"geometry":{"type":"Polygon","coordinates":[[[-99.277642,19.910403],[-99.277964,19.909946],[-99.27799,19.909965],[-99.278854,19.910401],[-99.278036,19.911522],[-99.277642,19.910403]]]}},{"type":"Feature","properties":{"PARCELA":"1 Z-1 P1/3","NÚCLEO AG":"SAN ANTONIO TULA","TIPO NÚCL":"EJIDO","MUNICIPIO":"TULA DE ALLENDE","ESTADO":"HIDALGO","SUP":"9889.677","TIPO DE PA":"PARCELAS INDIVIDUALES","CERTIFICAD":"283737","CALIDAD":"EJIDATARIO (A)","GENERO":"MASCULINO","FECHA DE N":"1965/01/25","DOMICILIO":"CON., SAN ANTONIO TULA, TULA, HGO.","CURP":"LOUJ650125HHGPMV06","TRÁMITE Q":"TRANSMISIÓN DE DERECHOS POR SUCESIÓN. INSCRIPCIÓN.","FECHA DE A":"1998-03-16","TITULAR":"JUVENTINO LOPEZ UMBRAL"},"geometry":{"type":"Polygon","coordinates":[[[-99.433075,20.080683],[-99.434321,20.080038],[-99.434514,20.08062],[-99.433199,20.081274],[-99.433075,20.080683]]]}},{"type":"Feature","properties":{"PARCELA":"3 Z-1 P1","NÚCLEO AG":"SAN ANTONIO TULA","TIPO NÚCL":"EJIDO","MUNICIPIO":"TULA DE ALLENDE","ESTADO":"HIDALGO","SUP":"8335.395","TIPO DE PA":"PARCELAS INDIVIDUALES","CERTIFICAD":"292802","CALIDAD":"POSESIONARIO (A)","GENERO":"FEMENINO","FECHA DE N":"1975/02/02","DOMICILIO":"SAN ANTONIO TULA, TULA DE ALLENDE, HGO.","TRÁMITE Q":"INSCRIPCION DE SENTENCIAS","FECHA DE A":"2014-11-19","TITULAR":"FEDERICA GARCIA LAZARO"},"geometry":{"type":"Polygon","coordinates":[[[-99.432973,20.080162],[-99.43414,20.079517],[-99.434321,20.080038],[-99.433075,20.080683],[-99.432973,20.080162]]]}},{"type":"Feature","properties":{"PARCELA":"4 Z-1 P1/3","NÚCLEO AG":"SAN ANTONIO TULA","TIPO NÚCL":"EJIDO","MUNICIPIO":"TULA DE ALLENDE","ESTADO":"HIDALGO","SUP":"7750.513","TIPO DE PA":"PARCELAS INDIVIDUALES","CERTIFICAD":"182447","CALIDAD":"POSESIONARIO (A)","GENERO":"MASCULINO","FECHA DE N":"1951/02/19","DOMICILIO":"CON., SAN ANTONIO TULA, TULA, HGO.","TRÁMITE Q":"ENAJENACIÓN DE DERECHOS PARCELARIOS. INSCRIPCIÓN.","FECHA DE A":"2002-07-19","TITULAR":"GUILLERMO HUITRON GARCIA"},"geometry":{"type":"Polygon","coordinates":[[[-99.431867,20.08077],[-99.432973,20.080162],[-99.433075,20.080683],[-99.431873,20.081348],[-99.431867,20.08077]]]}},{"type":"Feature","properties":{"PARCELA":"5 Z-1 P1/3","NÚCLEO AG":"SAN ANTONIO TULA","TIPO NÚCL":"EJIDO","MUNICIPIO":"TULA DE ALLENDE","ESTADO":"HIDALGO","SUP":"8606.883","TIPO DE PA":"PARCELAS INDIVIDUALES","CERTIFICAD":"62972","CALIDAD":"EJIDATARIO (A)","GENERO":"MASCULINO","FECHA DE N":"1963/08/19","DOMICILIO":"CONOCIDO, SAN ANTONIO TULA, HGO.","CURP":"GALL630819HHGRZS07","TRÁMITE Q":"ACUERDO DE ASAMBLEA DE LA DELIMITACIÓN, DESTINO Y ASIGNACIÓN DE LAS TIERRAS EJIDALES O COMUNALES. INSCRIPCIÓN.","FECHA DE A":"1996-08-31","TITULAR":"LUIS GARCIA LAZARO"},"geometry":{"type":"Polygon","coordinates":[[[-99.43286,20.079579],[-99.433943,20.078954],[-99.433982,20.079065],[-99.43414,20.079517],[-99.432973,20.080162],[-99.43286,20.079579]]]}},{"type":"Feature","properties":{"PARCELA":"6 Z-1 P1/3","NÚCLEO AG":"SAN ANTONIO TULA","TIPO NÚCL":"EJIDO","MUNICIPIO":"TULA DE ALLENDE","ESTADO":"HIDALGO","SUP":"7843.069","TIPO DE PA":"PARCELAS INDIVIDUALES","CERTIFICAD":"62968","CALIDAD":"EJIDATARIO (A)","GENERO":"MASCULINO","FECHA DE N":"1941/01/12","DOMICILIO":"CONOCIDO, SAN ANTONIO TULA, HGO.","TRÁMITE Q":"ACUERDO DE ASAMBLEA DE LA DELIMITACIÓN, DESTINO Y ASIGNACIÓN DE LAS TIERRAS EJIDALES O COMUNALES. INSCRIPCIÓN.","FECHA DE A":"1996-08-31","TITULAR":"ALFREDO RODRIGUEZ MARTINEZ"},"geometry":{"type":"Polygon","coordinates":[[[-99.431822,20.080177],[-99.43286,20.079579],[-99.432973,20.080162],[-99.431867,20.08077],[-99.431822,20.080177]]]}},{"type":"Feature","properties":{"PARCELA":"7 Z-1 P1/3","NÚCLEO AG":"SAN ANTONIO TULA","TIPO NÚCL":"EJIDO","MUNICIPIO":"TULA DE ALLENDE","ESTADO":"HIDALGO","SUP":"8871.113","TIPO DE PA":"PARCELAS INDIVIDUALES","CERTIFICAD":"1003175","CALIDAD":"EJIDATARIO (A)","GENERO":"FEMENINO","FECHA DE N":"1988/11/21","DOMICILIO":"AV. INSURGENTES, SAN MARCOS, HGO.","CURP":"MEHF881121MHGJRB00","TRÁMITE Q":"ENAJENACIÓN DE DERECHOS PARCELARIOS. INSCRIPCIÓN.","FECHA DE A":"1996-08-31","TITULAR":"FABIOLA KUNTI MEJIA HURTADO"},"geometry":{"type":"Polygon","coordinates":[[[-99.429429,20.080393],[-99.430106,20.080224],[-99.430385,20.081749],[-99.430274,20.081809],[-99.429372,20.080588],[-99.429429,20.080393]]]}},{"type":"Feature","properties":{"PARCELA":"9 Z-1 P1/3","NÚCLEO AG":"SAN ANTONIO TULA","TIPO NÚCL":"EJIDO","MUNICIPIO":"TULA DE ALLENDE","ESTADO":"HIDALGO","SUP":"7096.943","TIPO DE PA":"PARCELAS INDIVIDUALES","CERTIFICAD":"62958","CALIDAD":"EJIDATARIO (A)","GENERO":"FEMENINO","FECHA DE N":"1975/04/23","DOMICILIO":"CONOCIDO, TULA DE ALLENDE, HGO.","TRÁMITE Q":"ACUERDO DE ASAMBLEA DE LA DELIMITACIÓN, DESTINO Y ASIGNACIÓN DE LAS TIERRAS EJIDALES O COMUNALES. INSCRIPCIÓN.","FECHA DE A":"1996-08-31","TITULAR":"LAURA URIBE GUTIERREZ"},"geometry":{"type":"Polygon","coordinates":[[[-99.431807,20.079575],[-99.432742,20.079016],[-99.43286,20.079579],[-99.431822,20.080177],[-99.431807,20.079575]]]}},{"type":"Feature","properties":{"SUP":"23582.59"},"geometry":{"type":"Polygon","coordinates":[[[-99.345991,20.078053],[-99.34638,20.077525],[-99.348531,20.080008],[-99.347825,20.080241],[-99.345991,20.078053]]]}},{"type":"Feature","properties":{"SUP":"21930.284"},"geometry":{"type":"Polygon","coordinates":[[[-99.34638,20.077525],[-99.346797,20.077262],[-99.34693,20.077289],[-99.347857,20.078395],[-99.347869,20.078328],[-99.348617,20.079195],[-99.349015,20.079765],[-99.348531,20.080008],[-99.34638,20.077525]]]}},{"type":"Feature","properties":{"SUP":"16904.631"},"geometry":{"type":"Polygon","coordinates":[[[-99.344793,20.07803],[-99.344974,20.077997],[-99.345047,20.077309],[-99.346797,20.077262],[-99.34638,20.077525],[-99.345991,20.078053],[-99.345754,20.078397],[-99.344874,20.078611],[-99.344793,20.07803]],[[-99.346122,20.077724],[-99.346088,20.077723],[-99.346092,20.077757],[-99.346126,20.077761],[-99.346122,20.077724]]]}},{"type":"Feature","properties":{"PARCELA":"101 Z02 P1/3","NÚCLEO AG":"IGNACIO ZARAGOZA","TIPO NÚCL":"EJIDO","MUNICIPIO":"TULA DE ALLENDE","ESTADO":"HIDALGO","SUP":"34052.2","TIPO DE PA":"PARCELAS INDIVIDUALES","CERTIFICAD":"142013","CALIDAD":"EJIDATARIO (A)","GENERO":"MASCULINO","FECHA DE N":"1951/07/25","DOMICILIO":"IGNACIO ZARAGOZA, TULA DE ALLENDE, HGO.","CURP":"HERC510725HHGRSR02","TRÁMITE Q":"TRANSMISIÓN DE DERECHOS POR SUCESIÓN. INSCRIPCIÓN.","FECHA DE A":"1999-05-24","TITULAR":"CRISTOBAL HERNANDEZ RESENDIZ"},"geometry":{"type":"Polygon","coordinates":[[[-99.311275,20.025675],[-99.311151,20.025037],[-99.3118,20.024568],[-99.311986,20.024274],[-99.313606,20.024899],[-99.312991,20.026337],[-99.311983,20.025812],[-99.311275,20.025675]]]}},{"type":"Feature","properties":{"PARCELA":"113 Z-2 P1/3","NÚCLEO AG":"IGNACIO ZARAGOZA","TIPO NÚCL":"EJIDO","MUNICIPIO":"TULA DE ALLENDE","ESTADO":"HIDALGO","SUP":"17522.995","TIPO DE PA":"PARCELAS INDIVIDUALES","CERTIFICAD":"109062","CALIDAD":"EJIDATARIO (A)","GENERO":"FEMENINO","FECHA DE N":"1958/08/15","DOMICILIO":"CONOCIDO, IGNACIO ZARAGOZA, TULA, HGO.","CURP":"CUCM580815MHGRBR09","TRÁMITE Q":"ACUERDO DE ASAMBLEA DE LA DELIMITACIÓN, DESTINO Y ASIGNACIÓN DE LAS TIERRAS EJIDALES O COMUNALES. INSCRIPCIÓN.","FECHA DE A":"1998-01-18","TITULAR":"MARIA CRUZ CABALLERO"},"geometry":{"type":"Polygon","coordinates":[[[-99.312806,20.024566],[-99.313891,20.023203],[-99.314792,20.023447],[-99.313685,20.024843],[-99.312806,20.024566]]]}},{"type":"Feature","properties":{"PARCELA":"115 Z-2 P1/3","NÚCLEO AG":"IGNACIO ZARAGOZA","TIPO NÚCL":"EJIDO","MUNICIPIO":"TULA DE ALLENDE","ESTADO":"HIDALGO","SUP":"12438.953","TIPO DE PA":"PARCELAS INDIVIDUALES","CERTIFICAD":"181189","CALIDAD":"EJIDATARIO (A)","GENERO":"MASCULINO","FECHA DE N":"1963/12/11","DOMICILIO":"IGNACIO ZARAGOZA, TULA DE ALLENDE, HGO.","CURP":"RESL631211HSPYNN02","TRÁMITE Q":"TRANSMISIÓN DE DERECHOS POR SUCESIÓN. INSCRIPCIÓN.","FECHA DE A":"1999-05-24","TITULAR":"LEONARDO REYES SANCHEZ"},"geometry":{"type":"Polygon","coordinates":[[[-99.311382,20.023885],[-99.311415,20.02384],[-99.312178,20.022774],[-99.312999,20.02297],[-99.311966,20.024222],[-99.311382,20.023885]]]}},{"type":"Feature","properties":{"PARCELA":"125 Z-2 P1/1","NÚCLEO AG":"IGNACIO ZARAGOZA","TIPO NÚCL":"EJIDO","MUNICIPIO":"TULA DE ALLENDE","ESTADO":"HIDALGO","SUP":"7390.12","TIPO DE PA":"PARCELAS INDIVIDUALES","CERTIFICAD":"109011","CALIDAD":"EJIDATARIO (A)","GENERO":"MASCULINO","FECHA DE N":"1948/06/15","DOMICILIO":"CONOCIDO, IGNACIO ZARAGOZA, TULA, HGO.","CURP":"CAHM480615HHGHRD04","TRÁMITE Q":"ACUERDO DE ASAMBLEA DE LA DELIMITACIÓN, DESTINO Y ASIGNACIÓN DE LAS TIERRAS EJIDALES O COMUNALES. INSCRIPCIÓN.","FECHA DE A":"1998-01-18","TITULAR":"MODESTO CHAVEZ HERNANDEZ"},"geometry":{"type":"Polygon","coordinates":[[[-99.311892,20.022642],[-99.313201,20.022075],[-99.3134,20.022527],[-99.313036,20.022934],[-99.311892,20.022642]]]}},{"type":"Feature","properties":{"PARCELA":"126 Z-2 P1/3","NÚCLEO AG":"IGNACIO ZARAGOZA","TIPO NÚCL":"EJIDO","MUNICIPIO":"TULA DE ALLENDE","ESTADO":"HIDALGO","SUP":"13430.729","TIPO DE PA":"PARCELAS INDIVIDUALES","CERTIFICAD":"1017216","CALIDAD":"EJIDATARIO (A)","GENERO":"FEMENINO","FECHA DE N":"1962/04/18","DOMICILIO":"VICENTE GUERRERO #7, IGNACIO ZARAGOZA, TULA DE ALLENDE, HGO.","CURP":"HEHP620418MHGRRR01","TRÁMITE Q":"TRANSMISIÓN DE DERECHOS POR SUCESIÓN. INSCRIPCIÓN.","FECHA DE A":"1998-01-18","TITULAR":"PERFECTA HERNANDEZ HERNANDEZ"},"geometry":{"type":"Polygon","coordinates":[[[-99.311651,20.021748],[-99.313007,20.021381],[-99.313201,20.022075],[-99.311892,20.022642],[-99.311651,20.021748]]]}},{"type":"Feature","properties":{"PARCELA":"143 Z-2 P1/3","NÚCLEO AG":"IGNACIO ZARAGOZA","TIPO NÚCL":"EJIDO","MUNICIPIO":"TULA DE ALLENDE","ESTADO":"HIDALGO","SUP":"11427.15","TIPO DE PA":"PARCELAS INDIVIDUALES","CERTIFICAD":"109166","CALIDAD":"EJIDATARIO (A)","GENERO":"MASCULINO","FECHA DE N":"1947/05/30","DOMICILIO":"CONOCIDO, IGNACIO ZARAGOZA, TULA, HGO.","TRÁMITE Q":"ACUERDO DE ASAMBLEA DE LA DELIMITACIÓN, DESTINO Y ASIGNACIÓN DE LAS TIERRAS EJIDALES O COMUNALES. INSCRIPCIÓN.","FECHA DE A":"1998-01-18","TITULAR":"FERNANDO MEJIA HERNANDEZ"},"geometry":{"type":"Polygon","coordinates":[[[-99.31146,20.021064],[-99.312838,20.020715],[-99.313007,20.021381],[-99.311651,20.021748],[-99.31146,20.021064]]]}},{"type":"Feature","properties":{"PARCELA":"152 Z-2 P1/3","NÚCLEO AG":"IGNACIO ZARAGOZA","TIPO NÚCL":"EJIDO","MUNICIPIO":"TULA DE ALLENDE","ESTADO":"HIDALGO","SUP":"1017.613","TIPO DE PA":"PARCELAS INDIVIDUALES","CERTIFICAD":"1079482","CALIDAD":"EJIDATARIO (A)","GENERO":"FEMENINO","FECHA DE N":"1978/09/04","DOMICILIO":"FRANCISCO I. MADERO S/N, IGNACIO ZARAGOZA, TULA DE ALLENDE, HIDALGO","CURP":"CUHR780904MHGRRS08","TRÁMITE Q":"TRANSMISIÓN DE DERECHOS POR SUCESIÓN. INSCRIPCIÓN.","FECHA DE A":"1999-05-24","TITULAR":"ROSALBA CRUZ HERNANDEZ"},"geometry":{"type":"Polygon","coordinates":[[[-99.312741,20.020366],[-99.313371,20.020557],[-99.312826,20.020671],[-99.312741,20.020366]]]}},{"type":"Feature","properties":{"PARCELA":"153 Z-2 P1/3","NÚCLEO AG":"IGNACIO ZARAGOZA","TIPO NÚCL":"EJIDO","MUNICIPIO":"TULA DE ALLENDE","ESTADO":"HIDALGO","SUP":"5236.886","TIPO DE PA":"PARCELAS INDIVIDUALES","CERTIFICAD":"109113","CALIDAD":"EJIDATARIO (A)","GENERO":"MASCULINO","FECHA DE N":"1954/10/24","DOMICILIO":"CONOCIDO, IGNACIO ZARAGOZA, TULA, HGO.","TRÁMITE Q":"ACUERDO DE ASAMBLEA DE LA DELIMITACIÓN, DESTINO Y ASIGNACIÓN DE LAS TIERRAS EJIDALES O COMUNALES. INSCRIPCIÓN.","FECHA DE A":"1998-01-18","TITULAR":"RAFAEL ESPINOSA LUGO"},"geometry":{"type":"Polygon","coordinates":[[[-99.311841,20.020084],[-99.312741,20.020366],[-99.312826,20.020671],[-99.312058,20.020876],[-99.311841,20.020084]]]}},{"type":"Feature","properties":{"PARCELA":"164 Z-2 P1/3","NÚCLEO AG":"IGNACIO ZARAGOZA","TIPO NÚCL":"EJIDO","MUNICIPIO":"TULA DE ALLENDE","ESTADO":"HIDALGO","SUP":"8150.147","TIPO DE PA":"PARCELAS INDIVIDUALES","CERTIFICAD":"1079483","CALIDAD":"EJIDATARIO (A)","GENERO":"FEMENINO","FECHA DE N":"1978/09/04","DOMICILIO":"FRANCISCO I. MADERO S/N, IGNACIO ZARAGOZA, TULA DE ALLENDE, HIDALGO","CURP":"CUHR780904MHGRRS08","TRÁMITE Q":"TRANSMISIÓN DE DERECHOS POR SUCESIÓN. INSCRIPCIÓN.","FECHA DE A":"1999-05-24","TITULAR":"ROSALBA CRUZ HERNANDEZ"},"geometry":{"type":"Polygon","coordinates":[[[-99.312639,20.020191],[-99.31247,20.019521],[-99.313176,20.019325],[-99.313507,20.020468],[-99.312639,20.020191]]]}},{"type":"Feature","properties":{"PARCELA":"165 Z-2 P1/3","NÚCLEO AG":"IGNACIO ZARAGOZA","TIPO NÚCL":"EJIDO","MUNICIPIO":"TULA DE ALLENDE","ESTADO":"HIDALGO","SUP":"4114.795","TIPO DE PA":"PARCELAS INDIVIDUALES","CERTIFICAD":"109111","CALIDAD":"EJIDATARIO (A)","GENERO":"MASCULINO","FECHA DE N":"1954/10/24","DOMICILIO":"CONOCIDO, IGNACIO ZARAGOZA, TULA, HGO.","TRÁMITE Q":"ACUERDO DE ASAMBLEA DE LA DELIMITACIÓN, DESTINO Y ASIGNACIÓN DE LAS TIERRAS EJIDALES O COMUNALES. INSCRIPCIÓN.","FECHA DE A":"1998-01-18","TITULAR":"RAFAEL ESPINOSA LUGO"},"geometry":{"type":"Polygon","coordinates":[[[-99.31179,20.019937],[-99.311722,20.019691],[-99.311798,20.019689],[-99.31247,20.019521],[-99.312639,20.020191],[-99.31179,20.019937]]]}},{"type":"Feature","properties":{"PARCELA":"181 Z-2 P1/3","NÚCLEO AG":"IGNACIO ZARAGOZA","TIPO NÚCL":"EJIDO","MUNICIPIO":"TULA DE ALLENDE","ESTADO":"HIDALGO","SUP":"10904.626","TIPO DE PA":"PARCELAS INDIVIDUALES","CERTIFICAD":"181313","CALIDAD":"EJIDATARIO (A)","GENERO":"FEMENINO","FECHA DE N":"1943/12/20","DOMICILIO":"CON., IGNACIO ZARAGOZA, TULA DE A., HGO.","CURP":"CAHL431220MHGHRZ02","TRÁMITE Q":"TRANSMISIÓN DE DERECHOS POR SUCESIÓN. INSCRIPCIÓN.","FECHA DE A":"2003-03-20","TITULAR":"LAZARA CHAVEZ HERNANDEZ"},"geometry":{"type":"Polygon","coordinates":[[[-99.311377,20.018258],[-99.312056,20.018215],[-99.312451,20.019494],[-99.311789,20.019662],[-99.311377,20.018258]]]}},{"type":"Feature","properties":{"PARCELA":"190 Z-2 P1/3","NÚCLEO AG":"IGNACIO ZARAGOZA","TIPO NÚCL":"EJIDO","MUNICIPIO":"TULA DE ALLENDE","ESTADO":"HIDALGO","SUP":"429.067","TIPO DE PA":"PARCELAS INDIVIDUALES","CERTIFICAD":"181314","CALIDAD":"EJIDATARIO (A)","GENERO":"FEMENINO","FECHA DE N":"1943/12/20","DOMICILIO":"CON., IGNACIO ZARAGOZA, TULA DE A., HGO.","CURP":"CAHL431220MHGHRZ02","TRÁMITE Q":"TRANSMISIÓN DE DERECHOS POR SUCESIÓN. INSCRIPCIÓN.","FECHA DE A":"2003-03-20","TITULAR":"LAZARA CHAVEZ HERNANDEZ"},"geometry":{"type":"Polygon","coordinates":[[[-99.311295,20.017984],[-99.31199,20.017928],[-99.312,20.017985],[-99.311327,20.018033],[-99.311295,20.017984]]]}},{"type":"Feature","properties":{"PARCELA":"198 Z-2 P1/3","NÚCLEO AG":"IGNACIO ZARAGOZA","TIPO NÚCL":"EJIDO","MUNICIPIO":"TULA DE ALLENDE","ESTADO":"HIDALGO","SUP":"15748.374","TIPO DE PA":"PARCELAS INDIVIDUALES","CERTIFICAD":"282388","CALIDAD":"POSESIONARIO (A)","GENERO":"MASCULINO","FECHA DE N":"1970/04/28","DOMICILIO":"CONOCIDO, IGNACIO ZARAGOZA, TULA, HGO.","CURP":"CUSE700428HHGRNL03","TRÁMITE Q":"TRANSMISIÓN DE DERECHOS POR SUCESIÓN. INSCRIPCIÓN.","FECHA DE A":"2007-09-16","TITULAR":"ELIAS CRUZ SANCHEZ"},"geometry":{"type":"Polygon","coordinates":[[[-99.310754,20.016527],[-99.311344,20.016558],[-99.311668,20.016659],[-99.312119,20.016697],[-99.312371,20.017614],[-99.311054,20.017666],[-99.310904,20.016996],[-99.310754,20.016527]]]}},{"type":"Feature","properties":{"PARCELA":"206 Z-2 P1/3","NÚCLEO AG":"IGNACIO ZARAGOZA","TIPO NÚCL":"EJIDO","MUNICIPIO":"TULA DE ALLENDE","ESTADO":"HIDALGO","SUP":"10918.483","TIPO DE PA":"PARCELAS INDIVIDUALES","CERTIFICAD":"282389","CALIDAD":"POSESIONARIO (A)","GENERO":"MASCULINO","FECHA DE N":"1970/04/28","DOMICILIO":"CONOCIDO, IGNACIO ZARAGOZA, TULA, HGO.","CURP":"CUSE700428HHGRNL03","TRÁMITE Q":"TRANSMISIÓN DE DERECHOS POR SUCESIÓN. INSCRIPCIÓN.","FECHA DE A":"2007-09-16","TITULAR":"ELIAS CRUZ SANCHEZ"},"geometry":{"type":"Polygon","coordinates":[[[-99.31167,20.016578],[-99.311582,20.015944],[-99.311055,20.015822],[-99.311062,20.015501],[-99.310869,20.014928],[-99.31078,20.014737],[-99.311841,20.015457],[-99.312003,20.015993],[-99.312115,20.01662],[-99.31167,20.016578]]]}},{"type":"Feature","properties":{"PARCELA":"215 Z-2 P1/3","NÚCLEO AG":"IGNACIO ZARAGOZA","TIPO NÚCL":"EJIDO","MUNICIPIO":"TULA DE ALLENDE","ESTADO":"HIDALGO","SUP":"19766.221","TIPO DE PA":"PARCELAS INDIVIDUALES","CERTIFICAD":"109056","CALIDAD":"EJIDATARIO (A)","GENERO":"MASCULINO","FECHA DE N":"1960/11/17","DOMICILIO":"CONOCIDO, IGNACIO ZARAGOZA, TULA, HGO.","CURP":"CARG601117HHGHSR00","TRÁMITE Q":"ACUERDO DE ASAMBLEA DE LA DELIMITACIÓN, DESTINO Y ASIGNACIÓN DE LAS TIERRAS EJIDALES O COMUNALES. INSCRIPCIÓN.","FECHA DE A":"1998-01-18","TITULAR":"GREGORIO CHAVEZ RESENDIZ"},"geometry":{"type":"Polygon","coordinates":[[[-99.309633,20.01555],[-99.309607,20.015526],[-99.309303,20.014685],[-99.309279,20.014568],[-99.309355,20.014553],[-99.309909,20.014399],[-99.31078,20.014737],[-99.310869,20.014928],[-99.311062,20.015501],[-99.311055,20.015822],[-99.310724,20.015715],[-99.310117,20.015708],[-99.309633,20.01555]]]}},{"type":"Feature","properties":{"PARCELA":"219 Z-2 P1/3","NÚCLEO AG":"IGNACIO ZARAGOZA","TIPO NÚCL":"EJIDO","MUNICIPIO":"TULA DE ALLENDE","ESTADO":"HIDALGO","SUP":"19881.212","TIPO DE PA":"PARCELAS INDIVIDUALES","CERTIFICAD":"282390","CALIDAD":"POSESIONARIO (A)","GENERO":"MASCULINO","FECHA DE N":"1970/04/28","DOMICILIO":"CONOCIDO, IGNACIO ZARAGOZA, TULA, HGO.","CURP":"CUSE700428HHGRNL03","TRÁMITE Q":"TRANSMISIÓN DE DERECHOS POR SUCESIÓN. INSCRIPCIÓN.","FECHA DE A":"2007-09-16","TITULAR":"ELIAS CRUZ SANCHEZ"},"geometry":{"type":"Polygon","coordinates":[[[-99.310688,20.01457],[-99.310533,20.014017],[-99.310401,20.013493],[-99.311214,20.013463],[-99.311377,20.013737],[-99.311771,20.013776],[-99.312054,20.014007],[-99.312146,20.014234],[-99.312119,20.014421],[-99.312015,20.014619],[-99.311886,20.014682],[-99.311432,20.014976],[-99.310688,20.01457]]]}},{"type":"Feature","properties":{"PARCELA":"94 Z-2 P1/3","NÚCLEO AG":"IGNACIO ZARAGOZA","TIPO NÚCL":"EJIDO","MUNICIPIO":"TULA DE ALLENDE","ESTADO":"HIDALGO","SUP":"19920.246","TIPO DE PA":"PARCELAS INDIVIDUALES","CERTIFICAD":"1022126","CALIDAD":"EJIDATARIO (A)","GENERO":"FEMENINO","FECHA DE N":"1958/01/09","DOMICILIO":"C. FRANCISCO I. MADERO S/N, IGNACIO ZARAGOZA, TULA, HGO.","CURP":"LUMJ580109MHGGRL06","TRÁMITE Q":"TRANSMISIÓN DE DERECHOS POR SUCESIÓN. INSCRIPCIÓN.","FECHA DE A":"1998-01-18","TITULAR":"JULIA LUGO MARTINEZ"},"geometry":{"type":"Polygon","coordinates":[[[-99.312991,20.026337],[-99.313606,20.024899],[-99.313685,20.024843],[-99.314478,20.025135],[-99.313907,20.026626],[-99.312879,20.026785],[-99.312991,20.026337]]]}},{"type":"Feature","properties":{"PARCELA":"95 Z-2 P1/3","NÚCLEO AG":"IGNACIO ZARAGOZA","TIPO NÚCL":"EJIDO","MUNICIPIO":"TULA DE ALLENDE","ESTADO":"HIDALGO","SUP":"16569.54","TIPO DE PA":"PARCELAS INDIVIDUALES","CERTIFICAD":"109105","CALIDAD":"EJIDATARIO (A)","GENERO":"MASCULINO","FECHA DE N":"1945/10/27","DOMICILIO":"CONOCIDO, IGNACIO ZARAGOZA, TULA, HGO.","TRÁMITE Q":"ACUERDO DE ASAMBLEA DE LA DELIMITACIÓN, DESTINO Y ASIGNACIÓN DE LAS TIERRAS EJIDALES O COMUNALES. INSCRIPCIÓN.","FECHA DE A":"1998-01-18","TITULAR":"RAFAEL FLORES JIMENEZ"},"geometry":{"type":"Polygon","coordinates":[[[-99.31129,20.026742],[-99.311275,20.025675],[-99.311983,20.025812],[-99.312991,20.026337],[-99.312879,20.026785],[-99.312466,20.026846],[-99.311876,20.026772],[-99.31129,20.026742]]]}},{"type":"Feature","properties":{"PARCELA":"237 Z-3 P1/3","NÚCLEO AG":"IGNACIO ZARAGOZA","TIPO NÚCL":"EJIDO","MUNICIPIO":"TULA DE ALLENDE","ESTADO":"HIDALGO","SUP":"6397.074","TIPO DE PA":"PARCELAS INDIVIDUALES","CERTIFICAD":"109201","CALIDAD":"EJIDATARIO (A)","GENERO":"MASCULINO","FECHA DE N":"1951/08/06","DOMICILIO":"CONOCIDO, IGNACIO ZARAGOZA, TULA, HGO.","CURP":"CAPE510806HHGHCS02","TRÁMITE Q":"ACUERDO DE ASAMBLEA DE LA DELIMITACIÓN, DESTINO Y ASIGNACIÓN DE LAS TIERRAS EJIDALES O COMUNALES. INSCRIPCIÓN.","FECHA DE A":"1998-01-18","TITULAR":"ESTEBAN CHAVEZ PACHECO"},"geometry":{"type":"Polygon","coordinates":[[[-99.310009,20.011358],[-99.3098,20.010589],[-99.310701,20.010695],[-99.310655,20.011365],[-99.310009,20.011358]]]}},{"type":"Feature","properties":{"PARCELA":"238 Z-3 P1/3","NÚCLEO AG":"IGNACIO ZARAGOZA","TIPO NÚCL":"EJIDO","MUNICIPIO":"TULA DE ALLENDE","ESTADO":"HIDALGO","SUP":"14308.266","TIPO DE PA":"PARCELAS INDIVIDUALES","CERTIFICAD":"1046483","CALIDAD":"POSESIONARIO (A)","GENERO":"MASCULINO","FECHA DE N":"1960/08/05","DOMICILIO":"IGANACIO ZARAGOZA COL. BUENOS AIRES, TULA DE ALLENDE , HGO","CURP":"VIYN600805MHGVXV03","TRÁMITE Q":"TRANSMISIÓN DE DERECHOS POR SUCESIÓN. INSCRIPCIÓN.","FECHA DE A":"1999-05-24","TITULAR":"NIEVES VIVEROS YAÑEZ"},"geometry":{"type":"Polygon","coordinates":[[[-99.308534,20.010526],[-99.308829,20.01053],[-99.309116,20.010536],[-99.3098,20.010589],[-99.310009,20.011358],[-99.30919,20.01143],[-99.308904,20.011462],[-99.308471,20.011494],[-99.308534,20.010526]]]}},{"type":"Feature","properties":{"PARCELA":"240 Z-03 P1/3","NÚCLEO AG":"IGNACIO ZARAGOZA","TIPO NÚCL":"EJIDO","MUNICIPIO":"TULA DE ALLENDE","ESTADO":"HIDALGO","SUP":"22327.732","TIPO DE PA":"PARCELAS INDIVIDUALES","CERTIFICAD":"149805","CALIDAD":"POSESIONARIO (A)","GENERO":"MASCULINO","FECHA DE N":"1956/10/14","DOMICILIO":"CON., IGNACIO ZARAGOZA, TULA, HGO.","CURP":"MAGM561014HHGRRG01","TRÁMITE Q":"ACUERDO DE ASAMBLEA DE LA DELIMITACIÓN, DESTINO Y ASIGNACIÓN DE LAS TIERRAS EJIDALES O COMUNALES. INSCRIPCIÓN.","FECHA DE A":"1998-01-18","TITULAR":"MIGUEL MARTINEZ GARCIA"},"geometry":{"type":"Polygon","coordinates":[[[-99.309328,20.010454],[-99.309366,20.009677],[-99.309905,20.009664],[-99.311007,20.00973],[-99.311636,20.01023],[-99.311697,20.010323],[-99.311768,20.010526],[-99.311741,20.010736],[-99.309328,20.010454]]]}},{"type":"Feature","properties":{"PARCELA":"241 Z-3 P1/3","NÚCLEO AG":"IGNACIO ZARAGOZA","TIPO NÚCL":"EJIDO","MUNICIPIO":"TULA DE ALLENDE","ESTADO":"HIDALGO","SUP":"12661.637","TIPO DE PA":"PARCELA A FAVOR DEL NUCLEO","TRÁMITE Q":"ACUERDO DE ASAMBLEA DE LA DELIMITACIÓN, DESTINO Y ASIGNACIÓN DE LAS TIERRAS EJIDALES O COMUNALES. INSCRIPCIÓN.","FECHA DE A":"1998-01-18"},"geometry":{"type":"Polygon","coordinates":[[[-99.308042,20.010418],[-99.308008,20.009634],[-99.308742,20.009588],[-99.309031,20.009588],[-99.309417,20.009589],[-99.309366,20.009677],[-99.309328,20.010454],[-99.309121,20.010437],[-99.308818,20.010416],[-99.308042,20.010418]]]}},{"type":"Feature","properties":{"PARCELA":"245 Z-3 P1/3","NÚCLEO AG":"IGNACIO ZARAGOZA","TIPO NÚCL":"EJIDO","MUNICIPIO":"TULA DE ALLENDE","ESTADO":"HIDALGO","SUP":"15476.707","TIPO DE PA":"PARCELAS INDIVIDUALES","CERTIFICAD":"108976","CALIDAD":"EJIDATARIO (A)","GENERO":"MASCULINO","FECHA DE N":"1955/01/11","DOMICILIO":"CONOCIDO, IGNACIO ZARAGOZA, TULA, HGO.","CURP":"MAGG550111HHGRRL07","TRÁMITE Q":"ACUERDO DE ASAMBLEA DE LA DELIMITACIÓN, DESTINO Y ASIGNACIÓN DE LAS TIERRAS EJIDALES O COMUNALES. INSCRIPCIÓN.","FECHA DE A":"1998-01-18","TITULAR":"GUILLERMO MANUEL MARTINEZ GARCIA"},"geometry":{"type":"Polygon","coordinates":[[[-99.309417,20.009589],[-99.309708,20.008405],[-99.310205,20.008381],[-99.310833,20.008595],[-99.310557,20.009611],[-99.309417,20.009589]]]}},{"type":"Feature","properties":{"PARCELA":"246 Z-3 P1/3","NÚCLEO AG":"IGNACIO ZARAGOZA","TIPO NÚCL":"EJIDO","MUNICIPIO":"TULA DE ALLENDE","ESTADO":"HIDALGO","SUP":"16877.58","TIPO DE PA":"PARCELAS INDIVIDUALES","CERTIFICAD":"273882","CALIDAD":"EJIDATARIO (A)","GENERO":"MASCULINO","FECHA DE N":"1967/07/13","DOMICILIO":"CONOCIDO, IGNACIO ZARAGOZA, TULA, HGO.","CURP":"MARJ670713HHGRSL02","TRÁMITE Q":"TRANSMISIÓN DE DERECHOS POR SUCESIÓN. INSCRIPCIÓN.","FECHA DE A":"2009-12-04","TITULAR":"JOEL MARTINEZ RESENDIZ"},"geometry":{"type":"Polygon","coordinates":[[[-99.307921,20.009025],[-99.308675,20.008964],[-99.308924,20.008493],[-99.308935,20.008401],[-99.309157,20.008308],[-99.309708,20.008405],[-99.309417,20.009589],[-99.309031,20.009588],[-99.308742,20.009588],[-99.308008,20.009634],[-99.307979,20.009619],[-99.307921,20.009025]]]}},{"type":"Feature","properties":{"PARCELA":"46 Z-1 P2/2","NÚCLEO AG":"SAN LORENZO","TIPO NÚCL":"EJIDO","MUNICIPIO":"TULA DE ALLENDE","ESTADO":"HIDALGO","SUP":"19200.346","TIPO DE PA":"PARCELAS INDIVIDUALES","CERTIFICAD":"76480","CALIDAD":"EJIDATARIO (A)","GENERO":"FEMENINO","FECHA DE N":"1964/04/26","DOMICILIO":"CONOCIDO, SAN LORENZO, HGO.","TRÁMITE Q":"ACUERDO DE ASAMBLEA DE LA DELIMITACIÓN, DESTINO Y ASIGNACIÓN DE LAS TIERRAS EJIDALES O COMUNALES. INSCRIPCIÓN.","FECHA DE A":"1996-06-29","TITULAR":"BELINDA MOTA ALONSO"},"geometry":{"type":"Polygon","coordinates":[[[-99.314,20.031147],[-99.313336,20.033048],[-99.312619,20.032892],[-99.312825,20.032103],[-99.313043,20.031321],[-99.313165,20.030871],[-99.314,20.031147]]]}},{"type":"Feature","properties":{"PARCELA":"47 Z-1 P2/2","NÚCLEO AG":"SAN LORENZO","TIPO NÚCL":"EJIDO","MUNICIPIO":"TULA DE ALLENDE","ESTADO":"HIDALGO","SUP":"19902.158","TIPO DE PA":"PARCELAS INDIVIDUALES","CERTIFICAD":"240859","CALIDAD":"EJIDATARIO (A)","GENERO":"MASCULINO","FECHA DE N":"1983/12/24","DOMICILIO":"INDEPENDENCIA 30, SAN LORENZO,TULA, HGO.","CURP":"AEGJ831224HHGNRS05","TRÁMITE Q":"INSCRIPCION DE SENTENCIAS","FECHA DE A":"2004-12-14","TITULAR":"JESUS ANGELES GARCIA"},"geometry":{"type":"Polygon","coordinates":[[[-99.31087,20.031526],[-99.312785,20.032095],[-99.312581,20.032879],[-99.31184,20.032702],[-99.311253,20.032484],[-99.310477,20.032215],[-99.31087,20.031526]]]}},{"type":"Feature","properties":{"PARCELA":"54  Z-1 P2/2","NÚCLEO AG":"SAN LORENZO","TIPO NÚCL":"EJIDO","MUNICIPIO":"TULA DE ALLENDE","ESTADO":"HIDALGO","SUP":"19237.957","TIPO DE PA":"PARCELAS INDIVIDUALES","CERTIFICAD":"1007600","CALIDAD":"EJIDATARIO (A)","GENERO":"MASCULINO","FECHA DE N":"1956/09/18","DOMICILIO":"SAN LORENZO, TULA DE ALLENDE, HGO.","CURP":"GAHJ560918HHGRRC07","TRÁMITE Q":"ENAJENACIÓN DE DERECHOS PARCELARIOS. INSCRIPCIÓN.","FECHA DE A":"2003-04-21","TITULAR":"JACINTO GARCIA HERNANDEZ"},"geometry":{"type":"Polygon","coordinates":[[[-99.311282,20.030796],[-99.311034,20.029888],[-99.313236,20.030518],[-99.313143,20.030813],[-99.313,20.03131],[-99.311282,20.030796]]]}},{"type":"Feature","properties":{"PARCELA":"58 Z-1 P2/2","NÚCLEO AG":"SAN LORENZO","TIPO NÚCL":"EJIDO","MUNICIPIO":"TULA DE ALLENDE","ESTADO":"HIDALGO","SUP":"22372.459","TIPO DE PA":"PARCELAS INDIVIDUALES","CERTIFICAD":"167770","CALIDAD":"EJIDATARIO (A)","GENERO":"MASCULINO","FECHA DE N":"1943/01/28","DOMICILIO":"AV. NACIONAL 63, SAN LORENZO, HGO.","CURP":"LUAP430128HHGJCB00","TRÁMITE Q":"ENAJENACIÓN DE DERECHOS PARCELARIOS. INSCRIPCIÓN.","FECHA DE A":"2001-10-26","TITULAR":"PABLO LUJAN ACEVEDO"},"geometry":{"type":"Polygon","coordinates":[[[-99.311034,20.029888],[-99.310675,20.029027],[-99.313505,20.029818],[-99.313236,20.030518],[-99.311034,20.029888]]]}},{"type":"Feature","properties":{"PARCELA":"43 Z-2 P2/2","NÚCLEO AG":"MICHIMALOYA","TIPO NÚCL":"EJIDO","MUNICIPIO":"TULA DE ALLENDE","ESTADO":"HIDALGO","SUP":"34564.593","TIPO DE PA":"PARCELAS INDIVIDUALES","CERTIFICAD":"165259","CALIDAD":"POSESIONARIO (A)","GENERO":"FEMENINO","FECHA DE N":"1954/11/02","DOMICILIO":"CONOCIDO, MICHIMALOYA, HGO.","TRÁMITE Q":"ACUERDO DE ASAMBLEA DE LA DELIMITACIÓN, DESTINO Y ASIGNACIÓN DE LAS TIERRAS EJIDALES O COMUNALES. INSCRIPCIÓN.","FECHA DE A":"2001-12-09","TITULAR":"NATALIA UMBRAL SANCHEZ"},"geometry":{"type":"Polygon","coordinates":[[[-99.402052,20.087272],[-99.402437,20.085961],[-99.404945,20.086345],[-99.40493,20.087059],[-99.402828,20.087383],[-99.402052,20.087272]],[[-99.402466,20.086603],[-99.40243,20.086591],[-99.402415,20.086627],[-99.402455,20.086639],[-99.402466,20.086603]]]}},{"type":"Feature","properties":{"PARCELA":"144 Z-3 P2/2","NÚCLEO AG":"MICHIMALOYA","TIPO NÚCL":"EJIDO","MUNICIPIO":"TULA DE ALLENDE","ESTADO":"HIDALGO","SUP":"52183.693","TIPO DE PA":"PARCELAS INDIVIDUALES","CERTIFICAD":"181278","CALIDAD":"EJIDATARIO (A)","GENERO":"MASCULINO","FECHA DE N":"1955/10/28","DOMICILIO":"CONOCIDO, MICHIMALOYA, HGO.","CURP":"LEGH551028HHGDNR02","TRÁMITE Q":"ACUERDO DE ASAMBLEA DE LA DELIMITACIÓN, DESTINO Y ASIGNACIÓN DE LAS TIERRAS EJIDALES O COMUNALES. INSCRIPCIÓN.","FECHA DE A":"2001-12-09","TITULAR":"HERMELINDO LEDEZMA GONZALEZ"},"geometry":{"type":"Polygon","coordinates":[[[-99.434321,20.080038],[-99.43414,20.079517],[-99.433982,20.079065],[-99.435928,20.078709],[-99.435557,20.07736],[-99.437368,20.076701],[-99.437705,20.076552],[-99.43822,20.077294],[-99.43641,20.078166],[-99.436011,20.078751],[-99.435268,20.079976],[-99.435022,20.080267],[-99.434514,20.08062],[-99.434321,20.080038]]]}},{"type":"Feature","properties":{"PARCELA":"128 Z-4 P2/2","NÚCLEO AG":"MICHIMALOYA","TIPO NÚCL":"EJIDO","MUNICIPIO":"TULA DE ALLENDE","ESTADO":"HIDALGO","SUP":"46894.303","TIPO DE PA":"PARCELAS INDIVIDUALES","CERTIFICAD":"214850","CALIDAD":"POSESIONARIO (A)","GENERO":"MASCULINO","FECHA DE N":"1929/02/01","DOMICILIO":"CONOCIDO, MICHIMALOYA, HGO.","CURP":"VIFI290201HHGLLG04","TRÁMITE Q":"ACUERDO DE ASAMBLEA DE LA DELIMITACIÓN, DESTINO Y ASIGNACIÓN DE LAS TIERRAS EJIDALES O COMUNALES. INSCRIPCIÓN.","FECHA DE A":"2001-12-09","TITULAR":"IGNACIO VILLEDA FALCON"},"geometry":{"type":"Polygon","coordinates":[[[-99.422105,20.080834],[-99.423093,20.080157],[-99.423166,20.08028],[-99.425055,20.083363],[-99.424408,20.083403],[-99.423835,20.08357],[-99.422105,20.080834]]]}},{"type":"Feature","properties":{"PARCELA":"129 Z-4 P2/2","NÚCLEO AG":"MICHIMALOYA","TIPO NÚCL":"EJIDO","MUNICIPIO":"TULA DE ALLENDE","ESTADO":"HIDALGO","SUP":"47722.4","TIPO DE PA":"PARCELAS INDIVIDUALES","CERTIFICAD":"165279","CALIDAD":"POSESIONARIO (A)","GENERO":"MASCULINO","FECHA DE N":"1966/12/20","DOMICILIO":"CONOCIDO, MICHIMALOYA, HGO.","CURP":"VILT661220HHGLDM02","TRÁMITE Q":"ACUERDO DE ASAMBLEA DE LA DELIMITACIÓN, DESTINO Y ASIGNACIÓN DE LAS TIERRAS EJIDALES O COMUNALES. INSCRIPCIÓN.","FECHA DE A":"2001-12-09","TITULAR":"TIMOTEO VILLEDA LEDEZMA"},"geometry":{"type":"Polygon","coordinates":[[[-99.42096,20.0827],[-99.42103,20.081208],[-99.422105,20.080834],[-99.423835,20.08357],[-99.423321,20.083501],[-99.422319,20.083186],[-99.42096,20.0827]]]}},{"type":"Feature","properties":{"PARCELA":"130 Z-4 P2/2","NÚCLEO AG":"MICHIMALOYA","TIPO NÚCL":"EJIDO","MUNICIPIO":"TULA DE ALLENDE","ESTADO":"HIDALGO","SUP":"16663.756","TIPO DE PA":"PARCELAS INDIVIDUALES","CERTIFICAD":"165300","CALIDAD":"EJIDATARIO (A)","GENERO":"MASCULINO","FECHA DE N":"1949/12/29","DOMICILIO":"CONOCIDO, MICHIMALOYA, HGO.","CURP":"BAMT491229HHGRRM03","TRÁMITE Q":"ACUERDO DE ASAMBLEA DE LA DELIMITACIÓN, DESTINO Y ASIGNACIÓN DE LAS TIERRAS EJIDALES O COMUNALES. INSCRIPCIÓN.","FECHA DE A":"2001-12-09","TITULAR":"TOMAS NICOLAS BRAVO MARTINEZ"},"geometry":{"type":"Polygon","coordinates":[[[-99.42103,20.081208],[-99.42096,20.0827],[-99.420171,20.082627],[-99.419882,20.082486],[-99.419759,20.081609],[-99.42103,20.081208]]]}},{"type":"Feature","properties":{"PARCELA":"136 Z-4 P2/2","NÚCLEO AG":"MICHIMALOYA","TIPO NÚCL":"EJIDO","MUNICIPIO":"TULA DE ALLENDE","ESTADO":"HIDALGO","SUP":"47199.021","TIPO DE PA":"PARCELAS INDIVIDUALES","CERTIFICAD":"165255","CALIDAD":"EJIDATARIO (A)","GENERO":"MASCULINO","FECHA DE N":"1975/04/05","DOMICILIO":"CONOCIDO, MICHIMALOYA, HGO.","TRÁMITE Q":"ACUERDO DE ASAMBLEA DE LA DELIMITACIÓN, DESTINO Y ASIGNACIÓN DE LAS TIERRAS EJIDALES O COMUNALES. INSCRIPCIÓN.","FECHA DE A":"2001-12-09","TITULAR":"VICENTE LEDEZMA GOMEZ"},"geometry":{"type":"Polygon","coordinates":[[[-99.424915,20.079517],[-99.425795,20.079215],[-99.427962,20.082559],[-99.42763,20.082859],[-99.427053,20.083117],[-99.424915,20.079517]]]}},{"type":"Feature","properties":{"PARCELA":"137 Z-4 P2/2","NÚCLEO AG":"MICHIMALOYA","TIPO NÚCL":"EJIDO","MUNICIPIO":"TULA DE ALLENDE","ESTADO":"HIDALGO","SUP":"40895.577","TIPO DE PA":"PARCELAS INDIVIDUALES","CERTIFICAD":"267481","CALIDAD":"POSESIONARIO (A)","GENERO":"MASCULINO","FECHA DE N":"1943/04/14","DOMICILIO":"CONOCIDO, MICHIMALOYA, HGO.","CURP":"LEMB430414HHGDNN05","TRÁMITE Q":"ACUERDO DE ASAMBLEA DE LA DELIMITACIÓN, DESTINO Y ASIGNACIÓN DE LAS TIERRAS EJIDALES O COMUNALES. INSCRIPCIÓN.","FECHA DE A":"2001-12-09","TITULAR":"BENJAMIN LEDESMA MONTIEL"},"geometry":{"type":"Polygon","coordinates":[[[-99.424915,20.079517],[-99.427053,20.083117],[-99.426132,20.083392],[-99.42421,20.079869],[-99.424915,20.079517]]]}},{"type":"Feature","properties":{"PARCELA":"139 Z-4 P2/2","NÚCLEO AG":"MICHIMALOYA","TIPO NÚCL":"EJIDO","MUNICIPIO":"TULA DE ALLENDE","ESTADO":"HIDALGO","SUP":"42876","TIPO DE PA":"PARCELAS INDIVIDUALES","CERTIFICAD":"213193","CALIDAD":"POSESIONARIO (A)","GENERO":"MASCULINO","FECHA DE N":"1942/02/12","DOMICILIO":"CONOCIDO, MICHIMALOYA, TULA, HGO.","TRÁMITE Q":"ACUERDO DE ASAMBLEA DE LA DELIMITACIÓN, DESTINO Y ASIGNACIÓN DE LAS TIERRAS EJIDALES O COMUNALES. INSCRIPCIÓN.","FECHA DE A":"2001-12-09"},"geometry":{"type":"Polygon","coordinates":[[[-99.425795,20.079215],[-99.426559,20.078786],[-99.428525,20.081277],[-99.427962,20.082559],[-99.425795,20.079215]]]}},{"type":"Feature","properties":{"PARCELA":"143 Z-5 P2/2","NÚCLEO AG":"MICHIMALOYA","TIPO NÚCL":"EJIDO","MUNICIPIO":"TULA DE ALLENDE","ESTADO":"HIDALGO","SUP":"26096.253","TIPO DE PA":"PARCELAS INDIVIDUALES","CERTIFICAD":"165281","CALIDAD":"POSESIONARIO (A)","GENERO":"MASCULINO","FECHA DE N":"1957/03/22","DOMICILIO":"CONOCIDO, MICHIMALOYA, HGO.","TRÁMITE Q":"ACUERDO DE ASAMBLEA DE LA DELIMITACIÓN, DESTINO Y ASIGNACIÓN DE LAS TIERRAS EJIDALES O COMUNALES. INSCRIPCIÓN.","FECHA DE A":"2001-12-09","TITULAR":"TOMAS ZUÑIGA HERNANDEZ"},"geometry":{"type":"Polygon","coordinates":[[[-99.435873,20.080031],[-99.436477,20.078991],[-99.438004,20.079822],[-99.437796,20.080977],[-99.435873,20.080031]]]}},{"type":"Feature","properties":{"PARCELA":"230 Z-1 P4/4","NÚCLEO AG":"SAN MIGUEL VINDHO","TIPO NÚCL":"EJIDO","MUNICIPIO":"TULA DE ALLENDE","ESTADO":"HIDALGO","SUP":"7649.852","TIPO DE PA":"PARCELAS INDIVIDUALES","CERTIFICAD":"145234","CALIDAD":"EJIDATARIO (A)","GENERO":"FEMENINO","FECHA DE N":"1926/03/04","DOMICILIO":"AMADO NERVO S/N, TULA DE ALLENDE, HGO.","CURP":"SACL260304MHGNRC02","TRÁMITE Q":"TRANSMISIÓN DE DERECHOS POR SUCESIÓN. INSCRIPCIÓN.","FECHA DE A":"1997-06-09","TITULAR":"LUCIA SANTIAGO CORONA"},"geometry":{"type":"Polygon","coordinates":[[[-99.304466,19.982086],[-99.304881,19.981701],[-99.305195,19.981379],[-99.305442,19.981161],[-99.305629,19.981562],[-99.305421,19.982086],[-99.305114,19.982373],[-99.30466,19.982141],[-99.304466,19.982086]]]}},{"type":"Feature","properties":{"PARCELA":"233 Z-1 P4/4","NÚCLEO AG":"SAN MIGUEL VINDHO","TIPO NÚCL":"EJIDO","MUNICIPIO":"TULA DE ALLENDE","ESTADO":"HIDALGO","SUP":"6760.613","TIPO DE PA":"PARCELAS INDIVIDUALES","CERTIFICAD":"1081435","CALIDAD":"EJIDATARIO (A)","GENERO":"MASCULINO","FECHA DE N":"1963/10/26","DOMICILIO":"TULANCINGO 215, LA LOMA, SAN MIGUEL VINDHO, TULA DE ALLENDE, HIDALGO","CURP":"AELE631026HHGVPV06","TRÁMITE Q":"TRANSMISIÓN DE DERECHOS POR SUCESIÓN. INSCRIPCIÓN.","FECHA DE A":"2013-10-31","TITULAR":"EVARISTO AVENDAÑO LOPEZ"},"geometry":{"type":"Polygon","coordinates":[[[-99.303877,19.98125],[-99.304104,19.98074],[-99.305195,19.981379],[-99.304881,19.981701],[-99.303877,19.98125]]]}},{"type":"Feature","properties":{"PARCELA":"235 Z-01 P4/4","NÚCLEO AG":"SAN MIGUEL VINDHO","TIPO NÚCL":"EJIDO","MUNICIPIO":"TULA DE ALLENDE","ESTADO":"HIDALGO","SUP":"9433.26","TIPO DE PA":"PARCELAS INDIVIDUALES","CERTIFICAD":"1062983","CALIDAD":"EJIDATARIO (A)","GENERO":"MASCULINO","FECHA DE N":"1973/10/04","DOMICILIO":"VENUSTIANO CARRANZA S/N, SAN MIGUEL VINDHO, TULA DE ALLENDE, HGO.","CURP":"CABF731004HHGBNR06","TRÁMITE Q":"TRANSMISIÓN DE DERECHOS POR SUCESIÓN. INSCRIPCIÓN.","FECHA DE A":"2019-10-16","TITULAR":"FRANCISCO CABALLERO BENITEZ"},"geometry":{"type":"Polygon","coordinates":[[[-99.304104,19.98074],[-99.304377,19.980148],[-99.304783,19.980362],[-99.305132,19.980595],[-99.305282,19.98081],[-99.305442,19.981161],[-99.305195,19.981379],[-99.304104,19.98074]]]}},{"type":"Feature","properties":{"PARCELA":"237 Z-1 P4/4","NÚCLEO AG":"SAN MIGUEL VINDHO","TIPO NÚCL":"EJIDO","MUNICIPIO":"TULA DE ALLENDE","ESTADO":"HIDALGO","SUP":"9245.823","TIPO DE PA":"PARCELAS INDIVIDUALES","CERTIFICAD":"29001","CALIDAD":"EJIDATARIO (A)","GENERO":"FEMENINO","FECHA DE N":"1964/11/28","DOMICILIO":"CONOCIDO, SAN MIGUEL VINDHO, HGO.","CURP":"SEHR641128MHGRRS07","TRÁMITE Q":"ACUERDO DE ASAMBLEA DE LA DELIMITACIÓN, DESTINO Y ASIGNACIÓN DE LAS TIERRAS EJIDALES O COMUNALES. INSCRIPCIÓN.","FECHA DE A":"1995-02-26","TITULAR":"ROSA MARIA SERRANO HERNANDEZ"},"geometry":{"type":"Polygon","coordinates":[[[-99.304811,19.979566],[-99.304957,19.979514],[-99.30519,19.979762],[-99.306071,19.980869],[-99.305835,19.981184],[-99.305676,19.98104],[-99.305495,19.98071],[-99.305276,19.980438],[-99.304907,19.980185],[-99.304487,19.979937],[-99.304811,19.979566]]]}},{"type":"Feature","properties":{"PARCELA":"238 Z-1 P4/4","NÚCLEO AG":"SAN MIGUEL VINDHO","TIPO NÚCL":"EJIDO","MUNICIPIO":"TULA DE ALLENDE","ESTADO":"HIDALGO","SUP":"2186.373","TIPO DE PA":"PARCELAS INDIVIDUALES","CERTIFICAD":"1027545","CALIDAD":"AVECINDADO (A)","GENERO":"MASCULINO","FECHA DE N":"1966/04/09","DOMICILIO":"C. BENITO JUAREZ S/N, LA LOMA, SAN MIGUEL VINDHO, HGO.","CURP":"FAGB660409HHGLRR00","TRÁMITE Q":"ENAJENACIÓN DE DERECHOS PARCELARIOS. INSCRIPCIÓN.","FECHA DE A":"2001-10-03","TITULAR":"BRUNO FALCON GARRIDO"},"geometry":{"type":"Polygon","coordinates":[[[-99.303975,19.979555],[-99.30408,19.979469],[-99.304792,19.979546],[-99.304469,19.979927],[-99.303975,19.979555]]]}},{"type":"Feature","properties":{"PARCELA":"239 Z-1P4/4","NÚCLEO AG":"SAN MIGUEL VINDHO","TIPO NÚCL":"EJIDO","MUNICIPIO":"TULA DE ALLENDE","ESTADO":"HIDALGO","SUP":"111.253","TIPO DE PA":"PARCELAS INDIVIDUALES","CERTIFICAD":"28945","CALIDAD":"EJIDATARIO (A)","GENERO":"MASCULINO","FECHA DE N":"1944/11/28","DOMICILIO":"CONOCIDO, SAN MIGUEL VINDHO, HGO.","CURP":"LOPJ441128HHGPZS01","TRÁMITE Q":"ACUERDO DE ASAMBLEA DE LA DELIMITACIÓN, DESTINO Y ASIGNACIÓN DE LAS TIERRAS EJIDALES O COMUNALES. INSCRIPCIÓN.","FECHA DE A":"1995-02-26","TITULAR":"JOSE LOPEZ PAZ"},"geometry":{"type":"Polygon","coordinates":[[[-99.30501,19.979475],[-99.305048,19.979474],[-99.305215,19.979637],[-99.305175,19.979669],[-99.30501,19.979475]]]}},{"type":"Feature","properties":{"PARCELA":"231 Z-1 P4/4","NÚCLEO AG":"SAN MIGUEL VINDHO","TIPO NÚCL":"EJIDO","MUNICIPIO":"TULA DE ALLENDE","ESTADO":"HIDALGO","SUP":"6874.547","TIPO DE PA":"PARCELAS INDIVIDUALES CON DOMINIO PLENO","CALIDAD":"EJIDATARIO (A)","DOMICILIO":"CONOCIDO, SAN MIGUEL VINDHO, HGO.","TITULAR":"ANSELMO ESTRADA ROSARIO"},"geometry":{"type":"Polygon","coordinates":[[[-99.303877,19.98125],[-99.304881,19.981701],[-99.304466,19.982086],[-99.304091,19.98198],[-99.303579,19.981886],[-99.303825,19.981336],[-99.303877,19.98125]]]}},{"type":"Feature","properties":{"PARCELA":"92 Z-2 P 3/4","NÚCLEO AG":"SAN PEDRITO ALPUYECA","TIPO NÚCL":"EJIDO","MUNICIPIO":"TULA DE ALLENDE","ESTADO":"HIDALGO","SUP":"10797.326","TIPO DE PA":"PARCELAS INDIVIDUALES","CERTIFICAD":"1046608","CALIDAD":"EJIDATARIO (A)","GENERO":"FEMENINO","FECHA DE N":"1963/06/26","DOMICILIO":"C. EMILIANO ZAPATA COL. SAN JOSE, TULA DE ALLENDE, HGO","CURP":"ROGI630626MHGJRS07","TRÁMITE Q":"TRANSMISIÓN DE DERECHOS POR SUCESIÓN. INSCRIPCIÓN.","FECHA DE A":"2016-10-21","TITULAR":"ISABEL ROJAS GARCIA"},"geometry":{"type":"Polygon","coordinates":[[[-99.313221,20.037432],[-99.313249,20.037241],[-99.313626,20.037274],[-99.313322,20.038197],[-99.312917,20.040404],[-99.312586,20.040571],[-99.313221,20.037432]]]}},{"type":"Feature","properties":{"PARCELA":"93 Z-2 P3/4","NÚCLEO AG":"SAN PEDRITO ALPUYECA","TIPO NÚCL":"EJIDO","MUNICIPIO":"TULA DE ALLENDE","ESTADO":"HIDALGO","SUP":"8100.608","TIPO DE PA":"PARCELAS INDIVIDUALES","CERTIFICAD":"164419","CALIDAD":"EJIDATARIO (A)","GENERO":"MASCULINO","FECHA DE N":"1938/03/18","DOMICILIO":"SAN PEDRITO ALPUYECA, TULA, HGO.","CURP":"MIHC380318HHGGRR08","TRÁMITE Q":"ACUERDO DE ASAMBLEA DE LA DELIMITACIÓN, DESTINO Y ASIGNACIÓN DE LAS TIERRAS EJIDALES O COMUNALES. INSCRIPCIÓN.","FECHA DE A":"2001-11-28","TITULAR":"CIRILO MIGUELES HERNANDEZ"},"geometry":{"type":"Polygon","coordinates":[[[-99.312412,20.04017],[-99.31298,20.037507],[-99.313221,20.037432],[-99.312586,20.040571],[-99.312412,20.04017]]]}},{"type":"Feature","properties":{"PARCELA":"262 Z-1 P4/5","NÚCLEO AG":"PUEBLO NUEVO DE JASSO","TIPO NÚCL":"EJIDO","MUNICIPIO":"TULA DE ALLENDE","ESTADO":"HIDALGO","SUP":"2380.237","TIPO DE PA":"PARCELAS INDIVIDUALES","CERTIFICAD":"161929","CALIDAD":"EJIDATARIO (A)","GENERO":"MASCULINO","FECHA DE N":"1940/11/28","DOMICILIO":"CONOCIDO, PUEBLO NUEVO DE JASSO, HGO.","CURP":"VIZE401128HHGLMS00","TRÁMITE Q":"ACUERDO DE ASAMBLEA DE LA DELIMITACIÓN, DESTINO Y ASIGNACIÓN DE LAS TIERRAS EJIDALES O COMUNALES. INSCRIPCIÓN.","FECHA DE A":"2001-04-22","TITULAR":"ESTEBAN VILLEDA ZAMORANO"},"geometry":{"type":"Polygon","coordinates":[[[-99.304929,19.979111],[-99.305517,19.97894],[-99.305688,19.979271],[-99.305234,19.979422],[-99.304929,19.979111]]]}},{"type":"Feature","properties":{"PARCELA":"263 Z-1 P4/5","NÚCLEO AG":"PUEBLO NUEVO DE JASSO","TIPO NÚCL":"EJIDO","MUNICIPIO":"TULA DE ALLENDE","ESTADO":"HIDALGO","SUP":"3666.087","TIPO DE PA":"PARCELAS INDIVIDUALES","CERTIFICAD":"239566","CALIDAD":"EJIDATARIO (A)","GENERO":"MASCULINO","FECHA DE N":"1940/11/28","DOMICILIO":"CONOCIDO, PUEBLO NUEVO DE JASSO, HGO.","CURP":"VIZE401128HHGLMS00","TRÁMITE Q":"ENAJENACIÓN DE DERECHOS PARCELARIOS. INSCRIPCIÓN.","FECHA DE A":"2003-11-14","TITULAR":"ESTEBAN VILLEDA ZAMORANO"},"geometry":{"type":"Polygon","coordinates":[[[-99.30453,19.978956],[-99.305048,19.979474],[-99.30501,19.979475],[-99.304957,19.979495],[-99.304792,19.979546],[-99.30408,19.979469],[-99.303975,19.979555],[-99.30439,19.979018],[-99.30453,19.978956]]]}},{"type":"Feature","properties":{"PARCELA":"269 Z-1 P4/5","NÚCLEO AG":"PUEBLO NUEVO DE JASSO","TIPO NÚCL":"EJIDO","MUNICIPIO":"TULA DE ALLENDE","ESTADO":"HIDALGO","SUP":"6241.573","TIPO DE PA":"PARCELAS INDIVIDUALES","CERTIFICAD":"161793","CALIDAD":"EJIDATARIO (A)","GENERO":"MASCULINO","FECHA DE N":"1947/07/12","DOMICILIO":"CONOCIDO, PUEBLO NUEVO DE JASSO, HGO.","TRÁMITE Q":"ACUERDO DE ASAMBLEA DE LA DELIMITACIÓN, DESTINO Y ASIGNACIÓN DE LAS TIERRAS EJIDALES O COMUNALES. INSCRIPCIÓN.","FECHA DE A":"2001-04-22","TITULAR":"NABOR CIRILO TREJO GALLLEGOS"},"geometry":{"type":"Polygon","coordinates":[[[-99.304535,19.978624],[-99.305008,19.978125],[-99.305434,19.978643],[-99.305517,19.97894],[-99.304929,19.979111],[-99.304535,19.978624]]]}},{"type":"Feature","properties":{"PARCELA":"276 Z-1 P4/5","NÚCLEO AG":"PUEBLO NUEVO DE JASSO","TIPO NÚCL":"EJIDO","MUNICIPIO":"TULA DE ALLENDE","ESTADO":"HIDALGO","SUP":"4952.758","TIPO DE PA":"PARCELAS INDIVIDUALES","CERTIFICAD":"161807","CALIDAD":"EJIDATARIO (A)","GENERO":"MASCULINO","FECHA DE N":"1934/04/19","DOMICILIO":"CONOCIDO, PUEBLO NUEVO DE JASSO, HGO.","CURP":"VAHC340419HHGZRR06","TRÁMITE Q":"ACUERDO DE ASAMBLEA DE LA DELIMITACIÓN, DESTINO Y ASIGNACIÓN DE LAS TIERRAS EJIDALES O COMUNALES. INSCRIPCIÓN.","FECHA DE A":"2001-04-22","TITULAR":"CRESCENCIO VAZQUEZ HERNANDEZ"},"geometry":{"type":"Polygon","coordinates":[[[-99.305482,19.977465],[-99.30573,19.977378],[-99.305558,19.977927],[-99.305542,19.978296],[-99.30558,19.978655],[-99.305503,19.97869],[-99.304957,19.9779],[-99.305244,19.977736],[-99.305482,19.977465]]]}},{"type":"Feature","properties":{"PARCELA":"278 Z-1 P4/5","NÚCLEO AG":"PUEBLO NUEVO DE JASSO","TIPO NÚCL":"EJIDO","MUNICIPIO":"TULA DE ALLENDE","ESTADO":"HIDALGO","SUP":"1485.557","TIPO DE PA":"PARCELA A FAVOR DEL NUCLEO","TRÁMITE Q":"ACUERDO DE ASAMBLEA DE LA DELIMITACIÓN, DESTINO Y ASIGNACIÓN DE LAS TIERRAS EJIDALES O COMUNALES. INSCRIPCIÓN.","FECHA DE A":"2001-04-22"},"geometry":{"type":"Polygon","coordinates":[[[-99.305008,19.978125],[-99.304535,19.978624],[-99.304432,19.978498],[-99.304897,19.977944],[-99.305008,19.978125]]]}},{"type":"Feature","properties":{"PARCELA":"285 Z-1 P4/5","NÚCLEO AG":"PUEBLO NUEVO DE JASSO","TIPO NÚCL":"EJIDO","MUNICIPIO":"TULA DE ALLENDE","ESTADO":"HIDALGO","SUP":"15008.159","TIPO DE PA":"PARCELAS INDIVIDUALES","CERTIFICAD":"1048356","CALIDAD":"EJIDATARIO (A)","GENERO":"FEMENINO","FECHA DE N":"1946/12/29","DOMICILIO":"AV. CRUZ AZUL NO. 12, TULA DE ALLENDE, HGO.","CURP":"ROLB461229MHGDPR07","TRÁMITE Q":"TRANSMISIÓN DE DERECHOS POR SUCESIÓN. INSCRIPCIÓN.","FECHA DE A":"1957-11-17","TITULAR":"MARIA BERTHA RODRIGUEZ LOPEZ"},"geometry":{"type":"Polygon","coordinates":[[[-99.304358,19.976484],[-99.304959,19.976379],[-99.305033,19.976437],[-99.305194,19.976639],[-99.305494,19.976683],[-99.305573,19.976678],[-99.30572,19.976629],[-99.305806,19.976535],[-99.306054,19.976437],[-99.305754,19.977273],[-99.305439,19.977433],[-99.305213,19.977699],[-99.304976,19.977806],[-99.3049,19.977774],[-99.304674,19.977279],[-99.304693,19.977272],[-99.304489,19.976718],[-99.304358,19.976484]]]}},{"type":"Feature","properties":{"PARCELA":"292 Z-1 P4/5","NÚCLEO AG":"PUEBLO NUEVO DE JASSO","TIPO NÚCL":"EJIDO","MUNICIPIO":"TULA DE ALLENDE","ESTADO":"HIDALGO","SUP":"3990.725","TIPO DE PA":"PARCELAS INDIVIDUALES","CERTIFICAD":"161804","CALIDAD":"EJIDATARIO (A)","GENERO":"FEMENINO","FECHA DE N":"1933/08/14","DOMICILIO":"CONOCIDO, PUEBLO NUEVO DE JASSO, HGO.","TRÁMITE Q":"ACUERDO DE ASAMBLEA DE LA DELIMITACIÓN, DESTINO Y ASIGNACIÓN DE LAS TIERRAS EJIDALES O COMUNALES. INSCRIPCIÓN.","FECHA DE A":"2001-04-22","TITULAR":"UVALDA BARRERA CERVANTES"},"geometry":{"type":"Polygon","coordinates":[[[-99.305033,19.976437],[-99.305932,19.976113],[-99.305986,19.976104],[-99.306099,19.976357],[-99.306054,19.976437],[-99.305806,19.976535],[-99.30572,19.976629],[-99.305573,19.976678],[-99.305494,19.976683],[-99.305194,19.976639],[-99.305033,19.976437]]]}},{"type":"Feature","properties":{"PARCELA":"359 Z-1 P4/5","NÚCLEO AG":"PUEBLO NUEVO DE JASSO","TIPO NÚCL":"EJIDO","MUNICIPIO":"TULA DE ALLENDE","ESTADO":"HIDALGO","SUP":"1176.681","TIPO DE PA":"PARCELA A FAVOR DEL NUCLEO","TRÁMITE Q":"ACUERDO DE ASAMBLEA DE LA DELIMITACIÓN, DESTINO Y ASIGNACIÓN DE LAS TIERRAS EJIDALES O COMUNALES. INSCRIPCIÓN.","FECHA DE A":"2001-04-22"},"geometry":{"type":"Polygon","coordinates":[[[-99.304959,19.976379],[-99.304358,19.976484],[-99.304197,19.976174],[-99.304959,19.976379]]]}},{"type":"Feature","properties":{"PARCELA":"301 Z-01 P5/5","NÚCLEO AG":"PUEBLO NUEVO DE JASSO","TIPO NÚCL":"EJIDO","MUNICIPIO":"TULA DE ALLENDE","ESTADO":"HIDALGO","SUP":"9206.263","TIPO DE PA":"PARCELAS INDIVIDUALES","CERTIFICAD":"1056257","CALIDAD":"EJIDATARIO (A)","GENERO":"FEMENINO","FECHA DE N":"1971/09/27","DOMICILIO":"MIGUEL HIDALGO #138, PUEBLO NUEVO, TULA DE ALLENDE, HGO.","CURP":"RAME710927MHGMRD09","TRÁMITE Q":"INSCRIPCION DE SENTENCIAS","FECHA DE A":"2015-11-06","TITULAR":"EDITH RAMIREZ MARTINEZ"},"geometry":{"type":"Polygon","coordinates":[[[-99.301332,19.950139],[-99.301456,19.949476],[-99.30165,19.949547],[-99.302574,19.950083],[-99.302346,19.950566],[-99.301802,19.9506],[-99.301866,19.950409],[-99.301332,19.950139]]]}},{"type":"Feature","properties":{"PARCELA":"302 Z-1 P5/5","NÚCLEO AG":"PUEBLO NUEVO DE JASSO","TIPO NÚCL":"EJIDO","MUNICIPIO":"TULA DE ALLENDE","ESTADO":"HIDALGO","SUP":"2181.024","TIPO DE PA":"PARCELAS INDIVIDUALES","CERTIFICAD":"161758","CALIDAD":"EJIDATARIO (A)","GENERO":"MASCULINO","FECHA DE N":"1954/05/16","DOMICILIO":"CONOCIDO, PUEBLO NUEVO DE JASSO, HGO.","CURP":"AEJJ540516HHGCMN04","TRÁMITE Q":"ACUERDO DE ASAMBLEA DE LA DELIMITACIÓN, DESTINO Y ASIGNACIÓN DE LAS TIERRAS EJIDALES O COMUNALES. INSCRIPCIÓN.","FECHA DE A":"2001-04-22","TITULAR":"JUAN ACEVEDO JIMENEZ"},"geometry":{"type":"Polygon","coordinates":[[[-99.301234,19.95059],[-99.301332,19.950139],[-99.301866,19.950409],[-99.301802,19.9506],[-99.301234,19.95059]]]}},{"type":"Feature","properties":{"PARCELA":"303 Z-1 P5/5","NÚCLEO AG":"PUEBLO NUEVO DE JASSO","TIPO NÚCL":"EJIDO","MUNICIPIO":"TULA DE ALLENDE","ESTADO":"HIDALGO","SUP":"4172.991","TIPO DE PA":"PARCELAS INDIVIDUALES","CERTIFICAD":"179937","CALIDAD":"EJIDATARIO (A)","GENERO":"MASCULINO","FECHA DE N":"1960/10/04","DOMICILIO":"EL ENCINO S/N, COL. B. AIRES, TULA, HGO.","TRÁMITE Q":"ACUERDO DE ASAMBLEA DE LA DELIMITACIÓN, DESTINO Y ASIGNACIÓN DE LAS TIERRAS EJIDALES O COMUNALES. INSCRIPCIÓN.","FECHA DE A":"2001-04-22","TITULAR":"FRANCISCO RAMIREZ LOPEZ"},"geometry":{"type":"Polygon","coordinates":[[[-99.301002,19.950241],[-99.300836,19.949429],[-99.301206,19.949417],[-99.301424,19.94948],[-99.301293,19.950106],[-99.301248,19.950332],[-99.301002,19.950241]]]}},{"type":"Feature","properties":{"PARCELA":"304 Z-1 P5/5","NÚCLEO AG":"PUEBLO NUEVO DE JASSO","TIPO NÚCL":"EJIDO","MUNICIPIO":"TULA DE ALLENDE","ESTADO":"HIDALGO","SUP":"10664.802","TIPO DE PA":"PARCELAS INDIVIDUALES","CERTIFICAD":"161784","CALIDAD":"EJIDATARIO (A)","GENERO":"MASCULINO","FECHA DE N":"1940/11/23","DOMICILIO":"CONOCIDO, PUEBLO NUEVO DE JASSO, HGO.","TRÁMITE Q":"ACUERDO DE ASAMBLEA DE LA DELIMITACIÓN, DESTINO Y ASIGNACIÓN DE LAS TIERRAS EJIDALES O COMUNALES. INSCRIPCIÓN.","FECHA DE A":"2001-04-22","TITULAR":"CLEMENTE ACEVEDO JIMENEZ"},"geometry":{"type":"Polygon","coordinates":[[[-99.300147,19.950554],[-99.300153,19.950279],[-99.300171,19.950258],[-99.300235,19.949215],[-99.300421,19.949333],[-99.300533,19.949386],[-99.300664,19.949412],[-99.300836,19.949429],[-99.301002,19.950241],[-99.301098,19.950567],[-99.300182,19.950563],[-99.300147,19.950554]]]}},{"type":"Feature","properties":{"PARCELA":"311 Z-1 P5/5","NÚCLEO AG":"PUEBLO NUEVO DE JASSO","TIPO NÚCL":"EJIDO","MUNICIPIO":"TULA DE ALLENDE","ESTADO":"HIDALGO","SUP":"15965.681","TIPO DE PA":"PARCELAS INDIVIDUALES","CERTIFICAD":"192957","CALIDAD":"EJIDATARIO (A)","GENERO":"MASCULINO","FECHA DE N":"1967/10/30","DOMICILIO":"M. OCAMPO #205, PUEBLO NUEVO, TULA, HGO.","CURP":"SERE671030HHGGML03","TRÁMITE Q":"TRANSMISIÓN DE DERECHOS POR SUCESIÓN. INSCRIPCIÓN.","FECHA DE A":"2004-05-19","TITULAR":"ELEUTERIO SEGOVIA RAMIREZ"},"geometry":{"type":"Polygon","coordinates":[[[-99.300519,19.949251],[-99.30099,19.948779],[-99.301004,19.948764],[-99.301423,19.94836],[-99.301517,19.948498],[-99.301668,19.948621],[-99.30181,19.948705],[-99.301959,19.94877],[-99.302217,19.948917],[-99.302376,19.948977],[-99.302542,19.949005],[-99.30264,19.949206],[-99.302626,19.949248],[-99.302146,19.949767],[-99.301489,19.949381],[-99.301207,19.949358],[-99.300754,19.949337],[-99.300606,19.949257],[-99.300519,19.949251]]]}},{"type":"Feature","properties":{"PARCELA":"315 Z-1 P5/5","NÚCLEO AG":"PUEBLO NUEVO DE JASSO","TIPO NÚCL":"EJIDO","MUNICIPIO":"TULA DE ALLENDE","ESTADO":"HIDALGO","SUP":"7481.758","TIPO DE PA":"PARCELAS INDIVIDUALES","CERTIFICAD":"161800","CALIDAD":"EJIDATARIO (A)","GENERO":"MASCULINO","FECHA DE N":"1962/10/22","DOMICILIO":"CONOCIDO, PUEBLO NUEVO DE JASSO, HGO.","TRÁMITE Q":"ACUERDO DE ASAMBLEA DE LA DELIMITACIÓN, DESTINO Y ASIGNACIÓN DE LAS TIERRAS EJIDALES O COMUNALES. INSCRIPCIÓN.","FECHA DE A":"2001-04-22","TITULAR":"JUAN MORENO FUENTES"},"geometry":{"type":"Polygon","coordinates":[[[-99.30099,19.948779],[-99.300519,19.949251],[-99.300482,19.949272],[-99.299885,19.948791],[-99.29987,19.948658],[-99.299861,19.948542],[-99.300141,19.948369],[-99.30028,19.948251],[-99.300357,19.948237],[-99.30099,19.948779]]]}},{"type":"Feature","properties":{"PARCELA":"321 Z-1 P5/5","NÚCLEO AG":"PUEBLO NUEVO DE JASSO","TIPO NÚCL":"EJIDO","MUNICIPIO":"TULA DE ALLENDE","ESTADO":"HIDALGO","SUP":"5099.221","TIPO DE PA":"PARCELAS INDIVIDUALES","CERTIFICAD":"161788","CALIDAD":"EJIDATARIO (A)","GENERO":"MASCULINO","FECHA DE N":"1957/01/12","DOMICILIO":"CONOCIDO, PUEBLO NUEVO DE JASSO, HGO.","CURP":"OUMA570112HHGLRL00","TRÁMITE Q":"ACUERDO DE ASAMBLEA DE LA DELIMITACIÓN, DESTINO Y ASIGNACIÓN DE LAS TIERRAS EJIDALES O COMUNALES. INSCRIPCIÓN.","FECHA DE A":"2001-04-22","TITULAR":"ALFREDO OLGUIN MARTINEZ"},"geometry":{"type":"Polygon","coordinates":[[[-99.300498,19.948161],[-99.30057,19.94817],[-99.300946,19.947872],[-99.301423,19.94836],[-99.301004,19.948764],[-99.300389,19.948211],[-99.300498,19.948161]]]}},{"type":"Feature","properties":{"PARCELA":"323 Z-1 P5/5","NÚCLEO AG":"PUEBLO NUEVO DE JASSO","TIPO NÚCL":"EJIDO","MUNICIPIO":"TULA DE ALLENDE","ESTADO":"HIDALGO","SUP":"4981.512","TIPO DE PA":"PARCELAS INDIVIDUALES","CERTIFICAD":"221489","CALIDAD":"EJIDATARIO (A)","GENERO":"MASCULINO","FECHA DE N":"1940/11/28","DOMICILIO":"CONOCIDO, PUEBLO NUEVO DE JASSO, HGO.","CURP":"VIZE401128HHGLMS00","TRÁMITE Q":"ENAJENACIÓN DE DERECHOS PARCELARIOS. INSCRIPCIÓN.","FECHA DE A":"2005-06-30","TITULAR":"ESTEBAN VILLEDA ZAMORANO"},"geometry":{"type":"Polygon","coordinates":[[[-99.298613,19.947722],[-99.298916,19.947488],[-99.299872,19.948296],[-99.299535,19.948416],[-99.29939,19.948357],[-99.298613,19.947722]]]}},{"type":"Feature","properties":{"PARCELA":"325 Z01 P5/5","NÚCLEO AG":"PUEBLO NUEVO DE JASSO","TIPO NÚCL":"EJIDO","MUNICIPIO":"TULA DE ALLENDE","ESTADO":"HIDALGO","SUP":"18025.868","TIPO DE PA":"PARCELAS INDIVIDUALES","CERTIFICAD":"259355","CALIDAD":"POSESIONARIO (A)","GENERO":"MASCULINO","FECHA DE N":"1934/07/31","DOMICILIO":"C. APAN 3, SAN MIGUEL VINDHO, HGO.","CURP":"MAHA340731HQTLRB07","TRÁMITE Q":"ENAJENACIÓN DE DERECHOS PARCELARIOS. INSCRIPCIÓN.","FECHA DE A":"2003-03-01","TITULAR":"J. ABDON MALDONADO HERNANDEZ"},"geometry":{"type":"Polygon","coordinates":[[[-99.298916,19.947488],[-99.29949,19.946952],[-99.300213,19.946952],[-99.300539,19.947137],[-99.300757,19.947461],[-99.300508,19.94786],[-99.300405,19.947967],[-99.300193,19.948143],[-99.299872,19.948296],[-99.298916,19.947488]]]}},{"type":"Feature","properties":{"PARCELA":"332 Z-1 P5/5","NÚCLEO AG":"PUEBLO NUEVO DE JASSO","TIPO NÚCL":"EJIDO","MUNICIPIO":"TULA DE ALLENDE","ESTADO":"HIDALGO","SUP":"17501.36","TIPO DE PA":"PARCELAS INDIVIDUALES","CERTIFICAD":"293681","CALIDAD":"EJIDATARIO (A)","GENERO":"MASCULINO","FECHA DE N":"1947/02/24","DOMICILIO":"VALENTIN GOMEZ FARIAS,PBLO. NVO. DE JASS","TRÁMITE Q":"INSCRIPCION DE SENTENCIAS","FECHA DE A":"2016-05-30","TITULAR":"MARIO LOPEZ ROMERO"},"geometry":{"type":"Polygon","coordinates":[[[-99.297159,19.946568],[-99.2983,19.946477],[-99.298715,19.946444],[-99.298756,19.946427],[-99.298803,19.946541],[-99.299066,19.946751],[-99.299219,19.946808],[-99.299523,19.946863],[-99.29949,19.946952],[-99.298916,19.947488],[-99.298613,19.947722],[-99.297159,19.946568]]]}},{"type":"Feature","properties":{"PARCELA":"335 Z-1 P5/5","NÚCLEO AG":"PUEBLO NUEVO DE JASSO","TIPO NÚCL":"EJIDO","MUNICIPIO":"TULA DE ALLENDE","ESTADO":"HIDALGO","SUP":"10418.029","TIPO DE PA":"PARCELAS INDIVIDUALES","CERTIFICAD":"275282","CALIDAD":"EJIDATARIO (A)","GENERO":"FEMENINO","FECHA DE N":"1973/10/20","DOMICILIO":"CONOCIDO, PUEBLO NUEVO DE JASSO, HGO.","CURP":"OERC731020MHGLMR07","TRÁMITE Q":"TRANSMISIÓN DE DERECHOS POR SUCESIÓN. INSCRIPCIÓN.","FECHA DE A":"2010-03-23","TITULAR":"MARIA DEL CARMEN OLVERA RAMOS"},"geometry":{"type":"Polygon","coordinates":[[[-99.298888,19.946416],[-99.300006,19.946105],[-99.30022,19.946222],[-99.300493,19.946385],[-99.300654,19.946526],[-99.301148,19.947054],[-99.300991,19.947085],[-99.300584,19.946814],[-99.30049,19.946761],[-99.299771,19.946759],[-99.29942,19.946727],[-99.299229,19.946693],[-99.299045,19.946607],[-99.298888,19.946416]]]}},{"type":"Feature","properties":{"PARCELA":"360 Z-1 P5/5","NÚCLEO AG":"PUEBLO NUEVO DE JASSO","TIPO NÚCL":"EJIDO","MUNICIPIO":"TULA DE ALLENDE","ESTADO":"HIDALGO","SUP":"573.137","TIPO DE PA":"PARCELA A FAVOR DEL NUCLEO","TRÁMITE Q":"ACUERDO DE ASAMBLEA DE LA DELIMITACIÓN, DESTINO Y ASIGNACIÓN DE LAS TIERRAS EJIDALES O COMUNALES. INSCRIPCIÓN.","FECHA DE A":"2001-04-22"},"geometry":{"type":"Polygon","coordinates":[[[-99.301098,19.950567],[-99.301002,19.950241],[-99.301248,19.950332],[-99.301201,19.950589],[-99.301098,19.950567]]]}},{"type":"Feature","properties":{"PARCELA":"118 Z-1 P1/2","NÚCLEO AG":"TULA DE ALLENDE","TIPO NÚCL":"EJIDO","MUNICIPIO":"TULA DE ALLENDE","ESTADO":"HIDALGO","SUP":"31802.578","TIPO DE PA":"PARCELAS INDIVIDUALES","CERTIFICAD":"168742","CALIDAD":"EJIDATARIO (A)","GENERO":"FEMENINO","FECHA DE N":"1951/04/05","DOMICILIO":"CARR. TULA-TLAHUELILPAN, HGO.","TRÁMITE Q":"TRANSMISIÓN DE DERECHOS POR SUCESIÓN. INSCRIPCIÓN.","FECHA DE A":"2002-07-12","TITULAR":"EMILIA GARCIA GARCIA"},"geometry":{"type":"Polygon","coordinates":[[[-99.340617,20.073767],[-99.340109,20.072536],[-99.342006,20.07213],[-99.342273,20.073262],[-99.342439,20.073779],[-99.340617,20.073767]]]}},{"type":"Feature","properties":{"PARCELA":"119 Z-1 P1/2","NÚCLEO AG":"TULA DE ALLENDE","TIPO NÚCL":"EJIDO","MUNICIPIO":"TULA DE ALLENDE","ESTADO":"HIDALGO","SUP":"37270.78","TIPO DE PA":"PARCELAS INDIVIDUALES","CERTIFICAD":"122873","CALIDAD":"EJIDATARIO (A)","GENERO":"MASCULINO","FECHA DE N":"1935/12/06","DOMICILIO":"CONOCIDO, TULA DE ALLENDE, HGO.","CURP":"PARL351206HHGRSN08","TRÁMITE Q":"ACUERDO DE ASAMBLEA DE LA DELIMITACIÓN, DESTINO Y ASIGNACIÓN DE LAS TIERRAS EJIDALES O COMUNALES. INSCRIPCIÓN.","FECHA DE A":"1998-02-22","TITULAR":"LEONARDO PAREDES RESENDIZ"},"geometry":{"type":"Polygon","coordinates":[[[-99.339727,20.073731],[-99.338898,20.073696],[-99.338847,20.073703],[-99.338259,20.073627],[-99.338246,20.073131],[-99.338014,20.072441],[-99.339866,20.071967],[-99.340109,20.072536],[-99.340617,20.073767],[-99.339727,20.073731]]]}},{"type":"Feature","properties":{"PARCELA":"126 Z-1 P1/2","NÚCLEO AG":"TULA DE ALLENDE","TIPO NÚCL":"EJIDO","MUNICIPIO":"TULA DE ALLENDE","ESTADO":"HIDALGO","SUP":"41245.471","TIPO DE PA":"PARCELAS INDIVIDUALES","CERTIFICAD":"255856","CALIDAD":"EJIDATARIO (A)","GENERO":"MASCULINO","FECHA DE N":"1957/03/11","DOMICILIO":"CONOCIDO, COL. 16 DE ENERO, TULA, HGO.","CURP":"VICG570311HHGLRR01","TRÁMITE Q":"TRANSMISIÓN DE DERECHOS POR SUCESIÓN. INSCRIPCIÓN.","FECHA DE A":"2005-02-06","TITULAR":"GREGORIO VILLEGAS CERVANTES"},"geometry":{"type":"Polygon","coordinates":[[[-99.339866,20.071967],[-99.339419,20.070887],[-99.339467,20.070403],[-99.339238,20.070294],[-99.339438,20.070012],[-99.340197,20.06945],[-99.340161,20.06982],[-99.340205,20.069893],[-99.340386,20.070026],[-99.340795,20.070436],[-99.340861,20.070781],[-99.340733,20.071178],[-99.340839,20.07147],[-99.341418,20.071869],[-99.341703,20.071928],[-99.342006,20.07213],[-99.340109,20.072536],[-99.339866,20.071967]]]}},{"type":"Feature","properties":{"PARCELA":"127 Z-1 P1/2","NÚCLEO AG":"TULA DE ALLENDE","TIPO NÚCL":"EJIDO","MUNICIPIO":"TULA DE ALLENDE","ESTADO":"HIDALGO","SUP":"44086.038","TIPO DE PA":"PARCELAS INDIVIDUALES","CERTIFICAD":"1052755","CALIDAD":"EJIDATARIO (A)","GENERO":"MASCULINO","FECHA DE N":"1979/07/29","DOMICILIO":"AV. MUSEO 11, COL. 16 DE ENERO, TULA DE ALLENDE, HGO.","CURP":"VIAJ790729HHGLLV04","TRÁMITE Q":"INSCRIPCION DE SENTENCIAS","FECHA DE A":"2019-06-18","TITULAR":"JAVIER VILLEGAS ALCANTARA"},"geometry":{"type":"Polygon","coordinates":[[[-99.339238,20.070294],[-99.339467,20.070403],[-99.339419,20.070887],[-99.339866,20.071967],[-99.338014,20.072441],[-99.337696,20.071628],[-99.338045,20.071481],[-99.337875,20.071112],[-99.337891,20.071105],[-99.337783,20.070919],[-99.33786,20.070856],[-99.337796,20.070761],[-99.337642,20.070542],[-99.337355,20.070221],[-99.337633,20.069926],[-99.337741,20.069833],[-99.338385,20.070079],[-99.338532,20.070261],[-99.338704,20.07026],[-99.339041,20.070284],[-99.339238,20.070294]]]}},{"type":"Feature","properties":{"PARCELA":"145 Z-1 P1/2","NÚCLEO AG":"TULA DE ALLENDE","TIPO NÚCL":"EJIDO","MUNICIPIO":"TULA DE ALLENDE","ESTADO":"HIDALGO","SUP":"41726.169","TIPO DE PA":"PARCELAS INDIVIDUALES","CERTIFICAD":"216499","CALIDAD":"EJIDATARIO (A)","GENERO":"MASCULINO","FECHA DE N":"1974/12/12","DOMICILIO":"C. CHAC-MOOL 31, TULA DE ALLENDE, HGO.","TRÁMITE Q":"TRANSMISIÓN DE DERECHOS POR SUCESIÓN. INSCRIPCIÓN.","FECHA DE A":"2000-05-07","TITULAR":"J. GUADALUPE JIMENEZ MARTINEZ"},"geometry":{"type":"Polygon","coordinates":[[[-99.340197,20.06945],[-99.339438,20.070012],[-99.339204,20.070056],[-99.338987,20.070032],[-99.338709,20.070037],[-99.338559,20.07001],[-99.337758,20.069692],[-99.337409,20.069521],[-99.336922,20.069375],[-99.336892,20.069029],[-99.337555,20.068975],[-99.338336,20.068853],[-99.338811,20.068748],[-99.339593,20.0684],[-99.339564,20.068333],[-99.340057,20.068098],[-99.340226,20.068225],[-99.340213,20.068291],[-99.340254,20.068885],[-99.340226,20.069178],[-99.340197,20.06945]]]}},{"type":"Feature","properties":{"PARCELA":"152 Z-1 P1","NÚCLEO AG":"TULA DE ALLENDE","TIPO NÚCL":"EJIDO","MUNICIPIO":"TULA DE ALLENDE","ESTADO":"HIDALGO","SUP":"12413.997","TIPO DE PA":"PARCELAS INDIVIDUALES","CERTIFICAD":"1036573","CALIDAD":"POSESIONARIO (A)","GENERO":"MASCULINO","FECHA DE N":"1963/06/17","DOMICILIO":"A. OBREGON #10, ITURBIDE, TULA, HGO.","CURP":"MEGM630617HHGRNN06","TRÁMITE Q":"ENAJENACIÓN DE DERECHOS PARCELARIOS. INSCRIPCIÓN.","FECHA DE A":"2015-01-22","TITULAR":"MANUEL LORENZO MERA GONZALEZ"},"geometry":{"type":"Polygon","coordinates":[[[-99.33178,20.0693],[-99.330867,20.067667],[-99.332412,20.068082],[-99.33178,20.0693]]]}},{"type":"Feature","properties":{"PARCELA":"65 Z-1 P1/2","NÚCLEO AG":"TULA DE ALLENDE","TIPO NÚCL":"EJIDO","MUNICIPIO":"TULA DE ALLENDE","ESTADO":"HIDALGO","SUP":"20349.064","TIPO DE PA":"PARCELAS INDIVIDUALES","CERTIFICAD":"1003370","CALIDAD":"EJIDATARIO (A)","GENERO":"MASCULINO","FECHA DE N":"1965/07/24","DOMICILIO":"16 DE ENERO S/N, TULA DE ALLENDE, HGO.","CURP":"DAVA650724HHGMLN08","TRÁMITE Q":"TRANSMISIÓN DE DERECHOS POR SUCESIÓN. INSCRIPCIÓN.","FECHA DE A":"1998-02-22","TITULAR":"ANTONIO DAMIAN VILLEGAS"},"geometry":{"type":"Polygon","coordinates":[[[-99.3432,20.075537],[-99.344923,20.075537],[-99.344255,20.075981],[-99.344421,20.076302],[-99.344923,20.077018],[-99.345632,20.077164],[-99.34597,20.07724],[-99.344508,20.077246],[-99.344069,20.077208],[-99.343991,20.077002],[-99.3432,20.075537]]]}},{"type":"Feature","properties":{"PARCELA":"93 Z-1 P1/2","NÚCLEO AG":"TULA DE ALLENDE","TIPO NÚCL":"EJIDO","MUNICIPIO":"TULA DE ALLENDE","ESTADO":"HIDALGO","SUP":"28129.855","TIPO DE PA":"PARCELAS INDIVIDUALES","CERTIFICAD":"122862","CALIDAD":"EJIDATARIO (A)","GENERO":"FEMENINO","FECHA DE N":"1941/03/11","DOMICILIO":"CONOCIDO, TULA DE ALLENDE, HGO.","CURP":"GAGH410311MHGRRL04","TRÁMITE Q":"ACUERDO DE ASAMBLEA DE LA DELIMITACIÓN, DESTINO Y ASIGNACIÓN DE LAS TIERRAS EJIDALES O COMUNALES. INSCRIPCIÓN.","FECHA DE A":"1998-02-22","TITULAR":"HILARIA GARCIA GARCIA"},"geometry":{"type":"Polygon","coordinates":[[[-99.3432,20.075537],[-99.342508,20.073757],[-99.342322,20.073266],[-99.343611,20.073121],[-99.343783,20.073637],[-99.343799,20.073972],[-99.34326,20.074511],[-99.343514,20.07451],[-99.344029,20.075287],[-99.344923,20.075537],[-99.3432,20.075537]]]}},{"type":"Feature","properties":{"PARCELA":"94 Z-1 P1/2","NÚCLEO AG":"TULA DE ALLENDE","TIPO NÚCL":"EJIDO","MUNICIPIO":"TULA DE ALLENDE","ESTADO":"HIDALGO","SUP":"36412.122","TIPO DE PA":"PARCELAS INDIVIDUALES","CERTIFICAD":"122822","CALIDAD":"EJIDATARIO (A)","GENERO":"MASCULINO","FECHA DE N":"1967/10/15","DOMICILIO":"CONOCIDO, TULA DE ALLENDE, HGO.","CURP":"ROMJ671015HHGDNS07","TRÁMITE Q":"ACUERDO DE ASAMBLEA DE LA DELIMITACIÓN, DESTINO Y ASIGNACIÓN DE LAS TIERRAS EJIDALES O COMUNALES. INSCRIPCIÓN.","FECHA DE A":"1998-02-22","TITULAR":"J. JESUS RODRIGUEZ MONTUFAR"},"geometry":{"type":"Polygon","coordinates":[[[-99.340617,20.073767],[-99.342439,20.073779],[-99.343103,20.075464],[-99.341429,20.07562],[-99.340617,20.073767]]]}},{"type":"Feature","properties":{"PARCELA":"105 Z-4 P1/1","NÚCLEO AG":"SAN MIGUEL DE LAS PIEDRAS II","TIPO NÚCL":"EJIDO","MUNICIPIO":"TULA DE ALLENDE","ESTADO":"HIDALGO","SUP":"14495.281","TIPO DE PA":"PARCELAS INDIVIDUALES","CERTIFICAD":"202131","CALIDAD":"EJIDATARIO (A)","GENERO":"MASCULINO","FECHA DE N":"1942/04/13","DOMICILIO":"SAN MIGUEL DE LAS PIEDRAS II, TULA, HGO.","TRÁMITE Q":"ACUERDO DE ASAMBLEA DE LA DELIMITACIÓN, DESTINO Y ASIGNACIÓN DE LAS TIERRAS EJIDALES O COMUNALES. INSCRIPCIÓN.","FECHA DE A":"2004-10-17","TITULAR":"ELIAS FABELA CASTILLO"},"geometry":{"type":"Polygon","coordinates":[[[-99.469416,20.097467],[-99.469417,20.097458],[-99.469532,20.096583],[-99.469534,20.096573],[-99.470363,20.096848],[-99.470489,20.096838],[-99.470641,20.097079],[-99.470872,20.097296],[-99.470526,20.097991],[-99.469416,20.097467]]]}},{"type":"Feature","properties":{"PARCELA":"118 Z-4 P1/1","NÚCLEO AG":"SAN MIGUEL DE LAS PIEDRAS II","TIPO NÚCL":"EJIDO","MUNICIPIO":"TULA DE ALLENDE","ESTADO":"HIDALGO","SUP":"17596.567","TIPO DE PA":"PARCELAS INDIVIDUALES","CERTIFICAD":"202138","CALIDAD":"EJIDATARIO (A)","GENERO":"MASCULINO","FECHA DE N":"1942/04/13","DOMICILIO":"SAN MIGUEL DE LAS PIEDRAS II, TULA, HGO.","TRÁMITE Q":"ACUERDO DE ASAMBLEA DE LA DELIMITACIÓN, DESTINO Y ASIGNACIÓN DE LAS TIERRAS EJIDALES O COMUNALES. INSCRIPCIÓN.","FECHA DE A":"2004-10-17","TITULAR":"ELIAS FABELA CASTILLO"},"geometry":{"type":"Polygon","coordinates":[[[-99.469534,20.096573],[-99.469535,20.096564],[-99.469696,20.09472],[-99.470335,20.094934],[-99.470489,20.096838],[-99.470363,20.096848],[-99.469534,20.096573]]]}},{"type":"Feature","properties":{"PARCELA":"119 Z-4 P1/1","NÚCLEO AG":"SAN MIGUEL DE LAS PIEDRAS II","TIPO NÚCL":"EJIDO","MUNICIPIO":"TULA DE ALLENDE","ESTADO":"HIDALGO","SUP":"38184.984","TIPO DE PA":"PARCELAS INDIVIDUALES","CERTIFICAD":"1063579","CALIDAD":"AVECINDADO (A)","GENERO":"MASCULINO","FECHA DE N":"1966/01/17","DOMICILIO":"LUIS DONALDO COLOSIO 96, SAN LORENZO, TULA DE ALLENDE, HGO.","CURP":"AEMA660117HHGNNN07","TRÁMITE Q":"ENAJENACIÓN DE DERECHOS PARCELARIOS. INSCRIPCIÓN.","FECHA DE A":"2004-10-17","TITULAR":"ANTONIO ANGELES MONTOYA"},"geometry":{"type":"Polygon","coordinates":[[[-99.467946,20.09404],[-99.469696,20.09472],[-99.469535,20.096564],[-99.467801,20.09586],[-99.467946,20.09404]]]}},{"type":"Feature","properties":{"PARCELA":"120 Z-4 P1/1","NÚCLEO AG":"SAN MIGUEL DE LAS PIEDRAS II","TIPO NÚCL":"EJIDO","MUNICIPIO":"TULA DE ALLENDE","ESTADO":"HIDALGO","SUP":"37526.161","TIPO DE PA":"PARCELAS INDIVIDUALES","CERTIFICAD":"282027","CALIDAD":"EJIDATARIO (A)","GENERO":"FEMENINO","FECHA DE N":"1982/09/04","DOMICILIO":"CON., BATHA, ATOTONILCO DE TULA, HGO.","CURP":"AAEA820904MHGLSN02","TRÁMITE Q":"ENAJENACIÓN DE DERECHOS PARCELARIOS. INSCRIPCIÓN.","FECHA DE A":"2009-10-12","TITULAR":"ANGELA NEBAI ALFARO ESCAMILLA"},"geometry":{"type":"Polygon","coordinates":[[[-99.466119,20.094543],[-99.467899,20.094038],[-99.467747,20.095863],[-99.465881,20.096384],[-99.466119,20.094543]]]}},{"type":"Feature","properties":{"PARCELA":"127 Z4 P1/1","NÚCLEO AG":"SAN MIGUEL DE LAS PIEDRAS II","TIPO NÚCL":"EJIDO","MUNICIPIO":"TULA DE ALLENDE","ESTADO":"HIDALGO","SUP":"35820.542","TIPO DE PA":"PARCELAS INDIVIDUALES","CERTIFICAD":"1031082","CALIDAD":"EJIDATARIO (A)","GENERO":"MASCULINO","FECHA DE N":"1939/12/18","DOMICILIO":"JACARANDAS S/N, LOC. SAN MIGUEL DE LAS PIEDRAS, HGO.","TRÁMITE Q":"ACUERDO DE ASAMBLEA DE  ASIGNACIÓN DE DERECHOS Y SOLARES","FECHA DE A":"2004-10-17","TITULAR":"FILIBERTO FABELA JIMENEZ"},"geometry":{"type":"Polygon","coordinates":[[[-99.466297,20.092791],[-99.468102,20.092225],[-99.467899,20.094038],[-99.466119,20.094543],[-99.466297,20.092791]]]}},{"type":"Feature","properties":{"PARCELA":"128 Z-4 P1/1","NÚCLEO AG":"SAN MIGUEL DE LAS PIEDRAS II","TIPO NÚCL":"EJIDO","MUNICIPIO":"TULA DE ALLENDE","ESTADO":"HIDALGO","SUP":"35740.524","TIPO DE PA":"PARCELAS INDIVIDUALES","CERTIFICAD":"201994","CALIDAD":"EJIDATARIO (A)","GENERO":"MASCULINO","FECHA DE N":"1960/02/11","DOMICILIO":"SAN MIGUEL DE LAS PIEDRAS II, TULA, HGO.","CURP":"CACP600211HHGDSS08","TRÁMITE Q":"ACUERDO DE ASAMBLEA DE LA DELIMITACIÓN, DESTINO Y ASIGNACIÓN DE LAS TIERRAS EJIDALES O COMUNALES. INSCRIPCIÓN.","FECHA DE A":"2004-10-17","TITULAR":"PASCUAL CADENA CASTILLO"},"geometry":{"type":"Polygon","coordinates":[[[-99.464496,20.093387],[-99.466222,20.092798],[-99.466052,20.09456],[-99.464205,20.095244],[-99.464496,20.093387]]]}},{"type":"Feature","properties":{"PARCELA":"139 Z-4 P1/1","NÚCLEO AG":"SAN MIGUEL DE LAS PIEDRAS II","TIPO NÚCL":"EJIDO","MUNICIPIO":"TULA DE ALLENDE","ESTADO":"HIDALGO","SUP":"36583.397","TIPO DE PA":"PARCELAS INDIVIDUALES","CERTIFICAD":"202202","CALIDAD":"EJIDATARIO (A)","GENERO":"MASCULINO","FECHA DE N":"1946/08/26","DOMICILIO":"SAN MIGUEL DE LAS PIEDRAS II, TULA, HGO.","CURP":"GAHJ460826HHGRRS09","TRÁMITE Q":"ACUERDO DE ASAMBLEA DE LA DELIMITACIÓN, DESTINO Y ASIGNACIÓN DE LAS TIERRAS EJIDALES O COMUNALES. INSCRIPCIÓN.","FECHA DE A":"2004-10-17","TITULAR":"J. JESUS GARCIA HERNANDEZ"},"geometry":{"type":"Polygon","coordinates":[[[-99.464629,20.091568],[-99.46647,20.090943],[-99.466222,20.092798],[-99.464496,20.093387],[-99.464629,20.091568]]]}},{"type":"Feature","properties":{"PARCELA":"140 Z-4 P1/1","NÚCLEO AG":"SAN MIGUEL DE LAS PIEDRAS II","TIPO NÚCL":"EJIDO","MUNICIPIO":"TULA DE ALLENDE","ESTADO":"HIDALGO","SUP":"40332.75","TIPO DE PA":"PARCELAS INDIVIDUALES","CERTIFICAD":"1023669","CALIDAD":"EJIDATARIO (A)","GENERO":"MASCULINO","FECHA DE N":"1954/06/17","DOMICILIO":"LOC. SAN MIGUEL DE LAS PIEDRAS S/N, TULA DE ALLENDE, HGO.","TRÁMITE Q":"TRANSMISIÓN DE DERECHOS POR SUCESIÓN. INSCRIPCIÓN.","FECHA DE A":"2004-10-17","TITULAR":"BALDOMERO MERCADO TREJO"},"geometry":{"type":"Polygon","coordinates":[[[-99.462775,20.092209],[-99.464629,20.091568],[-99.464496,20.093387],[-99.462479,20.094146],[-99.462775,20.092209]]]}},{"type":"Feature","properties":{"PARCELA":"150 Z-04 P1/1","NÚCLEO AG":"SAN MIGUEL DE LAS PIEDRAS II","TIPO NÚCL":"EJIDO","MUNICIPIO":"TULA DE ALLENDE","ESTADO":"HIDALGO","SUP":"36958.898","TIPO DE PA":"PARCELAS INDIVIDUALES","CERTIFICAD":"1064274","CALIDAD":"EJIDATARIO (A)","GENERO":"MASCULINO","FECHA DE N":"1972/05/27","DOMICILIO":"SAN MIGUEL DE LAS PIEDRAS 2° SECC. TULA DE ALLENDE, HIDALGO","CURP":"MAFJ720527HHGRBN03","TRÁMITE Q":"TRANSMISIÓN DE DERECHOS POR SUCESIÓN. INSCRIPCIÓN.","FECHA DE A":"2008-06-29","TITULAR":"JUAN ANTONIO MARTINEZ FIBELA"},"geometry":{"type":"Polygon","coordinates":[[[-99.462965,20.090453],[-99.464858,20.089768],[-99.464629,20.091568],[-99.462775,20.092209],[-99.462965,20.090453]]]}},{"type":"Feature","properties":{"PARCELA":"151 Z-4 P1/1","NÚCLEO AG":"SAN MIGUEL DE LAS PIEDRAS II","TIPO NÚCL":"EJIDO","MUNICIPIO":"TULA DE ALLENDE","ESTADO":"HIDALGO","SUP":"32578.659","TIPO DE PA":"PARCELAS INDIVIDUALES","CERTIFICAD":"202060","CALIDAD":"EJIDATARIO (A)","GENERO":"MASCULINO","FECHA DE N":"1961/05/14","DOMICILIO":"SAN MIGUEL DE LAS PIEDRAS II, TULA, HGO.","CURP":"ROOD610514HHGDLV02","TRÁMITE Q":"ACUERDO DE ASAMBLEA DE LA DELIMITACIÓN, DESTINO Y ASIGNACIÓN DE LAS TIERRAS EJIDALES O COMUNALES. INSCRIPCIÓN.","FECHA DE A":"2004-10-17","TITULAR":"DAVID RODRIGUEZ OLVERA"},"geometry":{"type":"Polygon","coordinates":[[[-99.461361,20.091062],[-99.462899,20.090467],[-99.462716,20.092228],[-99.460976,20.092965],[-99.461361,20.091062]]]}},{"type":"Feature","properties":{"PARCELA":"164 Z-4 P1/1","NÚCLEO AG":"SAN MIGUEL DE LAS PIEDRAS II","TIPO NÚCL":"EJIDO","MUNICIPIO":"TULA DE ALLENDE","ESTADO":"HIDALGO","SUP":"30140.568","TIPO DE PA":"PARCELAS INDIVIDUALES","CERTIFICAD":"202218","CALIDAD":"EJIDATARIO (A)","GENERO":"MASCULINO","FECHA DE N":"1972/12/20","DOMICILIO":"SAN MIGUEL DE LAS PIEDRAS II, TULA, HGO.","CURP":"OUVF721220HHGLLL05","TRÁMITE Q":"ACUERDO DE ASAMBLEA DE LA DELIMITACIÓN, DESTINO Y ASIGNACIÓN DE LAS TIERRAS EJIDALES O COMUNALES. INSCRIPCIÓN.","FECHA DE A":"2004-10-17","TITULAR":"FILOGONIO OLGUIN VELAZQUEZ"},"geometry":{"type":"Polygon","coordinates":[[[-99.45942,20.090705],[-99.459623,20.089741],[-99.46056,20.089439],[-99.461479,20.089429],[-99.461361,20.091062],[-99.45942,20.090705]]]}},{"type":"Feature","properties":{"PARCELA":"165 Z4 P01/1","NÚCLEO AG":"SAN MIGUEL DE LAS PIEDRAS II","TIPO NÚCL":"EJIDO","MUNICIPIO":"TULA DE ALLENDE","ESTADO":"HIDALGO","SUP":"4464.674","TIPO DE PA":"PARCELAS INDIVIDUALES","CERTIFICAD":"1022711","CALIDAD":"EJIDATARIO (A)","GENERO":"FEMENINO","FECHA DE N":"1939/06/06","DOMICILIO":"EMILIANO ZAPATA NO.9, HEROES CARRANZA, T","TRÁMITE Q":"ACUERDO DE ASAMBLEA DE  ASIGNACIÓN DE DERECHOS Y SOLARES","TITULAR":"HERMINIA HERNANDEZ PEREZ"},"geometry":{"type":"Polygon","coordinates":[[[-99.458602,20.090068],[-99.45954,20.089775],[-99.459312,20.090668],[-99.458602,20.090068]]]}},{"type":"Feature","properties":{"PARCELA":"166 Z4 P01/1","NÚCLEO AG":"SAN MIGUEL DE LAS PIEDRAS II","TIPO NÚCL":"EJIDO","MUNICIPIO":"TULA DE ALLENDE","ESTADO":"HIDALGO","SUP":"7650.086","TIPO DE PA":"PARCELAS INDIVIDUALES","CERTIFICAD":"1022712","CALIDAD":"EJIDATARIO (A)","GENERO":"FEMENINO","FECHA DE N":"1939/06/06","DOMICILIO":"EMILIANO ZAPATA NO.9, HEROES CARRANZA, T","TRÁMITE Q":"ACUERDO DE ASAMBLEA DE  ASIGNACIÓN DE DERECHOS Y SOLARES","TITULAR":"HERMINIA HERNANDEZ PEREZ"},"geometry":{"type":"Polygon","coordinates":[[[-99.458047,20.089565],[-99.459617,20.089234],[-99.459548,20.089705],[-99.458545,20.090014],[-99.458047,20.089565]]]}},{"type":"Feature","properties":{"PARCELA":"167 Z-4 P1/1","NÚCLEO AG":"SAN MIGUEL DE LAS PIEDRAS II","TIPO NÚCL":"EJIDO","MUNICIPIO":"TULA DE ALLENDE","ESTADO":"HIDALGO","SUP":"5667.196","TIPO DE PA":"PARCELAS INDIVIDUALES","CERTIFICAD":"202125","CALIDAD":"EJIDATARIO (A)","GENERO":"MASCULINO","FECHA DE N":"1955/11/05","DOMICILIO":"SAN MIGUEL DE LAS PIEDRAS II, TULA, HGO.","CURP":"MAJE551105HHGRML05","TRÁMITE Q":"ACUERDO DE ASAMBLEA DE LA DELIMITACIÓN, DESTINO Y ASIGNACIÓN DE LAS TIERRAS EJIDALES O COMUNALES. INSCRIPCIÓN.","FECHA DE A":"2004-10-17","TITULAR":"ELFEGO MARTINEZ JIMENEZ"},"geometry":{"type":"Polygon","coordinates":[[[-99.45749,20.089581],[-99.458047,20.089565],[-99.458545,20.090014],[-99.457333,20.090199],[-99.45749,20.089581]]]}},{"type":"Feature","properties":{"PARCELA":"168 Z-4 P1/1","NÚCLEO AG":"SAN MIGUEL DE LAS PIEDRAS II","TIPO NÚCL":"EJIDO","MUNICIPIO":"TULA DE ALLENDE","ESTADO":"HIDALGO","SUP":"10906.483","TIPO DE PA":"PARCELAS INDIVIDUALES","CERTIFICAD":"265134","CALIDAD":"EJIDATARIO (A)","GENERO":"MASCULINO","FECHA DE N":"1942/03/27","DOMICILIO":"SAN MIGUEL DE LAS PIEDRAS II, TULA, HGO.","CURP":"MAUA420327HHGRMR07","TRÁMITE Q":"ENAJENACIÓN DE DERECHOS PARCELARIOS. INSCRIPCIÓN.","FECHA DE A":"2007-07-19","TITULAR":"AURELIO MARTINEZ UMBRAL"},"geometry":{"type":"Polygon","coordinates":[[[-99.455844,20.089853],[-99.455933,20.089508],[-99.45749,20.089581],[-99.457333,20.090199],[-99.456331,20.090212],[-99.455844,20.089853]]]}},{"type":"Feature","properties":{"PARCELA":"171 Z4 P01/1","NÚCLEO AG":"SAN MIGUEL DE LAS PIEDRAS II","TIPO NÚCL":"EJIDO","MUNICIPIO":"TULA DE ALLENDE","ESTADO":"HIDALGO","SUP":"23665.508","TIPO DE PA":"PARCELAS INDIVIDUALES","CERTIFICAD":"1022713","CALIDAD":"EJIDATARIO (A)","GENERO":"FEMENINO","FECHA DE N":"1939/06/06","DOMICILIO":"EMILIANO ZAPATA NO.9, HEROES CARRANZA, T","TRÁMITE Q":"ACUERDO DE ASAMBLEA DE  ASIGNACIÓN DE DERECHOS Y SOLARES","TITULAR":"HERMINIA HERNANDEZ PEREZ"},"geometry":{"type":"Polygon","coordinates":[[[-99.457619,20.08917],[-99.458276,20.087539],[-99.459668,20.088942],[-99.459614,20.08909],[-99.457975,20.089458],[-99.457619,20.08917]]]}},{"type":"Feature","properties":{"PARCELA":"172 Z-4 P1/1","NÚCLEO AG":"SAN MIGUEL DE LAS PIEDRAS II","TIPO NÚCL":"EJIDO","MUNICIPIO":"TULA DE ALLENDE","ESTADO":"HIDALGO","SUP":"770.102","TIPO DE PA":"PARCELAS INDIVIDUALES","CERTIFICAD":"202128","CALIDAD":"EJIDATARIO (A)","GENERO":"MASCULINO","FECHA DE N":"1955/11/05","DOMICILIO":"SAN MIGUEL DE LAS PIEDRAS II, TULA, HGO.","CURP":"MAJE551105HHGRML05","TRÁMITE Q":"ACUERDO DE ASAMBLEA DE LA DELIMITACIÓN, DESTINO Y ASIGNACIÓN DE LAS TIERRAS EJIDALES O COMUNALES. INSCRIPCIÓN.","FECHA DE A":"2004-10-17","TITULAR":"ELFEGO MARTINEZ JIMENEZ"},"geometry":{"type":"Polygon","coordinates":[[[-99.457619,20.08917],[-99.457975,20.089458],[-99.457522,20.089465],[-99.457619,20.08917]]]}},{"type":"Feature","properties":{"PARCELA":"173 Z-4 P1/1","NÚCLEO AG":"SAN MIGUEL DE LAS PIEDRAS II","TIPO NÚCL":"EJIDO","MUNICIPIO":"TULA DE ALLENDE","ESTADO":"HIDALGO","SUP":"15780.119","TIPO DE PA":"PARCELAS INDIVIDUALES","CERTIFICAD":"202052","CALIDAD":"EJIDATARIO (A)","GENERO":"MASCULINO","FECHA DE N":"1942/03/27","DOMICILIO":"SAN MIGUEL DE LAS PIEDRAS II, TULA, HGO.","CURP":"MAUA420327HHGRMR07","TRÁMITE Q":"ACUERDO DE ASAMBLEA DE LA DELIMITACIÓN, DESTINO Y ASIGNACIÓN DE LAS TIERRAS EJIDALES O COMUNALES. INSCRIPCIÓN.","FECHA DE A":"2004-10-17","TITULAR":"AURELIO MARTINEZ UMBRAL"},"geometry":{"type":"Polygon","coordinates":[[[-99.45646,20.087993],[-99.457619,20.08917],[-99.457522,20.089465],[-99.455954,20.08943],[-99.45646,20.087993]]]}},{"type":"Feature","properties":{"PARCELA":"176 Z-04 P1/1","NÚCLEO AG":"SAN MIGUEL DE LAS PIEDRAS II","TIPO NÚCL":"EJIDO","MUNICIPIO":"TULA DE ALLENDE","ESTADO":"HIDALGO","SUP":"33690.895","TIPO DE PA":"PARCELAS INDIVIDUALES","CERTIFICAD":"1065171","CALIDAD":"AVECINDADO (A)","GENERO":"MASCULINO","FECHA DE N":"1965/03/03","DOMICILIO":"IXMIQUILPAN NO. 213 LA LOMA DE SAN MIGUEL VINDHO, TULA DE ALLENDE","CURP":"BAMC650303HHGRRL05","TRÁMITE Q":"ENAJENACIÓN DE DERECHOS PARCELARIOS. INSCRIPCIÓN.","FECHA DE A":"2004-10-17","TITULAR":"CELEDONIO BRAVO MORALES"},"geometry":{"type":"Polygon","coordinates":[[[-99.453299,20.086688],[-99.453382,20.086693],[-99.453409,20.08656],[-99.455135,20.087063],[-99.454807,20.088314],[-99.45296,20.088401],[-99.453299,20.086688]]]}},{"type":"Feature","properties":{"PARCELA":"3 Z-1 P1","NÚCLEO AG":"XITEJE DE ZAPATA","TIPO NÚCL":"EJIDO","MUNICIPIO":"TULA DE ALLENDE","ESTADO":"HIDALGO","SUP":"34912.354","TIPO DE PA":"PARCELAS INDIVIDUALES","CERTIFICAD":"289782","CALIDAD":"EJIDATARIO (A)","GENERO":"MASCULINO","FECHA DE N":"1964/08/08","DOMICILIO":"XITEJE DE ZAPATA, TULA DE ALLENDE, HGO.","TRÁMITE Q":"INSCRIPCION DE SENTENCIAS","FECHA DE A":"2011-05-17","TITULAR":"JUAN REYES GARCIA"},"geometry":{"type":"Polygon","coordinates":[[[-99.400074,20.088251],[-99.401507,20.085633],[-99.402303,20.085941],[-99.401396,20.088453],[-99.400074,20.088251]]]}},{"type":"Feature","properties":{"PARCELA":"5 Z-1 P1/1","NÚCLEO AG":"XITEJE DE ZAPATA","TIPO NÚCL":"EJIDO","MUNICIPIO":"TULA DE ALLENDE","ESTADO":"HIDALGO","SUP":"55131.887","TIPO DE PA":"PARCELAS INDIVIDUALES","CERTIFICAD":"291346","CALIDAD":"EJIDATARIO (A)","GENERO":"MASCULINO","FECHA DE N":"1965/11/07","DOMICILIO":"XITEJE DE ZAPATA, TULA DE ALLENDE, HGO.","TRÁMITE Q":"INSCRIPCION DE SENTENCIAS","FECHA DE A":"2014-10-20","TITULAR":"ERNESTO REYES GARCIA"},"geometry":{"type":"Polygon","coordinates":[[[-99.397848,20.086801],[-99.398129,20.084849],[-99.399543,20.085167],[-99.400349,20.085203],[-99.400939,20.085504],[-99.400206,20.086976],[-99.397848,20.086801]]]}},{"type":"Feature","properties":{"PARCELA":"6 Z-01 P1/1","NÚCLEO AG":"XITEJE DE ZAPATA","TIPO NÚCL":"EJIDO","MUNICIPIO":"TULA DE ALLENDE","ESTADO":"HIDALGO","SUP":"32347.032","TIPO DE PA":"PARCELAS INDIVIDUALES","CERTIFICAD":"1080747","CALIDAD":"EJIDATARIO (A)","GENERO":"MASCULINO","FECHA DE N":"1959/05/06","DOMICILIO":"EL CAMPESINO S/N, XITEJE DE ZAPATA, TULA DE ALLENDE, HGO.","CURP":"GAOE590506HHGRLL08","TRÁMITE Q":"INSCRIPCION DE SENTENCIAS","FECHA DE A":"2024-07-04","TITULAR":"ELISEO GARCIA OLVERA"},"geometry":{"type":"Polygon","coordinates":[[[-99.394185,20.085022],[-99.395003,20.085433],[-99.395891,20.085897],[-99.397802,20.086784],[-99.397582,20.087476],[-99.394067,20.085774],[-99.394185,20.085022]]]}},{"type":"Feature","properties":{"PARCELA":"7 Z-1 P1/1","NÚCLEO AG":"XITEJE DE ZAPATA","TIPO NÚCL":"EJIDO","MUNICIPIO":"TULA DE ALLENDE","ESTADO":"HIDALGO","SUP":"52591.129","TIPO DE PA":"PARCELAS INDIVIDUALES","CERTIFICAD":"281622","CALIDAD":"EJIDATARIO (A)","GENERO":"MASCULINO","FECHA DE N":"1978/11/18","DOMICILIO":"HIDALGO, CENTRO, XITEJE DE ZAPATA, HGO.","CURP":"VIFR781118HHGLLN02","TRÁMITE Q":"INSCRIPCION DE SENTENCIAS","FECHA DE A":"2010-01-14","TITULAR":"RENE RAUL VILLEDA FALCON"},"geometry":{"type":"Polygon","coordinates":[[[-99.393133,20.085191],[-99.393708,20.080729],[-99.394654,20.080803],[-99.39413,20.085011],[-99.394026,20.085752],[-99.393133,20.085191]]]}},{"type":"Feature","properties":{"PARCELA":"8 Z-01 P1/1","NÚCLEO AG":"XITEJE DE ZAPATA","TIPO NÚCL":"EJIDO","MUNICIPIO":"TULA DE ALLENDE","ESTADO":"HIDALGO","SUP":"120412.849","TIPO DE PA":"PARCELAS INDIVIDUALES","CERTIFICAD":"1073804","CALIDAD":"EJIDATARIO (A)","GENERO":"MASCULINO","FECHA DE N":"1970/10/26","DOMICILIO":"PALMAS S/N, XITEJE DE ZAPATA, TULA DE ALLENDE, HIDALGO","TRÁMITE Q":"TRANSMISIÓN DE DERECHOS POR SUCESIÓN. INSCRIPCIÓN.","TITULAR":"EVARISTO CRUZ REYES"},"geometry":{"type":"Polygon","coordinates":[[[-99.395891,20.085897],[-99.396624,20.080971],[-99.397206,20.081055],[-99.398095,20.081277],[-99.398536,20.08147],[-99.397802,20.086784],[-99.395891,20.085897]]]}},{"type":"Feature","properties":{"PARCELA":"9 Z-1 P1/1","NÚCLEO AG":"XITEJE DE ZAPATA","TIPO NÚCL":"EJIDO","MUNICIPIO":"TULA DE ALLENDE","ESTADO":"HIDALGO","SUP":"53621.456","TIPO DE PA":"PARCELAS INDIVIDUALES","CERTIFICAD":"1082100","CALIDAD":"EJIDATARIO (A)","GENERO":"FEMENINO","FECHA DE N":"1968/07/18","DOMICILIO":"CDA. IZPAPALOTL, COL. LA MALINCHE, TULA DE ALLENDE, HIDALGO","CURP":"BERM680718MHGNVR01","TRÁMITE Q":"TRANSMISIÓN DE DERECHOS POR SUCESIÓN. INSCRIPCIÓN.","FECHA DE A":"2012-03-23","TITULAR":"MARINA BENITEZ RIVAS"},"geometry":{"type":"Polygon","coordinates":[[[-99.395003,20.085433],[-99.395638,20.080879],[-99.396624,20.080971],[-99.395891,20.085897],[-99.395003,20.085433]]]}},{"type":"Feature","properties":{"PARCELA":"549 Z-4 P1/1","NÚCLEO AG":"MELCHOR OCAMPO ANTES EL SALTO","TIPO NÚCL":"EJIDO","MUNICIPIO":"TEPEJI DEL RÍO DE OCAMPO","ESTADO":"HIDALGO","SUP":"32199.141","TIPO DE PA":"PARCELAS INDIVIDUALES","CERTIFICAD":"279439","CALIDAD":"EJIDATARIO (A)","GENERO":"FEMENINO","FECHA DE N":"1964/10/24","DOMICILIO":"CON., MELCHOR OCAMPO, TEPEJI, HGO.","CURP":"ROHS641024MHGDRF07","TRÁMITE Q":"TRANSMISIÓN DE DERECHOS POR SUCESIÓN. INSCRIPCIÓN.","FECHA DE A":"2001-12-16","TITULAR":"SOFIA RODRIGUEZ HERNANDEZ"},"geometry":{"type":"Polygon","coordinates":[[[-99.287409,19.924792],[-99.28754,19.924729],[-99.290342,19.923435],[-99.291006,19.924304],[-99.289604,19.924749],[-99.289577,19.924757],[-99.287831,19.925315],[-99.287807,19.925326],[-99.287409,19.924792]]]}},{"type":"Feature","properties":{"PARCELA":"558 Z-4 P1/1","NÚCLEO AG":"MELCHOR OCAMPO ANTES EL SALTO","TIPO NÚCL":"EJIDO","MUNICIPIO":"TEPEJI DEL RÍO DE OCAMPO","ESTADO":"HIDALGO","SUP":"53687.825","TIPO DE PA":"PARCELAS INDIVIDUALES","CERTIFICAD":"1064779","CALIDAD":"EJIDATARIO (A)","GENERO":"FEMENINO","FECHA DE N":"1943/04/10","DOMICILIO":"MELCHOR OCAMPO S/N, TEPEJI DEL RIO DE OCAMPO, HGO.","CURP":"VIRR430410MHGLMM01","TRÁMITE Q":"INSCRIPCION DE SENTENCIAS","FECHA DE A":"2021-10-22","TITULAR":"RAMONA VILLAFUERTE RAMIREZ"},"geometry":{"type":"Polygon","coordinates":[[[-99.28947,19.92232],[-99.289486,19.922314],[-99.290011,19.923001],[-99.290028,19.923023],[-99.290083,19.923096],[-99.290342,19.923435],[-99.28754,19.924729],[-99.28738,19.924463],[-99.287084,19.924051],[-99.286863,19.923583],[-99.286701,19.923242],[-99.28947,19.92232]]]}},{"type":"Feature","properties":{"PARCELA":"566 Z-4 P1/1","NÚCLEO AG":"MELCHOR OCAMPO ANTES EL SALTO","TIPO NÚCL":"EJIDO","MUNICIPIO":"TEPEJI DEL RÍO DE OCAMPO","ESTADO":"HIDALGO","SUP":"3868.726","TIPO DE PA":"PARCELAS INDIVIDUALES","CERTIFICAD":"1031518","CALIDAD":"EJIDATARIO (A)","GENERO":"MASCULINO","FECHA DE N":"1967/01/03","DOMICILIO":"C. REFORMA 10, LOC. MELCHOR OCAMPO, TEPEJI DEL RIO DE OCAMPO, HGO.","TRÁMITE Q":"TRANSMISIÓN DE DERECHOS POR SUCESIÓN. INSCRIPCIÓN.","FECHA DE A":"2016-03-04","TITULAR":"JOSE LUIS ANAYA TORRES"},"geometry":{"type":"Polygon","coordinates":[[[-99.285114,19.923412],[-99.286265,19.922502],[-99.286253,19.922932],[-99.285263,19.923334],[-99.285493,19.923797],[-99.285342,19.923942],[-99.285114,19.923412]]]}},{"type":"Feature","properties":{"PARCELA":"559 Z-4 P1/1","NÚCLEO AG":"MELCHOR OCAMPO ANTES EL SALTO","TIPO NÚCL":"EJIDO","MUNICIPIO":"TEPEJI DEL RÍO DE OCAMPO","ESTADO":"HIDALGO","SUP":"1035.846","TIPO DE PA":"PARCELAS INDIVIDUALES","CERTIFICAD":"1063743","CALIDAD":"EJIDATARIO (A)","GENERO":"MASCULINO","FECHA DE N":"1959/08/13","DOMICILIO":"M. OCAMPO ANTES EL SALTO, TEPEJI, HGO.","CURP":"VARH590813HHGLNP03","TRÁMITE Q":"ENAJENACIÓN DE DERECHOS PARCELARIOS. INSCRIPCIÓN.","FECHA DE A":"2005-12-11","TITULAR":"HIPOLITO VALERIO RENDON"},"geometry":{"type":"Polygon","coordinates":[[[-99.286495,19.923031],[-99.286601,19.922949],[-99.286628,19.922983],[-99.286537,19.923009],[-99.286576,19.923168],[-99.286661,19.923137],[-99.286701,19.923242],[-99.286863,19.923583],[-99.286714,19.923691],[-99.286526,19.923169],[-99.286495,19.923031]]]}},{"type":"Feature","properties":{"PARCELA":"569 Z-4 P1/1","NÚCLEO AG":"MELCHOR OCAMPO ANTES EL SALTO","TIPO NÚCL":"EJIDO","MUNICIPIO":"TEPEJI DEL RÍO DE OCAMPO","ESTADO":"HIDALGO","SUP":"21643.555","TIPO DE PA":"PARCELAS INDIVIDUALES","CERTIFICAD":"1075888","CALIDAD":"POSESIONARIO (A)","GENERO":"FEMENINO","FECHA DE N":"1988/10/10","DOMICILIO":"AV. MARIANO PANTALEÓN PINEDA 52, BARR. CALTENCO, COYOTEPEC, MEX.","CURP":"MIBP881010MHGRRL08","TRÁMITE Q":"INSCRIPCION DE SENTENCIAS","FECHA DE A":"2023-12-07","TITULAR":"PAULINA NAYELI MIRANDA BARRETO"},"geometry":{"type":"Polygon","coordinates":[[[-99.286701,19.923242],[-99.286661,19.923137],[-99.286576,19.923168],[-99.286537,19.923009],[-99.286628,19.922983],[-99.286601,19.922949],[-99.286502,19.922568],[-99.289064,19.921809],[-99.289094,19.9218],[-99.289486,19.922314],[-99.28947,19.92232],[-99.286701,19.923242]]]}},{"type":"Feature","properties":{"PARCELA":"575 Z-4 P1/1","NÚCLEO AG":"MELCHOR OCAMPO ANTES EL SALTO","TIPO NÚCL":"EJIDO","MUNICIPIO":"TEPEJI DEL RÍO DE OCAMPO","ESTADO":"HIDALGO","SUP":"762.559","TIPO DE PA":"PARCELAS INDIVIDUALES","CERTIFICAD":"1031519","CALIDAD":"EJIDATARIO (A)","GENERO":"MASCULINO","FECHA DE N":"1967/01/03","DOMICILIO":"C. REFORMA 10, LOC. MELCHOR OCAMPO, TEPEJI DEL RIO DE OCAMPO, HGO.","TRÁMITE Q":"TRANSMISIÓN DE DERECHOS POR SUCESIÓN. INSCRIPCIÓN.","FECHA DE A":"2016-03-04","TITULAR":"JOSE LUIS ANAYA TORRES"},"geometry":{"type":"Polygon","coordinates":[[[-99.286372,19.922419],[-99.286411,19.922359],[-99.286502,19.922568],[-99.286601,19.922949],[-99.286495,19.923031],[-99.286378,19.922517],[-99.286372,19.922419]]]}},{"type":"Feature","properties":{"PARCELA":"576 Z-4 P1/1","NÚCLEO AG":"MELCHOR OCAMPO ANTES EL SALTO","TIPO NÚCL":"EJIDO","MUNICIPIO":"TEPEJI DEL RÍO DE OCAMPO","ESTADO":"HIDALGO","SUP":"12563.565","TIPO DE PA":"PARCELAS INDIVIDUALES","CERTIFICAD":"235473","CALIDAD":"EJIDATARIO (A)","GENERO":"MASCULINO","FECHA DE N":"1955/01/25","DOMICILIO":"M. OCAMPO ANTES EL SALTO, TEPEJI, HGO.","CURP":"AALA550125HHGNPN04","TRÁMITE Q":"ACUERDO DE ASAMBLEA DE LA DELIMITACIÓN, DESTINO Y ASIGNACIÓN DE LAS TIERRAS EJIDALES O COMUNALES. INSCRIPCIÓN.","FECHA DE A":"2005-12-11","TITULAR":"JOSE ANTONIO ANAYA LOPEZ"},"geometry":{"type":"Polygon","coordinates":[[[-99.284781,19.922639],[-99.284707,19.922175],[-99.286306,19.921005],[-99.28625,19.921788],[-99.286182,19.921766],[-99.28486,19.922823],[-99.284781,19.922639]]]}},{"type":"Feature","properties":{"PARCELA":"578 Z-4 P1/1","NÚCLEO AG":"MELCHOR OCAMPO ANTES EL SALTO","TIPO NÚCL":"EJIDO","MUNICIPIO":"TEPEJI DEL RÍO DE OCAMPO","ESTADO":"HIDALGO","SUP":"20353.51","TIPO DE PA":"PARCELAS INDIVIDUALES","CERTIFICAD":"1053142","CALIDAD":"EJIDATARIO (A)","GENERO":"FEMENINO","FECHA DE N":"1955/10/07","DOMICILIO":"AV. HACIENDA S/N, MELCHOR OCAMPO, TEPEJI DEL RIO, HGO.","CURP":"MACR551007MDFRRS06","TRÁMITE Q":"INSCRIPCION DE SENTENCIAS","FECHA DE A":"2019-09-20","TITULAR":"MARIA DEL ROSARIO MARTINEZ CORTES"},"geometry":{"type":"Polygon","coordinates":[[[-99.288648,19.921284],[-99.288692,19.921274],[-99.289094,19.9218],[-99.289064,19.921809],[-99.286502,19.922568],[-99.286411,19.922359],[-99.286467,19.921778],[-99.288648,19.921284]]]}},{"type":"Feature","properties":{"PARCELA":"582 Z-4 P1/1","NÚCLEO AG":"MELCHOR OCAMPO ANTES EL SALTO","TIPO NÚCL":"EJIDO","MUNICIPIO":"TEPEJI DEL RÍO DE OCAMPO","ESTADO":"HIDALGO","SUP":"16748.27","TIPO DE PA":"PARCELAS INDIVIDUALES","CERTIFICAD":"1074833","CALIDAD":"AVECINDADO (A)","GENERO":"MASCULINO","FECHA DE N":"1999/09/16","DOMICILIO":"EMILIANO ZAPATA S/N, MELCHOR OCAMPO, TEPEJI DEL RIO, HGO.","CURP":"DACJ990916HHGMRN01","TRÁMITE Q":"ENAJENACIÓN DE DERECHOS PARCELARIOS. INSCRIPCIÓN.","FECHA DE A":"2009-09-25","TITULAR":"JUAN GUSTAVO DAMIAN CARDENAS"},"geometry":{"type":"Polygon","coordinates":[[[-99.284356,19.921654],[-99.284622,19.921462],[-99.286399,19.920167],[-99.286306,19.921005],[-99.284707,19.922175],[-99.284611,19.922246],[-99.284356,19.921654]]]}},{"type":"Feature","properties":{"PARCELA":"597 Z-4 P1/1","NÚCLEO AG":"MELCHOR OCAMPO ANTES EL SALTO","TIPO NÚCL":"EJIDO","MUNICIPIO":"TEPEJI DEL RÍO DE OCAMPO","ESTADO":"HIDALGO","SUP":"14908.895","TIPO DE PA":"PARCELAS INDIVIDUALES","CERTIFICAD":"235684","CALIDAD":"POSESIONARIO (A)","GENERO":"MASCULINO","FECHA DE N":"1958/06/08","DOMICILIO":"M. OCAMPO ANTES EL SALTO, TEPEJI, HGO.","CURP":"HUEJ580608HHGCNN04","TRÁMITE Q":"ACUERDO DE ASAMBLEA DE LA DELIMITACIÓN, DESTINO Y ASIGNACIÓN DE LAS TIERRAS EJIDALES O COMUNALES. INSCRIPCIÓN.","FECHA DE A":"2005-12-11","TITULAR":"JUAN JESUS HUICOCHEA ENRIQUEZ"},"geometry":{"type":"Polygon","coordinates":[[[-99.284498,19.920864],[-99.286517,19.919413],[-99.286399,19.920167],[-99.284622,19.921462],[-99.284498,19.920864]]]}},{"type":"Feature","properties":{"PARCELA":"598 Z-4 P1/1","NÚCLEO AG":"MELCHOR OCAMPO ANTES EL SALTO","TIPO NÚCL":"EJIDO","MUNICIPIO":"TEPEJI DEL RÍO DE OCAMPO","ESTADO":"HIDALGO","SUP":"32084.372","TIPO DE PA":"PARCELAS INDIVIDUALES","CERTIFICAD":"275530","CALIDAD":"EJIDATARIO (A)","GENERO":"MASCULINO","FECHA DE N":"1955/07/15","DOMICILIO":"CON., MELCHOR OCAMPO, TEPEJI, HGO.","CURP":"JILM550715HHGMPN05","TRÁMITE Q":"TRANSMISIÓN DE DERECHOS POR SUCESIÓN. INSCRIPCIÓN.","FECHA DE A":"2010-03-31","TITULAR":"MANUEL JIMENEZ LOPEZ"},"geometry":{"type":"Polygon","coordinates":[[[-99.283946,19.920704],[-99.284358,19.920193],[-99.285888,19.918253],[-99.286019,19.918253],[-99.286107,19.918287],[-99.286567,19.918561],[-99.286609,19.918883],[-99.286252,19.919575],[-99.284119,19.921104],[-99.283946,19.920704]]]}},{"type":"Feature","properties":{"PARCELA":"612 Z-4 P1/1","NÚCLEO AG":"MELCHOR OCAMPO ANTES EL SALTO","TIPO NÚCL":"EJIDO","MUNICIPIO":"TEPEJI DEL RÍO DE OCAMPO","ESTADO":"HIDALGO","SUP":"16805.183","TIPO DE PA":"PARCELAS INDIVIDUALES","CERTIFICAD":"235818","CALIDAD":"EJIDATARIO (A)","GENERO":"MASCULINO","FECHA DE N":"1936/01/20","DOMICILIO":"M. OCAMPO ANTES EL SALTO, TEPEJI, HGO.","CURP":"RAHA360120HHGMRL07","TRÁMITE Q":"ACUERDO DE ASAMBLEA DE LA DELIMITACIÓN, DESTINO Y ASIGNACIÓN DE LAS TIERRAS EJIDALES O COMUNALES. INSCRIPCIÓN.","FECHA DE A":"2005-12-11","TITULAR":"ALFONSO RAMIREZ HERNANDEZ"},"geometry":{"type":"Polygon","coordinates":[[[-99.283946,19.919837],[-99.283955,19.919742],[-99.285,19.918245],[-99.285229,19.918255],[-99.285385,19.918231],[-99.285618,19.918151],[-99.285696,19.91819],[-99.285829,19.918257],[-99.285888,19.918253],[-99.284358,19.920193],[-99.283946,19.919837]]]}},{"type":"Feature","properties":{"PARCELA":"619 Z-4 P1/1","NÚCLEO AG":"MELCHOR OCAMPO ANTES EL SALTO","TIPO NÚCL":"EJIDO","MUNICIPIO":"TEPEJI DEL RÍO DE OCAMPO","ESTADO":"HIDALGO","SUP":"14754.072","TIPO DE PA":"PARCELAS INDIVIDUALES","CERTIFICAD":"235622","CALIDAD":"POSESIONARIO (A)","GENERO":"MASCULINO","FECHA DE N":"1961/04/04","DOMICILIO":"M. OCAMPO ANTES EL SALTO, TEPEJI, HGO.","CURP":"EARI610404HHGSMS02","TRÁMITE Q":"ACUERDO DE ASAMBLEA DE LA DELIMITACIÓN, DESTINO Y ASIGNACIÓN DE LAS TIERRAS EJIDALES O COMUNALES. INSCRIPCIÓN.","FECHA DE A":"2005-12-11","TITULAR":"ISIDORO ESCAMILLA RAMIREZ"},"geometry":{"type":"Polygon","coordinates":[[[-99.283339,19.919294],[-99.283306,19.919217],[-99.284205,19.918099],[-99.284334,19.918137],[-99.284515,19.918171],[-99.284718,19.918227],[-99.285,19.918245],[-99.283955,19.919742],[-99.283339,19.919294]]]}},{"type":"Feature","properties":{"PARCELA":"627 Z-4 P1/1","NÚCLEO AG":"MELCHOR OCAMPO ANTES EL SALTO","TIPO NÚCL":"EJIDO","MUNICIPIO":"TEPEJI DEL RÍO DE OCAMPO","ESTADO":"HIDALGO","SUP":"10960.994","TIPO DE PA":"PARCELAS INDIVIDUALES","CERTIFICAD":"1066609","CALIDAD":"EJIDATARIO (A)","GENERO":"FEMENINO","FECHA DE N":"1951/12/09","DOMICILIO":"EL SABINO, MELCHOR OCAMPO, TEPEJI DEL RIO DEL OCAMPO, HGO.","CURP":"MAGG511209MHGCRD08","TRÁMITE Q":"TRANSMISIÓN DE DERECHOS POR SUCESIÓN. INSCRIPCIÓN.","FECHA DE A":"2016-10-07","TITULAR":"MARIA GUADALUPE MACHUCA GARCIA"},"geometry":{"type":"Polygon","coordinates":[[[-99.282969,19.918437],[-99.283183,19.918149],[-99.283635,19.917593],[-99.283669,19.917648],[-99.284205,19.918099],[-99.283306,19.919217],[-99.282969,19.918437]]]}},{"type":"Feature","properties":{"PARCELA":"635 Z-4 P1/1","NÚCLEO AG":"MELCHOR OCAMPO ANTES EL SALTO","TIPO NÚCL":"EJIDO","MUNICIPIO":"TEPEJI DEL RÍO DE OCAMPO","ESTADO":"HIDALGO","SUP":"19043.016","TIPO DE PA":"PARCELAS INDIVIDUALES","CERTIFICAD":"236082","CALIDAD":"EJIDATARIO (A)","GENERO":"MASCULINO","FECHA DE N":"1947/10/30","DOMICILIO":"M. OCAMPO ANTES EL SALTO, TEPEJI, HGO.","TRÁMITE Q":"ACUERDO DE ASAMBLEA DE LA DELIMITACIÓN, DESTINO Y ASIGNACIÓN DE LAS TIERRAS EJIDALES O COMUNALES. INSCRIPCIÓN.","FECHA DE A":"2005-12-11","TITULAR":"ALFONSO VALENCIA ZAVALA"},"geometry":{"type":"Polygon","coordinates":[[[-99.282583,19.917818],[-99.282386,19.918063],[-99.28162,19.919021],[-99.281292,19.918751],[-99.280981,19.918495],[-99.280928,19.918456],[-99.281083,19.917972],[-99.281145,19.917879],[-99.282267,19.917079],[-99.282583,19.917818]]]}},{"type":"Feature","properties":{"PARCELA":"634 Z-4 P1/1","NÚCLEO AG":"MELCHOR OCAMPO ANTES EL SALTO","TIPO NÚCL":"EJIDO","MUNICIPIO":"TEPEJI DEL RÍO DE OCAMPO","ESTADO":"HIDALGO","SUP":"2303.428","TIPO DE PA":"PARCELAS INDIVIDUALES","CERTIFICAD":"235640","CALIDAD":"POSESIONARIO (A)","GENERO":"MASCULINO","FECHA DE N":"1953/11/21","DOMICILIO":"M. OCAMPO ANTES EL SALTO, TEPEJI, HGO.","CURP":"FUMG531121HHGNRL09","TRÁMITE Q":"ACUERDO DE ASAMBLEA DE LA DELIMITACIÓN, DESTINO Y ASIGNACIÓN DE LAS TIERRAS EJIDALES O COMUNALES. INSCRIPCIÓN.","FECHA DE A":"2005-12-11","TITULAR":"GELASIO FUENTES MIRANDA"},"geometry":{"type":"Polygon","coordinates":[[[-99.282661,19.917721],[-99.282806,19.917541],[-99.283183,19.918149],[-99.282969,19.918437],[-99.282661,19.917721]]]}},{"type":"Feature","properties":{"PARCELA":"642 Z-04 P1/1","NÚCLEO AG":"MELCHOR OCAMPO ANTES EL SALTO","TIPO NÚCL":"EJIDO","MUNICIPIO":"TEPEJI DEL RÍO DE OCAMPO","ESTADO":"HIDALGO","SUP":"11083.4","TIPO DE PA":"PARCELAS INDIVIDUALES","CERTIFICAD":"1068872","CALIDAD":"EJIDATARIO (A)","GENERO":"FEMENINO","FECHA DE N":"1990/04/14","DOMICILIO":"AV. MELCHOR OCAMPO S/N, TEPEJI DEL RIO DE OCAMPO, HGO.","CURP":"BATR900414MHGRRC07","TRÁMITE Q":"TRANSMISIÓN DE DERECHOS POR SUCESIÓN. INSCRIPCIÓN.","FECHA DE A":"2015-08-11","TITULAR":"MARIA DEL ROCIO BRAVO TORRES"},"geometry":{"type":"Polygon","coordinates":[[[-99.280986,19.917996],[-99.280696,19.918224],[-99.280438,19.917624],[-99.280774,19.917386],[-99.281006,19.917244],[-99.281204,19.91716],[-99.282099,19.916687],[-99.282243,19.917023],[-99.281121,19.917809],[-99.280986,19.917996]]]}},{"type":"Feature","properties":{"PARCELA":"641 Z-4 P1/1","NÚCLEO AG":"MELCHOR OCAMPO ANTES EL SALTO","TIPO NÚCL":"EJIDO","MUNICIPIO":"TEPEJI DEL RÍO DE OCAMPO","ESTADO":"HIDALGO","SUP":"5573.402","TIPO DE PA":"PARCELAS INDIVIDUALES","CERTIFICAD":"1069958","CALIDAD":"EJIDATARIO (A)","GENERO":"MASCULINO","FECHA DE N":"1965/02/08","DOMICILIO":"CDA. FERROCARRIL #5, MELCHOR OCAMPO, TEPEJI DEL RIO, HGO.","CURP":"FUMJ650208HHGNRN06","TRÁMITE Q":"INSCRIPCION DE SENTENCIAS","FECHA DE A":"2022-05-03","TITULAR":"JUAN FUENTES MIRANDA"},"geometry":{"type":"Polygon","coordinates":[[[-99.282806,19.917541],[-99.283218,19.91702],[-99.28346,19.917257],[-99.283501,19.917428],[-99.283635,19.917593],[-99.283183,19.918149],[-99.282806,19.917541]]]}},{"type":"Feature","properties":{"PARCELA":"646 Z-4 P1/1","NÚCLEO AG":"MELCHOR OCAMPO ANTES EL SALTO","TIPO NÚCL":"EJIDO","MUNICIPIO":"TEPEJI DEL RÍO DE OCAMPO","ESTADO":"HIDALGO","SUP":"5511.819","TIPO DE PA":"PARCELAS INDIVIDUALES","CERTIFICAD":"236084","CALIDAD":"EJIDATARIO (A)","GENERO":"MASCULINO","FECHA DE N":"1947/10/30","DOMICILIO":"M. OCAMPO ANTES EL SALTO, TEPEJI, HGO.","TRÁMITE Q":"ACUERDO DE ASAMBLEA DE LA DELIMITACIÓN, DESTINO Y ASIGNACIÓN DE LAS TIERRAS EJIDALES O COMUNALES. INSCRIPCIÓN.","FECHA DE A":"2005-12-11","TITULAR":"ALFONSO VALENCIA ZAVALA"},"geometry":{"type":"Polygon","coordinates":[[[-99.283218,19.91702],[-99.282806,19.917541],[-99.282661,19.917721],[-99.282356,19.917015],[-99.28292,19.916612],[-99.282984,19.916726],[-99.283218,19.91702]]]}},{"type":"Feature","properties":{"PARCELA":"653 Z-4 P1/1","NÚCLEO AG":"MELCHOR OCAMPO ANTES EL SALTO","TIPO NÚCL":"EJIDO","MUNICIPIO":"TEPEJI DEL RÍO DE OCAMPO","ESTADO":"HIDALGO","SUP":"12653.778","TIPO DE PA":"PARCELAS INDIVIDUALES","CERTIFICAD":"1018758","CALIDAD":"EJIDATARIO (A)","GENERO":"FEMENINO","FECHA DE N":"1964/08/15","DOMICILIO":"C. CAMINO REAL S/N, COL. MELCHOR OCAMPO, TEPEJI DEL RIO DE OCAMPO, HGO","CURP":"BOAA640815MHGRNL02","TRÁMITE Q":"TRANSMISIÓN DE DERECHOS POR SUCESIÓN. INSCRIPCIÓN.","FECHA DE A":"2005-12-11","TITULAR":"ALMA GLORIA BORJON ANGELES"},"geometry":{"type":"Polygon","coordinates":[[[-99.280248,19.917181],[-99.281777,19.915935],[-99.282079,19.916641],[-99.281181,19.917115],[-99.280986,19.917198],[-99.280743,19.917346],[-99.280418,19.917576],[-99.280248,19.917181]]]}},{"type":"Feature","properties":{"PARCELA":"659 Z-4 P1/1","NÚCLEO AG":"MELCHOR OCAMPO ANTES EL SALTO","TIPO NÚCL":"EJIDO","MUNICIPIO":"TEPEJI DEL RÍO DE OCAMPO","ESTADO":"HIDALGO","SUP":"13500.402","TIPO DE PA":"PARCELAS INDIVIDUALES","CERTIFICAD":"235893","CALIDAD":"EJIDATARIO (A)","GENERO":"MASCULINO","FECHA DE N":"1957/05/22","DOMICILIO":"M. OCAMPO ANTES EL SALTO, TEPEJI, HGO.","CURP":"RORN570522HHGDMX08","TRÁMITE Q":"ACUERDO DE ASAMBLEA DE LA DELIMITACIÓN, DESTINO Y ASIGNACIÓN DE LAS TIERRAS EJIDALES O COMUNALES. INSCRIPCIÓN.","FECHA DE A":"2005-12-11","TITULAR":"NOE RODRIGUEZ RAMIREZ"},"geometry":{"type":"Polygon","coordinates":[[[-99.279988,19.916573],[-99.281186,19.915547],[-99.281775,19.915929],[-99.281777,19.915935],[-99.280248,19.917181],[-99.279988,19.916573]]]}},{"type":"Feature","properties":{"PARCELA":"663 Z-04 P1/1","NÚCLEO AG":"MELCHOR OCAMPO ANTES EL SALTO","TIPO NÚCL":"EJIDO","MUNICIPIO":"TEPEJI DEL RÍO DE OCAMPO","ESTADO":"HIDALGO","SUP":"1719.786","TIPO DE PA":"PARCELAS INDIVIDUALES","CERTIFICAD":"1068874","CALIDAD":"EJIDATARIO (A)","GENERO":"FEMENINO","FECHA DE N":"1990/04/14","DOMICILIO":"AV. MELCHOR OCAMPO S/N, TEPEJI DEL RIO DE OCAMPO, HGO.","CURP":"BATR900414MHGRRC07","TRÁMITE Q":"TRANSMISIÓN DE DERECHOS POR SUCESIÓN. INSCRIPCIÓN.","FECHA DE A":"2015-08-11","TITULAR":"MARIA DEL ROCIO BRAVO TORRES"},"geometry":{"type":"Polygon","coordinates":[[[-99.282194,19.916637],[-99.282423,19.916516],[-99.282726,19.91654],[-99.282799,19.916588],[-99.282765,19.916658],[-99.282333,19.91696],[-99.282194,19.916637]]]}},{"type":"Feature","properties":{"PARCELA":"666 Z-4 P1/1","NÚCLEO AG":"MELCHOR OCAMPO ANTES EL SALTO","TIPO NÚCL":"EJIDO","MUNICIPIO":"TEPEJI DEL RÍO DE OCAMPO","ESTADO":"HIDALGO","SUP":"3575.768","TIPO DE PA":"PARCELAS INDIVIDUALES","CERTIFICAD":"1018759","CALIDAD":"EJIDATARIO (A)","GENERO":"FEMENINO","FECHA DE N":"1964/08/15","DOMICILIO":"C. CAMINO REAL S/N, COL. MELCHOR OCAMPO, TEPEJI DEL RIO DE OCAMPO, HGO","CURP":"BOAA640815MHGRNL02","TRÁMITE Q":"TRANSMISIÓN DE DERECHOS POR SUCESIÓN. INSCRIPCIÓN.","FECHA DE A":"2005-12-11","TITULAR":"ALMA GLORIA BORJON ANGELES"},"geometry":{"type":"Polygon","coordinates":[[[-99.282174,19.916592],[-99.281901,19.915958],[-99.282599,19.916106],[-99.282682,19.916145],[-99.282747,19.916495],[-99.282413,19.916467],[-99.282174,19.916592]]]}},{"type":"Feature","properties":{"PARCELA":"889 Z-4 P1/1","NÚCLEO AG":"MELCHOR OCAMPO ANTES EL SALTO","TIPO NÚCL":"EJIDO","MUNICIPIO":"TEPEJI DEL RÍO DE OCAMPO","ESTADO":"HIDALGO","SUP":"343.437","TIPO DE PA":"PARCELAS INDIVIDUALES","CERTIFICAD":"1050942","CALIDAD":"POSESIONARIO (A)","GENERO":"FEMENINO","FECHA DE N":"1997/10/07","DOMICILIO":"AV. PROGRESO S/N, MELCHOR OCAMPO, TEPEJI DEL RIO, HGO.","CURP":"SAJK971007MHGLMR04","TRÁMITE Q":"TRANSMISIÓN DE DERECHOS POR SUCESIÓN. INSCRIPCIÓN.","FECHA DE A":"2016-10-07","TITULAR":"KAREN DAMIANA SALGADO JIMENEZ"},"geometry":{"type":"Polygon","coordinates":[[[-99.279983,19.916563],[-99.281162,19.915531],[-99.281186,19.915547],[-99.279988,19.916573],[-99.279983,19.916563]]]}},{"type":"Feature","properties":{"PARCELA":"667 Z-4 P1/1","NÚCLEO AG":"MELCHOR OCAMPO ANTES EL SALTO","TIPO NÚCL":"EJIDO","MUNICIPIO":"TEPEJI DEL RÍO DE OCAMPO","ESTADO":"HIDALGO","SUP":"9994.557","TIPO DE PA":"PARCELAS INDIVIDUALES","CERTIFICAD":"1058246","CALIDAD":"EJIDATARIO (A)","GENERO":"MASCULINO","FECHA DE N":"1966/02/20","DOMICILIO":"MELCHOR OCAMPO (EL SALTO) TEPEJI DEL RIO DE OCAMPO, HGO.","CURP":"MOVS660220HHGNLD09","TRÁMITE Q":"TRANSMISIÓN DE DERECHOS POR SUCESIÓN. INSCRIPCIÓN.","FECHA DE A":"2012-02-21","TITULAR":"SADOT ELEAZAR MONROY VALENCIA"},"geometry":{"type":"Polygon","coordinates":[[[-99.279708,19.915921],[-99.28055,19.915225],[-99.281162,19.915531],[-99.279983,19.916563],[-99.279708,19.915921]]]}},{"type":"Feature","properties":{"PARCELA":"690 Z-5 P1/1","NÚCLEO AG":"MELCHOR OCAMPO ANTES EL SALTO","TIPO NÚCL":"EJIDO","MUNICIPIO":"TEPEJI DEL RÍO DE OCAMPO","ESTADO":"HIDALGO","SUP":"43690.351","TIPO DE PA":"PARCELAS INDIVIDUALES","CERTIFICAD":"1067120","CALIDAD":"EJIDATARIO (A)","GENERO":"FEMENINO","FECHA DE N":"1948/12/01","DOMICILIO":"EL CERRITO S/N, MELCHOR OCAMPO, TEPEJI DEL RIO, HGO.","CURP":"GALM481201MHGRPR04","TRÁMITE Q":"INSCRIPCION DE SENTENCIAS","FECHA DE A":"2022-08-31","TITULAR":"MARIA GARCIA LOPEZ"},"geometry":{"type":"Polygon","coordinates":[[[-99.275609,19.9111],[-99.275286,19.910282],[-99.276684,19.908792],[-99.277487,19.910623],[-99.277456,19.910667],[-99.27734,19.910831],[-99.276563,19.911935],[-99.276551,19.911957],[-99.276544,19.911966],[-99.275832,19.911332],[-99.275609,19.9111]]]}},{"type":"Feature","properties":{"PARCELA":"691 Z-5 P1/1","NÚCLEO AG":"MELCHOR OCAMPO ANTES EL SALTO","TIPO NÚCL":"EJIDO","MUNICIPIO":"TEPEJI DEL RÍO DE OCAMPO","ESTADO":"HIDALGO","SUP":"35928.343","TIPO DE PA":"PARCELAS INDIVIDUALES","CERTIFICAD":"235759","CALIDAD":"EJIDATARIO (A)","GENERO":"MASCULINO","FECHA DE N":"1953/05/24","DOMICILIO":"M. OCAMPO ANTES EL SALTO, TEPEJI, HGO.","CURP":"MECB530524HHGNRN02","TRÁMITE Q":"ACUERDO DE ASAMBLEA DE LA DELIMITACIÓN, DESTINO Y ASIGNACIÓN DE LAS TIERRAS EJIDALES O COMUNALES. INSCRIPCIÓN.","FECHA DE A":"2005-12-11","TITULAR":"BENJAMIN MENDOZA CORTES"},"geometry":{"type":"Polygon","coordinates":[[[-99.274247,19.909683],[-99.274925,19.908972],[-99.275602,19.908269],[-99.276215,19.907722],[-99.276684,19.908792],[-99.275286,19.910282],[-99.275609,19.9111],[-99.274247,19.909683]]]}},{"type":"Feature","properties":{"PARCELA":"697 Z-5 P1/1","NÚCLEO AG":"MELCHOR OCAMPO ANTES EL SALTO","TIPO NÚCL":"EJIDO","MUNICIPIO":"TEPEJI DEL RÍO DE OCAMPO","ESTADO":"HIDALGO","SUP":"13725.313","TIPO DE PA":"PARCELAS INDIVIDUALES","CERTIFICAD":"262972","CALIDAD":"EJIDATARIO (A)","GENERO":"MASCULINO","FECHA DE N":"1950/09/14","DOMICILIO":"MELCHOR OCAMPO, TEPEJI, HGO.","TRÁMITE Q":"ACUERDO DE ASAMBLEA DE LA DELIMITACIÓN, DESTINO Y ASIGNACIÓN DE LAS TIERRAS EJIDALES O COMUNALES. INSCRIPCIÓN.","FECHA DE A":"2005-12-11","TITULAR":"CRESCENCIANO LOPEZ VELAZQUEZ"},"geometry":{"type":"Polygon","coordinates":[[[-99.274315,19.908095],[-99.275284,19.907181],[-99.275602,19.908269],[-99.274925,19.908972],[-99.274315,19.908095]]]}},{"type":"Feature","properties":{"PARCELA":"703 Z-5 P1/1","NÚCLEO AG":"MELCHOR OCAMPO ANTES EL SALTO","TIPO NÚCL":"EJIDO","MUNICIPIO":"TEPEJI DEL RÍO DE OCAMPO","ESTADO":"HIDALGO","SUP":"13652.4","TIPO DE PA":"PARCELAS INDIVIDUALES","CERTIFICAD":"236147","CALIDAD":"EJIDATARIO (A)","GENERO":"MASCULINO","FECHA DE N":"1983/05/11","DOMICILIO":"C. VICENTE CHAVEZ M. OCAMPO ANTES EL SALTO, TEPEJI, HGO.","CURP":"VIAR830511HHGLCB06","TRÁMITE Q":"ACUERDO DE ASAMBLEA DE LA DELIMITACIÓN, DESTINO Y ASIGNACIÓN DE LAS TIERRAS EJIDALES O COMUNALES. INSCRIPCIÓN.","FECHA DE A":"2005-12-11","TITULAR":"RUBEN VILLEDA ACEVEDO"},"geometry":{"type":"Polygon","coordinates":[[[-99.273428,19.90838],[-99.274128,19.906784],[-99.275121,19.907088],[-99.273649,19.908541],[-99.273428,19.90838]]]}},{"type":"Feature","properties":{"PARCELA":"702 Z-5 P1/1","NÚCLEO AG":"MELCHOR OCAMPO ANTES EL SALTO","TIPO NÚCL":"EJIDO","MUNICIPIO":"TEPEJI DEL RÍO DE OCAMPO","ESTADO":"HIDALGO","SUP":"9033.256","TIPO DE PA":"PARCELAS INDIVIDUALES","CERTIFICAD":"235968","CALIDAD":"EJIDATARIO (A)","GENERO":"MASCULINO","FECHA DE N":"1949/09/17","DOMICILIO":"M. OCAMPO ANTES EL SALTO, TEPEJI, HGO.","CURP":"TOUC490917HHGRGH08","TRÁMITE Q":"ACUERDO DE ASAMBLEA DE LA DELIMITACIÓN, DESTINO Y ASIGNACIÓN DE LAS TIERRAS EJIDALES O COMUNALES. INSCRIPCIÓN.","FECHA DE A":"2005-12-11","TITULAR":"CUAUHTEMOC TORRES UGALDE"},"geometry":{"type":"Polygon","coordinates":[[[-99.275284,19.907181],[-99.27576,19.906686],[-99.276215,19.907722],[-99.275602,19.908269],[-99.275284,19.907181]]]}},{"type":"Feature","properties":{"PARCELA":"709 Z-5 P1/1","NÚCLEO AG":"MELCHOR OCAMPO ANTES EL SALTO","TIPO NÚCL":"EJIDO","MUNICIPIO":"TEPEJI DEL RÍO DE OCAMPO","ESTADO":"HIDALGO","SUP":"38429.852","TIPO DE PA":"PARCELAS INDIVIDUALES","CERTIFICAD":"235657","CALIDAD":"EJIDATARIO (A)","GENERO":"MASCULINO","FECHA DE N":"1965/06/17","DOMICILIO":"M. OCAMPO ANTES EL SALTO, TEPEJI, HGO.","CURP":"GALJ650617HHGRPL05","TRÁMITE Q":"ACUERDO DE ASAMBLEA DE LA DELIMITACIÓN, DESTINO Y ASIGNACIÓN DE LAS TIERRAS EJIDALES O COMUNALES. INSCRIPCIÓN.","FECHA DE A":"2005-12-11","TITULAR":"JULIAN GARCIA LOPEZ"},"geometry":{"type":"Polygon","coordinates":[[[-99.271071,19.906719],[-99.274564,19.903957],[-99.274877,19.904671],[-99.273432,19.905849],[-99.271754,19.907206],[-99.27148,19.907019],[-99.271456,19.907002],[-99.271071,19.906719]]]}},{"type":"Feature","properties":{"PARCELA":"708 Z-5 P1/1","NÚCLEO AG":"MELCHOR OCAMPO ANTES EL SALTO","TIPO NÚCL":"EJIDO","MUNICIPIO":"TEPEJI DEL RÍO DE OCAMPO","ESTADO":"HIDALGO","SUP":"38228.18","TIPO DE PA":"PARCELAS INDIVIDUALES","CERTIFICAD":"236097","CALIDAD":"EJIDATARIO (A)","GENERO":"MASCULINO","FECHA DE N":"1962/08/18","DOMICILIO":"M. OCAMPO ANTES EL SALTO, TEPEJI, HGO.","CURP":"VICE620818HDFLRN03","TRÁMITE Q":"ACUERDO DE ASAMBLEA DE LA DELIMITACIÓN, DESTINO Y ASIGNACIÓN DE LAS TIERRAS EJIDALES O COMUNALES. INSCRIPCIÓN.","FECHA DE A":"2005-12-11","TITULAR":"ENRIQUE VILLA CORTES"},"geometry":{"type":"Polygon","coordinates":[[[-99.274128,19.906784],[-99.273304,19.906501],[-99.273432,19.905849],[-99.274877,19.904671],[-99.275697,19.906541],[-99.275121,19.907088],[-99.274128,19.906784]]]}},{"type":"Feature","properties":{"PARCELA":"710 Z-5 P1/1","NÚCLEO AG":"MELCHOR OCAMPO ANTES EL SALTO","TIPO NÚCL":"EJIDO","MUNICIPIO":"TEPEJI DEL RÍO DE OCAMPO","ESTADO":"HIDALGO","SUP":"33804.241","TIPO DE PA":"PARCELAS INDIVIDUALES","CERTIFICAD":"1065527","CALIDAD":"EJIDATARIO (A)","GENERO":"MASCULINO","FECHA DE N":"1981/09/25","DOMICILIO":"HERRADURA S/N, MELCHOR OCAMPO ANTES EL SALTO","CURP":"BOAJ810925HHGRLS01","TRÁMITE Q":"TRANSMISIÓN DE DERECHOS POR SUCESIÓN. INSCRIPCIÓN.","FECHA DE A":"2008-08-22","TITULAR":"JESUS BORJON ALMAZAN"},"geometry":{"type":"Polygon","coordinates":[[[-99.271364,19.905484],[-99.271406,19.905574],[-99.272405,19.904786],[-99.273669,19.903872],[-99.274318,19.903396],[-99.274564,19.903957],[-99.271071,19.906719],[-99.270814,19.906529],[-99.270797,19.906516],[-99.271241,19.905704],[-99.271364,19.905484]]]}},{"type":"Feature","properties":{"PARCELA":"716 Z-5 P1/1","NÚCLEO AG":"MELCHOR OCAMPO ANTES EL SALTO","TIPO NÚCL":"EJIDO","MUNICIPIO":"TEPEJI DEL RÍO DE OCAMPO","ESTADO":"HIDALGO","SUP":"5501.467","TIPO DE PA":"PARCELAS INDIVIDUALES","CERTIFICAD":"262652","CALIDAD":"EJIDATARIO (A)","GENERO":"MASCULINO","FECHA DE N":"1956/06/08","DOMICILIO":"MELCHOR OCAMPO, TEPEJI DEL RIO, HGO.","CURP":"IAMM560608HVZBRX03","TRÁMITE Q":"ACUERDO DE ASAMBLEA DE LA DELIMITACIÓN, DESTINO Y ASIGNACIÓN DE LAS TIERRAS EJIDALES O COMUNALES. INSCRIPCIÓN.","FECHA DE A":"2005-12-11","TITULAR":"MAXIMINO JESUS IBAÑEZ MARTINEZ"},"geometry":{"type":"Polygon","coordinates":[[[-99.271364,19.905484],[-99.27207,19.904217],[-99.272405,19.904786],[-99.271406,19.905574],[-99.271364,19.905484]]]}},{"type":"Feature","properties":{"PARCELA":"720 Z-5 P1/1","NÚCLEO AG":"MELCHOR OCAMPO ANTES EL SALTO","TIPO NÚCL":"EJIDO","MUNICIPIO":"TEPEJI DEL RÍO DE OCAMPO","ESTADO":"HIDALGO","SUP":"19295.228","TIPO DE PA":"PARCELAS INDIVIDUALES","CERTIFICAD":"1021838","CALIDAD":"EJIDATARIO (A)","GENERO":"MASCULINO","FECHA DE N":"1965/05/11","DOMICILIO":"AV. EMILIANO ZAPATA S/N, TEPEJI DEL RIO DE OCAMPO, HGO.","CURP":"COGF650511HHGRLR06","TRÁMITE Q":"TRANSMISIÓN DE DERECHOS POR SUCESIÓN. INSCRIPCIÓN.","FECHA DE A":"2005-12-11","TITULAR":"FRANCISCO CORTES GALARZA"},"geometry":{"type":"Polygon","coordinates":[[[-99.27207,19.904217],[-99.272985,19.902579],[-99.273669,19.903872],[-99.272405,19.904786],[-99.27207,19.904217]]]}},{"type":"Feature","properties":{"PARCELA":"729 Z-5 P1/1","NÚCLEO AG":"MELCHOR OCAMPO ANTES EL SALTO","TIPO NÚCL":"EJIDO","MUNICIPIO":"TEPEJI DEL RÍO DE OCAMPO","ESTADO":"HIDALGO","SUP":"18344.332","TIPO DE PA":"PARCELAS INDIVIDUALES","CERTIFICAD":"1021839","CALIDAD":"EJIDATARIO (A)","GENERO":"MASCULINO","FECHA DE N":"1965/05/11","DOMICILIO":"AV. EMILIANO ZAPATA S/N, TEPEJI DEL RIO DE OCAMPO, HGO.","CURP":"COGF650511HHGRLR06","TRÁMITE Q":"TRANSMISIÓN DE DERECHOS POR SUCESIÓN. INSCRIPCIÓN.","FECHA DE A":"2005-12-11","TITULAR":"FRANCISCO CORTES GALARZA"},"geometry":{"type":"Polygon","coordinates":[[[-99.272449,19.901575],[-99.272862,19.902347],[-99.271977,19.904006],[-99.271462,19.902952],[-99.271473,19.902881],[-99.271671,19.902622],[-99.272449,19.901575]]]}},{"type":"Feature","properties":{"PARCELA":"730 Z-5 P1/1","NÚCLEO AG":"MELCHOR OCAMPO ANTES EL SALTO","TIPO NÚCL":"EJIDO","MUNICIPIO":"TEPEJI DEL RÍO DE OCAMPO","ESTADO":"HIDALGO","SUP":"27443.015","TIPO DE PA":"PARCELAS INDIVIDUALES","CERTIFICAD":"235954","CALIDAD":"EJIDATARIO (A)","GENERO":"MASCULINO","FECHA DE N":"1972/01/06","DOMICILIO":"M. OCAMPO ANTES EL SALTO, TEPEJI, HGO.","TRÁMITE Q":"ACUERDO DE ASAMBLEA DE LA DELIMITACIÓN, DESTINO Y ASIGNACIÓN DE LAS TIERRAS EJIDALES O COMUNALES. INSCRIPCIÓN.","FECHA DE A":"2005-12-11","TITULAR":"REYNALDO ISAIAS TORRES CARBAJAL"},"geometry":{"type":"Polygon","coordinates":[[[-99.269379,19.902855],[-99.269711,19.902614],[-99.270358,19.902116],[-99.270851,19.901714],[-99.271586,19.902594],[-99.271386,19.902843],[-99.270482,19.903855],[-99.269816,19.903362],[-99.269379,19.902855]]]}},{"type":"Feature","properties":{"PARCELA":"752 Z-5 P1/1","NÚCLEO AG":"MELCHOR OCAMPO ANTES EL SALTO","TIPO NÚCL":"EJIDO","MUNICIPIO":"TEPEJI DEL RÍO DE OCAMPO","ESTADO":"HIDALGO","SUP":"27009.237","TIPO DE PA":"PARCELAS INDIVIDUALES","CERTIFICAD":"274019","CALIDAD":"EJIDATARIO (A)","GENERO":"MASCULINO","FECHA DE N":"1940/03/03","DOMICILIO":"MELCHOR OCAMPO, TEPEJI DEL RIO, HGO.","CURP":"MOLC400303HMCRPL16","TRÁMITE Q":"ACUERDO DE ASAMBLEA DE LA DELIMITACIÓN, DESTINO Y ASIGNACIÓN DE LAS TIERRAS EJIDALES O COMUNALES. INSCRIPCIÓN.","FECHA DE A":"2005-12-11","TITULAR":"CELEDONIO MORALES LOPEZ"},"geometry":{"type":"Polygon","coordinates":[[[-99.269154,19.900486],[-99.269175,19.900469],[-99.26983,19.899934],[-99.269974,19.899817],[-99.270032,19.89978],[-99.270956,19.900962],[-99.27126,19.901353],[-99.270851,19.901714],[-99.270358,19.902116],[-99.269154,19.900486]]]}},{"type":"Feature","properties":{"PARCELA":"832 Z-5 P1/1","NÚCLEO AG":"MELCHOR OCAMPO ANTES EL SALTO","TIPO NÚCL":"EJIDO","MUNICIPIO":"TEPEJI DEL RÍO DE OCAMPO","ESTADO":"HIDALGO","SUP":"26597.512","TIPO DE PA":"PARCELAS INDIVIDUALES","CERTIFICAD":"262650","CALIDAD":"EJIDATARIO (A)","GENERO":"FEMENINO","FECHA DE N":"1942/05/22","DOMICILIO":"CON.MELCHOR OCAMPO, TEPEJI DEL RIO, HGO.","CURP":"RARE420522MHGMSM00","TRÁMITE Q":"ACUERDO DE ASAMBLEA DE LA DELIMITACIÓN, DESTINO Y ASIGNACIÓN DE LAS TIERRAS EJIDALES O COMUNALES. INSCRIPCIÓN.","FECHA DE A":"2005-12-11","TITULAR":"EMILIA RAMIREZ RESENDIZ"},"geometry":{"type":"Polygon","coordinates":[[[-99.264741,19.894481],[-99.265239,19.894356],[-99.265738,19.89423],[-99.265788,19.894218],[-99.266415,19.89406],[-99.266714,19.893299],[-99.267378,19.894293],[-99.265303,19.895575],[-99.264741,19.894481]]]}},{"type":"Feature","properties":{"PARCELA":"81 Z-1 P-1","NÚCLEO AG":"SANTA MARIA MACUA","TIPO NÚCL":"EJIDO","MUNICIPIO":"TULA DE ALLENDE","ESTADO":"HIDALGO","SUP":"83659.614","TIPO DE PA":"PARCELAS INDIVIDUALES","CERTIFICAD":"1053433","CALIDAD":"EJIDATARIO (A)","GENERO":"MASCULINO","FECHA DE N":"1950/10/10","DOMICILIO":"INSURGENTES S/N, XITEJE DE REFORMA, TULA DE LLANDE, HGO.","CURP":"GOTF501010HHGNDR08","TRÁMITE Q":"INSCRIPCION DE SENTENCIAS","FECHA DE A":"2019-08-08","TITULAR":"FRANCISCO GONZALEZ TEODOCIO"},"geometry":{"type":"Polygon","coordinates":[[[-99.509519,20.142678],[-99.508719,20.141434],[-99.507832,20.140025],[-99.510077,20.138727],[-99.510907,20.139837],[-99.511308,20.140686],[-99.509594,20.142632],[-99.509537,20.142697],[-99.509519,20.142678]]]}},{"type":"Feature","properties":{"PARCELA":"191 Z-2 P-1","NÚCLEO AG":"SANTA MARIA MACUA","TIPO NÚCL":"EJIDO","MUNICIPIO":"TULA DE ALLENDE","ESTADO":"HIDALGO","SUP":"37289.644","TIPO DE PA":"PARCELAS INDIVIDUALES","CERTIFICAD":"1028593","CALIDAD":"EJIDATARIO (A)","GENERO":"FEMENINO","TRÁMITE Q":"ACUERDO DE ASAMBLEA DE LA DELIMITACIÓN, DESTINO Y ASIGNACIÓN DE LAS TIERRAS EJIDALES O COMUNALES. INSCRIPCIÓN.","FECHA DE A":"2015-11-08","TITULAR":"DOLORES TAPIA HERNANDEZ"},"geometry":{"type":"Polygon","coordinates":[[[-99.487183,20.109646],[-99.485789,20.109421],[-99.485708,20.109434],[-99.485646,20.109442],[-99.485287,20.109228],[-99.485421,20.108779],[-99.487135,20.108666],[-99.488747,20.108565],[-99.488782,20.108613],[-99.488842,20.108698],[-99.488625,20.109881],[-99.487183,20.109646]]]}},{"type":"Feature","properties":{"PARCELA":"200 Z-2 P-1","NÚCLEO AG":"SANTA MARIA MACUA","TIPO NÚCL":"EJIDO","MUNICIPIO":"TULA DE ALLENDE","ESTADO":"HIDALGO","SUP":"24019.344","TIPO DE PA":"PARCELAS INDIVIDUALES","CERTIFICAD":"1028405","CALIDAD":"EJIDATARIO (A)","GENERO":"MASCULINO","FECHA DE N":"1953/06/15","DOMICILIO":"C L. DONALDO COLOSIO MZA 2 LT 42, CHIMALHUACAN, MEX.","TRÁMITE Q":"ACUERDO DE ASAMBLEA DE LA DELIMITACIÓN, DESTINO Y ASIGNACIÓN DE LAS TIERRAS EJIDALES O COMUNALES. INSCRIPCIÓN.","FECHA DE A":"2015-11-08","TITULAR":"ISMAEL PEREZ LEON"},"geometry":{"type":"Polygon","coordinates":[[[-99.481842,20.106073],[-99.481988,20.105587],[-99.481481,20.105052],[-99.481174,20.104515],[-99.482158,20.103672],[-99.482499,20.103956],[-99.482614,20.104035],[-99.482486,20.104329],[-99.482584,20.104726],[-99.482384,20.105066],[-99.482413,20.105324],[-99.482686,20.105891],[-99.482594,20.106006],[-99.481997,20.106248],[-99.481842,20.106073]]]}},{"type":"Feature","properties":{"PARCELA":"305 Z-11 P-1","NÚCLEO AG":"SANTA MARIA MACUA","TIPO NÚCL":"EJIDO","MUNICIPIO":"TULA DE ALLENDE","ESTADO":"HIDALGO","SUP":"24718.278","TIPO DE PA":"PARCELAS INDIVIDUALES","CERTIFICAD":"1028350","CALIDAD":"EJIDATARIO (A)","GENERO":"MASCULINO","FECHA DE N":"31/12/1889","DOMICILIO":"TULA DE ALLENDE, HGO.","TRÁMITE Q":"ACUERDO DE ASAMBLEA DE LA DELIMITACIÓN, DESTINO Y ASIGNACIÓN DE LAS TIERRAS EJIDALES O COMUNALES. INSCRIPCIÓN.","FECHA DE A":"2015-11-08","TITULAR":"IGNACIO PEDRAZA GOZALEZ"},"geometry":{"type":"Polygon","coordinates":[[[-99.46985,20.099268],[-99.470126,20.098745],[-99.470526,20.097991],[-99.470872,20.097296],[-99.470898,20.097257],[-99.471606,20.097402],[-99.47138,20.098442],[-99.471256,20.098995],[-99.471124,20.09942],[-99.46985,20.099268]]]}},{"type":"Feature","properties":{"PARCELA":"306 Z-11 P-1","NÚCLEO AG":"SANTA MARIA MACUA","TIPO NÚCL":"EJIDO","MUNICIPIO":"TULA DE ALLENDE","ESTADO":"HIDALGO","SUP":"11045.794","TIPO DE PA":"PARCELAS INDIVIDUALES","CERTIFICAD":"1028606","CALIDAD":"EJIDATARIO (A)","GENERO":"MASCULINO","TRÁMITE Q":"ACUERDO DE ASAMBLEA DE LA DELIMITACIÓN, DESTINO Y ASIGNACIÓN DE LAS TIERRAS EJIDALES O COMUNALES. INSCRIPCIÓN.","FECHA DE A":"2015-11-08","TITULAR":"AURELIANO TREJO PEDRAZA"},"geometry":{"type":"Polygon","coordinates":[[[-99.471661,20.099131],[-99.471256,20.098995],[-99.47138,20.098442],[-99.471606,20.097402],[-99.471962,20.097476],[-99.472167,20.097764],[-99.472019,20.098112],[-99.472025,20.098677],[-99.471661,20.099131]]]}},{"type":"Feature","properties":{"PARCELA":"199 Z1 P2/3","NÚCLEO AG":"SAN NICOLAS DE LOS CERRITOS","TIPO NÚCL":"EJIDO","MUNICIPIO":"POLOTITLÁN","ESTADO":"MÉXICO","SUP":"51267.81","TIPO DE PA":"PARCELAS INDIVIDUALES","CERTIFICAD":"390797","CALIDAD":"EJIDATARIO (A)","GENERO":"MASCULINO","FECHA DE N":"1938/08/07","DOMICILIO":"CON., CELAYITA, MEXICO","CURP":"MOGA380807HMCNRL04","TRÁMITE Q":"ACUERDO DE ASAMBLEA DE LA DELIMITACIÓN, DESTINO Y ASIGNACIÓN DE LAS TIERRAS EJIDALES O COMUNALES. INSCRIPCIÓN.","FECHA DE A":"2000-08-06","TITULAR":"ALBERTO MONROY GARFIAS"},"geometry":{"type":"Polygon","coordinates":[[[-99.863684,20.250926],[-99.863686,20.250821],[-99.862977,20.250828],[-99.862484,20.250843],[-99.862798,20.249318],[-99.865696,20.249165],[-99.865389,20.249662],[-99.865315,20.249809],[-99.865234,20.249958],[-99.865159,20.250076],[-99.865442,20.250413],[-99.865202,20.250896],[-99.864657,20.250908],[-99.864428,20.250909],[-99.864269,20.250914],[-99.864059,20.250914],[-99.863871,20.250936],[-99.863684,20.250926]]]}},{"type":"Feature","properties":{"PARCELA":"229 Z1 P2/3","NÚCLEO AG":"SAN NICOLAS DE LOS CERRITOS","TIPO NÚCL":"EJIDO","MUNICIPIO":"POLOTITLÁN","ESTADO":"MÉXICO","SUP":"23446.607","TIPO DE PA":"PARCELAS INDIVIDUALES","CERTIFICAD":"390782","CALIDAD":"EJIDATARIO (A)","GENERO":"FEMENINO","FECHA DE N":"1932/12/05","DOMICILIO":"CON., CELAYITA, MEXICO","TRÁMITE Q":"ACUERDO DE ASAMBLEA DE LA DELIMITACIÓN, DESTINO Y ASIGNACIÓN DE LAS TIERRAS EJIDALES O COMUNALES. INSCRIPCIÓN.","FECHA DE A":"2000-08-06","TITULAR":"CRISPINA LEDEZMA RESENDIZ"},"geometry":{"type":"Polygon","coordinates":[[[-99.865389,20.249662],[-99.865696,20.249165],[-99.862798,20.249318],[-99.863001,20.248377],[-99.863046,20.248086],[-99.865924,20.249201],[-99.865707,20.24988],[-99.865389,20.249662]]]}},{"type":"Feature","properties":{"PARCELA":"230 Z1 P2/3","NÚCLEO AG":"SAN NICOLAS DE LOS CERRITOS","TIPO NÚCL":"EJIDO","MUNICIPIO":"POLOTITLÁN","ESTADO":"MÉXICO","SUP":"33593.877","TIPO DE PA":"PARCELAS INDIVIDUALES","CERTIFICAD":"530113","CALIDAD":"EJIDATARIO (A)","GENERO":"MASCULINO","FECHA DE N":"1962/12/19","DOMICILIO":"CON LOC CELAYITA, POLOTITLAN, MEX.","TRÁMITE Q":"TRANSMISIÓN DE DERECHOS POR SUCESIÓN. INSCRIPCIÓN.","FECHA DE A":"2003-09-19","TITULAR":"SILVANO MONROY LEDESMA"},"geometry":{"type":"Polygon","coordinates":[[[-99.860725,20.249325],[-99.860516,20.249331],[-99.860459,20.24933],[-99.860247,20.249327],[-99.860237,20.249325],[-99.860235,20.249301],[-99.860202,20.249067],[-99.860206,20.248726],[-99.860198,20.248678],[-99.860208,20.24863],[-99.860227,20.248527],[-99.860241,20.248458],[-99.86035,20.248405],[-99.860416,20.248244],[-99.862231,20.248152],[-99.862389,20.248378],[-99.863001,20.248377],[-99.862798,20.249318],[-99.861245,20.249348],[-99.860725,20.249325]]]}},{"type":"Feature","properties":{"PARCELA":"246 Z1 P2/3","NÚCLEO AG":"SAN NICOLAS DE LOS CERRITOS","TIPO NÚCL":"EJIDO","MUNICIPIO":"POLOTITLÁN","ESTADO":"MÉXICO","SUP":"21291.325","TIPO DE PA":"PARCELAS INDIVIDUALES","CERTIFICAD":"390834","CALIDAD":"EJIDATARIO (A)","GENERO":"MASCULINO","FECHA DE N":"1947/03/21","DOMICILIO":"CON., CELAYITA, MEXICO","CURP":"GACR470321HMCRBB02","TRÁMITE Q":"ACUERDO DE ASAMBLEA DE LA DELIMITACIÓN, DESTINO Y ASIGNACIÓN DE LAS TIERRAS EJIDALES O COMUNALES. INSCRIPCIÓN.","FECHA DE A":"2000-08-06","TITULAR":"ROBERTO GARCIA CABELLO"},"geometry":{"type":"Polygon","coordinates":[[[-99.860416,20.248244],[-99.860273,20.247012],[-99.863046,20.248086],[-99.863001,20.248377],[-99.862389,20.248378],[-99.862231,20.248152],[-99.860416,20.248244]]]}},{"type":"Feature","properties":{"PARCELA":"249 Z1 P2/2","NÚCLEO AG":"SAN NICOLAS DE LOS CERRITOS","TIPO NÚCL":"EJIDO","MUNICIPIO":"POLOTITLÁN","ESTADO":"MÉXICO","SUP":"1002.34","TIPO DE PA":"PARCELAS INDIVIDUALES","CERTIFICAD":"433755","CALIDAD":"POSESIONARIO (A)","GENERO":"MASCULINO","FECHA DE N":"1950/11/20","DOMICILIO":"CDO. CELAYITA, MEXICO","TRÁMITE Q":"ACUERDO DE ASAMBLEA DE LA DELIMITACIÓN, DESTINO Y ASIGNACIÓN DE LAS TIERRAS EJIDALES O COMUNALES. INSCRIPCIÓN.","FECHA DE A":"2000-08-06"},"geometry":{"type":"Polygon","coordinates":[[[-99.859851,20.247675],[-99.859836,20.2474],[-99.860166,20.247426],[-99.860165,20.24769],[-99.859851,20.247675]]]}},{"type":"Feature","properties":{"PARCELA":"250 Z1 P2/3","NÚCLEO AG":"SAN NICOLAS DE LOS CERRITOS","TIPO NÚCL":"EJIDO","MUNICIPIO":"POLOTITLÁN","ESTADO":"MÉXICO","SUP":"1042.254","TIPO DE PA":"PARCELAS INDIVIDUALES","CERTIFICAD":"1065994","CALIDAD":"AVECINDADO (A)","GENERO":"MASCULINO","FECHA DE N":"1956/07/09","DOMICILIO":"CELAYITA, POLOTITLAN, MEXICO","CURP":"TEGC560709HMCRRR02","TRÁMITE Q":"ENAJENACIÓN DE DERECHOS PARCELARIOS. INSCRIPCIÓN.","FECHA DE A":"2000-08-06","TITULAR":"CIRILO TREJO GARCIA"},"geometry":{"type":"Polygon","coordinates":[[[-99.859836,20.2474],[-99.859832,20.247122],[-99.860174,20.247168],[-99.860166,20.247426],[-99.859836,20.2474]]]}},{"type":"Feature","properties":{"PARCELA":"251 Z1 P2/3","NÚCLEO AG":"SAN NICOLAS DE LOS CERRITOS","TIPO NÚCL":"EJIDO","MUNICIPIO":"POLOTITLÁN","ESTADO":"MÉXICO","SUP":"871.1","TIPO DE PA":"PARCELAS INDIVIDUALES","CERTIFICAD":"390710","CALIDAD":"POSESIONARIO (A)","GENERO":"MASCULINO","FECHA DE N":"1971/03/02","DOMICILIO":"CONOCIDO, CELAYITA, MEXICO","CURP":"GASF710302HMCRND08","TRÁMITE Q":"ACUERDO DE ASAMBLEA DE LA DELIMITACIÓN, DESTINO Y ASIGNACIÓN DE LAS TIERRAS EJIDALES O COMUNALES. INSCRIPCIÓN.","FECHA DE A":"2000-08-06","TITULAR":"FEDERICO GARCIA SANCHEZ"},"geometry":{"type":"Polygon","coordinates":[[[-99.859832,20.247122],[-99.859832,20.246901],[-99.859822,20.246837],[-99.860109,20.246948],[-99.860174,20.247168],[-99.859832,20.247122]]]}},{"type":"Feature","properties":{"PARCELA":"252 Z1 P2/3","NÚCLEO AG":"SAN NICOLAS DE LOS CERRITOS","TIPO NÚCL":"EJIDO","MUNICIPIO":"POLOTITLÁN","ESTADO":"MÉXICO","SUP":"14462.983","TIPO DE PA":"PARCELAS INDIVIDUALES","CERTIFICAD":"390655","CALIDAD":"POSESIONARIO (A)","GENERO":"FEMENINO","FECHA DE N":"1976/04/21","DOMICILIO":"CONOCIDO, SAN LORENZO, RIO TENCO, MEXICO","CURP":"JIRA760421MMCMDL08","TRÁMITE Q":"ACUERDO DE ASAMBLEA DE LA DELIMITACIÓN, DESTINO Y ASIGNACIÓN DE LAS TIERRAS EJIDALES O COMUNALES. INSCRIPCIÓN.","FECHA DE A":"2000-08-06","TITULAR":"ALEJANDRA JIMENEZ RODRIGUEZ"},"geometry":{"type":"Polygon","coordinates":[[[-99.858357,20.24738],[-99.858271,20.246245],[-99.859747,20.246808],[-99.859757,20.247314],[-99.859364,20.247268],[-99.85931,20.247529],[-99.858357,20.24738]]]}},{"type":"Feature","properties":{"PARCELA":"253 Z1 P2/3","NÚCLEO AG":"SAN NICOLAS DE LOS CERRITOS","TIPO NÚCL":"EJIDO","MUNICIPIO":"POLOTITLÁN","ESTADO":"MÉXICO","SUP":"55189.8","TIPO DE PA":"PARCELAS INDIVIDUALES","CERTIFICAD":"390809","CALIDAD":"EJIDATARIO (A)","GENERO":"MASCULINO","FECHA DE N":"1963/08/06","DOMICILIO":"CON., SAN ANTONIO ESCOBEDO, MEXICO","CURP":"AAMS630806HMCLNN00","TRÁMITE Q":"ACUERDO DE ASAMBLEA DE LA DELIMITACIÓN, DESTINO Y ASIGNACIÓN DE LAS TIERRAS EJIDALES O COMUNALES. INSCRIPCIÓN.","FECHA DE A":"2000-08-06","TITULAR":"SANTIAGO ALCANTARA MONROY"},"geometry":{"type":"Polygon","coordinates":[[[-99.857455,20.247218],[-99.855581,20.246896],[-99.855263,20.246031],[-99.854465,20.245587],[-99.854808,20.244924],[-99.858271,20.246245],[-99.858357,20.24738],[-99.857455,20.247218]]]}},{"type":"Feature","properties":{"PARCELA":"255 Z1 P2/3","NÚCLEO AG":"SAN NICOLAS DE LOS CERRITOS","TIPO NÚCL":"EJIDO","MUNICIPIO":"POLOTITLÁN","ESTADO":"MÉXICO","SUP":"39010.145","TIPO DE PA":"PARCELAS INDIVIDUALES","CERTIFICAD":"390906","CALIDAD":"EJIDATARIO (A)","GENERO":"MASCULINO","FECHA DE N":"1947/11/22","DOMICILIO":"CONOCIDO, CELAYITA, MEXICO","CURP":"SAGC471122HMCNRR01","TRÁMITE Q":"ACUERDO DE ASAMBLEA DE LA DELIMITACIÓN, DESTINO Y ASIGNACIÓN DE LAS TIERRAS EJIDALES O COMUNALES. INSCRIPCIÓN.","FECHA DE A":"2000-08-06","TITULAR":"JOSE DEL CARMEN FILEMON SANCHEZ GARFIAS"},"geometry":{"type":"Polygon","coordinates":[[[-99.851794,20.246234],[-99.850806,20.246068],[-99.850927,20.245407],[-99.851212,20.243737],[-99.852063,20.244229],[-99.853037,20.244776],[-99.85207,20.246273],[-99.851794,20.246234]]]}},{"type":"Feature","properties":{"PARCELA":"257 Z1 P2/3","NÚCLEO AG":"SAN NICOLAS DE LOS CERRITOS","TIPO NÚCL":"EJIDO","MUNICIPIO":"POLOTITLÁN","ESTADO":"MÉXICO","SUP":"9862.879","TIPO DE PA":"PARCELAS INDIVIDUALES","CERTIFICAD":"551550","CALIDAD":"POSESIONARIO (A)","GENERO":"MASCULINO","FECHA DE N":"1980/11/03","DOMICILIO":"CON. SAN NICOLAS DE LOS CERRITOS, MEX.","CURP":"GARA801103HMCRSL01","TRÁMITE Q":"ENAJENACIÓN DE DERECHOS PARCELARIOS. INSCRIPCIÓN.","FECHA DE A":"2010-10-18","TITULAR":"JOSE ALBERTO GARCIA ROSILLO"},"geometry":{"type":"Polygon","coordinates":[[[-99.853298,20.244921],[-99.85358,20.244456],[-99.854808,20.244924],[-99.854465,20.245587],[-99.853298,20.244921]]]}},{"type":"Feature","properties":{"PARCELA":"258 Z1 P2/3","NÚCLEO AG":"SAN NICOLAS DE LOS CERRITOS","TIPO NÚCL":"EJIDO","MUNICIPIO":"POLOTITLÁN","ESTADO":"MÉXICO","SUP":"5997.227","TIPO DE PA":"PARCELAS INDIVIDUALES","CERTIFICAD":"1012509","CALIDAD":"POSESIONARIO (A)","GENERO":"MASCULINO","FECHA DE N":"1978/03/27","DOMICILIO":"POLOTITLAN, MEXICO.","TRÁMITE Q":"TRANSMISIÓN DE DERECHOS POR SUCESIÓN. INSCRIPCIÓN.","FECHA DE A":"2000-09-06","TITULAR":"ARTURO RESENDIZ LEDESMA"},"geometry":{"type":"Polygon","coordinates":[[[-99.853037,20.244776],[-99.852063,20.244229],[-99.852189,20.24399],[-99.85342,20.244395],[-99.853222,20.244881],[-99.853037,20.244776]]]}},{"type":"Feature","properties":{"PARCELA":"259 Z1 P2","NÚCLEO AG":"SAN NICOLAS DE LOS CERRITOS","TIPO NÚCL":"EJIDO","MUNICIPIO":"POLOTITLÁN","ESTADO":"MÉXICO","SUP":"2068.02","TIPO DE PA":"PARCELAS INDIVIDUALES","CERTIFICAD":"578839","CALIDAD":"EJIDATARIO (A)","GENERO":"MASCULINO","FECHA DE N":"1961/07/27","DOMICILIO":"LOC. CELAYITA, POLOTITLAN, MEXICO","TRÁMITE Q":"ACUERDO DE ASAMBLEA DE LA DELIMITACIÓN, DESTINO Y ASIGNACIÓN DE LAS TIERRAS EJIDALES O COMUNALES. INSCRIPCIÓN.","FECHA DE A":"2000-08-06","TITULAR":"RODOLFO GARCIA REYES"},"geometry":{"type":"Polygon","coordinates":[[[-99.851212,20.243737],[-99.850864,20.243553],[-99.852189,20.24399],[-99.852063,20.244229],[-99.851212,20.243737]]]}},{"type":"Feature","properties":{"PARCELA":"260 Z1 P2/3","NÚCLEO AG":"SAN NICOLAS DE LOS CERRITOS","TIPO NÚCL":"EJIDO","MUNICIPIO":"POLOTITLÁN","ESTADO":"MÉXICO","SUP":"43965.568","TIPO DE PA":"PARCELAS INDIVIDUALES","CERTIFICAD":"1101014","CALIDAD":"AVECINDADO (A)","GENERO":"MASCULINO","FECHA DE N":"1998/11/18","DOMICILIO":"LOC CELAYITA,POLOTITLAN, MEXICO","CURP":"MOAG981118HMCNRN06","TRÁMITE Q":"TRANSMISIÓN DE DERECHOS POR SUCESIÓN. INSCRIPCIÓN.","FECHA DE A":"2003-09-19","TITULAR":"GENARO MONROY ARGUELLO"},"geometry":{"type":"Polygon","coordinates":[[[-99.848316,20.24382],[-99.848816,20.242932],[-99.849342,20.243052],[-99.850864,20.243553],[-99.851212,20.243737],[-99.850927,20.245407],[-99.850188,20.245006],[-99.849894,20.244796],[-99.849071,20.244242],[-99.848735,20.244061],[-99.848316,20.24382]]]}},{"type":"Feature","properties":{"PARCELA":"261 Z1 P2/3","NÚCLEO AG":"SAN NICOLAS DE LOS CERRITOS","TIPO NÚCL":"EJIDO","MUNICIPIO":"POLOTITLÁN","ESTADO":"MÉXICO","SUP":"24817.713","TIPO DE PA":"PARCELAS INDIVIDUALES","CERTIFICAD":"1065995","CALIDAD":"AVECINDADO (A)","GENERO":"MASCULINO","FECHA DE N":"1956/07/09","DOMICILIO":"CELAYITA, POLOTITLAN, MEXICO","CURP":"TEGC560709HMCRRR02","TRÁMITE Q":"ENAJENACIÓN DE DERECHOS PARCELARIOS. INSCRIPCIÓN.","FECHA DE A":"2000-08-06","TITULAR":"CIRILO TREJO GARCIA"},"geometry":{"type":"Polygon","coordinates":[[[-99.846927,20.243539],[-99.8466,20.243321],[-99.847047,20.242527],[-99.848816,20.242932],[-99.848316,20.24382],[-99.848044,20.244285],[-99.846927,20.243539]]]}},{"type":"Feature","properties":{"PARCELA":"262 Z1 P2/3","NÚCLEO AG":"SAN NICOLAS DE LOS CERRITOS","TIPO NÚCL":"EJIDO","MUNICIPIO":"POLOTITLÁN","ESTADO":"MÉXICO","SUP":"12114.466","TIPO DE PA":"PARCELAS INDIVIDUALES","CERTIFICAD":"1010058","CALIDAD":"EJIDATARIO (A)","GENERO":"MASCULINO","FECHA DE N":"1962/02/04","DOMICILIO":"CON. SAN NICOLAS DE LOS CERRITOS, MEX.","CURP":"AARD620204HMCLMM08","TRÁMITE Q":"ENAJENACIÓN DE DERECHOS PARCELARIOS. INSCRIPCIÓN.","FECHA DE A":"2000-08-06","TITULAR":"DEMECIO ALVAREZ RAMON"},"geometry":{"type":"Polygon","coordinates":[[[-99.846043,20.242949],[-99.845065,20.242296],[-99.845171,20.242097],[-99.847047,20.242527],[-99.8466,20.243321],[-99.846043,20.242949]]]}},{"type":"Feature","properties":{"PARCELA":"263 Z1 P2/3","NÚCLEO AG":"SAN NICOLAS DE LOS CERRITOS","TIPO NÚCL":"EJIDO","MUNICIPIO":"POLOTITLÁN","ESTADO":"MÉXICO","SUP":"787.854","TIPO DE PA":"PARCELAS INDIVIDUALES","CERTIFICAD":"390812","CALIDAD":"EJIDATARIO (A)","GENERO":"MASCULINO","FECHA DE N":"1950/04/08","DOMICILIO":"CONOCIDO, CELAYITA, MEXICO","CURP":"BARA500408HMCSSL02","TRÁMITE Q":"ACUERDO DE ASAMBLEA DE LA DELIMITACIÓN, DESTINO Y ASIGNACIÓN DE LAS TIERRAS EJIDALES O COMUNALES. INSCRIPCIÓN.","FECHA DE A":"2000-08-06","TITULAR":"ALBERTO BASURTO RESENDIZ"},"geometry":{"type":"Polygon","coordinates":[[[-99.844558,20.241957],[-99.845171,20.242097],[-99.845065,20.242296],[-99.844558,20.241957]]]}},{"type":"Feature","properties":{"SUP":"9992.099"},"geometry":{"type":"Polygon","coordinates":[[[-99.368029,20.08997],[-99.367355,20.089376],[-99.36803,20.088692],[-99.368705,20.089286],[-99.368029,20.08997]]]}},{"type":"Feature","properties":{"PARCELA":"633 Z1 P1","NÚCLEO AG":"POLOTITLAN","TIPO NÚCL":"EJIDO","MUNICIPIO":"POLOTITLÁN","ESTADO":"MÉXICO","SUP":"10412.92","TIPO DE PA":"PARCELAS INDIVIDUALES","CERTIFICAD":"576234","CALIDAD":"POSESIONARIO (A)","GENERO":"MASCULINO","FECHA DE N":"1973/04/21","DOMICILIO":"LOC. SAN ANTONIO POLOTITLAN, POLOTITLAN,","TRÁMITE Q":"ACUERDO DE ASAMBLEA DE LA DELIMITACIÓN, DESTINO Y ASIGNACIÓN DE LAS TIERRAS EJIDALES O COMUNALES. INSCRIPCIÓN.","FECHA DE A":"1997-12-14","TITULAR":"GREGORIO CRUZ ARGUELLO"},"geometry":{"type":"Polygon","coordinates":[[[-99.842821,20.241595],[-99.842544,20.242187],[-99.840725,20.241422],[-99.840662,20.241173],[-99.842821,20.241595]]]}},{"type":"Feature","properties":{"PARCELA":"121 Z-3 P1/7","NÚCLEO AG":"POLOTITLAN","TIPO NÚCL":"EJIDO","MUNICIPIO":"POLOTITLÁN","ESTADO":"MÉXICO","SUP":"46720.139","TIPO DE PA":"PARCELAS INDIVIDUALES","CERTIFICAD":"1080028","CALIDAD":"EJIDATARIO (A)","GENERO":"MASCULINO","FECHA DE N":"1967/01/23","DOMICILIO":"C ABASOLO 30 COL CENTRO 54200 POLOTITLAN, MEXICO","TRÁMITE Q":"TRANSMISIÓN DE DERECHOS POR SUCESIÓN. INSCRIPCIÓN.","FECHA DE A":"2014-10-13","TITULAR":"JUAN JOSE\t CRUZ\t RESENDIZ"},"geometry":{"type":"Polygon","coordinates":[[[-99.843268,20.243617],[-99.843731,20.242687],[-99.84412,20.241849],[-99.844558,20.241957],[-99.845065,20.242296],[-99.846043,20.242949],[-99.844379,20.244608],[-99.843268,20.243617]]]}},{"type":"Feature","properties":{"PARCELA":"130 Z3 P1","NÚCLEO AG":"POLOTITLAN","TIPO NÚCL":"EJIDO","MUNICIPIO":"POLOTITLÁN","ESTADO":"MÉXICO","SUP":"11726.142","TIPO DE PA":"PARCELAS INDIVIDUALES","CERTIFICAD":"576233","CALIDAD":"POSESIONARIO (A)","GENERO":"MASCULINO","FECHA DE N":"1973/04/21","DOMICILIO":"LOC. SAN ANTONIO POLOTITLAN, POLOTITLAN,","TRÁMITE Q":"ACUERDO DE ASAMBLEA DE LA DELIMITACIÓN, DESTINO Y ASIGNACIÓN DE LAS TIERRAS EJIDALES O COMUNALES. INSCRIPCIÓN.","FECHA DE A":"1997-12-14","TITULAR":"GREGORIO CRUZ ARGUELLO"},"geometry":{"type":"Polygon","coordinates":[[[-99.842544,20.242187],[-99.842821,20.241595],[-99.84412,20.241849],[-99.843731,20.242687],[-99.842544,20.242187]]]}},{"type":"Feature","properties":{"PARCELA":"136 Z3 P1/7","NÚCLEO AG":"POLOTITLAN","TIPO NÚCL":"EJIDO","MUNICIPIO":"POLOTITLÁN","ESTADO":"MÉXICO","SUP":"11650.671","TIPO DE PA":"PARCELAS INDIVIDUALES","CERTIFICAD":"264597","CALIDAD":"EJIDATARIO (A)","GENERO":"MASCULINO","FECHA DE N":"1930/12/21","DOMICILIO":"CONOCIDO, POLOTITLAN, MEXICO","TRÁMITE Q":"ACUERDO DE ASAMBLEA DE LA DELIMITACIÓN, DESTINO Y ASIGNACIÓN DE LAS TIERRAS EJIDALES O COMUNALES. INSCRIPCIÓN.","FECHA DE A":"1997-12-14","TITULAR":"JESUS OLGUIN RODRIGUEZ"},"geometry":{"type":"Polygon","coordinates":[[[-99.837922,20.241267],[-99.837551,20.240942],[-99.837957,20.240557],[-99.839258,20.240824],[-99.838408,20.24171],[-99.837922,20.241267]]]}},{"type":"Feature","properties":{"PARCELA":"137 Z3 P1/7","NÚCLEO AG":"POLOTITLAN","TIPO NÚCL":"EJIDO","MUNICIPIO":"POLOTITLÁN","ESTADO":"MÉXICO","SUP":"40731.761","TIPO DE PA":"PARCELAS INDIVIDUALES","CERTIFICAD":"264834","CALIDAD":"EJIDATARIO (A)","GENERO":"MASCULINO","FECHA DE N":"1957/02/12","DOMICILIO":"CONOCIDO, POLOTITLAN, MEXICO","CURP":"POVA570212HMCLRL02","TRÁMITE Q":"ACUERDO DE ASAMBLEA DE LA DELIMITACIÓN, DESTINO Y ASIGNACIÓN DE LAS TIERRAS EJIDALES O COMUNALES. INSCRIPCIÓN.","FECHA DE A":"1997-12-14","TITULAR":"ALEJO POLO VIRGILIO"},"geometry":{"type":"Polygon","coordinates":[[[-99.834822,20.242814],[-99.837098,20.240535],[-99.837551,20.240942],[-99.837922,20.241267],[-99.835642,20.243534],[-99.834822,20.242814]]]}},{"type":"Feature","properties":{"PARCELA":"140 Z-3 P1/7","NÚCLEO AG":"POLOTITLAN","TIPO NÚCL":"EJIDO","MUNICIPIO":"POLOTITLÁN","ESTADO":"MÉXICO","SUP":"36812.843","TIPO DE PA":"PARCELAS INDIVIDUALES","CERTIFICAD":"264575","CALIDAD":"EJIDATARIO (A)","GENERO":"MASCULINO","FECHA DE N":"1942/01/31","DOMICILIO":"CONOCIDO, POLOTITLAN, MEXICO","CURP":"GALM420131HMCLPR09","TRÁMITE Q":"ACUERDO DE ASAMBLEA DE LA DELIMITACIÓN, DESTINO Y ASIGNACIÓN DE LAS TIERRAS EJIDALES O COMUNALES. INSCRIPCIÓN.","FECHA DE A":"1997-12-14","TITULAR":"JOSE MARCOS GALVAN LOPEZ"},"geometry":{"type":"Polygon","coordinates":[[[-99.834042,20.242193],[-99.83597,20.240154],[-99.836864,20.240333],[-99.837098,20.240535],[-99.834822,20.242814],[-99.834042,20.242193]]]}},{"type":"Feature","properties":{"PARCELA":"144 Z-3 P1/7","NÚCLEO AG":"POLOTITLAN","TIPO NÚCL":"EJIDO","MUNICIPIO":"POLOTITLÁN","ESTADO":"MÉXICO","SUP":"2939.482","TIPO DE PA":"PARCELAS INDIVIDUALES","CERTIFICAD":"264604","CALIDAD":"EJIDATARIO (A)","GENERO":"MASCULINO","FECHA DE N":"1957/06/13","DOMICILIO":"CONOCIDO, POLOTITLAN, MEXICO","CURP":"MERA570613HMCJSN02","TRÁMITE Q":"ACUERDO DE ASAMBLEA DE LA DELIMITACIÓN, DESTINO Y ASIGNACIÓN DE LAS TIERRAS EJIDALES O COMUNALES. INSCRIPCIÓN.","FECHA DE A":"1997-12-14","TITULAR":"JOSE ANTONIO MEJIA RESENDIZ"},"geometry":{"type":"Polygon","coordinates":[[[-99.837098,20.240535],[-99.836864,20.240333],[-99.837957,20.240557],[-99.837551,20.240942],[-99.837098,20.240535]]]}},{"type":"Feature","properties":{"PARCELA":"145 Z3 P1/7","NÚCLEO AG":"POLOTITLAN","TIPO NÚCL":"EJIDO","MUNICIPIO":"POLOTITLÁN","ESTADO":"MÉXICO","SUP":"28730.801","TIPO DE PA":"PARCELAS INDIVIDUALES","CERTIFICAD":"430974","CALIDAD":"EJIDATARIO (A)","GENERO":"MASCULINO","FECHA DE N":"1942/01/31","DOMICILIO":"CONOCIDO, POLOTITLAN, MEXICO","CURP":"GALM420131HMCLPR09","TRÁMITE Q":"ENAJENACIÓN DE DERECHOS PARCELARIOS. INSCRIPCIÓN.","FECHA DE A":"2004-11-15","TITULAR":"JOSE MARCOS GALVAN LOPEZ"},"geometry":{"type":"Polygon","coordinates":[[[-99.83597,20.240154],[-99.834042,20.242193],[-99.8336,20.241759],[-99.833736,20.241476],[-99.833667,20.241381],[-99.834375,20.240373],[-99.834186,20.239758],[-99.83597,20.240154]]]}},{"type":"Feature","properties":{"PARCELA":"146 Z-3 P1/7","NÚCLEO AG":"POLOTITLAN","TIPO NÚCL":"EJIDO","MUNICIPIO":"POLOTITLÁN","ESTADO":"MÉXICO","SUP":"22679.772","TIPO DE PA":"PARCELAS INDIVIDUALES","CERTIFICAD":"264884","CALIDAD":"EJIDATARIO (A)","GENERO":"MASCULINO","FECHA DE N":"1960/10/05","DOMICILIO":"CONOCIDO, POLOTITLAN, MEXICO","TRÁMITE Q":"ACUERDO DE ASAMBLEA DE LA DELIMITACIÓN, DESTINO Y ASIGNACIÓN DE LAS TIERRAS EJIDALES O COMUNALES. INSCRIPCIÓN.","FECHA DE A":"1997-12-14","TITULAR":"FRANCISCO BRAVO ARGUELLO"},"geometry":{"type":"Polygon","coordinates":[[[-99.832277,20.240657],[-99.833339,20.239561],[-99.834122,20.239738],[-99.834304,20.240264],[-99.833152,20.241345],[-99.832277,20.240657]]]}},{"type":"Feature","properties":{"PARCELA":"150 Z-3 P1/7","NÚCLEO AG":"POLOTITLAN","TIPO NÚCL":"EJIDO","MUNICIPIO":"POLOTITLÁN","ESTADO":"MÉXICO","SUP":"17037.253","TIPO DE PA":"PARCELAS INDIVIDUALES","CERTIFICAD":"264657","CALIDAD":"EJIDATARIO (A)","GENERO":"MASCULINO","FECHA DE N":"1936/07/15","DOMICILIO":"CONOCIDO, POLOTITLAN, MEXICO","CURP":"REBE360715HMCSNN02","TRÁMITE Q":"ACUERDO DE ASAMBLEA DE LA DELIMITACIÓN, DESTINO Y ASIGNACIÓN DE LAS TIERRAS EJIDALES O COMUNALES. INSCRIPCIÓN.","FECHA DE A":"1997-12-14","TITULAR":"ENRIQUE RESENDIZ BENITEZ"},"geometry":{"type":"Polygon","coordinates":[[[-99.833339,20.239561],[-99.832277,20.240657],[-99.831482,20.239999],[-99.831707,20.239205],[-99.833339,20.239561]]]}},{"type":"Feature","properties":{"PARCELA":"154 Z3 P1/7","NÚCLEO AG":"POLOTITLAN","TIPO NÚCL":"EJIDO","MUNICIPIO":"POLOTITLÁN","ESTADO":"MÉXICO","SUP":"7608.092","TIPO DE PA":"PARCELAS INDIVIDUALES","CERTIFICAD":"264779","CALIDAD":"EJIDATARIO (A)","GENERO":"MASCULINO","FECHA DE N":"1956/06/27","DOMICILIO":"CONOCIDO, POLOTITLAN, MEXICO","CURP":"MEOJ560627HMCJLR09","TRÁMITE Q":"ACUERDO DE ASAMBLEA DE LA DELIMITACIÓN, DESTINO Y ASIGNACIÓN DE LAS TIERRAS EJIDALES O COMUNALES. INSCRIPCIÓN.","FECHA DE A":"1997-12-14","TITULAR":"JORGE MEJIA OLMOS"},"geometry":{"type":"Polygon","coordinates":[[[-99.83136,20.239959],[-99.829911,20.238852],[-99.831535,20.239185],[-99.83136,20.239959]]]}},{"type":"Feature","properties":{"PARCELA":"155 Z3 P1/7","NÚCLEO AG":"POLOTITLAN","TIPO NÚCL":"EJIDO","MUNICIPIO":"POLOTITLÁN","ESTADO":"MÉXICO","SUP":"21278.062","TIPO DE PA":"PARCELAS INDIVIDUALES","CERTIFICAD":"264758","CALIDAD":"EJIDATARIO (A)","GENERO":"MASCULINO","FECHA DE N":"1956/10/02","DOMICILIO":"CONOCIDO, POLOTITLAN, MEXICO","CURP":"EUCR561002HMCSRB09","TRÁMITE Q":"ACUERDO DE ASAMBLEA DE LA DELIMITACIÓN, DESTINO Y ASIGNACIÓN DE LAS TIERRAS EJIDALES O COMUNALES. INSCRIPCIÓN.","FECHA DE A":"1997-12-14","TITULAR":"ROBERTO ESQUIVEL CARRILLO"},"geometry":{"type":"Polygon","coordinates":[[[-99.829055,20.240366],[-99.830143,20.239157],[-99.831373,20.240156],[-99.831128,20.240449],[-99.831025,20.240462],[-99.830531,20.240272],[-99.830129,20.240475],[-99.829711,20.240903],[-99.829055,20.240366]]]}},{"type":"Feature","properties":{"PARCELA":"156 Z3 P1/7","NÚCLEO AG":"POLOTITLAN","TIPO NÚCL":"EJIDO","MUNICIPIO":"POLOTITLÁN","ESTADO":"MÉXICO","SUP":"29619.131","TIPO DE PA":"PARCELAS INDIVIDUALES","CERTIFICAD":"1070132","CALIDAD":"AVECINDADO (A)","GENERO":"FEMENINO","FECHA DE N":"1970/02/17","DOMICILIO":"SAN PABLO DE LOS REMEDIOS, IXTLAHUACA, MEXICO","TRÁMITE Q":"ENAJENACIÓN DE DERECHOS PARCELARIOS. INSCRIPCIÓN.","FECHA DE A":"2014-01-14","TITULAR":"MA. CONCEPCION GONZALEZ RAMIREZ"},"geometry":{"type":"Polygon","coordinates":[[[-99.827612,20.239189],[-99.828285,20.238509],[-99.829822,20.238832],[-99.830143,20.239157],[-99.829055,20.240366],[-99.827612,20.239189]]]}},{"type":"Feature","properties":{"PARCELA":"157 Z3 P1/7","NÚCLEO AG":"POLOTITLAN","TIPO NÚCL":"EJIDO","MUNICIPIO":"POLOTITLÁN","ESTADO":"MÉXICO","SUP":"9937.448","TIPO DE PA":"PARCELAS INDIVIDUALES","CERTIFICAD":"1070103","CALIDAD":"AVECINDADO (A)","GENERO":"FEMENINO","FECHA DE N":"1970/02/17","DOMICILIO":"SAN PABLO DE LOS REMEDIOS, IXTLAHUACA, MEXICO","TRÁMITE Q":"ENAJENACIÓN DE DERECHOS PARCELARIOS. INSCRIPCIÓN.","FECHA DE A":"2000-06-11","TITULAR":"MA. CONCEPCION GONZALEZ RAMIREZ"},"geometry":{"type":"Polygon","coordinates":[[[-99.828285,20.238509],[-99.827612,20.239189],[-99.826211,20.238054],[-99.828285,20.238509]]]}},{"type":"Feature","properties":{"PARCELA":"163 Z4 P1/7","NÚCLEO AG":"POLOTITLAN","TIPO NÚCL":"EJIDO","MUNICIPIO":"POLOTITLÁN","ESTADO":"MÉXICO","SUP":"31706.217","TIPO DE PA":"PARCELAS INDIVIDUALES","CERTIFICAD":"497062","CALIDAD":"EJIDATARIO (A)","GENERO":"MASCULINO","FECHA DE N":"1934/02/03","DOMICILIO":"CDO. SAN ANTONIO EL VIEJO, MEXICO","CURP":"OOMJ340203HMCSRN07","TRÁMITE Q":"ACUERDO DE ASAMBLEA DE LA DELIMITACIÓN, DESTINO Y ASIGNACIÓN DE LAS TIERRAS EJIDALES O COMUNALES. INSCRIPCIÓN.","FECHA DE A":"1997-12-14","TITULAR":"JUAN OSORNIO MARTINEZ"},"geometry":{"type":"Polygon","coordinates":[[[-99.823358,20.240011],[-99.823877,20.239306],[-99.823196,20.238745],[-99.824099,20.237616],[-99.825361,20.238592],[-99.82376,20.240316],[-99.823358,20.240011]]]}},{"type":"Feature","properties":{"PARCELA":"169 Z-4 P1/7","NÚCLEO AG":"POLOTITLAN","TIPO NÚCL":"EJIDO","MUNICIPIO":"POLOTITLÁN","ESTADO":"MÉXICO","SUP":"20650.451","TIPO DE PA":"PARCELAS INDIVIDUALES","CERTIFICAD":"500198","CALIDAD":"EJIDATARIO (A)","GENERO":"FEMENINO","FECHA DE N":"1951/06/07","DOMICILIO":"CONOCIDO, POLOTITLAN, MEXICO","TRÁMITE Q":"INSCRIPCION DE SENTENCIAS","FECHA DE A":"2006-11-30","TITULAR":"ALICIA DORANTES MARTINEZ"},"geometry":{"type":"Polygon","coordinates":[[[-99.821788,20.237555],[-99.821804,20.237534],[-99.822176,20.237174],[-99.824099,20.237616],[-99.823196,20.238745],[-99.821788,20.237555]]]}},{"type":"Feature","properties":{"PARCELA":"170 Z-4 P1/7","NÚCLEO AG":"POLOTITLAN","TIPO NÚCL":"EJIDO","MUNICIPIO":"POLOTITLÁN","ESTADO":"MÉXICO","SUP":"20214.628","TIPO DE PA":"PARCELAS INDIVIDUALES","CERTIFICAD":"264617","CALIDAD":"EJIDATARIO (A)","GENERO":"FEMENINO","FECHA DE N":"1927/12/17","DOMICILIO":"CONOCIDO, POLOTITLAN, MEXICO","CURP":"MAML271217MMCRRZ09","TRÁMITE Q":"ACUERDO DE ASAMBLEA DE LA DELIMITACIÓN, DESTINO Y ASIGNACIÓN DE LAS TIERRAS EJIDALES O COMUNALES. INSCRIPCIÓN.","FECHA DE A":"1997-12-14","TITULAR":"LAZARA MARTINEZ MARTINEZ"},"geometry":{"type":"Polygon","coordinates":[[[-99.821405,20.237912],[-99.820459,20.238785],[-99.819492,20.237932],[-99.820415,20.236959],[-99.821405,20.237912]]]}},{"type":"Feature","properties":{"PARCELA":"172 Z4 P1/7","NÚCLEO AG":"POLOTITLAN","TIPO NÚCL":"EJIDO","MUNICIPIO":"POLOTITLÁN","ESTADO":"MÉXICO","SUP":"9736.147","TIPO DE PA":"PARCELAS INDIVIDUALES","CERTIFICAD":"549629","CALIDAD":"POSESIONARIO (A)","GENERO":"FEMENINO","FECHA DE N":"1983/04/10","DOMICILIO":"CON POLOTITLAN, POLOTITLAN, MEXICO","CURP":"LECS830410MMCDRN04","TRÁMITE Q":"ENAJENACIÓN DE DERECHOS PARCELARIOS. INSCRIPCIÓN.","FECHA DE A":"2011-01-10","TITULAR":"SANDRA LEDESMA CORTEZ"},"geometry":{"type":"Polygon","coordinates":[[[-99.820341,20.23682],[-99.82026,20.236732],[-99.822176,20.237174],[-99.821804,20.237534],[-99.821754,20.237541],[-99.821433,20.237835],[-99.821375,20.237842],[-99.820341,20.23682]]]}},{"type":"Feature","properties":{"PARCELA":"173 Z-4 P1/7","NÚCLEO AG":"POLOTITLAN","TIPO NÚCL":"EJIDO","MUNICIPIO":"POLOTITLÁN","ESTADO":"MÉXICO","SUP":"14533.16","TIPO DE PA":"PARCELAS INDIVIDUALES","CERTIFICAD":"264618","CALIDAD":"EJIDATARIO (A)","GENERO":"FEMENINO","FECHA DE N":"1927/12/17","DOMICILIO":"CONOCIDO, POLOTITLAN, MEXICO","CURP":"MAML271217MMCRRZ09","TRÁMITE Q":"ACUERDO DE ASAMBLEA DE LA DELIMITACIÓN, DESTINO Y ASIGNACIÓN DE LAS TIERRAS EJIDALES O COMUNALES. INSCRIPCIÓN.","FECHA DE A":"1997-12-14","TITULAR":"LAZARA MARTINEZ MARTINEZ"},"geometry":{"type":"Polygon","coordinates":[[[-99.82026,20.236732],[-99.820341,20.23682],[-99.81947,20.23791],[-99.818634,20.237122],[-99.819294,20.236508],[-99.82026,20.236732]]]}},{"type":"Feature","properties":{"PARCELA":"413 Z-1 P2/7","NÚCLEO AG":"POLOTITLAN","TIPO NÚCL":"EJIDO","MUNICIPIO":"POLOTITLÁN","ESTADO":"MÉXICO","SUP":"25303.672","TIPO DE PA":"PARCELAS INDIVIDUALES","CERTIFICAD":"436029","CALIDAD":"EJIDATARIO (A)","GENERO":"MASCULINO","FECHA DE N":"1965/12/11","DOMICILIO":"CONOC. CERRO GORDO, POLOTITLAN, MEXICO","CURP":"AAGD651211HMCNNN09","TRÁMITE Q":"INSCRIPCION DE SENTENCIAS","FECHA DE A":"2005-01-24","TITULAR":"DANIEL ANAYA GONZALEZ"},"geometry":{"type":"Polygon","coordinates":[[[-99.801185,20.23427],[-99.799842,20.233127],[-99.800245,20.23266],[-99.802186,20.232878],[-99.801429,20.234297],[-99.801185,20.23427]]]}},{"type":"Feature","properties":{"PARCELA":"418 Z-1 P2/7","NÚCLEO AG":"POLOTITLAN","TIPO NÚCL":"EJIDO","MUNICIPIO":"POLOTITLÁN","ESTADO":"MÉXICO","SUP":"22847.905","TIPO DE PA":"PARCELAS INDIVIDUALES","CERTIFICAD":"264584","CALIDAD":"EJIDATARIO (A)","GENERO":"MASCULINO","FECHA DE N":"1956/12/23","DOMICILIO":"CONOCIDO, CERRO GORDO, POLOTITLAN, MEX.","CURP":"HEEM561223HMCRSR01","TRÁMITE Q":"ACUERDO DE ASAMBLEA DE LA DELIMITACIÓN, DESTINO Y ASIGNACIÓN DE LAS TIERRAS EJIDALES O COMUNALES. INSCRIPCIÓN.","FECHA DE A":"1997-12-14","TITULAR":"MARGARITO HERNANDEZ CRUZ"},"geometry":{"type":"Polygon","coordinates":[[[-99.798518,20.233939],[-99.797936,20.233457],[-99.798872,20.232493],[-99.800245,20.23266],[-99.799842,20.233127],[-99.798836,20.234201],[-99.798518,20.233939]]]}},{"type":"Feature","properties":{"PARCELA":"426 Z-1 P2/7","NÚCLEO AG":"POLOTITLAN","TIPO NÚCL":"EJIDO","MUNICIPIO":"POLOTITLÁN","ESTADO":"MÉXICO","SUP":"11363.09","TIPO DE PA":"PARCELAS INDIVIDUALES","CERTIFICAD":"1075566","CALIDAD":"AVECINDADO (A)","GENERO":"MASCULINO","FECHA DE N":"1966/03/24","DOMICILIO":"LOC POLOTITLAN POLOTITLAN, MÉX.","TRÁMITE Q":"ENAJENACIÓN DE DERECHOS PARCELARIOS. INSCRIPCIÓN.","FECHA DE A":"2008-01-07","TITULAR":"GABRIEL ESTRADA ESQUIVEL"},"geometry":{"type":"Polygon","coordinates":[[[-99.797529,20.2331],[-99.797078,20.232714],[-99.797359,20.232431],[-99.798872,20.232493],[-99.797936,20.233457],[-99.797529,20.2331]]]}},{"type":"Feature","properties":{"PARCELA":"427 Z1 P2","NÚCLEO AG":"POLOTITLAN","TIPO NÚCL":"EJIDO","MUNICIPIO":"POLOTITLÁN","ESTADO":"MÉXICO","SUP":"1230.723","TIPO DE PA":"PARCELAS INDIVIDUALES","CERTIFICAD":"1102246","CALIDAD":"POSESIONARIO (A)","GENERO":"FEMENINO","FECHA DE N":"1952/06/25","DOMICILIO":"LOC CASAS VIEJAS, NOPALA DE VILLAGRAN, HIDALGO","CURP":"MOGL520625MMCRRC01","TRÁMITE Q":"INSCRIPCION DE SENTENCIAS","FECHA DE A":"2023-07-10","TITULAR":"MARIA LUCIA MORENO GARCIA"},"geometry":{"type":"Polygon","coordinates":[[[-99.796671,20.232367],[-99.797359,20.232431],[-99.797078,20.232714],[-99.796671,20.232367]]]}},{"type":"Feature","properties":{"PARCELA":"428 Z1 P2/7","NÚCLEO AG":"POLOTITLAN","TIPO NÚCL":"EJIDO","MUNICIPIO":"POLOTITLÁN","ESTADO":"MÉXICO","SUP":"29569.28","TIPO DE PA":"PARCELAS INDIVIDUALES","CERTIFICAD":"435727","CALIDAD":"EJIDATARIO (A)","GENERO":"MASCULINO","FECHA DE N":"1963/07/25","DOMICILIO":"CONOC, NOPALA VILLAGRAN, HIDALGO","CURP":"GAHF630725HHGRRL04","TRÁMITE Q":"INSCRIPCION DE SENTENCIAS","FECHA DE A":"2004-12-02","TITULAR":"FLORENCIO GARCIA HERNANDEZ"},"geometry":{"type":"Polygon","coordinates":[[[-99.794803,20.233159],[-99.795745,20.232226],[-99.796671,20.232367],[-99.797078,20.232714],[-99.797529,20.2331],[-99.797062,20.233568],[-99.796806,20.233782],[-99.794976,20.233328],[-99.794803,20.233159]]]}},{"type":"Feature","properties":{"PARCELA":"429 Z-1 P2/7","NÚCLEO AG":"POLOTITLAN","TIPO NÚCL":"EJIDO","MUNICIPIO":"POLOTITLÁN","ESTADO":"MÉXICO","SUP":"13503.669","TIPO DE PA":"PARCELAS INDIVIDUALES","CERTIFICAD":"264589","CALIDAD":"EJIDATARIO (A)","GENERO":"MASCULINO","FECHA DE N":"1929/03/01","DOMICILIO":"CONOCIDO, CERRO GORDO, POLOTITLAN, MEX.","CURP":"HESR290301HMCRNS04","TRÁMITE Q":"ACUERDO DE ASAMBLEA DE LA DELIMITACIÓN, DESTINO Y ASIGNACIÓN DE LAS TIERRAS EJIDALES O COMUNALES. INSCRIPCIÓN.","FECHA DE A":"1997-12-14","TITULAR":"ROSENDO HERNANDEZ SANCHEZ"},"geometry":{"type":"Polygon","coordinates":[[[-99.795745,20.232226],[-99.794803,20.233159],[-99.794031,20.232415],[-99.794002,20.232301],[-99.794178,20.231884],[-99.795745,20.232226]]]}},{"type":"Feature","properties":{"PARCELA":"431 Z-1 P2/7","NÚCLEO AG":"POLOTITLAN","TIPO NÚCL":"EJIDO","MUNICIPIO":"POLOTITLÁN","ESTADO":"MÉXICO","SUP":"2457.527","TIPO DE PA":"PARCELAS INDIVIDUALES","CERTIFICAD":"264588","CALIDAD":"EJIDATARIO (A)","GENERO":"MASCULINO","FECHA DE N":"1929/03/01","DOMICILIO":"CONOCIDO, CERRO GORDO, POLOTITLAN, MEX.","CURP":"HESR290301HMCRNS04","TRÁMITE Q":"ACUERDO DE ASAMBLEA DE LA DELIMITACIÓN, DESTINO Y ASIGNACIÓN DE LAS TIERRAS EJIDALES O COMUNALES. INSCRIPCIÓN.","FECHA DE A":"1997-12-14","TITULAR":"ROSENDO HERNANDEZ SANCHEZ"},"geometry":{"type":"Polygon","coordinates":[[[-99.793528,20.232038],[-99.793557,20.231687],[-99.794037,20.231841],[-99.793906,20.232386],[-99.793528,20.232038]]]}},{"type":"Feature","properties":{"PARCELA":"432 Z1 P2/7","NÚCLEO AG":"POLOTITLAN","TIPO NÚCL":"EJIDO","MUNICIPIO":"POLOTITLÁN","ESTADO":"MÉXICO","SUP":"48359.729","TIPO DE PA":"PARCELAS INDIVIDUALES","CERTIFICAD":"1115558","CALIDAD":"EJIDATARIO (A)","GENERO":"MASCULINO","FECHA DE N":"1972/06/09","DOMICILIO":"LOC CERRO GORDO POLOTITLAN","CURP":"HEEJ670609HMCRSS00","TRÁMITE Q":"TRANSMISIÓN DE DERECHOS POR SUCESIÓN. INSCRIPCIÓN.","FECHA DE A":"2019-06-08","TITULAR":"JESUS HERNANDEZ ESTRADA"},"geometry":{"type":"Polygon","coordinates":[[[-99.793557,20.231687],[-99.793528,20.232038],[-99.793683,20.232874],[-99.793015,20.23307],[-99.792527,20.233191],[-99.792549,20.233288],[-99.791987,20.233484],[-99.791905,20.233146],[-99.791173,20.233009],[-99.791483,20.230961],[-99.793557,20.231687]]]}},{"type":"Feature","properties":{"PARCELA":"594 Z-1 P2/2","NÚCLEO AG":"SANTIAGO OXTHOC","TIPO NÚCL":"EJIDO","MUNICIPIO":"JILOTEPEC","ESTADO":"MÉXICO","SUP":"96364.993","TIPO DE PA":"PARCELAS INDIVIDUALES","CERTIFICAD":"280990","CALIDAD":"EJIDATARIO (A)","GENERO":"MASCULINO","FECHA DE N":"1962/02/12","DOMICILIO":"CONOCIDO, SANTIAGO OXTHOC, MEXICO","CURP":"PEGM620212HMCRMX06","TRÁMITE Q":"ACUERDO DE ASAMBLEA DE LA DELIMITACIÓN, DESTINO Y ASIGNACIÓN DE LAS TIERRAS EJIDALES O COMUNALES. INSCRIPCIÓN.","FECHA DE A":"1998-07-12","TITULAR":"MAXIMILIANO PEREZ GOMEZ"},"geometry":{"type":"Polygon","coordinates":[[[-99.507056,20.133385],[-99.50781,20.133022],[-99.507652,20.131378],[-99.508793,20.132779],[-99.509895,20.133635],[-99.509827,20.135052],[-99.508745,20.134916],[-99.510596,20.136949],[-99.511236,20.138175],[-99.510641,20.13858],[-99.510476,20.138341],[-99.507056,20.133385]]]}},{"type":"Feature","properties":{"PARCELA":"596 Z-1 P2/2","NÚCLEO AG":"SANTIAGO OXTHOC","TIPO NÚCL":"EJIDO","MUNICIPIO":"JILOTEPEC","ESTADO":"MÉXICO","SUP":"70936.103","TIPO DE PA":"PARCELAS INDIVIDUALES","CERTIFICAD":"1085588","CALIDAD":"EJIDATARIO (A)","GENERO":"MASCULINO","FECHA DE N":"1966/10/31","DOMICILIO":"FRANCISCO PATIÑO 100, JUAN FERNANDEZ ALBARRAN, 52461, METEPEC, MEX","CURP":"BAGA661031HMCTML00","TRÁMITE Q":"TRANSMISIÓN DE DERECHOS POR SUCESIÓN. INSCRIPCIÓN.","FECHA DE A":"2001-08-07","TITULAR":"ALFONSO BAUTISTA GOMEZ"},"geometry":{"type":"Polygon","coordinates":[[[-99.503323,20.128994],[-99.503886,20.128938],[-99.504802,20.129056],[-99.505289,20.129132],[-99.505399,20.130861],[-99.506924,20.131072],[-99.50699,20.131078],[-99.507518,20.131213],[-99.507652,20.131378],[-99.50781,20.133022],[-99.507056,20.133385],[-99.503323,20.128994]]]}},{"type":"Feature","properties":{"PARCELA":"598 Z-1 P2/2","NÚCLEO AG":"SANTIAGO OXTHOC","TIPO NÚCL":"EJIDO","MUNICIPIO":"JILOTEPEC","ESTADO":"MÉXICO","SUP":"24182.602","TIPO DE PA":"PARCELAS INDIVIDUALES","CERTIFICAD":"1000927","CALIDAD":"EJIDATARIO (A)","GENERO":"FEMENINO","FECHA DE N":"1942/06/12","DOMICILIO":"CON LOC SANTIAGO OXTHOC, JILOTEPEC, MEXICO","TRÁMITE Q":"TRANSMISIÓN DE DERECHOS POR SUCESIÓN. INSCRIPCIÓN.","FECHA DE A":"1998-07-12","TITULAR":"LEONOR GOMEZ MEJIA"},"geometry":{"type":"Polygon","coordinates":[[[-99.505289,20.129132],[-99.505925,20.129257],[-99.506835,20.130374],[-99.506924,20.131072],[-99.505399,20.130861],[-99.505289,20.129132]]]}},{"type":"Feature","properties":{"PARCELA":"600 Z1 P2/2","NÚCLEO AG":"SANTIAGO OXTHOC","TIPO NÚCL":"EJIDO","MUNICIPIO":"JILOTEPEC","ESTADO":"MÉXICO","SUP":"18160.183","TIPO DE PA":"PARCELAS INDIVIDUALES","CERTIFICAD":"281481","CALIDAD":"POSESIONARIO (A)","GENERO":"MASCULINO","FECHA DE N":"1964/11/21","DOMICILIO":"CONOCIDO, SANTIAGO OXTHOC, MEXICO","CURP":"PEMV641121HMCRRL07","TRÁMITE Q":"ACUERDO DE ASAMBLEA DE LA DELIMITACIÓN, DESTINO Y ASIGNACIÓN DE LAS TIERRAS EJIDALES O COMUNALES. INSCRIPCIÓN.","FECHA DE A":"1998-07-12","TITULAR":"VALENTE PEREZ MARTINEZ"},"geometry":{"type":"Polygon","coordinates":[[[-99.503323,20.128994],[-99.50265,20.128221],[-99.504768,20.128042],[-99.504802,20.129056],[-99.503886,20.128938],[-99.503323,20.128994]]]}},{"type":"Feature","properties":{"PARCELA":"601 Z1 P2/2","NÚCLEO AG":"SANTIAGO OXTHOC","TIPO NÚCL":"EJIDO","MUNICIPIO":"JILOTEPEC","ESTADO":"MÉXICO","SUP":"35857.733","TIPO DE PA":"PARCELAS INDIVIDUALES","CERTIFICAD":"281046","CALIDAD":"EJIDATARIO (A)","GENERO":"MASCULINO","FECHA DE N":"1954/01/05","DOMICILIO":"CONOCIDO, OXTHOC, MEXICO","CURP":"PEMD540105HMCRRM09","TRÁMITE Q":"ACUERDO DE ASAMBLEA DE LA DELIMITACIÓN, DESTINO Y ASIGNACIÓN DE LAS TIERRAS EJIDALES O COMUNALES. INSCRIPCIÓN.","FECHA DE A":"1998-07-12","TITULAR":"DEMETRIO PEREZ MARTINEZ"},"geometry":{"type":"Polygon","coordinates":[[[-99.501208,20.126495],[-99.501963,20.126612],[-99.503248,20.127107],[-99.504393,20.127182],[-99.50475,20.127666],[-99.504768,20.128042],[-99.50265,20.128221],[-99.501208,20.126495]]]}},{"type":"Feature","properties":{"PARCELA":"603 Z-1 P2/2","NÚCLEO AG":"SANTIAGO OXTHOC","TIPO NÚCL":"EJIDO","MUNICIPIO":"JILOTEPEC","ESTADO":"MÉXICO","SUP":"49736.174","TIPO DE PA":"PARCELAS INDIVIDUALES","CERTIFICAD":"543225","CALIDAD":"EJIDATARIO (A)","GENERO":"MASCULINO","FECHA DE N":"1958/10/24","DOMICILIO":"CON LOC SGO. OXTHOC, JILOTEPEC, MEXICO.","CURP":"PEMI581024HMCRRG08","TRÁMITE Q":"TRANSMISIÓN DE DERECHOS POR SUCESIÓN. INSCRIPCIÓN.","FECHA DE A":"1991-10-15","TITULAR":"IGNACIO PEREZ MARTINEZ"},"geometry":{"type":"Polygon","coordinates":[[[-99.501208,20.126495],[-99.500369,20.125189],[-99.500975,20.125061],[-99.502199,20.125177],[-99.502099,20.123728],[-99.502723,20.12492],[-99.503284,20.125679],[-99.503248,20.127107],[-99.501963,20.126612],[-99.501208,20.126495]]]}},{"type":"Feature","properties":{"PARCELA":"604 Z1 P2/2","NÚCLEO AG":"SANTIAGO OXTHOC","TIPO NÚCL":"EJIDO","MUNICIPIO":"JILOTEPEC","ESTADO":"MÉXICO","SUP":"51166.765","TIPO DE PA":"PARCELAS INDIVIDUALES","CERTIFICAD":"280894","CALIDAD":"EJIDATARIO (A)","GENERO":"MASCULINO","FECHA DE N":"1971/09/02","DOMICILIO":"CONOCIDO, SANTIAGO OXTHOC, MEXICO","CURP":"PEFG710902HMCRCR02","TRÁMITE Q":"ACUERDO DE ASAMBLEA DE LA DELIMITACIÓN, DESTINO Y ASIGNACIÓN DE LAS TIERRAS EJIDALES O COMUNALES. INSCRIPCIÓN.","FECHA DE A":"1998-07-12","TITULAR":"GREGORIO PEREZ FACIO"},"geometry":{"type":"Polygon","coordinates":[[[-99.49955,20.122882],[-99.499921,20.12293],[-99.499924,20.123082],[-99.501882,20.123312],[-99.502099,20.123728],[-99.502199,20.125177],[-99.500975,20.125061],[-99.500369,20.125189],[-99.499928,20.12447],[-99.49961,20.123598],[-99.49955,20.122882]],[[-99.501293,20.124294],[-99.50134,20.124322],[-99.501369,20.124276],[-99.501322,20.124249],[-99.501293,20.124294]]]}},{"type":"Feature","properties":{"PARCELA":"605 Z1 P2/2","NÚCLEO AG":"SANTIAGO OXTHOC","TIPO NÚCL":"EJIDO","MUNICIPIO":"JILOTEPEC","ESTADO":"MÉXICO","SUP":"4389.991","TIPO DE PA":"PARCELAS INDIVIDUALES","CERTIFICAD":"280890","CALIDAD":"EJIDATARIO (A)","GENERO":"MASCULINO","FECHA DE N":"1971/09/02","DOMICILIO":"CONOCIDO, SANTIAGO OXTHOC, MEXICO","CURP":"PEFG710902HMCRCR02","TRÁMITE Q":"ACUERDO DE ASAMBLEA DE LA DELIMITACIÓN, DESTINO Y ASIGNACIÓN DE LAS TIERRAS EJIDALES O COMUNALES. INSCRIPCIÓN.","FECHA DE A":"1998-07-12","TITULAR":"GREGORIO PEREZ FACIO"},"geometry":{"type":"Polygon","coordinates":[[[-99.498849,20.12279],[-99.499478,20.122875],[-99.499556,20.123606],[-99.499861,20.124391],[-99.498849,20.12279]]]}},{"type":"Feature","properties":{"PARCELA":"608 Z-1 P2/2","NÚCLEO AG":"SANTIAGO OXTHOC","TIPO NÚCL":"EJIDO","MUNICIPIO":"JILOTEPEC","ESTADO":"MÉXICO","SUP":"38485.764","TIPO DE PA":"PARCELAS INDIVIDUALES","CERTIFICAD":"1003189","CALIDAD":"EJIDATARIO (A)","GENERO":"MASCULINO","FECHA DE N":"1956/05/01","DOMICILIO":"SANTIAGO OXTHOC, JILOTWEPEC","TRÁMITE Q":"TRANSMISIÓN DE DERECHOS POR SUCESIÓN. INSCRIPCIÓN.","FECHA DE A":"1998-07-12","TITULAR":"ENRIQUE MARTINEZ PEREZ"},"geometry":{"type":"Polygon","coordinates":[[[-99.498849,20.12279],[-99.496999,20.119857],[-99.496878,20.119531],[-99.498485,20.119762],[-99.498589,20.121124],[-99.499114,20.121202],[-99.499258,20.122079],[-99.499478,20.122875],[-99.498849,20.12279]]]}},{"type":"Feature","properties":{"PARCELA":"614 Z-1 P2/2","NÚCLEO AG":"SANTIAGO OXTHOC","TIPO NÚCL":"EJIDO","MUNICIPIO":"JILOTEPEC","ESTADO":"MÉXICO","SUP":"35043.055","TIPO DE PA":"PARCELAS INDIVIDUALES","CERTIFICAD":"1080574","CALIDAD":"EJIDATARIO (A)","GENERO":"FEMENINO","FECHA DE N":"1967/04/28","DOMICILIO":"LOC SANTIAGO OXTHOC MZ 5 54275 JILOTEPEC MÉXICO","TRÁMITE Q":"TRANSMISIÓN DE DERECHOS POR SUCESIÓN. INSCRIPCIÓN.","FECHA DE A":"1999-11-15","TITULAR":"MARIA LUISA URIBE MALDONADO"},"geometry":{"type":"Polygon","coordinates":[[[-99.496878,20.119531],[-99.496793,20.119175],[-99.49682,20.118747],[-99.497309,20.117475],[-99.498533,20.118819],[-99.498915,20.118556],[-99.499225,20.119084],[-99.499335,20.119455],[-99.498478,20.119329],[-99.498485,20.119762],[-99.496878,20.119531]]]}},{"type":"Feature","properties":{"PARCELA":"652 Z-2 P2/2","NÚCLEO AG":"SANTIAGO OXTHOC","TIPO NÚCL":"EJIDO","MUNICIPIO":"JILOTEPEC","ESTADO":"MÉXICO","SUP":"16982.772","TIPO DE PA":"PARCELAS INDIVIDUALES","CERTIFICAD":"1085589","CALIDAD":"EJIDATARIO (A)","GENERO":"MASCULINO","FECHA DE N":"1966/10/31","DOMICILIO":"FRANCISCO PATIÑO 100, JUAN FERNANDEZ ALBARRAN, 52461, METEPEC, MEX","CURP":"BAGA661031HMCTML00","TRÁMITE Q":"TRANSMISIÓN DE DERECHOS POR SUCESIÓN. INSCRIPCIÓN.","FECHA DE A":"2001-08-07","TITULAR":"ALFONSO BAUTISTA GOMEZ"},"geometry":{"type":"Polygon","coordinates":[[[-99.507151,20.133926],[-99.506712,20.134227],[-99.505076,20.132038],[-99.505734,20.132049],[-99.50693,20.133447],[-99.507151,20.133926]]]}},{"type":"Feature","properties":{"PARCELA":"653 Z-2 P2/2","NÚCLEO AG":"SANTIAGO OXTHOC","TIPO NÚCL":"EJIDO","MUNICIPIO":"JILOTEPEC","ESTADO":"MÉXICO","SUP":"10881.939","TIPO DE PA":"PARCELAS INDIVIDUALES","CERTIFICAD":"280900","CALIDAD":"EJIDATARIO (A)","GENERO":"MASCULINO","FECHA DE N":"1962/12/14","DOMICILIO":"CONOCIDO, SANTIAGO OXTHOC, MEXICO","CURP":"BAGG621214HMCTML03","TRÁMITE Q":"ACUERDO DE ASAMBLEA DE LA DELIMITACIÓN, DESTINO Y ASIGNACIÓN DE LAS TIERRAS EJIDALES O COMUNALES. INSCRIPCIÓN.","FECHA DE A":"1998-07-12","TITULAR":"GUILLERMO BAUTISTA GOMEZ"},"geometry":{"type":"Polygon","coordinates":[[[-99.502896,20.129122],[-99.50307,20.129031],[-99.505386,20.13171],[-99.504516,20.131289],[-99.502896,20.129122]]]}},{"type":"Feature","properties":{"PARCELA":"654 Z-2 P2/2","NÚCLEO AG":"SANTIAGO OXTHOC","TIPO NÚCL":"EJIDO","MUNICIPIO":"JILOTEPEC","ESTADO":"MÉXICO","SUP":"18589.019","TIPO DE PA":"PARCELAS INDIVIDUALES","CERTIFICAD":"1003190","CALIDAD":"EJIDATARIO (A)","GENERO":"MASCULINO","FECHA DE N":"1956/05/01","DOMICILIO":"SANTIAGO OXTHOC, JILOTWEPEC","TRÁMITE Q":"TRANSMISIÓN DE DERECHOS POR SUCESIÓN. INSCRIPCIÓN.","FECHA DE A":"1998-07-12","TITULAR":"ENRIQUE MARTINEZ PEREZ"},"geometry":{"type":"Polygon","coordinates":[[[-99.496295,20.120351],[-99.496878,20.120087],[-99.498621,20.122812],[-99.498177,20.122846],[-99.496295,20.120351]],[[-99.498078,20.122443],[-99.498132,20.122476],[-99.498172,20.122421],[-99.498117,20.122383],[-99.498078,20.122443]]]}},{"type":"Feature","properties":{"PARCELA":"655 Z-2 P2/2","NÚCLEO AG":"SANTIAGO OXTHOC","TIPO NÚCL":"EJIDO","MUNICIPIO":"JILOTEPEC","ESTADO":"MÉXICO","SUP":"8258.226","TIPO DE PA":"PARCELAS INDIVIDUALES","CERTIFICAD":"379419","CALIDAD":"EJIDATARIO (A)","GENERO":"MASCULINO","FECHA DE N":"1971/09/02","DOMICILIO":"CONOCIDO, SANTIAGO OXTHOC, MEXICO","CURP":"PEFG710902HMCRCR02","TRÁMITE Q":"ENAJENACIÓN DE DERECHOS PARCELARIOS. INSCRIPCIÓN.","FECHA DE A":"2000-11-27","TITULAR":"GREGORIO PEREZ FACIO"},"geometry":{"type":"Polygon","coordinates":[[[-99.495585,20.119233],[-99.496577,20.119429],[-99.496878,20.120087],[-99.496295,20.120351],[-99.495585,20.119233]],[[-99.496468,20.119872],[-99.49652,20.119908],[-99.496547,20.119863],[-99.496509,20.119832],[-99.496468,20.119872]]]}},{"type":"Feature","properties":{"PARCELA":"656 Z-2 P2/2","NÚCLEO AG":"SANTIAGO OXTHOC","TIPO NÚCL":"EJIDO","MUNICIPIO":"JILOTEPEC","ESTADO":"MÉXICO","SUP":"20613.626","TIPO DE PA":"PARCELAS INDIVIDUALES","CERTIFICAD":"281176","CALIDAD":"EJIDATARIO (A)","GENERO":"MASCULINO","FECHA DE N":"1941/03/20","DOMICILIO":"CONOCIDO, SANTIAGO OXTHOC, MEXICO","TRÁMITE Q":"ACUERDO DE ASAMBLEA DE LA DELIMITACIÓN, DESTINO Y ASIGNACIÓN DE LAS TIERRAS EJIDALES O COMUNALES. INSCRIPCIÓN.","FECHA DE A":"1998-07-12","TITULAR":"JULIO MARTINESZ FUENTES"},"geometry":{"type":"Polygon","coordinates":[[[-99.495585,20.119233],[-99.494599,20.117681],[-99.496688,20.118362],[-99.49657,20.118688],[-99.496577,20.119429],[-99.495585,20.119233]]]}},{"type":"Feature","properties":{"PARCELA":"657 Z-2 P2/2","NÚCLEO AG":"SANTIAGO OXTHOC","TIPO NÚCL":"EJIDO","MUNICIPIO":"JILOTEPEC","ESTADO":"MÉXICO","SUP":"57789.115","TIPO DE PA":"PARCELAS INDIVIDUALES","CERTIFICAD":"1017588","CALIDAD":"EJIDATARIO (A)","GENERO":"MASCULINO","FECHA DE N":"1971/07/02","DOMICILIO":"JILOTEPEC, MEXICO","TRÁMITE Q":"TRANSMISIÓN DE DERECHOS POR SUCESIÓN. INSCRIPCIÓN.","FECHA DE A":"1998-07-12","TITULAR":"CLAUDIO LOPEZ BADILLO"},"geometry":{"type":"Polygon","coordinates":[[[-99.494599,20.117681],[-99.494053,20.116822],[-99.494712,20.116296],[-99.495437,20.116267],[-99.495073,20.115531],[-99.496078,20.116202],[-99.496465,20.116283],[-99.49709,20.116184],[-99.497165,20.117215],[-99.496688,20.118362],[-99.494599,20.117681]]]}},{"type":"Feature","properties":{"PARCELA":"658 Z-2 P2/2","NÚCLEO AG":"SANTIAGO OXTHOC","TIPO NÚCL":"EJIDO","MUNICIPIO":"JILOTEPEC","ESTADO":"MÉXICO","SUP":"1835.422","TIPO DE PA":"PARCELAS INDIVIDUALES","CERTIFICAD":"1017589","CALIDAD":"EJIDATARIO (A)","GENERO":"MASCULINO","FECHA DE N":"1971/07/02","DOMICILIO":"JILOTEPEC, MEXICO","TRÁMITE Q":"TRANSMISIÓN DE DERECHOS POR SUCESIÓN. INSCRIPCIÓN.","FECHA DE A":"1998-07-12","TITULAR":"CLAUDIO LOPEZ BADILLO"},"geometry":{"type":"Polygon","coordinates":[[[-99.493758,20.116358],[-99.494516,20.116331],[-99.494018,20.116767],[-99.493758,20.116358]]]}},{"type":"Feature","properties":{"PARCELA":"660 Z2 P2/2","NÚCLEO AG":"SANTIAGO OXTHOC","TIPO NÚCL":"EJIDO","MUNICIPIO":"JILOTEPEC","ESTADO":"MÉXICO","SUP":"21532.294","TIPO DE PA":"PARCELAS INDIVIDUALES","CERTIFICAD":"281274","CALIDAD":"EJIDATARIO (A)","GENERO":"MASCULINO","FECHA DE N":"1949/07/31","DOMICILIO":"CONOCIDO, SANTIAGO OXTHOC, MEXICO","CURP":"PEMI490731HMCRRG01","TRÁMITE Q":"ACUERDO DE ASAMBLEA DE LA DELIMITACIÓN, DESTINO Y ASIGNACIÓN DE LAS TIERRAS EJIDALES O COMUNALES. INSCRIPCIÓN.","FECHA DE A":"1998-07-12","TITULAR":"IGNACIO PEREZ MARTINEZ"},"geometry":{"type":"Polygon","coordinates":[[[-99.493388,20.114213],[-99.494363,20.1142],[-99.495073,20.115531],[-99.495437,20.116267],[-99.494712,20.116296],[-99.494967,20.116007],[-99.494781,20.11581],[-99.49396,20.115584],[-99.493388,20.114213]]]}},{"type":"Feature","properties":{"PARCELA":"661 Z2 P2/2","NÚCLEO AG":"SANTIAGO OXTHOC","TIPO NÚCL":"EJIDO","MUNICIPIO":"JILOTEPEC","ESTADO":"MÉXICO","SUP":"21151.233","TIPO DE PA":"PARCELAS INDIVIDUALES","CERTIFICAD":"281275","CALIDAD":"EJIDATARIO (A)","GENERO":"MASCULINO","FECHA DE N":"1949/07/31","DOMICILIO":"CONOCIDO, SANTIAGO OXTHOC, MEXICO","CURP":"PEMI490731HMCRRG01","TRÁMITE Q":"ACUERDO DE ASAMBLEA DE LA DELIMITACIÓN, DESTINO Y ASIGNACIÓN DE LAS TIERRAS EJIDALES O COMUNALES. INSCRIPCIÓN.","FECHA DE A":"1998-07-12","TITULAR":"IGNACIO PEREZ MARTINEZ"},"geometry":{"type":"Polygon","coordinates":[[[-99.492405,20.11423],[-99.493306,20.114217],[-99.493901,20.115619],[-99.49476,20.115889],[-99.494877,20.115994],[-99.494516,20.116331],[-99.493758,20.116358],[-99.492405,20.11423]]]}},{"type":"Feature","properties":{"PARCELA":"663 Z-2 P2/2","NÚCLEO AG":"SANTIAGO OXTHOC","TIPO NÚCL":"EJIDO","MUNICIPIO":"JILOTEPEC","ESTADO":"MÉXICO","SUP":"8576.891","TIPO DE PA":"PARCELAS INDIVIDUALES","CERTIFICAD":"1078307","CALIDAD":"EJIDATARIO (A)","GENERO":"FEMENINO","FECHA DE N":"1958/12/12","DOMICILIO":"C SIN NOMBRE S/N LOC SANTIAGO OXTHOC 54275 JILOTEPEC MEXICO","TRÁMITE Q":"TRANSMISIÓN DE DERECHOS POR SUCESIÓN. INSCRIPCIÓN.","FECHA DE A":"2018-07-09","TITULAR":"MA. GUADALUPE\t HERNANDEZ\t LAGUNAS"},"geometry":{"type":"Polygon","coordinates":[[[-99.493593,20.112706],[-99.493692,20.112876],[-99.494363,20.1142],[-99.493388,20.114213],[-99.493593,20.112706]]]}},{"type":"Feature","properties":{"PARCELA":"664 Z-2 P2/2","NÚCLEO AG":"SANTIAGO OXTHOC","TIPO NÚCL":"EJIDO","MUNICIPIO":"JILOTEPEC","ESTADO":"MÉXICO","SUP":"34600.619","TIPO DE PA":"PARCELAS INDIVIDUALES","CERTIFICAD":"1078306","CALIDAD":"EJIDATARIO (A)","GENERO":"FEMENINO","FECHA DE N":"1958/12/12","DOMICILIO":"C SIN NOMBRE S/N LOC SANTIAGO OXTHOC 54275 JILOTEPEC MEXICO","TRÁMITE Q":"TRANSMISIÓN DE DERECHOS POR SUCESIÓN. INSCRIPCIÓN.","FECHA DE A":"2018-07-09","TITULAR":"MA. GUADALUPE\t HERNANDEZ\t LAGUNAS"},"geometry":{"type":"Polygon","coordinates":[[[-99.491118,20.112204],[-99.493473,20.11248],[-99.493306,20.114217],[-99.492405,20.11423],[-99.491118,20.112204]]]}},{"type":"Feature","properties":{"PARCELA":"667 Z2 P2/2","NÚCLEO AG":"SANTIAGO OXTHOC","TIPO NÚCL":"EJIDO","MUNICIPIO":"JILOTEPEC","ESTADO":"MÉXICO","SUP":"50825.512","TIPO DE PA":"PARCELAS INDIVIDUALES","CERTIFICAD":"281159","CALIDAD":"EJIDATARIO (A)","GENERO":"MASCULINO","FECHA DE N":"1945/05/03","DOMICILIO":"CON., SANTIAGO OXTHOC, JILOTEPEC, MEXICO","CURP":"LAQC450503HMCGJR05","TRÁMITE Q":"ACUERDO DE ASAMBLEA DE LA DELIMITACIÓN, DESTINO Y ASIGNACIÓN DE LAS TIERRAS EJIDALES O COMUNALES. INSCRIPCIÓN.","FECHA DE A":"1998-07-12","TITULAR":"CRUZ LAGUNA QUIJADA"},"geometry":{"type":"Polygon","coordinates":[[[-99.491118,20.112204],[-99.489883,20.11026],[-99.492403,20.110553],[-99.492599,20.110904],[-99.493473,20.11248],[-99.491118,20.112204]]]}},{"type":"Feature","properties":{"PARCELA":"10 Z1 P1/1","NÚCLEO AG":"SAN SEBASTIAN DE JUAREZ","TIPO NÚCL":"EJIDO","MUNICIPIO":"JILOTEPEC","ESTADO":"MÉXICO","SUP":"72327.058","TIPO DE PA":"PARCELAS INDIVIDUALES","CERTIFICAD":"549766","CALIDAD":"EJIDATARIO (A)","GENERO":"MASCULINO","FECHA DE N":"1950/08/13","DOMICILIO":"CONOCIDO, SAN SEBASTIAN DE JUAREZ, MEX.","TRÁMITE Q":"ENAJENACIÓN DE DERECHOS PARCELARIOS. INSCRIPCIÓN.","FECHA DE A":"2010-12-01","TITULAR":"DAVID CALLEJAS HERNANDEZ"},"geometry":{"type":"Polygon","coordinates":[[[-99.533032,20.186947],[-99.53442,20.186837],[-99.534609,20.189356],[-99.532863,20.190357],[-99.532021,20.190346],[-99.531679,20.19036],[-99.532186,20.188836],[-99.532854,20.188801],[-99.53314,20.188126],[-99.532718,20.187655],[-99.532752,20.187328],[-99.532989,20.187136],[-99.533032,20.186947]]]}},{"type":"Feature","properties":{"PARCELA":"11 Z 1 P1/1","NÚCLEO AG":"SAN SEBASTIAN DE JUAREZ","TIPO NÚCL":"EJIDO","MUNICIPIO":"JILOTEPEC","ESTADO":"MÉXICO","SUP":"84370.347","TIPO DE PA":"PARCELAS INDIVIDUALES","CERTIFICAD":"206686","CALIDAD":"EJIDATARIO (A)","GENERO":"MASCULINO","FECHA DE N":"1950/08/13","DOMICILIO":"CONOCIDO, SAN SEBASTIAN DE JUAREZ, MEX.","TRÁMITE Q":"ACUERDO DE ASAMBLEA DE  ASIGNACIÓN DE DERECHOS Y SOLARES","FECHA DE A":"1996-12-30","TITULAR":"DAVID CALLEJAS HERNANDEZ"},"geometry":{"type":"Polygon","coordinates":[[[-99.527917,20.190329],[-99.529033,20.189673],[-99.529712,20.188536],[-99.530436,20.188158],[-99.530539,20.18766],[-99.530649,20.187475],[-99.530834,20.18687],[-99.532797,20.18866],[-99.532115,20.188741],[-99.531509,20.190367],[-99.531213,20.19038],[-99.529766,20.19034],[-99.527917,20.190329]]]}},{"type":"Feature","properties":{"PARCELA":"110 Z-1 P1/1","NÚCLEO AG":"SAN SEBASTIAN DE JUAREZ","TIPO NÚCL":"EJIDO","MUNICIPIO":"JILOTEPEC","ESTADO":"MÉXICO","SUP":"9447.745","TIPO DE PA":"PARCELAS INDIVIDUALES","CERTIFICAD":"552713","CALIDAD":"EJIDATARIO (A)","GENERO":"MASCULINO","FECHA DE N":"1968/12/26","DOMICILIO":"CONOCIDO,SAN SEBASTIAN DE JUAREZ,HIDALGO","CURP":"PAGJ681226HHGZRM06","TRÁMITE Q":"ENAJENACIÓN DE DERECHOS PARCELARIOS. INSCRIPCIÓN.","FECHA DE A":"2010-05-02","TITULAR":"JAIME OSCAR PAZ GARCIA"},"geometry":{"type":"Polygon","coordinates":[[[-99.528883,20.180685],[-99.528833,20.180491],[-99.528774,20.179421],[-99.53003,20.179417],[-99.529029,20.180518],[-99.528925,20.180694],[-99.528883,20.180685]]]}},{"type":"Feature","properties":{"PARCELA":"111 Z1 P1/1","NÚCLEO AG":"SAN SEBASTIAN DE JUAREZ","TIPO NÚCL":"EJIDO","MUNICIPIO":"JILOTEPEC","ESTADO":"MÉXICO","SUP":"19088.479","TIPO DE PA":"PARCELAS INDIVIDUALES","CERTIFICAD":"328850","CALIDAD":"EJIDATARIO (A)","GENERO":"MASCULINO","FECHA DE N":"1937/11/07","DOMICILIO":"CONOCIDO, SAN SEBASTIAN DE JUAREZ, MEX.","CURP":"PAGA371107HHGZRM08","TRÁMITE Q":"ACUERDO DE ASAMBLEA DE LA DELIMITACIÓN, DESTINO Y ASIGNACIÓN DE LAS TIERRAS EJIDALES O COMUNALES. INSCRIPCIÓN.","FECHA DE A":"1996-12-08","TITULAR":"J. AMARANTO PAZ GARCIA"},"geometry":{"type":"Polygon","coordinates":[[[-99.527242,20.180001],[-99.527341,20.179105],[-99.528212,20.179291],[-99.528168,20.179511],[-99.528452,20.179573],[-99.528466,20.17935],[-99.528774,20.179421],[-99.528833,20.180491],[-99.52877,20.180597],[-99.528601,20.180679],[-99.527242,20.180001]]]}},{"type":"Feature","properties":{"PARCELA":"123 Z-1 P1/1","NÚCLEO AG":"SAN SEBASTIAN DE JUAREZ","TIPO NÚCL":"EJIDO","MUNICIPIO":"JILOTEPEC","ESTADO":"MÉXICO","SUP":"729.359","TIPO DE PA":"PARCELAS INDIVIDUALES","CERTIFICAD":"206653","CALIDAD":"EJIDATARIO (A)","GENERO":"MASCULINO","FECHA DE N":"1940/06/10","DOMICILIO":"CONOCIDO, SAN SEBASTIAN DE JUAREZ,MEXICO","CURP":"PAGM400610HHGZRR07","TRÁMITE Q":"ACUERDO DE ASAMBLEA DE LA DELIMITACIÓN, DESTINO Y ASIGNACIÓN DE LAS TIERRAS EJIDALES O COMUNALES. INSCRIPCIÓN.","FECHA DE A":"1996-12-08","TITULAR":"MARGARITO PAZ GARCIA"},"geometry":{"type":"Polygon","coordinates":[[[-99.528212,20.179291],[-99.528439,20.179331],[-99.528466,20.17935],[-99.528452,20.179573],[-99.528168,20.179511],[-99.528212,20.179291]]]}},{"type":"Feature","properties":{"PARCELA":"124 Z1 P1/1","NÚCLEO AG":"SAN SEBASTIAN DE JUAREZ","TIPO NÚCL":"EJIDO","MUNICIPIO":"JILOTEPEC","ESTADO":"MÉXICO","SUP":"22372.166","TIPO DE PA":"PARCELAS INDIVIDUALES","CERTIFICAD":"328852","CALIDAD":"EJIDATARIO (A)","GENERO":"MASCULINO","FECHA DE N":"1937/11/07","DOMICILIO":"CONOCIDO, SAN SEBASTIAN DE JUAREZ, MEX.","CURP":"PAGA371107HHGZRM08","TRÁMITE Q":"ACUERDO DE ASAMBLEA DE LA DELIMITACIÓN, DESTINO Y ASIGNACIÓN DE LAS TIERRAS EJIDALES O COMUNALES. INSCRIPCIÓN.","FECHA DE A":"1996-12-08","TITULAR":"J. AMARANTO PAZ GARCIA"},"geometry":{"type":"Polygon","coordinates":[[[-99.528395,20.179],[-99.528279,20.178714],[-99.527658,20.178397],[-99.527554,20.178311],[-99.527457,20.178125],[-99.527812,20.177645],[-99.528785,20.177812],[-99.529548,20.178827],[-99.529402,20.179183],[-99.528949,20.179308],[-99.528408,20.179076],[-99.528395,20.179]]]}},{"type":"Feature","properties":{"PARCELA":"125 Z-1 P1/1","NÚCLEO AG":"SAN SEBASTIAN DE JUAREZ","TIPO NÚCL":"EJIDO","MUNICIPIO":"JILOTEPEC","ESTADO":"MÉXICO","SUP":"7600.248","TIPO DE PA":"PARCELAS INDIVIDUALES","CERTIFICAD":"1060040","CALIDAD":"EJIDATARIO (A)","GENERO":"FEMENINO","FECHA DE N":"1966/03/09","DOMICILIO":"LOC. SAN SEBASTIAN DE JUAREZ, NOPALA DE VILLAGRAN, HIDALGO.","CURP":"PAGL660309MHGZRT02","TRÁMITE Q":"INSCRIPCION DE SENTENCIAS","FECHA DE A":"2018-03-27","TITULAR":"LETICIA PAZ GARCIA"},"geometry":{"type":"Polygon","coordinates":[[[-99.526963,20.178973],[-99.527622,20.178467],[-99.527658,20.178397],[-99.528279,20.178714],[-99.528395,20.179],[-99.528274,20.179185],[-99.528158,20.179234],[-99.526963,20.178973]]]}},{"type":"Feature","properties":{"PARCELA":"142 Z-1 P1/1","NÚCLEO AG":"SAN SEBASTIAN DE JUAREZ","TIPO NÚCL":"EJIDO","MUNICIPIO":"JILOTEPEC","ESTADO":"MÉXICO","SUP":"44087.839","TIPO DE PA":"PARCELAS INDIVIDUALES","CERTIFICAD":"1059090","CALIDAD":"EJIDATARIO (A)","GENERO":"FEMENINO","FECHA DE N":"1955/09/09","DOMICILIO":"COL. SAN JOSE, TULA DE ALLENDE, MEXICO","TRÁMITE Q":"TRANSMISIÓN DE DERECHOS POR SUCESIÓN. INSCRIPCIÓN.","FECHA DE A":"1996-12-08","TITULAR":"SOFIA BRAVO HERNANDEZ"},"geometry":{"type":"Polygon","coordinates":[[[-99.527823,20.175508],[-99.527886,20.175894],[-99.528068,20.175896],[-99.528095,20.176041],[-99.528113,20.176022],[-99.528142,20.176056],[-99.528203,20.176038],[-99.528249,20.176059],[-99.52816,20.176793],[-99.528014,20.176867],[-99.527719,20.177466],[-99.527812,20.177645],[-99.527457,20.178125],[-99.527554,20.178311],[-99.527658,20.178397],[-99.527622,20.178467],[-99.526963,20.178973],[-99.526584,20.178888],[-99.526824,20.175482],[-99.527823,20.175508]]]}},{"type":"Feature","properties":{"PARCELA":"160 Z-1 P1/1","NÚCLEO AG":"SAN SEBASTIAN DE JUAREZ","TIPO NÚCL":"EJIDO","MUNICIPIO":"JILOTEPEC","ESTADO":"MÉXICO","SUP":"28694.849","TIPO DE PA":"PARCELAS INDIVIDUALES","CERTIFICAD":"206851","CALIDAD":"EJIDATARIO (A)","GENERO":"MASCULINO","FECHA DE N":"1946/03/15","DOMICILIO":"CONOCIDO, SAN SEBASTIAN DE JUAREZ, MEX.","CURP":"TAGA460315HHGVRD00","TRÁMITE Q":"ACUERDO DE ASAMBLEA DE LA DELIMITACIÓN, DESTINO Y ASIGNACIÓN DE LAS TIERRAS EJIDALES O COMUNALES. INSCRIPCIÓN.","FECHA DE A":"1996-12-08","TITULAR":"ADAN TAVERA GARCIA"},"geometry":{"type":"Polygon","coordinates":[[[-99.527812,20.177645],[-99.527719,20.177466],[-99.528014,20.176867],[-99.52816,20.176793],[-99.528249,20.176059],[-99.528203,20.176038],[-99.528142,20.176056],[-99.528113,20.176022],[-99.528095,20.176041],[-99.528068,20.175896],[-99.528192,20.175898],[-99.528147,20.175518],[-99.529153,20.175518],[-99.529362,20.175918],[-99.529422,20.176163],[-99.529444,20.176307],[-99.529402,20.176644],[-99.529385,20.176903],[-99.528984,20.176907],[-99.528889,20.17682],[-99.528785,20.177812],[-99.527812,20.177645]]]}},{"type":"Feature","properties":{"PARCELA":"180 Z 1 P1/1","NÚCLEO AG":"SAN SEBASTIAN DE JUAREZ","TIPO NÚCL":"EJIDO","MUNICIPIO":"JILOTEPEC","ESTADO":"MÉXICO","SUP":"1392.757","TIPO DE PA":"PARCELAS INDIVIDUALES","CERTIFICAD":"206823","CALIDAD":"EJIDATARIO (A)","GENERO":"MASCULINO","FECHA DE N":"1938/06/14","DOMICILIO":"COLIMA MZA. 19, LT S/N TULTITLAN, MEXICO","TRÁMITE Q":"ACUERDO DE ASAMBLEA DE  ASIGNACIÓN DE DERECHOS Y SOLARES","FECHA DE A":"1996-12-30","TITULAR":"ELISEO TABERA GARCIA"},"geometry":{"type":"Polygon","coordinates":[[[-99.528068,20.175896],[-99.527886,20.175894],[-99.527823,20.175508],[-99.528147,20.175518],[-99.528192,20.175898],[-99.528068,20.175896]]]}},{"type":"Feature","properties":{"PARCELA":"215 Z1 P1","NÚCLEO AG":"SAN SEBASTIAN DE JUAREZ","TIPO NÚCL":"EJIDO","MUNICIPIO":"JILOTEPEC","ESTADO":"MÉXICO","SUP":"35694.581","TIPO DE PA":"PARCELAS INDIVIDUALES","CERTIFICAD":"537257","CALIDAD":"POSESIONARIO (A)","GENERO":"MASCULINO","FECHA DE N":"1927/05/23","DOMICILIO":"SAN SEBASTIAN DE JUAREZ, MEXICO","CURP":"CAGP270523HHGLRS02","TRÁMITE Q":"ACUERDO DE ASAMBLEA DE LA DELIMITACIÓN, DESTINO Y ASIGNACIÓN DE LAS TIERRAS EJIDALES O COMUNALES. INSCRIPCIÓN.","FECHA DE A":"1996-12-08","TITULAR":"PASCACIO CALLEJAS GARCIA"},"geometry":{"type":"Polygon","coordinates":[[[-99.526841,20.175362],[-99.526806,20.174835],[-99.527224,20.174418],[-99.52724,20.173503],[-99.528787,20.173637],[-99.52886,20.174533],[-99.528458,20.175425],[-99.526841,20.175362]]]}},{"type":"Feature","properties":{"PARCELA":"228 Z 1 P1/1","NÚCLEO AG":"SAN SEBASTIAN DE JUAREZ","TIPO NÚCL":"EJIDO","MUNICIPIO":"JILOTEPEC","ESTADO":"MÉXICO","SUP":"59075.051","TIPO DE PA":"PARCELAS INDIVIDUALES","CERTIFICAD":"1110257","CALIDAD":"AVECINDADO (A)","GENERO":"MASCULINO","FECHA DE N":"1984/06/02","DOMICILIO":"UNITEDS STATES OF AMERICA","TRÁMITE Q":"ENAJENACIÓN DE DERECHOS PARCELARIOS. INSCRIPCIÓN.","FECHA DE A":"2009-08-26","TITULAR":"PEDRO ORTIZ MARTINEZ"},"geometry":{"type":"Polygon","coordinates":[[[-99.523442,20.174486],[-99.523542,20.174254],[-99.523443,20.173136],[-99.525394,20.173269],[-99.52724,20.173503],[-99.527224,20.174418],[-99.526806,20.174835],[-99.523442,20.174486]]]}},{"type":"Feature","properties":{"PARCELA":"26 Z-1 P1/1","NÚCLEO AG":"SAN SEBASTIAN DE JUAREZ","TIPO NÚCL":"EJIDO","MUNICIPIO":"JILOTEPEC","ESTADO":"MÉXICO","SUP":"33243.165","TIPO DE PA":"PARCELAS INDIVIDUALES","CERTIFICAD":"206676","CALIDAD":"EJIDATARIO (A)","GENERO":"MASCULINO","FECHA DE N":"1970/04/19","DOMICILIO":"CONOCIDO, SAN SEBASTIAN DE JUAREZ, MEX.","CURP":"CAHE700419HHGLRS04","TRÁMITE Q":"ACUERDO DE ASAMBLEA DE LA DELIMITACIÓN, DESTINO Y ASIGNACIÓN DE LAS TIERRAS EJIDALES O COMUNALES. INSCRIPCIÓN.","FECHA DE A":"1996-12-08","TITULAR":"ESEQUIEL CALLEJAS HERNANDEZ"},"geometry":{"type":"Polygon","coordinates":[[[-99.530834,20.18687],[-99.530819,20.186643],[-99.53086,20.186565],[-99.531347,20.186726],[-99.531691,20.1864],[-99.531616,20.185695],[-99.532268,20.1857],[-99.532899,20.187065],[-99.532504,20.187268],[-99.53246,20.187689],[-99.532996,20.188179],[-99.532797,20.18866],[-99.530834,20.18687]]]}},{"type":"Feature","properties":{"PARCELA":"274 Z-1 P1/1","NÚCLEO AG":"SAN SEBASTIAN DE JUAREZ","TIPO NÚCL":"EJIDO","MUNICIPIO":"JILOTEPEC","ESTADO":"MÉXICO","SUP":"68206.717","TIPO DE PA":"PARCELAS INDIVIDUALES","CERTIFICAD":"420151","CALIDAD":"EJIDATARIO (A)","GENERO":"MASCULINO","FECHA DE N":"1967/03/21","DOMICILIO":"CONOCIDO","CURP":"LOSB670321HHGPNN09","TRÁMITE Q":"TRANSMISIÓN DE DERECHOS POR SUCESIÓN. INSCRIPCIÓN.","FECHA DE A":"1999-11-15","TITULAR":"BENITO LOPEZ SANTANA"},"geometry":{"type":"Polygon","coordinates":[[[-99.523894,20.169983],[-99.524086,20.169716],[-99.52417,20.169549],[-99.524342,20.168827],[-99.524136,20.167876],[-99.523982,20.167631],[-99.523969,20.167573],[-99.524009,20.167222],[-99.52447,20.166116],[-99.525764,20.166338],[-99.525546,20.170325],[-99.523894,20.169983]]]}},{"type":"Feature","properties":{"PARCELA":"281 Z1 P1","NÚCLEO AG":"SAN SEBASTIAN DE JUAREZ","TIPO NÚCL":"EJIDO","MUNICIPIO":"JILOTEPEC","ESTADO":"MÉXICO","SUP":"22744.803","TIPO DE PA":"PARCELAS INDIVIDUALES","CERTIFICAD":"1093552","CALIDAD":"POSESIONARIO (A)","GENERO":"FEMENINO","FECHA DE N":"1964/12/19","DOMICILIO":"C. TORDOS #11, NICOLAS ROMERO, MEXICO","TRÁMITE Q":"ENAJENACIÓN DE DERECHOS PARCELARIOS. INSCRIPCIÓN.","FECHA DE A":"1996-12-08","TITULAR":"EVA CALLEJAS MONTOYA"},"geometry":{"type":"Polygon","coordinates":[[[-99.522524,20.162354],[-99.524256,20.162082],[-99.524052,20.16233],[-99.523857,20.1633],[-99.523733,20.163255],[-99.523521,20.165836],[-99.523501,20.164723],[-99.523294,20.163965],[-99.522524,20.162354]]]}},{"type":"Feature","properties":{"PARCELA":"290 Z-1 P1/1","NÚCLEO AG":"SAN SEBASTIAN DE JUAREZ","TIPO NÚCL":"EJIDO","MUNICIPIO":"JILOTEPEC","ESTADO":"MÉXICO","SUP":"20789.873","TIPO DE PA":"PARCELAS INDIVIDUALES","CERTIFICAD":"556468","CALIDAD":"EJIDATARIO (A)","GENERO":"MASCULINO","FECHA DE N":"1978/02/25","DOMICILIO":"16 DE ENERO, TULA DE ALLENDE, HIDALGO","TRÁMITE Q":"TRANSMISIÓN DE DERECHOS POR SUCESIÓN. INSCRIPCIÓN.","FECHA DE A":"1991-07-30","TITULAR":"CESAR LOPEZ LOPEZ"},"geometry":{"type":"Polygon","coordinates":[[[-99.52447,20.166116],[-99.524496,20.166057],[-99.525177,20.165133],[-99.525255,20.164966],[-99.525765,20.163393],[-99.52592,20.163401],[-99.525764,20.166338],[-99.52447,20.166116]]]}},{"type":"Feature","properties":{"PARCELA":"291 Z-1 P1/1","NÚCLEO AG":"SAN SEBASTIAN DE JUAREZ","TIPO NÚCL":"EJIDO","MUNICIPIO":"JILOTEPEC","ESTADO":"MÉXICO","SUP":"46188.967","TIPO DE PA":"PARCELAS INDIVIDUALES","CERTIFICAD":"556469","CALIDAD":"EJIDATARIO (A)","GENERO":"MASCULINO","FECHA DE N":"1978/02/25","DOMICILIO":"16 DE ENERO, TULA DE ALLENDE, HIDALGO","TRÁMITE Q":"TRANSMISIÓN DE DERECHOS POR SUCESIÓN. INSCRIPCIÓN.","FECHA DE A":"1991-07-30","TITULAR":"CESAR LOPEZ LOPEZ"},"geometry":{"type":"Polygon","coordinates":[[[-99.523611,20.165967],[-99.523947,20.163312],[-99.525752,20.163392],[-99.525242,20.164964],[-99.525166,20.165126],[-99.524485,20.16605],[-99.524457,20.166115],[-99.523611,20.165967]]]}},{"type":"Feature","properties":{"PARCELA":"317 Z1 P1","NÚCLEO AG":"SAN SEBASTIAN DE JUAREZ","TIPO NÚCL":"EJIDO","MUNICIPIO":"JILOTEPEC","ESTADO":"MÉXICO","SUP":"41395.118","TIPO DE PA":"PARCELAS INDIVIDUALES","CERTIFICAD":"1093567","CALIDAD":"POSESIONARIO (A)","GENERO":"FEMENINO","FECHA DE N":"1964/12/19","DOMICILIO":"C. TORDOS #11, NICOLAS ROMERO, MEXICO","TRÁMITE Q":"ENAJENACIÓN DE DERECHOS PARCELARIOS. INSCRIPCIÓN.","FECHA DE A":"1996-12-08","TITULAR":"EVA CALLEJAS MONTOYA"},"geometry":{"type":"Polygon","coordinates":[[[-99.524122,20.162365],[-99.52484,20.160922],[-99.526237,20.161837],[-99.525776,20.163327],[-99.52396,20.163222],[-99.524122,20.162365]]]}},{"type":"Feature","properties":{"PARCELA":"334 Z-1 P1/1","NÚCLEO AG":"SAN SEBASTIAN DE JUAREZ","TIPO NÚCL":"EJIDO","MUNICIPIO":"JILOTEPEC","ESTADO":"MÉXICO","SUP":"36585.905","TIPO DE PA":"PARCELAS INDIVIDUALES","CERTIFICAD":"1078309","CALIDAD":"AVECINDADO (A)","GENERO":"FEMENINO","FECHA DE N":"1960/01/11","DOMICILIO":"C CONSAGRADA MZA 1LT 20 COL GUADALUPE VICTORIA 55010 ECATEPEC MORELOS","TRÁMITE Q":"TRANSMISIÓN DE DERECHOS POR SUCESIÓN. INSCRIPCIÓN.","FECHA DE A":"1999-10-05","TITULAR":"JUANA\t TREJO\t NAVARRETE"},"geometry":{"type":"Polygon","coordinates":[[[-99.524043,20.160742],[-99.524256,20.162082],[-99.522524,20.162354],[-99.521698,20.160635],[-99.524043,20.160742]]]}},{"type":"Feature","properties":{"PARCELA":"344 Z1 P1","NÚCLEO AG":"SAN SEBASTIAN DE JUAREZ","TIPO NÚCL":"EJIDO","MUNICIPIO":"JILOTEPEC","ESTADO":"MÉXICO","SUP":"5635.702","TIPO DE PA":"PARCELAS INDIVIDUALES","CERTIFICAD":"1093572","CALIDAD":"POSESIONARIO (A)","GENERO":"FEMENINO","FECHA DE N":"1964/12/19","DOMICILIO":"C. TORDOS #11, NICOLAS ROMERO, MEXICO","TRÁMITE Q":"ENAJENACIÓN DE DERECHOS PARCELARIOS. INSCRIPCIÓN.","FECHA DE A":"1996-12-08","TITULAR":"EVA CALLEJAS MONTOYA"},"geometry":{"type":"Polygon","coordinates":[[[-99.524043,20.160742],[-99.524407,20.160776],[-99.524771,20.160894],[-99.524256,20.162082],[-99.524043,20.160742]]]}},{"type":"Feature","properties":{"PARCELA":"350 Z-1 P1/1","NÚCLEO AG":"SAN SEBASTIAN DE JUAREZ","TIPO NÚCL":"EJIDO","MUNICIPIO":"JILOTEPEC","ESTADO":"MÉXICO","SUP":"41499.931","TIPO DE PA":"PARCELAS INDIVIDUALES","CERTIFICAD":"1078310","CALIDAD":"AVECINDADO (A)","GENERO":"FEMENINO","FECHA DE N":"1960/01/11","DOMICILIO":"C CONSAGRADA MZA 1LT 20 COL GUADALUPE VICTORIA 55010 ECATEPEC MORELOS","TRÁMITE Q":"TRANSMISIÓN DE DERECHOS POR SUCESIÓN. INSCRIPCIÓN.","FECHA DE A":"1999-10-05","TITULAR":"JUANA\t TREJO\t NAVARRETE"},"geometry":{"type":"Polygon","coordinates":[[[-99.521622,20.160547],[-99.521242,20.159725],[-99.522276,20.158792],[-99.522696,20.158404],[-99.523772,20.160039],[-99.523991,20.160649],[-99.521622,20.160547]]]}},{"type":"Feature","properties":{"PARCELA":"37 Z 1 P1/1","NÚCLEO AG":"SAN SEBASTIAN DE JUAREZ","TIPO NÚCL":"EJIDO","MUNICIPIO":"JILOTEPEC","ESTADO":"MÉXICO","SUP":"44636.256","TIPO DE PA":"PARCELAS INDIVIDUALES","CERTIFICAD":"539837","CALIDAD":"EJIDATARIO (A)","GENERO":"FEMENINO","FECHA DE N":"1935/01/16","DOMICILIO":"CON LOC SN S DE JUAREZ, NOPALA, HIDALGO.","CURP":"MEHM350116MHGNRR00","TRÁMITE Q":"TRANSMISIÓN DE DERECHOS POR SUCESIÓN. INSCRIPCIÓN.","FECHA DE A":"1999-10-06","TITULAR":"MARCELA MENDIETA HERNANDEZ"},"geometry":{"type":"Polygon","coordinates":[[[-99.52983,20.184709],[-99.531229,20.184407],[-99.531541,20.185271],[-99.531616,20.185695],[-99.531691,20.1864],[-99.531347,20.186726],[-99.53086,20.186565],[-99.530819,20.186643],[-99.530834,20.18687],[-99.530649,20.187475],[-99.530101,20.187452],[-99.530141,20.187062],[-99.530044,20.186737],[-99.529879,20.186575],[-99.530027,20.185921],[-99.530007,20.185071],[-99.52983,20.184709]]]}},{"type":"Feature","properties":{"PARCELA":"402 Z1 P1/1","NÚCLEO AG":"SAN SEBASTIAN DE JUAREZ","TIPO NÚCL":"EJIDO","MUNICIPIO":"JILOTEPEC","ESTADO":"MÉXICO","SUP":"75078.626","TIPO DE PA":"PARCELAS INDIVIDUALES","CERTIFICAD":"276318","CALIDAD":"EJIDATARIO (A)","GENERO":"MASCULINO","FECHA DE N":"1942/04/10","DOMICILIO":"CONOCIDO, SAM SEBASTIAN DE JUAREZ,MEXICO","CURP":"NAME420410HHGVRZ07","TRÁMITE Q":"ACUERDO DE ASAMBLEA DE LA DELIMITACIÓN, DESTINO Y ASIGNACIÓN DE LAS TIERRAS EJIDALES O COMUNALES. INSCRIPCIÓN.","FECHA DE A":"1996-12-08","TITULAR":"EZEQUIEL NAVARRETE MARTINEZ"},"geometry":{"type":"Polygon","coordinates":[[[-99.516792,20.156799],[-99.516971,20.156765],[-99.517065,20.156012],[-99.518124,20.156186],[-99.519101,20.156735],[-99.520028,20.157072],[-99.520243,20.157037],[-99.522246,20.158048],[-99.522573,20.158404],[-99.522248,20.158682],[-99.521532,20.158331],[-99.521442,20.158247],[-99.519488,20.157778],[-99.519295,20.158228],[-99.517011,20.157772],[-99.51678,20.157693],[-99.516792,20.156799]]]}},{"type":"Feature","properties":{"PARCELA":"426 Z-1 P1/1","NÚCLEO AG":"SAN SEBASTIAN DE JUAREZ","TIPO NÚCL":"EJIDO","MUNICIPIO":"JILOTEPEC","ESTADO":"MÉXICO","SUP":"39649.649","TIPO DE PA":"PARCELAS INDIVIDUALES","CERTIFICAD":"206632","CALIDAD":"EJIDATARIO (A)","GENERO":"FEMENINO","FECHA DE N":"1966/12/12","DOMICILIO":"CONOCIDO,SAN SEBASTIAN DE JUAREZ, MEXICO","TRÁMITE Q":"ACUERDO DE ASAMBLEA DE LA DELIMITACIÓN, DESTINO Y ASIGNACIÓN DE LAS TIERRAS EJIDALES O COMUNALES. INSCRIPCIÓN.","FECHA DE A":"1996-12-08","TITULAR":"MARIA GUADALUPE HERNANDEZ VEGA"},"geometry":{"type":"Polygon","coordinates":[[[-99.521624,20.157619],[-99.521756,20.156899],[-99.521984,20.156804],[-99.522496,20.156786],[-99.52252,20.156765],[-99.523057,20.156798],[-99.523513,20.15663],[-99.523427,20.156507],[-99.523568,20.156344],[-99.52392,20.156216],[-99.524203,20.156215],[-99.524776,20.156054],[-99.524912,20.155754],[-99.525132,20.155807],[-99.525327,20.155972],[-99.522887,20.158232],[-99.521624,20.157619]]]}},{"type":"Feature","properties":{"PARCELA":"427 Z1 P1/1","NÚCLEO AG":"SAN SEBASTIAN DE JUAREZ","TIPO NÚCL":"EJIDO","MUNICIPIO":"JILOTEPEC","ESTADO":"MÉXICO","SUP":"15168.138","TIPO DE PA":"PARCELAS INDIVIDUALES","CERTIFICAD":"206468","CALIDAD":"EJIDATARIO (A)","GENERO":"MASCULINO","FECHA DE N":"1936/03/24","DOMICILIO":"CONOCIDO, SAN SEBASTIAN DE JUAREZ, MEX.","CURP":"LOHG360324HHGPRB00","TRÁMITE Q":"ACUERDO DE ASAMBLEA DE LA DELIMITACIÓN, DESTINO Y ASIGNACIÓN DE LAS TIERRAS EJIDALES O COMUNALES. INSCRIPCIÓN.","FECHA DE A":"1996-12-08","TITULAR":"GABRIEL LOPEZ HERNANDEZ"},"geometry":{"type":"Polygon","coordinates":[[[-99.520679,20.15621],[-99.521574,20.156377],[-99.521607,20.156232],[-99.521766,20.156268],[-99.521756,20.156899],[-99.521624,20.157619],[-99.520401,20.157038],[-99.520679,20.15621]]]}},{"type":"Feature","properties":{"PARCELA":"441 Z1 P1/1","NÚCLEO AG":"SAN SEBASTIAN DE JUAREZ","TIPO NÚCL":"EJIDO","MUNICIPIO":"JILOTEPEC","ESTADO":"MÉXICO","SUP":"21149.191","TIPO DE PA":"PARCELAS INDIVIDUALES","CERTIFICAD":"1055104","CALIDAD":"EJIDATARIO (A)","GENERO":"FEMENINO","FECHA DE N":"1939/04/01","DOMICILIO":"LOC. EMILIANO ZAPATA, JILOTEPEC, MEXICO","TRÁMITE Q":"TRANSMISIÓN DE DERECHOS POR SUCESIÓN. INSCRIPCIÓN.","FECHA DE A":"1999-10-05","TITULAR":"PIEDAD LOPEZ HERNANDEZ"},"geometry":{"type":"Polygon","coordinates":[[[-99.519687,20.156796],[-99.519167,20.15504],[-99.519984,20.155243],[-99.520774,20.155594],[-99.520325,20.157006],[-99.519687,20.156796]]]}},{"type":"Feature","properties":{"PARCELA":"442 Z1 P1/1","NÚCLEO AG":"SAN SEBASTIAN DE JUAREZ","TIPO NÚCL":"EJIDO","MUNICIPIO":"JILOTEPEC","ESTADO":"MÉXICO","SUP":"27241.81","TIPO DE PA":"PARCELAS INDIVIDUALES","CERTIFICAD":"276316","CALIDAD":"EJIDATARIO (A)","GENERO":"MASCULINO","FECHA DE N":"1942/04/10","DOMICILIO":"CONOCIDO, SAM SEBASTIAN DE JUAREZ,MEXICO","CURP":"NAME420410HHGVRZ07","TRÁMITE Q":"ACUERDO DE ASAMBLEA DE LA DELIMITACIÓN, DESTINO Y ASIGNACIÓN DE LAS TIERRAS EJIDALES O COMUNALES. INSCRIPCIÓN.","FECHA DE A":"1996-12-08","TITULAR":"EZEQUIEL NAVARRETE MARTINEZ"},"geometry":{"type":"Polygon","coordinates":[[[-99.518088,20.156121],[-99.517416,20.154915],[-99.518813,20.154975],[-99.519167,20.15504],[-99.519687,20.156796],[-99.519247,20.156707],[-99.518088,20.156121]]]}},{"type":"Feature","properties":{"PARCELA":"465 Z-1 P1/1","NÚCLEO AG":"SAN SEBASTIAN DE JUAREZ","TIPO NÚCL":"EJIDO","MUNICIPIO":"JILOTEPEC","ESTADO":"MÉXICO","SUP":"12627.47","TIPO DE PA":"PARCELAS INDIVIDUALES","CERTIFICAD":"206739","CALIDAD":"EJIDATARIO (A)","GENERO":"MASCULINO","FECHA DE N":"1954/11/03","DOMICILIO":"CONOCIDO SAN S. DE JUAREZ VILLAGRAN, HGO","CURP":"RECV541103HMCYML06","TRÁMITE Q":"ACUERDO DE ASAMBLEA DE LA DELIMITACIÓN, DESTINO Y ASIGNACIÓN DE LAS TIERRAS EJIDALES O COMUNALES. INSCRIPCIÓN.","FECHA DE A":"1996-12-08","TITULAR":"VALENTIN REYES CAMACHO"},"geometry":{"type":"Polygon","coordinates":[[[-99.51916,20.155024],[-99.518946,20.154359],[-99.520958,20.15496],[-99.520783,20.155578],[-99.519987,20.155228],[-99.51916,20.155024]]]}},{"type":"Feature","properties":{"PARCELA":"466 Z1 P1/1","NÚCLEO AG":"SAN SEBASTIAN DE JUAREZ","TIPO NÚCL":"EJIDO","MUNICIPIO":"JILOTEPEC","ESTADO":"MÉXICO","SUP":"31461.441","TIPO DE PA":"PARCELAS INDIVIDUALES","CERTIFICAD":"276315","CALIDAD":"EJIDATARIO (A)","GENERO":"MASCULINO","FECHA DE N":"1942/04/10","DOMICILIO":"CONOCIDO, SAM SEBASTIAN DE JUAREZ,MEXICO","CURP":"NAME420410HHGVRZ07","TRÁMITE Q":"ACUERDO DE ASAMBLEA DE LA DELIMITACIÓN, DESTINO Y ASIGNACIÓN DE LAS TIERRAS EJIDALES O COMUNALES. INSCRIPCIÓN.","FECHA DE A":"1996-12-08","TITULAR":"EZEQUIEL NAVARRETE MARTINEZ"},"geometry":{"type":"Polygon","coordinates":[[[-99.517405,20.154897],[-99.516828,20.153881],[-99.518053,20.153332],[-99.518576,20.153105],[-99.518946,20.154359],[-99.51916,20.155024],[-99.518812,20.15496],[-99.517405,20.154897]]]}},{"type":"Feature","properties":{"PARCELA":"483 Z1 P1/1","NÚCLEO AG":"SAN SEBASTIAN DE JUAREZ","TIPO NÚCL":"EJIDO","MUNICIPIO":"JILOTEPEC","ESTADO":"MÉXICO","SUP":"34067.575","TIPO DE PA":"PARCELAS INDIVIDUALES","CERTIFICAD":"1055103","CALIDAD":"EJIDATARIO (A)","GENERO":"FEMENINO","FECHA DE N":"1939/04/01","DOMICILIO":"LOC. EMILIANO ZAPATA, JILOTEPEC, MEXICO","TRÁMITE Q":"TRANSMISIÓN DE DERECHOS POR SUCESIÓN. INSCRIPCIÓN.","FECHA DE A":"1999-10-05","TITULAR":"PIEDAD LOPEZ HERNANDEZ"},"geometry":{"type":"Polygon","coordinates":[[[-99.518946,20.154359],[-99.518576,20.153105],[-99.519565,20.152638],[-99.519687,20.152839],[-99.519929,20.153202],[-99.520052,20.153404],[-99.520258,20.153668],[-99.520738,20.15417],[-99.521109,20.154481],[-99.520958,20.15496],[-99.518946,20.154359]]]}},{"type":"Feature","properties":{"PARCELA":"484 Z1 P1/3","NÚCLEO AG":"SAN SEBASTIAN DE JUAREZ","TIPO NÚCL":"EJIDO","MUNICIPIO":"JILOTEPEC","ESTADO":"MÉXICO","SUP":"54219.15","TIPO DE PA":"PARCELAS INDIVIDUALES","CERTIFICAD":"1054379","CALIDAD":"EJIDATARIO (A)","GENERO":"MASCULINO","FECHA DE N":"1957/08/22","DOMICILIO":"CONOCIDO,SAN SEBASTIAN DE JUAREZ, MEXICO","CURP":"SAMF570822HMCNRL02","TRÁMITE Q":"ENAJENACIÓN DE DERECHOS PARCELARIOS. INSCRIPCIÓN.","FECHA DE A":"1996-12-08","TITULAR":"FILIBERTO SANTANA MARTINEZ"},"geometry":{"type":"Polygon","coordinates":[[[-99.515428,20.152546],[-99.515792,20.152271],[-99.516869,20.150722],[-99.517426,20.151899],[-99.518053,20.153332],[-99.516828,20.153881],[-99.516179,20.154155],[-99.515428,20.152546]]]}},{"type":"Feature","properties":{"PARCELA":"506 Z-1 P1/1","NÚCLEO AG":"SAN SEBASTIAN DE JUAREZ","TIPO NÚCL":"EJIDO","MUNICIPIO":"JILOTEPEC","ESTADO":"MÉXICO","SUP":"29432.179","TIPO DE PA":"PARCELAS INDIVIDUALES","CERTIFICAD":"206620","CALIDAD":"EJIDATARIO (A)","GENERO":"MASCULINO","FECHA DE N":"1976/06/29","DOMICILIO":"CONOCIDO, SAN SEBASTIAN DE JUAREZ, MEX.","CURP":"HELP760629HMCRPD02","TRÁMITE Q":"ACUERDO DE ASAMBLEA DE LA DELIMITACIÓN, DESTINO Y ASIGNACIÓN DE LAS TIERRAS EJIDALES O COMUNALES. INSCRIPCIÓN.","FECHA DE A":"1996-12-08","TITULAR":"PEDRO HERNANDEZ LOPEZ"},"geometry":{"type":"Polygon","coordinates":[[[-99.517426,20.151899],[-99.519054,20.15128],[-99.519274,20.151991],[-99.519367,20.152197],[-99.519565,20.152638],[-99.518576,20.153105],[-99.518053,20.153332],[-99.517426,20.151899]]]}},{"type":"Feature","properties":{"PARCELA":"522 Z-1 P1/1","NÚCLEO AG":"SAN SEBASTIAN DE JUAREZ","TIPO NÚCL":"EJIDO","MUNICIPIO":"JILOTEPEC","ESTADO":"MÉXICO","SUP":"15010.637","TIPO DE PA":"PARCELAS INDIVIDUALES","CERTIFICAD":"1054417","CALIDAD":"EJIDATARIO (A)","GENERO":"MASCULINO","FECHA DE N":"1955/06/14","DOMICILIO":"CONOCIDO, FERROCARRILEROS TULA, HIDALGO","CURP":"SAMB550614HNRS04","TRÁMITE Q":"ENAJENACIÓN DE DERECHOS PARCELARIOS. INSCRIPCIÓN.","FECHA DE A":"1996-12-08","TITULAR":"BASILIO SANTANA MARTINEZ"},"geometry":{"type":"Polygon","coordinates":[[[-99.516711,20.150352],[-99.516856,20.150678],[-99.515739,20.152228],[-99.515286,20.152524],[-99.515481,20.152216],[-99.515528,20.152088],[-99.515623,20.151642],[-99.515628,20.151502],[-99.515509,20.150906],[-99.515486,20.150861],[-99.516711,20.150352]]]}},{"type":"Feature","properties":{"PARCELA":"552 Z-1 P1/1","NÚCLEO AG":"SAN SEBASTIAN DE JUAREZ","TIPO NÚCL":"EJIDO","MUNICIPIO":"JILOTEPEC","ESTADO":"MÉXICO","SUP":"77716.479","TIPO DE PA":"PARCELAS INDIVIDUALES","CERTIFICAD":"206843","CALIDAD":"EJIDATARIO (A)","GENERO":"MASCULINO","FECHA DE N":"1971/02/22","DOMICILIO":"CONOCIDO,SAN SEBASTIAN DE JUAREZ, MEXICO","CURP":"LORP710222HHGPYD08","TRÁMITE Q":"ACUERDO DE ASAMBLEA DE LA DELIMITACIÓN, DESTINO Y ASIGNACIÓN DE LAS TIERRAS EJIDALES O COMUNALES. INSCRIPCIÓN.","FECHA DE A":"1996-12-08","TITULAR":"PEDRO LOPEZ REYES"},"geometry":{"type":"Polygon","coordinates":[[[-99.514096,20.149574],[-99.513413,20.148053],[-99.514444,20.147571],[-99.514495,20.147519],[-99.514544,20.147517],[-99.514595,20.147601],[-99.514501,20.147676],[-99.514604,20.147845],[-99.515673,20.147317],[-99.516331,20.148776],[-99.516695,20.150344],[-99.515479,20.150849],[-99.514885,20.150108],[-99.514296,20.149642],[-99.514199,20.149598],[-99.514096,20.149574]]]}},{"type":"Feature","properties":{"PARCELA":"565 Z-1 P1/1","NÚCLEO AG":"SAN SEBASTIAN DE JUAREZ","TIPO NÚCL":"EJIDO","MUNICIPIO":"JILOTEPEC","ESTADO":"MÉXICO","SUP":"110266.887","TIPO DE PA":"PARCELAS INDIVIDUALES","CERTIFICAD":"206667","CALIDAD":"EJIDATARIO (A)","GENERO":"MASCULINO","FECHA DE N":"1969/07/13","DOMICILIO":"CONOCIDO, SAN SEBASTIAN DE JUAREZ, MEX.","TRÁMITE Q":"ACUERDO DE ASAMBLEA DE LA DELIMITACIÓN, DESTINO Y ASIGNACIÓN DE LAS TIERRAS EJIDALES O COMUNALES. INSCRIPCIÓN.","FECHA DE A":"1996-12-08","TITULAR":"JOEL MARTINEZ REYES"},"geometry":{"type":"Polygon","coordinates":[[[-99.510113,20.145942],[-99.510311,20.14584],[-99.512362,20.144933],[-99.512546,20.14485],[-99.51269,20.145216],[-99.513811,20.146535],[-99.513935,20.147012],[-99.513879,20.147164],[-99.51413,20.147454],[-99.514324,20.147409],[-99.514397,20.147518],[-99.514444,20.147571],[-99.513413,20.148053],[-99.512476,20.148407],[-99.511478,20.148912],[-99.511464,20.148919],[-99.510113,20.145942]]]}},{"type":"Feature","properties":{"PARCELA":"608 Z-1 P1/1","NÚCLEO AG":"SAN SEBASTIAN DE JUAREZ","TIPO NÚCL":"EJIDO","MUNICIPIO":"JILOTEPEC","ESTADO":"MÉXICO","SUP":"23025.225","TIPO DE PA":"PARCELAS INDIVIDUALES","CERTIFICAD":"1116430","CALIDAD":"EJIDATARIO (A)","GENERO":"MASCULINO","FECHA DE N":"1980/05/10","DOMICILIO":"LOC AN SEBASTIAN DE JUAREZ NOPALTA DE VILLA GRAN","CURP":"LOMJ800510HHGPRV04","TRÁMITE Q":"TRANSMISIÓN DE DERECHOS POR SUCESIÓN. INSCRIPCIÓN.","FECHA DE A":"1991-04-19","TITULAR":"JAVIR LOPEZ MARTINEZ"},"geometry":{"type":"Polygon","coordinates":[[[-99.512546,20.14485],[-99.512454,20.144615],[-99.513262,20.144498],[-99.514195,20.145123],[-99.514322,20.145579],[-99.514299,20.145612],[-99.513811,20.146535],[-99.51269,20.145216],[-99.512546,20.14485]]]}},{"type":"Feature","properties":{"PARCELA":"609 Z-1 P1/1","NÚCLEO AG":"SAN SEBASTIAN DE JUAREZ","TIPO NÚCL":"EJIDO","MUNICIPIO":"JILOTEPEC","ESTADO":"MÉXICO","SUP":"105757.497","TIPO DE PA":"PARCELAS INDIVIDUALES","CERTIFICAD":"206495","CALIDAD":"EJIDATARIO (A)","GENERO":"MASCULINO","FECHA DE N":"1927/06/05","DOMICILIO":"CONOCIDO, SAN SEBASTIAN DE JUAREZ,HGO.","TRÁMITE Q":"ACUERDO DE ASAMBLEA DE LA DELIMITACIÓN, DESTINO Y ASIGNACIÓN DE LAS TIERRAS EJIDALES O COMUNALES. INSCRIPCIÓN.","FECHA DE A":"1996-12-08","TITULAR":"ZENAIDO HERNANDEZ LARA"},"geometry":{"type":"Polygon","coordinates":[[[-99.508847,20.143187],[-99.509355,20.142904],[-99.511308,20.140686],[-99.511531,20.140968],[-99.511732,20.141155],[-99.512,20.141355],[-99.511488,20.142362],[-99.511685,20.142554],[-99.511501,20.142729],[-99.511393,20.142641],[-99.511195,20.142802],[-99.512362,20.144933],[-99.510311,20.14584],[-99.508847,20.143187]]]}},{"type":"Feature","properties":{"PARCELA":"622 Z-1 P1/1","NÚCLEO AG":"SAN SEBASTIAN DE JUAREZ","TIPO NÚCL":"EJIDO","MUNICIPIO":"JILOTEPEC","ESTADO":"MÉXICO","SUP":"23257.742","TIPO DE PA":"PARCELAS INDIVIDUALES","CERTIFICAD":"1017631","CALIDAD":"EJIDATARIO (A)","GENERO":"MASCULINO","FECHA DE N":"1957/08/08","DOMICILIO":"C. PASEO DE LOS EUCALIPTOS 20,CUAUTITLAN","CURP":"PIEJ570808HCSL07","TRÁMITE Q":"ENAJENACIÓN DE DERECHOS PARCELARIOS. INSCRIPCIÓN.","FECHA DE A":"1996-12-08","TITULAR":"JOEL PICHARDO ESQUEDA"},"geometry":{"type":"Polygon","coordinates":[[[-99.512199,20.143581],[-99.51445,20.143675],[-99.515065,20.14425],[-99.513262,20.144498],[-99.512454,20.144615],[-99.512199,20.143581]]]}},{"type":"Feature","properties":{"PARCELA":"623 Z-1 P1/1","NÚCLEO AG":"SAN SEBASTIAN DE JUAREZ","TIPO NÚCL":"EJIDO","MUNICIPIO":"JILOTEPEC","ESTADO":"MÉXICO","SUP":"23957.585","TIPO DE PA":"PARCELAS INDIVIDUALES","CERTIFICAD":"538934","CALIDAD":"POSESIONARIO (A)","GENERO":"MASCULINO","FECHA DE N":"1972/05/31","DOMICILIO":"PRIM. MANZANA S/N, SAN SEBASTIAN, MEX.","CURP":"PAGT720531HHGZRT05","TRÁMITE Q":"ENAJENACIÓN DE DERECHOS PARCELARIOS. INSCRIPCIÓN.","FECHA DE A":"2010-03-07","TITULAR":"TITO GILBERTO PAZ GARCIA"},"geometry":{"type":"Polygon","coordinates":[[[-99.512,20.141355],[-99.512213,20.141472],[-99.512424,20.141568],[-99.512599,20.141645],[-99.51215,20.142813],[-99.512117,20.14322],[-99.512199,20.143581],[-99.512454,20.144615],[-99.512546,20.14485],[-99.512362,20.144933],[-99.511195,20.142802],[-99.511393,20.142641],[-99.511501,20.142729],[-99.511685,20.142554],[-99.511488,20.142362],[-99.512,20.141355]]]}},{"type":"Feature","properties":{"PARCELA":"64 Z 1 P1/1","NÚCLEO AG":"SAN SEBASTIAN DE JUAREZ","TIPO NÚCL":"EJIDO","MUNICIPIO":"JILOTEPEC","ESTADO":"MÉXICO","SUP":"15692.562","TIPO DE PA":"PARCELAS INDIVIDUALES","CERTIFICAD":"206637","CALIDAD":"EJIDATARIO (A)","GENERO":"MASCULINO","FECHA DE N":"1973/03/08","DOMICILIO":"CONOCIDO, SAN SEBASTIAN DE JUAREZ, MEX.","CURP":"EIMM730308HHGSRC04","TRÁMITE Q":"ACUERDO DE ASAMBLEA DE  ASIGNACIÓN DE DERECHOS Y SOLARES","FECHA DE A":"1996-12-30","TITULAR":"MACARIO ESPINOZA MORAN"},"geometry":{"type":"Polygon","coordinates":[[[-99.529266,20.18393],[-99.530255,20.183747],[-99.530394,20.183464],[-99.530469,20.183674],[-99.530682,20.183591],[-99.530729,20.183744],[-99.530964,20.183688],[-99.531229,20.184407],[-99.52983,20.184709],[-99.529266,20.18393]]]}},{"type":"Feature","properties":{"PARCELA":"78 Z-1 P1/1","NÚCLEO AG":"SAN SEBASTIAN DE JUAREZ","TIPO NÚCL":"EJIDO","MUNICIPIO":"JILOTEPEC","ESTADO":"MÉXICO","SUP":"71758.275","TIPO DE PA":"PARCELAS INDIVIDUALES","CERTIFICAD":"206853","CALIDAD":"EJIDATARIO (A)","GENERO":"MASCULINO","FECHA DE N":"1951/08/23","DOMICILIO":"SAN SEBASTIAN DE JUAREZ, HGO.","CURP":"ZACF510823HDFMLR02","TRÁMITE Q":"ACUERDO DE ASAMBLEA DE LA DELIMITACIÓN, DESTINO Y ASIGNACIÓN DE LAS TIERRAS EJIDALES O COMUNALES. INSCRIPCIÓN.","FECHA DE A":"1996-12-08","TITULAR":"FERNANDO ZAMORA CALLEJAS"},"geometry":{"type":"Polygon","coordinates":[[[-99.530394,20.183464],[-99.529206,20.181788],[-99.529042,20.181871],[-99.529062,20.180741],[-99.529639,20.180013],[-99.52993,20.179839],[-99.530597,20.179454],[-99.530801,20.179862],[-99.530727,20.180308],[-99.530846,20.180443],[-99.531084,20.180686],[-99.531021,20.180959],[-99.530917,20.181467],[-99.531222,20.182068],[-99.531153,20.18265],[-99.531284,20.18287],[-99.531594,20.18286],[-99.531814,20.182977],[-99.531867,20.183383],[-99.530935,20.183566],[-99.530851,20.183331],[-99.530621,20.183383],[-99.530682,20.183591],[-99.530469,20.183674],[-99.530394,20.183464]]]}},{"type":"Feature","properties":{"PARCELA":"79 Z-1 P1/1","NÚCLEO AG":"SAN SEBASTIAN DE JUAREZ","TIPO NÚCL":"EJIDO","MUNICIPIO":"JILOTEPEC","ESTADO":"MÉXICO","SUP":"29334.283","TIPO DE PA":"PARCELAS INDIVIDUALES","CERTIFICAD":"206650","CALIDAD":"EJIDATARIO (A)","GENERO":"MASCULINO","FECHA DE N":"1940/06/10","DOMICILIO":"CONOCIDO, SAN SEBASTIAN DE JUAREZ,MEXICO","CURP":"PAGM400610HHGZRR07","TRÁMITE Q":"ACUERDO DE ASAMBLEA DE LA DELIMITACIÓN, DESTINO Y ASIGNACIÓN DE LAS TIERRAS EJIDALES O COMUNALES. INSCRIPCIÓN.","FECHA DE A":"1996-12-08","TITULAR":"MARGARITO PAZ GARCIA"},"geometry":{"type":"Polygon","coordinates":[[[-99.529042,20.181871],[-99.529206,20.181788],[-99.530394,20.183464],[-99.530255,20.183747],[-99.529266,20.18393],[-99.528119,20.182378],[-99.528492,20.182203],[-99.528589,20.182092],[-99.529042,20.181871]]]}},{"type":"Feature","properties":{"PARCELA":"9 Z1 P1/1","NÚCLEO AG":"SAN SEBASTIAN DE JUAREZ","TIPO NÚCL":"EJIDO","MUNICIPIO":"JILOTEPEC","ESTADO":"MÉXICO","SUP":"4363.545","TIPO DE PA":"PARCELAS INDIVIDUALES","CERTIFICAD":"549769","CALIDAD":"EJIDATARIO (A)","GENERO":"MASCULINO","FECHA DE N":"1950/08/13","DOMICILIO":"CONOCIDO, SAN SEBASTIAN DE JUAREZ, MEX.","TRÁMITE Q":"ENAJENACIÓN DE DERECHOS PARCELARIOS. INSCRIPCIÓN.","FECHA DE A":"2010-12-01","TITULAR":"DAVID CALLEJAS HERNANDEZ"},"geometry":{"type":"Polygon","coordinates":[[[-99.534617,20.189666],[-99.534664,20.190347],[-99.534615,20.190347],[-99.533557,20.190327],[-99.534617,20.189666]]]}},{"type":"Feature","properties":{"PARCELA":"98 Z-1 P1/1","NÚCLEO AG":"SAN SEBASTIAN DE JUAREZ","TIPO NÚCL":"EJIDO","MUNICIPIO":"JILOTEPEC","ESTADO":"MÉXICO","SUP":"31641.446","TIPO DE PA":"PARCELAS INDIVIDUALES","CERTIFICAD":"206651","CALIDAD":"EJIDATARIO (A)","GENERO":"MASCULINO","FECHA DE N":"1940/06/10","DOMICILIO":"CONOCIDO, SAN SEBASTIAN DE JUAREZ,MEXICO","CURP":"PAGM400610HHGZRR07","TRÁMITE Q":"ACUERDO DE ASAMBLEA DE LA DELIMITACIÓN, DESTINO Y ASIGNACIÓN DE LAS TIERRAS EJIDALES O COMUNALES. INSCRIPCIÓN.","FECHA DE A":"1996-12-08","TITULAR":"MARGARITO PAZ GARCIA"},"geometry":{"type":"Polygon","coordinates":[[[-99.526535,20.179669],[-99.527242,20.180001],[-99.528601,20.180679],[-99.52877,20.180597],[-99.528833,20.180491],[-99.528883,20.180685],[-99.528644,20.180913],[-99.528611,20.180818],[-99.528343,20.181332],[-99.527596,20.181382],[-99.527199,20.181512],[-99.527022,20.182032],[-99.52645,20.181015],[-99.526535,20.179669]]]}},{"type":"Feature","properties":{"PARCELA":"37 P1/2","NÚCLEO AG":"SANTA MARIA HUECATITLA","TIPO NÚCL":"EJIDO","MUNICIPIO":"CUAUTITLÁN","ESTADO":"MÉXICO","SUP":"16247.037","TIPO DE PA":"PARCELAS INDIVIDUALES","CERTIFICAD":"197321","CALIDAD":"EJIDATARIO (A)","GENERO":"MASCULINO","FECHA DE N":"1957/04/24","DOMICILIO":"CONOCIDO, STA. MARIA HUECATITLA, MEXICO","CURP":"CURF570424HMCRDD00","TRÁMITE Q":"ACUERDO DE ASAMBLEA DE LA DELIMITACIÓN, DESTINO Y ASIGNACIÓN DE LAS TIERRAS EJIDALES O COMUNALES. INSCRIPCIÓN.","FECHA DE A":"1994-04-23","TITULAR":"FIDEL CUREÑO RODRIGUEZ"},"geometry":{"type":"Polygon","coordinates":[[[-99.175228,19.731594],[-99.175415,19.729089],[-99.175844,19.729197],[-99.175926,19.731648],[-99.175228,19.731594]]]}},{"type":"Feature","properties":{"PARCELA":"290 Z1 P1/11","NÚCLEO AG":"HUEHUETOCA","TIPO NÚCL":"EJIDO","MUNICIPIO":"HUEHUETOCA","ESTADO":"MÉXICO","SUP":"20542.793","TIPO DE PA":"PARCELAS INDIVIDUALES","CERTIFICAD":"485832","CALIDAD":"EJIDATARIO (A)","GENERO":"FEMENINO","FECHA DE N":"1937/04/05","DOMICILIO":"CON. FCO.I MADERO 15, HUEHUETOCA, MEX.","TRÁMITE Q":"TRANSMISIÓN DE DERECHOS POR SUCESIÓN. INSCRIPCIÓN.","FECHA DE A":"2005-02-20","TITULAR":"IRENE LOPEZ PRUDENCIO"},"geometry":{"type":"Polygon","coordinates":[[[-99.196663,19.82161],[-99.199086,19.821245],[-99.197016,19.823019],[-99.196663,19.82161]]]}},{"type":"Feature","properties":{"PARCELA":"294 Z1P1/11","NÚCLEO AG":"HUEHUETOCA","TIPO NÚCL":"EJIDO","MUNICIPIO":"HUEHUETOCA","ESTADO":"MÉXICO","SUP":"30479.547","TIPO DE PA":"PARCELAS INDIVIDUALES","CERTIFICAD":"425678","CALIDAD":"EJIDATARIO (A)","GENERO":"MASCULINO","FECHA DE N":"1972/06/25","DOMICILIO":"CONOCIDO, HUEHUETOCA, MEXICO","TRÁMITE Q":"ACUERDO DE ASAMBLEA DE LA DELIMITACIÓN, DESTINO Y ASIGNACIÓN DE LAS TIERRAS EJIDALES O COMUNALES. INSCRIPCIÓN.","FECHA DE A":"2004-11-07","TITULAR":"MARTIN GUILLERMO OLGUIN GARCIA"},"geometry":{"type":"Polygon","coordinates":[[[-99.197093,19.823118],[-99.19824,19.822112],[-99.199371,19.823084],[-99.198623,19.824413],[-99.197093,19.823118]]]}},{"type":"Feature","properties":{"SUP":"1115.554"},"geometry":{"type":"Polygon","coordinates":[[[-99.513935,20.147012],[-99.514135,20.147103],[-99.514324,20.147409],[-99.51413,20.147454],[-99.513879,20.147164],[-99.513935,20.147012]]]}},{"type":"Feature","properties":{"SUP":"16562.454"},"geometry":{"type":"Polygon","coordinates":[[[-99.174718,19.735668],[-99.1751,19.734552],[-99.175106,19.734529],[-99.176041,19.734768],[-99.176101,19.73588],[-99.176049,19.735997],[-99.174718,19.735668]]]}},{"type":"Feature","properties":{"SUP":"19402.021"},"geometry":{"type":"Polygon","coordinates":[[[-99.175106,19.734529],[-99.175111,19.734509],[-99.174243,19.734295],[-99.174924,19.733262],[-99.176,19.733666],[-99.176041,19.734768],[-99.175106,19.734529]]]}},{"type":"Feature","properties":{"SUP":"6413.797"},"geometry":{"type":"Polygon","coordinates":[[[-99.174924,19.733262],[-99.17531,19.732764],[-99.175979,19.733037],[-99.176,19.733666],[-99.174924,19.733262]]]}},{"type":"Feature","properties":{"SUP":"2088.686"},"geometry":{"type":"Polygon","coordinates":[[[-99.176838,19.732418],[-99.176808,19.732915],[-99.176496,19.732834],[-99.176438,19.732312],[-99.176838,19.732418]]]}},{"type":"Feature","properties":{"SUP":"4058.027"},"geometry":{"type":"Polygon","coordinates":[[[-99.17531,19.732764],[-99.175661,19.732202],[-99.175939,19.732244],[-99.175985,19.732947],[-99.175979,19.733037],[-99.17531,19.732764]]]}},{"type":"Feature","properties":{"PARCELA":"1461 Z1 P1/3","NÚCLEO AG":"SAN JUAN ZITLALTEPEC","TIPO NÚCL":"EJIDO","MUNICIPIO":"ZUMPANGO","ESTADO":"MÉXICO","SUP":"5333.658","TIPO DE PA":"PARCELAS INDIVIDUALES","CERTIFICAD":"353788","CALIDAD":"EJIDATARIO (A)","GENERO":"MASCULINO","FECHA DE N":"1939/01/29","DOMICILIO":"CON, SAN JUAN ZITLALTEPEC,MEXICO","TRÁMITE Q":"ACUERDO DE ASAMBLEA DE LA DELIMITACIÓN, DESTINO Y ASIGNACIÓN DE LAS TIERRAS EJIDALES O COMUNALES. INSCRIPCIÓN.","FECHA DE A":"1996-12-15","TITULAR":"FRANCISCO MELECIO GONZALES"},"geometry":{"type":"Polygon","coordinates":[[[-99.192265,19.810899],[-99.192624,19.810509],[-99.193114,19.810871],[-99.193144,19.811316],[-99.192985,19.811491],[-99.192265,19.810899]]]}},{"type":"Feature","properties":{"SUP":"25016.605"},"geometry":{"type":"Polygon","coordinates":[[[-99.173364,19.735614],[-99.174579,19.736043],[-99.174718,19.735668],[-99.176049,19.735997],[-99.175543,19.736944],[-99.174363,19.73668],[-99.174229,19.737015],[-99.173275,19.735755],[-99.173364,19.735614]]]}},{"type":"Feature","properties":{"PARCELA":"1487 Z1 P1/3","NÚCLEO AG":"SAN JUAN ZITLALTEPEC","TIPO NÚCL":"EJIDO","MUNICIPIO":"ZUMPANGO","ESTADO":"MÉXICO","SUP":"9867.593","TIPO DE PA":"PARCELAS INDIVIDUALES","CERTIFICAD":"566431","CALIDAD":"EJIDATARIO (A)","GENERO":"FEMENINO","FECHA DE N":"1942/09/12","DOMICILIO":"CON SAN LORENZO, ZUMPANGO, MEXICO","TRÁMITE Q":"INSCRIPCION DE SENTENCIAS","FECHA DE A":"2005-10-31","TITULAR":"SARA MELESIO NAVARRETE"},"geometry":{"type":"Polygon","coordinates":[[[-99.19192,19.80993],[-99.192781,19.809028],[-99.193057,19.810043],[-99.192624,19.810509],[-99.19192,19.80993]]]}},{"type":"Feature","properties":{"PARCELA":"1564 Z1 P1/3","NÚCLEO AG":"SAN JUAN ZITLALTEPEC","TIPO NÚCL":"EJIDO","MUNICIPIO":"ZUMPANGO","ESTADO":"MÉXICO","SUP":"5389.855","TIPO DE PA":"PARCELAS INDIVIDUALES","CERTIFICAD":"214014","CALIDAD":"POSESIONARIO (A)","GENERO":"MASCULINO","FECHA DE N":"1927/02/09","DOMICILIO":"ALDAMA S/N, ZITLALTEPEC, MEXICO","CURP":"RORS270209HMCSDS00","TRÁMITE Q":"ACUERDO DE ASAMBLEA DE LA DELIMITACIÓN, DESTINO Y ASIGNACIÓN DE LAS TIERRAS EJIDALES O COMUNALES. INSCRIPCIÓN.","FECHA DE A":"1996-12-15","TITULAR":"SOSTENES ROSALES RODRIGUEZ"},"geometry":{"type":"Polygon","coordinates":[[[-99.190955,19.806769],[-99.191284,19.80641],[-99.192033,19.807042],[-99.1917,19.807377],[-99.190955,19.806769]]]}},{"type":"Feature","properties":{"PARCELA":"1581 Z-1P1/3","NÚCLEO AG":"SAN JUAN ZITLALTEPEC","TIPO NÚCL":"EJIDO","MUNICIPIO":"ZUMPANGO","ESTADO":"MÉXICO","SUP":"9558.836","TIPO DE PA":"PARCELAS INDIVIDUALES","CERTIFICAD":"213745","CALIDAD":"EJIDATARIO (A)","GENERO":"MASCULINO","FECHA DE N":"1959/04/21","DOMICILIO":"MORELOS, ZITLALTEPEC, MEXICO","CURP":"NAMA590421HMCVNN01","TRÁMITE Q":"ACUERDO DE ASAMBLEA DE LA DELIMITACIÓN, DESTINO Y ASIGNACIÓN DE LAS TIERRAS EJIDALES O COMUNALES. INSCRIPCIÓN.","FECHA DE A":"1996-12-15","TITULAR":"ANSELMO NAVARRETE MONTAÑO"},"geometry":{"type":"Polygon","coordinates":[[[-99.190569,19.80583],[-99.191196,19.80519],[-99.191902,19.805788],[-99.191909,19.805811],[-99.191573,19.806133],[-99.191284,19.80641],[-99.190569,19.80583]]]}},{"type":"Feature","properties":{"PARCELA":"1596 Z-1P1/3","NÚCLEO AG":"SAN JUAN ZITLALTEPEC","TIPO NÚCL":"EJIDO","MUNICIPIO":"ZUMPANGO","ESTADO":"MÉXICO","SUP":"1950.408","TIPO DE PA":"PARCELAS INDIVIDUALES","CERTIFICAD":"566427","CALIDAD":"EJIDATARIO (A)","GENERO":"MASCULINO","FECHA DE N":"1940/05/13","DOMICILIO":"CJON.FCO I. MADERO, ZITLALTEPEC, MEX.","TRÁMITE Q":"INSCRIPCION DE SENTENCIAS","FECHA DE A":"2011-11-25","TITULAR":"ROBERTO FLORES JIMENEZ"},"geometry":{"type":"Polygon","coordinates":[[[-99.191573,19.806133],[-99.191909,19.805811],[-99.192124,19.806607],[-99.191573,19.806133]]]}},{"type":"Feature","properties":{"PARCELA":"1607 Z-1P1/3","NÚCLEO AG":"SAN JUAN ZITLALTEPEC","TIPO NÚCL":"EJIDO","MUNICIPIO":"ZUMPANGO","ESTADO":"MÉXICO","SUP":"3220.782","TIPO DE PA":"PARCELAS INDIVIDUALES","CERTIFICAD":"566426","CALIDAD":"EJIDATARIO (A)","GENERO":"MASCULINO","FECHA DE N":"1940/05/13","DOMICILIO":"CJON.FCO I. MADERO, ZITLALTEPEC, MEX.","TRÁMITE Q":"INSCRIPCION DE SENTENCIAS","FECHA DE A":"2011-11-25","TITULAR":"ROBERTO FLORES JIMENEZ"},"geometry":{"type":"Polygon","coordinates":[[[-99.191196,19.80519],[-99.191625,19.804766],[-99.191902,19.805788],[-99.191196,19.80519]]]}},{"type":"Feature","properties":{"PARCELA":"1608 Z1 P1/3","NÚCLEO AG":"SAN JUAN ZITLALTEPEC","TIPO NÚCL":"EJIDO","MUNICIPIO":"ZUMPANGO","ESTADO":"MÉXICO","SUP":"10370.937","TIPO DE PA":"PARCELAS INDIVIDUALES","CERTIFICAD":"542291","CALIDAD":"EJIDATARIO (A)","GENERO":"MASCULINO","FECHA DE N":"1963/01/12","DOMICILIO":"SN LORENZO ZITLALTEPEC, ZUMPANGO, MEXICO","TRÁMITE Q":"TRANSMISIÓN DE DERECHOS POR SUCESIÓN. INSCRIPCIÓN.","FECHA DE A":"1991-10-18","TITULAR":"ALFREDO FLORES JIMENEZ"},"geometry":{"type":"Polygon","coordinates":[[[-99.190461,19.804532],[-99.190735,19.804233],[-99.191061,19.803899],[-99.191319,19.803639],[-99.191611,19.804713],[-99.191161,19.805158],[-99.190461,19.804532]]]}},{"type":"Feature","properties":{"PARCELA":"1638 Z1 P1/3","NÚCLEO AG":"SAN JUAN ZITLALTEPEC","TIPO NÚCL":"EJIDO","MUNICIPIO":"ZUMPANGO","ESTADO":"MÉXICO","SUP":"5050","TIPO DE PA":"PARCELAS INDIVIDUALES","CERTIFICAD":"302284","CALIDAD":"EJIDATARIO (A)","GENERO":"MASCULINO","FECHA DE N":"1965/04/15","DOMICILIO":"CONOCIDO, SAN JUAN ZITLALTEPEC, MEXICO","TRÁMITE Q":"ACUERDO DE ASAMBLEA DE LA DELIMITACIÓN, DESTINO Y ASIGNACIÓN DE LAS TIERRAS EJIDALES O COMUNALES. INSCRIPCIÓN.","FECHA DE A":"1996-12-15","TITULAR":"DIONICIO SANTOS BARRERA"},"geometry":{"type":"Polygon","coordinates":[[[-99.190364,19.803311],[-99.190717,19.802975],[-99.191254,19.803399],[-99.191319,19.803639],[-99.191061,19.803899],[-99.190364,19.803311]]]}},{"type":"Feature","properties":{"PARCELA":"1652 Z1 P1/3","NÚCLEO AG":"SAN JUAN ZITLALTEPEC","TIPO NÚCL":"EJIDO","MUNICIPIO":"ZUMPANGO","ESTADO":"MÉXICO","SUP":"10752.92","TIPO DE PA":"PARCELAS INDIVIDUALES","CERTIFICAD":"342201","CALIDAD":"POSESIONARIO (A)","GENERO":"MASCULINO","FECHA DE N":"1930/06/16","DOMICILIO":"C., SAN JUAN ZITLALTEPEC, MEX.","CURP":"HEMM300616HMCRNN09","TRÁMITE Q":"ACUERDO DE ASAMBLEA DE LA DELIMITACIÓN, DESTINO Y ASIGNACIÓN DE LAS TIERRAS EJIDALES O COMUNALES. INSCRIPCIÓN.","FECHA DE A":"1996-12-15","TITULAR":"MANUEL HERNANDEZ MONTES"},"geometry":{"type":"Polygon","coordinates":[[[-99.190717,19.802975],[-99.190681,19.802941],[-99.189973,19.802348],[-99.190754,19.801556],[-99.191254,19.803399],[-99.190717,19.802975]]]}},{"type":"Feature","properties":{"PARCELA":"1662 Z-1P1/3","NÚCLEO AG":"SAN JUAN ZITLALTEPEC","TIPO NÚCL":"EJIDO","MUNICIPIO":"ZUMPANGO","ESTADO":"MÉXICO","SUP":"12225.871","TIPO DE PA":"PARCELAS INDIVIDUALES","CERTIFICAD":"582439","CALIDAD":"EJIDATARIO (A)","GENERO":"MASCULINO","FECHA DE N":"1970/07/23","DOMICILIO":"C.DE LA FUENTE,S/N,COL.SAN JOSE LA LOMA,","TRÁMITE Q":"INSCRIPCION DE SENTENCIAS","FECHA DE A":"2015-04-30","TITULAR":"LIBORIO ARTURO LEMUS HERNANDEZ"},"geometry":{"type":"Polygon","coordinates":[[[-99.1895,19.801432],[-99.189836,19.801033],[-99.190137,19.800686],[-99.190431,19.800364],[-99.190736,19.801491],[-99.190216,19.802045],[-99.1895,19.801432]]]}},{"type":"Feature","properties":{"SUP":"5986.451"},"geometry":{"type":"Polygon","coordinates":[[[-99.173657,19.715247],[-99.173692,19.714927],[-99.175208,19.715251],[-99.175221,19.715596],[-99.173657,19.715247]]]}},{"type":"Feature","properties":{"PARCELA":"52 Z-4 P1/6","NÚCLEO AG":"SANTA BARBARA","TIPO NÚCL":"EJIDO","MUNICIPIO":"CUAUTITLÁN IZCALLI","ESTADO":"MÉXICO","SUP":"13908.936","TIPO DE PA":"PARCELA A FAVOR DEL NUCLEO","TRÁMITE Q":"ACUERDO DE ASAMBLEA DE  ASIGNACIÓN DE DERECHOS Y SOLARES","FECHA DE A":"2008-04-15"},"geometry":{"type":"Polygon","coordinates":[[[-99.176649,19.731794],[-99.176439,19.731759],[-99.176404,19.730935],[-99.177999,19.731271],[-99.177864,19.732017],[-99.176649,19.731794]]]}},{"type":"Feature","properties":{"PARCELA":"74 Z-4 P1/6","NÚCLEO AG":"SANTA BARBARA","TIPO NÚCL":"EJIDO","MUNICIPIO":"CUAUTITLÁN IZCALLI","ESTADO":"MÉXICO","SUP":"1784.664","TIPO DE PA":"PARCELAS INDIVIDUALES","CERTIFICAD":"373972","CALIDAD":"POSESIONARIO (A)","GENERO":"FEMENINO","FECHA DE N":"1964/01/03","DOMICILIO":"AV.PANTEON S/N, STA.BARBARA CUAUTITLAN I","CURP":"CUJG640103MMCLRN01","TRÁMITE Q":"ENAJENACIÓN DE DERECHOS PARCELARIOS. INSCRIPCIÓN.","FECHA DE A":"2001-04-16","TITULAR":"GENOVEVA FLORA CUELLAR JUAREZ"},"geometry":{"type":"Polygon","coordinates":[[[-99.176365,19.730183],[-99.17632,19.729298],[-99.176672,19.729372],[-99.176365,19.730183]]]}},{"type":"Feature","properties":{"PARCELA":"76 Z-4 P1/6","NÚCLEO AG":"SANTA BARBARA","TIPO NÚCL":"EJIDO","MUNICIPIO":"CUAUTITLÁN IZCALLI","ESTADO":"MÉXICO","SUP":"4252.349","TIPO DE PA":"PARCELAS INDIVIDUALES","CERTIFICAD":"373970","CALIDAD":"POSESIONARIO (A)","GENERO":"FEMENINO","FECHA DE N":"1964/01/03","DOMICILIO":"AV.PANTEON S/N, STA.BARBARA CUAUTITLAN I","CURP":"CUJG640103MMCLRN01","TRÁMITE Q":"ENAJENACIÓN DE DERECHOS PARCELARIOS. INSCRIPCIÓN.","FECHA DE A":"2001-04-16","TITULAR":"GENOVEVA FLORA CUELLAR JUAREZ"},"geometry":{"type":"Polygon","coordinates":[[[-99.176417,19.728441],[-99.176865,19.72847],[-99.176782,19.728773],[-99.17676,19.729073],[-99.176681,19.729336],[-99.176319,19.729261],[-99.176309,19.728999],[-99.176417,19.728441]]]}},{"type":"Feature","properties":{"PARCELA":"106 Z-5 P1/6","NÚCLEO AG":"SANTA BARBARA","TIPO NÚCL":"EJIDO","MUNICIPIO":"CUAUTITLÁN IZCALLI","ESTADO":"MÉXICO","SUP":"8276.596","TIPO DE PA":"PARCELAS INDIVIDUALES","CERTIFICAD":"373971","CALIDAD":"POSESIONARIO (A)","GENERO":"FEMENINO","FECHA DE N":"1966/11/09","DOMICILIO":"SN VICENTE S/N,STA. BARBARA CUAUTITLAN I","CURP":"CUJC661109MMCLRR04","TRÁMITE Q":"ENAJENACIÓN DE DERECHOS PARCELARIOS. INSCRIPCIÓN.","FECHA DE A":"2001-04-16","TITULAR":"MA. DEL CARMEN CUELLAR JUAREZ"},"geometry":{"type":"Polygon","coordinates":[[[-99.175957,19.727124],[-99.176519,19.727197],[-99.176221,19.729013],[-99.176223,19.72923],[-99.176061,19.729188],[-99.175957,19.727124]]]}},{"type":"Feature","properties":{"PARCELA":"112 Z-6 P1/6","NÚCLEO AG":"SANTA BARBARA","TIPO NÚCL":"EJIDO","MUNICIPIO":"CUAUTITLÁN IZCALLI","ESTADO":"MÉXICO","SUP":"14130.496","TIPO DE PA":"PARCELAS INDIVIDUALES","CERTIFICAD":"1084289","CALIDAD":"EJIDATARIO (A)","GENERO":"FEMENINO","FECHA DE N":"1967/03/13","DOMICILIO":"PBLO SANTA BARBARA, CUAUTITLAN IZCALLI","CURP":"MAZM670313MMCRR09","TRÁMITE Q":"INSCRIPCION DE SENTENCIAS","FECHA DE A":"2021-05-31","TITULAR":"MA DE LOS ANGELES MARTINEZ ZURIAGA"},"geometry":{"type":"Polygon","coordinates":[[[-99.17292,19.728229],[-99.175716,19.72847],[-99.175744,19.729131],[-99.172887,19.728429],[-99.17292,19.728229]]]}},{"type":"Feature","properties":{"PARCELA":"113 Z-6 P1/6","NÚCLEO AG":"SANTA BARBARA","TIPO NÚCL":"EJIDO","MUNICIPIO":"CUAUTITLÁN IZCALLI","ESTADO":"MÉXICO","SUP":"12977.301","TIPO DE PA":"PARCELAS INDIVIDUALES","CERTIFICAD":"76318","CALIDAD":"EJIDATARIO (A)","GENERO":"MASCULINO","FECHA DE N":"1935/04/04","DOMICILIO":"16 DE SEPT. STA. MA. HUECATITLA, MEXICO","TRÁMITE Q":"ACUERDO DE ASAMBLEA DE LA DELIMITACIÓN, DESTINO Y ASIGNACIÓN DE LAS TIERRAS EJIDALES O COMUNALES. INSCRIPCIÓN.","FECHA DE A":"1994-11-13","TITULAR":"J. ENCARNACION RAMIREZ MORLA"},"geometry":{"type":"Polygon","coordinates":[[[-99.17292,19.728229],[-99.173004,19.727806],[-99.175695,19.728084],[-99.175716,19.72847],[-99.17292,19.728229]]]}},{"type":"Feature","properties":{"PARCELA":"115 Z-6 P1/6","NÚCLEO AG":"SANTA BARBARA","TIPO NÚCL":"EJIDO","MUNICIPIO":"CUAUTITLÁN IZCALLI","ESTADO":"MÉXICO","SUP":"13417.853","TIPO DE PA":"PARCELAS INDIVIDUALES","CERTIFICAD":"350291","CALIDAD":"EJIDATARIO (A)","GENERO":"MASCULINO","FECHA DE N":"1954/03/13","DOMICILIO":"CONOC. STA.BARBARA CUAUTITLAN IZC. MEX.","TRÁMITE Q":"INSCRIPCION DE SENTENCIAS","FECHA DE A":"1999-06-29","TITULAR":"RODRIGO SANCHEZ LOPEZ"},"geometry":{"type":"Polygon","coordinates":[[[-99.173004,19.727806],[-99.173077,19.727383],[-99.17568,19.727639],[-99.175695,19.728084],[-99.173004,19.727806]]]}},{"type":"Feature","properties":{"PARCELA":"117 Z-6 P1/6","NÚCLEO AG":"SANTA BARBARA","TIPO NÚCL":"EJIDO","MUNICIPIO":"CUAUTITLÁN IZCALLI","ESTADO":"MÉXICO","SUP":"13247.183","TIPO DE PA":"PARCELAS INDIVIDUALES","CERTIFICAD":"76271","CALIDAD":"EJIDATARIO (A)","GENERO":"FEMENINO","FECHA DE N":"1957/01/15","DOMICILIO":"CONOCIDO, SANTA BARBARA, MEXICO","CURP":"SASR570115MMCLLS09","TRÁMITE Q":"ACUERDO DE ASAMBLEA DE LA DELIMITACIÓN, DESTINO Y ASIGNACIÓN DE LAS TIERRAS EJIDALES O COMUNALES. INSCRIPCIÓN.","FECHA DE A":"1994-11-13","TITULAR":"ROSA MARIA SALGADO SALGADO"},"geometry":{"type":"Polygon","coordinates":[[[-99.173077,19.727383],[-99.173164,19.726931],[-99.175653,19.7272],[-99.17568,19.727639],[-99.173077,19.727383]]]}},{"type":"Feature","properties":{"PARCELA":"118 Z-6 P1/6","NÚCLEO AG":"SANTA BARBARA","TIPO NÚCL":"EJIDO","MUNICIPIO":"CUAUTITLÁN IZCALLI","ESTADO":"MÉXICO","SUP":"12477.76","TIPO DE PA":"PARCELAS INDIVIDUALES","CERTIFICAD":"1012490","CALIDAD":"EJIDATARIO (A)","GENERO":"FEMENINO","FECHA DE N":"1936/08/28","DOMICILIO":"CUAUTITLAN IZCALLI, MEXICO.","TRÁMITE Q":"TRANSMISIÓN DE DERECHOS POR SUCESIÓN. INSCRIPCIÓN.","FECHA DE A":"1994-11-13","TITULAR":"AGUSTINA ALVAREZ JIMENEZ"},"geometry":{"type":"Polygon","coordinates":[[[-99.173164,19.726931],[-99.173247,19.726506],[-99.175636,19.726751],[-99.175653,19.7272],[-99.173164,19.726931]]]}},{"type":"Feature","properties":{"PARCELA":"120 Z-6 P1/6","NÚCLEO AG":"SANTA BARBARA","TIPO NÚCL":"EJIDO","MUNICIPIO":"CUAUTITLÁN IZCALLI","ESTADO":"MÉXICO","SUP":"12071.185","TIPO DE PA":"PARCELAS INDIVIDUALES","CERTIFICAD":"534210","CALIDAD":"EJIDATARIO (A)","GENERO":"MASCULINO","FECHA DE N":"1986/08/30","DOMICILIO":"C. PUEBLA #4, CUAUTITLAN IZCALLI, MEXICO","CURP":"ZUBA860830HMCRCL08","TRÁMITE Q":"INSCRIPCION DE SENTENCIAS","FECHA DE A":"2009-01-26","TITULAR":"ALBERTO ANGEL ZURIAGA BECERRIL"},"geometry":{"type":"Polygon","coordinates":[[[-99.173247,19.726506],[-99.173345,19.726078],[-99.175628,19.726297],[-99.175636,19.726751],[-99.173247,19.726506]]]}},{"type":"Feature","properties":{"PARCELA":"121 Z-6 P1/6","NÚCLEO AG":"SANTA BARBARA","TIPO NÚCL":"EJIDO","MUNICIPIO":"CUAUTITLÁN IZCALLI","ESTADO":"MÉXICO","SUP":"12646.131","TIPO DE PA":"PARCELAS INDIVIDUALES","CERTIFICAD":"580960","CALIDAD":"EJIDATARIO (A)","GENERO":"FEMENINO","FECHA DE N":"1951/04/11","DOMICILIO":"PBLO DE SANTA BARBARA, CUAUTITLAN IZCALL","TRÁMITE Q":"INSCRIPCION DE SENTENCIAS","FECHA DE A":"2015-03-25","TITULAR":"YOLANDA MORLAN ROMERO"},"geometry":{"type":"Polygon","coordinates":[[[-99.173345,19.726078],[-99.173437,19.725587],[-99.175607,19.725816],[-99.175628,19.726297],[-99.173345,19.726078]]]}},{"type":"Feature","properties":{"PARCELA":"123 Z-6 P1/6","NÚCLEO AG":"SANTA BARBARA","TIPO NÚCL":"EJIDO","MUNICIPIO":"CUAUTITLÁN IZCALLI","ESTADO":"MÉXICO","SUP":"13633.525","TIPO DE PA":"PARCELAS INDIVIDUALES","CERTIFICAD":"1076048","CALIDAD":"EJIDATARIO (A)","GENERO":"FEMENINO","FECHA DE N":"1957/08/23","DOMICILIO":"AV NAVARRETE 1 PBLO DE SANTA BARBARA 54713 CUAUTITLAN IZCALLI MÉXICO","TRÁMITE Q":"TRANSMISIÓN DE DERECHOS POR SUCESIÓN. INSCRIPCIÓN.","FECHA DE A":"1998-09-29","TITULAR":"FELIPA ADRIANA SALGADO GOMEZ"},"geometry":{"type":"Polygon","coordinates":[[[-99.173437,19.725587],[-99.173537,19.72504],[-99.175581,19.725256],[-99.175607,19.725816],[-99.173437,19.725587]]]}},{"type":"Feature","properties":{"PARCELA":"125 Z-6 P1/6","NÚCLEO AG":"SANTA BARBARA","TIPO NÚCL":"EJIDO","MUNICIPIO":"CUAUTITLÁN IZCALLI","ESTADO":"MÉXICO","SUP":"12976.535","TIPO DE PA":"PARCELAS INDIVIDUALES","CERTIFICAD":"1042678","CALIDAD":"EJIDATARIO (A)","GENERO":"MASCULINO","FECHA DE N":"1963/01/15","DOMICILIO":"CDA MACOLO S/N, PBLO SANTA MARIA HEUCATITLA, CUAUTITLAN, MEXICO","TRÁMITE Q":"TRANSMISIÓN DE DERECHOS POR SUCESIÓN. INSCRIPCIÓN.","FECHA DE A":"2014-06-03","TITULAR":"MAURO VILLARREAL RESENDIZ"},"geometry":{"type":"Polygon","coordinates":[[[-99.173537,19.72504],[-99.173607,19.724646],[-99.173694,19.724495],[-99.175551,19.72468],[-99.175581,19.725256],[-99.173537,19.72504]]]}},{"type":"Feature","properties":{"PARCELA":"127 Z-6 P1/6","NÚCLEO AG":"SANTA BARBARA","TIPO NÚCL":"EJIDO","MUNICIPIO":"CUAUTITLÁN IZCALLI","ESTADO":"MÉXICO","SUP":"12191.37","TIPO DE PA":"PARCELAS INDIVIDUALES","CERTIFICAD":"76316","CALIDAD":"EJIDATARIO (A)","GENERO":"MASCULINO","FECHA DE N":"1957/11/22","DOMICILIO":"16 DE SEPT. STA. MA. HUECATITLA, MEXICO","TRÁMITE Q":"ACUERDO DE ASAMBLEA DE LA DELIMITACIÓN, DESTINO Y ASIGNACIÓN DE LAS TIERRAS EJIDALES O COMUNALES. INSCRIPCIÓN.","FECHA DE A":"1994-11-13","TITULAR":"VICTOR RESENDIS BACA"},"geometry":{"type":"Polygon","coordinates":[[[-99.173694,19.724495],[-99.173798,19.724239],[-99.173892,19.723892],[-99.175516,19.724086],[-99.175551,19.72468],[-99.173694,19.724495]]]}},{"type":"Feature","properties":{"PARCELA":"128 Z-6 P1/6","NÚCLEO AG":"SANTA BARBARA","TIPO NÚCL":"EJIDO","MUNICIPIO":"CUAUTITLÁN IZCALLI","ESTADO":"MÉXICO","SUP":"12666.175","TIPO DE PA":"PARCELAS INDIVIDUALES","CERTIFICAD":"260474","CALIDAD":"EJIDATARIO (A)","GENERO":"MASCULINO","FECHA DE N":"1972/03/04","DOMICILIO":"CONOCIDO, SANTA BARBARA, MEXICO","CURP":"PECM720304HMCRSN02","TRÁMITE Q":"ACUERDO DE ASAMBLEA DE LA DELIMITACIÓN, DESTINO Y ASIGNACIÓN DE LAS TIERRAS EJIDALES O COMUNALES. INSCRIPCIÓN.","FECHA DE A":"1994-11-13","TITULAR":"JOSE MANUEL PRESTADO CASILLAS"},"geometry":{"type":"Polygon","coordinates":[[[-99.173892,19.723892],[-99.174054,19.723184],[-99.17548,19.723379],[-99.175516,19.724086],[-99.173892,19.723892]]]}},{"type":"Feature","properties":{"PARCELA":"131 Z-6 P1/6","NÚCLEO AG":"SANTA BARBARA","TIPO NÚCL":"EJIDO","MUNICIPIO":"CUAUTITLÁN IZCALLI","ESTADO":"MÉXICO","SUP":"11595.975","TIPO DE PA":"PARCELA A FAVOR DEL NUCLEO","TRÁMITE Q":"ACUERDO DE ASAMBLEA DE  ASIGNACIÓN DE DERECHOS Y SOLARES","FECHA DE A":"2008-04-28"},"geometry":{"type":"Polygon","coordinates":[[[-99.174054,19.723184],[-99.174095,19.722854],[-99.174017,19.722502],[-99.175446,19.722624],[-99.17548,19.723379],[-99.174054,19.723184]]]}},{"type":"Feature","properties":{"PARCELA":"133 Z-6 P1/6","NÚCLEO AG":"SANTA BARBARA","TIPO NÚCL":"EJIDO","MUNICIPIO":"CUAUTITLÁN IZCALLI","ESTADO":"MÉXICO","SUP":"13068.97","TIPO DE PA":"PARCELA A FAVOR DEL NUCLEO","TRÁMITE Q":"ACUERDO DE ASAMBLEA DE  ASIGNACIÓN DE DERECHOS Y SOLARES","FECHA DE A":"2008-04-28"},"geometry":{"type":"Polygon","coordinates":[[[-99.174017,19.722502],[-99.173841,19.721742],[-99.175411,19.721866],[-99.175446,19.722624],[-99.174017,19.722502]]]}},{"type":"Feature","properties":{"PARCELA":"134 Z-6 P1/6","NÚCLEO AG":"SANTA BARBARA","TIPO NÚCL":"EJIDO","MUNICIPIO":"CUAUTITLÁN IZCALLI","ESTADO":"MÉXICO","SUP":"9768.63","TIPO DE PA":"PARCELAS INDIVIDUALES","CERTIFICAD":"1073770","CALIDAD":"EJIDATARIO (A)","GENERO":"MASCULINO","FECHA DE N":"1974/04/19","DOMICILIO":"C. ARBOLEDAS 3, SANTA BARBARA, MEXICO","CURP":"TOAA740419HMCRNL03","TRÁMITE Q":"ENAJENACIÓN DE DERECHOS PARCELARIOS. INSCRIPCIÓN.","FECHA DE A":"2010-11-22","TITULAR":"ALEJANDRO TORRES ANGELES"},"geometry":{"type":"Polygon","coordinates":[[[-99.173841,19.721742],[-99.173828,19.721689],[-99.173914,19.721158],[-99.175387,19.721355],[-99.175411,19.721866],[-99.173841,19.721742]]]}},{"type":"Feature","properties":{"PARCELA":"136 Z-6 P1/6","NÚCLEO AG":"SANTA BARBARA","TIPO NÚCL":"EJIDO","MUNICIPIO":"CUAUTITLÁN IZCALLI","ESTADO":"MÉXICO","SUP":"3576.776","TIPO DE PA":"PARCELAS INDIVIDUALES","CERTIFICAD":"76261","CALIDAD":"EJIDATARIO (A)","GENERO":"MASCULINO","FECHA DE N":"1949/02/25","DOMICILIO":"CONOCIDO, EJIDO SAN JOSE, MEXICO","CURP":"MORR490225HMCRMB08","TRÁMITE Q":"ACUERDO DE ASAMBLEA DE LA DELIMITACIÓN, DESTINO Y ASIGNACIÓN DE LAS TIERRAS EJIDALES O COMUNALES. INSCRIPCIÓN.","FECHA DE A":"1994-11-13","TITULAR":"ROBERTO MORLAN ROMERO"},"geometry":{"type":"Polygon","coordinates":[[[-99.173914,19.721158],[-99.173946,19.720953],[-99.175374,19.721138],[-99.175387,19.721355],[-99.173914,19.721158]]]}},{"type":"Feature","properties":{"PARCELA":"137 Z-6 P1/6","NÚCLEO AG":"SANTA BARBARA","TIPO NÚCL":"EJIDO","MUNICIPIO":"CUAUTITLÁN IZCALLI","ESTADO":"MÉXICO","SUP":"12476.894","TIPO DE PA":"PARCELAS INDIVIDUALES","CERTIFICAD":"76339","CALIDAD":"EJIDATARIO (A)","GENERO":"FEMENINO","FECHA DE N":"1934/05/04","DOMICILIO":"CONOCIDO, STA. BARBARA, MEXICO","CURP":"SALA340504MMCNPS09","TRÁMITE Q":"ACUERDO DE ASAMBLEA DE LA DELIMITACIÓN, DESTINO Y ASIGNACIÓN DE LAS TIERRAS EJIDALES O COMUNALES. INSCRIPCIÓN.","FECHA DE A":"1994-11-13","TITULAR":"MARIA ASCENCION SANCHEZ LOPEZ"},"geometry":{"type":"Polygon","coordinates":[[[-99.173946,19.720953],[-99.174062,19.7202],[-99.175339,19.720309],[-99.175374,19.721138],[-99.173946,19.720953]]]}},{"type":"Feature","properties":{"PARCELA":"139 Z-6 P1/6","NÚCLEO AG":"SANTA BARBARA","TIPO NÚCL":"EJIDO","MUNICIPIO":"CUAUTITLÁN IZCALLI","ESTADO":"MÉXICO","SUP":"8028.528","TIPO DE PA":"PARCELAS INDIVIDUALES","CERTIFICAD":"1013458","CALIDAD":"EJIDATARIO (A)","GENERO":"FEMENINO","FECHA DE N":"1959/04/07","DOMICILIO":"CUAUTITLAN IZCALLI, MEXICO.","TRÁMITE Q":"TRANSMISIÓN DE DERECHOS POR SUCESIÓN. INSCRIPCIÓN.","FECHA DE A":"1994-11-13","TITULAR":"SILVIA TALONIA HERNANDEZ"},"geometry":{"type":"Polygon","coordinates":[[[-99.174062,19.7202],[-99.17419,19.719388],[-99.174983,19.71986],[-99.17532,19.719878],[-99.175339,19.720309],[-99.174062,19.7202]]]}},{"type":"Feature","properties":{"PARCELA":"141 Z-6 P1/6","NÚCLEO AG":"SANTA BARBARA","TIPO NÚCL":"EJIDO","MUNICIPIO":"CUAUTITLÁN IZCALLI","ESTADO":"MÉXICO","SUP":"1803.495","TIPO DE PA":"PARCELA A FAVOR DEL NUCLEO","TRÁMITE Q":"ACUERDO DE ASAMBLEA DE  ASIGNACIÓN DE DERECHOS Y SOLARES","FECHA DE A":"2008-05-21"},"geometry":{"type":"Polygon","coordinates":[[[-99.174184,19.7193],[-99.174184,19.719239],[-99.175282,19.719194],[-99.175289,19.719415],[-99.174184,19.7193]]]}},{"type":"Feature","properties":{"PARCELA":"142 Z-6 P1/6","NÚCLEO AG":"SANTA BARBARA","TIPO NÚCL":"EJIDO","MUNICIPIO":"CUAUTITLÁN IZCALLI","ESTADO":"MÉXICO","SUP":"14366.957","TIPO DE PA":"PARCELAS INDIVIDUALES","CERTIFICAD":"76269","CALIDAD":"EJIDATARIO (A)","GENERO":"MASCULINO","FECHA DE N":"1950/09/02","DOMICILIO":"CONOCIDO, SANTA BARBARA, MEXICO","CURP":"OESE500902HMCLNS05","TRÁMITE Q":"ACUERDO DE ASAMBLEA DE LA DELIMITACIÓN, DESTINO Y ASIGNACIÓN DE LAS TIERRAS EJIDALES O COMUNALES. INSCRIPCIÓN.","FECHA DE A":"1994-11-13","TITULAR":"ESTEBAN OLMEDO SANCHEZ"},"geometry":{"type":"Polygon","coordinates":[[[-99.172924,19.718706],[-99.175259,19.718701],[-99.175282,19.719194],[-99.174184,19.719239],[-99.174184,19.7193],[-99.172865,19.719161],[-99.172924,19.718706]]]}},{"type":"Feature","properties":{"PARCELA":"143 Z-6 P1/6","NÚCLEO AG":"SANTA BARBARA","TIPO NÚCL":"EJIDO","MUNICIPIO":"CUAUTITLÁN IZCALLI","ESTADO":"MÉXICO","SUP":"11664.093","TIPO DE PA":"PARCELA A FAVOR DEL NUCLEO","TRÁMITE Q":"ACUERDO DE ASAMBLEA DE  ASIGNACIÓN DE DERECHOS Y SOLARES","FECHA DE A":"2008-05-23"},"geometry":{"type":"Polygon","coordinates":[[[-99.172981,19.718274],[-99.17523,19.718256],[-99.175259,19.718701],[-99.172924,19.718706],[-99.172981,19.718274]]]}},{"type":"Feature","properties":{"PARCELA":"144 Z-6 P1/6","NÚCLEO AG":"SANTA BARBARA","TIPO NÚCL":"EJIDO","MUNICIPIO":"CUAUTITLÁN IZCALLI","ESTADO":"MÉXICO","SUP":"13029.365","TIPO DE PA":"PARCELAS INDIVIDUALES","CERTIFICAD":"1004675","CALIDAD":"EJIDATARIO (A)","GENERO":"FEMENINO","FECHA DE N":"1947/06/28","DOMICILIO":"CON.LA MORA S/N,STA.BARBARA,CUAUTITLAN","CURP":"VENI470628MMCGRR05","TRÁMITE Q":"TRANSMISIÓN DE DERECHOS POR SUCESIÓN. INSCRIPCIÓN.","FECHA DE A":"1994-11-13","TITULAR":"IRENE VEGA NORIEGA"},"geometry":{"type":"Polygon","coordinates":[[[-99.173088,19.717743],[-99.175205,19.717759],[-99.17523,19.718256],[-99.172981,19.718274],[-99.173088,19.717743]]]}},{"type":"Feature","properties":{"PARCELA":"145 Z-6 P1/6","NÚCLEO AG":"SANTA BARBARA","TIPO NÚCL":"EJIDO","MUNICIPIO":"CUAUTITLÁN IZCALLI","ESTADO":"MÉXICO","SUP":"14230.938","TIPO DE PA":"PARCELAS INDIVIDUALES","CERTIFICAD":"1075996","CALIDAD":"EJIDATARIO (A)","GENERO":"FEMENINO","FECHA DE N":"1957/09/29","DOMICILIO":"MARIANO NAVARRETE PBLO SANTA BARBARA 54713 CUAUTITLAN IZACLLI MÉXICO","TRÁMITE Q":"TRANSMISIÓN DE DERECHOS POR SUCESIÓN. INSCRIPCIÓN.","FECHA DE A":"2006-02-24","TITULAR":"GUDELIA MORLAN SANDOVAL"},"geometry":{"type":"Polygon","coordinates":[[[-99.173088,19.717743],[-99.173215,19.717132],[-99.17518,19.71717],[-99.175205,19.717759],[-99.173088,19.717743]]]}},{"type":"Feature","properties":{"PARCELA":"147 Z-6 P1/6","NÚCLEO AG":"SANTA BARBARA","TIPO NÚCL":"EJIDO","MUNICIPIO":"CUAUTITLÁN IZCALLI","ESTADO":"MÉXICO","SUP":"12600.488","TIPO DE PA":"PARCELA A FAVOR DEL NUCLEO","TRÁMITE Q":"ACUERDO DE ASAMBLEA DE  ASIGNACIÓN DE DERECHOS Y SOLARES","FECHA DE A":"2008-05-04"},"geometry":{"type":"Polygon","coordinates":[[[-99.173327,19.716526],[-99.173525,19.715883],[-99.175132,19.715965],[-99.175153,19.71658],[-99.173327,19.716526]]]}},{"type":"Feature","properties":{"PARCELA":"1548 Z1 P2/4","NÚCLEO AG":"COYOTEPEC","TIPO NÚCL":"EJIDO","MUNICIPIO":"COYOTEPEC","ESTADO":"MÉXICO","SUP":"7243.006","TIPO DE PA":"PARCELAS INDIVIDUALES","CERTIFICAD":"501937","CALIDAD":"POSESIONARIO (A)","GENERO":"FEMENINO","FECHA DE N":"1965/11/06","DOMICILIO":"CON., SAN JUAN, COYOTEPEC, MEXICO","CURP":"OECL651106MMCRRN06","TRÁMITE Q":"ACUERDO DE ASAMBLEA DE LA DELIMITACIÓN, DESTINO Y ASIGNACIÓN DE LAS TIERRAS EJIDALES O COMUNALES. INSCRIPCIÓN.","FECHA DE A":"2006-11-05","TITULAR":"LEONOR ORTEGA CRUZ"},"geometry":{"type":"Polygon","coordinates":[[[-99.194122,19.812119],[-99.195643,19.811824],[-99.195754,19.812222],[-99.194621,19.812525],[-99.194122,19.812119]]]}},{"type":"Feature","properties":{"PARCELA":"1549 Z1 P2/4","NÚCLEO AG":"COYOTEPEC","TIPO NÚCL":"EJIDO","MUNICIPIO":"COYOTEPEC","ESTADO":"MÉXICO","SUP":"7756.659","TIPO DE PA":"PARCELAS INDIVIDUALES","CERTIFICAD":"1078966","CALIDAD":"POSESIONARIO (A)","GENERO":"FEMENINO","FECHA DE N":"1923/09/14","DOMICILIO":"AV HIDALGO NORTE, BARR SAN JUAN, COYOTEPEC.","CURP":"CIVJ230914MMCRRN06","TRÁMITE Q":"INSCRIPCION DE SENTENCIAS","FECHA DE A":"2018-08-27","TITULAR":"MARIA CRUZ CRISTOBAL VARGAS"},"geometry":{"type":"Polygon","coordinates":[[[-99.194038,19.811728],[-99.195507,19.81137],[-99.195631,19.811768],[-99.195643,19.811824],[-99.194122,19.812119],[-99.194038,19.811728]]]}},{"type":"Feature","properties":{"PARCELA":"1550 Z1 P2/4","NÚCLEO AG":"COYOTEPEC","TIPO NÚCL":"EJIDO","MUNICIPIO":"COYOTEPEC","ESTADO":"MÉXICO","SUP":"7524.167","TIPO DE PA":"PARCELAS INDIVIDUALES","CERTIFICAD":"544961","CALIDAD":"EJIDATARIO (A)","GENERO":"MASCULINO","FECHA DE N":"1956/06/14","DOMICILIO":"CON BARR REYES, COYOTEPEC, MEXICO.","TRÁMITE Q":"TRANSMISIÓN DE DERECHOS POR SUCESIÓN. INSCRIPCIÓN.","FECHA DE A":"1991-12-13","TITULAR":"ELISEO CONTRERAS MENDOZA"},"geometry":{"type":"Polygon","coordinates":[[[-99.193928,19.811301],[-99.195412,19.810965],[-99.195488,19.811324],[-99.195507,19.81137],[-99.194038,19.811728],[-99.193928,19.811301]]]}},{"type":"Feature","properties":{"PARCELA":"1551 Z1 P2/4","NÚCLEO AG":"COYOTEPEC","TIPO NÚCL":"EJIDO","MUNICIPIO":"COYOTEPEC","ESTADO":"MÉXICO","SUP":"7798.559","TIPO DE PA":"PARCELAS INDIVIDUALES","CERTIFICAD":"1006257","CALIDAD":"EJIDATARIO (A)","GENERO":"MASCULINO","FECHA DE N":"1958/07/18","DOMICILIO":"COYOTEPEC, MEXICO","TRÁMITE Q":"TRANSMISIÓN DE DERECHOS POR SUCESIÓN. INSCRIPCIÓN.","FECHA DE A":"2006-11-05","TITULAR":"FEDERICO PINEDA MELENDEZ"},"geometry":{"type":"Polygon","coordinates":[[[-99.193808,19.810877],[-99.195294,19.810542],[-99.195405,19.81088],[-99.195412,19.810965],[-99.193928,19.811301],[-99.193808,19.810877]]]}},{"type":"Feature","properties":{"PARCELA":"1552 Z1 P2","NÚCLEO AG":"COYOTEPEC","TIPO NÚCL":"EJIDO","MUNICIPIO":"COYOTEPEC","ESTADO":"MÉXICO","SUP":"9645.39","TIPO DE PA":"PARCELAS INDIVIDUALES","CERTIFICAD":"580258","CALIDAD":"EJIDATARIO (A)","GENERO":"MASCULINO","FECHA DE N":"1957/08/03","DOMICILIO":"C FRANCISCO VILLA S/N BARR PUEBLO NUEVO,","TRÁMITE Q":"INSCRIPCION DE SENTENCIAS","FECHA DE A":"2014-06-18","TITULAR":"ESTEBAN ROJAS PIÑA"},"geometry":{"type":"Polygon","coordinates":[[[-99.193691,19.810342],[-99.195154,19.810007],[-99.19527,19.810443],[-99.195294,19.810542],[-99.193808,19.810877],[-99.193691,19.810342]]]}},{"type":"Feature","properties":{"PARCELA":"1553 Z1 P2/4","NÚCLEO AG":"COYOTEPEC","TIPO NÚCL":"EJIDO","MUNICIPIO":"COYOTEPEC","ESTADO":"MÉXICO","SUP":"3167.07","TIPO DE PA":"PARCELAS INDIVIDUALES","CERTIFICAD":"502881","CALIDAD":"EJIDATARIO (A)","GENERO":"FEMENINO","FECHA DE N":"1946/08/16","DOMICILIO":"CON., CABECERA, COYOTEPEC, MEXICO","TRÁMITE Q":"ACUERDO DE ASAMBLEA DE LA DELIMITACIÓN, DESTINO Y ASIGNACIÓN DE LAS TIERRAS EJIDALES O COMUNALES. INSCRIPCIÓN.","FECHA DE A":"2006-11-05","TITULAR":"ROQUE PALMA MEJIA"},"geometry":{"type":"Polygon","coordinates":[[[-99.193634,19.810188],[-99.1951,19.809815],[-99.195154,19.810007],[-99.193691,19.810342],[-99.193634,19.810188]]]}},{"type":"Feature","properties":{"PARCELA":"1554 Z1 P2/4","NÚCLEO AG":"COYOTEPEC","TIPO NÚCL":"EJIDO","MUNICIPIO":"COYOTEPEC","ESTADO":"MÉXICO","SUP":"4457.77","TIPO DE PA":"PARCELAS INDIVIDUALES","CERTIFICAD":"501935","CALIDAD":"POSESIONARIO (A)","GENERO":"MASCULINO","FECHA DE N":"1963/08/05","DOMICILIO":"CON., COYOTEPEC, MEXICO","CURP":"AUHO630805HMCGRS09","TRÁMITE Q":"ACUERDO DE ASAMBLEA DE LA DELIMITACIÓN, DESTINO Y ASIGNACIÓN DE LAS TIERRAS EJIDALES O COMUNALES. INSCRIPCIÓN.","FECHA DE A":"2006-11-05","TITULAR":"OSBALDO AGUILAR HERNANDEZ"},"geometry":{"type":"Polygon","coordinates":[[[-99.193566,19.809932],[-99.19503,19.809581],[-99.1951,19.809815],[-99.193634,19.810188],[-99.193566,19.809932]]]}},{"type":"Feature","properties":{"PARCELA":"1555 Z1 P2/4","NÚCLEO AG":"COYOTEPEC","TIPO NÚCL":"EJIDO","MUNICIPIO":"COYOTEPEC","ESTADO":"MÉXICO","SUP":"4021.236","TIPO DE PA":"PARCELAS INDIVIDUALES","CERTIFICAD":"501728","CALIDAD":"POSESIONARIO (A)","GENERO":"MASCULINO","FECHA DE N":"1959/03/08","DOMICILIO":"BO. REYES, COYOTEPEC, MEXICO","CURP":"AUHJ590308HMCGRN01","TRÁMITE Q":"ACUERDO DE ASAMBLEA DE LA DELIMITACIÓN, DESTINO Y ASIGNACIÓN DE LAS TIERRAS EJIDALES O COMUNALES. INSCRIPCIÓN.","FECHA DE A":"2006-11-05","TITULAR":"JUAN FILEMON AGUILAR HERNANDEZ"},"geometry":{"type":"Polygon","coordinates":[[[-99.19351,19.809702],[-99.194968,19.809363],[-99.19503,19.809581],[-99.193566,19.809932],[-99.19351,19.809702]]]}},{"type":"Feature","properties":{"PARCELA":"1556 Z1 P2/4","NÚCLEO AG":"COYOTEPEC","TIPO NÚCL":"EJIDO","MUNICIPIO":"COYOTEPEC","ESTADO":"MÉXICO","SUP":"7652.431","TIPO DE PA":"PARCELAS INDIVIDUALES","CERTIFICAD":"502136","CALIDAD":"EJIDATARIO (A)","GENERO":"MASCULINO","FECHA DE N":"1949/03/04","DOMICILIO":"CON., SAN JUAN, COYOTEPEC, MEXICO","CURP":"VESA490304HMCLLD00","TRÁMITE Q":"ACUERDO DE ASAMBLEA DE LA DELIMITACIÓN, DESTINO Y ASIGNACIÓN DE LAS TIERRAS EJIDALES O COMUNALES. INSCRIPCIÓN.","FECHA DE A":"2006-11-05","TITULAR":"ADRIAN VELAZQUEZ SOLANO"},"geometry":{"type":"Polygon","coordinates":[[[-99.193323,19.809057],[-99.194783,19.808714],[-99.194799,19.80877],[-99.194902,19.809147],[-99.193454,19.809473],[-99.193323,19.809057]]]}},{"type":"Feature","properties":{"PARCELA":"1557 Z1 P2/4","NÚCLEO AG":"COYOTEPEC","TIPO NÚCL":"EJIDO","MUNICIPIO":"COYOTEPEC","ESTADO":"MÉXICO","SUP":"8332.099","TIPO DE PA":"PARCELAS INDIVIDUALES","CERTIFICAD":"502661","CALIDAD":"EJIDATARIO (A)","GENERO":"MASCULINO","FECHA DE N":"1929/10/28","DOMICILIO":"BO. ACOCALCO, COYOTEPEC, MEXICO","CURP":"AOMS291028HMCSRM04","TRÁMITE Q":"ACUERDO DE ASAMBLEA DE LA DELIMITACIÓN, DESTINO Y ASIGNACIÓN DE LAS TIERRAS EJIDALES O COMUNALES. INSCRIPCIÓN.","FECHA DE A":"2006-11-05","TITULAR":"SIMON ASTORGA MARTINEZ"},"geometry":{"type":"Polygon","coordinates":[[[-99.193184,19.808595],[-99.194662,19.808258],[-99.194685,19.808344],[-99.194783,19.808714],[-99.193323,19.809057],[-99.193184,19.808595]]]}},{"type":"Feature","properties":{"PARCELA":"1558 Z1 P2/4","NÚCLEO AG":"COYOTEPEC","TIPO NÚCL":"EJIDO","MUNICIPIO":"COYOTEPEC","ESTADO":"MÉXICO","SUP":"7780.488","TIPO DE PA":"PARCELAS INDIVIDUALES","CERTIFICAD":"502049","CALIDAD":"POSESIONARIO (A)","GENERO":"MASCULINO","FECHA DE N":"1924/07/04","DOMICILIO":"BO. REYES, COYOTEPEC, MEXICO","TRÁMITE Q":"ACUERDO DE ASAMBLEA DE LA DELIMITACIÓN, DESTINO Y ASIGNACIÓN DE LAS TIERRAS EJIDALES O COMUNALES. INSCRIPCIÓN.","FECHA DE A":"2006-11-05","TITULAR":"OSEAS ASTORGA MARTINEZ"},"geometry":{"type":"Polygon","coordinates":[[[-99.193082,19.808172],[-99.194549,19.807825],[-99.194586,19.807882],[-99.194662,19.808258],[-99.193184,19.808595],[-99.193082,19.808172]]]}},{"type":"Feature","properties":{"PARCELA":"1559 Z1 P2/4","NÚCLEO AG":"COYOTEPEC","TIPO NÚCL":"EJIDO","MUNICIPIO":"COYOTEPEC","ESTADO":"MÉXICO","SUP":"8108.541","TIPO DE PA":"PARCELAS INDIVIDUALES","CERTIFICAD":"502359","CALIDAD":"POSESIONARIO (A)","GENERO":"MASCULINO","FECHA DE N":"1954/08/10","DOMICILIO":"CON., IXTAPACALCO, COYOTEPEC, MEXICO","TRÁMITE Q":"ACUERDO DE ASAMBLEA DE LA DELIMITACIÓN, DESTINO Y ASIGNACIÓN DE LAS TIERRAS EJIDALES O COMUNALES. INSCRIPCIÓN.","FECHA DE A":"2006-11-05","TITULAR":"LORENZO PEREZ DAMIAN"},"geometry":{"type":"Polygon","coordinates":[[[-99.192986,19.807703],[-99.194456,19.807385],[-99.194549,19.807825],[-99.193082,19.808172],[-99.192986,19.807703]]]}},{"type":"Feature","properties":{"PARCELA":"1560 Z1 P2/4","NÚCLEO AG":"COYOTEPEC","TIPO NÚCL":"EJIDO","MUNICIPIO":"COYOTEPEC","ESTADO":"MÉXICO","SUP":"7975.033","TIPO DE PA":"PARCELAS INDIVIDUALES","CERTIFICAD":"502034","CALIDAD":"POSESIONARIO (A)","GENERO":"MASCULINO","FECHA DE N":"1962/01/27","DOMICILIO":"CON., BO. SAN JUAN, COYOTEPEC, MEXICO","CURP":"AEGJ620127HMCRRN04","TRÁMITE Q":"ACUERDO DE ASAMBLEA DE LA DELIMITACIÓN, DESTINO Y ASIGNACIÓN DE LAS TIERRAS EJIDALES O COMUNALES. INSCRIPCIÓN.","FECHA DE A":"2006-11-05","TITULAR":"JUAN PEDRO ARREOLA GARAY"},"geometry":{"type":"Polygon","coordinates":[[[-99.192851,19.807268],[-99.194295,19.806942],[-99.194456,19.807385],[-99.192986,19.807703],[-99.192851,19.807268]]]}},{"type":"Feature","properties":{"PARCELA":"1563 Z1 P2/4","NÚCLEO AG":"COYOTEPEC","TIPO NÚCL":"EJIDO","MUNICIPIO":"COYOTEPEC","ESTADO":"MÉXICO","SUP":"7947.723","TIPO DE PA":"PARCELAS INDIVIDUALES","CERTIFICAD":"502223","CALIDAD":"POSESIONARIO (A)","GENERO":"MASCULINO","FECHA DE N":"1944/03/02","DOMICILIO":"CON., PUEBLO NUEVO, COYOTEPEC, MEXICO","CURP":"HEBC440302HMCRRR03","TRÁMITE Q":"ACUERDO DE ASAMBLEA DE LA DELIMITACIÓN, DESTINO Y ASIGNACIÓN DE LAS TIERRAS EJIDALES O COMUNALES. INSCRIPCIÓN.","FECHA DE A":"2006-11-05","TITULAR":"CARLOS HERNANDEZ BARRERA"},"geometry":{"type":"Polygon","coordinates":[[[-99.192483,19.805962],[-99.193936,19.805622],[-99.194067,19.80607],[-99.19263,19.806398],[-99.192483,19.805962]]]}},{"type":"Feature","properties":{"PARCELA":"1564 Z1 P2/4","NÚCLEO AG":"COYOTEPEC","TIPO NÚCL":"EJIDO","MUNICIPIO":"COYOTEPEC","ESTADO":"MÉXICO","SUP":"7999.872","TIPO DE PA":"PARCELAS INDIVIDUALES","CERTIFICAD":"503088","CALIDAD":"EJIDATARIO (A)","GENERO":"MASCULINO","FECHA DE N":"1925/07/24","DOMICILIO":"CON., SAN JUAN, COYOTEPEC, MEXICO","CURP":"CAMF250724HMCSRR08","TRÁMITE Q":"ACUERDO DE ASAMBLEA DE LA DELIMITACIÓN, DESTINO Y ASIGNACIÓN DE LAS TIERRAS EJIDALES O COMUNALES. INSCRIPCIÓN.","FECHA DE A":"2006-11-05","TITULAR":"FRANCISCO CASILDO MARTINEZ"},"geometry":{"type":"Polygon","coordinates":[[[-99.192345,19.805515],[-99.193802,19.805185],[-99.193881,19.805423],[-99.193936,19.805622],[-99.192483,19.805962],[-99.192345,19.805515]]]}},{"type":"Feature","properties":{"PARCELA":"1565 Z1 P2/4","NÚCLEO AG":"COYOTEPEC","TIPO NÚCL":"EJIDO","MUNICIPIO":"COYOTEPEC","ESTADO":"MÉXICO","SUP":"7775.999","TIPO DE PA":"PARCELAS INDIVIDUALES","CERTIFICAD":"503278","CALIDAD":"EJIDATARIO (A)","GENERO":"MASCULINO","FECHA DE N":"1909/02/04","DOMICILIO":"CON., S/N, STA. BARBARA, COYOTEPEC, MEX.","TRÁMITE Q":"ACUERDO DE ASAMBLEA DE LA DELIMITACIÓN, DESTINO Y ASIGNACIÓN DE LAS TIERRAS EJIDALES O COMUNALES. INSCRIPCIÓN.","FECHA DE A":"2006-11-05","TITULAR":"ANDRES GILBERTO PEREZ CRUZ"},"geometry":{"type":"Polygon","coordinates":[[[-99.192234,19.80507],[-99.19369,19.804759],[-99.193802,19.805185],[-99.192345,19.805515],[-99.192234,19.80507]]]}},{"type":"Feature","properties":{"PARCELA":"1566 Z1 P2/4","NÚCLEO AG":"COYOTEPEC","TIPO NÚCL":"EJIDO","MUNICIPIO":"COYOTEPEC","ESTADO":"MÉXICO","SUP":"7856.312","TIPO DE PA":"PARCELAS INDIVIDUALES","CERTIFICAD":"503331","CALIDAD":"EJIDATARIO (A)","GENERO":"FEMENINO","FECHA DE N":"1943/11/30","DOMICILIO":"AV. CHAPULTEPEC, REYES, COYOTEPEC, MEX.","CURP":"HEMF431130MMCRLL10","TRÁMITE Q":"ACUERDO DE ASAMBLEA DE LA DELIMITACIÓN, DESTINO Y ASIGNACIÓN DE LAS TIERRAS EJIDALES O COMUNALES. INSCRIPCIÓN.","FECHA DE A":"2006-11-05","TITULAR":"FELIZA HERNANDEZ MELENDEZ"},"geometry":{"type":"Polygon","coordinates":[[[-99.192128,19.80462],[-99.193555,19.804319],[-99.193631,19.804582],[-99.19369,19.804759],[-99.192234,19.80507],[-99.192128,19.80462]]]}},{"type":"Feature","properties":{"PARCELA":"1567 Z1 P2/4","NÚCLEO AG":"COYOTEPEC","TIPO NÚCL":"EJIDO","MUNICIPIO":"COYOTEPEC","ESTADO":"MÉXICO","SUP":"8136.795","TIPO DE PA":"PARCELAS INDIVIDUALES","CERTIFICAD":"1077306","CALIDAD":"EJIDATARIO (A)","GENERO":"MASCULINO","FECHA DE N":"1978/04/24","DOMICILIO":"C COLIMA 2 BARR SAN JUAN 54668 COYOTEPEC MEX","TRÁMITE Q":"TRANSMISIÓN DE DERECHOS POR SUCESIÓN. INSCRIPCIÓN.","FECHA DE A":"2018-03-01","TITULAR":"ALEJANDRO\t CASILLAS\t SOTO"},"geometry":{"type":"Polygon","coordinates":[[[-99.192002,19.804163],[-99.193436,19.803848],[-99.193477,19.804007],[-99.193555,19.804319],[-99.192128,19.80462],[-99.192002,19.804163]]]}},{"type":"Feature","properties":{"PARCELA":"1568 Z1 P2/4","NÚCLEO AG":"COYOTEPEC","TIPO NÚCL":"EJIDO","MUNICIPIO":"COYOTEPEC","ESTADO":"MÉXICO","SUP":"7299.709","TIPO DE PA":"PARCELAS INDIVIDUALES","CERTIFICAD":"502568","CALIDAD":"EJIDATARIO (A)","GENERO":"FEMENINO","FECHA DE N":"1925/03/03","DOMICILIO":"BO. CHAUTONCO, COYOTEPEC, MEXICO","CURP":"HEPJ250303MMCRNV02","TRÁMITE Q":"ACUERDO DE ASAMBLEA DE LA DELIMITACIÓN, DESTINO Y ASIGNACIÓN DE LAS TIERRAS EJIDALES O COMUNALES. INSCRIPCIÓN.","FECHA DE A":"2006-11-05","TITULAR":"JOVITA HERNANDEZ PINEDA"},"geometry":{"type":"Polygon","coordinates":[[[-99.191886,19.803753],[-99.193347,19.803434],[-99.193436,19.803848],[-99.192002,19.804163],[-99.191886,19.803753]]]}},{"type":"Feature","properties":{"PARCELA":"1569 Z1 P2/4","NÚCLEO AG":"COYOTEPEC","TIPO NÚCL":"EJIDO","MUNICIPIO":"COYOTEPEC","ESTADO":"MÉXICO","SUP":"8478.222","TIPO DE PA":"PARCELAS INDIVIDUALES","CERTIFICAD":"502882","CALIDAD":"EJIDATARIO (A)","GENERO":"MASCULINO","FECHA DE N":"1967/11/08","DOMICILIO":"CON., REYES, COYOTEPEC, MEXICO","CURP":"COPV671108HMCNXC04","TRÁMITE Q":"ACUERDO DE ASAMBLEA DE LA DELIMITACIÓN, DESTINO Y ASIGNACIÓN DE LAS TIERRAS EJIDALES O COMUNALES. INSCRIPCIÓN.","FECHA DE A":"2006-11-05","TITULAR":"VICTOR CONTRERAS PIÑA"},"geometry":{"type":"Polygon","coordinates":[[[-99.19175,19.803289],[-99.193214,19.802958],[-99.193347,19.803434],[-99.191886,19.803753],[-99.19175,19.803289]]]}},{"type":"Feature","properties":{"PARCELA":"1570 Z1 P2/4","NÚCLEO AG":"COYOTEPEC","TIPO NÚCL":"EJIDO","MUNICIPIO":"COYOTEPEC","ESTADO":"MÉXICO","SUP":"7866.202","TIPO DE PA":"PARCELAS INDIVIDUALES","CERTIFICAD":"1041826","CALIDAD":"EJIDATARIO (A)","GENERO":"MASCULINO","FECHA DE N":"1958/06/10","DOMICILIO":"BARR ACOCALCO, COYOTEPEC, MEXICO","TRÁMITE Q":"TRANSMISIÓN DE DERECHOS POR SUCESIÓN. INSCRIPCIÓN.","FECHA DE A":"2008-02-23","TITULAR":"MARGARITO PEDRO RODRIGUEZ IGLESIAS"},"geometry":{"type":"Polygon","coordinates":[[[-99.191606,19.802851],[-99.193094,19.802535],[-99.193214,19.802958],[-99.19175,19.803289],[-99.191606,19.802851]]]}},{"type":"Feature","properties":{"PARCELA":"1571 Z1 P2/4","NÚCLEO AG":"COYOTEPEC","TIPO NÚCL":"EJIDO","MUNICIPIO":"COYOTEPEC","ESTADO":"MÉXICO","SUP":"7174.557","TIPO DE PA":"PARCELAS INDIVIDUALES","CERTIFICAD":"501809","CALIDAD":"POSESIONARIO (A)","GENERO":"MASCULINO","FECHA DE N":"1932/06/26","DOMICILIO":"CON., BO. IXTAPALCALCO, COYOTEPEC, MEX.","CURP":"CADJ320626HMCRLN16","TRÁMITE Q":"ACUERDO DE ASAMBLEA DE LA DELIMITACIÓN, DESTINO Y ASIGNACIÓN DE LAS TIERRAS EJIDALES O COMUNALES. INSCRIPCIÓN.","FECHA DE A":"2006-11-05","TITULAR":"JUAN PABLO CARRANZA DOLORES"},"geometry":{"type":"Polygon","coordinates":[[[-99.1915,19.802456],[-99.192862,19.802152],[-99.193085,19.802419],[-99.193094,19.802535],[-99.191606,19.802851],[-99.1915,19.802456]]]}},{"type":"Feature","properties":{"PARCELA":"1572 Z1 P2/4","NÚCLEO AG":"COYOTEPEC","TIPO NÚCL":"EJIDO","MUNICIPIO":"COYOTEPEC","ESTADO":"MÉXICO","SUP":"8787.779","TIPO DE PA":"PARCELAS INDIVIDUALES","CERTIFICAD":"1051558","CALIDAD":"EJIDATARIO (A)","GENERO":"MASCULINO","FECHA DE N":"1971/12/13","DOMICILIO":"NIÑO PERDIDO S/N, BARR. COCALCO, COYOTEPEC, MEXICO","TRÁMITE Q":"TRANSMISIÓN DE DERECHOS POR SUCESIÓN. INSCRIPCIÓN.","FECHA DE A":"2008-02-22","TITULAR":"LUCIANO PASCUAL SANCHEZ"},"geometry":{"type":"Polygon","coordinates":[[[-99.191349,19.801893],[-99.192628,19.801639],[-99.192712,19.801884],[-99.192862,19.802152],[-99.1915,19.802456],[-99.191349,19.801893]]]}},{"type":"Feature","properties":{"PARCELA":"1574 Z1 P2/4","NÚCLEO AG":"COYOTEPEC","TIPO NÚCL":"EJIDO","MUNICIPIO":"COYOTEPEC","ESTADO":"MÉXICO","SUP":"1023.551","TIPO DE PA":"PARCELAS INDIVIDUALES","CERTIFICAD":"502373","CALIDAD":"POSESIONARIO (A)","GENERO":"MASCULINO","FECHA DE N":"1945/10/16","DOMICILIO":"BO. STA. BARBARA, COYOTEPEC, MEXICO","CURP":"LUMG451016HMCNNL04","TRÁMITE Q":"ACUERDO DE ASAMBLEA DE LA DELIMITACIÓN, DESTINO Y ASIGNACIÓN DE LAS TIERRAS EJIDALES O COMUNALES. INSCRIPCIÓN.","FECHA DE A":"2006-11-05","TITULAR":"GALO JAIME LUNA MONTOYA"},"geometry":{"type":"Polygon","coordinates":[[[-99.191043,19.800755],[-99.191579,19.801052],[-99.191147,19.801143],[-99.191043,19.800755]]]}},{"type":"Feature","properties":{"PARCELA":"146 Z-6 P1/6","NÚCLEO AG":"SANTA BARBARA","TIPO NÚCL":"EJIDO","MUNICIPIO":"CUAUTITLÁN IZCALLI","ESTADO":"MÉXICO","SUP":"13173.971","TIPO DE PA":"PARCELAS INDIVIDUALES CON DOMINIO PLENO","CALIDAD":"EJIDATARIO (A)","DOMICILIO":"CONOCIDO, STA. BARBARA, MEXICO","CURP":"SASJ361124MMCNRN02","TITULAR":"JUANA SANCHEZ SUAREZ"},"geometry":{"type":"Polygon","coordinates":[[[-99.173215,19.717132],[-99.173327,19.716526],[-99.175153,19.71658],[-99.17518,19.71717],[-99.173215,19.717132]]]}},{"type":"Feature","properties":{"PARCELA":"1704 Z1 P2/4","NÚCLEO AG":"COYOTEPEC","TIPO NÚCL":"EJIDO","MUNICIPIO":"COYOTEPEC","ESTADO":"MÉXICO","SUP":"9646.094","TIPO DE PA":"PARCELAS INDIVIDUALES","CERTIFICAD":"502978","CALIDAD":"EJIDATARIO (A)","GENERO":"MASCULINO","FECHA DE N":"1943/02/17","DOMICILIO":"CON., BO. ZIMAPAN, COYOTEPEC, MEXICO","TRÁMITE Q":"ACUERDO DE ASAMBLEA DE LA DELIMITACIÓN, DESTINO Y ASIGNACIÓN DE LAS TIERRAS EJIDALES O COMUNALES. INSCRIPCIÓN.","FECHA DE A":"2006-11-05","TITULAR":"TEODORO CANO PINO"},"geometry":{"type":"Polygon","coordinates":[[[-99.190544,19.798367],[-99.190408,19.797814],[-99.192065,19.79786],[-99.192018,19.798371],[-99.190544,19.798367]]]}},{"type":"Feature","properties":{"PARCELA":"1760 Z1 P2/4","NÚCLEO AG":"COYOTEPEC","TIPO NÚCL":"EJIDO","MUNICIPIO":"COYOTEPEC","ESTADO":"MÉXICO","SUP":"1125.125","TIPO DE PA":"PARCELAS INDIVIDUALES","CERTIFICAD":"501727","CALIDAD":"POSESIONARIO (A)","GENERO":"FEMENINO","FECHA DE N":"1955/05/13","DOMICILIO":"BO. IXTAPALCALCO, COYOTEPEC, MEXICO","CURP":"AACH550513MMCBSL00","TRÁMITE Q":"ACUERDO DE ASAMBLEA DE LA DELIMITACIÓN, DESTINO Y ASIGNACIÓN DE LAS TIERRAS EJIDALES O COMUNALES. INSCRIPCIÓN.","FECHA DE A":"2006-11-05","TITULAR":"HILDA ABAD CASAS"},"geometry":{"type":"Polygon","coordinates":[[[-99.188877,19.792788],[-99.189213,19.792892],[-99.189092,19.793252],[-99.189075,19.793499],[-99.188877,19.792788]]]}},{"type":"Feature","properties":{"PARCELA":"1761 Z1 P2/4","NÚCLEO AG":"COYOTEPEC","TIPO NÚCL":"EJIDO","MUNICIPIO":"COYOTEPEC","ESTADO":"MÉXICO","SUP":"11191.57","TIPO DE PA":"PARCELAS INDIVIDUALES","CERTIFICAD":"503209","CALIDAD":"EJIDATARIO (A)","GENERO":"MASCULINO","FECHA DE N":"1952/11/30","DOMICILIO":"CON., SANTA BARBARA, COYOTEPEC, MEXICO","CURP":"AACA521130HMCBSN07","TRÁMITE Q":"ACUERDO DE ASAMBLEA DE LA DELIMITACIÓN, DESTINO Y ASIGNACIÓN DE LAS TIERRAS EJIDALES O COMUNALES. INSCRIPCIÓN.","FECHA DE A":"2006-11-05","TITULAR":"ANDRES ABAD CASAS"},"geometry":{"type":"Polygon","coordinates":[[[-99.188877,19.792788],[-99.188516,19.791496],[-99.189593,19.791619],[-99.189594,19.791663],[-99.189538,19.792096],[-99.189213,19.792892],[-99.188877,19.792788]]]}},{"type":"Feature","properties":{"PARCELA":"1762 Z1 P2/4","NÚCLEO AG":"COYOTEPEC","TIPO NÚCL":"EJIDO","MUNICIPIO":"COYOTEPEC","ESTADO":"MÉXICO","SUP":"11439.6","TIPO DE PA":"PARCELAS INDIVIDUALES","CERTIFICAD":"503018","CALIDAD":"EJIDATARIO (A)","GENERO":"MASCULINO","FECHA DE N":"1925/03/01","DOMICILIO":"CON., BO. ZIMAPAN, COYOTEPEC, MEXICO","CURP":"CAZM250301HMCRBG09","TRÁMITE Q":"ACUERDO DE ASAMBLEA DE LA DELIMITACIÓN, DESTINO Y ASIGNACIÓN DE LAS TIERRAS EJIDALES O COMUNALES. INSCRIPCIÓN.","FECHA DE A":"2006-11-05","TITULAR":"MIGUEL CARRANZA ZABALA"},"geometry":{"type":"Polygon","coordinates":[[[-99.188516,19.791496],[-99.188308,19.790707],[-99.188507,19.790677],[-99.189714,19.790879],[-99.189682,19.791167],[-99.189593,19.791619],[-99.188516,19.791496]]]}},{"type":"Feature","properties":{"PARCELA":"1764 Z1 P2/4","NÚCLEO AG":"COYOTEPEC","TIPO NÚCL":"EJIDO","MUNICIPIO":"COYOTEPEC","ESTADO":"MÉXICO","SUP":"1298.241","TIPO DE PA":"PARCELAS INDIVIDUALES","CERTIFICAD":"502872","CALIDAD":"EJIDATARIO (A)","GENERO":"MASCULINO","FECHA DE N":"1969/01/29","DOMICILIO":"CON., STA. BARBARA, COYOTEPEC, MEXICO","TRÁMITE Q":"ACUERDO DE ASAMBLEA DE LA DELIMITACIÓN, DESTINO Y ASIGNACIÓN DE LAS TIERRAS EJIDALES O COMUNALES. INSCRIPCIÓN.","FECHA DE A":"2006-11-05","TITULAR":"FRANCISCO MENDOZA PIÑA"},"geometry":{"type":"Polygon","coordinates":[[[-99.188331,19.790132],[-99.188507,19.790677],[-99.188308,19.790707],[-99.188141,19.79011],[-99.188331,19.790132]]]}},{"type":"Feature","properties":{"PARCELA":"1769 Z1 P2/4","NÚCLEO AG":"COYOTEPEC","TIPO NÚCL":"EJIDO","MUNICIPIO":"COYOTEPEC","ESTADO":"MÉXICO","SUP":"12881.092","TIPO DE PA":"PARCELAS INDIVIDUALES","CERTIFICAD":"502873","CALIDAD":"EJIDATARIO (A)","GENERO":"MASCULINO","FECHA DE N":"1969/01/29","DOMICILIO":"CON., STA. BARBARA, COYOTEPEC, MEXICO","TRÁMITE Q":"ACUERDO DE ASAMBLEA DE LA DELIMITACIÓN, DESTINO Y ASIGNACIÓN DE LAS TIERRAS EJIDALES O COMUNALES. INSCRIPCIÓN.","FECHA DE A":"2006-11-05","TITULAR":"FRANCISCO MENDOZA PIÑA"},"geometry":{"type":"Polygon","coordinates":[[[-99.189385,19.788674],[-99.189317,19.788844],[-99.188674,19.788778],[-99.1886,19.78921],[-99.188587,19.789427],[-99.188544,19.789655],[-99.188184,19.78962],[-99.188319,19.790083],[-99.188129,19.790061],[-99.187783,19.788689],[-99.187841,19.788665],[-99.187858,19.78875],[-99.188928,19.788291],[-99.189385,19.788674]]]}},{"type":"Feature","properties":{"PARCELA":"2133 Z1 P2/4","NÚCLEO AG":"COYOTEPEC","TIPO NÚCL":"EJIDO","MUNICIPIO":"COYOTEPEC","ESTADO":"MÉXICO","SUP":"3995.016","TIPO DE PA":"PARCELAS INDIVIDUALES","CERTIFICAD":"501729","CALIDAD":"POSESIONARIO (A)","GENERO":"MASCULINO","FECHA DE N":"1959/03/08","DOMICILIO":"BO. REYES, COYOTEPEC, MEXICO","CURP":"AUHJ590308HMCGRN01","TRÁMITE Q":"ACUERDO DE ASAMBLEA DE LA DELIMITACIÓN, DESTINO Y ASIGNACIÓN DE LAS TIERRAS EJIDALES O COMUNALES. INSCRIPCIÓN.","FECHA DE A":"2006-11-05","TITULAR":"JUAN FILEMON AGUILAR HERNANDEZ"},"geometry":{"type":"Polygon","coordinates":[[[-99.193454,19.809473],[-99.194902,19.809147],[-99.194918,19.809185],[-99.194968,19.809363],[-99.19351,19.809702],[-99.193454,19.809473]]]}},{"type":"Feature","properties":{"PARCELA":"1774 Z1 P3/4","NÚCLEO AG":"COYOTEPEC","TIPO NÚCL":"EJIDO","MUNICIPIO":"COYOTEPEC","ESTADO":"MÉXICO","SUP":"7964.818","TIPO DE PA":"PARCELAS INDIVIDUALES","CERTIFICAD":"502207","CALIDAD":"POSESIONARIO (A)","GENERO":"MASCULINO","FECHA DE N":"1964/12/24","DOMICILIO":"BO., ZIMAPAN, COYOTEPEC, MEXICO","CURP":"SAVD641224HMCNLL01","TRÁMITE Q":"ACUERDO DE ASAMBLEA DE LA DELIMITACIÓN, DESTINO Y ASIGNACIÓN DE LAS TIERRAS EJIDALES O COMUNALES. INSCRIPCIÓN.","FECHA DE A":"2006-11-05","TITULAR":"DELFINO SANTANA VELAZQUEZ"},"geometry":{"type":"Polygon","coordinates":[[[-99.189118,19.798665],[-99.18917,19.797849],[-99.1892,19.797401],[-99.189239,19.796996],[-99.189291,19.797012],[-99.189842,19.799068],[-99.189118,19.798665]]]}},{"type":"Feature","properties":{"PARCELA":"1777 Z1 P3/4","NÚCLEO AG":"COYOTEPEC","TIPO NÚCL":"EJIDO","MUNICIPIO":"COYOTEPEC","ESTADO":"MÉXICO","SUP":"7408.094","TIPO DE PA":"PARCELAS INDIVIDUALES","CERTIFICAD":"503174","CALIDAD":"EJIDATARIO (A)","GENERO":"MASCULINO","FECHA DE N":"1918/09/10","DOMICILIO":"BO., CALTENCO, COYOTEPEC, MEXICO","TRÁMITE Q":"ACUERDO DE ASAMBLEA DE LA DELIMITACIÓN, DESTINO Y ASIGNACIÓN DE LAS TIERRAS EJIDALES O COMUNALES. INSCRIPCIÓN.","FECHA DE A":"2006-11-05","TITULAR":"CARLOS GALVAN SALAS"},"geometry":{"type":"Polygon","coordinates":[[[-99.18771,19.797169],[-99.187777,19.796726],[-99.189239,19.796996],[-99.1892,19.797401],[-99.18771,19.797169]]]}},{"type":"Feature","properties":{"PARCELA":"1779 Z1 P3/4","NÚCLEO AG":"COYOTEPEC","TIPO NÚCL":"EJIDO","MUNICIPIO":"COYOTEPEC","ESTADO":"MÉXICO","SUP":"8490.038","TIPO DE PA":"PARCELAS INDIVIDUALES","CERTIFICAD":"501876","CALIDAD":"POSESIONARIO (A)","GENERO":"FEMENINO","FECHA DE N":"1947/07/09","DOMICILIO":"CON., BO. SANTIAGO, COYOTEPEC, MEXICO","CURP":"CACP470709MMCSST04","TRÁMITE Q":"ACUERDO DE ASAMBLEA DE LA DELIMITACIÓN, DESTINO Y ASIGNACIÓN DE LAS TIERRAS EJIDALES O COMUNALES. INSCRIPCIÓN.","FECHA DE A":"2006-11-05","TITULAR":"PETRA CASTRO CASAS"},"geometry":{"type":"Polygon","coordinates":[[[-99.187777,19.796726],[-99.187855,19.796253],[-99.189217,19.796482],[-99.189348,19.796982],[-99.189239,19.796996],[-99.187777,19.796726]]]}},{"type":"Feature","properties":{"PARCELA":"1780 Z1 P3/4","NÚCLEO AG":"COYOTEPEC","TIPO NÚCL":"EJIDO","MUNICIPIO":"COYOTEPEC","ESTADO":"MÉXICO","SUP":"11924.042","TIPO DE PA":"PARCELAS INDIVIDUALES","CERTIFICAD":"501882","CALIDAD":"POSESIONARIO (A)","GENERO":"MASCULINO","FECHA DE N":"1963/08/10","DOMICILIO":"BO. CALTENCO, COYOTEPEC, MEXICO","CURP":"GAAL630810HMCLGR01","TRÁMITE Q":"ACUERDO DE ASAMBLEA DE LA DELIMITACIÓN, DESTINO Y ASIGNACIÓN DE LAS TIERRAS EJIDALES O COMUNALES. INSCRIPCIÓN.","FECHA DE A":"2006-11-05","TITULAR":"LORENZO GALVAN AGUILAR"},"geometry":{"type":"Polygon","coordinates":[[[-99.187855,19.796253],[-99.18797,19.795401],[-99.188979,19.795578],[-99.189217,19.796482],[-99.187855,19.796253]]]}},{"type":"Feature","properties":{"PARCELA":"1781 Z1 P3/4","NÚCLEO AG":"COYOTEPEC","TIPO NÚCL":"EJIDO","MUNICIPIO":"COYOTEPEC","ESTADO":"MÉXICO","SUP":"13220.057","TIPO DE PA":"PARCELAS INDIVIDUALES","CERTIFICAD":"1070982","CALIDAD":"EJIDATARIO (A)","GENERO":"MASCULINO","FECHA DE N":"1974/11/10","DOMICILIO":"AV MARIANO PANTALEON PINEDA BARR CALTENCO 54665 COYOTEPEC","TRÁMITE Q":"TRANSMISIÓN DE DERECHOS POR SUCESIÓN. INSCRIPCIÓN.","FECHA DE A":"2008-02-23","TITULAR":"ANDRES CARRANZA GARCIA"},"geometry":{"type":"Polygon","coordinates":[[[-99.18797,19.795401],[-99.1882,19.793684],[-99.188502,19.793768],[-99.188979,19.795578],[-99.18797,19.795401]]]}},{"type":"Feature","properties":{"PARCELA":"1795 Z1 P3/4","NÚCLEO AG":"COYOTEPEC","TIPO NÚCL":"EJIDO","MUNICIPIO":"COYOTEPEC","ESTADO":"MÉXICO","SUP":"7506.565","TIPO DE PA":"PARCELAS INDIVIDUALES","CERTIFICAD":"534402","CALIDAD":"EJIDATARIO (A)","GENERO":"MASCULINO","FECHA DE N":"1957/09/20","DOMICILIO":"IXTAPACALCO, COYOTEPEC, MEX.","CURP":"MEMF570920HMCNDR06","TRÁMITE Q":"INSCRIPCION DE SENTENCIAS","FECHA DE A":"2010-04-13","TITULAR":"FRANCISCO MENDOZA MEDINA"},"geometry":{"type":"Polygon","coordinates":[[[-99.186663,19.793258],[-99.186722,19.792844],[-99.188247,19.793173],[-99.18814,19.793586],[-99.186663,19.793258]]]}},{"type":"Feature","properties":{"PARCELA":"1796 Z1 P3/4","NÚCLEO AG":"COYOTEPEC","TIPO NÚCL":"EJIDO","MUNICIPIO":"COYOTEPEC","ESTADO":"MÉXICO","SUP":"5171.056","TIPO DE PA":"PARCELAS INDIVIDUALES","CERTIFICAD":"531021","CALIDAD":"EJIDATARIO (A)","GENERO":"MASCULINO","FECHA DE N":"1944/08/14","DOMICILIO":"CONOCIDO, COYOTEPEC, MEXICO","CURP":"GACE440814HMCLSS08","TRÁMITE Q":"ACUERDO DE ASAMBLEA DE LA DELIMITACIÓN, DESTINO Y ASIGNACIÓN DE LAS TIERRAS EJIDALES O COMUNALES. INSCRIPCIÓN.","FECHA DE A":"2006-11-05","TITULAR":"EUSEBIO GALVAN CASAS"},"geometry":{"type":"Polygon","coordinates":[[[-99.186722,19.792844],[-99.186731,19.79282],[-99.186767,19.792601],[-99.188141,19.792789],[-99.188247,19.793173],[-99.186722,19.792844]]]}},{"type":"Feature","properties":{"PARCELA":"1797 Z1 P3/4","NÚCLEO AG":"COYOTEPEC","TIPO NÚCL":"EJIDO","MUNICIPIO":"COYOTEPEC","ESTADO":"MÉXICO","SUP":"5124.987","TIPO DE PA":"PARCELAS INDIVIDUALES","CERTIFICAD":"502252","CALIDAD":"POSESIONARIO (A)","GENERO":"MASCULINO","FECHA DE N":"1953/10/22","DOMICILIO":"CON., SANTA BARBARA, COYOTEPEC, MEXICO","CURP":"GACG531022HMCLSR04","TRÁMITE Q":"ACUERDO DE ASAMBLEA DE LA DELIMITACIÓN, DESTINO Y ASIGNACIÓN DE LAS TIERRAS EJIDALES O COMUNALES. INSCRIPCIÓN.","FECHA DE A":"2006-11-05","TITULAR":"GERMAN GALVAN CASAS"},"geometry":{"type":"Polygon","coordinates":[[[-99.186767,19.792601],[-99.186793,19.79239],[-99.1868,19.792335],[-99.188032,19.792371],[-99.188141,19.792789],[-99.186767,19.792601]]]}},{"type":"Feature","properties":{"PARCELA":"1798 Z1 P3","NÚCLEO AG":"COYOTEPEC","TIPO NÚCL":"EJIDO","MUNICIPIO":"COYOTEPEC","ESTADO":"MÉXICO","SUP":"2674.269","TIPO DE PA":"PARCELAS INDIVIDUALES","CERTIFICAD":"580538","CALIDAD":"EJIDATARIO (A)","GENERO":"MASCULINO","FECHA DE N":"1935/04/15","DOMICILIO":"LA CABECERA, COYOTEPEC, MEXICO","CURP":"AUPE350415HMCNRP04","TRÁMITE Q":"INSCRIPCION DE SENTENCIAS","FECHA DE A":"2014-06-18","TITULAR":"EPIFANIO ANGUIANO PEREZ"},"geometry":{"type":"Polygon","coordinates":[[[-99.1868,19.792335],[-99.186847,19.792135],[-99.18798,19.79218],[-99.188032,19.792371],[-99.1868,19.792335]]]}},{"type":"Feature","properties":{"PARCELA":"1800 Z1 P3","NÚCLEO AG":"COYOTEPEC","TIPO NÚCL":"EJIDO","MUNICIPIO":"COYOTEPEC","ESTADO":"MÉXICO","SUP":"3812.617","TIPO DE PA":"PARCELAS INDIVIDUALES","CERTIFICAD":"580253","CALIDAD":"POSESIONARIO (A)","GENERO":"FEMENINO","FECHA DE N":"1973/09/18","DOMICILIO":"C LAS FLORES S/N BARR CALTENCO, COYOTEPE","TRÁMITE Q":"INSCRIPCION DE SENTENCIAS","FECHA DE A":"2014-06-18","TITULAR":"GRACIELA ANGUIANO FUENTES"},"geometry":{"type":"Polygon","coordinates":[[[-99.186877,19.791955],[-99.18693,19.791606],[-99.187843,19.791668],[-99.187929,19.79199],[-99.186877,19.791955]]]}},{"type":"Feature","properties":{"SUP":"4893.729"},"geometry":{"type":"Polygon","coordinates":[[[-99.191579,19.801052],[-99.191043,19.800755],[-99.190878,19.80014],[-99.191986,19.800912],[-99.191836,19.801191],[-99.191579,19.801052]]]}},{"type":"Feature","properties":{"PARCELA":"1821 Z1 P3/4","NÚCLEO AG":"COYOTEPEC","TIPO NÚCL":"EJIDO","MUNICIPIO":"COYOTEPEC","ESTADO":"MÉXICO","SUP":"10046.404","TIPO DE PA":"PARCELAS INDIVIDUALES","CERTIFICAD":"502497","CALIDAD":"POSESIONARIO (A)","GENERO":"MASCULINO","FECHA DE N":"1925/08/31","DOMICILIO":"BO. CALTENCO, COYOTEPEC, MEXICO","TRÁMITE Q":"ACUERDO DE ASAMBLEA DE LA DELIMITACIÓN, DESTINO Y ASIGNACIÓN DE LAS TIERRAS EJIDALES O COMUNALES. INSCRIPCIÓN.","FECHA DE A":"2006-11-05","TITULAR":"RAMON MARTINEZ PINEDA"},"geometry":{"type":"Polygon","coordinates":[[[-99.187195,19.790177],[-99.185901,19.789647],[-99.187139,19.789049],[-99.187467,19.790269],[-99.187195,19.790177]]]}},{"type":"Feature","properties":{"SUP":"9212.565"},"geometry":{"type":"Polygon","coordinates":[[[-99.190544,19.798367],[-99.192018,19.798371],[-99.192036,19.798927],[-99.190706,19.798943],[-99.190544,19.798367]]]}},{"type":"Feature","properties":{"PARCELA":"125 Z17 P1/1","NÚCLEO AG":"SANTIAGO TLALTEPOXCO","TIPO NÚCL":"EJIDO","MUNICIPIO":"HUEHUETOCA","ESTADO":"MÉXICO","SUP":"4921.561","TIPO DE PA":"PARCELAS INDIVIDUALES","CERTIFICAD":"1051063","CALIDAD":"EJIDATARIO (A)","GENERO":"MASCULINO","FECHA DE N":"1978/08/20","DOMICILIO":"LOC. SANTIAGO TLALTEPOXCO, PBLO, SANTIAGO TLALTEPOXCO HUEHUETOCA MEXIC","CURP":"POBJ780820HMCRCV00","TRÁMITE Q":"ENAJENACIÓN DE DERECHOS PARCELARIOS. INSCRIPCIÓN.","FECHA DE A":"1996-08-04","TITULAR":"JAVIER PORTILLO BOCANEGRA"},"geometry":{"type":"Polygon","coordinates":[[[-99.263713,19.894145],[-99.26422,19.894079],[-99.264234,19.894389],[-99.265214,19.89425],[-99.265239,19.894356],[-99.264741,19.894481],[-99.263814,19.894714],[-99.263713,19.894145]]]}},{"type":"Feature","properties":{"PARCELA":"132 Z17 P1/1","NÚCLEO AG":"SANTIAGO TLALTEPOXCO","TIPO NÚCL":"EJIDO","MUNICIPIO":"HUEHUETOCA","ESTADO":"MÉXICO","SUP":"13065.573","TIPO DE PA":"PARCELAS INDIVIDUALES","CERTIFICAD":"1041719","CALIDAD":"EJIDATARIO (A)","GENERO":"MASCULINO","FECHA DE N":"1959/06/27","DOMICILIO":"SANTIAGO TLALTEPOXCO, TEPEJI DEL RIO. MEXICO","CURP":"ROMP590627HMCDNR00","TRÁMITE Q":"TRANSMISIÓN DE DERECHOS POR SUCESIÓN. INSCRIPCIÓN.","FECHA DE A":"2003-10-12","TITULAR":"PRIMO RODRIGUEZ MONTAÑO"},"geometry":{"type":"Polygon","coordinates":[[[-99.26422,19.894079],[-99.26399,19.893811],[-99.264041,19.893624],[-99.264234,19.893444],[-99.264552,19.893517],[-99.265137,19.89348],[-99.265262,19.893477],[-99.265521,19.893781],[-99.265699,19.894123],[-99.265214,19.89425],[-99.264234,19.894389],[-99.26422,19.894079]]]}},{"type":"Feature","properties":{"PARCELA":"133 Z17 P1/1","NÚCLEO AG":"SANTIAGO TLALTEPOXCO","TIPO NÚCL":"EJIDO","MUNICIPIO":"HUEHUETOCA","ESTADO":"MÉXICO","SUP":"35421.783","TIPO DE PA":"PARCELAS INDIVIDUALES","CERTIFICAD":"380931","CALIDAD":"EJIDATARIO (A)","GENERO":"MASCULINO","FECHA DE N":"1939/01/09","DOMICILIO":"CONOCIDO, SANTIAGO TLALTEPAXCO, MEXICO","TRÁMITE Q":"ACUERDO DE ASAMBLEA DE LA DELIMITACIÓN, DESTINO Y ASIGNACIÓN DE LAS TIERRAS EJIDALES O COMUNALES. INSCRIPCIÓN.","FECHA DE A":"1996-08-04","TITULAR":"JULIO GOMEZ ROMERO"},"geometry":{"type":"Polygon","coordinates":[[[-99.264249,19.892278],[-99.265163,19.892189],[-99.265859,19.892225],[-99.266004,19.892658],[-99.266594,19.892722],[-99.266415,19.89406],[-99.265788,19.894218],[-99.265558,19.89377],[-99.265295,19.893471],[-99.264372,19.893259],[-99.264253,19.893201],[-99.264249,19.892278]]]}},{"type":"Feature","properties":{"PARCELA":"134 Z17 P1/1","NÚCLEO AG":"SANTIAGO TLALTEPOXCO","TIPO NÚCL":"EJIDO","MUNICIPIO":"HUEHUETOCA","ESTADO":"MÉXICO","SUP":"26222.204","TIPO DE PA":"PARCELAS INDIVIDUALES","CERTIFICAD":"557724","CALIDAD":"EJIDATARIO (A)","GENERO":"FEMENINO","FECHA DE N":"1941/10/26","DOMICILIO":"PBLO SANTIAGO TLATEPOXCO 54680,HUEHUETOCA,MEX","CURP":"TOHE411026MMCRRV08","TRÁMITE Q":"INSCRIPCION DE SENTENCIAS","FECHA DE A":"2011-02-01","TITULAR":"EVARISTA TORRES HERNANDEZ"},"geometry":{"type":"Polygon","coordinates":[[[-99.263246,19.893448],[-99.263251,19.89223],[-99.263247,19.891351],[-99.264138,19.891443],[-99.264251,19.893348],[-99.263874,19.893768],[-99.263996,19.894035],[-99.263757,19.894053],[-99.263612,19.893841],[-99.263192,19.893642],[-99.263246,19.893448]]]}},{"type":"Feature","properties":{"PARCELA":"135 Z-17P1/1","NÚCLEO AG":"SANTIAGO TLALTEPOXCO","TIPO NÚCL":"EJIDO","MUNICIPIO":"HUEHUETOCA","ESTADO":"MÉXICO","SUP":"54633.986","TIPO DE PA":"PARCELAS INDIVIDUALES","CERTIFICAD":"1073916","CALIDAD":"EJIDATARIO (A)","GENERO":"FEMENINO","FECHA DE N":"1965/12/11","DOMICILIO":"RIO CAZONES 13 D COL COLINAS DEL LAGO 54744 CUAUTITLAN IZCALLI MÉXICO","TRÁMITE Q":"TRANSMISIÓN DE DERECHOS POR SUCESIÓN. INSCRIPCIÓN.","FECHA DE A":"2001-12-20","TITULAR":"ESTILITA MARCELA RAMIREZ GONZALEZ"},"geometry":{"type":"Polygon","coordinates":[[[-99.260999,19.892376],[-99.262312,19.89213],[-99.262333,19.892392],[-99.263251,19.89223],[-99.263246,19.893448],[-99.262893,19.894025],[-99.262176,19.894034],[-99.262092,19.894198],[-99.262316,19.894412],[-99.262415,19.894609],[-99.262319,19.895035],[-99.262229,19.89504],[-99.261923,19.894753],[-99.26157,19.894585],[-99.261437,19.89422],[-99.261396,19.893863],[-99.261268,19.893692],[-99.261008,19.893452],[-99.260292,19.893188],[-99.260266,19.893004],[-99.260596,19.892805],[-99.260733,19.892653],[-99.260999,19.892376]]]}},{"type":"Feature","properties":{"PARCELA":"150 Z17 P1/1","NÚCLEO AG":"SANTIAGO TLALTEPOXCO","TIPO NÚCL":"EJIDO","MUNICIPIO":"HUEHUETOCA","ESTADO":"MÉXICO","SUP":"11485.261","TIPO DE PA":"PARCELAS INDIVIDUALES","CERTIFICAD":"410450","CALIDAD":"POSESIONARIO (A)","GENERO":"MASCULINO","FECHA DE N":"1969/02/25","DOMICILIO":"CONOC.STGO. TLALTEPOXCO, HUEHUETOCA, MEX","CURP":"CEAC690225HHGRRL02","TRÁMITE Q":"ACUERDO DE ASAMBLEA DE  ASIGNACIÓN DE DERECHOS Y SOLARES","FECHA DE A":"2001-12-16","TITULAR":"CELERINO CERON ARCE"},"geometry":{"type":"Polygon","coordinates":[[[-99.261038,19.892358],[-99.261339,19.891579],[-99.261354,19.891281],[-99.262272,19.891315],[-99.262312,19.89213],[-99.260999,19.892376],[-99.261038,19.892358]]]}},{"type":"Feature","properties":{"PARCELA":"151 Z-17P1/1","NÚCLEO AG":"SANTIAGO TLALTEPOXCO","TIPO NÚCL":"EJIDO","MUNICIPIO":"HUEHUETOCA","ESTADO":"MÉXICO","SUP":"5369.527","TIPO DE PA":"PARCELAS INDIVIDUALES","CERTIFICAD":"1023913","CALIDAD":"EJIDATARIO (A)","GENERO":"MASCULINO","FECHA DE N":"1967/07/07","DOMICILIO":"AV. DOLORES HIDALGO S/N, PBLO SANTIAGO TLALPEXCO, HUEHUETOCA, MEX.","TRÁMITE Q":"TRANSMISIÓN DE DERECHOS POR SUCESIÓN. INSCRIPCIÓN.","FECHA DE A":"1996-08-04","TITULAR":"JOSE LUIS PORTILLO VARGAS"},"geometry":{"type":"Polygon","coordinates":[[[-99.261345,19.890915],[-99.261354,19.891281],[-99.261339,19.891579],[-99.261038,19.892358],[-99.260751,19.891352],[-99.261345,19.890915]]]}},{"type":"Feature","properties":{"PARCELA":"170 Z17 P1/1","NÚCLEO AG":"SANTIAGO TLALTEPOXCO","TIPO NÚCL":"EJIDO","MUNICIPIO":"HUEHUETOCA","ESTADO":"MÉXICO","SUP":"9986.939","TIPO DE PA":"PARCELAS INDIVIDUALES","CERTIFICAD":"544345","CALIDAD":"EJIDATARIO (A)","GENERO":"MASCULINO","FECHA DE N":"1972/01/23","DOMICILIO":"SANTIAGO TLALTEPOXCO, HUEHUETOCA, MEX.","TRÁMITE Q":"TRANSMISIÓN DE DERECHOS POR SUCESIÓN. INSCRIPCIÓN.","FECHA DE A":"1998-10-07","TITULAR":"ILDEFONSO PEREZ LUNA"},"geometry":{"type":"Polygon","coordinates":[[[-99.262272,19.891315],[-99.262287,19.890362],[-99.263181,19.890398],[-99.263197,19.891338],[-99.262272,19.891315]]]}},{"type":"Feature","properties":{"PARCELA":"171 Z-17P1/1","NÚCLEO AG":"SANTIAGO TLALTEPOXCO","TIPO NÚCL":"EJIDO","MUNICIPIO":"HUEHUETOCA","ESTADO":"MÉXICO","SUP":"7714.454","TIPO DE PA":"PARCELAS INDIVIDUALES","CERTIFICAD":"188134","CALIDAD":"EJIDATARIO (A)","GENERO":"MASCULINO","FECHA DE N":"1956/02/15","DOMICILIO":"CONOCIDO, BARRIO SAN MIGUEL JAGUEYES,MEX","CURP":"HEGF560215HMCRML07","TRÁMITE Q":"ACUERDO DE ASAMBLEA DE LA DELIMITACIÓN, DESTINO Y ASIGNACIÓN DE LAS TIERRAS EJIDALES O COMUNALES. INSCRIPCIÓN.","FECHA DE A":"1996-08-04","TITULAR":"FLORENTINO HERNANDEZ GOMEZ"},"geometry":{"type":"Polygon","coordinates":[[[-99.261354,19.891281],[-99.261345,19.890915],[-99.262101,19.890359],[-99.262287,19.890362],[-99.262272,19.891315],[-99.261354,19.891281]]]}},{"type":"Feature","properties":{"PARCELA":"172 Z-03 P1/1","NÚCLEO AG":"SANTIAGO TLALTEPOXCO","TIPO NÚCL":"EJIDO","MUNICIPIO":"HUEHUETOCA","ESTADO":"MÉXICO","SUP":"5699.601","TIPO DE PA":"PARCELAS INDIVIDUALES","CERTIFICAD":"1071511","CALIDAD":"EJIDATARIO (A)","GENERO":"MASCULINO","FECHA DE N":"1959/06/27","DOMICILIO":"SANTIAGO TLALTEPOXCO, TEPEJI DEL RIO. MEXICO","CURP":"ROMP590627HMCDNR00","TRÁMITE Q":"INSCRIPCION DE SENTENCIAS","FECHA DE A":"2019-11-25","TITULAR":"PRIMO RODRIGUEZ MONTAÑO"},"geometry":{"type":"Polygon","coordinates":[[[-99.259526,19.890338],[-99.259659,19.890252],[-99.260258,19.890696],[-99.260287,19.891403],[-99.259973,19.891444],[-99.259526,19.890338]]]}},{"type":"Feature","properties":{"PARCELA":"188 Z3 P1/1","NÚCLEO AG":"SANTIAGO TLALTEPOXCO","TIPO NÚCL":"EJIDO","MUNICIPIO":"HUEHUETOCA","ESTADO":"MÉXICO","SUP":"29314.962","TIPO DE PA":"PARCELAS INDIVIDUALES","CERTIFICAD":"188227","CALIDAD":"EJIDATARIO (A)","GENERO":"MASCULINO","FECHA DE N":"1944/08/06","DOMICILIO":"CONOCIDO, SANTIAGO TLALTEPOXCO, MEXICO","CURP":"BAMS440806HMCRRS04","TRÁMITE Q":"ACUERDO DE ASAMBLEA DE LA DELIMITACIÓN, DESTINO Y ASIGNACIÓN DE LAS TIERRAS EJIDALES O COMUNALES. INSCRIPCIÓN.","FECHA DE A":"1996-08-04","TITULAR":"SISTO BARRON MARTINEZ"},"geometry":{"type":"Polygon","coordinates":[[[-99.259924,19.890022],[-99.26082,19.887626],[-99.261037,19.887776],[-99.260988,19.887885],[-99.261295,19.888049],[-99.26133,19.89035],[-99.260422,19.890355],[-99.260329,19.890359],[-99.259924,19.890022]]]}},{"type":"Feature","properties":{"PARCELA":"189 Z3 P1","NÚCLEO AG":"SANTIAGO TLALTEPOXCO","TIPO NÚCL":"EJIDO","MUNICIPIO":"HUEHUETOCA","ESTADO":"MÉXICO","SUP":"25235.475","TIPO DE PA":"PARCELAS INDIVIDUALES","CERTIFICAD":"564282","CALIDAD":"POSESIONARIO (A)","GENERO":"MASCULINO","FECHA DE N":"1974/06/11","DOMICILIO":"CONOCIDO, SANTIAGO TLALTEPOXCO, MEXICO","TRÁMITE Q":"ACUERDO DE ASAMBLEA DE LA DELIMITACIÓN, DESTINO Y ASIGNACIÓN DE LAS TIERRAS EJIDALES O COMUNALES. INSCRIPCIÓN.","FECHA DE A":"1996-08-04","TITULAR":"FORTUNATO BARRON CALZADILLA"},"geometry":{"type":"Polygon","coordinates":[[[-99.259302,19.888724],[-99.259412,19.888101],[-99.259599,19.888092],[-99.260132,19.887168],[-99.26082,19.887626],[-99.259924,19.890022],[-99.259762,19.889851],[-99.259624,19.889658],[-99.259519,19.889041],[-99.259302,19.888724]]]}},{"type":"Feature","properties":{"PARCELA":"193 Z3 P1/1","NÚCLEO AG":"SANTIAGO TLALTEPOXCO","TIPO NÚCL":"EJIDO","MUNICIPIO":"HUEHUETOCA","ESTADO":"MÉXICO","SUP":"8951.531","TIPO DE PA":"PARCELAS INDIVIDUALES","CERTIFICAD":"1078451","CALIDAD":"EJIDATARIO (A)","GENERO":"MASCULINO","FECHA DE N":"1986/07/18","DOMICILIO":"AV JUAREZ S/N BARR SANTIAGO TLALTEPOXCO 54680 HUEHUETOCA MÉXICO","TRÁMITE Q":"TRANSMISIÓN DE DERECHOS POR SUCESIÓN. INSCRIPCIÓN.","FECHA DE A":"2001-12-20","TITULAR":"LUIS MIGUEL VALENCIA RODRIGUEZ"},"geometry":{"type":"Polygon","coordinates":[[[-99.254251,19.88973],[-99.254681,19.888768],[-99.255765,19.889617],[-99.255278,19.889743],[-99.254251,19.88973]]]}},{"type":"Feature","properties":{"PARCELA":"195 Z-3 P1","NÚCLEO AG":"SANTIAGO TLALTEPOXCO","TIPO NÚCL":"EJIDO","MUNICIPIO":"HUEHUETOCA","ESTADO":"MÉXICO","SUP":"14381.705","TIPO DE PA":"PARCELAS INDIVIDUALES","CERTIFICAD":"530694","CALIDAD":"EJIDATARIO (A)","GENERO":"MASCULINO","FECHA DE N":"1940/03/08","DOMICILIO":"C DOLOROS HGO #28, STGO TLALTEPOXCO, MEX","TRÁMITE Q":"INSCRIPCION DE SENTENCIAS","FECHA DE A":"2008-05-29","TITULAR":"LAZARO ESCOBEDO BAUTISTA"},"geometry":{"type":"Polygon","coordinates":[[[-99.253781,19.888403],[-99.254681,19.888768],[-99.254251,19.88973],[-99.253169,19.88978],[-99.253781,19.888403]]]}},{"type":"Feature","properties":{"PARCELA":"196 Z-3 P1/1","NÚCLEO AG":"SANTIAGO TLALTEPOXCO","TIPO NÚCL":"EJIDO","MUNICIPIO":"HUEHUETOCA","ESTADO":"MÉXICO","SUP":"1464.721","TIPO DE PA":"PARCELAS INDIVIDUALES","CERTIFICAD":"188330","CALIDAD":"POSESIONARIO (A)","GENERO":"FEMENINO","FECHA DE N":"1949/07/23","DOMICILIO":"CONOCIDO, SANTIAGO TLALTEPOXCO, MEXICO","TRÁMITE Q":"ACUERDO DE ASAMBLEA DE LA DELIMITACIÓN, DESTINO Y ASIGNACIÓN DE LAS TIERRAS EJIDALES O COMUNALES. INSCRIPCIÓN.","FECHA DE A":"1996-08-04","TITULAR":"MARIANA ROMERO BARRON"},"geometry":{"type":"Polygon","coordinates":[[[-99.252385,19.88959],[-99.253169,19.88978],[-99.253106,19.889957],[-99.252342,19.88971],[-99.252385,19.88959]]]}},{"type":"Feature","properties":{"PARCELA":"676 Z-3 P1/1","NÚCLEO AG":"SANTIAGO TLALTEPOXCO","TIPO NÚCL":"EJIDO","MUNICIPIO":"HUEHUETOCA","ESTADO":"MÉXICO","SUP":"759.306","TIPO DE PA":"PARCELAS INDIVIDUALES","CERTIFICAD":"188152","CALIDAD":"EJIDATARIO (A)","GENERO":"MASCULINO","FECHA DE N":"1956/02/15","DOMICILIO":"CONOCIDO, BARRIO SAN MIGUEL JAGUEYES,MEX","CURP":"HEGF560215HMCRML07","TRÁMITE Q":"ACUERDO DE ASAMBLEA DE LA DELIMITACIÓN, DESTINO Y ASIGNACIÓN DE LAS TIERRAS EJIDALES O COMUNALES. INSCRIPCIÓN.","FECHA DE A":"1996-08-04","TITULAR":"FLORENTINO HERNANDEZ GOMEZ"},"geometry":{"type":"Polygon","coordinates":[[[-99.26133,19.89035],[-99.261753,19.890355],[-99.261338,19.89066],[-99.26133,19.89035]]]}},{"type":"Feature","properties":{"PARCELA":"677 Z-3 P1/1","NÚCLEO AG":"SANTIAGO TLALTEPOXCO","TIPO NÚCL":"EJIDO","MUNICIPIO":"HUEHUETOCA","ESTADO":"MÉXICO","SUP":"5343.71","TIPO DE PA":"PARCELAS INDIVIDUALES","CERTIFICAD":"1023914","CALIDAD":"EJIDATARIO (A)","GENERO":"MASCULINO","FECHA DE N":"1967/07/07","DOMICILIO":"AV. DOLORES HIDALGO S/N, PBLO SANTIAGO TLALPEXCO, HUEHUETOCA, MEX.","TRÁMITE Q":"TRANSMISIÓN DE DERECHOS POR SUCESIÓN. INSCRIPCIÓN.","FECHA DE A":"1996-08-04","TITULAR":"JOSE LUIS PORTILLO VARGAS"},"geometry":{"type":"Polygon","coordinates":[[[-99.260422,19.890355],[-99.26133,19.89035],[-99.261338,19.89066],[-99.260682,19.891141],[-99.260422,19.890355]]]}},{"type":"Feature","properties":{"PARCELA":"293 Z1 P1","NÚCLEO AG":"HUEHUETOCA","TIPO NÚCL":"EJIDO","MUNICIPIO":"HUEHUETOCA","ESTADO":"MÉXICO","SUP":"11847.271","TIPO DE PA":"PARCELAS INDIVIDUALES","CERTIFICAD":"542197","CALIDAD":"POSESIONARIO (A)","GENERO":"FEMENINO","FECHA DE N":"1951/03/22","DOMICILIO":"BARR. SAN BARTOLO, HUEHUETOCA, MEX.","CURP":"AEPP510322MMCRCL09","TRÁMITE Q":"ACUERDO DE ASAMBLEA DE LA DELIMITACIÓN, DESTINO Y ASIGNACIÓN DE LAS TIERRAS EJIDALES O COMUNALES. INSCRIPCIÓN.","FECHA DE A":"2004-11-07","TITULAR":"PAULA GLORIA ARREGUIN PACHECO"},"geometry":{"type":"Polygon","coordinates":[[[-99.197093,19.823118],[-99.198623,19.824413],[-99.198488,19.824621],[-99.198064,19.825275],[-99.19777,19.824622],[-99.197093,19.823118]]]}},{"type":"Feature","properties":{"SUP":"2347.253"},"geometry":{"type":"Polygon","coordinates":[[[-99.186847,19.792135],[-99.186877,19.791955],[-99.187929,19.79199],[-99.18798,19.79218],[-99.186847,19.792135]]]}},{"type":"Feature","properties":{"SUP":"1452.3"},"geometry":{"type":"Polygon","coordinates":[[[-99.187193,19.789023],[-99.187245,19.788998],[-99.187933,19.791607],[-99.187894,19.791604],[-99.187193,19.789023]]]}},{"type":"Feature","properties":{"SUP":"5714.702"},"geometry":{"type":"Polygon","coordinates":[[[-99.187344,19.79156],[-99.187267,19.790834],[-99.187199,19.790217],[-99.187195,19.790177],[-99.187467,19.790269],[-99.187824,19.791599],[-99.187344,19.79156]]]}},{"type":"Feature","properties":{"SUP":"551.199"},"geometry":{"type":"Polygon","coordinates":[[[-99.188323,19.793183],[-99.187913,19.791672],[-99.18795,19.791675],[-99.188359,19.793225],[-99.188323,19.793183]]]}},{"type":"Feature","properties":{"SUP":"653.336"},"geometry":{"type":"Polygon","coordinates":[[[-99.265214,19.89425],[-99.265699,19.894123],[-99.265738,19.89423],[-99.265239,19.894356],[-99.265214,19.89425]]]}},{"type":"Feature","properties":{"SUP":"10857.257"},"geometry":{"type":"Polygon","coordinates":[[[-99.262312,19.89213],[-99.262272,19.891315],[-99.263197,19.891338],[-99.263247,19.891351],[-99.263251,19.89223],[-99.262333,19.892392],[-99.262312,19.89213]]]}},{"type":"Feature","properties":{"PARCELA":"154 Z-3 P1/1","NÚCLEO AG":"SANTIAGO TLALTEPOXCO","TIPO NÚCL":"EJIDO","MUNICIPIO":"HUEHUETOCA","ESTADO":"MÉXICO","SUP":"15297.708","TIPO DE PA":"PARCELAS INDIVIDUALES CON DOMINIO PLENO","CALIDAD":"EJIDATARIO (A)","DOMICILIO":"CONOCIDO, SANTIAGO TLALTEPOXCO, MEXICO","CURP":"BAGF480227HMCSMS04","TITULAR":"FAUSTINO BASURTO GOMEZ"},"geometry":{"type":"Polygon","coordinates":[[[-99.258254,19.89131],[-99.259526,19.890338],[-99.259973,19.891444],[-99.258789,19.891817],[-99.258254,19.89131]]]}},{"type":"Feature","properties":{"PARCELA":"173 Z3 P1","NÚCLEO AG":"SANTIAGO TLALTEPOXCO","TIPO NÚCL":"EJIDO","MUNICIPIO":"HUEHUETOCA","ESTADO":"MÉXICO","SUP":"25056.876","TIPO DE PA":"PARCELAS INDIVIDUALES CON DOMINIO PLENO","CALIDAD":"EJIDATARIO (A)","DOMICILIO":"SANTIAGO TLALTEPOXCO, HUEHUETOCA, MEX.","CURP":"GOMO481213HMCMRT05","TITULAR":"OTILIO GOMEZ MARTINEZ"},"geometry":{"type":"Polygon","coordinates":[[[-99.257288,19.890524],[-99.258079,19.889715],[-99.259134,19.889673],[-99.259526,19.890338],[-99.258254,19.89131],[-99.257288,19.890524]]]}},{"type":"Feature","properties":{"SUP":"4303.108"},"geometry":{"type":"Polygon","coordinates":[[[-99.251272,19.888688],[-99.251202,19.889495],[-99.250286,19.889457],[-99.251272,19.888688]]]}},{"type":"Feature","properties":{"SUP":"3579.449"},"geometry":{"type":"Polygon","coordinates":[[[-99.249511,19.889494],[-99.249503,19.88935],[-99.250982,19.888742],[-99.250026,19.889502],[-99.249511,19.889494]]]}},{"type":"Feature","properties":{"PARCELA":"544 Z3 P1/1","NÚCLEO AG":"SANTIAGO TLALTEPOXCO","TIPO NÚCL":"EJIDO","MUNICIPIO":"HUEHUETOCA","ESTADO":"MÉXICO","SUP":"11050.968","TIPO DE PA":"PARCELAS INDIVIDUALES CON DOMINIO PLENO","CALIDAD":"POSESIONARIO (A)","DOMICILIO":"CON. SANTIAGO TLALTEPOXCO, MEXICO","CURP":"CACJ561009HMCLRN08","TITULAR":"JUAN CALZADILLA CERON"},"geometry":{"type":"Polygon","coordinates":[[[-99.255238,19.889891],[-99.255278,19.889743],[-99.255765,19.889617],[-99.256966,19.890583],[-99.256726,19.891067],[-99.255238,19.889891]]]}},{"type":"Feature","properties":{"PARCELA":"325 Z-5 P1/1","NÚCLEO AG":"SANTIAGO TLALTEPOXCO","TIPO NÚCL":"EJIDO","MUNICIPIO":"HUEHUETOCA","ESTADO":"MÉXICO","SUP":"21735.66","TIPO DE PA":"PARCELAS INDIVIDUALES CON DOMINIO PLENO","CALIDAD":"EJIDATARIO (A)","DOMICILIO":"CONOCIDO, SANTIAGO TLALTEPOXCO, MEXICO","CURP":"VARL321106HMCLMN02","TITULAR":"LEONARDO SANTIAGO VALENCIA RAMIREZ"},"geometry":{"type":"Polygon","coordinates":[[[-99.242905,19.888423],[-99.242981,19.888185],[-99.24533,19.887854],[-99.244809,19.889042],[-99.243939,19.88909],[-99.242905,19.888423]]]}},{"type":"Feature","properties":{"PARCELA":"695 Z-5 P1/1","NÚCLEO AG":"SANTIAGO TLALTEPOXCO","TIPO NÚCL":"EJIDO","MUNICIPIO":"HUEHUETOCA","ESTADO":"MÉXICO","SUP":"10493.847","TIPO DE PA":"PARCELAS INDIVIDUALES CON DOMINIO PLENO","CALIDAD":"POSESIONARIO (A)","DOMICILIO":"CONOCIDO, SANTIAGO TLALTEPOXCO, MEXICO","TITULAR":"LORENZO VALENCIA SANTANA"},"geometry":{"type":"Polygon","coordinates":[[[-99.245373,19.889526],[-99.245462,19.889042],[-99.245984,19.889069],[-99.246656,19.889278],[-99.246926,19.888763],[-99.247283,19.889407],[-99.246781,19.88967],[-99.245373,19.889526]]]}},{"type":"Feature","properties":{"PARCELA":"693 Z-3 P1/1","NÚCLEO AG":"SANTIAGO TLALTEPOXCO","TIPO NÚCL":"EJIDO","MUNICIPIO":"HUEHUETOCA","ESTADO":"MÉXICO","SUP":"5667.35","TIPO DE PA":"PARCELAS INDIVIDUALES CON DOMINIO PLENO","CALIDAD":"EJIDATARIO (A)","DOMICILIO":"CONOCIDO, SANTIAGO TLALTEPOXCO, MEXICO","CURP":"CABG470930HMCLTR01","TITULAR":"GERONIMO CALZADILLA BAUTISTA"},"geometry":{"type":"Polygon","coordinates":[[[-99.249503,19.88935],[-99.249511,19.889494],[-99.248455,19.889578],[-99.247554,19.889645],[-99.247454,19.88946],[-99.247784,19.889296],[-99.249503,19.88935]]]}},{"type":"Feature","properties":{"PARCELA":"696 Z-4 P1/1","NÚCLEO AG":"SANTIAGO TLALTEPOXCO","TIPO NÚCL":"EJIDO","MUNICIPIO":"HUEHUETOCA","ESTADO":"MÉXICO","SUP":"709.639","TIPO DE PA":"PARCELAS INDIVIDUALES CON DOMINIO PLENO","CALIDAD":"EJIDATARIO (A)","DOMICILIO":"CONOCIDO, SANTIAGO TLALTEPOXCO, MEXICO","CURP":"CURG511016HMCRDR02","TITULAR":"GERARDO CRUZ RODRIGUEZ"},"geometry":{"type":"Polygon","coordinates":[[[-99.247391,19.889345],[-99.247178,19.888926],[-99.247624,19.889228],[-99.247391,19.889345]]]}},{"type":"Feature","properties":{"PARCELA":"955 Z-3 P2/2","NÚCLEO AG":"CAZADERO","TIPO NÚCL":"EJIDO","MUNICIPIO":"SAN JUAN DEL RÍO","ESTADO":"QUERÉTARO","SUP":"1039.499","TIPO DE PA":"PARCELAS INDIVIDUALES","CERTIFICAD":"55019","CALIDAD":"EJIDATARIO (A)","GENERO":"MASCULINO","FECHA DE N":"1954/12/24","DOMICILIO":"CONOCIDO, CAZADERO, QUERETARO","TRÁMITE Q":"ACUERDO DE ASAMBLEA DE LA DELIMITACIÓN, DESTINO Y ASIGNACIÓN DE LAS TIERRAS EJIDALES O COMUNALES. INSCRIPCIÓN.","FECHA DE A":"1999-08-08","TITULAR":"DELFINO GARCIA CRUZ"},"geometry":{"type":"Polygon","coordinates":[[[-99.910278,20.274454],[-99.910592,20.274393],[-99.910704,20.274487],[-99.910621,20.274818],[-99.910278,20.274454]]]}},{"type":"Feature","properties":{"PARCELA":"956 Z-3 P2/2","NÚCLEO AG":"CAZADERO","TIPO NÚCL":"EJIDO","MUNICIPIO":"SAN JUAN DEL RÍO","ESTADO":"QUERÉTARO","SUP":"3438.669","TIPO DE PA":"PARCELAS INDIVIDUALES","CERTIFICAD":"58348","CALIDAD":"EJIDATARIO (A)","GENERO":"MASCULINO","FECHA DE N":"1958/10/31","DOMICILIO":"CONOCIDO, CAZADERO, QUERETARO","CURP":"PAGN581031HQTZNM03","TRÁMITE Q":"ACUERDO DE ASAMBLEA DE LA DELIMITACIÓN, DESTINO Y ASIGNACIÓN DE LAS TIERRAS EJIDALES O COMUNALES. INSCRIPCIÓN.","FECHA DE A":"1999-08-08","TITULAR":"NEMESIO PAZ GONZALEZ"},"geometry":{"type":"Polygon","coordinates":[[[-99.909312,20.274551],[-99.90956,20.274112],[-99.910175,20.27445],[-99.909754,20.274778],[-99.909312,20.274551]]]}},{"type":"Feature","properties":{"PARCELA":"957 Z-3 P2/2","NÚCLEO AG":"CAZADERO","TIPO NÚCL":"EJIDO","MUNICIPIO":"SAN JUAN DEL RÍO","ESTADO":"QUERÉTARO","SUP":"44965.829","TIPO DE PA":"PARCELAS INDIVIDUALES","CERTIFICAD":"1028053","CALIDAD":"EJIDATARIO (A)","GENERO":"MASCULINO","FECHA DE N":"1960/07/07","DOMICILIO":"CONOCIDO, CAZADERO, QUERETARO.","TRÁMITE Q":"TRANSMISIÓN DE DERECHOS POR SUCESIÓN. INSCRIPCIÓN.","FECHA DE A":"2001-08-25","TITULAR":"GUILEBALDO ARGUELLO CRUZ"},"geometry":{"type":"Polygon","coordinates":[[[-99.90908,20.274732],[-99.908515,20.274557],[-99.90812,20.274588],[-99.908068,20.274672],[-99.908181,20.274823],[-99.908403,20.275446],[-99.908153,20.275771],[-99.906532,20.274861],[-99.907824,20.272963],[-99.90947,20.274071],[-99.90908,20.274732]]]}},{"type":"Feature","properties":{"PARCELA":"962 Z-3 P2/2","NÚCLEO AG":"CAZADERO","TIPO NÚCL":"EJIDO","MUNICIPIO":"SAN JUAN DEL RÍO","ESTADO":"QUERÉTARO","SUP":"37115.118","TIPO DE PA":"PARCELAS INDIVIDUALES","CERTIFICAD":"54337","CALIDAD":"EJIDATARIO (A)","GENERO":"MASCULINO","FECHA DE N":"1966/04/25","DOMICILIO":"CONOCIDO, CAZADERO, QUERETARO","CURP":"CURH660425HQTRJR08","TRÁMITE Q":"ACUERDO DE ASAMBLEA DE LA DELIMITACIÓN, DESTINO Y ASIGNACIÓN DE LAS TIERRAS EJIDALES O COMUNALES. INSCRIPCIÓN.","FECHA DE A":"1999-08-08","TITULAR":"HERMINIO CRUZ ROJO"},"geometry":{"type":"Polygon","coordinates":[[[-99.905553,20.273605],[-99.906624,20.272125],[-99.907767,20.27292],[-99.906478,20.274821],[-99.90544,20.27425],[-99.905798,20.273813],[-99.905553,20.273605]]]}},{"type":"Feature","properties":{"SUP":"4902.903"},"geometry":{"type":"Polygon","coordinates":[[[-99.910243,20.274409],[-99.90713,20.272209],[-99.910548,20.274352],[-99.910243,20.274409]]]}},{"type":"Feature","properties":{"SUP":"73203.07"},"geometry":{"type":"Polygon","coordinates":[[[-99.264513,19.896095],[-99.269188,19.893192],[-99.267389,19.896396],[-99.267306,19.896262],[-99.265159,19.897292],[-99.264513,19.896095]]]}},{"type":"Feature","properties":{"SUP":"33010.961"},"geometry":{"type":"Polygon","coordinates":[[[-99.267941,19.897241],[-99.265969,19.898437],[-99.265192,19.897324],[-99.267275,19.896325],[-99.267941,19.897241]]]}},{"type":"Feature","properties":{"PARCELA":"164 Z-1P9/11","NÚCLEO AG":"OCAMPO","TIPO NÚCL":"EJIDO","MUNICIPIO":"ATOTONILCO DE TULA","ESTADO":"HIDALGO","SUP":"252.461","TIPO DE PA":"PARCELAS INDIVIDUALES","CERTIFICAD":"275479","CALIDAD":"EJIDATARIO (A)","DOMICILIO":"16 DE SEPTIEMBRE 85, OCAMPO, HGO.","CURP":"CARL670508HHGHDS04","TITULAR":"JOSE LUIS CHAVEZ RODRIGUEZ"},"geometry":{"type":"Polygon","coordinates":[[[-99.3063,19.966279],[-99.306301,19.966135],[-99.306602,19.966294],[-99.3063,19.966279]]]}},{"type":"Feature","properties":{"SUP":"575.874"},"geometry":{"type":"Polygon","coordinates":[[[-99.306053,19.966217],[-99.305997,19.965978],[-99.306301,19.966135],[-99.3063,19.966279],[-99.306053,19.966217]]]}},{"type":"Feature","properties":{"PARCELA":"168Z-1P10/11","NÚCLEO AG":"OCAMPO","TIPO NÚCL":"EJIDO","MUNICIPIO":"ATOTONILCO DE TULA","ESTADO":"HIDALGO","SUP":"4868.594","TIPO DE PA":"PARCELAS INDIVIDUALES","CERTIFICAD":"152404","CALIDAD":"EJIDATARIO (A)","DOMICILIO":"CON., OCAMPO, ATOTONILCO DE TULA, HGO.","TITULAR":"CANDIDO CHAVEZ LOPEZ"},"geometry":{"type":"Polygon","coordinates":[[[-99.306397,19.965378],[-99.306199,19.964318],[-99.306399,19.964528],[-99.306514,19.964728],[-99.30668,19.965104],[-99.307079,19.96546],[-99.307096,19.96577],[-99.306397,19.965378]]]}},{"type":"Feature","properties":{"PARCELA":"169Z-1P10/11","NÚCLEO AG":"OCAMPO","TIPO NÚCL":"EJIDO","MUNICIPIO":"ATOTONILCO DE TULA","ESTADO":"HIDALGO","SUP":"2902.945","TIPO DE PA":"PARCELAS INDIVIDUALES","CERTIFICAD":"275480","CALIDAD":"EJIDATARIO (A)","DOMICILIO":"16 DE SEPTIEMBRE 85, OCAMPO, HGO.","CURP":"CARL670508HHGHDS04","TITULAR":"JOSE LUIS CHAVEZ RODRIGUEZ"},"geometry":{"type":"Polygon","coordinates":[[[-99.30615,19.965244],[-99.305926,19.964071],[-99.306199,19.964318],[-99.306397,19.965378],[-99.30615,19.965244]]]}},{"type":"Feature","properties":{"SUP":"29382.032"},"geometry":{"type":"Polygon","coordinates":[[[-99.539446,20.196874],[-99.537893,20.19637],[-99.538633,20.195316],[-99.540473,20.195937],[-99.540015,20.197046],[-99.539446,20.196874]]]}},{"type":"Feature","properties":{"SUP":"22446.099"},"geometry":{"type":"Polygon","coordinates":[[[-99.536814,20.194675],[-99.537617,20.193693],[-99.538776,20.194839],[-99.538478,20.19504],[-99.537869,20.195734],[-99.536814,20.194675]]]}},{"type":"Feature","properties":{"SUP":"23580.664"},"geometry":{"type":"Polygon","coordinates":[[[-99.534615,20.190347],[-99.535853,20.190346],[-99.535846,20.191904],[-99.534505,20.191952],[-99.534615,20.190347]]]}},{"type":"Feature","properties":{"SUP":"2053.577"},"geometry":{"type":"Polygon","coordinates":[[[-99.561223,20.208297],[-99.56188,20.207968],[-99.562502,20.207829],[-99.56272,20.207747],[-99.563037,20.207701],[-99.562745,20.207807],[-99.56226,20.207988],[-99.561239,20.208372],[-99.561223,20.208297]]]}},{"type":"Feature","properties":{"SUP":"43791.167"},"geometry":{"type":"Polygon","coordinates":[[[-99.563037,20.207701],[-99.56272,20.207747],[-99.562502,20.207829],[-99.56188,20.207968],[-99.561223,20.208297],[-99.560879,20.208486],[-99.560548,20.208717],[-99.560325,20.208905],[-99.560041,20.209165],[-99.559691,20.209531],[-99.559513,20.209376],[-99.561366,20.20693],[-99.562032,20.206572],[-99.562184,20.206529],[-99.562424,20.20652],[-99.562662,20.206577],[-99.563124,20.206753],[-99.563254,20.206832],[-99.563411,20.207145],[-99.563661,20.207529],[-99.563667,20.207615],[-99.563465,20.20765],[-99.563037,20.207701]]]}},{"type":"Feature","properties":{"SUP":"53385.634"},"geometry":{"type":"Polygon","coordinates":[[[-99.532141,20.191491],[-99.532913,20.191066],[-99.532946,20.190896],[-99.533557,20.190327],[-99.534615,20.190347],[-99.534505,20.191952],[-99.534078,20.192375],[-99.533164,20.192815],[-99.532218,20.193037],[-99.532141,20.191491]]]}},{"type":"Feature","properties":{"PARCELA":"116 Z-1 P5/5","NÚCLEO AG":"BATHA Y BARRIOS","TIPO NÚCL":"EJIDO","MUNICIPIO":"NOPALA DE VILLAGRÁN","ESTADO":"HIDALGO","SUP":"29794.426","TIPO DE PA":"PARCELAS INDIVIDUALES","CERTIFICAD":"55461","CALIDAD":"EJIDATARIO (A)","DOMICILIO":"CONOCIDO, BATHA, HGO.","TITULAR":"JOSE LUIS TORRES ZALDIVAR"},"geometry":{"type":"Polygon","coordinates":[[[-99.770117,20.227547],[-99.769807,20.227494],[-99.770208,20.225732],[-99.770766,20.225902],[-99.771487,20.226163],[-99.77162,20.226238],[-99.771164,20.227908],[-99.770117,20.227547]]]}},{"type":"Feature","properties":{"PARCELA":"117 Z-1 P5/5","NÚCLEO AG":"BATHA Y BARRIOS","TIPO NÚCL":"EJIDO","MUNICIPIO":"NOPALA DE VILLAGRÁN","ESTADO":"HIDALGO","SUP":"33249.32","TIPO DE PA":"PARCELAS INDIVIDUALES","CERTIFICAD":"55552","CALIDAD":"EJIDATARIO (A)","DOMICILIO":"CONOCIDO, BATHA Y BARRIOS, HGO.","TITULAR":"CRECENCIO GARCIA MARTINEZ"},"geometry":{"type":"Polygon","coordinates":[[[-99.768887,20.227454],[-99.768525,20.22702],[-99.76874,20.225067],[-99.769026,20.225207],[-99.76937,20.225429],[-99.770208,20.225732],[-99.769807,20.227494],[-99.768887,20.227454]]]}},{"type":"Feature","properties":{"PARCELA":"118 Z-1 P5/5","NÚCLEO AG":"BATHA Y BARRIOS","TIPO NÚCL":"EJIDO","MUNICIPIO":"NOPALA DE VILLAGRÁN","ESTADO":"HIDALGO","SUP":"36397.028","TIPO DE PA":"PARCELAS INDIVIDUALES","CERTIFICAD":"1031516","CALIDAD":"EJIDATARIO (A)","DOMICILIO":"COAXITHI, NOPALA DE VILLAGRAN, HGO.","CURP":"HEGP560809HHGRRB07","TITULAR":"PABLO HERNANDEZ GARCIA"},"geometry":{"type":"Polygon","coordinates":[[[-99.76874,20.225067],[-99.768525,20.22702],[-99.76686,20.225284],[-99.766455,20.224929],[-99.765478,20.224326],[-99.765907,20.224109],[-99.766221,20.224301],[-99.76837,20.225001],[-99.76874,20.225067]]]}},{"type":"Feature","properties":{"PARCELA":"120 Z-1 P 5","NÚCLEO AG":"BATHA Y BARRIOS","TIPO NÚCL":"EJIDO","MUNICIPIO":"NOPALA DE VILLAGRÁN","ESTADO":"HIDALGO","SUP":"25910.167","TIPO DE PA":"PARCELAS INDIVIDUALES","CERTIFICAD":"292239","CALIDAD":"POSESIONARIO (A)","DOMICILIO":"LOC. CUAXITHI, NOPALA DE VILLAGRAN, HGO.","TITULAR":"NABOR SANCHEZ OLVERA"},"geometry":{"type":"Polygon","coordinates":[[[-99.775351,20.227052],[-99.775409,20.22598],[-99.776718,20.226476],[-99.777396,20.227668],[-99.777229,20.227735],[-99.776637,20.227938],[-99.775351,20.227052]]]}},{"type":"Feature","properties":{"PARCELA":"123 Z-1 P5/5","NÚCLEO AG":"BATHA Y BARRIOS","TIPO NÚCL":"EJIDO","MUNICIPIO":"NOPALA DE VILLAGRÁN","ESTADO":"HIDALGO","SUP":"29742.47","TIPO DE PA":"PARCELAS INDIVIDUALES","CERTIFICAD":"1057851","CALIDAD":"EJIDATARIO (A)","DOMICILIO":"CUAXITHI, NOPALA DE VILLAGRAN, HGO.","CURP":"TOZM920325MQTRLR06","TITULAR":"MARISA TORRES ZALDIVAR"},"geometry":{"type":"Polygon","coordinates":[[[-99.77322,20.226622],[-99.772212,20.226305],[-99.772236,20.224471],[-99.772746,20.224642],[-99.773727,20.225015],[-99.773557,20.226718],[-99.77322,20.226622]]]}},{"type":"Feature","properties":{"SUP":"11231.855"},"geometry":{"type":"Polygon","coordinates":[[[-99.788893,20.232261],[-99.788861,20.232224],[-99.788846,20.232233],[-99.7887,20.231757],[-99.789056,20.231477],[-99.789189,20.231582],[-99.789229,20.231656],[-99.789433,20.231506],[-99.789548,20.231409],[-99.7897,20.231282],[-99.789802,20.231516],[-99.789903,20.231674],[-99.790013,20.231778],[-99.790112,20.231849],[-99.790033,20.232005],[-99.78956,20.232427],[-99.789323,20.232425],[-99.788972,20.232307],[-99.788893,20.232261]]]}},{"type":"Feature","properties":{"SUP":"12932.131"},"geometry":{"type":"Polygon","coordinates":[[[-99.789555,20.230979],[-99.789442,20.230974],[-99.789274,20.231025],[-99.78921,20.230984],[-99.789436,20.230754],[-99.789641,20.230369],[-99.789975,20.230499],[-99.790805,20.230827],[-99.790187,20.231866],[-99.790138,20.231841],[-99.79003,20.231757],[-99.789924,20.231656],[-99.789822,20.231504],[-99.789676,20.231154],[-99.789555,20.230979]]]}},{"type":"Feature","properties":{"SUP":"5287.447"},"geometry":{"type":"Polygon","coordinates":[[[-99.786461,20.229792],[-99.786686,20.229447],[-99.787329,20.230257],[-99.787004,20.230346],[-99.786638,20.230421],[-99.786549,20.23032],[-99.786461,20.229792]]]}},{"type":"Feature","properties":{"SUP":"19784.241"},"geometry":{"type":"Polygon","coordinates":[[[-99.786419,20.229423],[-99.78431,20.229376],[-99.783859,20.2291],[-99.783456,20.22885],[-99.783434,20.228789],[-99.783417,20.228334],[-99.783342,20.228167],[-99.783916,20.228361],[-99.783904,20.228401],[-99.78651,20.229302],[-99.786459,20.229426],[-99.786419,20.229423]]]}},{"type":"Feature","properties":{"SUP":"18419.155"},"geometry":{"type":"Polygon","coordinates":[[[-99.778824,20.227285],[-99.779575,20.228275],[-99.779972,20.228854],[-99.779948,20.22887],[-99.779299,20.228879],[-99.778601,20.228414],[-99.778225,20.228033],[-99.777873,20.227892],[-99.777723,20.227674],[-99.778824,20.227285]]]}},{"type":"Feature","properties":{"SUP":"22312.651"},"geometry":{"type":"Polygon","coordinates":[[[-99.779575,20.228275],[-99.778824,20.227285],[-99.779222,20.227129],[-99.779456,20.227374],[-99.77969,20.227485],[-99.779874,20.227466],[-99.779975,20.227325],[-99.782006,20.228833],[-99.782023,20.228848],[-99.781845,20.228854],[-99.780902,20.228654],[-99.780454,20.228537],[-99.779575,20.228275]]]}},{"type":"Feature","properties":{"SUP":"20013.365"},"geometry":{"type":"Polygon","coordinates":[[[-99.782312,20.227855],[-99.78212,20.228274],[-99.782115,20.228558],[-99.782042,20.228842],[-99.782015,20.228818],[-99.779646,20.227046],[-99.780023,20.226872],[-99.781148,20.227396],[-99.782312,20.227855]]]}},{"type":"Feature","properties":{"PARCELA":"100 Z-1 P2/6","NÚCLEO AG":"DAÑU","TIPO NÚCL":"EJIDO","MUNICIPIO":"NOPALA DE VILLAGRÁN","ESTADO":"HIDALGO","SUP":"11976.712","TIPO DE PA":"PARCELAS INDIVIDUALES","CERTIFICAD":"1022917","CALIDAD":"AVECINDADO (A)","DOMICILIO":"LOC. EL BORBOLLON, S/N, NOPALA DE VILLAGRAN, HGO.","TITULAR":"JOSEFA LUGO OLGUIN"},"geometry":{"type":"Polygon","coordinates":[[[-99.746404,20.222009],[-99.747341,20.221679],[-99.747785,20.222525],[-99.747094,20.223086],[-99.746404,20.222009]]]}},{"type":"Feature","properties":{"PARCELA":"101 Z-1 P2/6","NÚCLEO AG":"DAÑU","TIPO NÚCL":"EJIDO","MUNICIPIO":"NOPALA DE VILLAGRÁN","ESTADO":"HIDALGO","SUP":"60743.43","TIPO DE PA":"PARCELAS INDIVIDUALES","CERTIFICAD":"53559","CALIDAD":"EJIDATARIO (A)","DOMICILIO":"CONOCIDO, DAÑU, HGO.","CURP":"NAED430619HHGRSL05","TITULAR":"J. DOLORES NARVAEZ ESPINOSA"},"geometry":{"type":"Polygon","coordinates":[[[-99.744794,20.222578],[-99.744437,20.221686],[-99.746025,20.220629],[-99.746404,20.222009],[-99.747094,20.223086],[-99.745496,20.224535],[-99.744794,20.222578]]]}},{"type":"Feature","properties":{"PARCELA":"107 Z-1 P2/6","NÚCLEO AG":"DAÑU","TIPO NÚCL":"EJIDO","MUNICIPIO":"NOPALA DE VILLAGRÁN","ESTADO":"HIDALGO","SUP":"22096.881","TIPO DE PA":"PARCELAS INDIVIDUALES","CERTIFICAD":"276733","CALIDAD":"EJIDATARIO (A)","DOMICILIO":"CONOCIDO, DAÑU, HGO.","CURP":"MAFA740104HQTNNN06","TITULAR":"ANGEL MANZANO FUENTES"},"geometry":{"type":"Polygon","coordinates":[[[-99.744041,20.220805],[-99.745975,20.219625],[-99.746025,20.220629],[-99.744437,20.221686],[-99.744041,20.220805]]]}},{"type":"Feature","properties":{"PARCELA":"108 Z-1 P2/6","NÚCLEO AG":"DAÑU","TIPO NÚCL":"EJIDO","MUNICIPIO":"NOPALA DE VILLAGRÁN","ESTADO":"HIDALGO","SUP":"36694.258","TIPO DE PA":"PARCELAS INDIVIDUALES","CERTIFICAD":"1037961","CALIDAD":"EJIDATARIO (A)","DOMICILIO":"CONOCIDO, BORBOLLON, HGO.","CURP":"LUNF670517HHGGRL03","TITULAR":"FELIPE LUGO NARVAEZ"},"geometry":{"type":"Polygon","coordinates":[[[-99.743319,20.223256],[-99.742659,20.222037],[-99.744041,20.220805],[-99.744437,20.221686],[-99.744794,20.222578],[-99.743648,20.223567],[-99.743319,20.223256]]]}},{"type":"Feature","properties":{"PARCELA":"112 Z-1 P2/6","NÚCLEO AG":"DAÑU","TIPO NÚCL":"EJIDO","MUNICIPIO":"NOPALA DE VILLAGRÁN","ESTADO":"HIDALGO","SUP":"26800.403","TIPO DE PA":"PARCELAS INDIVIDUALES","CERTIFICAD":"53529","CALIDAD":"EJIDATARIO (A)","DOMICILIO":"CONOCIDO, DAÑU, HGO.","TITULAR":"JAVIERA GONZALEZ BASURTO"},"geometry":{"type":"Polygon","coordinates":[[[-99.741803,20.220274],[-99.74228,20.22041],[-99.742563,20.220521],[-99.742903,20.220376],[-99.743409,20.219717],[-99.744041,20.220805],[-99.742659,20.222037],[-99.741803,20.220274]]]}},{"type":"Feature","properties":{"PARCELA":"113 Z-1 P2/6","NÚCLEO AG":"DAÑU","TIPO NÚCL":"EJIDO","MUNICIPIO":"NOPALA DE VILLAGRÁN","ESTADO":"HIDALGO","SUP":"32614.435","TIPO DE PA":"PARCELAS INDIVIDUALES","CERTIFICAD":"1071863","CALIDAD":"EJIDATARIO (A)","DOMICILIO":"LOC. RUANO S/N, POLOTITLAN, MEXICO","TITULAR":"JULIAN ROMERO AGUILAR"},"geometry":{"type":"Polygon","coordinates":[[[-99.740689,20.221601],[-99.740803,20.221294],[-99.740884,20.221212],[-99.741803,20.220274],[-99.742659,20.222037],[-99.742258,20.222361],[-99.742183,20.222463],[-99.741501,20.222951],[-99.740689,20.221601]]]}},{"type":"Feature","properties":{"PARCELA":"118 Z1 P2/5","NÚCLEO AG":"DAÑU","TIPO NÚCL":"EJIDO","MUNICIPIO":"NOPALA DE VILLAGRÁN","ESTADO":"HIDALGO","SUP":"37333.426","TIPO DE PA":"PARCELAS INDIVIDUALES","CERTIFICAD":"1067578","CALIDAD":"EJIDATARIO (A)","DOMICILIO":"DAÑU S/N, NOPALA DE VILLAGRAN, HGO.","CURP":"LEMJ640516HHGLNN05","TITULAR":"JUAN LEAL MANZANO"},"geometry":{"type":"Polygon","coordinates":[[[-99.739421,20.219501],[-99.740815,20.218855],[-99.741803,20.220274],[-99.740884,20.221212],[-99.740803,20.221294],[-99.740689,20.221601],[-99.740104,20.220637],[-99.740011,20.220481],[-99.739421,20.219501]]]}},{"type":"Feature","properties":{"PARCELA":"135 Z-1 P2/6","NÚCLEO AG":"DAÑU","TIPO NÚCL":"EJIDO","MUNICIPIO":"NOPALA DE VILLAGRÁN","ESTADO":"HIDALGO","SUP":"32298.432","TIPO DE PA":"PARCELAS INDIVIDUALES","CERTIFICAD":"53534","CALIDAD":"EJIDATARIO (A)","DOMICILIO":"CONOCIDO, DAÑU, HGO.","CURP":"FUMM610614HHGNNG06","TITULAR":"MIGUEL FUENTES MANZANO"},"geometry":{"type":"Polygon","coordinates":[[[-99.734355,20.218926],[-99.732799,20.217832],[-99.733286,20.217544],[-99.734059,20.21752],[-99.734604,20.217867],[-99.735522,20.218833],[-99.735957,20.219539],[-99.735343,20.219783],[-99.734355,20.218926]]]}},{"type":"Feature","properties":{"PARCELA":"136 Z-1 P2/6","NÚCLEO AG":"DAÑU","TIPO NÚCL":"EJIDO","MUNICIPIO":"NOPALA DE VILLAGRÁN","ESTADO":"HIDALGO","SUP":"40215.091","TIPO DE PA":"PARCELAS INDIVIDUALES","CERTIFICAD":"53483","CALIDAD":"EJIDATARIO (A)","DOMICILIO":"CONOCIDO, DAÑU, HGO.","CURP":"MAFF480917HHGNNR05","TITULAR":"FRANCISCO MANZANO FUENTES"},"geometry":{"type":"Polygon","coordinates":[[[-99.73196,20.219681],[-99.731005,20.219028],[-99.732505,20.218033],[-99.732799,20.217832],[-99.734355,20.218926],[-99.73325,20.219468],[-99.732328,20.219921],[-99.73196,20.219681]]]}},{"type":"Feature","properties":{"PARCELA":"143 Z01 P2/6","NÚCLEO AG":"DAÑU","TIPO NÚCL":"EJIDO","MUNICIPIO":"NOPALA DE VILLAGRÁN","ESTADO":"HIDALGO","SUP":"40065.252","TIPO DE PA":"PARCELAS INDIVIDUALES","CERTIFICAD":"1025427","CALIDAD":"EJIDATARIO (A)","DOMICILIO":"LOC. EL MANANTIAL S/N, NOPALA DE VILLAGRAN, HGO.","TITULAR":"ABEL BASURTO GARCIA"},"geometry":{"type":"Polygon","coordinates":[[[-99.730285,20.218645],[-99.729927,20.217334],[-99.729956,20.216983],[-99.730607,20.216659],[-99.731234,20.217364],[-99.732231,20.217457],[-99.732505,20.218033],[-99.731005,20.219028],[-99.730285,20.218645]]]}},{"type":"Feature","properties":{"PARCELA":"148 Z-1 P2/6","NÚCLEO AG":"DAÑU","TIPO NÚCL":"EJIDO","MUNICIPIO":"NOPALA DE VILLAGRÁN","ESTADO":"HIDALGO","SUP":"35237.442","TIPO DE PA":"PARCELAS INDIVIDUALES","CERTIFICAD":"53429","CALIDAD":"EJIDATARIO (A)","DOMICILIO":"CONOCIDO, DAÑU, HGO.","CURP":"GURA630616MHGRML02","TITULAR":"ALICIA GUERRERO ROMERO"},"geometry":{"type":"Polygon","coordinates":[[[-99.729425,20.218509],[-99.729097,20.218425],[-99.727662,20.21761],[-99.728781,20.217424],[-99.728736,20.217068],[-99.729259,20.216444],[-99.729698,20.216147],[-99.730028,20.216309],[-99.729956,20.216983],[-99.729927,20.217334],[-99.730285,20.218645],[-99.729425,20.218509]]]}},{"type":"Feature","properties":{"PARCELA":"84 Z-1 P2/6","NÚCLEO AG":"DAÑU","TIPO NÚCL":"EJIDO","MUNICIPIO":"NOPALA DE VILLAGRÁN","ESTADO":"HIDALGO","SUP":"55275.762","TIPO DE PA":"PARCELAS INDIVIDUALES","CERTIFICAD":"53422","CALIDAD":"EJIDATARIO (A)","DOMICILIO":"CONOCIDO, DAÑU, HGO.","CURP":"BARI740911HHGRVG09","TITULAR":"IGNACIO BRAVO RIVERA"},"geometry":{"type":"Polygon","coordinates":[[[-99.749385,20.225536],[-99.749269,20.223487],[-99.750308,20.22296],[-99.750523,20.224304],[-99.750948,20.225049],[-99.751329,20.225172],[-99.750644,20.227267],[-99.749385,20.225536]]]}},{"type":"Feature","properties":{"PARCELA":"85 Z01 P2/6","NÚCLEO AG":"DAÑU","TIPO NÚCL":"EJIDO","MUNICIPIO":"NOPALA DE VILLAGRÁN","ESTADO":"HIDALGO","SUP":"65676.864","TIPO DE PA":"PARCELAS INDIVIDUALES","CERTIFICAD":"1024649","CALIDAD":"EJIDATARIO (A)","DOMICILIO":"EL BORBOLLON, NOPALA DE VILLAGRAN, HGO.","CURP":"IIGF580902MHGRTR03","TITULAR":"FRANCISCA IRINEO GUTIERREZ"},"geometry":{"type":"Polygon","coordinates":[[[-99.747229,20.22361],[-99.749111,20.221916],[-99.749693,20.222079],[-99.750104,20.222375],[-99.750308,20.22296],[-99.749269,20.223487],[-99.749385,20.225536],[-99.748929,20.225883],[-99.747229,20.22361]]]}},{"type":"Feature","properties":{"PARCELA":"205 Z-0Z P2/6","NÚCLEO AG":"DAÑU","TIPO NÚCL":"EJIDO","MUNICIPIO":"NOPALA DE VILLAGRÁN","ESTADO":"HIDALGO","SUP":"14914.001","TIPO DE PA":"PARCELAS INDIVIDUALES","CERTIFICAD":"1081748","CALIDAD":"EJIDATARIO (A)","DOMICILIO":"PEDREGALES BORBOLLON S/N, NOPALA DE VILLAGRAN, HIDALGO","TITULAR":"LEONARDA HERRERA FUENTES"},"geometry":{"type":"Polygon","coordinates":[[[-99.725875,20.215907],[-99.72639,20.215854],[-99.727084,20.216159],[-99.727648,20.216628],[-99.727554,20.217066],[-99.727085,20.217407],[-99.725875,20.215907]]]}},{"type":"Feature","properties":{"PARCELA":"206 Z-Z P2/6","NÚCLEO AG":"DAÑU","TIPO NÚCL":"EJIDO","MUNICIPIO":"NOPALA DE VILLAGRÁN","ESTADO":"HIDALGO","SUP":"27262.426","TIPO DE PA":"PARCELAS INDIVIDUALES","CERTIFICAD":"1024604","CALIDAD":"EJIDATARIO (A)","DOMICILIO":"CONOCIDO, EL FRESNO, HGO.","TITULAR":"FIDEL LUGO CHAVEZ"},"geometry":{"type":"Polygon","coordinates":[[[-99.725875,20.215907],[-99.727085,20.217407],[-99.726185,20.218047],[-99.724654,20.21582],[-99.725875,20.215907]]]}},{"type":"Feature","properties":{"PARCELA":"19 Z-1 P1/10","NÚCLEO AG":"LA PALMA","TIPO NÚCL":"EJIDO","MUNICIPIO":"NOPALA DE VILLAGRÁN","ESTADO":"HIDALGO","SUP":"11823.885","TIPO DE PA":"PARCELAS INDIVIDUALES","CERTIFICAD":"169262","CALIDAD":"EJIDATARIO (A)","DOMICILIO":"CON., LA PALMA, NOPALA DE VILLAGRAN, HGO","CURP":"ZAAF461003HDFMGR09","TITULAR":"FERNANDO ZAMORA AGUILAR"},"geometry":{"type":"Polygon","coordinates":[[[-99.643127,20.220486],[-99.643146,20.220392],[-99.643112,20.219995],[-99.644556,20.219847],[-99.644574,20.220578],[-99.64408,20.220666],[-99.643815,20.220736],[-99.643127,20.220486]]]}},{"type":"Feature","properties":{"PARCELA":"26 Z-1 P2/10","NÚCLEO AG":"LA PALMA","TIPO NÚCL":"EJIDO","MUNICIPIO":"NOPALA DE VILLAGRÁN","ESTADO":"HIDALGO","SUP":"29095.188","TIPO DE PA":"PARCELAS INDIVIDUALES","CERTIFICAD":"154924","CALIDAD":"EJIDATARIO (A)","DOMICILIO":"LA PALMA, NOPALA DE VILLAGRAN, HGO.","CURP":"DICE671213HHGZMV07","TITULAR":"EVERARDO DIAZ CAMACHO"},"geometry":{"type":"Polygon","coordinates":[[[-99.669985,20.218757],[-99.672269,20.218513],[-99.672517,20.219753],[-99.670362,20.21975],[-99.669985,20.218757]]]}},{"type":"Feature","properties":{"PARCELA":"393 Z-1 P7/9","NÚCLEO AG":"SAN SEBASTIAN TENOXTITLAN","TIPO NÚCL":"EJIDO","MUNICIPIO":"NOPALA DE VILLAGRÁN","ESTADO":"HIDALGO","SUP":"8143.745","TIPO DE PA":"PARCELAS INDIVIDUALES","CERTIFICAD":"1046833","CALIDAD":"EJIDATARIO (A)","DOMICILIO":"C., SAN SEBASTIAN TENOCH., NOPALA, HGO.","CURP":"CAQA730330HHGLNL01","TITULAR":"ALFREDO CALLEJAS QUINTANAR"},"geometry":{"type":"Polygon","coordinates":[[[-99.67882,20.218065],[-99.678863,20.217949],[-99.679265,20.217889],[-99.679368,20.218494],[-99.679612,20.218817],[-99.679308,20.218929],[-99.678784,20.219008],[-99.678625,20.218688],[-99.678629,20.218498],[-99.67882,20.218065]]]}},{"type":"Feature","properties":{"PARCELA":"394 Z-1 P7/9","NÚCLEO AG":"SAN SEBASTIAN TENOXTITLAN","TIPO NÚCL":"EJIDO","MUNICIPIO":"NOPALA DE VILLAGRÁN","ESTADO":"HIDALGO","SUP":"17084.203","TIPO DE PA":"PARCELAS INDIVIDUALES","CERTIFICAD":"166232","CALIDAD":"EJIDATARIO (A)","DOMICILIO":"C., SAN SEBASTIAN TENOCH., NOPALA, HGO.","CURP":"CAQA730330HHGLNL01","TITULAR":"ALFREDO CALLEJAS QUINTANAR"},"geometry":{"type":"Polygon","coordinates":[[[-99.67572,20.218454],[-99.675709,20.21819],[-99.678863,20.217949],[-99.67882,20.218065],[-99.677024,20.218863],[-99.67572,20.218454]]]}},{"type":"Feature","properties":{"SUP":"24708.171"},"geometry":{"type":"Polygon","coordinates":[[[-99.294726,19.9386],[-99.295563,19.938247],[-99.295153,19.937864],[-99.295764,19.937324],[-99.296086,19.937595],[-99.296588,19.937997],[-99.296021,19.938311],[-99.296979,19.939175],[-99.295576,19.939318],[-99.294726,19.9386]]]}},{"type":"Feature","properties":{"SUP":"3454.776"},"geometry":{"type":"Polygon","coordinates":[[[-99.294385,19.938797],[-99.294666,19.938651],[-99.29548,19.939338],[-99.295071,19.939396],[-99.294385,19.938797]]]}},{"type":"Feature","properties":{"SUP":"15553.537"},"geometry":{"type":"Polygon","coordinates":[[[-99.294479,19.937185],[-99.295153,19.937864],[-99.295563,19.938247],[-99.294726,19.9386],[-99.294294,19.938238],[-99.293802,19.937782],[-99.29357,19.937532],[-99.294479,19.937185]]]}},{"type":"Feature","properties":{"SUP":"21196.409"},"geometry":{"type":"Polygon","coordinates":[[[-99.312086,20.0348],[-99.312656,20.032961],[-99.313315,20.033109],[-99.314109,20.033322],[-99.313222,20.034238],[-99.312663,20.034553],[-99.31247,20.034936],[-99.312086,20.0348]]]}},{"type":"Feature","properties":{"SUP":"11004.748"},"geometry":{"type":"Polygon","coordinates":[[[-99.303341,19.983019],[-99.303758,19.982497],[-99.304549,19.9827],[-99.304412,19.983032],[-99.304432,19.98324],[-99.304127,19.983734],[-99.303468,19.983393],[-99.303385,19.983247],[-99.303341,19.983019]]]}},{"type":"Feature","properties":{"SUP":"4652.763"},"geometry":{"type":"Polygon","coordinates":[[[-99.313419,20.035191],[-99.313652,20.035254],[-99.313754,20.035287],[-99.313583,20.03608],[-99.313125,20.036763],[-99.313419,20.035191]]]}},{"type":"Feature","properties":{"SUP":"7522.898"},"geometry":{"type":"Polygon","coordinates":[[[-99.312722,20.03708],[-99.313086,20.035101],[-99.313419,20.035191],[-99.313125,20.036763],[-99.313016,20.036913],[-99.312859,20.037144],[-99.312722,20.03708]]]}},{"type":"Feature","properties":{"SUP":"8912.603"},"geometry":{"type":"Polygon","coordinates":[[[-99.312545,20.037059],[-99.312321,20.037008],[-99.31237,20.036944],[-99.312713,20.034999],[-99.313086,20.035101],[-99.312722,20.03708],[-99.312545,20.037059]]]}},{"type":"Feature","properties":{"SUP":"5479.721"},"geometry":{"type":"Polygon","coordinates":[[[-99.312586,20.040571],[-99.312917,20.040404],[-99.312982,20.040395],[-99.313002,20.041212],[-99.312393,20.041742],[-99.312586,20.040571]]]}},{"type":"Feature","properties":{"SUP":"1862.203"},"geometry":{"type":"Polygon","coordinates":[[[-99.313626,20.037274],[-99.313695,20.037335],[-99.313354,20.038201],[-99.312982,20.040395],[-99.312917,20.040404],[-99.313322,20.038197],[-99.313626,20.037274]]]}},{"type":"Feature","properties":{"SUP":"6745.518"},"geometry":{"type":"Polygon","coordinates":[[[-99.312263,20.039697],[-99.31271,20.037636],[-99.31298,20.037507],[-99.312412,20.04017],[-99.312263,20.039697]]]}},{"type":"Feature","properties":{"SUP":"6060.069"},"geometry":{"type":"Polygon","coordinates":[[[-99.331272,20.067384],[-99.331721,20.067354],[-99.332619,20.0672],[-99.332721,20.067682],[-99.332513,20.067878],[-99.331299,20.067454],[-99.331272,20.067384]]]}},{"type":"Feature","properties":{"SUP":"19913.02"},"geometry":{"type":"Polygon","coordinates":[[[-99.454765,20.088383],[-99.454807,20.088314],[-99.455135,20.087063],[-99.45637,20.08796],[-99.456022,20.088991],[-99.454765,20.088383]]]}},{"type":"Feature","properties":{"SUP":"35127.43"},"geometry":{"type":"Polygon","coordinates":[[[-99.451613,20.086516],[-99.453299,20.086688],[-99.45296,20.088401],[-99.451362,20.08848],[-99.451613,20.086516]]]}},{"type":"Feature","properties":{"SUP":"49626.783"},"geometry":{"type":"Polygon","coordinates":[[[-99.449993,20.08442],[-99.449669,20.086463],[-99.447822,20.086336],[-99.448076,20.08392],[-99.449993,20.08442]]]}},{"type":"Feature","properties":{"SUP":"50626.742"},"geometry":{"type":"Polygon","coordinates":[[[-99.445887,20.086181],[-99.446043,20.084168],[-99.44784,20.083863],[-99.448034,20.083912],[-99.447763,20.086355],[-99.445887,20.086181]]]}},{"type":"Feature","properties":{"SUP":"45704.832"},"geometry":{"type":"Polygon","coordinates":[[[-99.39229,20.084606],[-99.392755,20.080656],[-99.393708,20.080729],[-99.393133,20.085191],[-99.39229,20.084606]]]}},{"type":"Feature","properties":{"SUP":"20837.532"},"geometry":{"type":"Polygon","coordinates":[[[-99.39188,20.084271],[-99.39226,20.080617],[-99.392755,20.080656],[-99.39229,20.084606],[-99.392205,20.084536],[-99.39188,20.084271]]]}},{"type":"Feature","properties":{"PARCELA":"320 Z04 P1/3","NÚCLEO AG":"IGNACIO ZARAGOZA","TIPO NÚCL":"EJIDO","MUNICIPIO":"TULA DE ALLENDE","ESTADO":"HIDALGO","SUP":"43710.987","TIPO DE PA":"PARCELAS INDIVIDUALES CON DOMINIO PLENO","CALIDAD":"EJIDATARIO (A)","DOMICILIO":"CONOCIDO, IGNACIO ZARAGOZA, TULA, HGO.","TITULAR":"ANASTACIO CHAVEZ PICHARDO","nombre":"MQ-TUL-030-5"},"geometry":{"type":"Polygon","coordinates":[[[-99.309708,20.008405],[-99.309157,20.008308],[-99.308935,20.008401],[-99.308924,20.008493],[-99.308712,20.005984],[-99.309745,20.005963],[-99.310932,20.00824],[-99.310669,20.008323],[-99.310713,20.008475],[-99.310833,20.008595],[-99.310205,20.008381],[-99.309708,20.008405]]]}},{"type":"Feature","properties":{"SUP":"9992.11"},"geometry":{"type":"Polygon","coordinates":[[[-99.368705,20.089286],[-99.36803,20.088692],[-99.368705,20.088007],[-99.36938,20.088601],[-99.368705,20.089286]]]}},{"type":"Feature","properties":{"SUP":"9977.141"},"geometry":{"type":"Polygon","coordinates":[[[-99.370039,20.089195],[-99.369245,20.08883],[-99.370209,20.087853],[-99.370629,20.088051],[-99.370039,20.089195]]]}},{"type":"Feature","properties":{"SUP":"9961.567"},"geometry":{"type":"Polygon","coordinates":[[[-99.36938,20.088601],[-99.368705,20.088007],[-99.369286,20.087419],[-99.370146,20.087824],[-99.36938,20.088601]]]}},{"type":"Feature","properties":{"SUP":"64936.033"},"geometry":{"type":"Polygon","coordinates":[[[-99.842012,20.24491],[-99.841183,20.244169],[-99.84038,20.24345],[-99.839569,20.242727],[-99.838732,20.241991],[-99.838408,20.24171],[-99.839258,20.240824],[-99.840537,20.241145],[-99.841744,20.24392],[-99.842424,20.244759],[-99.842267,20.245136],[-99.842012,20.24491]]]}},{"type":"Feature","properties":{"SUP":"31859.324"},"geometry":{"type":"Polygon","coordinates":[[[-99.506712,20.134227],[-99.507151,20.133926],[-99.510307,20.138437],[-99.510563,20.138922],[-99.510907,20.139837],[-99.506712,20.134227]]]}},{"type":"Feature","properties":{"SUP":"34182.041"},"geometry":{"type":"Polygon","coordinates":[[[-99.198381,19.818868],[-99.198667,19.819891],[-99.196367,19.820524],[-99.195984,19.81917],[-99.198381,19.818868]]]}},{"type":"Feature","properties":{"SUP":"35488.464"},"geometry":{"type":"Polygon","coordinates":[[[-99.196367,19.820524],[-99.198667,19.819891],[-99.199086,19.821245],[-99.196663,19.82161],[-99.196367,19.820524]]]}},{"type":"Feature","properties":{"SUP":"9737.551"},"geometry":{"type":"Polygon","coordinates":[[[-99.175132,19.715965],[-99.173525,19.715883],[-99.173657,19.715247],[-99.175221,19.715596],[-99.17523,19.71597],[-99.175132,19.715965]]]}},{"type":"Feature","properties":{"SUP":"10496.26"},"geometry":{"type":"Polygon","coordinates":[[[-99.173692,19.714927],[-99.173831,19.71432],[-99.175187,19.714625],[-99.175208,19.715251],[-99.173692,19.714927]]]}},{"type":"Feature","properties":{"SUP":"8799.482"},"geometry":{"type":"Polygon","coordinates":[[[-99.173831,19.71432],[-99.173935,19.713767],[-99.175154,19.714015],[-99.175187,19.714625],[-99.173831,19.71432]]]}},{"type":"Feature","properties":{"SUP":"8480.869"},"geometry":{"type":"Polygon","coordinates":[[[-99.173935,19.713767],[-99.17404,19.713167],[-99.175132,19.713366],[-99.175154,19.714015],[-99.173935,19.713767]]]}},{"type":"Feature","properties":{"PARCELA":"Pendiente","SUP":"6692.944"},"geometry":{"type":"Polygon","coordinates":[[[-99.17404,19.713167],[-99.174156,19.712635],[-99.175111,19.712788],[-99.175132,19.713366],[-99.17404,19.713167]]]}},{"type":"Feature","properties":{"SUP":"2676.587"},"geometry":{"type":"Polygon","coordinates":[[[-99.1933,19.81175],[-99.193167,19.81001],[-99.193583,19.811983],[-99.1933,19.81175]]]}},{"type":"Feature","properties":{"SUP":"321.13"},"geometry":{"type":"Polygon","coordinates":[[[-99.192985,19.811491],[-99.193144,19.811316],[-99.193166,19.81164],[-99.192985,19.811491]]]}},{"type":"Feature","properties":{"SUP":"2231.399"},"geometry":{"type":"Polygon","coordinates":[[[-99.192624,19.810509],[-99.193057,19.810043],[-99.193114,19.810871],[-99.192624,19.810509]]]}},{"type":"Feature","properties":{"SUP":"10386.92"},"geometry":{"type":"Polygon","coordinates":[[[-99.191471,19.80898],[-99.191772,19.808663],[-99.192115,19.808293],[-99.192697,19.808718],[-99.192772,19.808993],[-99.192196,19.809574],[-99.191471,19.80898]]]}},{"type":"Feature","properties":{"SUP":"5408.927"},"geometry":{"type":"Polygon","coordinates":[[[-99.192115,19.808293],[-99.191785,19.808033],[-99.192353,19.80745],[-99.192697,19.808718],[-99.192115,19.808293]]]}},{"type":"Feature","properties":{"SUP":"5407.793"},"geometry":{"type":"Polygon","coordinates":[[[-99.191401,19.807734],[-99.192211,19.806927],[-99.192353,19.80745],[-99.191785,19.808033],[-99.191401,19.807734]]]}},{"type":"Feature","properties":{"SUP":"4232.798"},"geometry":{"type":"Polygon","coordinates":[[[-99.191284,19.80641],[-99.191573,19.806133],[-99.192124,19.806607],[-99.192198,19.806877],[-99.192033,19.807042],[-99.191284,19.80641]]]}},{"type":"Feature","properties":{"SUP":"6701.326"},"geometry":{"type":"Polygon","coordinates":[[[-99.189438,19.800118],[-99.189904,19.799637],[-99.190288,19.79984],[-99.190431,19.800364],[-99.190137,19.800686],[-99.189438,19.800118]]]}},{"type":"Feature","properties":{"PARCELA":"58 Z-4 P1/6","NÚCLEO AG":"SANTA BARBARA","TIPO NÚCL":"EJIDO","MUNICIPIO":"CUAUTITLÁN IZCALLI","ESTADO":"MÉXICO","SUP":"14442.852","TIPO DE PA":"PARCELAS INDIVIDUALES CON DOMINIO PLENO","CALIDAD":"EJIDATARIO (A)","DOMICILIO":"CONOCIDO, SANTA BARBARA, MEXICO","CURP":"PEIR520413HMCRSB08","TITULAR":"ROBERTO PRESTADO ISLAS"},"geometry":{"type":"Polygon","coordinates":[[[-99.176404,19.730935],[-99.176382,19.730431],[-99.176488,19.730162],[-99.178125,19.73059],[-99.177999,19.731271],[-99.176404,19.730935]]]}},{"type":"Feature","properties":{"SUP":"7632.412"},"geometry":{"type":"Polygon","coordinates":[[[-99.192742,19.806847],[-99.194187,19.806504],[-99.194244,19.80671],[-99.194295,19.806942],[-99.192851,19.807268],[-99.192742,19.806847]]]}},{"type":"Feature","properties":{"SUP":"7833.3"},"geometry":{"type":"Polygon","coordinates":[[[-99.19263,19.806398],[-99.194067,19.80607],[-99.194187,19.806504],[-99.192742,19.806847],[-99.19263,19.806398]]]}},{"type":"Feature","properties":{"SUP":"8236.916"},"geometry":{"type":"Polygon","coordinates":[[[-99.191147,19.801143],[-99.191579,19.801052],[-99.191836,19.801191],[-99.192509,19.8015],[-99.192628,19.801639],[-99.191349,19.801893],[-99.191147,19.801143]]]}},{"type":"Feature","properties":{"SUP":"171.554"},"geometry":{"type":"Polygon","coordinates":[[[-99.190989,19.799937],[-99.19115,19.800087],[-99.190919,19.800055],[-99.190989,19.799937]]]}},{"type":"Feature","properties":{"SUP":"6527.664"},"geometry":{"type":"Polygon","coordinates":[[[-99.190038,19.79648],[-99.190278,19.797346],[-99.190408,19.797814],[-99.190544,19.798367],[-99.190706,19.798943],[-99.190971,19.799773],[-99.190775,19.799822],[-99.189889,19.796516],[-99.190038,19.79648]]]}},{"type":"Feature","properties":{"SUP":"1622.655"},"geometry":{"type":"Polygon","coordinates":[[[-99.189791,19.795557],[-99.190029,19.796432],[-99.189872,19.79646],[-99.189643,19.795583],[-99.189791,19.795557]]]}},{"type":"Feature","properties":{"SUP":"1568.243"},"geometry":{"type":"Polygon","coordinates":[[[-99.189548,19.79462],[-99.189651,19.795019],[-99.18971,19.795248],[-99.18974,19.795365],[-99.189767,19.79547],[-99.189624,19.795503],[-99.189391,19.794649],[-99.189548,19.79462]]]}},{"type":"Feature","properties":{"SUP":"1691.882"},"geometry":{"type":"Polygon","coordinates":[[[-99.189289,19.793684],[-99.189532,19.794555],[-99.189371,19.794575],[-99.189125,19.793688],[-99.189289,19.793684]]]}},{"type":"Feature","properties":{"SUP":"1646.36"},"geometry":{"type":"Polygon","coordinates":[[[-99.189951,19.799436],[-99.189842,19.799068],[-99.189291,19.797012],[-99.189372,19.797071],[-99.190002,19.799463],[-99.189951,19.799436]]]}},{"type":"Feature","properties":{"SUP":"4139.451"},"geometry":{"type":"Polygon","coordinates":[[[-99.188686,19.79874],[-99.188803,19.798497],[-99.189118,19.798665],[-99.189842,19.799068],[-99.189951,19.799436],[-99.188686,19.79874]]]}},{"type":"Feature","properties":{"SUP":"47.558"},"geometry":{"type":"Polygon","coordinates":[[[-99.189291,19.797012],[-99.189239,19.796996],[-99.189348,19.796982],[-99.189372,19.797071],[-99.189291,19.797012]]]}},{"type":"Feature","properties":{"nombre":"Polígono sin título"},"geometry":{"type":"Polygon","coordinates":[[[-99.451888,20.084923],[-99.450002,20.084434],[-99.449685,20.086454],[-99.451565,20.086548],[-99.451888,20.084923]]]}},{"type":"Feature","properties":{"nombre":"Polígono sin título"},"geometry":{"type":"Polygon","coordinates":[[[-99.937101,20.297476],[-99.939028,20.297322],[-99.93894,20.294187],[-99.93708,20.294263],[-99.937101,20.297476]]]}},{"type":"Feature","properties":{"SUP":"705.995"},"geometry":{"type":"Polygon","coordinates":[[[-99.188323,19.793183],[-99.188359,19.793225],[-99.188474,19.793662],[-99.188223,19.793602],[-99.188323,19.793183]]]}},{"type":"Feature","properties":{"nombre":"Polígono sin título"},"geometry":{"type":"Polygon","coordinates":[[[-99.93781,20.302423],[-99.936844,20.301119],[-99.935946,20.301132],[-99.936222,20.301499],[-99.936345,20.302088],[-99.936932,20.302699],[-99.937053,20.302866],[-99.93781,20.302423]]]}},{"type":"Feature","properties":{"nombre":"Polígono sin título"},"geometry":{"type":"Polygon","coordinates":[[[-99.938889,20.305651],[-99.938804,20.305514],[-99.937059,20.306828],[-99.937171,20.306972],[-99.938889,20.305651]]]}},{"type":"Feature","properties":{"nombre":"Polígono sin título"},"geometry":{"type":"Polygon","coordinates":[[[-99.938489,20.307088],[-99.937778,20.307728],[-99.938848,20.309107],[-99.93967,20.308626],[-99.938489,20.307088]]]}},{"type":"Feature","properties":{"nombre":"Polígono sin título"},"geometry":{"type":"Polygon","coordinates":[[[-99.939881,20.310935],[-99.940094,20.310711],[-99.940003,20.310534],[-99.938606,20.310618],[-99.937449,20.31083],[-99.937571,20.310969],[-99.939881,20.310935]]]}},{"type":"Feature","properties":{"nombre":"Polígono sin título"},"geometry":{"type":"Polygon","coordinates":[[[-99.311058,20.015525],[-99.311059,20.015495],[-99.310995,20.015307],[-99.311058,20.015525]]]}},{"type":"Feature","properties":{"nombre":"Polígono sin título"},"geometry":{"type":"Polygon","coordinates":[[[-99.312585,20.019971],[-99.312485,20.019515],[-99.312468,20.019519],[-99.312585,20.019971]]]}},{"type":"Feature","properties":{"nombre":"Polígono sin título"},"geometry":{"type":"Polygon","coordinates":[[[-99.312889,20.022216],[-99.312524,20.022366],[-99.31256,20.022862],[-99.31295,20.022953],[-99.312889,20.022216]]]}},{"type":"Feature","properties":{"nombre":"Polígono sin título"},"geometry":{"type":"Polygon","coordinates":[[[-99.312809,20.024567],[-99.312647,20.024509],[-99.312678,20.02616],[-99.312977,20.026318],[-99.313058,20.026156],[-99.313017,20.024305],[-99.312809,20.024567]]]}},{"type":"Feature","properties":{"nombre":"Polígono sin título"},"geometry":{"type":"Polygon","coordinates":[[[-99.313056,20.026201],[-99.312987,20.026333],[-99.31267,20.026172],[-99.312689,20.026805],[-99.313057,20.02674],[-99.313056,20.026201]]]}},{"type":"Feature","properties":{"nombre":"Polígono sin título"},"geometry":{"type":"Polygon","coordinates":[[[-100.198104,20.604602],[-100.197808,20.60461],[-100.198092,20.605209],[-100.198431,20.605214],[-100.198104,20.604602]]]}},{"type":"Feature","properties":{"nombre":"Polígono sin título"},"geometry":{"type":"Polygon","coordinates":[[[-100.197821,20.604099],[-100.197594,20.604109],[-100.197609,20.604172],[-100.197861,20.604165],[-100.197821,20.604099]]]}},{"type":"Feature","properties":{"nombre":"Polígono sin título"},"geometry":{"type":"Polygon","coordinates":[[[-100.19607,20.600024],[-100.196042,20.599971],[-100.19598,20.600038],[-100.195998,20.600092],[-100.19607,20.600024]]]}},{"type":"Feature","properties":{"nombre":"Polígono sin título"},"geometry":{"type":"Polygon","coordinates":[[[-100.198595,20.605331],[-100.198176,20.605384],[-100.19854,20.606095],[-100.198838,20.606622],[-100.199115,20.607073],[-100.199427,20.607517],[-100.200174,20.607323],[-100.198595,20.605331]]]}}]}