{"type":"FeatureCollection","features":[{"type":"Feature","properties":{"fid":"2011","NOM_SEDATU":"MQ-QUE-089","Folio Electrónico":"0","nombre":"MQ-QUE-089"},"geometry":{"type":"Polygon","coordinates":[[[-100.3743,20.603421],[-100.374288,20.603451],[-100.374128,20.603392],[-100.374107,20.603385],[-100.374135,20.603318],[-100.374315,20.603382],[-100.3743,20.603421]]]}},{"type":"Feature","properties":{"fid":"2141","NOM_SEDATU":"MQ-QUE-073-6","nombre":"MQ-QUE-073-6"},"geometry":{"type":"Polygon","coordinates":[[[-100.366037,20.604197],[-100.366037,20.604197],[-100.365502,20.604192],[-100.365102,20.60416],[-100.364332,20.604052],[-100.363642,20.603912],[-100.363089,20.60374],[-100.362526,20.603507],[-100.361977,20.60324],[-100.361447,20.602945],[-100.360962,20.602664],[-100.36041,20.602382],[-100.359704,20.602083],[-100.35971,20.602046],[-100.360048,20.602131],[-100.360401,20.602291],[-100.360679,20.602463],[-100.361198,20.602717],[-100.361776,20.603016],[-100.362496,20.603364],[-100.363069,20.603598],[-100.363492,20.603737],[-100.363924,20.603852],[-100.364442,20.603955],[-100.364908,20.603997],[-100.365171,20.603984],[-100.366044,20.603961],[-100.366037,20.604197]]]}},{"type":"Feature","properties":{"fid":"2142","NOM_SEDATU":"MQ-QUE-028-1","nombre":"MQ-QUE-028-1"},"geometry":{"type":"Polygon","coordinates":[[[-100.357397,20.601736],[-100.356572,20.601743],[-100.356031,20.601793],[-100.355338,20.601877],[-100.354506,20.602054],[-100.354261,20.602148],[-100.353675,20.60236],[-100.353581,20.602214],[-100.354269,20.601958],[-100.35499,20.601678],[-100.355528,20.601572],[-100.356123,20.601598],[-100.357396,20.601636],[-100.357397,20.601736]]]}},{"type":"Feature","properties":{"fid":"2143","NOM_SEDATU":"MQ-QUE-024-1","nombre":"MQ-QUE-024-1"},"geometry":{"type":"Polygon","coordinates":[[[-100.353675,20.60236],[-100.352901,20.602704],[-100.352883,20.602652],[-100.3536,20.602243],[-100.353675,20.60236]]]}},{"type":"Feature","properties":{"fid":"2147","NOM_SEDATU":"MQ-QUE-013-17","nombre":"MQ-QUE-013-17"},"geometry":{"type":"Polygon","coordinates":[[[-100.352883,20.602652],[-100.352896,20.602899],[-100.351649,20.603599],[-100.350872,20.604108],[-100.350612,20.604263],[-100.350434,20.604179],[-100.350317,20.60416],[-100.350076,20.60433],[-100.349934,20.604195],[-100.350556,20.603818],[-100.351921,20.603158],[-100.352473,20.602891],[-100.352883,20.602652]]]}},{"type":"Feature","properties":{"fid":"787","NOM_SEDATU":"MQ-MAR-107","Entidad":"Querétaro","Municipio":"El Marqués","Folio Electrónico":"En investigación","Cuenta Catastral":"110100101046035","nombre":"MQ-MAR-107"},"geometry":{"type":"Polygon","coordinates":[[[-100.344841,20.608877],[-100.344396,20.608808],[-100.34427,20.608868],[-100.344228,20.608867],[-100.343935,20.607925],[-100.343642,20.606984],[-100.343636,20.606965],[-100.343586,20.606805],[-100.343511,20.606565],[-100.343476,20.606451],[-100.343465,20.606415],[-100.343467,20.606414],[-100.343502,20.606393],[-100.343604,20.606334],[-100.343801,20.606221],[-100.343828,20.606206],[-100.343958,20.606139],[-100.343986,20.606127],[-100.343993,20.60615],[-100.344013,20.606215],[-100.344048,20.606325],[-100.344122,20.606564],[-100.34417,20.60672],[-100.344412,20.607495],[-100.344462,20.607657],[-100.344501,20.607783],[-100.344541,20.607909],[-100.344591,20.608071],[-100.344592,20.608075],[-100.344841,20.608877]]]}},{"type":"Feature","properties":{"fid":"752","NOM_SEDATU":"MQ-MAR-082","Entidad":"Querétaro","Municipio":"El Marqués","Folio Electrónico":"En investigación","Cuenta Catastral":"110100101040079","nombre":"MQ-MAR-082"},"geometry":{"type":"Polygon","coordinates":[[[-100.319132,20.618612],[-100.319232,20.618526],[-100.319274,20.618576],[-100.319282,20.618584],[-100.319346,20.618651],[-100.319396,20.618702],[-100.319421,20.61874],[-100.319476,20.618802],[-100.319497,20.618821],[-100.319727,20.619102],[-100.319766,20.61915],[-100.319781,20.619167],[-100.319786,20.619174],[-100.31961,20.619288],[-100.319381,20.619032],[-100.319181,20.618808],[-100.31906,20.618673],[-100.319132,20.618612]]]}},{"type":"Feature","properties":{"fid":"741","NOM_SEDATU":"MQ-MAR-074","Entidad":"Querétaro","Municipio":"El Marqués","Folio Electrónico":"13388","Cuenta Catastral":"110102266130168","Titular Registral":"Augusto Bernardo Ramirez Ramirez, Felipe Ramirez Ramirez y José Antonio Ramirez Ramirez.","Sujeto Agrario":"No aplica","Poseedor":"No aplica","Monto de la operación":"$1,158,097.00 M.N","Valor Catastral":"No consta","Valor Comercial":"No consta","nombre":"MQ-MAR-074"},"geometry":{"type":"Polygon","coordinates":[[[-100.312169,20.641395],[-100.312216,20.640885],[-100.312305,20.640046],[-100.312318,20.639287],[-100.312379,20.638711],[-100.312341,20.638297],[-100.312153,20.636554],[-100.312171,20.63519],[-100.312172,20.635164],[-100.312429,20.63397],[-100.312447,20.633869],[-100.312452,20.633842],[-100.312458,20.633808],[-100.312453,20.633365],[-100.312444,20.633232],[-100.312451,20.633131],[-100.312463,20.632963],[-100.312467,20.63291],[-100.312531,20.632655],[-100.312584,20.632455],[-100.312652,20.632107],[-100.312699,20.631692],[-100.312768,20.631257],[-100.313013,20.629706],[-100.31307,20.629341],[-100.313624,20.628625],[-100.314147,20.628265],[-100.314925,20.627486],[-100.31521,20.627133],[-100.315266,20.627053],[-100.315266,20.627128],[-100.315327,20.627173],[-100.315342,20.627184],[-100.315418,20.627239],[-100.315621,20.627386],[-100.315931,20.627594],[-100.316064,20.627642],[-100.316467,20.627757],[-100.316727,20.627795],[-100.316769,20.627804],[-100.316881,20.627831],[-100.316765,20.629106],[-100.316714,20.630168],[-100.316609,20.632983],[-100.316571,20.639162],[-100.316516,20.641729],[-100.316479,20.642594],[-100.316414,20.642608],[-100.316386,20.642615],[-100.315971,20.642705],[-100.314704,20.643079],[-100.314303,20.643238],[-100.313249,20.643582],[-100.312805,20.643689],[-100.312624,20.643722],[-100.31259,20.643729],[-100.312378,20.643768],[-100.312169,20.641395]]]}},{"type":"Feature","properties":{"fid":"733","NOM_SEDATU":"MQ-MAR-068","Entidad":"Querétaro","Municipio":"El Marqués","Folio Electrónico":"En investigación","Cuenta Catastral":"110100166130537","nombre":"MQ-MAR-068"},"geometry":{"type":"Polygon","coordinates":[[[-100.306712,20.630989],[-100.306708,20.630637],[-100.308665,20.630688],[-100.308799,20.630864],[-100.308799,20.630973],[-100.30777,20.631024],[-100.306907,20.630993],[-100.306712,20.630989]]]}},{"type":"Feature","properties":{"fid":"737","NOM_SEDATU":"MQ-MAR-067","Entidad":"Querétaro","Municipio":"El Marqués","Folio Electrónico":"139090","Cuenta Catastral":"110100166130516","Titular Registral":"Guadalupe Fernandez Villanueva","Sujeto Agrario":"No aplica","Poseedor":"No aplica","Monto de la operación":"No consta","Valor Catastral":"No consta","Valor Comercial":"No consta","nombre":"MQ-MAR-067"},"geometry":{"type":"Polygon","coordinates":[[[-100.304814,20.633226],[-100.304153,20.63325],[-100.30406,20.632809],[-100.303512,20.631582],[-100.303207,20.630864],[-100.30312,20.630663],[-100.306713,20.631077],[-100.306793,20.631315],[-100.306692,20.633382],[-100.304862,20.633223],[-100.304814,20.633226]]]}},{"type":"Feature","properties":{"fid":"735","NOM_SEDATU":"MQ-MAR-066","Entidad":"Querétaro","Municipio":"El Marqués","Folio Electrónico":"123720","Cuenta Catastral":"110107466130189","Titular Registral":"María Isabel del Prado Armenta","Sujeto Agrario":"No aplica","Poseedor":"No aplica","Monto de la operación":"No consta","Valor Catastral":"No consta","Valor Comercial":"No consta","nombre":"MQ-MAR-066"},"geometry":{"type":"Polygon","coordinates":[[[-100.303207,20.630864],[-100.303512,20.631582],[-100.30406,20.632809],[-100.304153,20.63325],[-100.299565,20.633791],[-100.298943,20.631673],[-100.29872,20.630213],[-100.298959,20.629877],[-100.299724,20.630199],[-100.30053,20.630405],[-100.301335,20.630614],[-100.302532,20.630771],[-100.302702,20.630785],[-100.302871,20.630806],[-100.30304,20.630832],[-100.303207,20.630864]]]}},{"type":"Feature","properties":{"fid":"769","NOM_SEDATU":"MQ-MAR-064","Entidad":"Querétaro","Municipio":"El Marqués","Folio Electrónico":"490628","Cuenta Catastral":"110107401031999","Titular Registral":"María Magdalena del Bosque Ruiz","Sujeto Agrario":"No aplica","Poseedor":"No aplica","Monto de la operación":"No consta","Valor Catastral":"No consta","Valor Comercial":"No consta","nombre":"MQ-MAR-064"},"geometry":{"type":"Polygon","coordinates":[[[-100.29593,20.630646],[-100.296772,20.630382],[-100.297149,20.630264],[-100.297581,20.630128],[-100.297837,20.630031],[-100.297871,20.630012],[-100.298155,20.629922],[-100.298202,20.630054],[-100.295938,20.630746],[-100.29593,20.630646]]]}},{"type":"Feature","properties":{"fid":"730","NOM_SEDATU":"MQ-MAR-055","Entidad":"Querétaro","Municipio":"El Marqués","Folio Electrónico":"258669","Cuenta Catastral":"110107566130737","Titular Registral":"Vallarino Campbell David Anibal, Ana Laura Vallarino Hernando","Sujeto Agrario":"No aplica","Poseedor":"No aplica","Monto de la operación":"No aplica","Valor Catastral":"No consta","Valor Comercial":"No consta","nombre":"MQ-MAR-055"},"geometry":{"type":"Polygon","coordinates":[[[-100.29324,20.635532],[-100.291152,20.63575],[-100.290915,20.633791],[-100.291646,20.63377],[-100.291673,20.63377],[-100.291609,20.632252],[-100.291615,20.632252],[-100.29161,20.63217],[-100.291604,20.632084],[-100.291583,20.632019],[-100.291444,20.631258],[-100.292711,20.631177],[-100.292888,20.631413],[-100.292947,20.631499],[-100.293032,20.631691],[-100.293041,20.631904],[-100.293107,20.63317],[-100.29313,20.633507],[-100.293176,20.634385],[-100.292324,20.634632],[-100.292561,20.635538],[-100.29324,20.635532]]]}},{"type":"Feature","properties":{"fid":"776","NOM_SEDATU":"MQ-MAR-054","Entidad":"Querétaro","Municipio":"El Marqués","Folio Electrónico":"En investigación","Cuenta Catastral":"110111501030001","nombre":"MQ-MAR-054"},"geometry":{"type":"Polygon","coordinates":[[[-100.291485,20.631324],[-100.291545,20.631902],[-100.291206,20.631934],[-100.290898,20.631963],[-100.288737,20.632173],[-100.287493,20.632298],[-100.287476,20.632037],[-100.28765,20.631912],[-100.288327,20.631604],[-100.288381,20.631621],[-100.288487,20.631628],[-100.288503,20.631624],[-100.288518,20.631618],[-100.288532,20.63161],[-100.288544,20.6316],[-100.288555,20.631587],[-100.291485,20.631324]]]}},{"type":"Feature","properties":{"fid":"736","NOM_SEDATU":"MQ-MAR-050","Entidad":"Querétaro","Municipio":"El Marqués","Folio Electrónico":"En investigación","Cuenta Catastral":"110304502001994","nombre":"MQ-MAR-050"},"geometry":{"type":"Polygon","coordinates":[[[-100.279601,20.632996],[-100.280521,20.632905],[-100.280415,20.631942],[-100.282278,20.631756],[-100.282591,20.632854],[-100.282863,20.633854],[-100.285022,20.633324],[-100.285061,20.633315],[-100.28508,20.633773],[-100.285401,20.635426],[-100.285846,20.638426],[-100.286219,20.640689],[-100.28635,20.641485],[-100.286472,20.642226],[-100.286753,20.64393],[-100.286994,20.645394],[-100.28731,20.64731],[-100.287343,20.647519],[-100.287062,20.647138],[-100.285609,20.645166],[-100.284724,20.643906],[-100.283829,20.642709],[-100.2813,20.639239],[-100.280052,20.637385],[-100.279153,20.63601],[-100.279601,20.632996]]]}},{"type":"Feature","properties":{"fid":"870","NOM_SEDATU":"MQ-PES-046","Entidad":"Querétaro","Municipio":"Pedro Escobedo","Folio Electrónico":"113171","Cuenta Catastral":"120401601056003","Titular Registral":"Ana Luisa Montes Trejo","Sujeto Agrario":"No aplica","Poseedor":"No aplica","Monto de la operación":"$98,744.00 M.N","Valor Catastral":"No consta","Valor Comercial":"No consta","nombre":"MQ-PES-046"},"geometry":{"type":"Polygon","coordinates":[[[-100.18106,20.562342],[-100.181107,20.562031],[-100.181228,20.562345],[-100.18106,20.562342]]]}},{"type":"Feature","properties":{"fid":"871","NOM_SEDATU":"MQ-PES-045","Entidad":"Querétaro","Municipio":"Pedro Escobedo","Folio Electrónico":"113137","Cuenta Catastral":"120401601056004","Titular Registral":"Ana Luisa Montes Trejo","Sujeto Agrario":"No aplica","Poseedor":"No aplica","Monto de la operación":"$151,256.00 M.N","Valor Catastral":"No consta","Valor Comercial":"No consta","nombre":"MQ-PES-045"},"geometry":{"type":"Polygon","coordinates":[[[-100.18096,20.56234],[-100.181034,20.561849],[-100.181107,20.562031],[-100.18106,20.562342],[-100.18096,20.56234]]]}},{"type":"Feature","properties":{"fid":"868","NOM_SEDATU":"MQ-PES-044","Entidad":"Querétaro","Municipio":"Pedro Escobedo","Folio Electrónico":"En investigación","Cuenta Catastral":"120401601056002","nombre":"MQ-PES-044"},"geometry":{"type":"Polygon","coordinates":[[[-100.17825,20.562412],[-100.177955,20.560503],[-100.180188,20.559699],[-100.181034,20.561849],[-100.18096,20.56234],[-100.180087,20.562321],[-100.17825,20.562412]]]}},{"type":"Feature","properties":{"fid":"873","NOM_SEDATU":"MQ-PES-043","Entidad":"Querétaro","Municipio":"Pedro Escobedo","Folio Electrónico":"158945","Cuenta Catastral":"120401601056007","Titular Registral":"Ana Luisa Montes Trejo","Sujeto Agrario":"No aplica","Poseedor":"No aplica","Monto de la operación":"No aplica","Valor Catastral":"No aplica","Valor Comercial":"No aplica","nombre":"MQ-PES-043"},"geometry":{"type":"Polygon","coordinates":[[[-100.177955,20.560503],[-100.177262,20.55879],[-100.179521,20.558001],[-100.180188,20.559699],[-100.177955,20.560503]]]}},{"type":"Feature","properties":{"fid":"872","NOM_SEDATU":"MQ-PES-042","Entidad":"Querétaro","Municipio":"Pedro Escobedo","Folio Electrónico":"156500","Cuenta Catastral":"120401601056006","Titular Registral":"Ana Luisa Montes Trejo","Sujeto Agrario":"No aplica","Poseedor":"No aplica","Monto de la operación":"No aplica","Valor Catastral":"No aplica","Valor Comercial":"No aplica","nombre":"MQ-PES-042"},"geometry":{"type":"Polygon","coordinates":[[[-100.179373,20.557632],[-100.179521,20.558001],[-100.177262,20.55879],[-100.177505,20.557492],[-100.177886,20.557489],[-100.179373,20.557632]]]}},{"type":"Feature","properties":{"fid":"875","NOM_SEDATU":"MQ-PES-041","Entidad":"Querétaro","Municipio":"Pedro Escobedo","Folio Electrónico":"156514","Cuenta Catastral":"120401601064002","Titular Registral":"Ana Luisa Montes Trejo","Sujeto Agrario":"No aplica","Poseedor":"No aplica","Monto de la operación":"No aplica","Valor Catastral":"No aplica","Valor Comercial":"No aplica","nombre":"MQ-PES-041"},"geometry":{"type":"Polygon","coordinates":[[[-100.175679,20.557401],[-100.175669,20.556142],[-100.177685,20.556522],[-100.177764,20.556137],[-100.179052,20.556817],[-100.179336,20.557538],[-100.17789,20.557399],[-100.177511,20.557401],[-100.177416,20.557389],[-100.175679,20.557401]]]}},{"type":"Feature","properties":{"fid":"874","NOM_SEDATU":"MQ-PES-040","Entidad":"Querétaro","Municipio":"Pedro Escobedo","Folio Electrónico":"162552","Cuenta Catastral":"120401601064001","Titular Registral":"Alejandro Valerio Payan","Sujeto Agrario":"No aplica","Poseedor":"No aplica","Monto de la operación":"No aplica","Valor Catastral":"No aplica","Valor Comercial":"No aplica","nombre":"MQ-PES-040"},"geometry":{"type":"Polygon","coordinates":[[[-100.177849,20.556182],[-100.178185,20.554661],[-100.178202,20.554661],[-100.179052,20.556817],[-100.177849,20.556182]]]}},{"type":"Feature","properties":{"fid":"869","NOM_SEDATU":"MQ-PES-039","Entidad":"Querétaro","Municipio":"Pedro Escobedo","Folio Electrónico":"162682","Cuenta Catastral":"120401601064004","Titular Registral":"Rentas de Guerremich Sociedad Anónima de Capital Variable","Sujeto Agrario":"No aplica","Poseedor":"No aplica","Monto de la operación":"$46,853,205.75 M.N","Valor Catastral":"No consta","Valor Comercial":"No consta","nombre":"MQ-PES-039"},"geometry":{"type":"Polygon","coordinates":[[[-100.174491,20.555919],[-100.176335,20.550963],[-100.176655,20.550933],[-100.178114,20.554448],[-100.177685,20.556522],[-100.174491,20.555919]]]}},{"type":"Feature","properties":{"fid":"890","NOM_SEDATU":"MQ-PES-031-2","Entidad":"Querétaro","Municipio":"Pedro Escobedo","nombre":"MQ-PES-031-2"},"geometry":{"type":"Polygon","coordinates":[[[-100.175574,20.549333],[-100.176738,20.550782],[-100.170532,20.55138],[-100.17032,20.551216],[-100.171135,20.549485],[-100.175574,20.549333]]]}},{"type":"Feature","properties":{"fid":"887","NOM_SEDATU":"MQ-PES-031-1","Entidad":"Querétaro","Municipio":"Pedro Escobedo","nombre":"MQ-PES-031-1"},"geometry":{"type":"Polygon","coordinates":[[[-100.173992,20.547641],[-100.174963,20.548604],[-100.175574,20.549333],[-100.171135,20.549485],[-100.172331,20.547191],[-100.173541,20.548146],[-100.173992,20.547641]]]}},{"type":"Feature","properties":{"fid":"857","NOM_SEDATU":"MQ-PES-029-2","Entidad":"Querétaro","Municipio":"Pedro Escobedo","nombre":"MQ-PES-029-2"},"geometry":{"type":"Polygon","coordinates":[[[-100.170594,20.545924],[-100.172202,20.547251],[-100.170292,20.55111],[-100.169824,20.550604],[-100.169954,20.546487],[-100.16997,20.545966],[-100.170065,20.545531],[-100.170561,20.545961],[-100.170594,20.545924]]]}},{"type":"Feature","properties":{"fid":"884","NOM_SEDATU":"MQ-PES-029","Entidad":"Querétaro","Municipio":"Pedro Escobedo","Folio Electrónico":"En investigación","Cuenta Catastral":"120404466344042","nombre":"MQ-PES-029"},"geometry":{"type":"Polygon","coordinates":[[[-100.169424,20.544936],[-100.161638,20.538071],[-100.166777,20.542006],[-100.166989,20.542172],[-100.169841,20.544404],[-100.169424,20.544936]]]}},{"type":"Feature","properties":{"fid":"886","NOM_SEDATU":"MQ-PES-029-1","Entidad":"Querétaro","Municipio":"Pedro Escobedo","nombre":"MQ-PES-029-1"},"geometry":{"type":"Polygon","coordinates":[[[-100.171056,20.545399],[-100.170594,20.545924],[-100.170561,20.545961],[-100.169909,20.545311],[-100.169983,20.544496],[-100.171056,20.545399]]]}},{"type":"Feature","properties":{"fid":"888","NOM_SEDATU":"MQ-PES-024-1","Entidad":"Querétaro","Municipio":"Pedro Escobedo","nombre":"MQ-PES-024-1"},"geometry":{"type":"Polygon","coordinates":[[[-100.156624,20.537127],[-100.156097,20.535762],[-100.157213,20.534493],[-100.157815,20.534982],[-100.158407,20.536715],[-100.156624,20.537127]]]}},{"type":"Feature","properties":{"fid":"878","NOM_SEDATU":"MQ-PES-024","Entidad":"Querétaro","Municipio":"Pedro Escobedo","Folio Electrónico":"175214","Cuenta Catastral":"120402066437001","Titular Registral":"Semillas y Forrajes del Bajio Sociedad Anónima de Capital Variable","Sujeto Agrario":"No aplica","Poseedor":"No aplica","Monto de la operación":"$22,506,000.00 M.N","Valor Catastral":"No consta","Valor Comercial":"No consta","nombre":"MQ-PES-024"},"geometry":{"type":"Polygon","coordinates":[[[-100.159373,20.539335],[-100.157814,20.534979],[-100.161638,20.538071],[-100.161799,20.538627],[-100.159373,20.539335]]]}},{"type":"Feature","properties":{"fid":"898","NOM_SEDATU":"MQ-PES-018-2","nombre":"MQ-PES-018-2"},"geometry":{"type":"Polygon","coordinates":[[[-100.148481,20.528027],[-100.147274,20.529404],[-100.145239,20.527734],[-100.146344,20.526397],[-100.148481,20.528027]]]}},{"type":"Feature","properties":{"fid":"706","NOM_SEDATU":"MQ-MAR-028","Entidad":"Querétaro","Municipio":"El Marqués","Folio Electrónico":"12800","Cuenta Catastral":"110301701005017","Titular Registral":"Antonio Camacho Morales","Sujeto Agrario":"No aplica","Poseedor":"No aplica","Monto de la operación":"No aplica","Valor Catastral":"No consta","Valor Comercial":"No consta","nombre":"MQ-MAR-028"},"geometry":{"type":"Polygon","coordinates":[[[-100.247827,20.623947],[-100.247883,20.62392],[-100.248033,20.623956],[-100.248005,20.624119],[-100.247962,20.62412],[-100.24796,20.62412],[-100.247846,20.624118],[-100.247827,20.623947]]]}},{"type":"Feature","properties":{"fid":"783","NOM_SEDATU":"MQ-MAR-027-3","nombre":"MQ-MAR-027-3"},"geometry":{"type":"Polygon","coordinates":[[[-100.246661,20.623767],[-100.246714,20.623644],[-100.246938,20.623697],[-100.247348,20.623793],[-100.247347,20.623797],[-100.247339,20.62383],[-100.247343,20.623831],[-100.247349,20.623858],[-100.247364,20.623916],[-100.247401,20.624095],[-100.247262,20.624159],[-100.247224,20.624177],[-100.247192,20.624192],[-100.247107,20.624232],[-100.246828,20.624364],[-100.246873,20.623939],[-100.246671,20.62391],[-100.24668,20.623853],[-100.246661,20.623767]]]}},{"type":"Feature","properties":{"fid":"784","NOM_SEDATU":"MQ-MAR-027-2","nombre":"MQ-MAR-027-2"},"geometry":{"type":"Polygon","coordinates":[[[-100.246188,20.624532],[-100.246292,20.623545],[-100.246714,20.623644],[-100.246661,20.623767],[-100.24668,20.623853],[-100.246671,20.62391],[-100.246873,20.623939],[-100.246828,20.624364],[-100.246665,20.624441],[-100.246625,20.62446],[-100.246574,20.624485],[-100.246306,20.624611],[-100.246289,20.6246],[-100.246275,20.624591],[-100.246258,20.624579],[-100.246202,20.624542],[-100.246188,20.624532]]]}},{"type":"Feature","properties":{"fid":"759","NOM_SEDATU":"MQ-MAR-027-1","nombre":"MQ-MAR-027-1"},"geometry":{"type":"Polygon","coordinates":[[[-100.245451,20.624042],[-100.245661,20.623396],[-100.245809,20.623431],[-100.246292,20.623545],[-100.246188,20.624532],[-100.246187,20.624531],[-100.246175,20.624524],[-100.246016,20.624418],[-100.245867,20.624319],[-100.245451,20.624042]]]}},{"type":"Feature","properties":{"fid":"753","NOM_SEDATU":"MQ-MAR-027","Entidad":"Querétaro","Municipio":"El Marqués","Folio Electrónico":"594506","Cuenta Catastral":"110301701007002","Titular Registral":"María Paula González Díaz","Sujeto Agrario":"No aplica","Poseedor":"No aplica","Monto de la operación":"1,300,000.00 – pesos","Valor Catastral":"No consta","Valor Comercial":"No consta","nombre":"MQ-MAR-027"},"geometry":{"type":"Polygon","coordinates":[[[-100.245231,20.623894],[-100.245185,20.623916],[-100.245058,20.623831],[-100.245014,20.623801],[-100.244543,20.623486],[-100.244464,20.623434],[-100.244399,20.623456],[-100.243929,20.623051],[-100.243862,20.622993],[-100.243827,20.622963],[-100.243953,20.622993],[-100.244431,20.623106],[-100.244686,20.623166],[-100.245661,20.623396],[-100.245451,20.624042],[-100.245231,20.623894]]]}},{"type":"Feature","properties":{"fid":"757","NOM_SEDATU":"MQ-MAR-026","Entidad":"Querétaro","Municipio":"El Marqués","Folio Electrónico":"676203","Cuenta Catastral":"110301701007001","Titular Registral":"José María Rubín Colea, Gerardo Rubín Colea, Jaime Rubín Colea, Ricardo Juan Antonio Rubín Colea","Sujeto Agrario":"No aplica","Poseedor":"No aplica","Monto de la operación":"No aplica","Valor Catastral":"No consta","Valor Comercial":"No consta","nombre":"MQ-MAR-026"},"geometry":{"type":"Polygon","coordinates":[[[-100.243794,20.625812],[-100.241991,20.622617],[-100.241964,20.622569],[-100.241947,20.622539],[-100.241952,20.622521],[-100.241934,20.622517],[-100.241624,20.622443],[-100.23949,20.62194],[-100.237488,20.621469],[-100.236407,20.621214],[-100.235446,20.620987],[-100.235219,20.620935],[-100.234756,20.620825],[-100.234477,20.620759],[-100.234461,20.620756],[-100.234786,20.620615],[-100.234823,20.620624],[-100.241995,20.62233],[-100.243483,20.622684],[-100.24377,20.622752],[-100.247346,20.623602],[-100.247353,20.623515],[-100.247368,20.623315],[-100.247485,20.623366],[-100.248249,20.623648],[-100.248153,20.623703],[-100.247975,20.623807],[-100.247906,20.623846],[-100.24781,20.623902],[-100.247808,20.623903],[-100.247788,20.623913],[-100.247489,20.624054],[-100.247402,20.624094],[-100.247401,20.624095],[-100.247364,20.623916],[-100.247349,20.623858],[-100.247343,20.623831],[-100.247339,20.62383],[-100.247347,20.623797],[-100.247348,20.623793],[-100.246938,20.623697],[-100.246714,20.623644],[-100.246292,20.623545],[-100.245809,20.623431],[-100.245661,20.623396],[-100.244686,20.623166],[-100.244431,20.623106],[-100.243953,20.622993],[-100.243827,20.622963],[-100.243862,20.622993],[-100.243929,20.623051],[-100.244399,20.623456],[-100.244464,20.623434],[-100.244543,20.623486],[-100.245014,20.623801],[-100.245058,20.623831],[-100.245185,20.623916],[-100.245231,20.623894],[-100.245451,20.624042],[-100.245867,20.624319],[-100.246016,20.624418],[-100.246175,20.624524],[-100.246187,20.624531],[-100.246188,20.624532],[-100.246202,20.624542],[-100.246258,20.624579],[-100.246275,20.624591],[-100.246289,20.6246],[-100.246306,20.624611],[-100.246082,20.624718],[-100.246068,20.624725],[-100.246066,20.624726],[-100.245337,20.625075],[-100.245278,20.625103],[-100.245268,20.625108],[-100.243794,20.625812]]]}},{"type":"Feature","properties":{"fid":"751","NOM_SEDATU":"MQ-MAR-025","Entidad":"Querétaro","Municipio":"El Marqués","Folio Electrónico":"327137","Cuenta Catastral":"110305003007999","Titular Registral":"Industrias Alen S.A. De C.V.","Sujeto Agrario":"No aplica","Poseedor":"No aplica","Monto de la operación":"No consta","Valor Catastral":"No consta","Valor Comercial":"No consta","nombre":"MQ-MAR-025"},"geometry":{"type":"Polygon","coordinates":[[[-100.240787,20.618171],[-100.240809,20.618162],[-100.242467,20.61986],[-100.242963,20.620383],[-100.243844,20.621165],[-100.24479,20.621932],[-100.246077,20.622725],[-100.247368,20.623315],[-100.247353,20.623515],[-100.247346,20.623602],[-100.24377,20.622752],[-100.243483,20.622684],[-100.241995,20.62233],[-100.234823,20.620624],[-100.234786,20.620615],[-100.235045,20.620498],[-100.235075,20.620485],[-100.235908,20.62015],[-100.237542,20.61949],[-100.237935,20.619332],[-100.237938,20.61933],[-100.237961,20.619321],[-100.240489,20.618293],[-100.240491,20.618292],[-100.240734,20.618193],[-100.24074,20.61819],[-100.240787,20.618171]]]}},{"type":"Feature","properties":{"fid":"778","NOM_SEDATU":"MQ-MAR-024","Entidad":"Querétaro","Municipio":"El Marqués","Folio Electrónico":"416792","Cuenta Catastral":"110301701007006","Titular Registral":"Ricardo Juan Rubín Colea, Antonio Rubín Colea, Gerardo Rubín Colea, Jaime Rubín Colea, José Maria Rubín Colea","Sujeto Agrario":"No aplica","Poseedor":"No aplica","Monto de la operación":"No consta","Valor Catastral":"No consta","Valor Comercial":"No consta","nombre":"MQ-MAR-024"},"geometry":{"type":"Polygon","coordinates":[[[-100.23925,20.627881],[-100.236407,20.621214],[-100.237488,20.621469],[-100.23949,20.62194],[-100.241624,20.622443],[-100.241934,20.622517],[-100.241947,20.622539],[-100.241964,20.622569],[-100.241991,20.622617],[-100.243794,20.625812],[-100.243809,20.625837],[-100.241084,20.627104],[-100.24093,20.627093],[-100.23925,20.627881]]]}},{"type":"Feature","properties":{"fid":"790","NOM_SEDATU":"MQ-MAR-023","Entidad":"Querétaro","Municipio":"El Marqués","Folio Electrónico":"355103","Cuenta Catastral":"110301701007007","Titular Registral":"Ricardo Juan Rubín Colea, Antonio Rubín Colea, Gerardo Rubín Colea, Jaime Rubín Colea, José Maria Rubín Colea","Sujeto Agrario":"No aplica","Poseedor":"No aplica","Monto de la operación":"No aplica","Valor Catastral":"No consta","Valor Comercial":"No consta","nombre":"MQ-MAR-023"},"geometry":{"type":"Polygon","coordinates":[[[-100.23474,20.624378],[-100.23397,20.622576],[-100.231807,20.623453],[-100.231188,20.622081],[-100.231185,20.622075],[-100.234477,20.620759],[-100.234477,20.620759],[-100.235446,20.620987],[-100.236407,20.621214],[-100.23925,20.627881],[-100.239252,20.627884],[-100.236731,20.62903],[-100.235736,20.626705],[-100.23474,20.624378]]]}},{"type":"Feature","properties":{"fid":"766","NOM_SEDATU":"MQ-MAR-022","Entidad":"Querétaro","Municipio":"El Marqués","Folio Electrónico":"624687","Cuenta Catastral":"110305003005002","Titular Registral":"EFFEM México Inc. y Compañía Sociedad En Nombre Colectivo De Capital Variable","Sujeto Agrario":"No aplica","Poseedor":"No aplica","Monto de la operación":"No aplica","Valor Catastral":"No consta","Valor Comercial":"No consta","nombre":"MQ-MAR-022"},"geometry":{"type":"Polygon","coordinates":[[[-100.226687,20.623862],[-100.227258,20.620963],[-100.227258,20.620963],[-100.227844,20.621072],[-100.227845,20.621072],[-100.227366,20.619986],[-100.227366,20.619986],[-100.229198,20.620424],[-100.229198,20.620424],[-100.22941,20.619561],[-100.234435,20.620764],[-100.23184,20.621801],[-100.231151,20.622076],[-100.226687,20.623862]]]}},{"type":"Feature","properties":{"fid":"749","NOM_SEDATU":"MQ-MAR-021","Entidad":"Querétaro","Municipio":"El Marqués","Folio Electrónico":"144305","Cuenta Catastral":"110305003005001","Titular Registral":"Sociedad Denominada EFFEM México Inc. y Compañía Sociedad En Nombre Colectivo De Capital Variable","Sujeto Agrario":"No aplica","Poseedor":"No aplica","Monto de la operación":"No aplica","Valor Catastral":"No consta","Valor Comercial":"No consta","nombre":"MQ-MAR-021"},"geometry":{"type":"Polygon","coordinates":[[[-100.225226,20.623938],[-100.225226,20.623938],[-100.223682,20.624131],[-100.221841,20.619948],[-100.22076,20.617491],[-100.226917,20.618965],[-100.229409,20.619561],[-100.229198,20.620424],[-100.229198,20.620424],[-100.227366,20.619986],[-100.227366,20.619986],[-100.227844,20.621072],[-100.227844,20.621072],[-100.227258,20.620963],[-100.227258,20.620963],[-100.226686,20.623862],[-100.22542,20.624368],[-100.22542,20.624368],[-100.225226,20.623938]]]}},{"type":"Feature","properties":{"fid":"786","NOM_SEDATU":"MQ-MAR-020","Entidad":"Querétaro","Municipio":"El Marqués","Folio Electrónico":"En investigación","Cuenta Catastral":"110302602001991","nombre":"MQ-MAR-020"},"geometry":{"type":"Polygon","coordinates":[[[-100.220217,20.617118],[-100.219479,20.616936],[-100.220007,20.616743],[-100.220055,20.616725],[-100.220217,20.617118]]]}},{"type":"Feature","properties":{"fid":"765","NOM_SEDATU":"MQ-MAR-019","Entidad":"Querétaro","Municipio":"El Marqués","Folio Electrónico":"475388","Cuenta Catastral":"110405602010001","Titular Registral":"Felipe Suberbie Cortina, María Cortina Portilla De Suberbie, Felipe Suberbie Cortina","Sujeto Agrario":"No aplica","Poseedor":"No aplica","Monto de la operación":"No aplica","Valor Catastral":"No consta","Valor Comercial":"No consta","nombre":"MQ-MAR-019"},"geometry":{"type":"Polygon","coordinates":[[[-100.218419,20.616977],[-100.219955,20.617336],[-100.22016,20.617384],[-100.220254,20.617406],[-100.220341,20.617426],[-100.220352,20.617429],[-100.220361,20.617432],[-100.220368,20.617435],[-100.220373,20.617438],[-100.220376,20.617441],[-100.220415,20.617534],[-100.220395,20.617528],[-100.220402,20.617546],[-100.220404,20.617553],[-100.220418,20.617584],[-100.220478,20.61772],[-100.220549,20.617888],[-100.220622,20.618054],[-100.220683,20.618179],[-100.220671,20.618184],[-100.220661,20.618188],[-100.220516,20.618249],[-100.220358,20.618316],[-100.219191,20.61881],[-100.218455,20.617061],[-100.218419,20.616977]]]}},{"type":"Feature","properties":{"fid":"748","NOM_SEDATU":"MQ-MAR-018","Entidad":"Querétaro","Municipio":"El Marqués","Folio Electrónico":"En investigación","Cuenta Catastral":"110302602001988","nombre":"MQ-MAR-018"},"geometry":{"type":"Polygon","coordinates":[[[-100.217863,20.616434],[-100.219664,20.615776],[-100.220055,20.616725],[-100.220007,20.616743],[-100.219479,20.616936],[-100.219317,20.616896],[-100.219178,20.616862],[-100.218873,20.616777],[-100.218609,20.616697],[-100.218416,20.616625],[-100.218131,20.616525],[-100.217863,20.616434]]]}},{"type":"Feature","properties":{"fid":"760","NOM_SEDATU":"MQ-MAR-017-1","Entidad":"Querétaro","Municipio":"El Marqués","Folio Electrónico":"En investigación","nombre":"MQ-MAR-017-1"},"geometry":{"type":"Polygon","coordinates":[[[-100.217503,20.616495],[-100.21742,20.616295],[-100.217772,20.616402],[-100.217781,20.616405],[-100.217863,20.616434],[-100.218131,20.616525],[-100.218416,20.616625],[-100.218609,20.616697],[-100.218873,20.616777],[-100.219178,20.616862],[-100.219317,20.616896],[-100.219479,20.616936],[-100.220217,20.617118],[-100.220212,20.617134],[-100.217503,20.616495]]]}},{"type":"Feature","properties":{"fid":"747","NOM_SEDATU":"MQ-MAR-017","Entidad":"Querétaro","Municipio":"El Marqués","Folio Electrónico":"En investigación","Cuenta Catastral":"110302602001993","nombre":"MQ-MAR-017"},"geometry":{"type":"Polygon","coordinates":[[[-100.216968,20.615199],[-100.219104,20.614417],[-100.21954,20.615476],[-100.219642,20.615724],[-100.219664,20.615776],[-100.217863,20.616434],[-100.217781,20.616405],[-100.217772,20.616402],[-100.21742,20.616295],[-100.217405,20.616257],[-100.216968,20.615199]]]}},{"type":"Feature","properties":{"fid":"764","NOM_SEDATU":"MQ-MAR-016","Entidad":"Querétaro","Municipio":"El Marqués","Folio Electrónico":"En investigación","Cuenta Catastral":"110405602010003","nombre":"MQ-MAR-016"},"geometry":{"type":"Polygon","coordinates":[[[-100.21593,20.620097],[-100.214167,20.616054],[-100.214167,20.616054],[-100.214134,20.615965],[-100.218419,20.616977],[-100.218455,20.617061],[-100.219191,20.61881],[-100.219511,20.619567],[-100.220503,20.619704],[-100.220717,20.619733],[-100.220843,20.61975],[-100.220879,20.619754],[-100.220915,20.619754],[-100.220952,20.619752],[-100.220984,20.619746],[-100.220996,20.619744],[-100.221012,20.619739],[-100.221023,20.619736],[-100.22105,20.619727],[-100.221059,20.619723],[-100.221085,20.619711],[-100.221114,20.619695],[-100.22115,20.619669],[-100.221184,20.619639],[-100.221213,20.619606],[-100.221238,20.61957],[-100.221252,20.619542],[-100.221326,20.61972],[-100.22135,20.619773],[-100.221359,20.619793],[-100.221379,20.61984],[-100.221448,20.620005],[-100.222277,20.622006],[-100.222256,20.622005],[-100.222069,20.621993],[-100.221879,20.621981],[-100.216609,20.621642],[-100.216603,20.621642],[-100.215951,20.620146],[-100.21593,20.620097]]]}},{"type":"Feature","properties":{"fid":"740","NOM_SEDATU":"MQ-MAR-015","Entidad":"Querétaro","Municipio":"El Marqués","Folio Electrónico":"440161","Cuenta Catastral":"110405666324987","Titular Registral":"Suberbie Cortina Juan Pablo, Suberbie Cortina María De Lourdes, Suberbie Cortina Ana María, Suberbie Cortina María Teresa, Suberbie Cortina María Del Carmen, Suberbie Cortina María Eugenia, Suberbie Cortina Felipe","Sujeto Agrario":"No aplica","Poseedor":"No aplica","Monto de la operación":"No aplica","Valor Catastral":"No consta","Valor Comercial":"No consta","nombre":"MQ-MAR-015"},"geometry":{"type":"Polygon","coordinates":[[[-100.214134,20.615965],[-100.21593,20.620097],[-100.215951,20.620146],[-100.216604,20.621642],[-100.210982,20.621272],[-100.209995,20.615419],[-100.209882,20.61488],[-100.210924,20.615192],[-100.214134,20.615965]]]}},{"type":"Feature","properties":{"fid":"755","NOM_SEDATU":"MQ-MAR-014","Entidad":"Querétaro","Municipio":"El Marqués","Folio Electrónico":"267738","Cuenta Catastral":"110302602001998","Titular Registral":"General Motors De México, S.R.L. De C.V.","Sujeto Agrario":"No aplica","Poseedor":"No aplica","Monto de la operación":"44,286,000.00 – pesos","Valor Catastral":"No consta","Valor Comercial":"No consta","nombre":"MQ-MAR-014"},"geometry":{"type":"Polygon","coordinates":[[[-100.213927,20.607313],[-100.215882,20.606599],[-100.216374,20.60783],[-100.217041,20.609369],[-100.214902,20.610152],[-100.215658,20.612027],[-100.216095,20.613084],[-100.216531,20.614141],[-100.216968,20.615199],[-100.217404,20.616257],[-100.21742,20.616295],[-100.217503,20.616495],[-100.21557,20.616061],[-100.215498,20.616043],[-100.213418,20.615522],[-100.211106,20.614959],[-100.211072,20.614958],[-100.210512,20.614808],[-100.209871,20.614602],[-100.209162,20.614363],[-100.208598,20.61414],[-100.208523,20.614113],[-100.207711,20.613773],[-100.206698,20.613251],[-100.206144,20.613003],[-100.205617,20.612713],[-100.204885,20.61225],[-100.204832,20.61221],[-100.204118,20.611797],[-100.203588,20.611089],[-100.204841,20.610631],[-100.210536,20.608551],[-100.210537,20.608551],[-100.213927,20.607313]]]}},{"type":"Feature","properties":{"fid":"750","NOM_SEDATU":"MQ-MAR-013","Entidad":"Querétaro","Municipio":"El Marqués","Folio Electrónico":"702910","Cuenta Catastral":"110405602010005","Titular Registral":"Puerta Querétaro, Sociedad De Responsabilidad Limitada De Capital Variable","Sujeto Agrario":"No aplica","Poseedor":"No aplica","Monto de la operación":"68,780,579.00 - PESOS","Valor Catastral":"No consta","Valor Comercial":"No consta","nombre":"MQ-MAR-013"},"geometry":{"type":"Polygon","coordinates":[[[-100.20789,20.618862],[-100.209901,20.614863],[-100.210977,20.621287],[-100.211146,20.622305],[-100.211146,20.622306],[-100.21143,20.624023],[-100.211638,20.625273],[-100.211834,20.626471],[-100.212105,20.628155],[-100.211942,20.628282],[-100.209296,20.622224],[-100.20789,20.618862]]]}},{"type":"Feature","properties":{"fid":"705","NOM_SEDATU":"MQ-MAR-011","Entidad":"Querétaro","Municipio":"El Marqués","Folio Electrónico":"250624","Cuenta Catastral":"110405602002999","Titular Registral":"Promotora Comercial E Industrial De México, S.A. De C.V.","Sujeto Agrario":"No aplica","Poseedor":"No aplica","nombre":"MQ-MAR-011"},"geometry":{"type":"Polygon","coordinates":[[[-100.207048,20.61376],[-100.208547,20.614427],[-100.209823,20.614862],[-100.20881,20.616741],[-100.207975,20.618267],[-100.20733,20.618024],[-100.205711,20.614334],[-100.204542,20.612389],[-100.206239,20.613359],[-100.207048,20.61376]]]}},{"type":"Feature","properties":{"fid":"780","NOM_SEDATU":"MQ-MAR-010","Entidad":"Querétaro","Municipio":"El Marqués","Folio Electrónico":"718088","Cuenta Catastral":"110302602003006","Titular Registral":"No consta","Sujeto Agrario":"No aplica","Poseedor":"No aplica","Monto de la operación":"No consta","Valor Catastral":"No consta","Valor Comercial":"No consta","nombre":"MQ-MAR-010"},"geometry":{"type":"Polygon","coordinates":[[[-100.20302,20.610362],[-100.20285,20.610146],[-100.203347,20.609739],[-100.206711,20.607639],[-100.207475,20.609493],[-100.207134,20.609617],[-100.206607,20.609809],[-100.206143,20.609979],[-100.205673,20.61015],[-100.205289,20.61029],[-100.205246,20.610301],[-100.205202,20.610304],[-100.205158,20.6103],[-100.205115,20.610289],[-100.205075,20.610272],[-100.205051,20.61026],[-100.205024,20.610252],[-100.204997,20.610248],[-100.20497,20.610248],[-100.204942,20.610251],[-100.204916,20.610259],[-100.204718,20.610331],[-100.204812,20.61056],[-100.20372,20.610959],[-100.203697,20.610965],[-100.203673,20.610968],[-100.203649,20.610967],[-100.203626,20.610962],[-100.203603,20.610954],[-100.203583,20.610942],[-100.203565,20.610927],[-100.20355,20.61091],[-100.203272,20.610554],[-100.203739,20.610384],[-100.203637,20.610137],[-100.20302,20.610362]]]}},{"type":"Feature","properties":{"fid":"781","NOM_SEDATU":"MQ-MAR-009","Entidad":"Querétaro","Municipio":"El Marqués","Folio Electrónico":"718089","Cuenta Catastral":"110302602003007","Titular Registral":"No consta","Sujeto Agrario":"No aplica","Poseedor":"No aplica","Monto de la operación":"No consta","Valor Catastral":"No consta","Valor Comercial":"No consta","nombre":"MQ-MAR-009"},"geometry":{"type":"Polygon","coordinates":[[[-100.20322,20.610615],[-100.203194,20.610583],[-100.20302,20.610362],[-100.203637,20.610137],[-100.203739,20.610384],[-100.203272,20.610554],[-100.20355,20.61091],[-100.203565,20.610927],[-100.203583,20.610942],[-100.203603,20.610954],[-100.203626,20.610962],[-100.203649,20.610967],[-100.203673,20.610968],[-100.203697,20.610965],[-100.20372,20.610959],[-100.204812,20.61056],[-100.204839,20.610626],[-100.204841,20.610631],[-100.203588,20.611089],[-100.203404,20.610852],[-100.20322,20.610615]]]}},{"type":"Feature","properties":{"fid":"774","NOM_SEDATU":"MQ-MAR-007-2","Entidad":"Querétaro","Municipio":"El Marqués","Folio Electrónico":"En investigación","nombre":"MQ-MAR-007-2"},"geometry":{"type":"Polygon","coordinates":[[[-100.203547,20.611463],[-100.20228,20.610585],[-100.202581,20.610341],[-100.203547,20.611463]]]}},{"type":"Feature","properties":{"fid":"854","NOM_SEDATU":"MQ-MAR-007-1","Entidad":"Querétaro","Municipio":"El Marqués","Folio Electrónico":"En investigación","Cuenta Catastral":"110300202985001","nombre":"MQ-MAR-007-1"},"geometry":{"type":"Polygon","coordinates":[[[-100.202279,20.610586],[-100.198464,20.608273],[-100.200558,20.60779],[-100.202579,20.610341],[-100.202279,20.610586]]]}},{"type":"Feature","properties":{"fid":"779","NOM_SEDATU":"MQ-MAR-007","Entidad":"Querétaro","Municipio":"El Marqués","Folio Electrónico":"En investigación","Cuenta Catastral":"110300201039001","nombre":"MQ-MAR-007"},"geometry":{"type":"Polygon","coordinates":[[[-100.202774,20.609973],[-100.200961,20.607673],[-100.202459,20.607238],[-100.202637,20.60726],[-100.202774,20.609973]]]}},{"type":"Feature","properties":{"fid":"791","NOM_SEDATU":"MQ-MAR-006","Entidad":"Querétaro","Municipio":"El Marqués","Folio Electrónico":"En investigación","Cuenta Catastral":"110300202998014","nombre":"MQ-MAR-006"},"geometry":{"type":"Polygon","coordinates":[[[-100.19566,20.600044],[-100.195195,20.599006],[-100.195543,20.598673],[-100.196052,20.59997],[-100.195581,20.600391],[-100.19566,20.600044]]]}},{"type":"Feature","properties":{"fid":"732","NOM_SEDATU":"MQ-MAR-005","Entidad":"Querétaro","Municipio":"El Marqués","Folio Electrónico":"96984","Cuenta Catastral":"110300266320045","Titular Registral":"Serapio Santos Díaz","Sujeto Agrario":"No aplica","Poseedor":"No aplica","Monto de la operación":"No consta","Valor Catastral":"No consta","Valor Comercial":"No aplica","nombre":"MQ-MAR-005"},"geometry":{"type":"Polygon","coordinates":[[[-100.194498,20.596023],[-100.194019,20.596061],[-100.193547,20.59361],[-100.194498,20.596023]]]}},{"type":"Feature","properties":{"fid":"729","NOM_SEDATU":"MQ-MAR-004","Entidad":"Querétaro","Municipio":"El Marqués","Folio Electrónico":"96979","Cuenta Catastral":"110300266320046","Titular Registral":"Flores Morando Miguel","Sujeto Agrario":"No aplica","Poseedor":"No aplica","nombre":"MQ-MAR-004"},"geometry":{"type":"Polygon","coordinates":[[[-100.194019,20.596061],[-100.193642,20.596089],[-100.193113,20.593545],[-100.193166,20.593241],[-100.1934,20.593236],[-100.193547,20.59361],[-100.194019,20.596061]]]}},{"type":"Feature","properties":{"fid":"762","NOM_SEDATU":"MQ-MAR-003","Entidad":"Querétaro","Municipio":"El Marqués","Folio Electrónico":"366365","Cuenta Catastral":"110300202998013","Titular Registral":"Banco Invex, Sociedad Anónima, Institución De Banca Múltiple, Invex Grupo Financiero, como fiduciario bajo el numero f4740 (únicamente sobre el 25% sobre los derechos de copropiedad), Zendejas Hernández Alejandro (conserva el 11.514% de sus derechos de copropietario), Urquiza Ostendi José De Jesús (conserva el 12.486% de sus derechos de copropietario), Ruíz Lomelí federico Humberto (conserva el 5.00% de sus derechos de copropietario), Ruíz Lomelí Norma (conserva el 10.00% de sus derechos de copropietario), Ruíz Rubio Federico (conserva el 36.00% de sus derechos de copropietario)","Sujeto Agrario":"No aplica","Poseedor":"No aplica","nombre":"MQ-MAR-003"},"geometry":{"type":"Polygon","coordinates":[[[-100.191992,20.602035],[-100.191981,20.601297],[-100.192055,20.599497],[-100.192113,20.599125],[-100.195023,20.59735],[-100.195543,20.598673],[-100.195195,20.599006],[-100.191992,20.602035]]]}},{"type":"Feature","properties":{"fid":"731","NOM_SEDATU":"MQ-MAR-002","Entidad":"Querétaro","Municipio":"El Marqués","Folio Electrónico":"96982","Cuenta Catastral":"110300266320047","Titular Registral":"Villegas Pichardo Juvenal \n Duran Carreón Gloria Angelica","Sujeto Agrario":"No aplica","Poseedor":"No aplica","Monto de la operación":"23621600","Valor Catastral":"No consta","Valor Comercial":"No consta","nombre":"MQ-MAR-002"},"geometry":{"type":"Polygon","coordinates":[[[-100.192346,20.597604],[-100.192599,20.596201],[-100.194516,20.596068],[-100.195023,20.59735],[-100.192113,20.599125],[-100.192346,20.597604]]]}},{"type":"Feature","properties":{"fid":"763","NOM_SEDATU":"MQ-MAR-001","Entidad":"Querétaro","Municipio":"El Marqués","Folio Electrónico":"366428","Cuenta Catastral":"110300202998008","Titular Registral":"Banco Invex, Sociedad Anónima, Institución De Banca Múltiple, Invex Grupo Financiero, Como Fiduciario Bajo El Numero F4740 (únicamente sobre el 25% sobre los derechos de copropiedad), Zendejas Hernández Alejandro (conserva el 11.514% de sus derechos de copropietario), Urquiza Ostendi José De Jesús (conserva el 12.486% de sus derechos de copropietario), Ruiz Lomeli Federico Humberto (conserva el 5.00% de sus derechos de copropietario), Ruiz Lomeli Norma (conserva el 10.00% de sus derechos de copropietario), Ruiz Rubio Federico (conserva el 36.00% de sus derechos de copropietario)","Sujeto Agrario":"No aplica","Poseedor":"No aplica","Monto de la operación":"No consta","Valor Catastral":"No consta","Valor Comercial":"No consta","nombre":"MQ-MAR-001"},"geometry":{"type":"Polygon","coordinates":[[[-100.191783,20.590162],[-100.191944,20.589722],[-100.192018,20.589728],[-100.19219,20.590161],[-100.193228,20.592788],[-100.193166,20.593241],[-100.193113,20.593545],[-100.193026,20.593968],[-100.190896,20.592593],[-100.191783,20.590162]]]}},{"type":"Feature","properties":{"fid":"711","NOM_SEDATU":"MQ-COL-038","Entidad":"Querétaro","Municipio":"Colón","Folio Electrónico":"5881","Cuenta Catastral":"050406801034002","Titular Registral":"Vallejo Martínez Rolando","Sujeto Agrario":"No aplica","Poseedor":"No aplica","Monto de la operación":"No consta","Valor Catastral":"No consta","Valor Comercial":"No aplica","nombre":"MQ-COL-038"},"geometry":{"type":"Polygon","coordinates":[[[-100.192018,20.589727],[-100.191903,20.589719],[-100.190079,20.589587],[-100.190472,20.587475],[-100.190514,20.587253],[-100.190572,20.586941],[-100.19084,20.586737],[-100.192,20.589683],[-100.192018,20.589727]]]}},{"type":"Feature","properties":{"fid":"720","NOM_SEDATU":"MQ-COL-035","Entidad":"Querétaro","Municipio":"Colón","Folio Electrónico":"30910","Cuenta Catastral":"050406801032011","Titular Registral":"Banco Ve Por Mas S. A. I.B.M. Grupo Financiero Ve Por Mas","Sujeto Agrario":"No aplica","Poseedor":"No aplica","Monto de la operación":"12,752,708.40 – pesos","Valor Catastral":"No consta","Valor Comercial":"No cosnta","nombre":"MQ-COL-035"},"geometry":{"type":"Polygon","coordinates":[[[-100.189382,20.586018],[-100.190411,20.585653],[-100.190684,20.586347],[-100.189966,20.586912],[-100.189666,20.58616],[-100.189467,20.58623],[-100.189382,20.586018]]]}},{"type":"Feature","properties":{"fid":"723","NOM_SEDATU":"MQ-COL-034","Entidad":"Querétaro","Municipio":"Colón","Folio Electrónico":"30911","Cuenta Catastral":"050406801032046","Titular Registral":"Bozovich Sociedad De Responsabilidad Limitada De Capital Variable","Sujeto Agrario":"No aplica","Poseedor":"No aplica","Monto de la operación":"3,330,000.00 – dólares","Valor Catastral":"No consta","Valor Comercial":"No consta","nombre":"MQ-COL-034"},"geometry":{"type":"Polygon","coordinates":[[[-100.189077,20.585257],[-100.190111,20.58489],[-100.190411,20.585653],[-100.189382,20.586018],[-100.189077,20.585257]]]}},{"type":"Feature","properties":{"fid":"714","NOM_SEDATU":"MQ-COL-032","Entidad":"Querétaro","Municipio":"Colón","Folio Electrónico":"30912","Cuenta Catastral":"050406801032045","Titular Registral":"Banco Ve Por Mas Sociedad Anónima Institución De Banca Múltiple, Grupo Financiero Ve Por Mas","Sujeto Agrario":"No aplica","Poseedor":"No aplica","Monto de la operación":"12,000,000.00 – pesos","Valor Catastral":"No consta","Valor Comercial":"No consta","nombre":"MQ-COL-032"},"geometry":{"type":"Polygon","coordinates":[[[-100.188688,20.584285],[-100.189727,20.583916],[-100.190111,20.58489],[-100.189077,20.585257],[-100.188688,20.584285]]]}},{"type":"Feature","properties":{"fid":"717","NOM_SEDATU":"MQ-COL-030","Entidad":"Querétaro","Municipio":"Colón","Folio Electrónico":"30913","Cuenta Catastral":"050406801032044","Titular Registral":"Vimifos Sociedad Anónima De Capital Variable","Sujeto Agrario":"No aplica","Poseedor":"No aplica","Monto de la operación":"27,622,730.80 – pesos","Valor Catastral":"No consta","Valor Comercial":"No consta","nombre":"MQ-COL-030"},"geometry":{"type":"Polygon","coordinates":[[[-100.1883,20.583312],[-100.189342,20.582943],[-100.189417,20.583131],[-100.189727,20.583916],[-100.188688,20.584285],[-100.1883,20.583312]]]}},{"type":"Feature","properties":{"fid":"722","NOM_SEDATU":"MQ-COL-029","Entidad":"Querétaro","Municipio":"Colón","Folio Electrónico":"30914","Cuenta Catastral":"050406801032043","Titular Registral":"Vimifos Sociedad Anónima De Capital Variable","Sujeto Agrario":"No aplica","Poseedor":"No aplica","Monto de la operación":"27,622,730.80 – pesos","Valor Catastral":"No consta","Valor Comercial":"No consta","nombre":"MQ-COL-029"},"geometry":{"type":"Polygon","coordinates":[[[-100.187911,20.58234],[-100.188958,20.581968],[-100.189074,20.582272],[-100.189342,20.582943],[-100.1883,20.583312],[-100.187911,20.58234]]]}},{"type":"Feature","properties":{"fid":"715","NOM_SEDATU":"MQ-COL-027","Entidad":"Querétaro","Municipio":"Colón","Folio Electrónico":"30915","Cuenta Catastral":"050406801032042","Titular Registral":"Banco Ve Por Mas Sociedad Anónima Institución De Banca Múltiple, Grupo Financiero Ve Por Mas","Sujeto Agrario":"No aplica","Poseedor":"No aplica","Monto de la operación":"12,000,000.00 – pesos","Valor Catastral":"No consta","Valor Comercial":"No consta","nombre":"MQ-COL-027"},"geometry":{"type":"Polygon","coordinates":[[[-100.187522,20.581368],[-100.188575,20.580994],[-100.188665,20.58122],[-100.188873,20.581748],[-100.188925,20.581882],[-100.188958,20.581968],[-100.187911,20.58234],[-100.187522,20.581368]]]}},{"type":"Feature","properties":{"fid":"721","NOM_SEDATU":"MQ-COL-026","Entidad":"Querétaro","Municipio":"Colón","Folio Electrónico":"30916","Cuenta Catastral":"050406801032041","Titular Registral":"Inmobiliaria Quasar De México S.A De C.V","Sujeto Agrario":"No aplica","Poseedor":"No aplica","Monto de la operación":"25,600,000.00 – pesos","Valor Catastral":"No consta","Valor Comercial":"No consta","nombre":"MQ-COL-026"},"geometry":{"type":"Polygon","coordinates":[[[-100.186873,20.579747],[-100.188126,20.579864],[-100.188575,20.580994],[-100.187522,20.581368],[-100.186873,20.579747],[-100.186873,20.579747]]]}},{"type":"Feature","properties":{"fid":"704","NOM_SEDATU":"MQ-COL-023","Entidad":"Querétaro","Municipio":"Colón","Folio Electrónico":"En investigación","Cuenta Catastral":"No consta","nombre":"MQ-COL-023"},"geometry":{"type":"Polygon","coordinates":[[[-100.187785,20.578997],[-100.188126,20.579864],[-100.186873,20.579747],[-100.186899,20.578971],[-100.187785,20.578997]]]}},{"type":"Feature","properties":{"fid":"703","NOM_SEDATU":"MQ-COL-022","Entidad":"Querétaro","Municipio":"Colón","Folio Electrónico":"En investigación","Cuenta Catastral":"No consta","nombre":"MQ-COL-022"},"geometry":{"type":"Polygon","coordinates":[[[-100.187785,20.578997],[-100.186899,20.578971],[-100.186873,20.579747],[-100.186381,20.578517],[-100.187448,20.578139],[-100.187785,20.578997]]]}},{"type":"Feature","properties":{"fid":"719","NOM_SEDATU":"MQ-COL-021","Entidad":"Querétaro","Municipio":"Colón","Folio Electrónico":"30964","Cuenta Catastral":"050406801032040","Titular Registral":"Banco Ve Por Mas Sociedad Anónima Institución De Banca Múltiple Grupo Financiero Ve Por Mas","Sujeto Agrario":"No aplica","Poseedor":"No aplica","Monto de la operación":"16,520,520.00 - pesos","Valor Catastral":"No consta","Valor Comercial":"No consta","nombre":"MQ-COL-021"},"geometry":{"type":"Polygon","coordinates":[[[-100.185861,20.577215],[-100.186935,20.576834],[-100.187448,20.578139],[-100.186446,20.578494],[-100.186382,20.578517],[-100.186381,20.578517],[-100.185861,20.577215]]]}},{"type":"Feature","properties":{"fid":"718","NOM_SEDATU":"MQ-COL-019","Entidad":"Querétaro","Municipio":"Colón","Folio Electrónico":"30963","Cuenta Catastral":"050406801032039","Titular Registral":"Banco Ve Por Mas Sociedad Anónima Institución De Banca Múltiple Grupo Financiero Ve Por Mas","Sujeto Agrario":"No aplica","Poseedor":"No aplica","Monto de la operación":"20,388,933.61 – pesos","Valor Catastral":"No consta","Valor Comercial":"No consta","nombre":"MQ-COL-019"},"geometry":{"type":"Polygon","coordinates":[[[-100.18534,20.575913],[-100.18642,20.57553],[-100.18663,20.576062],[-100.186935,20.576834],[-100.185861,20.577215],[-100.18534,20.575913]]]}},{"type":"Feature","properties":{"fid":"724","NOM_SEDATU":"MQ-COL-017","Entidad":"Querétaro","Municipio":"Colón","Folio Electrónico":"30962","Cuenta Catastral":"050406801032038","Titular Registral":"Banco Ve Por Mas Sociedad Anónima Institución De Banca Múltiple Grupo Financiero Ve Por Mas","Sujeto Agrario":"No aplica","Poseedor":"No aplica","Monto de la operación":"23,905,879.12 – pesos","Valor Catastral":"No consta","Valor Comercial":"No consta","nombre":"MQ-COL-017"},"geometry":{"type":"Polygon","coordinates":[[[-100.184646,20.574178],[-100.18591,20.574225],[-100.185996,20.574474],[-100.186024,20.574532],[-100.18642,20.57553],[-100.18534,20.575913],[-100.184646,20.574178]]]}},{"type":"Feature","properties":{"fid":"716","NOM_SEDATU":"MQ-COL-015","Entidad":"Querétaro","Municipio":"Colón","Folio Electrónico":"30961","Cuenta Catastral":"050406801032037","Titular Registral":"Banco Ve Por Mas Sociedad Anónima Institución De Banca Múltiple Grupo Financiero Ve Por Mas","Sujeto Agrario":"No aplica","Poseedor":"No aplica","Monto de la operación":"25,534,130.00 – pesos","Valor Catastral":"No consta","Valor Comercial":"No consta","nombre":"MQ-COL-015"},"geometry":{"type":"Polygon","coordinates":[[[-100.184646,20.574178],[-100.18462,20.574114],[-100.18464,20.574089],[-100.184656,20.574061],[-100.184667,20.574032],[-100.184672,20.574001],[-100.184671,20.573969],[-100.184665,20.573939],[-100.184653,20.573909],[-100.184636,20.573882],[-100.184615,20.573859],[-100.184589,20.573838],[-100.18456,20.573823],[-100.184529,20.573812],[-100.184497,20.573806],[-100.184463,20.573805],[-100.184431,20.57381],[-100.184399,20.57382],[-100.183796,20.572311],[-100.185179,20.572366],[-100.18591,20.574225],[-100.184646,20.574178]]]}},{"type":"Feature","properties":{"fid":"725","NOM_SEDATU":"MQ-COL-013","Entidad":"Querétaro","Municipio":"Colón","Folio Electrónico":"32875","Cuenta Catastral":"050406801043001","Titular Registral":"Rafael Abrego Chávez","Sujeto Agrario":"No aplica","Poseedor":"No aplica","Monto de la operación":"No aplica","Valor Catastral":"No consta","Valor Comercial":"No consta","nombre":"MQ-COL-013"},"geometry":{"type":"Polygon","coordinates":[[[-100.185179,20.572366],[-100.182383,20.572255],[-100.182433,20.570572],[-100.184498,20.570641],[-100.185179,20.572366]]]}},{"type":"Feature","properties":{"fid":"702","NOM_SEDATU":"MQ-COL-011","Entidad":"Querétaro","Municipio":"Colón","Folio Electrónico":"En investigación","Cuenta Catastral":"No consta","nombre":"MQ-COL-011"},"geometry":{"type":"Polygon","coordinates":[[[-100.184498,20.570641],[-100.182433,20.570572],[-100.182491,20.568843],[-100.183804,20.568872],[-100.184498,20.570641]]]}},{"type":"Feature","properties":{"fid":"726","NOM_SEDATU":"MQ-COL-009","Entidad":"Querétaro","Municipio":"Colón","Folio Electrónico":"En investigación","Cuenta Catastral":"050406801031008","Poseedor":"Terrakia, S.A. de C.V.","nombre":"MQ-COL-009"},"geometry":{"type":"Polygon","coordinates":[[[-100.183742,20.568759],[-100.182865,20.568739],[-100.183306,20.567655],[-100.183742,20.568759]]]}},{"type":"Feature","properties":{"fid":"727","NOM_SEDATU":"MQ-COL-008","Entidad":"Querétaro","Municipio":"Colón","Folio Electrónico":"En investigación","Cuenta Catastral":"050406801031009","Poseedor":"Alvarádo Verde Vicente","nombre":"MQ-COL-008"},"geometry":{"type":"Polygon","coordinates":[[[-100.182865,20.568739],[-100.182439,20.568733],[-100.180713,20.568686],[-100.18209,20.565558],[-100.182482,20.565565],[-100.183306,20.567655],[-100.182865,20.568739]]]}},{"type":"Feature","properties":{"fid":"713","NOM_SEDATU":"MQ-COL-005","Entidad":"Querétaro","Municipio":"Colón","Folio Electrónico":"31799","Cuenta Catastral":"050406801031006","Titular Registral":"Felipe García Camacho","Sujeto Agrario":"No aplica","Poseedor":"No aplica","Monto de la operación":"No consta","Valor Catastral":"No consta","Valor Comercial":"No consta","nombre":"MQ-COL-005"},"geometry":{"type":"Polygon","coordinates":[[[-100.18062,20.563816],[-100.181823,20.563858],[-100.182482,20.565565],[-100.18209,20.565558],[-100.180195,20.565515],[-100.179856,20.565507],[-100.18062,20.563816]]]}},{"type":"Feature","properties":{"fid":"712","NOM_SEDATU":"MQ-COL-003","Entidad":"Querétaro","Municipio":"Colón","Folio Electrónico":"En investigación","Cuenta Catastral":"050406801031007","Poseedor":"García Camacho Felipe","nombre":"MQ-COL-003"},"geometry":{"type":"Polygon","coordinates":[[[-100.18062,20.563816],[-100.180875,20.56325],[-100.18126,20.562398],[-100.181823,20.563858],[-100.18062,20.563816]]]}},{"type":"Feature","properties":{"fid":"710","NOM_SEDATU":"MQ-COL-001","Entidad":"Querétaro","Municipio":"Colón","Folio Electrónico":"27409","Cuenta Catastral":"050406801031003","Titular Registral":"José Alejandro Martínez Rivera","Sujeto Agrario":"No aplica","Poseedor":"No aplica","Monto de la operación":"1,865,000.00 – PESOS","Valor Catastral":"No consta","Valor Comercial":"No consta","nombre":"MQ-COL-001"},"geometry":{"type":"Polygon","coordinates":[[[-100.180748,20.562335],[-100.181228,20.562345],[-100.18126,20.562398],[-100.180875,20.56325],[-100.180433,20.563073],[-100.180748,20.562335]]]}},{"type":"Feature","properties":{"fid":"918","NOM_SEDATU":"MQ-SJR-355-1","Entidad":"Querétaro","Municipio":"San Juan del Río","Folio Electrónico":"En investigación","nombre":"MQ-SJR-355-1"},"geometry":{"type":"Polygon","coordinates":[[[-100.075722,20.467199],[-100.075857,20.46735],[-100.076009,20.467485],[-100.077046,20.468689],[-100.076999,20.468719],[-100.07677,20.468519],[-100.076174,20.468014],[-100.075467,20.467449],[-100.075519,20.467371],[-100.075686,20.467211],[-100.075722,20.467199]]]}},{"type":"Feature","properties":{"fid":"2255","NOM_SEDATU":"MQ-SJR-354-5","Entidad":"Querétaro","Municipio":"San Juan del Río","Folio Electrónico":"En investigación","Cuenta Catastral":"160106276221360","nombre":"MQ-SJR-354-5"},"geometry":{"type":"Polygon","coordinates":[[[-100.075859,20.466922],[-100.074896,20.465455],[-100.076078,20.461822],[-100.07731,20.462269],[-100.075859,20.466922]]]}},{"type":"Feature","properties":{"fid":"2252","NOM_SEDATU":"MQ-SJR-354-4","Entidad":"Querétaro","Municipio":"San Juan del Río","Folio Electrónico":"109383","nombre":"MQ-SJR-354-4"},"geometry":{"type":"Polygon","coordinates":[[[-100.074731,20.465203],[-100.075905,20.461595],[-100.076095,20.461669],[-100.076124,20.461681],[-100.074896,20.465455],[-100.074731,20.465203]]]}},{"type":"Feature","properties":{"fid":"2254","NOM_SEDATU":"MQ-SJR-354-3","Entidad":"Querétaro","Municipio":"San Juan del Río","Folio Electrónico":"26708","nombre":"MQ-SJR-354-3"},"geometry":{"type":"Polygon","coordinates":[[[-100.074731,20.465203],[-100.0744,20.46465],[-100.075436,20.461429],[-100.075905,20.461595],[-100.074731,20.465203]]]}},{"type":"Feature","properties":{"fid":"2253","NOM_SEDATU":"MQ-SJR-354-2","Entidad":"Querétaro","Municipio":"San Juan del Río","Folio Electrónico":"75423","nombre":"MQ-SJR-354-2"},"geometry":{"type":"Polygon","coordinates":[[[-100.075436,20.461429],[-100.074917,20.46306],[-100.074595,20.463035],[-100.073658,20.463494],[-100.073639,20.463441],[-100.074429,20.463023],[-100.074081,20.46243],[-100.074544,20.461095],[-100.075436,20.461429]]]}},{"type":"Feature","properties":{"fid":"2251","NOM_SEDATU":"MQ-SJR-354-1","Entidad":"Querétaro","Municipio":"San Juan del Río","Folio Electrónico":"109381","nombre":"MQ-SJR-354-1"},"geometry":{"type":"Polygon","coordinates":[[[-100.073658,20.463494],[-100.074595,20.463035],[-100.074917,20.46306],[-100.0744,20.46465],[-100.073658,20.463494]]]}},{"type":"Feature","properties":{"fid":"2231","NOM_SEDATU":"MQ-SJR-354","Entidad":"Querétaro","Municipio":"San Juan del Río","Folio Electrónico":"75435","Cuenta Catastral":"160106276221376","Titular Registral":"Camacho Gómez Rufino","Sujeto Agrario":"No consta","Poseedor":"No consta","Monto de la operación":"No consta","Valor Catastral":"No consta","Valor Comercial":"No consta","nombre":"MQ-SJR-354"},"geometry":{"type":"Polygon","coordinates":[[[-100.073579,20.463882],[-100.074618,20.465688],[-100.073167,20.465029],[-100.073579,20.463882]]]}},{"type":"Feature","properties":{"fid":"2231","NOM_SEDATU":"MQ-SJR-354","Entidad":"Querétaro","Municipio":"San Juan del Río","Folio Electrónico":"75435","Cuenta Catastral":"160106276221376","Titular Registral":"Camacho Gómez Rufino","Sujeto Agrario":"No consta","Poseedor":"No consta","Monto de la operación":"No consta","Valor Catastral":"No consta","Valor Comercial":"No consta","nombre":"MQ-SJR-354"},"geometry":{"type":"Polygon","coordinates":[[[-100.073167,20.465029],[-100.073167,20.465029],[-100.073167,20.465029],[-100.073167,20.465029]]]}},{"type":"Feature","properties":{"fid":"2226","NOM_SEDATU":"MQ-SJR-353-7","Entidad":"Querétaro","Municipio":"San Juan del Río","Folio Electrónico":"En investigación","nombre":"MQ-SJR-353-7"},"geometry":{"type":"Polygon","coordinates":[[[-100.073189,20.464968],[-100.072693,20.464746],[-100.073895,20.460998],[-100.074532,20.461224],[-100.073579,20.463882],[-100.073189,20.464968]]]}},{"type":"Feature","properties":{"fid":"2225","NOM_SEDATU":"MQ-SJR-353-6","Entidad":"Querétaro","Municipio":"San Juan del Río","Folio Electrónico":"En investigación","nombre":"MQ-SJR-353-6"},"geometry":{"type":"Polygon","coordinates":[[[-100.072693,20.464746],[-100.071598,20.464244],[-100.07233,20.462021],[-100.072835,20.460608],[-100.073895,20.460998],[-100.072693,20.464746]]]}},{"type":"Feature","properties":{"fid":"2224","NOM_SEDATU":"MQ-SJR-353-1","Entidad":"Querétaro","Municipio":"San Juan del Río","Folio Electrónico":"En investigación","nombre":"MQ-SJR-353-1"},"geometry":{"type":"Polygon","coordinates":[[[-100.071908,20.456518],[-100.072957,20.45684],[-100.071819,20.460118],[-100.072783,20.460488],[-100.072463,20.461513],[-100.070366,20.45806],[-100.070385,20.458007],[-100.071293,20.458251],[-100.071908,20.456518]]]}},{"type":"Feature","properties":{"fid":"2232","NOM_SEDATU":"MQ-SJR-350","Entidad":"Querétaro","Municipio":"San Juan del Río","Folio Electrónico":"39463","Cuenta Catastral":"160106276221369","Titular Registral":"Andreu Barrera Rodolfo","Sujeto Agrario":"No consta","Poseedor":"No consta","Monto de la operación":"300000","Valor Catastral":"No consta","Valor Comercial":"No consta","nombre":"MQ-SJR-350"},"geometry":{"type":"Polygon","coordinates":[[[-100.069166,20.455678],[-100.06919,20.455685],[-100.069153,20.455797],[-100.070941,20.456308],[-100.070312,20.458215],[-100.068952,20.455966],[-100.069166,20.455678]]]}},{"type":"Feature","properties":{"fid":"2233","NOM_SEDATU":"MQ-SJR-348","Entidad":"Querétaro","Municipio":"San Juan del Río","Folio Electrónico":"En investigación","Cuenta Catastral":"160106276223056","nombre":"MQ-SJR-348"},"geometry":{"type":"Polygon","coordinates":[[[-100.069043,20.455643],[-100.069166,20.455678],[-100.068952,20.455966],[-100.068888,20.45586],[-100.069043,20.455643]]]}},{"type":"Feature","properties":{"fid":"2229","NOM_SEDATU":"MQ-SJR-347","Entidad":"Querétaro","Municipio":"San Juan del Río","Folio Electrónico":"18092","Cuenta Catastral":"160109601001057","Titular Registral":"Oliva González Adolfo","Sujeto Agrario":"No consta","Poseedor":"No consta","Monto de la operación":"No consta","Valor Catastral":"No consta","Valor Comercial":"No consta","nombre":"MQ-SJR-347"},"geometry":{"type":"Polygon","coordinates":[[[-100.06863,20.455297],[-100.068517,20.455112],[-100.068425,20.454962],[-100.06847,20.454976],[-100.068782,20.455067],[-100.068703,20.455318],[-100.0688,20.455346],[-100.068836,20.455356],[-100.068846,20.455359],[-100.068874,20.455367],[-100.068908,20.455377],[-100.06898,20.455397],[-100.068952,20.455446],[-100.06895,20.455451],[-100.068943,20.455463],[-100.068924,20.455496],[-100.06882,20.455465],[-100.068713,20.455434],[-100.068634,20.455303],[-100.06863,20.455297]]]}},{"type":"Feature","properties":{"fid":"2259","NOM_SEDATU":"MQ-SJR-346-5","Entidad":"Querétaro","Municipio":"San Juan del Río","Folio Electrónico":"16135","nombre":"MQ-SJR-346-5"},"geometry":{"type":"Polygon","coordinates":[[[-100.067786,20.45385],[-100.067873,20.453764],[-100.0681,20.453931],[-100.068061,20.454154],[-100.068056,20.454155],[-100.068043,20.454158],[-100.068037,20.45416],[-100.068032,20.454163],[-100.068022,20.454171],[-100.068014,20.454181],[-100.068009,20.454192],[-100.067786,20.45385]]]}},{"type":"Feature","properties":{"fid":"2244","NOM_SEDATU":"MQ-SJR-346-1","Entidad":"Querétaro","Municipio":"San Juan del Río","Folio Electrónico":"En investigación","Cuenta Catastral":"160109601071001","nombre":"MQ-SJR-346-1"},"geometry":{"type":"Polygon","coordinates":[[[-100.060663,20.444435],[-100.057967,20.441308],[-100.05709,20.44029],[-100.057571,20.439429],[-100.059611,20.440915],[-100.061685,20.442425],[-100.063289,20.443587],[-100.063245,20.443572],[-100.0632,20.443562],[-100.063153,20.443558],[-100.063106,20.443561],[-100.06306,20.443569],[-100.063016,20.443584],[-100.062974,20.443604],[-100.062936,20.44363],[-100.062902,20.44366],[-100.062873,20.443695],[-100.062483,20.444171],[-100.062424,20.444235],[-100.062361,20.444296],[-100.062294,20.444353],[-100.062224,20.444407],[-100.062151,20.444457],[-100.061415,20.444888],[-100.061366,20.444902],[-100.061315,20.444911],[-100.061264,20.444913],[-100.061212,20.44491],[-100.061162,20.4449],[-100.061113,20.444885],[-100.061066,20.444863],[-100.061023,20.444837],[-100.060984,20.444805],[-100.060954,20.444775],[-100.060928,20.444742],[-100.060663,20.444435]]]}},{"type":"Feature","properties":{"fid":"2244","NOM_SEDATU":"MQ-SJR-346-1","Entidad":"Querétaro","Municipio":"San Juan del Río","Folio Electrónico":"En investigación","Cuenta Catastral":"160109601071001","nombre":"MQ-SJR-346-1"},"geometry":{"type":"Polygon","coordinates":[[[-100.063244,20.443645],[-100.064506,20.444553],[-100.063981,20.44511],[-100.062709,20.444273],[-100.062689,20.44426],[-100.062671,20.444245],[-100.062656,20.444228],[-100.062644,20.444208],[-100.062636,20.444186],[-100.062632,20.444164],[-100.062632,20.444141],[-100.062636,20.444118],[-100.062644,20.444097],[-100.062656,20.444077],[-100.062672,20.444059],[-100.062963,20.443704],[-100.062989,20.443677],[-100.06302,20.443655],[-100.063055,20.443638],[-100.063092,20.443627],[-100.063131,20.443623],[-100.063169,20.443624],[-100.063207,20.443632],[-100.063244,20.443645]]]}},{"type":"Feature","properties":{"fid":"2244","NOM_SEDATU":"MQ-SJR-346-1","Entidad":"Querétaro","Municipio":"San Juan del Río","Folio Electrónico":"En investigación","Cuenta Catastral":"160109601071001","nombre":"MQ-SJR-346-1"},"geometry":{"type":"Polygon","coordinates":[[[-100.062453,20.444385],[-100.062458,20.444386],[-100.062464,20.444389],[-100.062468,20.444392],[-100.062473,20.444396],[-100.062476,20.4444],[-100.062478,20.444425],[-100.062476,20.44445],[-100.062469,20.444474],[-100.062458,20.444497],[-100.062019,20.445361],[-100.061979,20.445436],[-100.061932,20.445507],[-100.061879,20.445575],[-100.061821,20.445639],[-100.061758,20.445699],[-100.061377,20.44526],[-100.061376,20.445258],[-100.061364,20.445217],[-100.061359,20.445173],[-100.061361,20.44513],[-100.061369,20.445087],[-100.061385,20.445047],[-100.061407,20.445009],[-100.061435,20.444974],[-100.061469,20.444944],[-100.061506,20.44492],[-100.062355,20.444422],[-100.062372,20.444408],[-100.06239,20.444398],[-100.06241,20.44439],[-100.062431,20.444385],[-100.062453,20.444385]]]}},{"type":"Feature","properties":{"fid":"2244","NOM_SEDATU":"MQ-SJR-346-1","Entidad":"Querétaro","Municipio":"San Juan del Río","Folio Electrónico":"En investigación","Cuenta Catastral":"160109601071001","nombre":"MQ-SJR-346-1"},"geometry":{"type":"Polygon","coordinates":[[[-100.062839,20.444639],[-100.063841,20.445298],[-100.063819,20.446007],[-100.063943,20.446875],[-100.063431,20.447626],[-100.062169,20.446172],[-100.062138,20.446121],[-100.062114,20.446067],[-100.062095,20.446011],[-100.062084,20.445953],[-100.062079,20.445895],[-100.06208,20.445837],[-100.062088,20.445779],[-100.062103,20.445722],[-100.062124,20.445668],[-100.062151,20.445615],[-100.062547,20.444834],[-100.062576,20.444792],[-100.062609,20.444754],[-100.062648,20.44472],[-100.062691,20.444691],[-100.062738,20.444668],[-100.062788,20.44465],[-100.062839,20.444639]]]}},{"type":"Feature","properties":{"fid":"2244","NOM_SEDATU":"MQ-SJR-346-1","Entidad":"Querétaro","Municipio":"San Juan del Río","Folio Electrónico":"En investigación","Cuenta Catastral":"160109601071001","nombre":"MQ-SJR-346-1"},"geometry":{"type":"Polygon","coordinates":[[[-100.061714,20.447078],[-100.061856,20.447241],[-100.06213,20.447557],[-100.062261,20.447707],[-100.062276,20.447732],[-100.062287,20.447759],[-100.062293,20.447787],[-100.062293,20.447816],[-100.062289,20.447845],[-100.06228,20.447872],[-100.062265,20.447898],[-100.062247,20.447921],[-100.062225,20.447941],[-100.062109,20.448073],[-100.0621,20.448084],[-100.061902,20.448312],[-100.06186,20.448361],[-100.06184,20.448389],[-100.061814,20.448414],[-100.061785,20.448435],[-100.061753,20.44845],[-100.061718,20.44846],[-100.061682,20.448465],[-100.061645,20.448464],[-100.061609,20.448457],[-100.061575,20.448444],[-100.061309,20.448317],[-100.061063,20.448198],[-100.061034,20.448181],[-100.061008,20.44816],[-100.060986,20.448135],[-100.060969,20.448107],[-100.060957,20.448076],[-100.060951,20.448045],[-100.06095,20.448012],[-100.060954,20.44798],[-100.060964,20.44795],[-100.060976,20.447927],[-100.061033,20.447814],[-100.061178,20.447529],[-100.061323,20.447244],[-100.061391,20.44711],[-100.061394,20.447104],[-100.061411,20.447079],[-100.061432,20.447056],[-100.061457,20.447037],[-100.061485,20.447022],[-100.061515,20.447012],[-100.061546,20.447007],[-100.061578,20.447007],[-100.06161,20.447012],[-100.06164,20.447022],[-100.061668,20.447036],[-100.061693,20.447055],[-100.061714,20.447078]]]}},{"type":"Feature","properties":{"fid":"2244","NOM_SEDATU":"MQ-SJR-346-1","Entidad":"Querétaro","Municipio":"San Juan del Río","Folio Electrónico":"En investigación","Cuenta Catastral":"160109601071001","nombre":"MQ-SJR-346-1"},"geometry":{"type":"Polygon","coordinates":[[[-100.061987,20.446535],[-100.062133,20.446703],[-100.062345,20.446948],[-100.062558,20.447193],[-100.062861,20.447542],[-100.063134,20.447857],[-100.062842,20.448156],[-100.062517,20.448488],[-100.062455,20.448551],[-100.06229,20.448787],[-100.062059,20.448676],[-100.062031,20.44866],[-100.062006,20.44864],[-100.061985,20.448616],[-100.061968,20.44859],[-100.061956,20.448561],[-100.061949,20.44853],[-100.061947,20.448499],[-100.061951,20.448469],[-100.06196,20.448439],[-100.061975,20.448411],[-100.062185,20.448161],[-100.062313,20.448003],[-100.062342,20.447976],[-100.062365,20.447945],[-100.062383,20.447911],[-100.062395,20.447874],[-100.062401,20.447836],[-100.062401,20.447798],[-100.062394,20.447761],[-100.062381,20.447725],[-100.062362,20.447691],[-100.06232,20.447632],[-100.062186,20.447479],[-100.061974,20.447234],[-100.061761,20.44699],[-100.061614,20.44682],[-100.061604,20.446789],[-100.0616,20.446758],[-100.061601,20.446726],[-100.061607,20.446695],[-100.061617,20.446665],[-100.061626,20.446648],[-100.061653,20.446594],[-100.061664,20.446571],[-100.061678,20.446549],[-100.061695,20.44653],[-100.061715,20.446513],[-100.061743,20.446495],[-100.061773,20.446482],[-100.061806,20.446474],[-100.061839,20.446472],[-100.061872,20.446474],[-100.061905,20.446482],[-100.061935,20.446495],[-100.061963,20.446513],[-100.061987,20.446535]]]}},{"type":"Feature","properties":{"fid":"2244","NOM_SEDATU":"MQ-SJR-346-1","Entidad":"Querétaro","Municipio":"San Juan del Río","Folio Electrónico":"En investigación","Cuenta Catastral":"160109601071001","nombre":"MQ-SJR-346-1"},"geometry":{"type":"Polygon","coordinates":[[[-100.060411,20.449529],[-100.060498,20.449567],[-100.060863,20.449728],[-100.06098,20.449779],[-100.061016,20.449795],[-100.061049,20.449817],[-100.061077,20.449844],[-100.061099,20.449875],[-100.061116,20.44991],[-100.061126,20.449946],[-100.061129,20.449984],[-100.061126,20.450022],[-100.061115,20.450058],[-100.061046,20.450363],[-100.060973,20.450684],[-100.060963,20.450712],[-100.060949,20.450738],[-100.06093,20.450761],[-100.060907,20.450781],[-100.06088,20.450797],[-100.060851,20.450809],[-100.060821,20.450815],[-100.06079,20.450817],[-100.060759,20.450813],[-100.060729,20.450805],[-100.060448,20.450721],[-100.060061,20.450605],[-100.059872,20.450555],[-100.059843,20.450542],[-100.059817,20.450525],[-100.059794,20.450504],[-100.059775,20.45048],[-100.059761,20.450453],[-100.059751,20.450424],[-100.059747,20.450395],[-100.059748,20.450365],[-100.059754,20.450337],[-100.059765,20.45031],[-100.059941,20.449964],[-100.060108,20.449635],[-100.060129,20.449603],[-100.060154,20.449574],[-100.060185,20.449551],[-100.060219,20.449532],[-100.060256,20.449519],[-100.060295,20.449512],[-100.060335,20.449511],[-100.060374,20.449517],[-100.060411,20.449529]]]}},{"type":"Feature","properties":{"fid":"2244","NOM_SEDATU":"MQ-SJR-346-1","Entidad":"Querétaro","Municipio":"San Juan del Río","Folio Electrónico":"En investigación","Cuenta Catastral":"160109601071001","nombre":"MQ-SJR-346-1"},"geometry":{"type":"Polygon","coordinates":[[[-100.060191,20.450955],[-100.06024,20.45076],[-100.060702,20.450884],[-100.060746,20.450894],[-100.060791,20.450898],[-100.060836,20.450894],[-100.06088,20.450884],[-100.060921,20.450867],[-100.06096,20.450845],[-100.06099,20.450821],[-100.061017,20.450794],[-100.061039,20.450764],[-100.061056,20.450731],[-100.061068,20.450696],[-100.061092,20.450589],[-100.06116,20.450325],[-100.06122,20.45006],[-100.061217,20.449842],[-100.061189,20.449805],[-100.061155,20.449772],[-100.061117,20.449743],[-100.061075,20.44972],[-100.061031,20.449701],[-100.060771,20.449584],[-100.06051,20.449471],[-100.06044,20.449441],[-100.060413,20.449429],[-100.060388,20.449414],[-100.060365,20.449395],[-100.060346,20.449374],[-100.060331,20.449349],[-100.06032,20.449323],[-100.060314,20.449295],[-100.060312,20.449267],[-100.060315,20.449239],[-100.060323,20.449212],[-100.060331,20.449194],[-100.060341,20.449177],[-100.060512,20.448841],[-100.060691,20.448488],[-100.060711,20.448461],[-100.060735,20.448438],[-100.060763,20.448419],[-100.060794,20.448405],[-100.060827,20.448396],[-100.060862,20.448392],[-100.060896,20.448394],[-100.06093,20.448402],[-100.060962,20.448415],[-100.06103,20.448448],[-100.061286,20.448571],[-100.061543,20.448694],[-100.061799,20.448817],[-100.062149,20.448985],[-100.062077,20.449092],[-100.061958,20.449535],[-100.061917,20.449685],[-100.061787,20.45019],[-100.061719,20.450453],[-100.061651,20.450717],[-100.061542,20.451139],[-100.0615,20.451305],[-100.060191,20.450955]]]}},{"type":"Feature","properties":{"fid":"2230","NOM_SEDATU":"MQ-SJR-346","Estatus de LDV":"Liberado","Entidad":"Querétaro","Municipio":"San Juan del Río","Folio Electrónico":"158323","Cuenta Catastral":"160103076222164","Titular Registral":"García Gómez José Archivaldo","Sujeto Agrario":"No consta","Poseedor":"No consta","Monto de la operación":"3595000","Valor Catastral":"No consta","Valor Comercial":"No consta","nombre":"MQ-SJR-346"},"geometry":{"type":"Polygon","coordinates":[[[-100.054114,20.43846],[-100.052767,20.437001],[-100.05369,20.437],[-100.05424,20.436997],[-100.056713,20.436965],[-100.058938,20.436935],[-100.058426,20.43787],[-100.057571,20.439429],[-100.056979,20.440489],[-100.054114,20.43846]]]}},{"type":"Feature","properties":{"fid":"2245","NOM_SEDATU":"MQ-SJR-346-2","Entidad":"Querétaro","Municipio":"San Juan del Río","Folio Electrónico":"En investigación","Cuenta Catastral":"160109601046007","nombre":"MQ-SJR-346-2"},"geometry":{"type":"Polygon","coordinates":[[[-100.058412,20.452092],[-100.057615,20.451916],[-100.057615,20.451916],[-100.057609,20.451914],[-100.057608,20.451914],[-100.056194,20.451529],[-100.05599,20.451457],[-100.049774,20.451018],[-100.045689,20.445501],[-100.048267,20.441039],[-100.05055,20.437088],[-100.052972,20.437001],[-100.054114,20.43846],[-100.056979,20.440489],[-100.05709,20.44029],[-100.057967,20.441308],[-100.060663,20.444435],[-100.060928,20.444742],[-100.060954,20.444775],[-100.060984,20.444805],[-100.061376,20.445258],[-100.061377,20.44526],[-100.061758,20.445699],[-100.062084,20.445953],[-100.061715,20.446513],[-100.061695,20.44653],[-100.061678,20.446549],[-100.061664,20.446571],[-100.061653,20.446594],[-100.061626,20.446648],[-100.061617,20.446665],[-100.061394,20.447104],[-100.061391,20.44711],[-100.061323,20.447244],[-100.061178,20.447529],[-100.061033,20.447814],[-100.060976,20.447927],[-100.060964,20.44795],[-100.060691,20.448488],[-100.060512,20.448841],[-100.060341,20.449177],[-100.060331,20.449194],[-100.060323,20.449212],[-100.060108,20.449635],[-100.059941,20.449964],[-100.059765,20.45031],[-100.059754,20.450337],[-100.059748,20.450365],[-100.059601,20.450846],[-100.059478,20.451138],[-100.059299,20.451562],[-100.05905,20.45189],[-100.058692,20.452054],[-100.058412,20.452092]],[[-100.050831,20.443619],[-100.050803,20.443623],[-100.050774,20.44363],[-100.050749,20.443639],[-100.050723,20.443651],[-100.050701,20.443665],[-100.050678,20.443683],[-100.050659,20.443702],[-100.050641,20.443724],[-100.050623,20.443747],[-100.050609,20.443769],[-100.050397,20.444165],[-100.050761,20.444261],[-100.050953,20.443636],[-100.050934,20.443631],[-100.050913,20.443626],[-100.050886,20.44362],[-100.050859,20.443619],[-100.050831,20.443619]]]}},{"type":"Feature","properties":{"fid":"2248","NOM_SEDATU":"MQ-SJR-345-1","Entidad":"Querétaro","Municipio":"San Juan del Río","Folio Electrónico":"En investigación","Cuenta Catastral":"160106476243517","nombre":"MQ-SJR-345-1"},"geometry":{"type":"Polygon","coordinates":[[[-100.056713,20.436965],[-100.05424,20.436997],[-100.053116,20.435701],[-100.054173,20.435662],[-100.056655,20.435571],[-100.056713,20.436965]]]}},{"type":"Feature","properties":{"fid":"2181","NOM_SEDATU":"MQ-SJR-344-12","nombre":"MQ-SJR-344-12"},"geometry":{"type":"Polygon","coordinates":[[[-100.050711,20.432299],[-100.050989,20.432432],[-100.05097,20.432463],[-100.050964,20.432472],[-100.050958,20.432483],[-100.050952,20.432494],[-100.050947,20.432506],[-100.050942,20.432517],[-100.050938,20.432529],[-100.050935,20.432541],[-100.050933,20.432554],[-100.05061,20.432524],[-100.05061,20.432521],[-100.050613,20.432501],[-100.050617,20.432482],[-100.050622,20.432463],[-100.050627,20.432444],[-100.050633,20.432425],[-100.0507,20.432316],[-100.050711,20.432299]]]}},{"type":"Feature","properties":{"fid":"2247","NOM_SEDATU":"MQ-SJR-344-11","Entidad":"Querétaro","Municipio":"San Juan del Río","Folio Electrónico":"En investigación","nombre":"MQ-SJR-344-11"},"geometry":{"type":"Polygon","coordinates":[[[-100.050647,20.432773],[-100.050632,20.432735],[-100.05062,20.432696],[-100.050615,20.432677],[-100.050609,20.432638],[-100.050607,20.432619],[-100.050606,20.432599],[-100.050606,20.432579],[-100.050607,20.43256],[-100.050608,20.43254],[-100.05061,20.432524],[-100.050933,20.432554],[-100.050932,20.432566],[-100.050931,20.432579],[-100.050931,20.432591],[-100.050932,20.432603],[-100.050934,20.432616],[-100.050937,20.432628],[-100.05094,20.43264],[-100.050944,20.432652],[-100.050949,20.432664],[-100.050955,20.432675],[-100.050961,20.432686],[-100.050968,20.432696],[-100.050647,20.432773]]]}},{"type":"Feature","properties":{"fid":"2237","NOM_SEDATU":"MQ-SJR-344-10","Entidad":"Querétaro","Municipio":"San Juan del Río","Folio Electrónico":"11825","nombre":"MQ-SJR-344-10"},"geometry":{"type":"Polygon","coordinates":[[[-100.050647,20.432773],[-100.050968,20.432696],[-100.051039,20.432783],[-100.051058,20.432807],[-100.050805,20.432991],[-100.050722,20.432894],[-100.050709,20.432878],[-100.050697,20.432861],[-100.050686,20.432844],[-100.050675,20.432827],[-100.050665,20.432809],[-100.050656,20.432791],[-100.050647,20.432773]]]}},{"type":"Feature","properties":{"fid":"2243","NOM_SEDATU":"MQ-SJR-344-9","Entidad":"Querétaro","Municipio":"San Juan del Río","Folio Electrónico":"11843","nombre":"MQ-SJR-344-9"},"geometry":{"type":"Polygon","coordinates":[[[-100.050805,20.432991],[-100.051058,20.432807],[-100.05111,20.43287],[-100.051174,20.432947],[-100.050924,20.433129],[-100.050805,20.432991]]]}},{"type":"Feature","properties":{"fid":"2236","NOM_SEDATU":"MQ-SJR-344-8","Entidad":"Querétaro","Municipio":"San Juan del Río","Folio Electrónico":"23269","nombre":"MQ-SJR-344-8"},"geometry":{"type":"Polygon","coordinates":[[[-100.050924,20.433129],[-100.051174,20.432947],[-100.051182,20.432956],[-100.051254,20.433041],[-100.051294,20.433088],[-100.051045,20.433269],[-100.051035,20.433257],[-100.050926,20.433131],[-100.050924,20.433129]]]}},{"type":"Feature","properties":{"fid":"2235","NOM_SEDATU":"MQ-SJR-344-7","Entidad":"Querétaro","Municipio":"San Juan del Río","Folio Electrónico":"17777","nombre":"MQ-SJR-344-7"},"geometry":{"type":"Polygon","coordinates":[[[-100.051045,20.433269],[-100.051294,20.433088],[-100.051327,20.433127],[-100.051413,20.433229],[-100.051166,20.433409],[-100.05109,20.433321],[-100.051045,20.433269]]]}},{"type":"Feature","properties":{"fid":"2234","NOM_SEDATU":"MQ-SJR-344-6","Entidad":"Querétaro","Municipio":"San Juan del Río","Folio Electrónico":"5147","nombre":"MQ-SJR-344-6"},"geometry":{"type":"Polygon","coordinates":[[[-100.051166,20.433409],[-100.051413,20.433229],[-100.05142,20.433236],[-100.051513,20.433346],[-100.051533,20.43337],[-100.051288,20.433549],[-100.051166,20.433409]]]}},{"type":"Feature","properties":{"fid":"2242","NOM_SEDATU":"MQ-SJR-344-5","Entidad":"Querétaro","Municipio":"San Juan del Río","Folio Electrónico":"En investigación","Cuenta Catastral":"160109601101080","nombre":"MQ-SJR-344-5"},"geometry":{"type":"Polygon","coordinates":[[[-100.051288,20.433549],[-100.051533,20.43337],[-100.051606,20.433456],[-100.051609,20.433459],[-100.051612,20.433463],[-100.051614,20.433468],[-100.051615,20.433472],[-100.051615,20.433477],[-100.051614,20.433482],[-100.051613,20.433486],[-100.05151,20.43381],[-100.051412,20.433693],[-100.051288,20.433549]]]}},{"type":"Feature","properties":{"fid":"2239","NOM_SEDATU":"MQ-SJR-344-4","Entidad":"Querétaro","Municipio":"San Juan del Río","Folio Electrónico":"En investigación","Cuenta Catastral":"160109601101079","nombre":"MQ-SJR-344-4"},"geometry":{"type":"Polygon","coordinates":[[[-100.05184,20.433743],[-100.051728,20.434072],[-100.051571,20.433883],[-100.051671,20.433574],[-100.051672,20.43357],[-100.051675,20.433568],[-100.051678,20.433566],[-100.051682,20.433564],[-100.051686,20.433564],[-100.051689,20.433564],[-100.051693,20.433565],[-100.05184,20.433743]]]}},{"type":"Feature","properties":{"fid":"2240","NOM_SEDATU":"MQ-SJR-344-3","Entidad":"Querétaro","Municipio":"San Juan del Río","Folio Electrónico":"5145","nombre":"MQ-SJR-344-3"},"geometry":{"type":"Polygon","coordinates":[[[-100.051978,20.43391],[-100.05189,20.434266],[-100.051728,20.434072],[-100.05184,20.433743],[-100.051978,20.43391]]]}},{"type":"Feature","properties":{"fid":"2238","NOM_SEDATU":"MQ-SJR-344-2","Entidad":"Querétaro","Municipio":"San Juan del Río","Folio Electrónico":"23268","nombre":"MQ-SJR-344-2"},"geometry":{"type":"Polygon","coordinates":[[[-100.052119,20.434074],[-100.052058,20.434468],[-100.05189,20.434266],[-100.051978,20.43391],[-100.05208,20.434035],[-100.052098,20.434056],[-100.052119,20.434074]]]}},{"type":"Feature","properties":{"fid":"2241","NOM_SEDATU":"MQ-SJR-344-1","Entidad":"Querétaro","Municipio":"San Juan del Río","Folio Electrónico":"17767","nombre":"MQ-SJR-344-1"},"geometry":{"type":"Polygon","coordinates":[[[-100.052119,20.434074],[-100.052146,20.434092],[-100.052175,20.434106],[-100.052206,20.434116],[-100.052239,20.434121],[-100.05232,20.434106],[-100.052387,20.434405],[-100.052058,20.434468],[-100.052119,20.434074]]]}},{"type":"Feature","properties":{"fid":"2249","NOM_SEDATU":"MQ-SJR-338-2","Entidad":"Querétaro","Municipio":"San Juan del Río","Folio Electrónico":"55026","nombre":"AP-SJR-040"},"geometry":{"type":"Polygon","coordinates":[[[-100.027803,20.412379],[-100.027008,20.411363],[-100.026614,20.410698],[-100.026186,20.409633],[-100.026031,20.408985],[-100.026002,20.408486],[-100.02598,20.408303],[-100.026007,20.408304],[-100.026061,20.408325],[-100.026086,20.408466],[-100.026133,20.408735],[-100.026225,20.409134],[-100.026371,20.409443],[-100.026452,20.409572],[-100.02818,20.411584],[-100.027803,20.412379]]]}},{"type":"Feature","properties":{"NOM_SEDATU":"MQ-SJR-P066","PARCELA":"66 Z-1 P 1/7","NÚCLEO AG":"SAN JUAN DEL RIO","TIPO NÚCL":"EJIDO","MUNICIPIO":"SAN JUAN DEL RÍO","ESTADO":"QUERÉTARO","SUP":"7331.698","TIPO DE PA":"PARCELAS INDIVIDUALES CON DOMINIO PLENO","CALIDAD":"EJIDATARIO (A)","DOMICILIO":"CONOCIDO, SAN JUAN DEL RIO, QUERETARO","TITULAR":"GREGORIO IBARRA ZAPATERO","nombre":"MQ-SJR-P066"},"geometry":{"type":"Polygon","coordinates":[[[-100.026058,20.406719],[-100.026953,20.407902],[-100.026707,20.408417],[-100.026657,20.408135],[-100.026612,20.408004],[-100.026475,20.407849],[-100.02614,20.407723],[-100.025925,20.407714],[-100.026058,20.406719]]]}},{"type":"Feature","properties":{"NOM_SEDATU":"MQ-SJR-P095","PARCELA":"95 Z-1 P 1/7","NÚCLEO AG":"SAN JUAN DEL RIO","TIPO NÚCL":"EJIDO","MUNICIPIO":"SAN JUAN DEL RÍO","ESTADO":"QUERÉTARO","SUP":"77582.788","TIPO DE PA":"PARCELAS INDIVIDUALES CON DOMINIO PLENO","CALIDAD":"EJIDATARIO (A)","DOMICILIO":"CONOCIDO, SAN JUAN DEL RIO, QUERETARO","CURP":"MAMB561006HQTNRR07","TITULAR":"BRUNO FRANCISCO MANCILLA MARTINEZ","nombre":"MQ-SJR-P095"},"geometry":{"type":"Polygon","coordinates":[[[-100.026058,20.406719],[-100.026851,20.404422],[-100.02744,20.40447],[-100.028575,20.404623],[-100.029162,20.405905],[-100.028018,20.407552],[-100.027386,20.406879],[-100.026953,20.407902],[-100.026058,20.406719]]]}},{"type":"Feature","properties":{"fid":"2256","NOM_SEDATU":"MQ-SJR-334-1","nombre":"MQ-SJR-334-1"},"geometry":{"type":"Polygon","coordinates":[[[-100.027442,20.40447],[-100.027353,20.402973],[-100.027772,20.40167],[-100.031133,20.404813],[-100.030784,20.404839],[-100.030683,20.405896],[-100.030676,20.406129],[-100.030305,20.406272],[-100.030233,20.406272],[-100.03023,20.405671],[-100.02987,20.405063],[-100.029229,20.40473],[-100.027442,20.40447]]]}},{"type":"Feature","properties":{"fid":"894","NOM_SEDATU":"MQ-PES-017","Entidad":"Querétaro","Municipio":"Pedro Escobedo","Folio Electrónico":"En investigación","Cuenta Catastral":"120103266446086","nombre":"MQ-PES-017"},"geometry":{"type":"Polygon","coordinates":[[[-100.140497,20.520994],[-100.139064,20.519794],[-100.13931,20.519547],[-100.140729,20.520766],[-100.140497,20.520994]]]}},{"type":"Feature","properties":{"fid":"858","NOM_SEDATU":"MQ-PES-016","Entidad":"Querétaro","Municipio":"Pedro Escobedo","Folio Electrónico":"158146","Cuenta Catastral":"120100166437084","Titular Registral":"Thor Químicos de México Sociedad Anónima de Capital Variable","Sujeto Agrario":"No aplica","Poseedor":"No aplica","Monto de la operación":"7244969.54","Valor Catastral":"No consta","Valor Comercial":"No consta","nombre":"MQ-PES-016"},"geometry":{"type":"Polygon","coordinates":[[[-100.134388,20.515624],[-100.13159,20.515374],[-100.13185,20.514167],[-100.13003,20.513604],[-100.131227,20.513065],[-100.134388,20.515624]]]}},{"type":"Feature","properties":{"fid":"862","NOM_SEDATU":"MQ-PES-014-2","Entidad":"Querétaro","Municipio":"Pedro Escobedo","nombre":"MQ-PES-014-2"},"geometry":{"type":"Polygon","coordinates":[[[-100.11799,20.501963],[-100.113602,20.498403],[-100.114159,20.498561],[-100.115348,20.498881],[-100.115937,20.49906],[-100.116579,20.499181],[-100.117582,20.499364],[-100.117762,20.499401],[-100.117843,20.499396],[-100.118516,20.499574],[-100.118556,20.499582],[-100.118167,20.501248],[-100.118088,20.501454],[-100.118047,20.501708],[-100.11799,20.501963]]]}},{"type":"Feature","properties":{"fid":"859","NOM_SEDATU":"MQ-PES-014-1","Entidad":"Querétaro","Municipio":"Pedro Escobedo","nombre":"MQ-PES-014-1"},"geometry":{"type":"Polygon","coordinates":[[[-100.108279,20.504758],[-100.109293,20.500336],[-100.109726,20.498495],[-100.109907,20.498118],[-100.110078,20.497809],[-100.11091,20.497457],[-100.112982,20.498208],[-100.111722,20.503436],[-100.111264,20.505336],[-100.108279,20.504758]]]}},{"type":"Feature","properties":{"fid":"860","NOM_SEDATU":"MQ-PES-015","Entidad":"Querétaro","Municipio":"Pedro Escobedo","Folio Electrónico":"55510","Cuenta Catastral":"120200401001001/120200466436040","Titular Registral":"David Fernandez de Cevallos Gutierrez","Sujeto Agrario":"No aplica","Poseedor":"No aplica","Monto de la operación":"No consta","Valor Catastral":"No consta","Valor Comercial":"No consta","nombre":"MQ-PES-015"},"geometry":{"type":"Polygon","coordinates":[[[-100.115135,20.513745],[-100.115004,20.513788],[-100.112296,20.513292],[-100.115523,20.500132],[-100.117948,20.502184],[-100.117921,20.502296],[-100.117661,20.503365],[-100.1173,20.504845],[-100.116975,20.506183],[-100.116644,20.507545],[-100.11633,20.508835],[-100.11602,20.510111],[-100.115721,20.511339],[-100.115421,20.51257],[-100.115135,20.513745]]]}},{"type":"Feature","properties":{"fid":"861","NOM_SEDATU":"MQ-PES-014","Entidad":"Querétaro","Municipio":"Pedro Escobedo","Folio Electrónico":"55509","Cuenta Catastral":"120200401001002/120200466437132","Titular Registral":"David Fernandez de Cevallos Gutierrez","Sujeto Agrario":"No aplica","Poseedor":"No aplica","Monto de la operación":"No consta","Valor Catastral":"No consta","Valor Comercial":"No consta","nombre":"MQ-PES-014"},"geometry":{"type":"Polygon","coordinates":[[[-100.112296,20.513292],[-100.109472,20.512775],[-100.111264,20.505336],[-100.111722,20.503436],[-100.112982,20.498208],[-100.112982,20.498207],[-100.115523,20.500132],[-100.112296,20.513292]]]}},{"type":"Feature","properties":{"fid":"855","NOM_SEDATU":"MQ-PES-013","Entidad":"Querétaro","Municipio":"Pedro Escobedo","Folio Electrónico":"72687","Cuenta Catastral":"120203676211031","Titular Registral":"Alejandro García Vidales","Sujeto Agrario":"No aplica","Poseedor":"No aplica","Monto de la operación":"$3,509,574.00 M.N","Valor Catastral":"No consta","Valor Comercial":"No consta","nombre":"MQ-PES-013"},"geometry":{"type":"Polygon","coordinates":[[[-100.102278,20.489601],[-100.102259,20.489653],[-100.10214,20.490308],[-100.099545,20.490054],[-100.099979,20.487698],[-100.102278,20.489601]]]}},{"type":"Feature","properties":{"NOM_SEDATU":"MQ-SCL-P113","PARCELA":"113 Z-1 P2/3","NÚCLEO AG":"SAN CLEMENTE","TIPO NÚCL":"EJIDO","MUNICIPIO":"PEDRO ESCOBEDO","ESTADO":"QUERÉTARO","SUP":"79554.809","TIPO DE PA":"PARCELAS INDIVIDUALES CON DOMINIO PLENO","CALIDAD":"EJIDATARIO (A)","DOMICILIO":"CONOCIDO, SAN CLEMENTE, QUERETARO","TITULAR":"SATURNINO FERRER JAIME","nombre":"MQ-SCL-P113"},"geometry":{"type":"Polygon","coordinates":[[[-100.09403,20.48241],[-100.097068,20.482436],[-100.098901,20.485027],[-100.099075,20.48527],[-100.09839,20.485917],[-100.09403,20.48241]]]}},{"type":"Feature","properties":{"fid":"856","NOM_SEDATU":"MQ-PES-012","Entidad":"Querétaro","Municipio":"Pedro Escobedo","Folio Electrónico":"59023","Cuenta Catastral":"120203676211030","Titular Registral":"Anastacio Ferrer Durán","Sujeto Agrario":"No aplica","Poseedor":"No aplica","Monto de la operación":"No aplica","Valor Catastral":"No aplica","Valor Comercial":"No aplica","nombre":"MQ-PES-012"},"geometry":{"type":"Polygon","coordinates":[[[-100.097486,20.485706],[-100.097399,20.486169],[-100.094202,20.486024],[-100.093956,20.482835],[-100.097486,20.485706]]]}},{"type":"Feature","properties":{"fid":"863","NOM_SEDATU":"MQ-PES-006-1","Entidad":"Querétaro","Municipio":"Pedro Escobedo","nombre":"MQ-PES-006-1"},"geometry":{"type":"Polygon","coordinates":[[[-100.085168,20.475327],[-100.083881,20.474289],[-100.083938,20.474263],[-100.084123,20.474191],[-100.084124,20.474115],[-100.084363,20.474103],[-100.084391,20.474028],[-100.084351,20.473953],[-100.084655,20.473457],[-100.085398,20.473422],[-100.085447,20.474247],[-100.085114,20.474297],[-100.085168,20.475327]]]}},{"type":"Feature","properties":{"nombre":"Polígono sin título"},"geometry":{"type":"Polygon","coordinates":[[[-100.05011,20.43231],[-100.051125,20.430795],[-100.048715,20.430769],[-100.05011,20.43231]]]}},{"type":"Feature","properties":{"fid":"1132","NOM_SEDATU":"MQ-SJR-262","Entidad":"Querétaro","Municipio":"San Juan del Río","Folio Electrónico":"16066","Cuenta Catastral":"160101876427004","Titular Registral":"Centro Escolar México de San Juan, S.C.","Sujeto Agrario":"No aplica","Poseedor":"No aplica","Monto de la operación":"750000","Valor Catastral":"No consta","Valor Comercial":"No consta","nombre":"MQ-SJR-262"},"geometry":{"type":"Polygon","coordinates":[[[-100.020275,20.367275],[-100.020408,20.367202],[-100.020538,20.367124],[-100.020665,20.367043],[-100.02079,20.366958],[-100.021119,20.366731],[-100.021779,20.366275],[-100.021891,20.366198],[-100.021999,20.366123],[-100.021994,20.366156],[-100.021994,20.366188],[-100.021999,20.366221],[-100.022008,20.366252],[-100.022171,20.366574],[-100.022201,20.366634],[-100.022222,20.36668],[-100.022246,20.366735],[-100.022188,20.366758],[-100.022059,20.366809],[-100.022053,20.366811],[-100.021808,20.366907],[-100.021751,20.366929],[-100.02137,20.367078],[-100.02152,20.36742],[-100.021736,20.367913],[-100.022119,20.367763],[-100.02228,20.3677],[-100.022614,20.367571],[-100.022639,20.367629],[-100.022719,20.367798],[-100.022742,20.367838],[-100.022769,20.367876],[-100.022801,20.367909],[-100.022837,20.367939],[-100.022877,20.367964],[-100.022892,20.367972],[-100.022897,20.367975],[-100.022902,20.367977],[-100.022917,20.367984],[-100.022968,20.368001],[-100.023021,20.368012],[-100.023075,20.368015],[-100.023287,20.368033],[-100.0233,20.368034],[-100.023325,20.368037],[-100.023349,20.368042],[-100.023372,20.368051],[-100.023393,20.368063],[-100.023412,20.368077],[-100.023431,20.368096],[-100.023446,20.368117],[-100.023458,20.36814],[-100.023552,20.368413],[-100.023569,20.368454],[-100.023592,20.368492],[-100.02362,20.368528],[-100.023652,20.368559],[-100.023689,20.368587],[-100.023728,20.36861],[-100.023771,20.368627],[-100.023816,20.36864],[-100.024035,20.368687],[-100.024073,20.368698],[-100.024108,20.368715],[-100.024138,20.368736],[-100.024164,20.368761],[-100.024185,20.36879],[-100.024201,20.368822],[-100.024211,20.368859],[-100.024166,20.368863],[-100.023756,20.368902],[-100.023563,20.368923],[-100.023127,20.368949],[-100.023141,20.36902],[-100.022842,20.368997],[-100.02264,20.368849],[-100.022627,20.368838],[-100.022622,20.368835],[-100.022617,20.368831],[-100.022603,20.368821],[-100.022571,20.368797],[-100.022456,20.368749],[-100.021956,20.369209],[-100.02164,20.36928],[-100.021397,20.369424],[-100.021424,20.369488],[-100.02143,20.369488],[-100.021431,20.369505],[-100.021809,20.370412],[-100.021816,20.370431],[-100.021819,20.370437],[-100.021822,20.370444],[-100.021829,20.370462],[-100.021965,20.370789],[-100.021749,20.370912],[-100.021528,20.371038],[-100.021508,20.37105],[-100.021501,20.371054],[-100.021494,20.371058],[-100.021474,20.371069],[-100.02096,20.371362],[-100.021027,20.372188],[-100.021057,20.372548],[-100.021061,20.372594],[-100.021062,20.37261],[-100.021063,20.372626],[-100.021067,20.372673],[-100.021095,20.373014],[-100.020946,20.373098],[-100.020926,20.373109],[-100.020919,20.373113],[-100.020911,20.373117],[-100.020891,20.373129],[-100.020637,20.373272],[-100.020666,20.372895],[-100.020592,20.37273],[-100.020572,20.372695],[-100.020541,20.371977],[-100.020473,20.371257],[-100.020414,20.370902],[-100.020378,20.370773],[-100.020303,20.370503],[-100.020254,20.370395],[-100.020218,20.370315],[-100.020033,20.369974],[-100.020008,20.369928],[-100.019814,20.369571],[-100.019671,20.369342],[-100.019667,20.369337],[-100.019543,20.369155],[-100.019384,20.368937],[-100.019239,20.368766],[-100.019119,20.368655],[-100.019179,20.368473],[-100.019254,20.36824],[-100.019261,20.368218],[-100.019299,20.368121],[-100.019306,20.368103],[-100.01934,20.368021],[-100.019381,20.367942],[-100.019428,20.367866],[-100.019482,20.367793],[-100.019541,20.367725],[-100.019606,20.367661],[-100.019675,20.367602],[-100.01975,20.367549],[-100.019828,20.367501],[-100.019911,20.367459],[-100.020275,20.367275]]]}},{"type":"Feature","properties":{"fid":"1133","NOM_SEDATU":"MQ-SJR-261","Entidad":"Querétaro","Municipio":"San Juan del Río","Folio Electrónico":"68755","Cuenta Catastral":"160101876427015","Titular Registral":"Gomez Canobbio Jose Roberto\n Gomez Canobbio Silvia Del Consuelo\n Gomez Canobbio Julio Jose Manuel","Sujeto Agrario":"No aplica","Poseedor":"No aplica","Monto de la operación":"No consta","Valor Catastral":"No consta","Valor Comercial":"No consta","nombre":"MQ-SJR-261"},"geometry":{"type":"Polygon","coordinates":[[[-100.019639,20.363978],[-100.019952,20.364977],[-100.020527,20.36672],[-100.019301,20.367478],[-100.018942,20.367937],[-100.018844,20.36793],[-100.018518,20.368177],[-100.018373,20.368078],[-100.018084,20.367838],[-100.017833,20.367632],[-100.017688,20.36752],[-100.017513,20.367417],[-100.017312,20.367255],[-100.017023,20.367004],[-100.016735,20.366888],[-100.016447,20.366802],[-100.016062,20.36666],[-100.015773,20.36649],[-100.015485,20.366374],[-100.015101,20.366322],[-100.014929,20.366269],[-100.014526,20.366201],[-100.014142,20.36614],[-100.013758,20.366106],[-100.013375,20.36609],[-100.012991,20.366041],[-100.012704,20.366024],[-100.01184,20.366047],[-100.012227,20.365106],[-100.012274,20.36495],[-100.012301,20.364942],[-100.012318,20.364752],[-100.012339,20.364609],[-100.012408,20.363582],[-100.012413,20.363361],[-100.012437,20.363058],[-100.012414,20.362748],[-100.012405,20.362412],[-100.012479,20.362094],[-100.012607,20.361783],[-100.012658,20.36157],[-100.012781,20.361253],[-100.012893,20.360981],[-100.013025,20.360619],[-100.01309,20.360373],[-100.013183,20.360074],[-100.013266,20.359712],[-100.013408,20.35944],[-100.013415,20.359079],[-100.013469,20.358717],[-100.013486,20.358383],[-100.01356,20.358084],[-100.013606,20.357813],[-100.013718,20.357451],[-100.013792,20.357179],[-100.013924,20.356817],[-100.014056,20.356617],[-100.014197,20.356273],[-100.01431,20.356056],[-100.015442,20.35386],[-100.016582,20.351385],[-100.017081,20.35037],[-100.018838,20.345436],[-100.019715,20.34541],[-100.020702,20.345456],[-100.021026,20.345373],[-100.021246,20.345236],[-100.021532,20.345081],[-100.021627,20.344943],[-100.022201,20.344849],[-100.022564,20.344747],[-100.022454,20.346546],[-100.022646,20.346581],[-100.023546,20.346601],[-100.02355,20.347025],[-100.022492,20.347748],[-100.022602,20.348352],[-100.022806,20.348595],[-100.021906,20.351058],[-100.018676,20.35802],[-100.019089,20.362488],[-100.019639,20.363978]]]}},{"type":"Feature","properties":{"fid":"1197","NOM_SEDATU":"MQ-SJR-185","Entidad":"Querétaro","Municipio":"San Juan del Río","Folio Electrónico":"101128","Cuenta Catastral":"160100105219005","Titular Registral":"Junta de Agua Potable y Alcantarillado Municipal","Sujeto Agrario":"No aplica","Poseedor":"No consta","Monto de la operación":"No consta","Valor Catastral":"No consta","Valor Comercial":"No consta","nombre":"MQ-SJR-185"},"geometry":{"type":"Polygon","coordinates":[[[-100.011311,20.36605],[-100.011201,20.365061],[-100.011119,20.365061],[-100.011117,20.3647],[-100.011596,20.364697],[-100.011598,20.365059],[-100.011253,20.365061],[-100.011361,20.366049],[-100.011311,20.36605]]]}},{"type":"Feature","properties":{"fid":"1200","NOM_SEDATU":"MQ-SJR-184","Entidad":"Querétaro","Municipio":"San Juan del Río","Folio Electrónico":"61259","Cuenta Catastral":"160100105219006","Titular Registral":"Miguel Vázquez Díaz","Sujeto Agrario":"No aplica","Poseedor":"No consta","Monto de la operación":"No consta","Valor Catastral":"No consta","Valor Comercial":"No consta","nombre":"MQ-SJR-184"},"geometry":{"type":"Polygon","coordinates":[[[-100.009659,20.365666],[-100.009547,20.365624],[-100.0095,20.365607],[-100.009303,20.365533],[-100.008885,20.365371],[-100.008557,20.365242],[-100.008278,20.365134],[-100.008503,20.364558],[-100.008678,20.364112],[-100.010349,20.36469],[-100.010945,20.364896],[-100.010991,20.36451],[-100.011182,20.364575],[-100.011656,20.364597],[-100.012055,20.364623],[-100.012196,20.364599],[-100.012339,20.364609],[-100.012318,20.364752],[-100.011742,20.364748],[-100.011745,20.365109],[-100.012227,20.365106],[-100.01184,20.366047],[-100.011361,20.366049],[-100.011253,20.365061],[-100.011598,20.365059],[-100.011596,20.364697],[-100.011117,20.3647],[-100.011119,20.365061],[-100.011201,20.365061],[-100.011311,20.36605],[-100.010688,20.366052],[-100.009659,20.365666]]]}},{"type":"Feature","properties":{"fid":"1134","NOM_SEDATU":"MQ-SJR-183","Entidad":"Querétaro","Municipio":"San Juan del Río","Folio Electrónico":"24394","Cuenta Catastral":"160101876420039","Titular Registral":"Universidad Tecnológica de San Juan","Sujeto Agrario":"No aplica","Poseedor":"No consta","Monto de la operación":"No consta","Valor Catastral":"No consta","Valor Comercial":"No consta","nombre":"MQ-SJR-183"},"geometry":{"type":"Polygon","coordinates":[[[-100.009661,20.365667],[-100.010024,20.365804],[-100.010687,20.366058],[-100.010772,20.36609],[-100.011845,20.366036],[-100.011833,20.366068],[-100.011791,20.366071],[-100.011602,20.366081],[-100.011557,20.366081],[-100.011465,20.366086],[-100.010769,20.366122],[-100.009931,20.366165],[-100.009794,20.366168],[-100.009613,20.36617],[-100.009328,20.366177],[-100.009157,20.366172],[-100.00906,20.366173],[-100.008737,20.366163],[-100.0086,20.366147],[-100.00833,20.366117],[-100.00806,20.366075],[-100.007743,20.366016],[-100.007469,20.365958],[-100.007248,20.365899],[-100.00716,20.365873],[-100.007069,20.365845],[-100.00681,20.365765],[-100.006502,20.365661],[-100.006369,20.365622],[-100.006279,20.365592],[-100.006065,20.36551],[-100.005781,20.365422],[-100.005807,20.364879],[-100.00582,20.364188],[-100.006649,20.364507],[-100.007872,20.364976],[-100.008277,20.365132],[-100.009303,20.365532],[-100.009547,20.365624],[-100.009661,20.365667]]]}},{"type":"Feature","properties":{"fid":"1201","NOM_SEDATU":"MQ-SJR-181","Entidad":"Querétaro","Municipio":"San Juan del Río","Folio Electrónico":"19076","Cuenta Catastral":"160101876427080","nombre":"MQ-SJR-181"},"geometry":{"type":"Polygon","coordinates":[[[-100.003916,20.370685],[-100.00376,20.370517],[-100.003531,20.370353],[-100.003242,20.370174],[-100.003155,20.370075],[-100.002953,20.369995],[-100.002664,20.36989],[-100.002385,20.36963],[-100.002182,20.36945],[-100.00196,20.369181],[-100.001802,20.368852],[-100.00189,20.368829],[-100.002108,20.368556],[-100.002095,20.368195],[-100.001286,20.367603],[-99.999989,20.367107],[-99.999654,20.367025],[-99.999402,20.366959],[-99.999062,20.366909],[-99.99872,20.366873],[-99.998581,20.366871],[-99.998552,20.366853],[-99.998293,20.366773],[-99.998245,20.366683],[-99.998156,20.366341],[-99.998202,20.366051],[-99.998315,20.365689],[-99.998419,20.365417],[-99.998532,20.365055],[-99.998626,20.364847],[-99.998816,20.364557],[-99.999006,20.364285],[-99.999254,20.364057],[-99.999376,20.363695],[-99.99948,20.363442],[-99.999555,20.363152],[-99.999544,20.362791],[-99.999484,20.36243],[-99.999472,20.362068],[-99.999393,20.361707],[-99.99941,20.361346],[-99.999533,20.361074],[-99.99956,20.360848],[-99.999569,20.360731],[-99.999569,20.360685],[-99.999578,20.360622],[-99.999595,20.360261],[-99.999746,20.359898],[-99.999879,20.359627],[-99.999848,20.359292],[-99.999703,20.359085],[-99.999481,20.358816],[-99.99925,20.358546],[-99.999123,20.358276],[-99.999064,20.357915],[-99.999072,20.357643],[-99.999194,20.357281],[-99.999202,20.35692],[-99.999162,20.356622],[-99.998977,20.356289],[-99.998775,20.3561],[-99.998429,20.35593],[-99.998103,20.355806],[-99.997719,20.355763],[-99.997336,20.355756],[-99.996953,20.355758],[-99.996665,20.355751],[-99.996378,20.355752],[-99.995995,20.355745],[-99.995745,20.355675],[-99.995514,20.355459],[-99.995378,20.355135],[-99.995415,20.354863],[-99.995595,20.354582],[-99.995881,20.354291],[-99.996167,20.354028],[-99.996453,20.353909],[-99.996739,20.353699],[-99.997026,20.353526],[-99.997216,20.353272],[-99.997536,20.352412],[-99.997534,20.35205],[-99.997533,20.352014],[-99.997782,20.35185],[-99.998107,20.351686],[-99.998268,20.351414],[-99.998238,20.351143],[-99.998447,20.350825],[-99.998734,20.350733],[-99.999116,20.35065],[-99.999345,20.350414],[-99.99966,20.350231],[-99.999898,20.350049],[-99.999973,20.349778],[-99.999797,20.349602],[-99.999809,20.34958],[-100.000123,20.349217],[-100.000499,20.349214],[-100.000881,20.349156],[-100.001168,20.349082],[-100.001455,20.348999],[-100.001837,20.348897],[-100.002124,20.348769],[-100.002507,20.348713],[-100.002793,20.348618],[-100.003176,20.348535],[-100.003462,20.348443],[-100.003758,20.348297],[-100.004044,20.348114],[-100.004321,20.347966],[-100.004607,20.347829],[-100.004989,20.347691],[-100.005276,20.347581],[-100.005562,20.347453],[-100.005945,20.347414],[-100.006328,20.347446],[-100.006712,20.347426],[-100.007095,20.347397],[-100.007144,20.34764],[-100.006945,20.347842],[-100.006852,20.348184],[-100.006768,20.348546],[-100.006579,20.348818],[-100.006476,20.34909],[-100.006412,20.349451],[-100.006347,20.349813],[-100.006292,20.350085],[-100.006209,20.350446],[-100.006173,20.350808],[-100.006253,20.351169],[-100.006179,20.351531],[-100.006172,20.351892],[-100.006079,20.352164],[-100.005956,20.352438],[-100.005882,20.352709],[-100.005824,20.352985],[-100.005771,20.353295],[-100.005706,20.353497],[-100.005622,20.353795],[-100.005395,20.354158],[-100.005502,20.354428],[-100.005467,20.35479],[-100.005518,20.355151],[-100.005515,20.355431],[-100.005514,20.355512],[-100.005351,20.355875],[-100.005324,20.356146],[-100.005318,20.356508],[-100.00533,20.356869],[-100.005266,20.357231],[-100.005212,20.357592],[-100.005253,20.357954],[-100.005217,20.358315],[-100.00522,20.358677],[-100.005239,20.359002],[-100.005264,20.359399],[-100.005276,20.35967],[-100.005279,20.360031],[-100.005416,20.360392],[-100.005466,20.360672],[-100.005564,20.361024],[-100.005548,20.361385],[-100.005618,20.361746],[-100.005603,20.361848],[-100.005639,20.362119],[-100.005662,20.362469],[-100.005655,20.36283],[-100.005658,20.363192],[-100.005661,20.363553],[-100.005664,20.363914],[-100.005638,20.364276],[-100.005612,20.364638],[-100.005566,20.364909],[-100.00556,20.36527],[-100.005601,20.365631],[-100.005527,20.365993],[-100.005462,20.366265],[-100.005437,20.366626],[-100.005372,20.366988],[-100.005336,20.367286],[-100.005293,20.367476],[-100.005248,20.367705],[-100.00523,20.367822],[-100.005198,20.367983],[-100.005153,20.368272],[-100.005069,20.368616],[-100.004966,20.368978],[-100.00493,20.36924],[-100.005429,20.370539],[-100.005505,20.370475],[-100.00545,20.370773],[-100.00523,20.370793],[-100.004885,20.370731],[-100.004501,20.370734],[-100.004118,20.370675],[-100.003916,20.370685]]]}},{"type":"Feature","properties":{"fid":"1131","NOM_SEDATU":"MQ-SJR-168-1","Entidad":"Querétaro","Municipio":"San Juan del Río","Folio Electrónico":"En investigación","nombre":"MQ-SJR-168-1"},"geometry":{"type":"Polygon","coordinates":[[[-99.980695,20.366632],[-99.981187,20.366244],[-99.981479,20.366054],[-99.98203,20.365723],[-99.982247,20.365663],[-99.982418,20.362427],[-99.982354,20.361944],[-99.980313,20.362438],[-99.979887,20.363113],[-99.9798,20.36396],[-99.979919,20.364852],[-99.979994,20.365518],[-99.979975,20.366418],[-99.979946,20.366991],[-99.980145,20.36713],[-99.980695,20.366632]]]}},{"type":"Feature","properties":{"fid":"1351","NOM_SEDATU":"MQ-SJR-164","Entidad":"Querétaro","Municipio":"San Juan del Río","Folio Electrónico":"En investigación","Cuenta Catastral":"160105477318511","nombre":"MQ-SJR-164"},"geometry":{"type":"Polygon","coordinates":[[[-99.979238,20.368217],[-99.975609,20.365102],[-99.975547,20.364904],[-99.975624,20.364819],[-99.979782,20.367574],[-99.979238,20.368217]]]}},{"type":"Feature","properties":{"fid":"1136","NOM_SEDATU":"MQ-SJR-163","Entidad":"Querétaro","Municipio":"San Juan del Río","Folio Electrónico":"141126","Cuenta Catastral":"160100177319956","Titular Registral":"Hilda Velasco Helguera","Sujeto Agrario":"No aplica","Poseedor":"No consta","Monto de la operación":"No consta","Valor Catastral":"No consta","Valor Comercial":"No consta","nombre":"MQ-SJR-163"},"geometry":{"type":"Polygon","coordinates":[[[-99.97868,20.368878],[-99.975735,20.365505],[-99.975609,20.365102],[-99.979238,20.368217],[-99.97868,20.368878]]]}},{"type":"Feature","properties":{"fid":"1137","NOM_SEDATU":"MQ-SJR-162","Entidad":"Querétaro","Municipio":"San Juan del Río","Folio Electrónico":"159636","Cuenta Catastral":"160100177319963","Titular Registral":"Futuro Inmobiliario, Sociedad Anónima de Capital Variable","Sujeto Agrario":"No aplica","Poseedor":"No consta","Monto de la operación":"No consta","Valor Catastral":"No consta","Valor Comercial":"No consta","nombre":"MQ-SJR-162"},"geometry":{"type":"Polygon","coordinates":[[[-99.978121,20.369539],[-99.975894,20.366012],[-99.975735,20.365505],[-99.97868,20.368878],[-99.978121,20.369539]]]}},{"type":"Feature","properties":{"fid":"1138","NOM_SEDATU":"MQ-SJR-161","Entidad":"Querétaro","Municipio":"San Juan del Río","Folio Electrónico":"107359","Cuenta Catastral":"160100177319952","Titular Registral":"Restauración Familiar Cristiana Asociación Religiosa","Sujeto Agrario":"No aplica","Poseedor":"No consta","Monto de la operación":"No consta","Valor Catastral":"No consta","Valor Comercial":"No consta","nombre":"MQ-SJR-161"},"geometry":{"type":"Polygon","coordinates":[[[-99.977563,20.370199],[-99.976076,20.366594],[-99.975894,20.366012],[-99.978121,20.369539],[-99.977563,20.370199]]]}},{"type":"Feature","properties":{"fid":"1198","NOM_SEDATU":"MQ-SJR-159","Entidad":"Querétaro","Municipio":"San Juan del Río","Folio Electrónico":"En investigación","Cuenta Catastral":"160100110102999","nombre":"MQ-SJR-159"},"geometry":{"type":"Polygon","coordinates":[[[-99.974475,20.366868],[-99.974331,20.366803],[-99.97407,20.367025],[-99.973913,20.367158],[-99.973016,20.36792],[-99.97286,20.368053],[-99.971963,20.368815],[-99.971802,20.368951],[-99.971234,20.369434],[-99.971229,20.36944],[-99.970713,20.368663],[-99.97068,20.368622],[-99.970416,20.3683],[-99.970264,20.368153],[-99.970102,20.368017],[-99.96982,20.367795],[-99.972044,20.365891],[-99.971855,20.365812],[-99.969671,20.367678],[-99.968425,20.366695],[-99.970351,20.365066],[-99.969978,20.364896],[-99.970059,20.364833],[-99.96862,20.36424],[-99.968744,20.364142],[-99.968926,20.364223],[-99.970218,20.364796],[-99.970305,20.364741],[-99.970667,20.36406],[-99.971291,20.364002],[-99.971393,20.364027],[-99.971726,20.36411],[-99.972097,20.364201],[-99.972374,20.363386],[-99.971989,20.362953],[-99.972102,20.362969],[-99.973153,20.363264],[-99.97387,20.363603],[-99.974458,20.363974],[-99.975624,20.364819],[-99.975736,20.364904],[-99.975158,20.365233],[-99.975568,20.365396],[-99.97567,20.365503],[-99.974403,20.36658],[-99.976222,20.367406],[-99.976455,20.367512],[-99.977563,20.370199],[-99.977302,20.370484],[-99.976198,20.371727],[-99.975432,20.37257],[-99.971967,20.370489],[-99.971869,20.370405],[-99.971881,20.370395],[-99.972564,20.369821],[-99.972724,20.369685],[-99.973625,20.368928],[-99.973782,20.368795],[-99.974683,20.368037],[-99.974848,20.3679],[-99.975514,20.36734],[-99.97537,20.367275],[-99.975276,20.367232],[-99.974989,20.367102],[-99.974861,20.367044],[-99.974574,20.366913],[-99.974475,20.366868]]]}},{"type":"Feature","properties":{"fid":"1130","NOM_SEDATU":"MQ-SJR-157-2","Entidad":"Querétaro","Municipio":"San Juan del Río","Folio Electrónico":"24772","nombre":"MQ-SJR-157-2"},"geometry":{"type":"Polygon","coordinates":[[[-99.97322,20.37409],[-99.972187,20.37258],[-99.971821,20.372061],[-99.97236,20.371715],[-99.972609,20.371574],[-99.972793,20.371479],[-99.972951,20.371445],[-99.973125,20.371497],[-99.973607,20.371788],[-99.974196,20.372168],[-99.975203,20.372748],[-99.974918,20.373007],[-99.974518,20.373325],[-99.974212,20.37356],[-99.973729,20.373839],[-99.97322,20.37409]]]}},{"type":"Feature","properties":{"fid":"1149","NOM_SEDATU":"MQ-SJR-157","Entidad":"Querétaro","Municipio":"San Juan del Río","Folio Electrónico":"58143","Cuenta Catastral":"160100110003004","Titular Registral":"José Ramón Orozco Orozco","Sujeto Agrario":"No aplica","Poseedor":"No consta","Monto de la operación":"No consta","Valor Catastral":"No consta","Valor Comercial":"No consta","nombre":"MQ-SJR-157"},"geometry":{"type":"Polygon","coordinates":[[[-99.968873,20.373751],[-99.969102,20.373611],[-99.971613,20.374103],[-99.971913,20.373964],[-99.972256,20.374476],[-99.97204,20.374536],[-99.971716,20.374608],[-99.97145,20.374665],[-99.971114,20.374717],[-99.970944,20.374737],[-99.970937,20.374635],[-99.970696,20.374638],[-99.970457,20.374615],[-99.970338,20.374594],[-99.969994,20.374491],[-99.969778,20.374392],[-99.969575,20.37427],[-99.969316,20.374048],[-99.968873,20.373751]]]}},{"type":"Feature","properties":{"fid":"1129","NOM_SEDATU":"MQ-SJR-157-1","Entidad":"Querétaro","Municipio":"San Juan del Río","Folio Electrónico":"12540","nombre":"MQ-SJR-157-1"},"geometry":{"type":"Polygon","coordinates":[[[-99.972079,20.37421],[-99.971986,20.374074],[-99.972115,20.373997],[-99.97193,20.373738],[-99.971464,20.373021],[-99.972187,20.37258],[-99.972255,20.372665],[-99.973073,20.373851],[-99.97322,20.37409],[-99.972652,20.374335],[-99.972079,20.37421]]]}},{"type":"Feature","properties":{"fid":"1128","NOM_SEDATU":"MQ-SJR-156-5","Entidad":"Querétaro","Municipio":"San Juan del Río","Folio Electrónico":"En investigación","nombre":"MQ-SJR-156-5"},"geometry":{"type":"Polygon","coordinates":[[[-99.967146,20.374147],[-99.967297,20.373998],[-99.967858,20.373371],[-99.968542,20.37387],[-99.968414,20.374104],[-99.968343,20.374299],[-99.968326,20.374449],[-99.968292,20.374646],[-99.967998,20.374576],[-99.967607,20.374458],[-99.9672,20.374304],[-99.967146,20.374147]]]}},{"type":"Feature","properties":{"fid":"1127","NOM_SEDATU":"MQ-SJR-156-3","Entidad":"Querétaro","Municipio":"San Juan del Río","Folio Electrónico":"En investigación","nombre":"MQ-SJR-156-3"},"geometry":{"type":"Polygon","coordinates":[[[-99.966318,20.373451],[-99.966938,20.373834],[-99.966984,20.373788],[-99.967297,20.373998],[-99.967146,20.374147],[-99.966804,20.373989],[-99.966453,20.373803],[-99.966177,20.373643],[-99.965604,20.373318],[-99.965142,20.372994],[-99.966362,20.37298],[-99.966318,20.373451]]]}},{"type":"Feature","properties":{"fid":"1147","NOM_SEDATU":"MQ-SJR-155","Estatus de LDV":"No afectado","Entidad":"Querétaro","Municipio":"San Juan del Río","Folio Electrónico":"83182","Cuenta Catastral":"160100110248005","Titular Registral":"Aurelio Pérez Rodríguez","Sujeto Agrario":"No aplica","Poseedor":"No consta","Monto de la operación":"No consta","Valor Catastral":"No consta","Valor Comercial":"No consta","nombre":"MQ-SJR-155"},"geometry":{"type":"Polygon","coordinates":[[[-99.962586,20.371826],[-99.963191,20.370547],[-99.96389,20.370804],[-99.963283,20.372077],[-99.962586,20.371826]]]}},{"type":"Feature","properties":{"fid":"1148","NOM_SEDATU":"MQ-SJR-156","Entidad":"Querétaro","Municipio":"San Juan del Río","Folio Electrónico":"175095","Cuenta Catastral":"160100110248004","Titular Registral":"Banco INVEX, Sociedad Anónima, Institución de Banca Múltiple, INVEX Grupo Financiero","Sujeto Agrario":"No aplica","Poseedor":"No consta","Monto de la operación":"No consta","Valor Catastral":"No consta","Valor Comercial":"No consta","nombre":"MQ-SJR-156"},"geometry":{"type":"Polygon","coordinates":[[[-99.963286,20.372078],[-99.96389,20.370804],[-99.964443,20.37101],[-99.964944,20.371201],[-99.965337,20.371386],[-99.965695,20.371611],[-99.965923,20.371802],[-99.966446,20.372253],[-99.966362,20.37298],[-99.965142,20.372994],[-99.963286,20.372078]]]}},{"type":"Feature","properties":{"fid":"1139","NOM_SEDATU":"MQ-SJR-154","Entidad":"Querétaro","Municipio":"San Juan del Río","Folio Electrónico":"83746","Cuenta Catastral":"160100177319271","Titular Registral":"Filemon Pérez Rodríguez","Sujeto Agrario":"No aplica","Poseedor":"No consta","Monto de la operación":"No consta","Valor Catastral":"No consta","Valor Comercial":"No consta","nombre":"MQ-SJR-154"},"geometry":{"type":"Polygon","coordinates":[[[-99.962491,20.370305],[-99.962491,20.370305],[-99.963191,20.370547],[-99.963174,20.370582],[-99.962586,20.371826],[-99.961901,20.371629],[-99.962478,20.370333],[-99.962491,20.370305]]]}},{"type":"Feature","properties":{"fid":"1140","NOM_SEDATU":"MQ-SJR-153","Entidad":"Querétaro","Municipio":"San Juan del Río","Folio Electrónico":"83729","Cuenta Catastral":"160100177319270","Titular Registral":"Enriqueta Zamora Vda. De Pérez","Sujeto Agrario":"No aplica","Poseedor":"No consta","Monto de la operación":"No consta","Valor Catastral":"No consta","Valor Comercial":"No consta","nombre":"MQ-SJR-153"},"geometry":{"type":"Polygon","coordinates":[[[-99.961431,20.37104],[-99.961588,20.370675],[-99.961672,20.370481],[-99.961839,20.370095],[-99.961845,20.370081],[-99.962491,20.370305],[-99.961901,20.371629],[-99.961771,20.371591],[-99.96164,20.371556],[-99.961247,20.371467],[-99.961302,20.371341],[-99.961314,20.371313],[-99.961373,20.371176],[-99.961431,20.37104]]]}},{"type":"Feature","properties":{"fid":"1141","NOM_SEDATU":"MQ-SJR-152","Entidad":"Querétaro","Municipio":"San Juan del Río","Folio Electrónico":"48173","Cuenta Catastral":"160100177319269","Titular Registral":"Leonardo Pérez Rodríguez\n Aurelio Pérez Rodríguez,\n Filemon Pérez Rodríguez;\n Ma. Del Carmen Pérez Rodríguez;\n Ofelia Pérez Rodríguez;\n Lucia Pérez Rodríguez;\n Ma. Perfecta Pérez Rodríguez;\n Sirenia Pérez Rodríguez;\n José Pérez Rodríguez;\n Enriqueta Zamora Viuda de Pérez;\n Alfonso Cabello Balderas","Sujeto Agrario":"No aplica","Poseedor":"No consta","Monto de la operación":"No consta","Valor Catastral":"No consta","Valor Comercial":"No consta","nombre":"MQ-SJR-152"},"geometry":{"type":"Polygon","coordinates":[[[-99.961137,20.370305],[-99.961063,20.370503],[-99.961588,20.370675],[-99.961431,20.37104],[-99.960925,20.370873],[-99.960873,20.371012],[-99.961373,20.371176],[-99.961314,20.371313],[-99.960819,20.371151],[-99.96073,20.371403],[-99.960667,20.371394],[-99.961241,20.369872],[-99.961845,20.370081],[-99.961672,20.370481],[-99.961137,20.370305]]]}},{"type":"Feature","properties":{"fid":"1354","NOM_SEDATU":"MQ-SJR-151","Entidad":"Querétaro","Municipio":"San Juan del Río","Folio Electrónico":"En investigación","Cuenta Catastral":"160100110248001","nombre":"MQ-SJR-151"},"geometry":{"type":"Polygon","coordinates":[[[-99.960819,20.371151],[-99.961314,20.371313],[-99.961236,20.371494],[-99.96073,20.371403],[-99.960819,20.371151]]]}},{"type":"Feature","properties":{"fid":"1145","NOM_SEDATU":"MQ-SJR-150","Entidad":"Querétaro","Municipio":"San Juan del Río","Folio Electrónico":"En investigación","Cuenta Catastral":"160100110248007","nombre":"MQ-SJR-150"},"geometry":{"type":"Polygon","coordinates":[[[-99.960686,20.369665],[-99.961241,20.369872],[-99.960667,20.371394],[-99.960012,20.371295],[-99.960686,20.369665]]]}},{"type":"Feature","properties":{"fid":"1144","NOM_SEDATU":"MQ-SJR-149","Entidad":"Querétaro","Municipio":"San Juan del Río","Folio Electrónico":"En investigación","Cuenta Catastral":"160100110248006","nombre":"MQ-SJR-149"},"geometry":{"type":"Polygon","coordinates":[[[-99.959934,20.369383],[-99.960686,20.369665],[-99.960012,20.371295],[-99.959696,20.371262],[-99.959934,20.369383]]]}},{"type":"Feature","properties":{"fid":"1143","NOM_SEDATU":"MQ-SJR-148","Entidad":"Querétaro","Municipio":"San Juan del Río","Folio Electrónico":"160735","Cuenta Catastral":"160100110245006","Titular Registral":"Municipio de San Juan del Río, del Estado de Querétaro","Sujeto Agrario":"No aplica","Poseedor":"No consta","Monto de la operación":"No consta","Valor Catastral":"No consta","Valor Comercial":"No consta","nombre":"MQ-SJR-148"},"geometry":{"type":"Polygon","coordinates":[[[-99.958936,20.369932],[-99.959853,20.37001],[-99.959691,20.371262],[-99.959664,20.371357],[-99.959185,20.371331],[-99.958936,20.369932]]]}},{"type":"Feature","properties":{"fid":"1142","NOM_SEDATU":"MQ-SJR-147","Entidad":"Querétaro","Municipio":"San Juan del Río","Folio Electrónico":"160736","Cuenta Catastral":"160100110245001","Titular Registral":"Fernando Montes Ramos","Sujeto Agrario":"No aplica","Poseedor":"No consta","Monto de la operación":"No consta","Valor Catastral":"No consta","Valor Comercial":"No consta","nombre":"MQ-SJR-147"},"geometry":{"type":"Polygon","coordinates":[[[-99.957717,20.371367],[-99.957737,20.369831],[-99.958936,20.369932],[-99.959185,20.371331],[-99.957717,20.371367]]]}},{"type":"Feature","properties":{"fid":"1192","NOM_SEDATU":"MQ-SJR-143","Entidad":"Querétaro","Municipio":"San Juan del Río","Folio Electrónico":"118716","Cuenta Catastral":"160100110245003","Titular Registral":"Inmobiliaria LANCASA S.A de C.V.","Sujeto Agrario":"No consta","Poseedor":"No consta","Monto de la operación":"494003.1","Valor Catastral":"No consta","Valor Comercial":"No consta","nombre":"MQ-SJR-143"},"geometry":{"type":"Polygon","coordinates":[[[-99.957162,20.371426],[-99.95709,20.369558],[-99.957345,20.369541],[-99.957285,20.371411],[-99.957162,20.371426]]]}},{"type":"Feature","properties":{"fid":"1191","NOM_SEDATU":"MQ-SJR-142","Entidad":"Querétaro","Municipio":"San Juan del Río","Folio Electrónico":"41730","Cuenta Catastral":"160106177315014","Titular Registral":"Inmobiliaria San José de Cuatro Ciénegas, Sociedad Anónima de Capital Variable","Sujeto Agrario":"No consta","Poseedor":"No consta","Monto de la operación":"42000000","Valor Catastral":"No consta","Valor Comercial":"No consta","nombre":"MQ-SJR-142"},"geometry":{"type":"Polygon","coordinates":[[[-99.957082,20.369352],[-99.957162,20.371426],[-99.954896,20.371746],[-99.954796,20.369968],[-99.955689,20.369892],[-99.957082,20.369352]]]}},{"type":"Feature","properties":{"fid":"1190","NOM_SEDATU":"MQ-SJR-141","Entidad":"Querétaro","Municipio":"San Juan del Río","Folio Electrónico":"75465","Cuenta Catastral":"160106177315015","Titular Registral":"Apolinar Nieto Ramírez","Sujeto Agrario":"No consta","Poseedor":"No consta","Monto de la operación":"No consta","Valor Catastral":"No consta","Valor Comercial":"No consta","nombre":"MQ-SJR-141"},"geometry":{"type":"Polygon","coordinates":[[[-99.951446,20.369948],[-99.954796,20.369968],[-99.954896,20.371746],[-99.953159,20.372098],[-99.951469,20.371964],[-99.951474,20.371894],[-99.951446,20.369948]]]}},{"type":"Feature","properties":{"fid":"1429","NOM_SEDATU":"MQ-SJR-140","Entidad":"Querétaro","Municipio":"San Juan del Río","Folio Electrónico":"8542","Cuenta Catastral":"160106101001001","Titular Registral":"José Ríos Paz","Sujeto Agrario":"No consta","Poseedor":"No consta","Monto de la operación":"9222","Valor Catastral":"No consta","Valor Comercial":"No consta","nombre":"MQ-SJR-140"},"geometry":{"type":"Polygon","coordinates":[[[-99.952533,20.372048],[-99.953159,20.372098],[-99.952536,20.372202],[-99.952533,20.372048]]]}},{"type":"Feature","properties":{"fid":"1188","NOM_SEDATU":"MQ-SJR-139","Entidad":"Querétaro","Municipio":"San Juan del Río","Folio Electrónico":"28555","Cuenta Catastral":"160106101001002","Titular Registral":"Alejandra Mejía Osornio","Sujeto Agrario":"No consta","Poseedor":"No consta","Monto de la operación":"No consta","Valor Catastral":"No consta","Valor Comercial":"No consta","nombre":"MQ-SJR-139"},"geometry":{"type":"Polygon","coordinates":[[[-99.952414,20.372039],[-99.952533,20.372048],[-99.952536,20.372202],[-99.952418,20.372222],[-99.952414,20.372039]]]}},{"type":"Feature","properties":{"fid":"1187","NOM_SEDATU":"MQ-SJR-138","Entidad":"Querétaro","Municipio":"San Juan del Río","Folio Electrónico":"28551","Cuenta Catastral":"160106101001003","Titular Registral":"Ricardo Bautista Cruz","Sujeto Agrario":"No consta","Poseedor":"No consta","Monto de la operación":"7597.4","Valor Catastral":"No consta","Valor Comercial":"No consta","nombre":"MQ-SJR-138"},"geometry":{"type":"Polygon","coordinates":[[[-99.952252,20.372026],[-99.952414,20.372039],[-99.952418,20.372222],[-99.952258,20.372249],[-99.952252,20.372026]]]}},{"type":"Feature","properties":{"fid":"1186","NOM_SEDATU":"MQ-SJR-137","Entidad":"Querétaro","Municipio":"San Juan del Río","Folio Electrónico":"28634","Cuenta Catastral":"160106101001004","Titular Registral":"Jorge Aguilar Cano","Sujeto Agrario":"No consta","Poseedor":"No consta","Monto de la operación":"20345","Valor Catastral":"No consta","Valor Comercial":"No consta","nombre":"MQ-SJR-137"},"geometry":{"type":"Polygon","coordinates":[[[-99.952137,20.372017],[-99.952252,20.372026],[-99.952258,20.372249],[-99.952145,20.372268],[-99.952137,20.372017]]]}},{"type":"Feature","properties":{"fid":"1185","NOM_SEDATU":"MQ-SJR-136","Entidad":"Querétaro","Municipio":"San Juan del Río","Folio Electrónico":"28635","Cuenta Catastral":"160106101001005","Titular Registral":"Adolfo Bautista Cruz","Sujeto Agrario":"No consta","Poseedor":"No consta","Monto de la operación":"No consta","Valor Catastral":"No consta","Valor Comercial":"No consta","nombre":"MQ-SJR-136"},"geometry":{"type":"Polygon","coordinates":[[[-99.952042,20.372009],[-99.952137,20.372017],[-99.952145,20.372268],[-99.95205,20.372284],[-99.952042,20.372009]]]}},{"type":"Feature","properties":{"fid":"1184","NOM_SEDATU":"MQ-SJR-135","Entidad":"Querétaro","Municipio":"San Juan del Río","Folio Electrónico":"28556","Cuenta Catastral":"160106101001006","Titular Registral":"Francisco Cano Pérez","Sujeto Agrario":"No consta","Poseedor":"No consta","Monto de la operación":"No consta","Valor Catastral":"No consta","Valor Comercial":"No consta","nombre":"MQ-SJR-135"},"geometry":{"type":"Polygon","coordinates":[[[-99.951946,20.372002],[-99.952042,20.372009],[-99.95205,20.372284],[-99.951956,20.3723],[-99.951946,20.372002]]]}},{"type":"Feature","properties":{"fid":"1183","NOM_SEDATU":"MQ-SJR-134","nombre":"MQ-SJR-134"},"geometry":{"type":"Polygon","coordinates":[[[-99.951559,20.371971],[-99.951946,20.372002],[-99.951956,20.3723],[-99.951574,20.372365],[-99.951559,20.371971]]]}},{"type":"Feature","properties":{"fid":"1182","NOM_SEDATU":"MQ-SJR-133","Entidad":"Querétaro","Municipio":"San Juan del Río","Folio Electrónico":"46731","Cuenta Catastral":"160106101001008","Titular Registral":"Macario Rico Acosta","Sujeto Agrario":"No consta","Poseedor":"No consta","Monto de la operación":"42222","Valor Catastral":"No consta","Valor Comercial":"No consta","nombre":"MQ-SJR-133"},"geometry":{"type":"Polygon","coordinates":[[[-99.951469,20.371964],[-99.951559,20.371971],[-99.951574,20.372365],[-99.951484,20.37238],[-99.951469,20.371964]]]}},{"type":"Feature","properties":{"fid":"1181","NOM_SEDATU":"MQ-SJR-132","Entidad":"Querétaro","Municipio":"San Juan del Río","Folio Electrónico":"95365","Cuenta Catastral":"160106101001009","Titular Registral":"Tomasa Álvarez Serrano","Sujeto Agrario":"No consta","Poseedor":"No consta","Monto de la operación":"143000","Valor Catastral":"No consta","Valor Comercial":"No consta","nombre":"MQ-SJR-132"},"geometry":{"type":"Polygon","coordinates":[[[-99.951296,20.371968],[-99.951469,20.371964],[-99.951484,20.37238],[-99.951307,20.372406],[-99.951296,20.371968]]]}},{"type":"Feature","properties":{"fid":"1180","NOM_SEDATU":"MQ-SJR-131","Entidad":"Querétaro","Municipio":"San Juan del Río","Folio Electrónico":"95367","Cuenta Catastral":"160106101001020","Titular Registral":"Zeferina Navarrete Trejo","Sujeto Agrario":"No consta","Poseedor":"No consta","Monto de la operación":"31700","Valor Catastral":"No consta","Valor Comercial":"No consta","nombre":"MQ-SJR-131"},"geometry":{"type":"Polygon","coordinates":[[[-99.951081,20.371973],[-99.951296,20.371968],[-99.951307,20.372406],[-99.951092,20.372438],[-99.951081,20.371973]]]}},{"type":"Feature","properties":{"fid":"1179","NOM_SEDATU":"MQ-SJR-130","Entidad":"Querétaro","Municipio":"San Juan del Río","Folio Electrónico":"164500","Cuenta Catastral":"160106101001010","Titular Registral":"José Francisco Macias Arredondo","Sujeto Agrario":"No consta","Poseedor":"No consta","Monto de la operación":"No consta","Valor Catastral":"No consta","Valor Comercial":"No consta","nombre":"MQ-SJR-130"},"geometry":{"type":"Polygon","coordinates":[[[-99.950932,20.371976],[-99.951081,20.371973],[-99.951092,20.372438],[-99.950943,20.37246],[-99.950932,20.371976]]]}},{"type":"Feature","properties":{"fid":"1178","NOM_SEDATU":"MQ-SJR-129","Entidad":"Querétaro","Municipio":"San Juan del Río","Folio Electrónico":"164499","Cuenta Catastral":"160106101001025","Titular Registral":"Dos vías, Asociación Civil","Sujeto Agrario":"No consta","Poseedor":"No consta","Monto de la operación":"290000","Valor Catastral":"No consta","Valor Comercial":"No consta","nombre":"MQ-SJR-129"},"geometry":{"type":"Polygon","coordinates":[[[-99.950865,20.371977],[-99.950932,20.371976],[-99.950943,20.37246],[-99.950877,20.372469],[-99.950865,20.371977]]]}},{"type":"Feature","properties":{"fid":"1177","NOM_SEDATU":"MQ-SJR-128","Entidad":"Querétaro","Municipio":"San Juan del Río","Folio Electrónico":"95369","Cuenta Catastral":"160106101001012","Titular Registral":"José Santiago Barrera","Sujeto Agrario":"No consta","Poseedor":"No consta","Monto de la operación":"336900","Valor Catastral":"No consta","Valor Comercial":"No consta","nombre":"MQ-SJR-128"},"geometry":{"type":"Polygon","coordinates":[[[-99.950649,20.371982],[-99.950865,20.371977],[-99.950877,20.372469],[-99.950661,20.372501],[-99.950649,20.371982]]]}},{"type":"Feature","properties":{"fid":"1176","NOM_SEDATU":"MQ-SJR-127","Entidad":"Querétaro","Municipio":"San Juan del Río","Folio Electrónico":"95370","Cuenta Catastral":"160106101001013","Titular Registral":"José Santiago Barrera","Sujeto Agrario":"No consta","Poseedor":"No consta","Monto de la operación":"336900","Valor Catastral":"No consta","Valor Comercial":"No consta","nombre":"MQ-SJR-127"},"geometry":{"type":"Polygon","coordinates":[[[-99.950434,20.371987],[-99.950649,20.371982],[-99.950661,20.372501],[-99.950446,20.372533],[-99.950434,20.371987]]]}},{"type":"Feature","properties":{"fid":"1175","NOM_SEDATU":"MQ-SJR-126","Entidad":"Querétaro","Municipio":"San Juan del Río","Folio Electrónico":"95372","Cuenta Catastral":"160106101001014","Titular Registral":"Enrique Miguel Tejeda Rizo","Sujeto Agrario":"No consta","Poseedor":"No consta","Monto de la operación":"255000","Valor Catastral":"No consta","Valor Comercial":"No consta","nombre":"MQ-SJR-126"},"geometry":{"type":"Polygon","coordinates":[[[-99.950218,20.371992],[-99.950434,20.371987],[-99.950446,20.372533],[-99.950231,20.372565],[-99.950218,20.371992]]]}},{"type":"Feature","properties":{"fid":"1174","NOM_SEDATU":"MQ-SJR-125","Entidad":"Querétaro","Municipio":"San Juan del Río","Folio Electrónico":"95374","Cuenta Catastral":"160106101001015","Titular Registral":"Gema De La Asunción Guillemin Vásquez","Sujeto Agrario":"No consta","Poseedor":"No consta","Monto de la operación":"269000","Valor Catastral":"No consta","Valor Comercial":"No consta","nombre":"MQ-SJR-125"},"geometry":{"type":"Polygon","coordinates":[[[-99.950002,20.371997],[-99.950218,20.371992],[-99.950231,20.372565],[-99.950016,20.372597],[-99.950002,20.371997]]]}},{"type":"Feature","properties":{"fid":"1173","NOM_SEDATU":"MQ-SJR-124","Entidad":"Querétaro","Municipio":"San Juan del Río","Folio Electrónico":"95376","Cuenta Catastral":"160106101001016","Titular Registral":"José Santiago Barrera","Sujeto Agrario":"No consta","Poseedor":"No consta","Monto de la operación":"$336,900.00 Compraventa","Valor Catastral":"No consta","Valor Comercial":"No consta","nombre":"MQ-SJR-124"},"geometry":{"type":"Polygon","coordinates":[[[-99.949787,20.372002],[-99.950002,20.371997],[-99.950016,20.372597],[-99.949802,20.372628],[-99.949787,20.372002]]]}},{"type":"Feature","properties":{"fid":"1172","NOM_SEDATU":"MQ-SJR-123","Entidad":"Querétaro","Municipio":"San Juan del Río","Folio Electrónico":"95377","Cuenta Catastral":"160106101001017","Titular Registral":"José Santiago Barrera","Sujeto Agrario":"No consta","Poseedor":"No consta","Monto de la operación":"336900","Valor Catastral":"No consta","Valor Comercial":"No consta","nombre":"MQ-SJR-123"},"geometry":{"type":"Polygon","coordinates":[[[-99.949571,20.372006],[-99.949787,20.372002],[-99.949802,20.372628],[-99.949587,20.37266],[-99.949571,20.372006]]]}},{"type":"Feature","properties":{"fid":"1171","NOM_SEDATU":"MQ-SJR-122","Entidad":"Querétaro","Municipio":"San Juan del Río","Folio Electrónico":"95378","Cuenta Catastral":"160106101001018","Titular Registral":"José Santiago Barrera","Sujeto Agrario":"No consta","Poseedor":"No consta","Monto de la operación":"336900","Valor Catastral":"No consta","Valor Comercial":"No consta","nombre":"MQ-SJR-122"},"geometry":{"type":"Polygon","coordinates":[[[-99.949356,20.372011],[-99.949571,20.372006],[-99.949587,20.37266],[-99.949372,20.372692],[-99.949356,20.372011]]]}},{"type":"Feature","properties":{"fid":"1170","NOM_SEDATU":"MQ-SJR-120","Entidad":"Querétaro","Municipio":"San Juan del Río","Folio Electrónico":"95379","Cuenta Catastral":"160106101001019","Titular Registral":"José Santiago Barrera","Sujeto Agrario":"No consta","Poseedor":"No consta","Monto de la operación":"336900","Valor Catastral":"No consta","Valor Comercial":"No consta","nombre":"MQ-SJR-120"},"geometry":{"type":"Polygon","coordinates":[[[-99.94914,20.372016],[-99.949356,20.372011],[-99.949372,20.372692],[-99.949156,20.372724],[-99.94914,20.372016]]]}},{"type":"Feature","properties":{"fid":"1169","NOM_SEDATU":"MQ-SJR-119","Entidad":"Querétaro","Municipio":"San Juan del Río","Folio Electrónico":"95380","Cuenta Catastral":"160106101001022","Titular Registral":"José Espinoza Velázquez","Sujeto Agrario":"No consta","Poseedor":"No consta","Monto de la operación":"300500","Valor Catastral":"No consta","Valor Comercial":"No consta","nombre":"MQ-SJR-119"},"geometry":{"type":"Polygon","coordinates":[[[-99.948924,20.372021],[-99.94914,20.372016],[-99.949156,20.372724],[-99.948941,20.372756],[-99.948924,20.372021]]]}},{"type":"Feature","properties":{"fid":"1168","NOM_SEDATU":"MQ-SJR-118","Entidad":"Querétaro","Municipio":"San Juan del Río","Folio Electrónico":"95381","Cuenta Catastral":"160106101001023","Titular Registral":"José Espinoza Velázquez","Sujeto Agrario":"No consta","Poseedor":"No consta","Monto de la operación":"$+W45300,500.00","Valor Catastral":"No consta","Valor Comercial":"No consta","nombre":"MQ-SJR-118"},"geometry":{"type":"Polygon","coordinates":[[[-99.948709,20.372026],[-99.948924,20.372021],[-99.948941,20.372756],[-99.948726,20.372787],[-99.948709,20.372026]]]}},{"type":"Feature","properties":{"fid":"1167","NOM_SEDATU":"MQ-SJR-117","Entidad":"Querétaro","Municipio":"San Juan del Río","Folio Electrónico":"95383","Cuenta Catastral":"160106101001024","Titular Registral":"José Espinoza Velázquez","Sujeto Agrario":"No consta","Poseedor":"No consta","Monto de la operación":"300500","Valor Catastral":"No consta","Valor Comercial":"No consta","nombre":"MQ-SJR-117"},"geometry":{"type":"Polygon","coordinates":[[[-99.948493,20.372031],[-99.948709,20.372026],[-99.948726,20.372787],[-99.948512,20.372819],[-99.948493,20.372031]]]}},{"type":"Feature","properties":{"fid":"1166","NOM_SEDATU":"MQ-SJR-116","Entidad":"Querétaro","Municipio":"San Juan del Río","Folio Electrónico":"95384","Cuenta Catastral":"160106101001021","Titular Registral":"José Espinoza Velázquez","Sujeto Agrario":"No consta","Poseedor":"No consta","Monto de la operación":"300500","Valor Catastral":"No consta","Valor Comercial":"No consta","nombre":"MQ-SJR-116"},"geometry":{"type":"Polygon","coordinates":[[[-99.948018,20.372892],[-99.948026,20.372208],[-99.948096,20.371898],[-99.948441,20.371922],[-99.948493,20.372031],[-99.948512,20.372819],[-99.948018,20.372892]]]}},{"type":"Feature","properties":{"fid":"1165","NOM_SEDATU":"MQ-SJR-090","Entidad":"Querétaro","Municipio":"San Juan del Río","Folio Electrónico":"4213","Cuenta Catastral":"160106177311153","Titular Registral":"Ramón Alvarado Martínez","Sujeto Agrario":"No consta","Poseedor":"No consta","Monto de la operación":"No consta","Valor Catastral":"No consta","Valor Comercial":"No consta","nombre":"MQ-SJR-090"},"geometry":{"type":"Polygon","coordinates":[[[-99.944041,20.371997],[-99.94454,20.37204],[-99.948096,20.371898],[-99.948026,20.372208],[-99.948018,20.372892],[-99.946511,20.372904],[-99.94489,20.372687],[-99.943877,20.372459],[-99.944041,20.371997]]]}},{"type":"Feature","properties":{"fid":"1126","NOM_SEDATU":"MQ-SJR-058-1","Entidad":"Querétaro","Municipio":"San Juan del Río","Folio Electrónico":"En investigación","nombre":"MQ-SJR-058-1"},"geometry":{"type":"Polygon","coordinates":[[[-99.932408,20.36698],[-99.932444,20.366913],[-99.932634,20.366786],[-99.935343,20.366592],[-99.93522,20.366738],[-99.935215,20.367682],[-99.935272,20.368221],[-99.93433,20.367762],[-99.933623,20.367411],[-99.933289,20.367292],[-99.932922,20.36713],[-99.932646,20.367061],[-99.932408,20.36698]]]}},{"type":"Feature","properties":{"fid":"1163","NOM_SEDATU":"MQ-SJR-058","Entidad":"Querétaro","Municipio":"San Juan del Río","Folio Electrónico":"132879","Cuenta Catastral":"160106177314658","Titular Registral":"Chávez Reséndiz J.Ascención","Sujeto Agrario":"No aplica","Poseedor":"No aplica","Monto de la operación":"No consta","Valor Catastral":"No consta","Valor Comercial":"No consta","nombre":"MQ-SJR-058"},"geometry":{"type":"Polygon","coordinates":[[[-99.937185,20.365295],[-99.937133,20.365317],[-99.936944,20.365531],[-99.936845,20.365594],[-99.935722,20.366194],[-99.935343,20.366592],[-99.932634,20.366786],[-99.932444,20.366913],[-99.932191,20.366856],[-99.93168,20.366761],[-99.931165,20.366692],[-99.930906,20.366668],[-99.930386,20.36664],[-99.930126,20.366636],[-99.929865,20.366638],[-99.929345,20.366664],[-99.929086,20.366687],[-99.92857,20.366752],[-99.928314,20.366795],[-99.928059,20.366844],[-99.927806,20.3669],[-99.921493,20.367148],[-99.921883,20.365835],[-99.935216,20.365218],[-99.935706,20.36506],[-99.936285,20.365276],[-99.936633,20.365189],[-99.937036,20.365238],[-99.937185,20.365295]]]}},{"type":"Feature","properties":{"fid":"1161","NOM_SEDATU":"MQ-SJR-037","Entidad":"Querétaro","Municipio":"San Juan del Río","Folio Electrónico":"En investigación","Cuenta Catastral":"No consta","nombre":"MQ-SJR-037"},"geometry":{"type":"Polygon","coordinates":[[[-99.929592,20.343933],[-99.929641,20.34409],[-99.929676,20.344164],[-99.929623,20.344195],[-99.92956,20.344113],[-99.929585,20.344093],[-99.929488,20.343973],[-99.929592,20.343933]]]}},{"type":"Feature","properties":{"fid":"1160","NOM_SEDATU":"MQ-SJR-036","Entidad":"Querétaro","Municipio":"San Juan del Río","Folio Electrónico":"71768","Cuenta Catastral":"160505201016004","Titular Registral":"Ávila Pérez Osvaldo","Sujeto Agrario":"No aplica","Poseedor":"No aplica","Monto de la operación":"No aplica","Valor Catastral":"No aplica","Valor Comercial":"No aplica","nombre":"MQ-SJR-036"},"geometry":{"type":"Polygon","coordinates":[[[-99.929261,20.343693],[-99.929542,20.343798],[-99.929592,20.343933],[-99.929486,20.343972],[-99.929436,20.343934],[-99.929398,20.34389],[-99.929348,20.343834],[-99.929334,20.343817],[-99.92932,20.343814],[-99.929261,20.343743],[-99.929255,20.343715],[-99.929261,20.343693]]]}},{"type":"Feature","properties":{"fid":"1159","NOM_SEDATU":"MQ-SJR-034","Entidad":"Querétaro","Municipio":"San Juan del Río","Folio Electrónico":"En investigación","Cuenta Catastral":"No consta","nombre":"MQ-SJR-034"},"geometry":{"type":"Polygon","coordinates":[[[-99.929078,20.341975],[-99.929102,20.342145],[-99.929088,20.342302],[-99.929091,20.342376],[-99.928968,20.342379],[-99.928911,20.342422],[-99.928793,20.342288],[-99.928771,20.342287],[-99.928734,20.342178],[-99.92874,20.342111],[-99.928722,20.342037],[-99.928894,20.342006],[-99.929078,20.341975]]]}},{"type":"Feature","properties":{"fid":"1162","NOM_SEDATU":"MQ-SJR-046","Entidad":"Querétaro","Municipio":"San Juan del Río","Folio Electrónico":"69152","Cuenta Catastral":"160505201067001","Titular Registral":"López Enriquez J.Refugio","Sujeto Agrario":"No aplica","Poseedor":"No aplica","Monto de la operación":"No aplica","Valor Catastral":"No aplica","Valor Comercial":"No aplica","nombre":"MQ-SJR-046"},"geometry":{"type":"Polygon","coordinates":[[[-99.931139,20.345521],[-99.931448,20.345458],[-99.93156,20.345932],[-99.931426,20.345995],[-99.931139,20.345521]]]}},{"type":"Feature","properties":{"fid":"1158","NOM_SEDATU":"MQ-SJR-025","Entidad":"Querétaro","Municipio":"San Juan del Río","Folio Electrónico":"70813","Cuenta Catastral":"160505201078001","Titular Registral":"Estrella García Victor","Sujeto Agrario":"No aplica","Poseedor":"No aplica","Monto de la operación":"No aplica","Valor Catastral":"No aplica","Valor Comercial":"No aplica","nombre":"MQ-SJR-025"},"geometry":{"type":"Polygon","coordinates":[[[-99.93061,20.338451],[-99.930928,20.33848],[-99.930929,20.338503],[-99.93059,20.338614],[-99.930557,20.338616],[-99.930513,20.33861],[-99.93061,20.338451]]]}},{"type":"Feature","properties":{"fid":"1157","NOM_SEDATU":"MQ-SJR-024","Entidad":"Querétaro","Municipio":"San Juan del Río","Folio Electrónico":"72260","Cuenta Catastral":"160505201078002","Titular Registral":"Estrella Chavero Miguel","Sujeto Agrario":"No aplica","Poseedor":"No aplica","Monto de la operación":"No aplica","Valor Catastral":"No aplica","Valor Comercial":"No aplica","nombre":"MQ-SJR-024"},"geometry":{"type":"Polygon","coordinates":[[[-99.930973,20.338023],[-99.931084,20.338028],[-99.931075,20.338479],[-99.93106,20.338491],[-99.930928,20.33848],[-99.93061,20.338451],[-99.930973,20.338023]]]}},{"type":"Feature","properties":{"fid":"1156","NOM_SEDATU":"MQ-SJR-018","Entidad":"Querétaro","Municipio":"San Juan del Río","Folio Electrónico":"28844","Cuenta Catastral":"160505201079009","Titular Registral":"García González Guadalupe","Sujeto Agrario":"No aplica","Poseedor":"No aplica","Monto de la operación":"119732.59","Valor Catastral":"No consta","Valor Comercial":"No consta","nombre":"MQ-SJR-018"},"geometry":{"type":"Polygon","coordinates":[[[-99.93179,20.337074],[-99.931918,20.337373],[-99.932071,20.337583],[-99.931942,20.337606],[-99.931502,20.337539],[-99.931722,20.337271],[-99.931721,20.337159],[-99.93179,20.337074]]]}},{"type":"Feature","properties":{"fid":"1120","NOM_SEDATU":"MQ-SJR-011-1","Entidad":"Querétaro","Municipio":"San Juan del Río","Folio Electrónico":"En investigación","nombre":"MQ-SJR-011-1"},"geometry":{"type":"Polygon","coordinates":[[[-99.939727,20.329793],[-99.938209,20.329582],[-99.939401,20.32823],[-99.939803,20.32951],[-99.939727,20.329793]]]}},{"type":"Feature","properties":{"NOM_SEDATU":"MQ-CUE-P187","PARCELA":"187 Z-2 P1/1","NÚCLEO AG":"LA CUEVA","TIPO NÚCL":"EJIDO","MUNICIPIO":"SAN JUAN DEL RÍO","ESTADO":"QUERÉTARO","SUP":"64614.275","TIPO DE PA":"PARCELAS INDIVIDUALES CON DOMINIO PLENO","CALIDAD":"EJIDATARIO (A)","DOMICILIO":"CONOCIDO, LA CUEVA, QUERETARO","TITULAR":"CIRILO ALONSO HERNANDEZ","nombre":"MQ-CUE-P187"},"geometry":{"type":"Polygon","coordinates":[[[-99.936876,20.29217],[-99.939451,20.292018],[-99.939546,20.29364],[-99.939538,20.294145],[-99.93888,20.294185],[-99.937033,20.294274],[-99.936882,20.294284],[-99.936876,20.29217]]]}},{"type":"Feature","properties":{"fid":"1151","NOM_SEDATU":"MQ-SJR-011","Entidad":"Querétaro","Municipio":"San Juan del Río","Folio Electrónico":"92007","Cuenta Catastral":"160505077314281","Titular Registral":"Romero Bautista Virginio","Sujeto Agrario":"No aplica","Poseedor":"No aplica","Monto de la operación":"53448","Valor Catastral":"No consta","Valor Comercial":"No consta","nombre":"MQ-SJR-011"},"geometry":{"type":"Polygon","coordinates":[[[-99.947521,20.320694],[-99.947892,20.323556],[-99.943974,20.32346],[-99.942429,20.321369],[-99.947521,20.320694]]]}},{"type":"Feature","properties":{"nombre":"MQ-SJR-010"},"geometry":{"type":"Polygon","coordinates":[[[-99.947374,20.316692],[-99.938995,20.317024],[-99.942429,20.321369],[-99.947521,20.320694],[-99.947376,20.318661],[-99.947374,20.316692]]]}},{"type":"Feature","properties":{"nombre":"MQ-SJR-009"},"geometry":{"type":"Polygon","coordinates":[[[-99.947491,20.314161],[-99.937284,20.314413],[-99.938995,20.317024],[-99.947374,20.316692],[-99.947491,20.314161]]]}},{"type":"Feature","properties":{"nombre":"MQ-SJR-008"},"geometry":{"type":"Polygon","coordinates":[[[-99.947621,20.312622],[-99.945595,20.31266],[-99.94544,20.312667],[-99.945126,20.312678],[-99.942392,20.312733],[-99.935943,20.312521],[-99.937284,20.314413],[-99.947491,20.314161],[-99.947621,20.312622]]]}},{"type":"Feature","properties":{"fid":"317","NOM_SEDATU":"MQ-POL-110","Folio Electrónico":"En investigación","nombre":"MQ-POL-110"},"geometry":{"type":"Polygon","coordinates":[[[-99.917079,20.279968],[-99.917401,20.280285],[-99.917403,20.280665],[-99.918346,20.280867],[-99.919296,20.280741],[-99.919791,20.280462],[-99.91975,20.280156],[-99.919603,20.280057],[-99.919443,20.279738],[-99.918692,20.278398],[-99.918558,20.278146],[-99.918178,20.277978],[-99.917609,20.277962],[-99.916383,20.278026],[-99.916507,20.278352],[-99.916928,20.279162],[-99.916749,20.279663],[-99.917079,20.279968]]]}},{"type":"Feature","properties":{"fid":"316","NOM_SEDATU":"MQ-POL-109","Folio Electrónico":"En investigación","nombre":"MQ-POL-109"},"geometry":{"type":"Polygon","coordinates":[[[-99.914081,20.27828],[-99.914412,20.277695],[-99.91467,20.277171],[-99.914996,20.276392],[-99.916226,20.277079],[-99.916127,20.277355],[-99.916507,20.278352],[-99.916928,20.279162],[-99.916749,20.279663],[-99.915374,20.279067],[-99.914081,20.27828]]]}},{"type":"Feature","properties":{"fid":"314","NOM_SEDATU":"MQ-POL-108","Folio Electrónico":"En investigación","nombre":"MQ-POL-108"},"geometry":{"type":"Polygon","coordinates":[[[-99.914099,20.276165],[-99.914996,20.276392],[-99.914641,20.277239],[-99.914166,20.276741],[-99.913872,20.27656],[-99.914099,20.276165]]]}},{"type":"Feature","properties":{"fid":"315","NOM_SEDATU":"MQ-POL-107","Folio Electrónico":"En investigación","nombre":"MQ-POL-107"},"geometry":{"type":"Polygon","coordinates":[[[-99.913712,20.277224],[-99.913872,20.27656],[-99.914166,20.276741],[-99.914641,20.277239],[-99.914412,20.277695],[-99.913712,20.277224]]]}},{"type":"Feature","properties":{"fid":"312","NOM_SEDATU":"MQ-POL-106","Folio Electrónico":"En investigación","nombre":"MQ-POL-106"},"geometry":{"type":"Polygon","coordinates":[[[-99.912412,20.275777],[-99.912971,20.275888],[-99.913075,20.27571],[-99.914099,20.276165],[-99.913872,20.27656],[-99.913273,20.276274],[-99.912412,20.275777]]]}},{"type":"Feature","properties":{"fid":"313","NOM_SEDATU":"MQ-POL-105","Folio Electrónico":"En investigación","nombre":"MQ-POL-105"},"geometry":{"type":"Polygon","coordinates":[[[-99.912638,20.275908],[-99.913273,20.276274],[-99.913872,20.27656],[-99.913675,20.277378],[-99.913523,20.277534],[-99.913447,20.278023],[-99.912122,20.277593],[-99.912638,20.275908]]]}},{"type":"Feature","properties":{"fid":"311","NOM_SEDATU":"MQ-POL-104","Folio Electrónico":"En investigación","nombre":"MQ-POL-104"},"geometry":{"type":"Polygon","coordinates":[[[-99.910571,20.275272],[-99.91081,20.274446],[-99.913075,20.27571],[-99.912971,20.275888],[-99.912412,20.275777],[-99.910571,20.275272]]]}},{"type":"Feature","properties":{"fid":"310","NOM_SEDATU":"MQ-POL-102","Folio Electrónico":"En investigación","nombre":"MQ-POL-102"},"geometry":{"type":"Polygon","coordinates":[[[-99.90351,20.271192],[-99.90386,20.270034],[-99.906555,20.271981],[-99.90351,20.271192]]]}},{"type":"Feature","properties":{"fid":"309","NOM_SEDATU":"MQ-POL-101","Folio Electrónico":"En investigación","nombre":"MQ-POL-101"},"geometry":{"type":"Polygon","coordinates":[[[-99.90351,20.271192],[-99.902186,20.270854],[-99.900703,20.269367],[-99.89892,20.267645],[-99.8983,20.266944],[-99.898317,20.266702],[-99.898372,20.266627],[-99.8985,20.266534],[-99.90386,20.270034],[-99.90351,20.271192]]]}},{"type":"Feature","properties":{"fid":"308","NOM_SEDATU":"MQ-POL-100","Folio Electrónico":"En investigación","nombre":"MQ-POL-100"},"geometry":{"type":"Polygon","coordinates":[[[-99.8985,20.266534],[-99.898372,20.266627],[-99.898317,20.266702],[-99.8983,20.266944],[-99.898118,20.267002],[-99.897855,20.266949],[-99.896287,20.265531],[-99.896509,20.265207],[-99.8985,20.266534]]]}},{"type":"Feature","properties":{"fid":"307","NOM_SEDATU":"MQ-POL-099","Folio Electrónico":"En investigación","nombre":"MQ-POL-099"},"geometry":{"type":"Polygon","coordinates":[[[-99.894395,20.264184],[-99.894595,20.263964],[-99.895543,20.264586],[-99.896488,20.265189],[-99.896381,20.265268],[-99.896204,20.265175],[-99.895782,20.26492],[-99.895384,20.264844],[-99.895312,20.264729],[-99.895073,20.264466],[-99.894867,20.264427],[-99.894782,20.264464],[-99.893338,20.264734],[-99.893367,20.264569],[-99.894001,20.264485],[-99.894169,20.264413],[-99.894395,20.264184]]]}},{"type":"Feature","properties":{"fid":"306","NOM_SEDATU":"MQ-POL-098","Folio Electrónico":"En investigación","nombre":"MQ-POL-098"},"geometry":{"type":"Polygon","coordinates":[[[-99.894283,20.264],[-99.894295,20.263964],[-99.894057,20.263679],[-99.894507,20.263911],[-99.894384,20.264123],[-99.894283,20.264]]]}},{"type":"Feature","properties":{"fid":"305","NOM_SEDATU":"MQ-POL-097","Folio Electrónico":"En investigación","nombre":"MQ-POL-097"},"geometry":{"type":"Polygon","coordinates":[[[-99.893343,20.263808],[-99.89358,20.263765],[-99.894057,20.263679],[-99.894295,20.263964],[-99.894198,20.264252],[-99.89376,20.264396],[-99.893362,20.264425],[-99.893285,20.264349],[-99.893304,20.264161],[-99.893343,20.263808]]]}},{"type":"Feature","properties":{"fid":"304","NOM_SEDATU":"MQ-POL-096","Folio Electrónico":"En investigación","nombre":"MQ-POL-096"},"geometry":{"type":"Polygon","coordinates":[[[-99.893343,20.263808],[-99.893468,20.2633],[-99.894057,20.263679],[-99.893343,20.263808]]]}},{"type":"Feature","properties":{"fid":"303","NOM_SEDATU":"MQ-POL-095","Folio Electrónico":"En investigación","nombre":"MQ-POL-095"},"geometry":{"type":"Polygon","coordinates":[[[-99.890086,20.263208],[-99.891466,20.262189],[-99.891495,20.262087],[-99.891524,20.262051],[-99.893468,20.2633],[-99.893343,20.263808],[-99.892318,20.26369],[-99.891131,20.263459],[-99.890481,20.263408],[-99.890086,20.263208]]]}},{"type":"Feature","properties":{"fid":"302","NOM_SEDATU":"MQ-POL-094","Folio Electrónico":"En investigación","nombre":"MQ-POL-094"},"geometry":{"type":"Polygon","coordinates":[[[-99.887812,20.261928],[-99.889005,20.26094],[-99.889313,20.260684],[-99.889334,20.260643],[-99.891495,20.262087],[-99.891466,20.262189],[-99.890086,20.263208],[-99.889278,20.262714],[-99.887812,20.261928]]]}},{"type":"Feature","properties":{"fid":"301","NOM_SEDATU":"MQ-POL-093","Folio Electrónico":"En investigación","nombre":"MQ-POL-093"},"geometry":{"type":"Polygon","coordinates":[[[-99.886611,20.259425],[-99.886868,20.259234],[-99.887003,20.259144],[-99.889334,20.260643],[-99.889313,20.260684],[-99.887812,20.261928],[-99.886039,20.260975],[-99.885164,20.260703],[-99.886611,20.259425]]]}},{"type":"Feature","properties":{"fid":"300","NOM_SEDATU":"MQ-POL-092","Folio Electrónico":"En investigación","nombre":"MQ-POL-092"},"geometry":{"type":"Polygon","coordinates":[[[-99.88541,20.259],[-99.885688,20.258648],[-99.885816,20.258486],[-99.885861,20.25841],[-99.886956,20.259169],[-99.886611,20.259425],[-99.88541,20.259]]]}},{"type":"Feature","properties":{"fid":"299","NOM_SEDATU":"MQ-POL-091","Folio Electrónico":"En investigación","nombre":"MQ-POL-091"},"geometry":{"type":"Polygon","coordinates":[[[-99.884357,20.258685],[-99.884621,20.258292],[-99.884935,20.25787],[-99.884964,20.257834],[-99.885861,20.25841],[-99.885816,20.258486],[-99.885332,20.259098],[-99.884658,20.259884],[-99.883844,20.259554],[-99.884357,20.258685]]]}},{"type":"Feature","properties":{"fid":"298","NOM_SEDATU":"MQ-POL-090","Folio Electrónico":"En investigación","nombre":"MQ-POL-090"},"geometry":{"type":"Polygon","coordinates":[[[-99.883528,20.257218],[-99.883708,20.256981],[-99.884935,20.25787],[-99.884659,20.258235],[-99.884357,20.258685],[-99.883021,20.258025],[-99.883081,20.257814],[-99.883528,20.257218]]]}},{"type":"Feature","properties":{"fid":"297","NOM_SEDATU":"MQ-POL-089","Folio Electrónico":"En investigación","nombre":"MQ-POL-089"},"geometry":{"type":"Polygon","coordinates":[[[-99.882602,20.257195],[-99.882937,20.256599],[-99.883278,20.256809],[-99.883194,20.256993],[-99.882887,20.257374],[-99.882775,20.257304],[-99.882602,20.257195]]]}},{"type":"Feature","properties":{"fid":"296","NOM_SEDATU":"MQ-POL-088","Folio Electrónico":"En investigación","nombre":"MQ-POL-088"},"geometry":{"type":"Polygon","coordinates":[[[-99.880657,20.257345],[-99.88076,20.256823],[-99.880948,20.256359],[-99.881313,20.255648],[-99.882937,20.256599],[-99.88289,20.256691],[-99.882602,20.257195],[-99.882775,20.257304],[-99.882632,20.25742],[-99.882255,20.257686],[-99.881882,20.257749],[-99.880784,20.257444],[-99.880657,20.257345]]]}},{"type":"Feature","properties":{"fid":"295","NOM_SEDATU":"MQ-POL-087","Folio Electrónico":"En investigación","nombre":"MQ-POL-087"},"geometry":{"type":"Polygon","coordinates":[[[-99.879162,20.255211],[-99.879314,20.254549],[-99.881313,20.255648],[-99.880948,20.256359],[-99.88076,20.256823],[-99.880657,20.257345],[-99.879739,20.257277],[-99.8796,20.257128],[-99.87946,20.256761],[-99.879127,20.256069],[-99.879162,20.255211]]]}},{"type":"Feature","properties":{"fid":"294","NOM_SEDATU":"MQ-POL-086","Folio Electrónico":"En investigación","nombre":"MQ-POL-086"},"geometry":{"type":"Polygon","coordinates":[[[-99.877373,20.253918],[-99.877372,20.253602],[-99.878446,20.254135],[-99.879314,20.254549],[-99.879277,20.2547],[-99.879162,20.255211],[-99.878938,20.255814],[-99.878477,20.255505],[-99.878383,20.255425],[-99.878147,20.255294],[-99.878022,20.255211],[-99.877825,20.25475],[-99.877536,20.254019],[-99.877373,20.253918]]]}},{"type":"Feature","properties":{"fid":"293","NOM_SEDATU":"MQ-POL-085","Folio Electrónico":"En investigación","nombre":"MQ-POL-085"},"geometry":{"type":"Polygon","coordinates":[[[-99.876771,20.25368],[-99.876807,20.253549],[-99.876846,20.253479],[-99.876877,20.253415],[-99.877372,20.253602],[-99.877378,20.253734],[-99.877373,20.253918],[-99.877319,20.253955],[-99.876771,20.25368]]]}},{"type":"Feature","properties":{"fid":"291","NOM_SEDATU":"MQ-POL-083","Folio Electrónico":"En investigación","nombre":"MQ-POL-083"},"geometry":{"type":"Polygon","coordinates":[[[-99.874665,20.253376],[-99.874921,20.253163],[-99.875359,20.252799],[-99.87647,20.253325],[-99.876807,20.253549],[-99.876771,20.25368],[-99.876474,20.25431],[-99.875683,20.253823],[-99.87559,20.253935],[-99.874665,20.253376]]]}},{"type":"Feature","properties":{"fid":"290","NOM_SEDATU":"MQ-POL-082","Folio Electrónico":"En investigación","nombre":"MQ-POL-082"},"geometry":{"type":"Polygon","coordinates":[[[-99.873722,20.252449],[-99.873883,20.252205],[-99.875359,20.252799],[-99.874665,20.253376],[-99.873722,20.252449]]]}},{"type":"Feature","properties":{"fid":"289","NOM_SEDATU":"MQ-POL-081","Folio Electrónico":"En investigación","nombre":"MQ-POL-081"},"geometry":{"type":"Polygon","coordinates":[[[-99.872124,20.252858],[-99.872115,20.252745],[-99.872227,20.252435],[-99.872514,20.251836],[-99.873443,20.252324],[-99.873588,20.252475],[-99.873135,20.252887],[-99.872901,20.253145],[-99.872124,20.252858]]]}},{"type":"Feature","properties":{"fid":"288","NOM_SEDATU":"MQ-POL-080","Folio Electrónico":"En investigación","nombre":"MQ-POL-080"},"geometry":{"type":"Polygon","coordinates":[[[-99.871103,20.25192],[-99.871021,20.251817],[-99.87115,20.251506],[-99.871216,20.251392],[-99.872514,20.251836],[-99.872227,20.252435],[-99.871103,20.25192]]]}},{"type":"Feature","properties":{"fid":"287","NOM_SEDATU":"MQ-POL-079","Folio Electrónico":"En investigación","nombre":"MQ-POL-079"},"geometry":{"type":"Polygon","coordinates":[[[-99.87007,20.251077],[-99.870022,20.250768],[-99.87059,20.250931],[-99.87057,20.251083],[-99.87007,20.251077]]]}},{"type":"Feature","properties":{"fid":"286","NOM_SEDATU":"MQ-POL-078","Folio Electrónico":"En investigación","nombre":"MQ-POL-078"},"geometry":{"type":"Polygon","coordinates":[[[-99.867929,20.250421],[-99.868162,20.250047],[-99.870022,20.250768],[-99.870032,20.250821],[-99.87007,20.251077],[-99.867527,20.251101],[-99.867929,20.250421]]]}},{"type":"Feature","properties":{"fid":"285","NOM_SEDATU":"MQ-POL-077","Folio Electrónico":"En investigación","nombre":"MQ-POL-077"},"geometry":{"type":"Polygon","coordinates":[[[-99.866844,20.250298],[-99.867009,20.249649],[-99.868162,20.250047],[-99.867929,20.250421],[-99.866844,20.250298]]]}},{"type":"Feature","properties":{"fid":"284","NOM_SEDATU":"MQ-POL-076","Folio Electrónico":"En investigación","nombre":"MQ-POL-076"},"geometry":{"type":"Polygon","coordinates":[[[-99.866502,20.249535],[-99.866802,20.24952],[-99.867009,20.249649],[-99.866844,20.250298],[-99.866547,20.250302],[-99.866446,20.250312],[-99.86653,20.250231],[-99.86673,20.249975],[-99.866774,20.249877],[-99.866706,20.24968],[-99.866502,20.249535]]]}},{"type":"Feature","properties":{"fid":"283","NOM_SEDATU":"MQ-POL-075","Folio Electrónico":"En investigación","nombre":"MQ-POL-075"},"geometry":{"type":"Polygon","coordinates":[[[-99.865886,20.249676],[-99.866082,20.2492],[-99.866481,20.249355],[-99.866802,20.24952],[-99.866684,20.249523],[-99.866277,20.24955],[-99.866037,20.249515],[-99.865886,20.249676]]]}},{"type":"Feature","properties":{"fid":"278","NOM_SEDATU":"MQ-POL-030","Folio Electrónico":"En investigación","nombre":"MQ-POL-030"},"geometry":{"type":"Polygon","coordinates":[[[-99.813926,20.236792],[-99.815215,20.235667],[-99.815273,20.235581],[-99.819031,20.236412],[-99.816103,20.239181],[-99.813926,20.236792]]]}},{"type":"Feature","properties":{"fid":"277","NOM_SEDATU":"MQ-POL-027","Folio Electrónico":"En investigación","nombre":"MQ-POL-027"},"geometry":{"type":"Polygon","coordinates":[[[-99.813926,20.236792],[-99.811878,20.234815],[-99.815273,20.235581],[-99.815215,20.235667],[-99.813926,20.236792]]]}},{"type":"Feature","properties":{"fid":"276","NOM_SEDATU":"MQ-POL-026","Folio Electrónico":"En investigación","nombre":"MQ-POL-026"},"geometry":{"type":"Polygon","coordinates":[[[-99.813926,20.236792],[-99.812839,20.236216],[-99.812272,20.235849],[-99.811022,20.234646],[-99.811878,20.234815],[-99.813926,20.236792]]]}},{"type":"Feature","properties":{"fid":"275","NOM_SEDATU":"MQ-POL-024","Folio Electrónico":"En investigación","nombre":"MQ-POL-024"},"geometry":{"type":"Polygon","coordinates":[[[-99.805513,20.234128],[-99.806004,20.233571],[-99.811022,20.234646],[-99.812272,20.235849],[-99.81056,20.237311],[-99.808597,20.237574],[-99.805513,20.234128]]]}},{"type":"Feature","properties":{"fid":"274","NOM_SEDATU":"MQ-POL-023","Folio Electrónico":"En investigación","nombre":"MQ-POL-023"},"geometry":{"type":"Polygon","coordinates":[[[-99.8032,20.234513],[-99.802891,20.234353],[-99.802947,20.233999],[-99.803125,20.233701],[-99.803331,20.233137],[-99.803345,20.233005],[-99.804006,20.233144],[-99.804923,20.233326],[-99.805883,20.23363],[-99.805488,20.233845],[-99.805369,20.233957],[-99.804366,20.234207],[-99.8032,20.234513]]]}},{"type":"Feature","properties":{"fid":"273","NOM_SEDATU":"MQ-POL-022","Folio Electrónico":"En investigación","nombre":"MQ-POL-022"},"geometry":{"type":"Polygon","coordinates":[[[-99.801408,20.234281],[-99.802235,20.232824],[-99.803331,20.233137],[-99.803125,20.233701],[-99.802947,20.233999],[-99.802891,20.234353],[-99.802818,20.234442],[-99.801408,20.234281]]]}},{"type":"Feature","properties":{"fid":"64","NOM_SEDATU":"MQ-NOP-161","Folio Electrónico":"En investigación","nombre":"MQ-NOP-161"},"geometry":{"type":"Polygon","coordinates":[[[-99.758542,20.229823],[-99.763786,20.223994],[-99.765062,20.224132],[-99.765986,20.224706],[-99.766427,20.225016],[-99.767071,20.225569],[-99.767539,20.226052],[-99.768837,20.227492],[-99.768885,20.229209],[-99.758856,20.230279],[-99.758542,20.229823]]]}},{"type":"Feature","properties":{"fid":"79","NOM_SEDATU":"MQ-NOP-160","Folio Electrónico":"En investigación","nombre":"MQ-NOP-160"},"geometry":{"type":"Polygon","coordinates":[[[-99.758542,20.229823],[-99.756279,20.226681],[-99.758222,20.226],[-99.757888,20.224889],[-99.758846,20.224885],[-99.758853,20.2248],[-99.759174,20.224802],[-99.759122,20.224644],[-99.759536,20.224629],[-99.759796,20.224425],[-99.760004,20.224398],[-99.760367,20.224212],[-99.761091,20.223681],[-99.762734,20.223806],[-99.763786,20.223994],[-99.758542,20.229823]]]}},{"type":"Feature","properties":{"fid":"30","NOM_SEDATU":"MQ-NOP-159","Folio Electrónico":"En investigación","nombre":"MQ-NOP-159"},"geometry":{"type":"Polygon","coordinates":[[[-99.756279,20.226681],[-99.755624,20.225422],[-99.756306,20.225093],[-99.757888,20.224889],[-99.758222,20.226],[-99.756279,20.226681]]]}},{"type":"Feature","properties":{"fid":"78","NOM_SEDATU":"MQ-NOP-158","Folio Electrónico":"En investigación","nombre":"MQ-NOP-158"},"geometry":{"type":"Polygon","coordinates":[[[-99.758846,20.224885],[-99.757888,20.224889],[-99.756306,20.225093],[-99.755624,20.225422],[-99.753096,20.22455],[-99.752804,20.223668],[-99.752574,20.22308],[-99.752189,20.222096],[-99.75188,20.221306],[-99.75289,20.220852],[-99.75301,20.220245],[-99.753294,20.22012],[-99.754737,20.222659],[-99.756044,20.223055],[-99.75731,20.222513],[-99.758924,20.223924],[-99.758846,20.224885]]]}},{"type":"Feature","properties":{"fid":"1119","NOM_SEDATU":"MQ-NOP-157","nombre":"MQ-NOP-157"},"geometry":{"type":"Polygon","coordinates":[[[-99.742293,20.227825],[-99.741751,20.226961],[-99.741914,20.226557],[-99.74172,20.226394],[-99.741438,20.226395],[-99.741382,20.226174],[-99.741421,20.226053],[-99.741303,20.225751],[-99.740663,20.225579],[-99.740192,20.22501],[-99.740377,20.224247],[-99.740128,20.223804],[-99.739972,20.22357],[-99.738839,20.223056],[-99.738526,20.222344],[-99.738071,20.221963],[-99.737866,20.221587],[-99.738042,20.221056],[-99.737962,20.221009],[-99.737741,20.220613],[-99.737589,20.220498],[-99.737368,20.22013],[-99.737316,20.220086],[-99.737247,20.219837],[-99.737158,20.219765],[-99.736926,20.21947],[-99.736942,20.21907],[-99.736958,20.218641],[-99.739011,20.218826],[-99.739421,20.219501],[-99.740011,20.220481],[-99.740104,20.220637],[-99.740689,20.221601],[-99.741501,20.222951],[-99.741678,20.223229],[-99.741713,20.223318],[-99.742607,20.224807],[-99.742926,20.225354],[-99.743515,20.226352],[-99.743126,20.227036],[-99.742867,20.227382],[-99.742427,20.227794],[-99.742293,20.227825]]]}},{"type":"Feature","properties":{"fid":"80","NOM_SEDATU":"MQ-NOP-154","Folio Electrónico":"En investigación","nombre":"MQ-NOP-154"},"geometry":{"type":"Polygon","coordinates":[[[-99.725188,20.216916],[-99.724673,20.217315],[-99.723555,20.216314],[-99.723865,20.215837],[-99.724545,20.215857],[-99.724822,20.216261],[-99.725188,20.216916]]]}},{"type":"Feature","properties":{"fid":"31","NOM_SEDATU":"MQ-NOP-153","Folio Electrónico":"En investigación","nombre":"MQ-NOP-153"},"geometry":{"type":"Polygon","coordinates":[[[-99.723755,20.215813],[-99.722228,20.21805],[-99.722067,20.218167],[-99.72189,20.216941],[-99.721891,20.21617],[-99.721828,20.216002],[-99.72169,20.215633],[-99.721736,20.215382],[-99.721906,20.215126],[-99.723755,20.215813]]]}},{"type":"Feature","properties":{"fid":"33","NOM_SEDATU":"MQ-NOP-152","Folio Electrónico":"En investigación","nombre":"MQ-NOP-152"},"geometry":{"type":"Polygon","coordinates":[[[-99.722067,20.218167],[-99.721508,20.218965],[-99.719787,20.21772],[-99.720922,20.216944],[-99.721595,20.216149],[-99.721828,20.216002],[-99.721891,20.21617],[-99.72189,20.216941],[-99.722067,20.218167]]]}},{"type":"Feature","properties":{"fid":"32","NOM_SEDATU":"MQ-NOP-151","Folio Electrónico":"En investigación","nombre":"MQ-NOP-151"},"geometry":{"type":"Polygon","coordinates":[[[-99.718116,20.213525],[-99.721906,20.215126],[-99.721736,20.215382],[-99.72169,20.215633],[-99.721828,20.216002],[-99.721595,20.216149],[-99.720922,20.216944],[-99.719787,20.21772],[-99.719321,20.217605],[-99.718782,20.218001],[-99.718831,20.218369],[-99.718418,20.218047],[-99.717844,20.217339],[-99.718065,20.216295],[-99.719409,20.217001],[-99.719815,20.216296],[-99.718586,20.215971],[-99.718663,20.215301],[-99.719239,20.214482],[-99.717793,20.214222],[-99.718116,20.213525]]]}},{"type":"Feature","properties":{"fid":"77","NOM_SEDATU":"MQ-NOP-150","Folio Electrónico":"En investigación","nombre":"MQ-NOP-150"},"geometry":{"type":"Polygon","coordinates":[[[-99.717844,20.217339],[-99.717103,20.216648],[-99.717398,20.21561],[-99.717695,20.214566],[-99.717793,20.214222],[-99.719239,20.214482],[-99.718663,20.215301],[-99.718586,20.215971],[-99.719815,20.216296],[-99.719409,20.217001],[-99.718065,20.216295],[-99.717844,20.217339]]]}},{"type":"Feature","properties":{"fid":"29","NOM_SEDATU":"MQ-NOP-148","Folio Electrónico":"En investigación","nombre":"MQ-NOP-148"},"geometry":{"type":"Polygon","coordinates":[[[-99.717008,20.215678],[-99.717398,20.21561],[-99.717103,20.216648],[-99.717844,20.217339],[-99.718418,20.218047],[-99.715139,20.215632],[-99.715316,20.215354],[-99.715357,20.215289],[-99.715492,20.21537],[-99.715762,20.215482],[-99.715762,20.215482],[-99.715801,20.215498],[-99.715986,20.215489],[-99.716744,20.215507],[-99.717008,20.215678]]]}},{"type":"Feature","properties":{"fid":"34","NOM_SEDATU":"MQ-NOP-146","Folio Electrónico":"En investigación","nombre":"MQ-NOP-146"},"geometry":{"type":"Polygon","coordinates":[[[-99.714364,20.215133],[-99.714383,20.215083],[-99.714543,20.21465],[-99.714727,20.214393],[-99.714788,20.214367],[-99.716191,20.215214],[-99.716183,20.215323],[-99.715986,20.215489],[-99.715801,20.215498],[-99.715762,20.215482],[-99.715762,20.215482],[-99.715762,20.215482],[-99.715492,20.21537],[-99.715357,20.215289],[-99.715316,20.215354],[-99.715139,20.215632],[-99.714364,20.215133]]]}},{"type":"Feature","properties":{"fid":"84","NOM_SEDATU":"MQ-NOP-145","Folio Electrónico":"En investigación","nombre":"MQ-NOP-145"},"geometry":{"type":"Polygon","coordinates":[[[-99.715028,20.215708],[-99.714424,20.216409],[-99.714306,20.21598],[-99.714237,20.21566],[-99.714204,20.215508],[-99.714162,20.215271],[-99.71412,20.215034],[-99.715028,20.215708]]]}},{"type":"Feature","properties":{"fid":"27","NOM_SEDATU":"MQ-NOP-144","Folio Electrónico":"En investigación","nombre":"MQ-NOP-144"},"geometry":{"type":"Polygon","coordinates":[[[-99.713457,20.217647],[-99.712365,20.217231],[-99.713098,20.215698],[-99.712957,20.215567],[-99.713234,20.21443],[-99.71412,20.215034],[-99.714162,20.215271],[-99.714162,20.215271],[-99.714204,20.215508],[-99.714237,20.21566],[-99.714237,20.21566],[-99.714306,20.21598],[-99.714424,20.216409],[-99.713457,20.217647]]]}},{"type":"Feature","properties":{"fid":"28","NOM_SEDATU":"MQ-NOP-142","Folio Electrónico":"En investigación","nombre":"MQ-NOP-142"},"geometry":{"type":"Polygon","coordinates":[[[-99.712957,20.215567],[-99.712618,20.215484],[-99.712135,20.213958],[-99.712287,20.213724],[-99.713234,20.21443],[-99.712957,20.215567]]]}},{"type":"Feature","properties":{"fid":"85","NOM_SEDATU":"MQ-NOP-141","Folio Electrónico":"En investigación","nombre":"MQ-NOP-141"},"geometry":{"type":"Polygon","coordinates":[[[-99.712618,20.215484],[-99.711478,20.215061],[-99.711059,20.214694],[-99.709842,20.213949],[-99.710155,20.213462],[-99.711165,20.214041],[-99.711614,20.213301],[-99.712082,20.213791],[-99.712135,20.213958],[-99.712618,20.215484]]]}},{"type":"Feature","properties":{"fid":"86","NOM_SEDATU":"MQ-NOP-140","Folio Electrónico":"En investigación","nombre":"MQ-NOP-140"},"geometry":{"type":"Polygon","coordinates":[[[-99.711478,20.215061],[-99.711104,20.2156],[-99.709978,20.215139],[-99.710528,20.214369],[-99.711059,20.214694],[-99.711478,20.215061]]]}},{"type":"Feature","properties":{"fid":"87","NOM_SEDATU":"MQ-NOP-139","Folio Electrónico":"En investigación","nombre":"MQ-NOP-139"},"geometry":{"type":"Polygon","coordinates":[[[-99.709978,20.215139],[-99.709466,20.214772],[-99.709842,20.213949],[-99.710528,20.214369],[-99.709978,20.215139]]]}},{"type":"Feature","properties":{"fid":"89","NOM_SEDATU":"MQ-NOP-135","Folio Electrónico":"En investigación","nombre":"MQ-NOP-135"},"geometry":{"type":"Polygon","coordinates":[[[-99.709272,20.215012],[-99.708201,20.214751],[-99.70814,20.214544],[-99.708155,20.21449],[-99.708284,20.214051],[-99.709611,20.214455],[-99.709466,20.214772],[-99.709272,20.215012]]]}},{"type":"Feature","properties":{"fid":"90","NOM_SEDATU":"MQ-NOP-134","Folio Electrónico":"En investigación","nombre":"MQ-NOP-134"},"geometry":{"type":"Polygon","coordinates":[[[-99.708155,20.21449],[-99.707946,20.214259],[-99.707923,20.213941],[-99.708284,20.214051],[-99.708155,20.21449]]]}},{"type":"Feature","properties":{"fid":"24","NOM_SEDATU":"MQ-NOP-132","Folio Electrónico":"En investigación","nombre":"MQ-NOP-132"},"geometry":{"type":"Polygon","coordinates":[[[-99.706684,20.21466],[-99.706867,20.213667],[-99.707254,20.2137],[-99.707322,20.213708],[-99.707883,20.213776],[-99.707942,20.213778],[-99.707923,20.213941],[-99.707946,20.214259],[-99.707918,20.215132],[-99.707519,20.214972],[-99.707352,20.214834],[-99.707143,20.21474],[-99.706684,20.21466]]]}},{"type":"Feature","properties":{"fid":"23","NOM_SEDATU":"MQ-NOP-131","Folio Electrónico":"En investigación","nombre":"MQ-NOP-131"},"geometry":{"type":"Polygon","coordinates":[[[-99.706867,20.213667],[-99.706684,20.21466],[-99.706469,20.214491],[-99.706354,20.214222],[-99.706015,20.213695],[-99.705833,20.213535],[-99.705677,20.21352],[-99.705503,20.21347],[-99.705382,20.213468],[-99.70531,20.213484],[-99.705136,20.213414],[-99.704758,20.213216],[-99.704705,20.213073],[-99.704472,20.21295],[-99.704273,20.212924],[-99.704256,20.212828],[-99.706992,20.212623],[-99.706867,20.213667]]]}},{"type":"Feature","properties":{"fid":"25","NOM_SEDATU":"MQ-NOP-130","Folio Electrónico":"En investigación","nombre":"MQ-NOP-130"},"geometry":{"type":"Polygon","coordinates":[[[-99.70924,20.215241],[-99.708824,20.215449],[-99.708818,20.216255],[-99.708562,20.216453],[-99.708431,20.216857],[-99.707996,20.217083],[-99.706971,20.217239],[-99.706876,20.217177],[-99.706269,20.21717],[-99.705756,20.21702],[-99.705337,20.216807],[-99.704651,20.216102],[-99.704127,20.215754],[-99.703337,20.21475],[-99.703376,20.213878],[-99.703425,20.21328],[-99.70339,20.212969],[-99.704256,20.212828],[-99.704273,20.212924],[-99.704472,20.21295],[-99.704705,20.213073],[-99.704758,20.213216],[-99.705136,20.213414],[-99.70531,20.213484],[-99.705382,20.213468],[-99.705503,20.21347],[-99.705677,20.21352],[-99.705833,20.213535],[-99.706015,20.213695],[-99.706354,20.214222],[-99.706469,20.214491],[-99.706684,20.21466],[-99.707143,20.21474],[-99.707352,20.214834],[-99.707519,20.214972],[-99.707918,20.215132],[-99.707946,20.214259],[-99.708155,20.21449],[-99.70814,20.214544],[-99.708201,20.214751],[-99.709272,20.215012],[-99.70924,20.215241]]]}},{"type":"Feature","properties":{"fid":"26","NOM_SEDATU":"MQ-NOP-129","Folio Electrónico":"En investigación","nombre":"MQ-NOP-129"},"geometry":{"type":"Polygon","coordinates":[[[-99.70339,20.212969],[-99.703425,20.21328],[-99.703376,20.213878],[-99.703337,20.21475],[-99.704127,20.215754],[-99.704651,20.216102],[-99.705337,20.216807],[-99.705756,20.21702],[-99.706269,20.21717],[-99.705729,20.217172],[-99.705401,20.21708],[-99.704736,20.216796],[-99.704236,20.216592],[-99.703846,20.216248],[-99.703484,20.215941],[-99.70297,20.215746],[-99.702405,20.215533],[-99.70211,20.2154],[-99.701629,20.215128],[-99.701438,20.214887],[-99.701162,20.214664],[-99.700751,20.214596],[-99.700331,20.214218],[-99.700134,20.214091],[-99.699958,20.213688],[-99.699933,20.213642],[-99.70339,20.212969]]]}},{"type":"Feature","properties":{"fid":"18","NOM_SEDATU":"MQ-NOP-127","Folio Electrónico":"En investigación","nombre":"MQ-NOP-127"},"geometry":{"type":"Polygon","coordinates":[[[-99.698448,20.213817],[-99.697503,20.213971],[-99.696914,20.213403],[-99.696858,20.213109],[-99.697094,20.212786],[-99.698339,20.212576],[-99.698453,20.213122],[-99.698574,20.213356],[-99.698604,20.213412],[-99.698472,20.213745],[-99.698448,20.213817],[-99.698448,20.213817]]]}},{"type":"Feature","properties":{"fid":"19","NOM_SEDATU":"MQ-NOP-126","Folio Electrónico":"En investigación","nombre":"MQ-NOP-126"},"geometry":{"type":"Polygon","coordinates":[[[-99.697503,20.213971],[-99.691605,20.215208],[-99.691324,20.214943],[-99.691551,20.214856],[-99.691793,20.21478],[-99.692062,20.214534],[-99.692186,20.214557],[-99.692269,20.214437],[-99.692373,20.214365],[-99.692368,20.214304],[-99.692535,20.214179],[-99.692564,20.213995],[-99.692648,20.213803],[-99.693807,20.214144],[-99.694638,20.214122],[-99.69536,20.213988],[-99.696332,20.213429],[-99.696858,20.213109],[-99.696914,20.213403],[-99.697503,20.213971]]]}},{"type":"Feature","properties":{"fid":"20","NOM_SEDATU":"MQ-NOP-125","Folio Electrónico":"En investigación","nombre":"MQ-NOP-125"},"geometry":{"type":"Polygon","coordinates":[[[-99.698379,20.214029],[-99.698205,20.214307],[-99.698032,20.214585],[-99.697933,20.214852],[-99.697745,20.215236],[-99.697745,20.215236],[-99.697557,20.215619],[-99.697472,20.215794],[-99.697474,20.2158],[-99.697224,20.216342],[-99.696935,20.216348],[-99.696331,20.216717],[-99.695696,20.217229],[-99.695696,20.217229],[-99.694344,20.218314],[-99.693917,20.21841],[-99.691855,20.217986],[-99.691855,20.217986],[-99.691345,20.216871],[-99.690632,20.215592],[-99.698379,20.214029]]]}},{"type":"Feature","properties":{"fid":"21","NOM_SEDATU":"MQ-NOP-124","Folio Electrónico":"En investigación","nombre":"MQ-NOP-124"},"geometry":{"type":"Polygon","coordinates":[[[-99.690424,20.214496],[-99.691445,20.21524],[-99.690073,20.215521],[-99.690287,20.214741],[-99.690287,20.214741],[-99.690424,20.214496]]]}},{"type":"Feature","properties":{"fid":"17","NOM_SEDATU":"MQ-NOP-123","Folio Electrónico":"En investigación","nombre":"MQ-NOP-123"},"geometry":{"type":"Polygon","coordinates":[[[-99.690632,20.215592],[-99.691345,20.216871],[-99.690556,20.217119],[-99.690191,20.21674],[-99.690191,20.21674],[-99.690191,20.21674],[-99.69015,20.216764],[-99.690122,20.21678],[-99.690048,20.216638],[-99.689956,20.216044],[-99.689952,20.215946],[-99.68995,20.215903],[-99.689983,20.215746],[-99.690003,20.215683],[-99.690632,20.215592]]]}},{"type":"Feature","properties":{"fid":"170","NOM_SEDATU":"MQ-NOP-122","Folio Electrónico":"En investigación","nombre":"MQ-NOP-122"},"geometry":{"type":"Polygon","coordinates":[[[-99.687853,20.212835],[-99.687089,20.212371],[-99.68598,20.212076],[-99.686282,20.214255],[-99.682599,20.216571],[-99.681542,20.217082],[-99.680692,20.216974],[-99.679681,20.216785],[-99.677562,20.217268],[-99.675651,20.217103],[-99.675726,20.217964],[-99.679569,20.217595],[-99.682349,20.217239],[-99.685207,20.216606],[-99.687871,20.216036],[-99.688287,20.214346],[-99.688481,20.213795],[-99.687853,20.212835]]]}},{"type":"Feature","properties":{"fid":"169","NOM_SEDATU":"MQ-NOP-121","Folio Electrónico":"En investigación","nombre":"MQ-NOP-121"},"geometry":{"type":"Polygon","coordinates":[[[-99.685646,20.217717],[-99.685523,20.216779],[-99.687797,20.216182],[-99.68733,20.217767],[-99.685646,20.217717]]]}},{"type":"Feature","properties":{"fid":"58","NOM_SEDATU":"MQ-NOP-117","Folio Electrónico":"En investigación","nombre":"MQ-NOP-117"},"geometry":{"type":"Polygon","coordinates":[[[-99.666115,20.220386],[-99.665187,20.220433],[-99.664847,20.21914],[-99.665641,20.219075],[-99.666279,20.220389],[-99.666115,20.220386]]]}},{"type":"Feature","properties":{"fid":"59","NOM_SEDATU":"MQ-NOP-116","Folio Electrónico":"En investigación","nombre":"MQ-NOP-116"},"geometry":{"type":"Polygon","coordinates":[[[-99.665512,20.218823],[-99.665188,20.218855],[-99.664863,20.218875],[-99.664605,20.217807],[-99.664756,20.217707],[-99.664918,20.217494],[-99.665372,20.217353],[-99.665562,20.217933],[-99.665163,20.218076],[-99.665512,20.218823]]]}},{"type":"Feature","properties":{"fid":"60","NOM_SEDATU":"MQ-NOP-115","Folio Electrónico":"En investigación","nombre":"MQ-NOP-115"},"geometry":{"type":"Polygon","coordinates":[[[-99.66474,20.218897],[-99.664489,20.218922],[-99.664247,20.217878],[-99.664605,20.217807],[-99.664863,20.218875],[-99.66474,20.218897]]]}},{"type":"Feature","properties":{"fid":"57","NOM_SEDATU":"MQ-NOP-114","Folio Electrónico":"En investigación","nombre":"MQ-NOP-114"},"geometry":{"type":"Polygon","coordinates":[[[-99.665187,20.220433],[-99.664318,20.22054],[-99.663843,20.219212],[-99.664847,20.21914],[-99.665187,20.220433]]]}},{"type":"Feature","properties":{"fid":"61","NOM_SEDATU":"MQ-NOP-113","Folio Electrónico":"En investigación","nombre":"MQ-NOP-113"},"geometry":{"type":"Polygon","coordinates":[[[-99.664489,20.218922],[-99.663752,20.218983],[-99.663733,20.218912],[-99.663394,20.218047],[-99.664247,20.217878],[-99.664489,20.218922]]]}},{"type":"Feature","properties":{"fid":"62","NOM_SEDATU":"MQ-NOP-112","Folio Electrónico":"En investigación","nombre":"MQ-NOP-112"},"geometry":{"type":"Polygon","coordinates":[[[-99.665143,20.222709],[-99.664143,20.222251],[-99.663698,20.221797],[-99.663358,20.221255],[-99.663144,20.220982],[-99.663224,20.219735],[-99.663315,20.219243],[-99.663843,20.219212],[-99.664318,20.22054],[-99.665143,20.222709]]]}},{"type":"Feature","properties":{"fid":"52","NOM_SEDATU":"MQ-NOP-111","Folio Electrónico":"En investigación","nombre":"MQ-NOP-111"},"geometry":{"type":"Polygon","coordinates":[[[-99.663733,20.218912],[-99.663752,20.218983],[-99.662984,20.219017],[-99.661928,20.219036],[-99.662235,20.218338],[-99.663394,20.218047],[-99.663733,20.218912]]]}},{"type":"Feature","properties":{"fid":"53","NOM_SEDATU":"MQ-NOP-110","Folio Electrónico":"En investigación","nombre":"MQ-NOP-110"},"geometry":{"type":"Polygon","coordinates":[[[-99.663144,20.220982],[-99.66247,20.220592],[-99.662655,20.220107],[-99.662188,20.219988],[-99.662371,20.219262],[-99.663222,20.219262],[-99.663315,20.219243],[-99.663224,20.219735],[-99.663144,20.220982]]]}},{"type":"Feature","properties":{"fid":"56","NOM_SEDATU":"MQ-NOP-109","Folio Electrónico":"En investigación","nombre":"MQ-NOP-109"},"geometry":{"type":"Polygon","coordinates":[[[-99.661969,20.219248],[-99.662371,20.219262],[-99.662157,20.220076],[-99.661677,20.219988],[-99.661677,20.219944],[-99.661729,20.219779],[-99.661791,20.219728],[-99.661907,20.21923],[-99.661969,20.219248]]]}},{"type":"Feature","properties":{"fid":"55","NOM_SEDATU":"MQ-NOP-107","Folio Electrónico":"En investigación","nombre":"MQ-NOP-107"},"geometry":{"type":"Polygon","coordinates":[[[-99.661907,20.21923],[-99.661791,20.219728],[-99.661729,20.219779],[-99.661677,20.219944],[-99.661045,20.219916],[-99.661068,20.2196],[-99.661073,20.219211],[-99.661907,20.21923]]]}},{"type":"Feature","properties":{"fid":"48","NOM_SEDATU":"MQ-NOP-105","Folio Electrónico":"En investigación","nombre":"MQ-NOP-105"},"geometry":{"type":"Polygon","coordinates":[[[-99.661068,20.2196],[-99.660265,20.219566],[-99.659555,20.219536],[-99.658845,20.219506],[-99.658927,20.218675],[-99.661073,20.219173],[-99.661073,20.219211],[-99.661071,20.219334],[-99.661068,20.2196]]]}},{"type":"Feature","properties":{"fid":"47","NOM_SEDATU":"MQ-NOP-102","Folio Electrónico":"En investigación","nombre":"MQ-NOP-102"},"geometry":{"type":"Polygon","coordinates":[[[-99.658775,20.220403],[-99.658145,20.220167],[-99.658283,20.218523],[-99.658927,20.218675],[-99.658775,20.220403]]]}},{"type":"Feature","properties":{"fid":"44","NOM_SEDATU":"MQ-NOP-101","Folio Electrónico":"En investigación","nombre":"MQ-NOP-101"},"geometry":{"type":"Polygon","coordinates":[[[-99.658145,20.220167],[-99.657244,20.22017],[-99.656102,20.220359],[-99.655614,20.22044],[-99.654448,20.220386],[-99.654798,20.217058],[-99.655902,20.217526],[-99.658283,20.218523],[-99.658145,20.220167]]]}},{"type":"Feature","properties":{"fid":"46","NOM_SEDATU":"MQ-NOP-100","Folio Electrónico":"En investigación","nombre":"MQ-NOP-100"},"geometry":{"type":"Polygon","coordinates":[[[-99.655981,20.221821],[-99.655503,20.221786],[-99.654709,20.221554],[-99.654297,20.221351],[-99.653009,20.220923],[-99.652769,20.220957],[-99.652299,20.220955],[-99.651836,20.220894],[-99.651066,20.22067],[-99.650858,20.22056],[-99.651615,20.218994],[-99.652087,20.218977],[-99.652648,20.219138],[-99.652839,20.219326],[-99.653182,20.219595],[-99.653716,20.220051],[-99.654448,20.220386],[-99.655614,20.22044],[-99.656102,20.220359],[-99.656211,20.221233],[-99.655981,20.221821]]]}},{"type":"Feature","properties":{"fid":"45","NOM_SEDATU":"MQ-NOP-099","Folio Electrónico":"En investigación","nombre":"MQ-NOP-099"},"geometry":{"type":"Polygon","coordinates":[[[-99.654448,20.220386],[-99.653716,20.220051],[-99.653182,20.219595],[-99.652648,20.219138],[-99.651801,20.218911],[-99.650723,20.218969],[-99.651601,20.217246],[-99.651862,20.216481],[-99.652749,20.216488],[-99.65345,20.216595],[-99.65413,20.216787],[-99.654798,20.217058],[-99.654448,20.220386]]]}},{"type":"Feature","properties":{"fid":"40","NOM_SEDATU":"MQ-NOP-098","Folio Electrónico":"En investigación","nombre":"MQ-NOP-098"},"geometry":{"type":"Polygon","coordinates":[[[-99.650858,20.22056],[-99.650222,20.220951],[-99.650722,20.219104],[-99.651615,20.218994],[-99.650858,20.22056]]]}},{"type":"Feature","properties":{"fid":"41","NOM_SEDATU":"MQ-NOP-096","Folio Electrónico":"En investigación","nombre":"MQ-NOP-096"},"geometry":{"type":"Polygon","coordinates":[[[-99.650652,20.219112],[-99.650158,20.220969],[-99.649884,20.220993],[-99.649944,20.220264],[-99.649789,20.220251],[-99.649579,20.219296],[-99.650652,20.219112]]]}},{"type":"Feature","properties":{"fid":"68","NOM_SEDATU":"MQ-NOP-095","Folio Electrónico":"En investigación","nombre":"MQ-NOP-095"},"geometry":{"type":"Polygon","coordinates":[[[-99.649579,20.219296],[-99.649789,20.220251],[-99.649944,20.220264],[-99.649883,20.220677],[-99.649884,20.220993],[-99.649467,20.221754],[-99.649082,20.221394],[-99.647398,20.21954],[-99.649579,20.219296]]]}},{"type":"Feature","properties":{"fid":"69","NOM_SEDATU":"MQ-NOP-093","Folio Electrónico":"En investigación","nombre":"MQ-NOP-093"},"geometry":{"type":"Polygon","coordinates":[[[-99.649082,20.221394],[-99.647606,20.220976],[-99.647596,20.220813],[-99.647777,20.220677],[-99.647699,20.220433],[-99.647306,20.220209],[-99.647028,20.220319],[-99.646943,20.220373],[-99.64678,20.22051],[-99.646514,20.220845],[-99.646429,20.221153],[-99.646507,20.221324],[-99.646316,20.221524],[-99.646192,20.22156],[-99.646318,20.221858],[-99.646271,20.222102],[-99.646061,20.222112],[-99.64583,20.221978],[-99.645225,20.221501],[-99.644822,20.221376],[-99.644506,20.221215],[-99.64462,20.221043],[-99.644636,20.220465],[-99.644662,20.21994],[-99.644691,20.219886],[-99.646259,20.219653],[-99.646528,20.219679],[-99.646729,20.219706],[-99.647398,20.21954],[-99.649082,20.221394]]]}},{"type":"Feature","properties":{"fid":"1118","NOM_SEDATU":"MQ-NOP-089","nombre":"MQ-NOP-089"},"geometry":{"type":"Polygon","coordinates":[[[-99.642538,20.220405],[-99.642507,20.220044],[-99.643112,20.219995],[-99.64314,20.220326],[-99.642538,20.220405]]]}},{"type":"Feature","properties":{"fid":"1117","NOM_SEDATU":"MQ-NOP-087","nombre":"MQ-NOP-087"},"geometry":{"type":"Polygon","coordinates":[[[-99.642538,20.220405],[-99.639721,20.220764],[-99.639664,20.220407],[-99.642507,20.220044],[-99.642538,20.220405]]]}},{"type":"Feature","properties":{"fid":"35","NOM_SEDATU":"MQ-NOP-085","Folio Electrónico":"En investigación","nombre":"MQ-NOP-085"},"geometry":{"type":"Polygon","coordinates":[[[-99.639679,20.221473],[-99.637318,20.221452],[-99.637806,20.220193],[-99.6395,20.220323],[-99.639679,20.221473]]]}},{"type":"Feature","properties":{"fid":"165","NOM_SEDATU":"MQ-NOP-084","Folio Electrónico":"En investigación","nombre":"MQ-NOP-084"},"geometry":{"type":"Polygon","coordinates":[[[-99.637135,20.221689],[-99.635744,20.221569],[-99.635534,20.221259],[-99.635408,20.221072],[-99.635183,20.220915],[-99.634924,20.220641],[-99.634518,20.21999],[-99.637573,20.220406],[-99.637135,20.221689]]]}},{"type":"Feature","properties":{"fid":"163","NOM_SEDATU":"MQ-NOP-083","Folio Electrónico":"En investigación","nombre":"MQ-NOP-083"},"geometry":{"type":"Polygon","coordinates":[[[-99.634774,20.221763],[-99.634604,20.221739],[-99.634195,20.22134],[-99.633922,20.220992],[-99.632878,20.219753],[-99.633025,20.219687],[-99.63426,20.219748],[-99.634518,20.21999],[-99.634924,20.220641],[-99.635408,20.221072],[-99.635534,20.221259],[-99.635744,20.221569],[-99.637135,20.221689],[-99.636958,20.222071],[-99.636398,20.222029],[-99.635831,20.222023],[-99.635116,20.221887],[-99.634774,20.221763]]]}},{"type":"Feature","properties":{"fid":"162","NOM_SEDATU":"MQ-NOP-082","Folio Electrónico":"En investigación","nombre":"MQ-NOP-082"},"geometry":{"type":"Polygon","coordinates":[[[-99.632635,20.220966],[-99.632478,20.220804],[-99.632422,20.22043],[-99.632878,20.219753],[-99.634195,20.22134],[-99.634595,20.221801],[-99.633638,20.222282],[-99.633638,20.222282],[-99.632543,20.221113],[-99.632635,20.220966]]]}},{"type":"Feature","properties":{"fid":"161","NOM_SEDATU":"MQ-NOP-081","Folio Electrónico":"En investigación","nombre":"MQ-NOP-081"},"geometry":{"type":"Polygon","coordinates":[[[-99.632543,20.221113],[-99.633638,20.222282],[-99.633829,20.222485],[-99.634942,20.223127],[-99.634921,20.223523],[-99.632518,20.223135],[-99.631192,20.221784],[-99.632543,20.221113]]]}},{"type":"Feature","properties":{"fid":"164","NOM_SEDATU":"MQ-NOP-080","Folio Electrónico":"En investigación","nombre":"MQ-NOP-080"},"geometry":{"type":"Polygon","coordinates":[[[-99.632381,20.220338],[-99.632422,20.22043],[-99.632478,20.220804],[-99.632635,20.220966],[-99.632543,20.221113],[-99.631192,20.221784],[-99.631122,20.221693],[-99.630332,20.220686],[-99.631138,20.21993],[-99.631544,20.2198],[-99.632381,20.220338]]]}},{"type":"Feature","properties":{"fid":"160","NOM_SEDATU":"MQ-NOP-079","Folio Electrónico":"En investigación","nombre":"MQ-NOP-079"},"geometry":{"type":"Polygon","coordinates":[[[-99.630424,20.222028],[-99.62987,20.221326],[-99.629596,20.220843],[-99.630157,20.220431],[-99.630332,20.220686],[-99.631122,20.221693],[-99.630424,20.222028]]]}},{"type":"Feature","properties":{"fid":"159","NOM_SEDATU":"MQ-NOP-078","Folio Electrónico":"En investigación","nombre":"MQ-NOP-078"},"geometry":{"type":"Polygon","coordinates":[[[-99.628321,20.2197],[-99.62853,20.219604],[-99.62896,20.220299],[-99.630133,20.222172],[-99.630118,20.222238],[-99.629762,20.222599],[-99.62936,20.222974],[-99.629222,20.223452],[-99.629303,20.224243],[-99.629123,20.224039],[-99.62745,20.223311],[-99.627352,20.222248],[-99.627258,20.221919],[-99.626557,20.220619],[-99.628321,20.2197]]]}},{"type":"Feature","properties":{"fid":"158","NOM_SEDATU":"MQ-NOP-077","Folio Electrónico":"En investigación","nombre":"MQ-NOP-077"},"geometry":{"type":"Polygon","coordinates":[[[-99.626901,20.22196],[-99.625646,20.222082],[-99.625184,20.221994],[-99.62575,20.22085],[-99.626201,20.219986],[-99.626557,20.220619],[-99.627258,20.221919],[-99.626901,20.22196]]]}},{"type":"Feature","properties":{"fid":"157","NOM_SEDATU":"MQ-NOP-076","Folio Electrónico":"En investigación","nombre":"MQ-NOP-076"},"geometry":{"type":"Polygon","coordinates":[[[-99.625184,20.221994],[-99.624259,20.221797],[-99.624792,20.220578],[-99.624916,20.220517],[-99.62575,20.22085],[-99.625184,20.221994]]]}},{"type":"Feature","properties":{"fid":"154","NOM_SEDATU":"MQ-NOP-075","Folio Electrónico":"En investigación","nombre":"MQ-NOP-075"},"geometry":{"type":"Polygon","coordinates":[[[-99.625157,20.219543],[-99.623944,20.222301],[-99.622968,20.222022],[-99.62417,20.219627],[-99.625157,20.219543]]]}},{"type":"Feature","properties":{"fid":"205","NOM_SEDATU":"MQ-TUL-162","Folio Electrónico":"En investigación","nombre":"MQ-TUL-162"},"geometry":{"type":"Polygon","coordinates":[[[-99.510049,20.138707],[-99.5097,20.1389],[-99.509476,20.138966],[-99.50948,20.138912],[-99.50854,20.138571],[-99.50853,20.138114],[-99.508743,20.138022],[-99.508996,20.137988],[-99.509127,20.137983],[-99.509172,20.137999],[-99.509236,20.137974],[-99.509441,20.137887],[-99.510049,20.138707]]]}},{"type":"Feature","properties":{"fid":"206","NOM_SEDATU":"MQ-TUL-161","Folio Electrónico":"En investigación","nombre":"MQ-TUL-161"},"geometry":{"type":"Polygon","coordinates":[[[-99.50854,20.138571],[-99.507814,20.139365],[-99.50777,20.139322],[-99.507693,20.138649],[-99.507654,20.138625],[-99.507575,20.138571],[-99.507496,20.138514],[-99.507448,20.138448],[-99.507343,20.138382],[-99.506945,20.138565],[-99.506752,20.138243],[-99.506809,20.138194],[-99.506909,20.138152],[-99.506966,20.138144],[-99.507001,20.138131],[-99.507036,20.138094],[-99.507097,20.138044],[-99.507193,20.137998],[-99.507363,20.137961],[-99.507516,20.137915],[-99.507708,20.137762],[-99.507893,20.137436],[-99.507977,20.136169],[-99.50764,20.136104],[-99.507256,20.136167],[-99.507023,20.135695],[-99.505293,20.135693],[-99.505179,20.135773],[-99.503655,20.136601],[-99.503262,20.136424],[-99.502914,20.136811],[-99.502307,20.137583],[-99.502357,20.137726],[-99.502275,20.137624],[-99.502226,20.137539],[-99.502082,20.137311],[-99.502055,20.136995],[-99.502002,20.136888],[-99.501881,20.136547],[-99.502385,20.136369],[-99.502349,20.135502],[-99.502305,20.135504],[-99.501323,20.136018],[-99.501299,20.135952],[-99.501969,20.135602],[-99.502312,20.135407],[-99.502433,20.135507],[-99.502917,20.135459],[-99.503095,20.135649],[-99.504371,20.134481],[-99.504172,20.134126],[-99.5043,20.134027],[-99.504819,20.133351],[-99.505454,20.132544],[-99.508959,20.137232],[-99.509441,20.137887],[-99.509172,20.137999],[-99.509127,20.137983],[-99.508743,20.138022],[-99.50853,20.138114],[-99.50854,20.138571]]]}},{"type":"Feature","properties":{"fid":"155","NOM_SEDATU":"MQ-NOP-074","Folio Electrónico":"En investigación","nombre":"MQ-NOP-074"},"geometry":{"type":"Polygon","coordinates":[[[-99.62417,20.219627],[-99.622968,20.222022],[-99.62234,20.221885],[-99.623313,20.219949],[-99.62417,20.219627]]]}},{"type":"Feature","properties":{"fid":"156","NOM_SEDATU":"MQ-NOP-073","Folio Electrónico":"En investigación","nombre":"MQ-NOP-073"},"geometry":{"type":"Polygon","coordinates":[[[-99.623074,20.219961],[-99.623313,20.219949],[-99.62234,20.221885],[-99.622167,20.222259],[-99.621844,20.222088],[-99.622247,20.221331],[-99.622634,20.220622],[-99.622803,20.220101],[-99.623074,20.219961]]]}},{"type":"Feature","properties":{"fid":"149","NOM_SEDATU":"MQ-NOP-072","Folio Electrónico":"En investigación","nombre":"MQ-NOP-072"},"geometry":{"type":"Polygon","coordinates":[[[-99.621844,20.222088],[-99.621462,20.221936],[-99.621896,20.221175],[-99.622247,20.221331],[-99.621844,20.222088]]]}},{"type":"Feature","properties":{"fid":"150","NOM_SEDATU":"MQ-NOP-070","Folio Electrónico":"En investigación","nombre":"MQ-NOP-070"},"geometry":{"type":"Polygon","coordinates":[[[-99.621462,20.221936],[-99.621126,20.221757],[-99.621743,20.220688],[-99.622193,20.220558],[-99.621462,20.221936]]]}},{"type":"Feature","properties":{"fid":"152","NOM_SEDATU":"MQ-NOP-069","Folio Electrónico":"En investigación","nombre":"MQ-NOP-069"},"geometry":{"type":"Polygon","coordinates":[[[-99.621126,20.221757],[-99.620824,20.221599],[-99.621267,20.220776],[-99.621743,20.220688],[-99.621126,20.221757]]]}},{"type":"Feature","properties":{"fid":"153","NOM_SEDATU":"MQ-NOP-068","Folio Electrónico":"En investigación","nombre":"MQ-NOP-068"},"geometry":{"type":"Polygon","coordinates":[[[-99.620824,20.221599],[-99.620347,20.221296],[-99.620613,20.220881],[-99.621267,20.220776],[-99.620824,20.221599]]]}},{"type":"Feature","properties":{"fid":"148","NOM_SEDATU":"MQ-NOP-067","Folio Electrónico":"En investigación","nombre":"MQ-NOP-067"},"geometry":{"type":"Polygon","coordinates":[[[-99.619945,20.223072],[-99.618909,20.222248],[-99.619408,20.220897],[-99.620841,20.221896],[-99.620715,20.222062],[-99.619945,20.223072]]]}},{"type":"Feature","properties":{"fid":"144","NOM_SEDATU":"MQ-NOP-066","Folio Electrónico":"En investigación","nombre":"MQ-NOP-066"},"geometry":{"type":"Polygon","coordinates":[[[-99.619828,20.224273],[-99.617181,20.222682],[-99.6182,20.221816],[-99.618909,20.222248],[-99.619945,20.223072],[-99.620338,20.223384],[-99.619828,20.224273]]]}},{"type":"Feature","properties":{"fid":"143","NOM_SEDATU":"MQ-NOP-065","Folio Electrónico":"En investigación","nombre":"MQ-NOP-065"},"geometry":{"type":"Polygon","coordinates":[[[-99.617636,20.219602],[-99.619389,20.220838],[-99.619408,20.220897],[-99.618909,20.222248],[-99.617441,20.221333],[-99.617636,20.219602]]]}},{"type":"Feature","properties":{"fid":"142","NOM_SEDATU":"MQ-NOP-064","Folio Electrónico":"En investigación","nombre":"MQ-NOP-064"},"geometry":{"type":"Polygon","coordinates":[[[-99.616279,20.220917],[-99.6182,20.221816],[-99.617181,20.222682],[-99.616756,20.223044],[-99.615627,20.222461],[-99.616279,20.220917]]]}},{"type":"Feature","properties":{"fid":"146","NOM_SEDATU":"MQ-NOP-063","Folio Electrónico":"En investigación","nombre":"MQ-NOP-063"},"geometry":{"type":"Polygon","coordinates":[[[-99.615917,20.224276],[-99.613528,20.223309],[-99.614439,20.221894],[-99.61471,20.222014],[-99.615627,20.222461],[-99.616756,20.223044],[-99.615917,20.224276]]]}},{"type":"Feature","properties":{"fid":"145","NOM_SEDATU":"MQ-NOP-062","Folio Electrónico":"En investigación","nombre":"MQ-NOP-062"},"geometry":{"type":"Polygon","coordinates":[[[-99.615627,20.222461],[-99.614439,20.221894],[-99.614104,20.221734],[-99.613289,20.221461],[-99.613946,20.21989],[-99.616279,20.220917],[-99.615627,20.222461]]]}},{"type":"Feature","properties":{"fid":"147","NOM_SEDATU":"MQ-NOP-061","Folio Electrónico":"En investigación","nombre":"MQ-NOP-061"},"geometry":{"type":"Polygon","coordinates":[[[-99.613528,20.223309],[-99.613236,20.223207],[-99.61321,20.22235],[-99.612914,20.222266],[-99.613289,20.221461],[-99.613644,20.221577],[-99.614104,20.221734],[-99.614439,20.221894],[-99.613528,20.223309]]]}},{"type":"Feature","properties":{"fid":"141","NOM_SEDATU":"MQ-NOP-060","Folio Electrónico":"En investigación","nombre":"MQ-NOP-060"},"geometry":{"type":"Polygon","coordinates":[[[-99.613289,20.221461],[-99.612914,20.222266],[-99.611157,20.221824],[-99.611185,20.22097],[-99.613289,20.221461]]]}},{"type":"Feature","properties":{"fid":"139","NOM_SEDATU":"MQ-NOP-059","Folio Electrónico":"En investigación","nombre":"MQ-NOP-059"},"geometry":{"type":"Polygon","coordinates":[[[-99.611001,20.222444],[-99.610266,20.222304],[-99.610355,20.22198],[-99.610444,20.221656],[-99.610428,20.221292],[-99.610446,20.220857],[-99.610464,20.220422],[-99.61112,20.220299],[-99.611082,20.221505],[-99.611001,20.222444]]]}},{"type":"Feature","properties":{"fid":"140","NOM_SEDATU":"MQ-NOP-058","Folio Electrónico":"En investigación","nombre":"MQ-NOP-058"},"geometry":{"type":"Polygon","coordinates":[[[-99.610139,20.220552],[-99.610464,20.220422],[-99.610446,20.220857],[-99.610428,20.221292],[-99.610444,20.221656],[-99.610355,20.22198],[-99.610266,20.222304],[-99.608903,20.22207],[-99.60898,20.220903],[-99.610139,20.220552]]]}},{"type":"Feature","properties":{"fid":"136","NOM_SEDATU":"MQ-NOP-057","Folio Electrónico":"En investigación","nombre":"MQ-NOP-057"},"geometry":{"type":"Polygon","coordinates":[[[-99.608903,20.22207],[-99.607791,20.221968],[-99.607612,20.221241],[-99.607576,20.221064],[-99.608995,20.220673],[-99.60898,20.220903],[-99.608903,20.22207]]]}},{"type":"Feature","properties":{"fid":"138","NOM_SEDATU":"MQ-NOP-055","Folio Electrónico":"En investigación","nombre":"MQ-NOP-055"},"geometry":{"type":"Polygon","coordinates":[[[-99.607528,20.221025],[-99.607482,20.221032],[-99.607447,20.221014],[-99.607049,20.220502],[-99.607049,20.22041],[-99.607555,20.220329],[-99.607568,20.221001],[-99.60756,20.221015],[-99.607528,20.221025]]]}},{"type":"Feature","properties":{"fid":"131","NOM_SEDATU":"MQ-NOP-054","Folio Electrónico":"En investigación","nombre":"MQ-NOP-054"},"geometry":{"type":"Polygon","coordinates":[[[-99.607727,20.221936],[-99.606208,20.221795],[-99.604758,20.22162],[-99.604707,20.221411],[-99.605093,20.221354],[-99.605956,20.221228],[-99.606929,20.221085],[-99.607407,20.221027],[-99.607518,20.221151],[-99.607727,20.221936]]]}},{"type":"Feature","properties":{"fid":"135","NOM_SEDATU":"MQ-NOP-053","Folio Electrónico":"En investigación","nombre":"MQ-NOP-053"},"geometry":{"type":"Polygon","coordinates":[[[-99.605967,20.220158],[-99.605898,20.218856],[-99.606427,20.218986],[-99.606617,20.219851],[-99.606852,20.220356],[-99.607407,20.221027],[-99.605956,20.221228],[-99.605967,20.220158]]]}},{"type":"Feature","properties":{"fid":"132","NOM_SEDATU":"MQ-NOP-052","Folio Electrónico":"En investigación","nombre":"MQ-NOP-052"},"geometry":{"type":"Polygon","coordinates":[[[-99.605956,20.221228],[-99.605093,20.221354],[-99.605034,20.220454],[-99.605967,20.220158],[-99.605956,20.221228]]]}},{"type":"Feature","properties":{"fid":"133","NOM_SEDATU":"MQ-NOP-051","Folio Electrónico":"En investigación","nombre":"MQ-NOP-051"},"geometry":{"type":"Polygon","coordinates":[[[-99.605093,20.221354],[-99.604707,20.221411],[-99.604543,20.220969],[-99.605034,20.220454],[-99.605093,20.221354]]]}},{"type":"Feature","properties":{"fid":"134","NOM_SEDATU":"MQ-NOP-050","Folio Electrónico":"En investigación","nombre":"MQ-NOP-050"},"geometry":{"type":"Polygon","coordinates":[[[-99.604543,20.220969],[-99.60425,20.219665],[-99.605148,20.219772],[-99.605212,20.220083],[-99.605034,20.220454],[-99.604543,20.220969]]]}},{"type":"Feature","properties":{"fid":"130","NOM_SEDATU":"MQ-NOP-049","Folio Electrónico":"En investigación","nombre":"MQ-NOP-049"},"geometry":{"type":"Polygon","coordinates":[[[-99.604269,20.220428],[-99.602989,20.220522],[-99.60285,20.220121],[-99.602635,20.219543],[-99.602964,20.219694],[-99.60338,20.219744],[-99.603694,20.219677],[-99.603826,20.219658],[-99.604059,20.219646],[-99.604269,20.220428]]]}},{"type":"Feature","properties":{"fid":"129","NOM_SEDATU":"MQ-NOP-048","Folio Electrónico":"En investigación","nombre":"MQ-NOP-048"},"geometry":{"type":"Polygon","coordinates":[[[-99.604637,20.221551],[-99.603604,20.221389],[-99.602038,20.221219],[-99.60189,20.220686],[-99.602989,20.220522],[-99.604269,20.220428],[-99.604637,20.221551]]]}},{"type":"Feature","properties":{"fid":"127","NOM_SEDATU":"MQ-NOP-047","Folio Electrónico":"En investigación","nombre":"MQ-NOP-047"},"geometry":{"type":"Polygon","coordinates":[[[-99.602989,20.220522],[-99.60189,20.220686],[-99.601831,20.220507],[-99.601543,20.220522],[-99.601414,20.220181],[-99.60122,20.219361],[-99.601655,20.219352],[-99.601935,20.219414],[-99.602192,20.219354],[-99.602635,20.219543],[-99.602989,20.220522]]]}},{"type":"Feature","properties":{"fid":"126","NOM_SEDATU":"MQ-NOP-045","Folio Electrónico":"En investigación","nombre":"MQ-NOP-045"},"geometry":{"type":"Polygon","coordinates":[[[-99.601414,20.220181],[-99.600893,20.220138],[-99.600689,20.219324],[-99.60122,20.219361],[-99.601414,20.220181]]]}},{"type":"Feature","properties":{"fid":"124","NOM_SEDATU":"MQ-NOP-044","Folio Electrónico":"En investigación","nombre":"MQ-NOP-044"},"geometry":{"type":"Polygon","coordinates":[[[-99.599284,20.220397],[-99.599236,20.220186],[-99.599113,20.219646],[-99.599431,20.219589],[-99.600657,20.219484],[-99.600814,20.220157],[-99.600266,20.220145],[-99.599889,20.220216],[-99.599568,20.220349],[-99.599284,20.220397]]]}},{"type":"Feature","properties":{"fid":"121","NOM_SEDATU":"MQ-NOP-043","Folio Electrónico":"En investigación","nombre":"MQ-NOP-043"},"geometry":{"type":"Polygon","coordinates":[[[-99.600661,20.219458],[-99.600657,20.219484],[-99.599431,20.219589],[-99.599113,20.219646],[-99.598092,20.219827],[-99.59805,20.219835],[-99.597987,20.219508],[-99.59801,20.219503],[-99.598159,20.219474],[-99.598283,20.21945],[-99.598644,20.21938],[-99.599301,20.219253],[-99.600532,20.219091],[-99.600661,20.219458]]]}},{"type":"Feature","properties":{"fid":"122","NOM_SEDATU":"MQ-NOP-042","Folio Electrónico":"En investigación","nombre":"MQ-NOP-042"},"geometry":{"type":"Polygon","coordinates":[[[-99.600532,20.219091],[-99.599301,20.219253],[-99.599059,20.2193],[-99.598644,20.21938],[-99.598283,20.21945],[-99.598159,20.219474],[-99.59801,20.219503],[-99.597964,20.219187],[-99.598317,20.219118],[-99.598405,20.2191],[-99.598595,20.219058],[-99.598736,20.219026],[-99.598896,20.218991],[-99.599104,20.218944],[-99.599231,20.218929],[-99.600457,20.218785],[-99.600532,20.219091]]]}},{"type":"Feature","properties":{"fid":"125","NOM_SEDATU":"MQ-NOP-041","Folio Electrónico":"En investigación","nombre":"MQ-NOP-041"},"geometry":{"type":"Polygon","coordinates":[[[-99.599151,20.2202],[-99.598199,20.220285],[-99.598092,20.219827],[-99.599113,20.219646],[-99.599236,20.220186],[-99.599151,20.2202]]]}},{"type":"Feature","properties":{"fid":"123","NOM_SEDATU":"MQ-NOP-040","Folio Electrónico":"En investigación","nombre":"MQ-NOP-040"},"geometry":{"type":"Polygon","coordinates":[[[-99.599231,20.218929],[-99.599104,20.218944],[-99.598896,20.218991],[-99.598736,20.219026],[-99.598595,20.219058],[-99.598317,20.219118],[-99.597964,20.219187],[-99.597936,20.219111],[-99.597921,20.218951],[-99.599218,20.218864],[-99.599231,20.218929]]]}},{"type":"Feature","properties":{"fid":"119","NOM_SEDATU":"MQ-NOP-039","Folio Electrónico":"En investigación","nombre":"MQ-NOP-039"},"geometry":{"type":"Polygon","coordinates":[[[-99.596536,20.218929],[-99.597879,20.218946],[-99.597987,20.219508],[-99.59805,20.219835],[-99.59822,20.220723],[-99.59718,20.220603],[-99.596757,20.220553],[-99.595993,20.220476],[-99.59602,20.220326],[-99.596055,20.220141],[-99.596141,20.219842],[-99.596199,20.219543],[-99.596259,20.219345],[-99.596367,20.219157],[-99.596536,20.218929]]]}},{"type":"Feature","properties":{"fid":"120","NOM_SEDATU":"MQ-NOP-038","Folio Electrónico":"En investigación","nombre":"MQ-NOP-038"},"geometry":{"type":"Polygon","coordinates":[[[-99.597879,20.218946],[-99.596536,20.218929],[-99.596441,20.218904],[-99.596256,20.218855],[-99.596069,20.218816],[-99.595905,20.218781],[-99.595919,20.218525],[-99.596214,20.218486],[-99.59653,20.218387],[-99.59683,20.218247],[-99.597217,20.218147],[-99.597893,20.217985],[-99.597911,20.21867],[-99.597879,20.218946]]]}},{"type":"Feature","properties":{"fid":"118","NOM_SEDATU":"MQ-NOP-037","Folio Electrónico":"En investigación","nombre":"MQ-NOP-037"},"geometry":{"type":"Polygon","coordinates":[[[-99.596256,20.218855],[-99.596441,20.218904],[-99.596536,20.218929],[-99.596367,20.219157],[-99.596259,20.219345],[-99.596199,20.219543],[-99.596141,20.219842],[-99.596055,20.220141],[-99.59602,20.220326],[-99.595993,20.220476],[-99.595269,20.220372],[-99.595234,20.220166],[-99.595152,20.219732],[-99.595008,20.2193],[-99.594908,20.218793],[-99.594979,20.2188],[-99.595905,20.218781],[-99.596256,20.218855]]]}},{"type":"Feature","properties":{"fid":"76","NOM_SEDATU":"MQ-NOP-036","Folio Electrónico":"En investigación","nombre":"MQ-NOP-036"},"geometry":{"type":"Polygon","coordinates":[[[-99.594491,20.218761],[-99.594408,20.217981],[-99.594539,20.217922],[-99.594671,20.217863],[-99.595905,20.217317],[-99.595987,20.217296],[-99.595923,20.218451],[-99.595919,20.218525],[-99.595905,20.218781],[-99.595558,20.218786],[-99.594979,20.2188],[-99.594908,20.218793],[-99.594837,20.218785],[-99.594491,20.218761]]]}},{"type":"Feature","properties":{"fid":"115","NOM_SEDATU":"MQ-NOP-033","Folio Electrónico":"En investigación","nombre":"MQ-NOP-033"},"geometry":{"type":"Polygon","coordinates":[[[-99.594491,20.218761],[-99.5939,20.219009],[-99.593794,20.218261],[-99.593949,20.218191],[-99.594408,20.217981],[-99.594491,20.218761]]]}},{"type":"Feature","properties":{"fid":"114","NOM_SEDATU":"MQ-NOP-032","Folio Electrónico":"En investigación","nombre":"MQ-NOP-032"},"geometry":{"type":"Polygon","coordinates":[[[-99.593661,20.219469],[-99.593511,20.219426],[-99.5933,20.21934],[-99.593062,20.219199],[-99.592881,20.21859],[-99.592929,20.218529],[-99.593107,20.218334],[-99.593276,20.218127],[-99.593351,20.218051],[-99.593405,20.218021],[-99.593505,20.218015],[-99.593569,20.218062],[-99.593613,20.218113],[-99.593666,20.218175],[-99.593794,20.218261],[-99.593915,20.219322],[-99.593921,20.21945],[-99.593661,20.219469]]]}},{"type":"Feature","properties":{"fid":"113","NOM_SEDATU":"MQ-NOP-031","Folio Electrónico":"En investigación","nombre":"MQ-NOP-031"},"geometry":{"type":"Polygon","coordinates":[[[-99.593771,20.218146],[-99.593714,20.218117],[-99.593658,20.218033],[-99.593555,20.217967],[-99.593455,20.217962],[-99.593354,20.217958],[-99.593274,20.218033],[-99.593239,20.218065],[-99.593064,20.218261],[-99.592896,20.218489],[-99.592389,20.218688],[-99.592757,20.216322],[-99.594167,20.216644],[-99.593969,20.217395],[-99.593771,20.218146]]]}},{"type":"Feature","properties":{"fid":"67","NOM_SEDATU":"MQ-NOP-030","Folio Electrónico":"En investigación","nombre":"MQ-NOP-030"},"geometry":{"type":"Polygon","coordinates":[[[-99.590674,20.217262],[-99.590865,20.216127],[-99.591015,20.216022],[-99.591111,20.216037],[-99.592422,20.216092],[-99.592406,20.216237],[-99.592757,20.216322],[-99.592389,20.218688],[-99.5909,20.218578],[-99.590674,20.217262]]]}},{"type":"Feature","properties":{"fid":"71","NOM_SEDATU":"MQ-NOP-029","Folio Electrónico":"En investigación","nombre":"MQ-NOP-029"},"geometry":{"type":"Polygon","coordinates":[[[-99.587926,20.215872],[-99.590676,20.215919],[-99.590405,20.216931],[-99.590579,20.217947],[-99.5907,20.218621],[-99.590993,20.219542],[-99.59028,20.219963],[-99.589009,20.219761],[-99.587926,20.215872]]]}},{"type":"Feature","properties":{"fid":"112","NOM_SEDATU":"MQ-NOP-028","Folio Electrónico":"En investigación","nombre":"MQ-NOP-028"},"geometry":{"type":"Polygon","coordinates":[[[-99.587188,20.214296],[-99.587771,20.215895],[-99.588624,20.218545],[-99.58605,20.218969],[-99.586302,20.217969],[-99.586239,20.217497],[-99.586259,20.217367],[-99.586415,20.217069],[-99.586452,20.21686],[-99.586244,20.216264],[-99.585711,20.214543],[-99.587188,20.214296]]]}},{"type":"Feature","properties":{"fid":"111","NOM_SEDATU":"MQ-NOP-027","Folio Electrónico":"En investigación","nombre":"MQ-NOP-027"},"geometry":{"type":"Polygon","coordinates":[[[-99.586415,20.217069],[-99.585573,20.216942],[-99.585275,20.216156],[-99.586241,20.216257],[-99.586452,20.21686],[-99.586415,20.217069]]]}},{"type":"Feature","properties":{"fid":"70","NOM_SEDATU":"MQ-NOP-026","Folio Electrónico":"En investigación","nombre":"MQ-NOP-026"},"geometry":{"type":"Polygon","coordinates":[[[-99.585104,20.217745],[-99.584137,20.214841],[-99.585711,20.214543],[-99.586241,20.216257],[-99.585275,20.216156],[-99.585615,20.217081],[-99.585104,20.217745]]]}},{"type":"Feature","properties":{"fid":"107","NOM_SEDATU":"MQ-NOP-025","Folio Electrónico":"En investigación","nombre":"MQ-NOP-025"},"geometry":{"type":"Polygon","coordinates":[[[-99.584137,20.214841],[-99.584241,20.2152],[-99.584734,20.21664],[-99.583992,20.21668],[-99.583868,20.216443],[-99.583525,20.215894],[-99.583269,20.215563],[-99.582989,20.215339],[-99.582657,20.215138],[-99.582739,20.215118],[-99.582993,20.215067],[-99.584137,20.214841]]]}},{"type":"Feature","properties":{"fid":"109","NOM_SEDATU":"MQ-NOP-024","Folio Electrónico":"En investigación","nombre":"MQ-NOP-024"},"geometry":{"type":"Polygon","coordinates":[[[-99.583992,20.21668],[-99.582869,20.21663],[-99.582651,20.216682],[-99.582215,20.216735],[-99.581648,20.216332],[-99.581713,20.215406],[-99.581649,20.215292],[-99.582525,20.21516],[-99.582657,20.215138],[-99.582989,20.215339],[-99.583269,20.215563],[-99.583525,20.215894],[-99.583868,20.216443],[-99.583992,20.21668]]]}},{"type":"Feature","properties":{"fid":"73","NOM_SEDATU":"MQ-NOP-023","Folio Electrónico":"En investigación","nombre":"MQ-NOP-023"},"geometry":{"type":"Polygon","coordinates":[[[-99.582494,20.21352],[-99.582993,20.215067],[-99.582525,20.21516],[-99.582028,20.213624],[-99.582494,20.21352]]]}},{"type":"Feature","properties":{"fid":"108","NOM_SEDATU":"MQ-NOP-022","Folio Electrónico":"En investigación","nombre":"MQ-NOP-022"},"geometry":{"type":"Polygon","coordinates":[[[-99.582525,20.21516],[-99.581649,20.215292],[-99.581468,20.214855],[-99.581316,20.214421],[-99.580664,20.212385],[-99.581522,20.212132],[-99.582028,20.213624],[-99.582525,20.21516]]]}},{"type":"Feature","properties":{"fid":"106","NOM_SEDATU":"MQ-NOP-021","Folio Electrónico":"En investigación","nombre":"MQ-NOP-021"},"geometry":{"type":"Polygon","coordinates":[[[-99.581468,20.214855],[-99.580616,20.214809],[-99.580142,20.214768],[-99.580159,20.214673],[-99.580141,20.214499],[-99.580127,20.214409],[-99.580072,20.214284],[-99.580662,20.214314],[-99.581316,20.214421],[-99.581468,20.214855]]]}},{"type":"Feature","properties":{"fid":"110","NOM_SEDATU":"MQ-NOP-020","Folio Electrónico":"En investigación","nombre":"MQ-NOP-020"},"geometry":{"type":"Polygon","coordinates":[[[-99.581649,20.215292],[-99.580307,20.215295],[-99.579997,20.215209],[-99.57985,20.215119],[-99.579839,20.214988],[-99.579835,20.214788],[-99.580141,20.214774],[-99.580142,20.214768],[-99.580616,20.214809],[-99.580943,20.214827],[-99.58115,20.214838],[-99.581468,20.214855],[-99.581649,20.215292]]]}},{"type":"Feature","properties":{"fid":"104","NOM_SEDATU":"MQ-NOP-019","Folio Electrónico":"En investigación","nombre":"MQ-NOP-019"},"geometry":{"type":"Polygon","coordinates":[[[-99.579977,20.214294],[-99.579459,20.214283],[-99.579129,20.214345],[-99.578907,20.213484],[-99.579658,20.2128],[-99.579842,20.212893],[-99.579935,20.21314],[-99.58,20.213355],[-99.579957,20.21351],[-99.580046,20.213638],[-99.580056,20.213725],[-99.580057,20.213902],[-99.580085,20.21405],[-99.580089,20.214207],[-99.580072,20.214284],[-99.579977,20.214294]]]}},{"type":"Feature","properties":{"fid":"105","NOM_SEDATU":"MQ-NOP-018","Folio Electrónico":"En investigación","nombre":"MQ-NOP-018"},"geometry":{"type":"Polygon","coordinates":[[[-99.580141,20.214774],[-99.579196,20.21482],[-99.578318,20.215055],[-99.578128,20.215113],[-99.578018,20.21475],[-99.577934,20.214383],[-99.578907,20.213484],[-99.579129,20.214345],[-99.579459,20.214283],[-99.579783,20.21429],[-99.580072,20.214284],[-99.580127,20.214409],[-99.580141,20.214499],[-99.580159,20.214673],[-99.580141,20.214774]]]}},{"type":"Feature","properties":{"fid":"103","NOM_SEDATU":"MQ-NOP-017","Folio Electrónico":"En investigación","nombre":"MQ-NOP-017"},"geometry":{"type":"Polygon","coordinates":[[[-99.574525,20.213287],[-99.575008,20.213266],[-99.575401,20.21317],[-99.575512,20.213143],[-99.575705,20.212907],[-99.575804,20.212788],[-99.575834,20.212683],[-99.576076,20.212766],[-99.576843,20.212937],[-99.577827,20.212895],[-99.578661,20.212738],[-99.579924,20.212435],[-99.578821,20.213465],[-99.578348,20.213705],[-99.577462,20.213905],[-99.577288,20.213931],[-99.57626,20.213854],[-99.575947,20.213911],[-99.575497,20.213784],[-99.574525,20.213287]]]}},{"type":"Feature","properties":{"fid":"63","NOM_SEDATU":"MQ-NOP-015","Folio Electrónico":"En investigación","nombre":"MQ-NOP-015"},"geometry":{"type":"Polygon","coordinates":[[[-99.576854,20.214485],[-99.57626,20.213854],[-99.576599,20.213877],[-99.576599,20.213877],[-99.576599,20.213877],[-99.576599,20.213877],[-99.576599,20.213877],[-99.576599,20.213877],[-99.576599,20.213877],[-99.576599,20.213877],[-99.576599,20.213876],[-99.576599,20.213876],[-99.576599,20.213876],[-99.5766,20.213876],[-99.5766,20.213876],[-99.5766,20.213876],[-99.5766,20.213876],[-99.5766,20.213876],[-99.5766,20.213876],[-99.5766,20.213876],[-99.5766,20.213876],[-99.5766,20.213876],[-99.576601,20.213876],[-99.576601,20.213876],[-99.576601,20.213876],[-99.576601,20.213876],[-99.576601,20.213876],[-99.576601,20.213876],[-99.576601,20.213876],[-99.576602,20.213876],[-99.576602,20.213876],[-99.576602,20.213876],[-99.576602,20.213876],[-99.576602,20.213876],[-99.576602,20.213876],[-99.576602,20.213876],[-99.576602,20.213876],[-99.576602,20.213876],[-99.576602,20.213876],[-99.576602,20.213877],[-99.576603,20.213877],[-99.576603,20.213877],[-99.576603,20.213877],[-99.576603,20.213877],[-99.576603,20.213877],[-99.576603,20.213877],[-99.576603,20.213877],[-99.576603,20.213877],[-99.576603,20.213878],[-99.57702,20.213908],[-99.57702,20.213908],[-99.57702,20.213908],[-99.57702,20.213908],[-99.57702,20.213908],[-99.57702,20.213908],[-99.57702,20.213908],[-99.57702,20.213908],[-99.57702,20.213908],[-99.57702,20.213907],[-99.57702,20.213907],[-99.57702,20.213907],[-99.577021,20.213907],[-99.577021,20.213907],[-99.577021,20.213907],[-99.577021,20.213907],[-99.577021,20.213907],[-99.577021,20.213907],[-99.577021,20.213907],[-99.577021,20.213907],[-99.577022,20.213907],[-99.577022,20.213907],[-99.577022,20.213907],[-99.577022,20.213907],[-99.577022,20.213907],[-99.577022,20.213907],[-99.577022,20.213907],[-99.577022,20.213907],[-99.577023,20.213907],[-99.577023,20.213907],[-99.577023,20.213907],[-99.577023,20.213907],[-99.577023,20.213907],[-99.577023,20.213907],[-99.577023,20.213907],[-99.577023,20.213907],[-99.577023,20.213908],[-99.577023,20.213908],[-99.577023,20.213908],[-99.577024,20.213908],[-99.577024,20.213908],[-99.577024,20.213908],[-99.577024,20.213908],[-99.577024,20.213908],[-99.577024,20.213908],[-99.577024,20.213909],[-99.577024,20.213909],[-99.577024,20.213909],[-99.577293,20.213931],[-99.577293,20.213931],[-99.577293,20.213931],[-99.577293,20.213931],[-99.577293,20.213931],[-99.577293,20.213931],[-99.577293,20.21393],[-99.577293,20.21393],[-99.577293,20.21393],[-99.577293,20.21393],[-99.577293,20.21393],[-99.577293,20.21393],[-99.577294,20.21393],[-99.577294,20.21393],[-99.577294,20.21393],[-99.577294,20.21393],[-99.577294,20.21393],[-99.577294,20.21393],[-99.577294,20.21393],[-99.577294,20.213929],[-99.577295,20.213929],[-99.577295,20.213929],[-99.577295,20.213929],[-99.577295,20.213929],[-99.577295,20.213929],[-99.577295,20.21393],[-99.577295,20.21393],[-99.577295,20.21393],[-99.577296,20.21393],[-99.577296,20.21393],[-99.577296,20.21393],[-99.577296,20.21393],[-99.577296,20.21393],[-99.577296,20.21393],[-99.577296,20.21393],[-99.577296,20.21393],[-99.577296,20.21393],[-99.577296,20.21393],[-99.577297,20.21393],[-99.577297,20.213931],[-99.577297,20.213931],[-99.577297,20.213931],[-99.577297,20.213931],[-99.577297,20.213931],[-99.577462,20.213905],[-99.577462,20.213905],[-99.577462,20.213905],[-99.577462,20.213905],[-99.577462,20.213905],[-99.577462,20.213905],[-99.577463,20.213905],[-99.577463,20.213905],[-99.577463,20.213906],[-99.577463,20.213906],[-99.577463,20.213906],[-99.576854,20.214485]]]}},{"type":"Feature","properties":{"fid":"72","NOM_SEDATU":"MQ-NOP-016","Folio Electrónico":"En investigación","nombre":"MQ-NOP-016"},"geometry":{"type":"Polygon","coordinates":[[[-99.576483,20.215587],[-99.576175,20.215233],[-99.577486,20.213995],[-99.578348,20.213705],[-99.578364,20.213789],[-99.576483,20.215587]]]}},{"type":"Feature","properties":{"fid":"102","NOM_SEDATU":"MQ-NOP-014","Folio Electrónico":"En investigación","nombre":"MQ-NOP-014"},"geometry":{"type":"Polygon","coordinates":[[[-99.575804,20.212788],[-99.575512,20.213143],[-99.575008,20.213266],[-99.574525,20.213287],[-99.573419,20.212796],[-99.572806,20.212772],[-99.572138,20.212633],[-99.571865,20.212402],[-99.571523,20.212262],[-99.571087,20.212045],[-99.570827,20.211762],[-99.570757,20.211325],[-99.570717,20.211018],[-99.570649,20.210952],[-99.5703,20.210613],[-99.570201,20.210516],[-99.569852,20.210176],[-99.569267,20.209607],[-99.569022,20.209288],[-99.568729,20.208805],[-99.568436,20.208175],[-99.568947,20.208013],[-99.569554,20.209199],[-99.569971,20.209699],[-99.571404,20.210363],[-99.572475,20.210868],[-99.573288,20.211277],[-99.57453,20.212057],[-99.575834,20.212683],[-99.575804,20.212788]]]}},{"type":"Feature","properties":{"fid":"74","NOM_SEDATU":"MQ-NOP-013","Folio Electrónico":"En investigación","nombre":"MQ-NOP-013"},"geometry":{"type":"Polygon","coordinates":[[[-99.568698,20.212394],[-99.567487,20.210482],[-99.56733,20.209887],[-99.569267,20.209607],[-99.570717,20.211018],[-99.570544,20.21104],[-99.570397,20.211277],[-99.570222,20.211359],[-99.569896,20.211363],[-99.569563,20.211322],[-99.569493,20.211191],[-99.569373,20.211146],[-99.569398,20.211035],[-99.569419,20.211016],[-99.569484,20.210927],[-99.569451,20.210865],[-99.569452,20.210837],[-99.569387,20.210813],[-99.569335,20.210934],[-99.569262,20.211104],[-99.569237,20.211138],[-99.569184,20.211321],[-99.569188,20.211497],[-99.569209,20.211607],[-99.569222,20.211733],[-99.569228,20.211859],[-99.569218,20.212058],[-99.569154,20.212249],[-99.568698,20.212394]]]}},{"type":"Feature","properties":{"fid":"75","NOM_SEDATU":"MQ-NOP-012","Folio Electrónico":"En investigación","nombre":"MQ-NOP-012"},"geometry":{"type":"Polygon","coordinates":[[[-99.569188,20.211497],[-99.567791,20.20982],[-99.568337,20.209741],[-99.569335,20.210934],[-99.569262,20.211104],[-99.569237,20.211138],[-99.569184,20.211321],[-99.569188,20.211497],[-99.569188,20.211497]]]}},{"type":"Feature","properties":{"fid":"99","NOM_SEDATU":"MQ-NOP-011","Folio Electrónico":"En investigación","nombre":"MQ-NOP-011"},"geometry":{"type":"Polygon","coordinates":[[[-99.569267,20.209607],[-99.56733,20.209887],[-99.567293,20.209596],[-99.566997,20.208844],[-99.566983,20.208803],[-99.566871,20.208597],[-99.568436,20.208175],[-99.568729,20.208805],[-99.569022,20.209288],[-99.569267,20.209607]]]}},{"type":"Feature","properties":{"fid":"98","NOM_SEDATU":"MQ-NOP-010","Folio Electrónico":"En investigación","nombre":"MQ-NOP-010"},"geometry":{"type":"Polygon","coordinates":[[[-99.56707,20.21081],[-99.566675,20.210491],[-99.566784,20.210239],[-99.566892,20.210084],[-99.56697,20.209861],[-99.566975,20.209478],[-99.5669,20.20909],[-99.56678,20.208801],[-99.566655,20.208684],[-99.566749,20.208658],[-99.566871,20.208597],[-99.566983,20.208803],[-99.567045,20.20898],[-99.567293,20.209596],[-99.56733,20.209887],[-99.567338,20.210241],[-99.567374,20.210338],[-99.567411,20.210424],[-99.567303,20.210647],[-99.567115,20.210728],[-99.56707,20.21081]]]}},{"type":"Feature","properties":{"fid":"100","NOM_SEDATU":"MQ-NOP-008","Folio Electrónico":"En investigación","nombre":"MQ-NOP-008"},"geometry":{"type":"Polygon","coordinates":[[[-99.566655,20.208684],[-99.56678,20.208801],[-99.5669,20.20909],[-99.566975,20.209478],[-99.56697,20.209861],[-99.566892,20.210084],[-99.566784,20.210239],[-99.566675,20.210491],[-99.566653,20.210556],[-99.566512,20.210911],[-99.566343,20.211036],[-99.5662,20.210887],[-99.56616,20.210776],[-99.566234,20.21052],[-99.566334,20.210396],[-99.566447,20.210143],[-99.566478,20.210067],[-99.566481,20.20996],[-99.566421,20.20981],[-99.566369,20.209701],[-99.566142,20.209421],[-99.565964,20.209233],[-99.565752,20.209081],[-99.565525,20.20904],[-99.565513,20.208995],[-99.566655,20.208684]]]}},{"type":"Feature","properties":{"fid":"97","NOM_SEDATU":"MQ-NOP-007","Folio Electrónico":"En investigación","nombre":"MQ-NOP-007"},"geometry":{"type":"Polygon","coordinates":[[[-99.566749,20.208658],[-99.565049,20.209124],[-99.565044,20.208632],[-99.564828,20.208342],[-99.564643,20.208136],[-99.564771,20.20763],[-99.565674,20.207759],[-99.566274,20.208003],[-99.566663,20.208327],[-99.566871,20.208597],[-99.566749,20.208658]]]}},{"type":"Feature","properties":{"fid":"96","NOM_SEDATU":"MQ-NOP-006","Folio Electrónico":"En investigación","nombre":"MQ-NOP-006"},"geometry":{"type":"Polygon","coordinates":[[[-99.528832,20.17359],[-99.526166,20.173336],[-99.526081,20.172496],[-99.526713,20.172472],[-99.526994,20.172468],[-99.527452,20.172439],[-99.528383,20.172399],[-99.528832,20.17359]]]}},{"type":"Feature","properties":{"fid":"93","NOM_SEDATU":"MQ-NOP-005","Folio Electrónico":"En investigación","nombre":"MQ-NOP-005"},"geometry":{"type":"Polygon","coordinates":[[[-99.52598,20.171296],[-99.525905,20.170524],[-99.526238,20.170375],[-99.528137,20.170075],[-99.528175,20.170652],[-99.52849,20.170674],[-99.528455,20.171075],[-99.527808,20.171162],[-99.527547,20.171032],[-99.527305,20.171058],[-99.527065,20.171082],[-99.52653,20.171205],[-99.52598,20.171296]]]}},{"type":"Feature","properties":{"fid":"94","NOM_SEDATU":"MQ-NOP-004","Folio Electrónico":"En investigación","nombre":"MQ-NOP-004"},"geometry":{"type":"Polygon","coordinates":[[[-99.527453,20.172395],[-99.526736,20.172436],[-99.526509,20.17121],[-99.527065,20.171082],[-99.527305,20.171058],[-99.527453,20.172395]]]}},{"type":"Feature","properties":{"fid":"91","NOM_SEDATU":"MQ-NOP-002","Folio Electrónico":"En investigación","nombre":"MQ-NOP-002"},"geometry":{"type":"Polygon","coordinates":[[[-99.525663,20.168433],[-99.526528,20.168587],[-99.526531,20.169205],[-99.52773,20.169324],[-99.528099,20.169306],[-99.528334,20.169191],[-99.528488,20.169945],[-99.526238,20.170375],[-99.525905,20.170524],[-99.52553,20.170434],[-99.525575,20.169894],[-99.525663,20.168433]]]}},{"type":"Feature","properties":{"fid":"213","NOM_SEDATU":"MQ-JIL-002","Folio Electrónico":"En investigación","nombre":"MQ-JIL-002"},"geometry":{"type":"Polygon","coordinates":[[[-99.525663,20.168433],[-99.52576,20.166768],[-99.525972,20.166873],[-99.526348,20.165565],[-99.526856,20.165716],[-99.526638,20.167042],[-99.527168,20.167125],[-99.526804,20.168097],[-99.526528,20.168587],[-99.525663,20.168433]]]}},{"type":"Feature","properties":{"fid":"214","NOM_SEDATU":"MQ-JIL-001","Folio Electrónico":"En investigación","nombre":"MQ-JIL-001"},"geometry":{"type":"Polygon","coordinates":[[[-99.525846,20.165415],[-99.526348,20.165565],[-99.525972,20.166873],[-99.52576,20.166768],[-99.525846,20.165415]]]}},{"type":"Feature","properties":{"fid":"190","NOM_SEDATU":"MQ-TUL-142","Folio Electrónico":"En investigación","nombre":"MQ-TUL-142"},"geometry":{"type":"Polygon","coordinates":[[[-99.481093,20.100609],[-99.481691,20.100915],[-99.48118,20.102485],[-99.480396,20.102454],[-99.481029,20.100589],[-99.481093,20.100609]]]}},{"type":"Feature","properties":{"fid":"202","NOM_SEDATU":"MQ-TUL-154","Folio Electrónico":"En investigación","nombre":"MQ-TUL-154"},"geometry":{"type":"Polygon","coordinates":[[[-99.487151,20.108554],[-99.486825,20.108583],[-99.486334,20.108602],[-99.48708,20.107989],[-99.487151,20.108554]]]}},{"type":"Feature","properties":{"fid":"201","NOM_SEDATU":"MQ-TUL-153","Folio Electrónico":"En investigación","nombre":"MQ-TUL-153"},"geometry":{"type":"Polygon","coordinates":[[[-99.487179,20.108555],[-99.48707,20.107744],[-99.487165,20.107457],[-99.487711,20.107302],[-99.488006,20.107307],[-99.488754,20.108484],[-99.487179,20.108555]]]}},{"type":"Feature","properties":{"fid":"203","NOM_SEDATU":"MQ-TUL-152","Folio Electrónico":"En investigación","nombre":"MQ-TUL-152"},"geometry":{"type":"Polygon","coordinates":[[[-99.487072,20.107963],[-99.486571,20.108354],[-99.486381,20.108296],[-99.486557,20.107519],[-99.48701,20.107684],[-99.487072,20.107963]]]}},{"type":"Feature","properties":{"fid":"204","NOM_SEDATU":"MQ-TUL-151","Folio Electrónico":"En investigación","nombre":"MQ-TUL-151"},"geometry":{"type":"Polygon","coordinates":[[[-99.487559,20.106617],[-99.487737,20.106917],[-99.487996,20.107301],[-99.487711,20.107295],[-99.487173,20.107441],[-99.487157,20.107458],[-99.487057,20.107751],[-99.487022,20.107669],[-99.486569,20.107507],[-99.486395,20.107462],[-99.485841,20.107126],[-99.485678,20.10704],[-99.485605,20.106954],[-99.485616,20.106715],[-99.485674,20.106382],[-99.486015,20.106069],[-99.486565,20.104313],[-99.487218,20.105639],[-99.487359,20.106155],[-99.487559,20.106617]]]}},{"type":"Feature","properties":{"fid":"200","NOM_SEDATU":"MQ-TUL-150","Folio Electrónico":"En investigación","nombre":"MQ-TUL-150"},"geometry":{"type":"Polygon","coordinates":[[[-99.485543,20.106948],[-99.484734,20.10681],[-99.485058,20.10513],[-99.485276,20.105303],[-99.486071,20.105405],[-99.485951,20.106029],[-99.485654,20.10636],[-99.485577,20.106716],[-99.485581,20.106948],[-99.485543,20.106948]]]}},{"type":"Feature","properties":{"fid":"199","NOM_SEDATU":"MQ-TUL-149","Folio Electrónico":"En investigación","nombre":"MQ-TUL-149"},"geometry":{"type":"Polygon","coordinates":[[[-99.484873,20.105729],[-99.484754,20.106445],[-99.483857,20.106232],[-99.483957,20.105518],[-99.484873,20.105729]]]}},{"type":"Feature","properties":{"fid":"198","NOM_SEDATU":"MQ-TUL-148","Folio Electrónico":"En investigación","nombre":"MQ-TUL-148"},"geometry":{"type":"Polygon","coordinates":[[[-99.48489,20.105692],[-99.484223,20.105537],[-99.484323,20.10501],[-99.485014,20.10506],[-99.48489,20.105692]]]}},{"type":"Feature","properties":{"fid":"197","NOM_SEDATU":"MQ-TUL-147","Folio Electrónico":"En investigación","nombre":"MQ-TUL-147"},"geometry":{"type":"Polygon","coordinates":[[[-99.48415,20.105531],[-99.483933,20.105493],[-99.483863,20.105804],[-99.482817,20.105594],[-99.482722,20.105348],[-99.482703,20.105122],[-99.482762,20.104954],[-99.48281,20.104843],[-99.482847,20.104785],[-99.482874,20.104776],[-99.484269,20.105008],[-99.484176,20.10553],[-99.48415,20.105531]]]}},{"type":"Feature","properties":{"fid":"196","NOM_SEDATU":"MQ-TUL-146","Folio Electrónico":"En investigación","nombre":"MQ-TUL-146"},"geometry":{"type":"Polygon","coordinates":[[[-99.484954,20.104977],[-99.484293,20.104961],[-99.482964,20.104734],[-99.48272,20.104421],[-99.483208,20.103958],[-99.483641,20.104002],[-99.48408,20.103948],[-99.484954,20.104977]]]}},{"type":"Feature","properties":{"fid":"192","NOM_SEDATU":"MQ-TUL-145","Folio Electrónico":"En investigación","nombre":"MQ-TUL-145"},"geometry":{"type":"Polygon","coordinates":[[[-99.478874,20.102148],[-99.479444,20.102271],[-99.480038,20.10237],[-99.480041,20.102398],[-99.480112,20.102889],[-99.48088,20.103602],[-99.480743,20.104461],[-99.480425,20.104453],[-99.47962,20.104102],[-99.478559,20.103585],[-99.478862,20.102144],[-99.478874,20.102148]]]}},{"type":"Feature","properties":{"fid":"194","NOM_SEDATU":"MQ-TUL-144","Folio Electrónico":"En investigación","nombre":"MQ-TUL-144"},"geometry":{"type":"Polygon","coordinates":[[[-99.484147,20.101897],[-99.484728,20.102085],[-99.484945,20.102775],[-99.483981,20.102644],[-99.483541,20.103202],[-99.48396,20.103909],[-99.483641,20.104002],[-99.483208,20.103958],[-99.48272,20.104421],[-99.482925,20.104713],[-99.482887,20.104755],[-99.482584,20.104726],[-99.482486,20.104329],[-99.482614,20.104035],[-99.482499,20.103956],[-99.482353,20.103835],[-99.482554,20.102751],[-99.482406,20.102656],[-99.482606,20.101623],[-99.482657,20.101394],[-99.48278,20.101286],[-99.484147,20.101897]]]}},{"type":"Feature","properties":{"fid":"195","NOM_SEDATU":"MQ-TUL-143","Folio Electrónico":"En investigación","nombre":"MQ-TUL-143"},"geometry":{"type":"Polygon","coordinates":[[[-99.482747,20.101275],[-99.482761,20.101281],[-99.482648,20.101381],[-99.482389,20.102657],[-99.482534,20.102761],[-99.48235,20.103829],[-99.482153,20.103663],[-99.481154,20.104504],[-99.480795,20.10444],[-99.480931,20.103572],[-99.480146,20.102874],[-99.480054,20.102379],[-99.480363,20.102435],[-99.480366,20.102471],[-99.481209,20.102517],[-99.481718,20.100926],[-99.482747,20.101275]]]}},{"type":"Feature","properties":{"fid":"189","NOM_SEDATU":"MQ-TUL-141","Folio Electrónico":"En investigación","nombre":"MQ-TUL-141"},"geometry":{"type":"Polygon","coordinates":[[[-99.47741,20.100404],[-99.47911,20.100697],[-99.478931,20.100877],[-99.478915,20.101056],[-99.478921,20.101205],[-99.47881,20.102107],[-99.477227,20.101806],[-99.477383,20.100415],[-99.47741,20.100404]]]}},{"type":"Feature","properties":{"fid":"193","NOM_SEDATU":"MQ-TUL-140","Folio Electrónico":"En investigación","nombre":"MQ-TUL-140"},"geometry":{"type":"Polygon","coordinates":[[[-99.480361,20.102414],[-99.480085,20.102367],[-99.480085,20.102367],[-99.479591,20.10228],[-99.479376,20.102241],[-99.478873,20.102119],[-99.478993,20.100902],[-99.479196,20.100727],[-99.479506,20.099818],[-99.480958,20.100536],[-99.480361,20.102414]]]}},{"type":"Feature","properties":{"fid":"188","NOM_SEDATU":"MQ-TUL-139","Folio Electrónico":"En investigación","nombre":"MQ-TUL-139"},"geometry":{"type":"Polygon","coordinates":[[[-99.477167,20.101788],[-99.475742,20.101572],[-99.47599,20.100199],[-99.477308,20.100422],[-99.477167,20.101788]]]}},{"type":"Feature","properties":{"fid":"187","NOM_SEDATU":"MQ-TUL-138","Folio Electrónico":"En investigación","nombre":"MQ-TUL-138"},"geometry":{"type":"Polygon","coordinates":[[[-99.477326,20.100374],[-99.475998,20.10016],[-99.476222,20.098784],[-99.477559,20.099089],[-99.477326,20.100374]]]}},{"type":"Feature","properties":{"fid":"186","NOM_SEDATU":"MQ-TUL-137","Folio Electrónico":"En investigación","nombre":"MQ-TUL-137"},"geometry":{"type":"Polygon","coordinates":[[[-99.475951,20.100143],[-99.474437,20.099924],[-99.474617,20.098552],[-99.476165,20.098787],[-99.475951,20.100143]]]}},{"type":"Feature","properties":{"fid":"182","NOM_SEDATU":"MQ-TUL-136","Folio Electrónico":"En investigación","nombre":"MQ-TUL-136"},"geometry":{"type":"Polygon","coordinates":[[[-99.472795,20.099651],[-99.472436,20.099346],[-99.473111,20.098421],[-99.472795,20.099651]]]}},{"type":"Feature","properties":{"fid":"181","NOM_SEDATU":"MQ-TUL-135","Folio Electrónico":"En investigación","nombre":"MQ-TUL-135"},"geometry":{"type":"Polygon","coordinates":[[[-99.474382,20.099917],[-99.472818,20.099665],[-99.473157,20.098343],[-99.474552,20.098542],[-99.474382,20.099917]]]}},{"type":"Feature","properties":{"fid":"185","NOM_SEDATU":"MQ-TUL-134","Folio Electrónico":"En investigación","nombre":"MQ-TUL-134"},"geometry":{"type":"Polygon","coordinates":[[[-99.473856,20.097475],[-99.473897,20.097438],[-99.476171,20.098314],[-99.476156,20.098742],[-99.473168,20.098331],[-99.473856,20.097475]]]}},{"type":"Feature","properties":{"fid":"183","NOM_SEDATU":"MQ-TUL-133","Folio Electrónico":"En investigación","nombre":"MQ-TUL-133"},"geometry":{"type":"Polygon","coordinates":[[[-99.471936,20.096249],[-99.472681,20.096834],[-99.473214,20.097089],[-99.473192,20.097182],[-99.473236,20.097265],[-99.47302,20.098361],[-99.472289,20.099383],[-99.472073,20.099292],[-99.472154,20.099149],[-99.472268,20.098972],[-99.472069,20.098691],[-99.472038,20.098466],[-99.472038,20.098129],[-99.472085,20.098065],[-99.472172,20.097951],[-99.472217,20.097872],[-99.472228,20.097746],[-99.472194,20.097624],[-99.472074,20.097487],[-99.471912,20.097425],[-99.471645,20.09738],[-99.471613,20.097163],[-99.471821,20.096332],[-99.471936,20.096249]]]}},{"type":"Feature","properties":{"fid":"184","NOM_SEDATU":"MQ-TUL-132","Folio Electrónico":"En investigación","nombre":"MQ-TUL-132"},"geometry":{"type":"Polygon","coordinates":[[[-99.473248,20.097095],[-99.473821,20.09734],[-99.473046,20.098325],[-99.473255,20.097266],[-99.473205,20.097178],[-99.473231,20.097088],[-99.473248,20.097095]]]}},{"type":"Feature","properties":{"fid":"191","NOM_SEDATU":"MQ-TUL-131","Folio Electrónico":"En investigación","nombre":"MQ-TUL-131"},"geometry":{"type":"Polygon","coordinates":[[[-99.471582,20.097376],[-99.471505,20.097361],[-99.471279,20.097311],[-99.471125,20.097279],[-99.470958,20.097231],[-99.470795,20.097125],[-99.470678,20.096999],[-99.470543,20.096628],[-99.470475,20.09501],[-99.471217,20.095249],[-99.471921,20.096178],[-99.471806,20.096233],[-99.471766,20.096273],[-99.471765,20.096406],[-99.471633,20.096895],[-99.471575,20.097145],[-99.471591,20.097282],[-99.471582,20.097376]]]}},{"type":"Feature","properties":{"fid":"180","NOM_SEDATU":"MQ-TUL-130","Folio Electrónico":"En investigación","nombre":"MQ-TUL-130"},"geometry":{"type":"Polygon","coordinates":[[[-99.392184,20.086088],[-99.392176,20.084533],[-99.391618,20.084118],[-99.391399,20.0844],[-99.39109,20.084912],[-99.392184,20.086088]]]}},{"type":"Feature","properties":{"fid":"172","NOM_SEDATU":"MQ-TUL-129","nombre":"MQ-TUL-129"},"geometry":{"type":"Polygon","coordinates":[[[-99.379954,20.081928],[-99.380156,20.083062],[-99.380206,20.083484],[-99.380166,20.083694],[-99.379449,20.087665],[-99.374364,20.088064],[-99.3747,20.087321],[-99.375406,20.0849],[-99.375547,20.08453],[-99.376047,20.083189],[-99.377188,20.082366],[-99.379954,20.081928]]]}},{"type":"Feature","properties":{"fid":"179","NOM_SEDATU":"MQ-TUL-128","Folio Electrónico":"En investigación","nombre":"MQ-TUL-128"},"geometry":{"type":"Polygon","coordinates":[[[-99.39109,20.084912],[-99.390747,20.084523],[-99.391131,20.083799],[-99.391618,20.084118],[-99.391399,20.0844],[-99.39109,20.084912]]]}},{"type":"Feature","properties":{"fid":"171","NOM_SEDATU":"MQ-TUL-127","nombre":"MQ-TUL-127"},"geometry":{"type":"Polygon","coordinates":[[[-99.369286,20.087419],[-99.372721,20.089037],[-99.373458,20.08946],[-99.373729,20.08909],[-99.3747,20.087321],[-99.374952,20.086303],[-99.375406,20.0849],[-99.375095,20.084699],[-99.374525,20.084239],[-99.373384,20.082859],[-99.372203,20.082093],[-99.371874,20.080673],[-99.37057,20.078947],[-99.360931,20.076701],[-99.356988,20.076863],[-99.354468,20.077175],[-99.352032,20.078448],[-99.350811,20.078762],[-99.348983,20.079727],[-99.34779,20.08024],[-99.346976,20.081336],[-99.350058,20.087054],[-99.353839,20.089981],[-99.355029,20.090572],[-99.35636,20.091175],[-99.361594,20.092605],[-99.363881,20.092897],[-99.369286,20.087419]]]}},{"type":"Feature","properties":{"fid":"178","NOM_SEDATU":"MQ-TUL-126","Folio Electrónico":"En investigación","nombre":"MQ-TUL-126"},"geometry":{"type":"Polygon","coordinates":[[[-99.391131,20.083799],[-99.390747,20.084523],[-99.390452,20.084216],[-99.390721,20.083527],[-99.391131,20.083799]]]}},{"type":"Feature","properties":{"fid":"174","NOM_SEDATU":"MQ-TUL-125","Folio Electrónico":"En investigación","nombre":"MQ-TUL-125"},"geometry":{"type":"Polygon","coordinates":[[[-99.386859,20.081413],[-99.388527,20.082453],[-99.389071,20.082881],[-99.389558,20.083426],[-99.390445,20.084333],[-99.390909,20.084877],[-99.390806,20.084841],[-99.39051,20.08472],[-99.390278,20.084599],[-99.390111,20.084636],[-99.38997,20.084818],[-99.389804,20.085135],[-99.389585,20.085244],[-99.389161,20.085343],[-99.388801,20.085538],[-99.388583,20.085745],[-99.388379,20.086304],[-99.387135,20.082491],[-99.386859,20.081413]]]}},{"type":"Feature","properties":{"fid":"173","NOM_SEDATU":"MQ-TUL-124","Folio Electrónico":"En investigación","nombre":"MQ-TUL-124"},"geometry":{"type":"Polygon","coordinates":[[[-99.379648,20.086923],[-99.380206,20.083484],[-99.380193,20.082716],[-99.380276,20.082521],[-99.380597,20.082174],[-99.381207,20.081997],[-99.381779,20.081576],[-99.381926,20.081509],[-99.382116,20.081299],[-99.382459,20.081071],[-99.382507,20.081074],[-99.38263,20.081067],[-99.38279,20.080982],[-99.382893,20.080848],[-99.382982,20.080635],[-99.38303,20.080319],[-99.383103,20.080033],[-99.38305,20.079241],[-99.383848,20.079533],[-99.386695,20.081326],[-99.388212,20.08645],[-99.379648,20.086923]]]}},{"type":"Feature","properties":{"fid":"177","NOM_SEDATU":"MQ-TUL-123","Folio Electrónico":"En investigación","nombre":"MQ-TUL-123"},"geometry":{"type":"Polygon","coordinates":[[[-99.390721,20.083527],[-99.390452,20.084216],[-99.390263,20.084011],[-99.390429,20.083335],[-99.390721,20.083527]]]}},{"type":"Feature","properties":{"fid":"176","NOM_SEDATU":"MQ-TUL-122","Folio Electrónico":"En investigación","nombre":"MQ-TUL-122"},"geometry":{"type":"Polygon","coordinates":[[[-99.390417,20.08338],[-99.390263,20.084011],[-99.389895,20.083642],[-99.390026,20.083081],[-99.390429,20.083335],[-99.390417,20.08338]]]}},{"type":"Feature","properties":{"fid":"175","NOM_SEDATU":"MQ-TUL-121","Folio Electrónico":"En investigación","nombre":"MQ-TUL-121"},"geometry":{"type":"Polygon","coordinates":[[[-99.390008,20.083136],[-99.389895,20.083642],[-99.38885,20.082575],[-99.389045,20.082337],[-99.390007,20.083078],[-99.390008,20.083136]]]}},{"type":"Feature","properties":{"fid":"1111","NOM_SEDATU":"MQ-TUL-120","Folio Electrónico":"En investigación","nombre":"MQ-TUL-120"},"geometry":{"type":"Polygon","coordinates":[[[-99.430385,20.081749],[-99.430239,20.08095],[-99.430142,20.080377],[-99.430534,20.080354],[-99.430562,20.081391],[-99.430571,20.081673],[-99.430487,20.081682],[-99.430385,20.081749]]]}},{"type":"Feature","properties":{"fid":"1110","NOM_SEDATU":"MQ-TUL-119","Folio Electrónico":"En investigación","nombre":"MQ-TUL-119"},"geometry":{"type":"Polygon","coordinates":[[[-99.431121,20.081393],[-99.430562,20.081391],[-99.430539,20.080351],[-99.431147,20.08035],[-99.431157,20.080896],[-99.43118,20.081388],[-99.431121,20.081393]]]}},{"type":"Feature","properties":{"fid":"1115","NOM_SEDATU":"MQ-TUL-118","Folio Electrónico":"En investigación","nombre":"MQ-TUL-118"},"geometry":{"type":"Polygon","coordinates":[[[-99.431743,20.081378],[-99.431218,20.081361],[-99.431164,20.080353],[-99.431787,20.080354],[-99.431743,20.081378]]]}},{"type":"Feature","properties":{"fid":"1113","NOM_SEDATU":"MQ-TUL-117","Folio Electrónico":"En investigación","nombre":"MQ-TUL-117"},"geometry":{"type":"Polygon","coordinates":[[[-99.43065,20.080339],[-99.430133,20.08037],[-99.429953,20.079387],[-99.429989,20.079381],[-99.43065,20.080339]]]}},{"type":"Feature","properties":{"fid":"1112","NOM_SEDATU":"MQ-TUL-116","Folio Electrónico":"En investigación","nombre":"MQ-TUL-116"},"geometry":{"type":"Polygon","coordinates":[[[-99.431404,20.080306],[-99.431146,20.080322],[-99.43065,20.080339],[-99.429989,20.079381],[-99.430854,20.079041],[-99.43122,20.07985],[-99.431404,20.080306]]]}},{"type":"Feature","properties":{"fid":"1114","NOM_SEDATU":"MQ-TUL-115","Folio Electrónico":"En investigación","nombre":"MQ-TUL-115"},"geometry":{"type":"Polygon","coordinates":[[[-99.431404,20.080306],[-99.431371,20.080226],[-99.431341,20.080152],[-99.43118,20.079761],[-99.430916,20.079178],[-99.431779,20.079025],[-99.431786,20.080298],[-99.431404,20.080306]]]}},{"type":"Feature","properties":{"fid":"1063","NOM_SEDATU":"MQ-TUL-114","Folio Electrónico":"En investigación","nombre":"MQ-TUL-114"},"geometry":{"type":"Polygon","coordinates":[[[-99.337112,20.069919],[-99.337378,20.070199],[-99.33769,20.069841],[-99.336837,20.069626],[-99.336738,20.069763],[-99.337112,20.069919]]]}},{"type":"Feature","properties":{"fid":"1064","NOM_SEDATU":"MQ-TUL-113","Folio Electrónico":"En investigación","nombre":"MQ-TUL-113"},"geometry":{"type":"Polygon","coordinates":[[[-99.335564,20.069334],[-99.335783,20.069356],[-99.335862,20.068935],[-99.335666,20.068963],[-99.335541,20.069104],[-99.335564,20.069334]]]}},{"type":"Feature","properties":{"fid":"231","NOM_SEDATU":"MQ-TUL-047","Estatus de LDV":"No afectado","Folio Electrónico":"En investigación","nombre":"MQ-TUL-047"},"geometry":{"type":"Polygon","coordinates":[[[-99.317404,20.052895],[-99.317404,20.052917],[-99.316486,20.052831],[-99.31648,20.052045],[-99.316747,20.052073],[-99.317406,20.052798],[-99.317404,20.052895]]]}},{"type":"Feature","properties":{"fid":"235","NOM_SEDATU":"MQ-TUL-043","Folio Electrónico":"En investigación","nombre":"MQ-TUL-043"},"geometry":{"type":"Polygon","coordinates":[[[-99.31673,20.052056],[-99.316484,20.052028],[-99.316485,20.051839],[-99.316589,20.051875],[-99.31673,20.052056]]]}},{"type":"Feature","properties":{"fid":"237","NOM_SEDATU":"MQ-TUL-042","Folio Electrónico":"En investigación","nombre":"MQ-TUL-042"},"geometry":{"type":"Polygon","coordinates":[[[-99.316473,20.051761],[-99.315962,20.05173],[-99.3157,20.051657],[-99.315622,20.051626],[-99.315622,20.051551],[-99.315638,20.051376],[-99.315652,20.051192],[-99.31571,20.050749],[-99.316549,20.051733],[-99.316473,20.051761]]]}},{"type":"Feature","properties":{"PARCELA":"17 Z-1 P2/2","NÚCLEO AG":"SAN LORENZO","TIPO NÚCL":"EJIDO","MUNICIPIO":"TULA DE ALLENDE","ESTADO":"HIDALGO","SUP":"16531.027","TIPO DE PA":"PARCELAS INDIVIDUALES CON DOMINIO PLENO","CALIDAD":"EJIDATARIO (A)","DOMICILIO":"CONOCIDO, SAN LORENZO, HGO.","CURP":"GAHP450130HHGRRD06","TITULAR":"PEDRO HORACIO GARCIA HERNANDEZ","nombre":"MQ-TUL-030-15"},"geometry":{"type":"Polygon","coordinates":[[[-99.313419,20.035191],[-99.313086,20.035101],[-99.312713,20.034999],[-99.312555,20.034957],[-99.312514,20.034945],[-99.312696,20.034585],[-99.313238,20.034259],[-99.314175,20.033322],[-99.314381,20.033318],[-99.313652,20.035254],[-99.313419,20.035191]]]}},{"type":"Feature","properties":{"PARCELA":"50 Z-1 P2/2","NÚCLEO AG":"SAN LORENZO","TIPO NÚCL":"EJIDO","MUNICIPIO":"TULA DE ALLENDE","ESTADO":"HIDALGO","SUP":"17911.335","TIPO DE PA":"PARCELAS INDIVIDUALES CON DOMINIO PLENO","CALIDAD":"EJIDATARIO (A)","DOMICILIO":"CONOCIDO, SAN LORENZO, HGO.","TITULAR":"MARIA DEL CARMEN VAZQUEZ LUZ","nombre":"MQ-TUL-030-14"},"geometry":{"type":"Polygon","coordinates":[[[-99.31087,20.031526],[-99.311282,20.030796],[-99.313,20.03131],[-99.312785,20.032095],[-99.31087,20.031526]]]}},{"type":"Feature","properties":{"PARCELA":"64 Z-1 P2/2","NÚCLEO AG":"SAN LORENZO","TIPO NÚCL":"EJIDO","MUNICIPIO":"TULA DE ALLENDE","ESTADO":"HIDALGO","SUP":"20316.729","TIPO DE PA":"PARCELAS INDIVIDUALES CON DOMINIO PLENO","CALIDAD":"EJIDATARIO (A)","DOMICILIO":"CONOCIDO, SAN LORENZO, HGO.","CURP":"AEHG250324HHGNRB07","TITULAR":"JOSE GABRIEL ANGELES HERNANDEZ","nombre":"MQ-TUL-030-13"},"geometry":{"type":"Polygon","coordinates":[[[-99.310675,20.029027],[-99.31135,20.028581],[-99.313706,20.029139],[-99.313505,20.029818],[-99.310675,20.029027]]]}},{"type":"Feature","properties":{"PARCELA":"81 Z-1 P2/2","NÚCLEO AG":"SAN LORENZO","TIPO NÚCL":"EJIDO","MUNICIPIO":"TULA DE ALLENDE","ESTADO":"HIDALGO","SUP":"14385.108","TIPO DE PA":"PARCELAS INDIVIDUALES CON DOMINIO PLENO","CALIDAD":"EJIDATARIO (A)","DOMICILIO":"CONOCIDO, SAN LORENZO, HGO.","CURP":"PAAR400221HHGRYF09","TITULAR":"RAFAEL PAREDES AYALA","nombre":"MQ-TUL-030-12"},"geometry":{"type":"Polygon","coordinates":[[[-99.31135,20.028581],[-99.312063,20.028121],[-99.313867,20.028628],[-99.313706,20.029139],[-99.31135,20.028581]]]}},{"type":"Feature","properties":{"PARCELA":"86 Z-1 P2/2","NÚCLEO AG":"SAN LORENZO","TIPO NÚCL":"EJIDO","MUNICIPIO":"TULA DE ALLENDE","ESTADO":"HIDALGO","SUP":"16033.629","TIPO DE PA":"PARCELAS INDIVIDUALES CON DOMINIO PLENO","CALIDAD":"EJIDATARIO (A)","DOMICILIO":"CONOCIDO, SAN LORENZO, HGO.","CURP":"CUTF470920HHGRRS06","TITULAR":"FAUSTINO CRUZ TORRES","nombre":"MQ-TUL-030-11"},"geometry":{"type":"Polygon","coordinates":[[[-99.312066,20.028006],[-99.312338,20.027235],[-99.313516,20.027691],[-99.314056,20.027903],[-99.313916,20.028543],[-99.312066,20.028006]]]}},{"type":"Feature","properties":{"PARCELA":"102 Z-1 P2/2","NÚCLEO AG":"SAN LORENZO","TIPO NÚCL":"EJIDO","MUNICIPIO":"TULA DE ALLENDE","ESTADO":"HIDALGO","SUP":"10660.115","TIPO DE PA":"PARCELAS INDIVIDUALES CON DOMINIO PLENO","CALIDAD":"EJIDATARIO (A)","DOMICILIO":"CONOCIDO, SAN LORENZO, HGO.","CURP":"AEJL640721HHGNMR03","TITULAR":"LORENZO ANGELES JIMENEZ","nombre":"MQ-TUL-030-10"},"geometry":{"type":"Polygon","coordinates":[[[-99.312338,20.027235],[-99.312455,20.026891],[-99.313887,20.026667],[-99.313516,20.027691],[-99.312338,20.027235]]]}},{"type":"Feature","properties":{"PARCELA":"114 Z-2 P1/3","NÚCLEO AG":"IGNACIO ZARAGOZA","TIPO NÚCL":"EJIDO","MUNICIPIO":"TULA DE ALLENDE","ESTADO":"HIDALGO","SUP":"15895.282","TIPO DE PA":"PARCELAS INDIVIDUALES CON DOMINIO PLENO","CALIDAD":"EJIDATARIO (A)","DOMICILIO":"CON., IGNACIO ZARAGOZA, TULA, HGO.","CURP":"CALB771028HHGLGN01","TITULAR":"JOSE BENITO CALVA LAGUNA","nombre":"MQ-TUL-030-9"},"geometry":{"type":"Polygon","coordinates":[[[-99.313891,20.023203],[-99.312806,20.024566],[-99.31201,20.024241],[-99.313041,20.022978],[-99.313891,20.023203]]]}},{"type":"Feature","properties":{"PARCELA":"180 Z-2 P1/3","NÚCLEO AG":"IGNACIO ZARAGOZA","TIPO NÚCL":"EJIDO","MUNICIPIO":"TULA DE ALLENDE","ESTADO":"HIDALGO","SUP":"11063.882","TIPO DE PA":"PARCELAS INDIVIDUALES CON DOMINIO PLENO","CALIDAD":"EJIDATARIO (A)","DOMICILIO":"CONOCIDO, IGNACIO ZARAGOZA, TULA, HGO.","TITULAR":"ANASTASIO GARCIA HERNANDEZ","nombre":"MQ-TUL-030-8"},"geometry":{"type":"Polygon","coordinates":[[[-99.312056,20.018215],[-99.312843,20.01816],[-99.313169,20.019296],[-99.312451,20.019494],[-99.312056,20.018215]]]}},{"type":"Feature","properties":{"PARCELA":"189 Z-02 P1/3","NÚCLEO AG":"IGNACIO ZARAGOZA","TIPO NÚCL":"EJIDO","MUNICIPIO":"TULA DE ALLENDE","ESTADO":"HIDALGO","SUP":"594.86","TIPO DE PA":"PARCELAS INDIVIDUALES CON DOMINIO PLENO","CALIDAD":"EJIDATARIO (A)","DOMICILIO":"CONOCIDO, IGNACIO ZARAGOZA, TULA, HGO.","TITULAR":"ANASTASIO GARCIA HERNANDEZ","nombre":"MQ-TUL-030-7"},"geometry":{"type":"Polygon","coordinates":[[[-99.31199,20.017928],[-99.312161,20.017908],[-99.312769,20.017866],[-99.312787,20.017932],[-99.312,20.017985],[-99.31199,20.017928]]]}},{"type":"Feature","properties":{"PARCELA":"207 Z-02 P1/3","NÚCLEO AG":"IGNACIO ZARAGOZA","TIPO NÚCL":"EJIDO","MUNICIPIO":"TULA DE ALLENDE","ESTADO":"HIDALGO","SUP":"15102.773","TIPO DE PA":"PARCELAS INDIVIDUALES CON DOMINIO PLENO","CALIDAD":"EJIDATARIO (A)","DOMICILIO":"CONOCIDO, IGNACIO ZARAGOZA, TULA, HGO.","TITULAR":"APOLONIA CADENA CRUZ","nombre":"MQ-TUL-030-6"},"geometry":{"type":"Polygon","coordinates":[[[-99.309611,20.016119],[-99.309633,20.01555],[-99.310117,20.015708],[-99.310724,20.015715],[-99.311055,20.015822],[-99.311582,20.015944],[-99.31167,20.016578],[-99.31136,20.016505],[-99.310732,20.01645],[-99.309874,20.016295],[-99.309767,20.016138],[-99.309611,20.016119]]]}},{"type":"Feature","properties":{"PARCELA":"321 Z4 P1/3","NÚCLEO AG":"IGNACIO ZARAGOZA","TIPO NÚCL":"EJIDO","MUNICIPIO":"TULA DE ALLENDE","ESTADO":"HIDALGO","SUP":"108566.303","TIPO DE PA":"PARCELAS INDIVIDUALES CON DOMINIO PLENO","CALIDAD":"EJIDATARIO (A)","DOMICILIO":"CONOCIDO, IGNACIO ZARAGOZA, TULA, HGO.","CURP":"MEBE620718MHGLLG03","TITULAR":"MARIA EUGENIA MELENDEZ BALDERAS","nombre":"MQ-TUL-030-4"},"geometry":{"type":"Polygon","coordinates":[[[-99.306363,20.009009],[-99.30596,20.009035],[-99.305647,20.008696],[-99.305763,20.008669],[-99.307597,20.008873],[-99.307028,20.007358],[-99.305487,20.007801],[-99.305432,20.007664],[-99.304789,20.007767],[-99.303293,20.006146],[-99.303263,20.006113],[-99.305835,20.006072],[-99.308427,20.005992],[-99.308675,20.008964],[-99.307921,20.009025],[-99.307152,20.009165],[-99.306814,20.009083],[-99.306363,20.009009]]]}},{"type":"Feature","properties":{"PARCELA":"327 Z04 P1/3","NÚCLEO AG":"IGNACIO ZARAGOZA","TIPO NÚCL":"EJIDO","MUNICIPIO":"TULA DE ALLENDE","ESTADO":"HIDALGO","SUP":"12761.073","TIPO DE PA":"PARCELAS INDIVIDUALES CON DOMINIO PLENO","CALIDAD":"EJIDATARIO (A)","DOMICILIO":"CONOCIDO, IGNACIO ZARAGOZA, TULA, HGO.","TITULAR":"MARCIAL CHAVEZ RESENDIZ","nombre":"MQ-TUL-030-3"},"geometry":{"type":"Polygon","coordinates":[[[-99.308704,20.005883],[-99.30851,20.003648],[-99.309687,20.005847],[-99.308704,20.005883]]]}},{"type":"Feature","properties":{"PARCELA":"328 Z04 P1/3","NÚCLEO AG":"IGNACIO ZARAGOZA","TIPO NÚCL":"EJIDO","MUNICIPIO":"TULA DE ALLENDE","ESTADO":"HIDALGO","SUP":"204720.458","TIPO DE PA":"PARCELAS INDIVIDUALES CON DOMINIO PLENO","CALIDAD":"EJIDATARIO (A)","DOMICILIO":"CONOCIDO, IGNACIO ZARAGOZA, TULA, HGO.","TITULAR":"JOSEFINA MORALES REYES","nombre":"MQ-TUL-030-2"},"geometry":{"type":"Polygon","coordinates":[[[-99.306269,20.001064],[-99.307265,20.001885],[-99.307591,20.002012],[-99.308186,20.003063],[-99.308427,20.0059],[-99.305829,20.00595],[-99.303341,20.006014],[-99.303115,20.005953],[-99.302681,20.005485],[-99.306269,20.001064]]]}},{"type":"Feature","properties":{"PARCELA":"259 Z-Z P1/3","NÚCLEO AG":"IGNACIO ZARAGOZA","TIPO NÚCL":"EJIDO","MUNICIPIO":"TULA DE ALLENDE","ESTADO":"HIDALGO","SUP":"22011.546","TIPO DE PA":"PARCELAS INDIVIDUALES CON DOMINIO PLENO","CALIDAD":"EJIDATARIO (A)","DOMICILIO":"CONOCIDO, IGNACIO ZARAGOZA, TULA, HGO.","CURP":"MAPA620828HHGRCG01","TITULAR":"AGUSTIN MARTINEZ PACHECO","nombre":"MQ-TUL-030-1"},"geometry":{"type":"Polygon","coordinates":[[[-99.308295,20.002295],[-99.308098,20.002219],[-99.308028,20.002189],[-99.307591,20.002012],[-99.307265,20.001885],[-99.306269,20.001064],[-99.306756,20.00038],[-99.306824,20.000298],[-99.307177,20.000586],[-99.308018,20.001274],[-99.30821,20.001408],[-99.308231,20.001734],[-99.308337,20.002303],[-99.308295,20.002295]]]}},{"type":"Feature","properties":{"fid":"248","NOM_SEDATU":"MQ-TUL-030","Folio Electrónico":"En investigación","nombre":"MQ-TUL-030"},"geometry":{"type":"Polygon","coordinates":[[[-99.308272,20.001457],[-99.308018,20.001274],[-99.307671,20.00099],[-99.306795,20.000276],[-99.30815,19.998583],[-99.308133,19.999077],[-99.308124,19.999762],[-99.308136,20.000307],[-99.308272,20.001457]]]}},{"type":"Feature","properties":{"fid":"247","NOM_SEDATU":"MQ-TUL-029","Folio Electrónico":"En investigación","nombre":"MQ-TUL-029"},"geometry":{"type":"Polygon","coordinates":[[[-99.307658,19.998903],[-99.306824,20.000045],[-99.306596,19.999966],[-99.306392,19.99957],[-99.30611,19.999112],[-99.305947,19.9987],[-99.307251,19.998426],[-99.307658,19.998903]]]}},{"type":"Feature","properties":{"fid":"246","NOM_SEDATU":"MQ-TUL-028","Folio Electrónico":"En investigación","nombre":"MQ-TUL-028"},"geometry":{"type":"Polygon","coordinates":[[[-99.307251,19.998426],[-99.306109,19.998638],[-99.305441,19.997275],[-99.306486,19.997037],[-99.306784,19.997762],[-99.307251,19.998426]]]}},{"type":"Feature","properties":{"fid":"1045","NOM_SEDATU":"MQ-TUL-026","Folio Electrónico":"En investigación","nombre":"MQ-TUL-026"},"geometry":{"type":"Polygon","coordinates":[[[-99.306486,19.997037],[-99.305441,19.997275],[-99.305074,19.996605],[-99.305085,19.996452],[-99.305102,19.996189],[-99.306037,19.996225],[-99.306033,19.996315],[-99.306323,19.996326],[-99.306417,19.996868],[-99.306486,19.997037]]]}},{"type":"Feature","properties":{"fid":"1048","NOM_SEDATU":"MQ-TUL-021","Folio Electrónico":"En investigación","nombre":"MQ-TUL-021"},"geometry":{"type":"Polygon","coordinates":[[[-99.30696,19.992794],[-99.30696,19.992794],[-99.307033,19.99345],[-99.30725,19.994436],[-99.307469,19.99628],[-99.306037,19.996225],[-99.305102,19.996189],[-99.304436,19.993521],[-99.304304,19.992867],[-99.30696,19.992794]]]}},{"type":"Feature","properties":{"fid":"1047","NOM_SEDATU":"MQ-TUL-020","Folio Electrónico":"En investigación","nombre":"MQ-TUL-020"},"geometry":{"type":"Polygon","coordinates":[[[-99.30696,19.992794],[-99.304304,19.992867],[-99.304065,19.991403],[-99.303929,19.990634],[-99.30377,19.989767],[-99.303362,19.987826],[-99.303261,19.987473],[-99.303089,19.986792],[-99.304233,19.985968],[-99.305154,19.987077],[-99.306026,19.988733],[-99.305371,19.988881],[-99.305178,19.989764],[-99.30696,19.992794]]]}},{"type":"Feature","properties":{"fid":"1055","NOM_SEDATU":"MQ-TUL-019-1","Folio Electrónico":"En investigación","nombre":"MQ-TUL-019-1"},"geometry":{"type":"Polygon","coordinates":[[[-99.305368,19.983413],[-99.304692,19.983863],[-99.304601,19.983923],[-99.304474,19.984174],[-99.304328,19.984339],[-99.304286,19.984616],[-99.304218,19.984672],[-99.304107,19.984708],[-99.304003,19.9849],[-99.303971,19.98526],[-99.303498,19.98619],[-99.303086,19.986715],[-99.303089,19.986792],[-99.304233,19.985968],[-99.305154,19.987077],[-99.3053,19.98553],[-99.306372,19.985492],[-99.306565,19.986265],[-99.307444,19.985871],[-99.307879,19.985492],[-99.30717,19.984515],[-99.306944,19.98425],[-99.306525,19.984061],[-99.305808,19.984144],[-99.305502,19.984137],[-99.305405,19.984042],[-99.305368,19.983413]]]}},{"type":"Feature","properties":{"fid":"249","NOM_SEDATU":"MQ-TUL-019","Folio Electrónico":"En investigación","nombre":"MQ-TUL-019"},"geometry":{"type":"Polygon","coordinates":[[[-99.303086,19.986715],[-99.302479,19.984344],[-99.303341,19.983019],[-99.303385,19.983247],[-99.303468,19.983393],[-99.304236,19.984166],[-99.304601,19.983923],[-99.304474,19.984174],[-99.304328,19.984339],[-99.304286,19.984616],[-99.304218,19.984672],[-99.304107,19.984708],[-99.304003,19.9849],[-99.303971,19.98526],[-99.303498,19.98619],[-99.303086,19.986715]]]}},{"type":"Feature","properties":{"fid":"1062","NOM_SEDATU":"MQ-TUL-015","Folio Electrónico":"En investigación","nombre":"MQ-TUL-015"},"geometry":{"type":"Polygon","coordinates":[[[-99.305422,19.970144],[-99.307183,19.96936],[-99.30744,19.968803],[-99.30756,19.968111],[-99.307665,19.968103],[-99.307711,19.968182],[-99.307844,19.968591],[-99.307866,19.969626],[-99.307272,19.969706],[-99.306958,19.969809],[-99.305656,19.970101],[-99.305422,19.970144]]]}},{"type":"Feature","properties":{"SUP":"17308.545","nombre":"MQ-TEP-002-2"},"geometry":{"type":"Polygon","coordinates":[[[-99.295054,19.934275],[-99.295234,19.934649],[-99.293952,19.935279],[-99.292783,19.934577],[-99.293157,19.934414],[-99.293376,19.934343],[-99.293624,19.934287],[-99.293877,19.934279],[-99.295054,19.934275]]]}},{"type":"Feature","properties":{"fid":"271","NOM_SEDATU":"MQ-TEP-002","Folio Electrónico":"En investigación","nombre":"MQ-TEP-002"},"geometry":{"type":"Polygon","coordinates":[[[-99.292736,19.934466],[-99.292492,19.934404],[-99.292282,19.931693],[-99.29222,19.930891],[-99.293535,19.930509],[-99.294138,19.93058],[-99.295339,19.930496],[-99.29543,19.930501],[-99.29555,19.932094],[-99.295745,19.934157],[-99.294364,19.934125],[-99.293783,19.934146],[-99.293474,19.9342],[-99.29315,19.93429],[-99.292736,19.934466]]]}},{"type":"Feature","properties":{"PARCELA":"579 Z-4 P1/1","NÚCLEO AG":"MELCHOR OCAMPO ANTES EL SALTO","TIPO NÚCL":"EJIDO","MUNICIPIO":"TEPEJI DEL RÍO DE OCAMPO","ESTADO":"HIDALGO","SUP":"386.98","TIPO DE PA":"PARCELAS INDIVIDUALES CON DOMINIO PLENO","CALIDAD":"EJIDATARIO (A)","DOMICILIO":"M. OCAMPO ANTES EL SALTO, TEPEJI, HGO.","TITULAR":"ERNESTO CARDENAS TAPIA","nombre":"MQ-TEP-001-6"},"geometry":{"type":"Polygon","coordinates":[[[-99.286391,19.92179],[-99.286467,19.921778],[-99.286411,19.922359],[-99.286372,19.922419],[-99.286391,19.92179]]]}},{"type":"Feature","properties":{"PARCELA":"570 Z-4 P1/1","NÚCLEO AG":"MELCHOR OCAMPO ANTES EL SALTO","TIPO NÚCL":"EJIDO","MUNICIPIO":"TEPEJI DEL RÍO DE OCAMPO","ESTADO":"HIDALGO","SUP":"11693.812","TIPO DE PA":"PARCELAS INDIVIDUALES CON DOMINIO PLENO","CALIDAD":"EJIDATARIO (A)","DOMICILIO":"M. OCAMPO ANTES EL SALTO, TEPEJI, HGO.","TITULAR":"ERNESTO CARDENAS TAPIA","nombre":"MQ-TEP-001-5"},"geometry":{"type":"Polygon","coordinates":[[[-99.28486,19.922823],[-99.286182,19.921766],[-99.28625,19.921788],[-99.286265,19.922502],[-99.285114,19.923412],[-99.28486,19.922823]]]}},{"type":"Feature","properties":{"PARCELA":"744 Z05 P1/1","NÚCLEO AG":"MELCHOR OCAMPO ANTES EL SALTO","TIPO NÚCL":"EJIDO","MUNICIPIO":"TEPEJI DEL RÍO DE OCAMPO","ESTADO":"HIDALGO","SUP":"36237.978","TIPO DE PA":"PARCELAS INDIVIDUALES CON DOMINIO PLENO","CALIDAD":"EJIDATARIO (A)","DOMICILIO":"LUMBRERAS, EL SALTO K 43, MELCHOR O.,HGO","CURP":"AEDM780927MDFRSN08","TITULAR":"MONICA GISELA ARELLANO DIOSDADO","nombre":"MQ-TEP-001-4"},"geometry":{"type":"Polygon","coordinates":[[[-99.270851,19.901714],[-99.27126,19.901353],[-99.270956,19.900962],[-99.272639,19.899567],[-99.273033,19.900467],[-99.272373,19.901515],[-99.271586,19.902594],[-99.270851,19.901714]]]}},{"type":"Feature","properties":{"nombre":"MQ-TUL-113-1"},"geometry":{"type":"Polygon","coordinates":[[[-99.335564,20.069334],[-99.335698,20.069686],[-99.336413,20.069535],[-99.336488,20.069423],[-99.33652,20.068998],[-99.33616,20.068949],[-99.335869,20.068935],[-99.335791,20.069371],[-99.335564,20.069334]]]}},{"type":"Feature","properties":{"nombre":"MQ-TUL-114-1"},"geometry":{"type":"Polygon","coordinates":[[[-99.336859,20.069034],[-99.336521,20.069005],[-99.336478,20.069401],[-99.336956,20.069483],[-99.336859,20.069034]]]}},{"type":"Feature","properties":{"fid":"13","NOM_SEDATU":"MQ-TEP-001-3","Folio Electrónico":"En investigación","nombre":"MQ-TEP-001-3"},"geometry":{"type":"Polygon","coordinates":[[[-99.241795,19.885078],[-99.240973,19.884517],[-99.241047,19.884469],[-99.241194,19.884458],[-99.241319,19.884458],[-99.241432,19.884457],[-99.241613,19.884462],[-99.241715,19.884452],[-99.241777,19.884382],[-99.241862,19.884334],[-99.24197,19.884339],[-99.241863,19.884751],[-99.241795,19.885078]]]}},{"type":"Feature","properties":{"fid":"1053","NOM_SEDATU":"MQ-ATO-001","Folio Electrónico":"En investigación","nombre":"MQ-ATO-001"},"geometry":{"type":"Polygon","coordinates":[[[-99.233011,19.876302],[-99.233715,19.877187],[-99.235504,19.879563],[-99.236044,19.880571],[-99.23793,19.881859],[-99.238123,19.882541],[-99.236137,19.881189],[-99.235843,19.88087],[-99.234392,19.878957],[-99.2325,19.876552],[-99.233011,19.876302]]]}},{"type":"Feature","properties":{"fid":"6","NOM_SEDATU":"MQ-ATO-001-1","Folio Electrónico":"En investigación","nombre":"MQ-ATO-001-1"},"geometry":{"type":"Polygon","coordinates":[[[-99.229465,19.873918],[-99.230197,19.874458],[-99.231141,19.87524],[-99.231367,19.875493],[-99.231798,19.875991],[-99.232305,19.876674],[-99.231842,19.876876],[-99.231502,19.877093],[-99.231318,19.877187],[-99.230843,19.877473],[-99.230662,19.877285],[-99.230409,19.876932],[-99.229962,19.876329],[-99.229564,19.87592],[-99.229263,19.875715],[-99.228793,19.875248],[-99.228455,19.874864],[-99.229465,19.873918]]]}},{"type":"Feature","properties":{"fid":"1052","NOM_SEDATU":"MQ-HUE-083-14","Folio Electrónico":"En investigación","nombre":"MQ-HUE-083-14"},"geometry":{"type":"Polygon","coordinates":[[[-99.226798,19.870887],[-99.228482,19.871732],[-99.230738,19.873414],[-99.232012,19.874642],[-99.232552,19.875362],[-99.232737,19.875976],[-99.233011,19.876302],[-99.232451,19.876576],[-99.231899,19.875809],[-99.231609,19.875413],[-99.231006,19.874831],[-99.229588,19.873708],[-99.228152,19.872706],[-99.22625,19.871493],[-99.226798,19.870887]]]}},{"type":"Feature","properties":{"fid":"1051","NOM_SEDATU":"MQ-HUE-083-13","Folio Electrónico":"En investigación","nombre":"MQ-HUE-083-13"},"geometry":{"type":"Polygon","coordinates":[[[-99.222476,19.867138],[-99.223816,19.868538],[-99.226169,19.870553],[-99.226798,19.870887],[-99.22625,19.871493],[-99.225053,19.870561],[-99.223696,19.869235],[-99.222016,19.867449],[-99.222476,19.867138]]]}},{"type":"Feature","properties":{"fid":"1050","NOM_SEDATU":"MQ-HUE-083-12","Folio Electrónico":"En investigación","nombre":"MQ-HUE-083-12"},"geometry":{"type":"Polygon","coordinates":[[[-99.220153,19.863458],[-99.221283,19.864781],[-99.222395,19.866979],[-99.222476,19.867138],[-99.222016,19.867449],[-99.221356,19.866229],[-99.220401,19.864391],[-99.219949,19.863567],[-99.220153,19.863458]]]}},{"type":"Feature","properties":{"fid":"416","NOM_SEDATU":"MQ-HUE-083-7","Folio Electrónico":"En investigación","nombre":"MQ-HUE-083-7"},"geometry":{"type":"Polygon","coordinates":[[[-99.218049,19.861717],[-99.218962,19.861163],[-99.220153,19.863458],[-99.219949,19.863567],[-99.21954,19.863072],[-99.218049,19.861717]]]}},{"type":"Feature","properties":{"fid":"413","NOM_SEDATU":"MQ-HUE-083-4","Folio Electrónico":"En investigación","nombre":"MQ-HUE-083-4"},"geometry":{"type":"Polygon","coordinates":[[[-99.2176,19.861281],[-99.218048,19.861039],[-99.218292,19.861338],[-99.218557,19.861197],[-99.218634,19.861358],[-99.218049,19.861717],[-99.2176,19.861281]]]}},{"type":"Feature","properties":{"fid":"415","NOM_SEDATU":"MQ-HUE-083-6","Folio Electrónico":"En investigación","nombre":"MQ-HUE-083-6"},"geometry":{"type":"Polygon","coordinates":[[[-99.217471,19.861853],[-99.217666,19.861671],[-99.22012,19.864452],[-99.220884,19.865891],[-99.219477,19.866607],[-99.219536,19.864841],[-99.219489,19.864302],[-99.219046,19.863734],[-99.217471,19.861853]]]}},{"type":"Feature","properties":{"fid":"414","NOM_SEDATU":"MQ-HUE-083-5","Folio Electrónico":"En investigación","nombre":"MQ-HUE-083-5"},"geometry":{"type":"Polygon","coordinates":[[[-99.216557,19.860582],[-99.217666,19.861671],[-99.217471,19.861853],[-99.216967,19.861332],[-99.216666,19.860903],[-99.216557,19.860582]]]}},{"type":"Feature","properties":{"fid":"374","NOM_SEDATU":"MQ-HUE-065-1","Folio Electrónico":"En investigación","nombre":"MQ-HUE-065-1"},"geometry":{"type":"Polygon","coordinates":[[[-99.208854,19.845407],[-99.208977,19.845368],[-99.209089,19.845541],[-99.208968,19.845592],[-99.208854,19.845407]]]}},{"type":"Feature","properties":{"fid":"373","NOM_SEDATU":"MQ-HUE-064-6","Estatus de LDV":"No afectado","Folio Electrónico":"En investigación","nombre":"MQ-HUE-064-6"},"geometry":{"type":"Polygon","coordinates":[[[-99.208654,19.845102],[-99.208779,19.845048],[-99.208977,19.845368],[-99.208854,19.845407],[-99.208654,19.845102]]]}},{"type":"Feature","properties":{"fid":"359","NOM_SEDATU":"MQ-HUE-056-11","Estatus de LDV":"No afectado","Folio Electrónico":"En investigación","nombre":"MQ-HUE-056-11"},"geometry":{"type":"Polygon","coordinates":[[[-99.205935,19.841446],[-99.206028,19.841596],[-99.205588,19.841577],[-99.205586,19.84143],[-99.205935,19.841446]]]}},{"type":"Feature","properties":{"fid":"358","NOM_SEDATU":"MQ-HUE-056-10","Estatus de LDV":"No afectado","Folio Electrónico":"En investigación","nombre":"MQ-HUE-056-10"},"geometry":{"type":"Polygon","coordinates":[[[-99.205852,19.841309],[-99.205935,19.841446],[-99.205586,19.84143],[-99.205587,19.841296],[-99.205852,19.841309]]]}},{"type":"Feature","properties":{"fid":"357","NOM_SEDATU":"MQ-HUE-056-9","Estatus de LDV":"No afectado","Folio Electrónico":"En investigación","nombre":"MQ-HUE-056-9"},"geometry":{"type":"Polygon","coordinates":[[[-99.205765,19.841178],[-99.205852,19.841309],[-99.205587,19.841296],[-99.205588,19.84117],[-99.205765,19.841178]]]}},{"type":"Feature","properties":{"fid":"356","NOM_SEDATU":"MQ-HUE-056-8","Estatus de LDV":"No afectado","Folio Electrónico":"En investigación","nombre":"MQ-HUE-056-8"},"geometry":{"type":"Polygon","coordinates":[[[-99.205675,19.841045],[-99.205765,19.841178],[-99.205539,19.841168],[-99.205541,19.841041],[-99.205675,19.841045]]]}},{"type":"Feature","properties":{"fid":"355","NOM_SEDATU":"MQ-HUE-056-7","Estatus de LDV":"No afectado","Folio Electrónico":"En investigación","nombre":"MQ-HUE-056-7"},"geometry":{"type":"Polygon","coordinates":[[[-99.205611,19.840943],[-99.205675,19.841045],[-99.205414,19.841038],[-99.205413,19.840937],[-99.205611,19.840943]]]}},{"type":"Feature","properties":{"fid":"341","NOM_SEDATU":"MQ-HUE-049-8","Folio Electrónico":"En investigación","nombre":"MQ-HUE-049-8"},"geometry":{"type":"Polygon","coordinates":[[[-99.203344,19.83703],[-99.203771,19.836925],[-99.203726,19.837361],[-99.203603,19.837414],[-99.203344,19.83703]]]}},{"type":"Feature","properties":{"fid":"340","NOM_SEDATU":"MQ-HUE-049-7","Folio Electrónico":"En investigación","nombre":"MQ-HUE-049-7"},"geometry":{"type":"Polygon","coordinates":[[[-99.203138,19.836694],[-99.203285,19.836638],[-99.203394,19.837013],[-99.203344,19.83703],[-99.203138,19.836694]]]}},{"type":"Feature","properties":{"fid":"339","NOM_SEDATU":"MQ-HUE-049-6","Folio Electrónico":"En investigación","nombre":"MQ-HUE-049-6"},"geometry":{"type":"Polygon","coordinates":[[[-99.202978,19.836352],[-99.203362,19.836197],[-99.203489,19.836468],[-99.203257,19.836567],[-99.203285,19.836638],[-99.203138,19.836694],[-99.202978,19.836352]]]}},{"type":"Feature","properties":{"fid":"338","NOM_SEDATU":"MQ-HUE-049-5","Folio Electrónico":"En investigación","nombre":"MQ-HUE-049-5"},"geometry":{"type":"Polygon","coordinates":[[[-99.202901,19.83619],[-99.203094,19.836107],[-99.203165,19.836272],[-99.202978,19.836352],[-99.202901,19.83619]]]}},{"type":"Feature","properties":{"fid":"337","NOM_SEDATU":"MQ-HUE-049-4","Folio Electrónico":"En investigación","nombre":"MQ-HUE-049-4"},"geometry":{"type":"Polygon","coordinates":[[[-99.20284,19.83606],[-99.203003,19.835993],[-99.203069,19.836116],[-99.202901,19.83619],[-99.20284,19.83606]]]}},{"type":"Feature","properties":{"fid":"336","NOM_SEDATU":"MQ-HUE-049-3","Folio Electrónico":"En investigación","nombre":"MQ-HUE-049-3"},"geometry":{"type":"Polygon","coordinates":[[[-99.202774,19.835904],[-99.202935,19.835836],[-99.203003,19.835993],[-99.20284,19.83606],[-99.202774,19.835904]]]}},{"type":"Feature","properties":{"fid":"335","NOM_SEDATU":"MQ-HUE-049-2","Folio Electrónico":"En investigación","nombre":"MQ-HUE-049-2"},"geometry":{"type":"Polygon","coordinates":[[[-99.202764,19.835784],[-99.202884,19.835731],[-99.202935,19.835836],[-99.202774,19.835904],[-99.202728,19.8358],[-99.202764,19.835784]]]}},{"type":"Feature","properties":{"fid":"333","NOM_SEDATU":"MQ-HUE-048-4","Folio Electrónico":"En investigación","nombre":"MQ-HUE-048-4"},"geometry":{"type":"Polygon","coordinates":[[[-99.202623,19.835546],[-99.202767,19.835471],[-99.202846,19.835653],[-99.202731,19.835702],[-99.202691,19.835711],[-99.202623,19.835546]]]}},{"type":"Feature","properties":{"fid":"331","NOM_SEDATU":"MQ-HUE-048-2","Folio Electrónico":"En investigación","nombre":"MQ-HUE-048-2"},"geometry":{"type":"Polygon","coordinates":[[[-99.202507,19.835242],[-99.202701,19.834992],[-99.202901,19.835391],[-99.202623,19.835546],[-99.202507,19.835242]]]}},{"type":"Feature","properties":{"fid":"330","NOM_SEDATU":"MQ-HUE-048-1","Folio Electrónico":"En investigación","nombre":"MQ-HUE-048-1"},"geometry":{"type":"Polygon","coordinates":[[[-99.202312,19.834741],[-99.202419,19.834714],[-99.202686,19.834808],[-99.202701,19.834992],[-99.202507,19.835242],[-99.202312,19.834741]]]}},{"type":"Feature","properties":{"fid":"594","NOM_SEDATU":"MQ-HUE-024","Folio Electrónico":"En investigación","nombre":"MQ-HUE-024"},"geometry":{"type":"Polygon","coordinates":[[[-99.201473,19.833147],[-99.201112,19.833124],[-99.200719,19.833098],[-99.200378,19.833072],[-99.199041,19.832979],[-99.199039,19.832889],[-99.199031,19.832632],[-99.199024,19.832441],[-99.199017,19.832221],[-99.198994,19.832053],[-99.198988,19.831696],[-99.19898,19.831452],[-99.198974,19.831219],[-99.198947,19.830785],[-99.198919,19.830498],[-99.198888,19.830256],[-99.198854,19.830017],[-99.198808,19.829771],[-99.198747,19.829464],[-99.1987,19.829253],[-99.198651,19.829041],[-99.198549,19.828753],[-99.198442,19.828478],[-99.198621,19.828389],[-99.19857,19.828347],[-99.19864,19.828312],[-99.198831,19.828472],[-99.198973,19.828588],[-99.199113,19.828704],[-99.19931,19.828885],[-99.199526,19.829086],[-99.199537,19.829223],[-99.199658,19.829214],[-99.199822,19.829559],[-99.200167,19.830278],[-99.200435,19.830833],[-99.20066,19.8313],[-99.200816,19.831629],[-99.200903,19.831811],[-99.20109,19.832228],[-99.201274,19.832654],[-99.201446,19.833082],[-99.201473,19.833147]]]}},{"type":"Feature","properties":{"fid":"326","NOM_SEDATU":"MQ-HUE-011-1","Folio Electrónico":"En investigación","nombre":"MQ-HUE-011-1"},"geometry":{"type":"Polygon","coordinates":[[[-99.197536,19.824907],[-99.19948,19.828868],[-99.198271,19.827812],[-99.197536,19.824907]]]}},{"type":"Feature","properties":{"PARCELA":"191 Z3 P1/1","NÚCLEO AG":"SANTIAGO TLALTEPOXCO","TIPO NÚCL":"EJIDO","MUNICIPIO":"HUEHUETOCA","ESTADO":"MÉXICO","SUP":"13327.137","TIPO DE PA":"PARCELAS INDIVIDUALES CON DOMINIO PLENO","CALIDAD":"EJIDATARIO (A)","DOMICILIO":"CONOCIDO, SANTIAGO TLALTEPOXCO, MEXICO","CURP":"BAHC590517HMCRRR07","TITULAR":"CRUZ BARRON HERNANDEZ","nombre":"MQ-HUE-001-8"},"geometry":{"type":"Polygon","coordinates":[[[-99.25645,19.889873],[-99.257236,19.889117],[-99.258079,19.889715],[-99.257288,19.890524],[-99.25645,19.889873]]]}},{"type":"Feature","properties":{"PARCELA":"192 Z3 P1","NÚCLEO AG":"SANTIAGO TLALTEPOXCO","TIPO NÚCL":"EJIDO","MUNICIPIO":"HUEHUETOCA","ESTADO":"MÉXICO","SUP":"23290.859","TIPO DE PA":"PARCELAS INDIVIDUALES CON DOMINIO PLENO","CALIDAD":"POSESIONARIO (A)","DOMICILIO":"CONOCIDO, SANTIAGO TLALTEPOXCO, MEXICO","CURP":"HERT630330HHGRMM07","TITULAR":"TOMAS HERNANDEZ ROMERO","nombre":"MQ-HUE-001-7"},"geometry":{"type":"Polygon","coordinates":[[[-99.255657,19.889264],[-99.256129,19.888763],[-99.256593,19.888273],[-99.256997,19.887848],[-99.257835,19.888547],[-99.257236,19.889117],[-99.25645,19.889873],[-99.255657,19.889264]]]}},{"type":"Feature","properties":{"PARCELA":"210 Z3 P1/1","NÚCLEO AG":"SANTIAGO TLALTEPOXCO","TIPO NÚCL":"EJIDO","MUNICIPIO":"HUEHUETOCA","ESTADO":"MÉXICO","SUP":"15704.178","TIPO DE PA":"PARCELAS INDIVIDUALES CON DOMINIO PLENO","CALIDAD":"EJIDATARIO (A)","DOMICILIO":"C. S/N BARRIO SANTIAGO TLALTEPOXCO, MEX.","CURP":"CURP471020HMCRMD01","TITULAR":"PEDRO CRUZ ROMERO","nombre":"MQ-HUE-001-6"},"geometry":{"type":"Polygon","coordinates":[[[-99.254267,19.888347],[-99.254684,19.887798],[-99.25497,19.887722],[-99.256129,19.888763],[-99.255657,19.889264],[-99.254267,19.888347]]]}},{"type":"Feature","properties":{"PARCELA":"190 Z3 P1/1","NÚCLEO AG":"SANTIAGO TLALTEPOXCO","TIPO NÚCL":"EJIDO","MUNICIPIO":"HUEHUETOCA","ESTADO":"MÉXICO","SUP":"16940.485","TIPO DE PA":"PARCELAS INDIVIDUALES CON DOMINIO PLENO","CALIDAD":"EJIDATARIO (A)","DOMICILIO":"CONOCIDO, SANTIAGO TLALTEPOXCO, MEXICO","CURP":"BACP590519HGTRRD08","TITULAR":"PEDRO BARRON CRUZ","nombre":"MQ-HUE-001-9"},"geometry":{"type":"Polygon","coordinates":[[[-99.257236,19.889117],[-99.257835,19.888547],[-99.259118,19.889012],[-99.259134,19.889673],[-99.258079,19.889715],[-99.257236,19.889117]]]}},{"type":"Feature","properties":{"PARCELA":"197 Z-3 P1/1","NÚCLEO AG":"SANTIAGO TLALTEPOXCO","TIPO NÚCL":"EJIDO","MUNICIPIO":"HUEHUETOCA","ESTADO":"MÉXICO","SUP":"14847.444","TIPO DE PA":"PARCELAS INDIVIDUALES CON DOMINIO PLENO","CALIDAD":"EJIDATARIO (A)","DOMICILIO":"CONOCIDO, HUEHUETOCA, MEXICO","CURP":"POVS431231HMCRLL03","TITULAR":"SILVESTRE PORTILLO VALENCIA","nombre":"MQ-HUE-001-5"},"geometry":{"type":"Polygon","coordinates":[[[-99.252385,19.88959],[-99.252817,19.888245],[-99.253781,19.888403],[-99.253169,19.88978],[-99.252385,19.88959]]]}},{"type":"Feature","properties":{"PARCELA":"199 Z-3 P1/1","NÚCLEO AG":"SANTIAGO TLALTEPOXCO","TIPO NÚCL":"EJIDO","MUNICIPIO":"HUEHUETOCA","ESTADO":"MÉXICO","SUP":"13560.876","TIPO DE PA":"PARCELAS INDIVIDUALES CON DOMINIO PLENO","CALIDAD":"EJIDATARIO (A)","DOMICILIO":"CONOCIDO, SANTIAGO TLALTEPOXCO, MEXICO","CURP":"BAHT561015MMCSRR02","TITULAR":"TERESA BASURTO HERNANDEZ","nombre":"MQ-HUE-001-4"},"geometry":{"type":"Polygon","coordinates":[[[-99.251202,19.889495],[-99.251272,19.888688],[-99.251442,19.888562],[-99.252606,19.888317],[-99.252036,19.889639],[-99.251202,19.889495]]]}},{"type":"Feature","properties":{"PARCELA":"242 Z-4 P1/1","NÚCLEO AG":"SANTIAGO TLALTEPOXCO","TIPO NÚCL":"EJIDO","MUNICIPIO":"HUEHUETOCA","ESTADO":"MÉXICO","SUP":"23910.957","TIPO DE PA":"PARCELAS INDIVIDUALES CON DOMINIO PLENO","CALIDAD":"EJIDATARIO (A)","DOMICILIO":"CONOCIDO, SANTIAGO TLALTEPOXCO, MEXICO","TITULAR":"CARLOS VALENCIA BASURTO","nombre":"MQ-HUE-001-2"},"geometry":{"type":"Polygon","coordinates":[[[-99.246903,19.888415],[-99.247478,19.887145],[-99.247899,19.887165],[-99.248162,19.887647],[-99.248119,19.888014],[-99.248386,19.888225],[-99.249078,19.888488],[-99.247932,19.889119],[-99.246903,19.888415]]]}},{"type":"Feature","properties":{"PARCELA":"213 Z-3 P1/1","NÚCLEO AG":"SANTIAGO TLALTEPOXCO","TIPO NÚCL":"EJIDO","MUNICIPIO":"HUEHUETOCA","ESTADO":"MÉXICO","SUP":"630.547","TIPO DE PA":"PARCELAS INDIVIDUALES CON DOMINIO PLENO","CALIDAD":"EJIDATARIO (A)","DOMICILIO":"CONOCIDO, SANTIAGO TLALTEPOXCO, MEXICO","TITULAR":"CARLOS VALENCIA BASURTO","nombre":"MQ-HUE-001-20"},"geometry":{"type":"Polygon","coordinates":[[[-99.248067,19.889163],[-99.249205,19.88862],[-99.249242,19.888698],[-99.248067,19.889163]]]}},{"type":"Feature","properties":{"PARCELA":"243 Z-4 P1/1","NÚCLEO AG":"SANTIAGO TLALTEPOXCO","TIPO NÚCL":"EJIDO","MUNICIPIO":"HUEHUETOCA","ESTADO":"MÉXICO","SUP":"8647.254","TIPO DE PA":"PARCELAS INDIVIDUALES CON DOMINIO PLENO","CALIDAD":"POSESIONARIO (A)","DOMICILIO":"CONOC.TEPEJI DEL RIO DE OCAMPO, HIDALGO","CURP":"BABA481031HMCTRN02","TITULAR":"ANGEL BAUTISTA BARRON","nombre":"MQ-HUE-001-19"},"geometry":{"type":"Polygon","coordinates":[[[-99.247478,19.887145],[-99.246903,19.888415],[-99.246267,19.887225],[-99.247478,19.887145]]]}},{"type":"Feature","properties":{"PARCELA":"326 Z-5 P1/1","NÚCLEO AG":"SANTIAGO TLALTEPOXCO","TIPO NÚCL":"EJIDO","MUNICIPIO":"HUEHUETOCA","ESTADO":"MÉXICO","SUP":"2917.44","TIPO DE PA":"PARCELAS INDIVIDUALES CON DOMINIO PLENO","CALIDAD":"POSESIONARIO (A)","DOMICILIO":"CONOC.TEPEJI DEL RIO DE OCAMPO, HIDALGO","CURP":"BABA481031HMCTRN02","TITULAR":"ANGEL BAUTISTA BARRON","nombre":"MQ-HUE-001-18"},"geometry":{"type":"Polygon","coordinates":[[[-99.245853,19.887692],[-99.246155,19.887319],[-99.246678,19.888339],[-99.245853,19.887692]]]}},{"type":"Feature","properties":{"PARCELA":"327 Z-5 P1/1","NÚCLEO AG":"SANTIAGO TLALTEPOXCO","TIPO NÚCL":"EJIDO","MUNICIPIO":"HUEHUETOCA","ESTADO":"MÉXICO","SUP":"8249.39","TIPO DE PA":"PARCELAS INDIVIDUALES CON DOMINIO PLENO","CALIDAD":"EJIDATARIO (A)","DOMICILIO":"CONOCIDO, SANTIAGO TLALTEPOXCO, MEXICO","CURP":"POPJ300817HMCRRC03","TITULAR":"JACINTO PORTILLO PEREZ","nombre":"MQ-HUE-001-17"},"geometry":{"type":"Polygon","coordinates":[[[-99.244811,19.887035],[-99.245422,19.886542],[-99.246155,19.887319],[-99.245853,19.887692],[-99.244811,19.887035]]]}},{"type":"Feature","properties":{"PARCELA":"212 Z-3 P1/1","NÚCLEO AG":"SANTIAGO TLALTEPOXCO","TIPO NÚCL":"EJIDO","MUNICIPIO":"HUEHUETOCA","ESTADO":"MÉXICO","SUP":"17379.925","TIPO DE PA":"PARCELAS INDIVIDUALES CON DOMINIO PLENO","CALIDAD":"EJIDATARIO (A)","DOMICILIO":"CONOCIDO, SANTIAGO TLALTEPOXCO, MEXICO","TITULAR":"CARLOS VALENCIA BASURTO","nombre":"MQ-HUE-001-3"},"geometry":{"type":"Polygon","coordinates":[[[-99.250574,19.888058],[-99.251918,19.887659],[-99.251366,19.888218],[-99.251111,19.888364],[-99.251072,19.888424],[-99.250685,19.888618],[-99.250509,19.888716],[-99.249597,19.889102],[-99.248105,19.889192],[-99.248978,19.888876],[-99.249243,19.888772],[-99.249347,19.888616],[-99.250574,19.888058]]]}},{"type":"Feature","properties":{"PARCELA":"332 Z-5 P1/1","NÚCLEO AG":"SANTIAGO TLALTEPOXCO","TIPO NÚCL":"EJIDO","MUNICIPIO":"HUEHUETOCA","ESTADO":"MÉXICO","SUP":"12206.511","TIPO DE PA":"PARCELAS INDIVIDUALES CON DOMINIO PLENO","CALIDAD":"POSESIONARIO (A)","DOMICILIO":"CONOC.STGO.TLALTEPOXCO,TEPEJI DEL RIO","TITULAR":"EVODIO RUIZ CERON","nombre":"MQ-HUE-001-16"},"geometry":{"type":"Polygon","coordinates":[[[-99.24326,19.885963],[-99.243919,19.885936],[-99.244966,19.886196],[-99.245422,19.886542],[-99.244811,19.887035],[-99.24326,19.885963]]]}},{"type":"Feature","properties":{"PARCELA":"335 Z-5 P1/1","NÚCLEO AG":"SANTIAGO TLALTEPOXCO","TIPO NÚCL":"EJIDO","MUNICIPIO":"HUEHUETOCA","ESTADO":"MÉXICO","SUP":"10105.857","TIPO DE PA":"PARCELAS INDIVIDUALES CON DOMINIO PLENO","CALIDAD":"EJIDATARIO (A)","DOMICILIO":"JUAREZ #9, SANTIAGO TLALTEPOXCO, MEXICO","TITULAR":"REFUGIO VALENCIA BASURTO","nombre":"MQ-HUE-001-15"},"geometry":{"type":"Polygon","coordinates":[[[-99.24326,19.885963],[-99.241833,19.885018],[-99.241839,19.884995],[-99.241996,19.884401],[-99.242555,19.884732],[-99.243306,19.885683],[-99.24326,19.885963]]]}},{"type":"Feature","properties":{"PARCELA":"323 Z-5 P1/1","NÚCLEO AG":"SANTIAGO TLALTEPOXCO","TIPO NÚCL":"EJIDO","MUNICIPIO":"HUEHUETOCA","ESTADO":"MÉXICO","SUP":"7825.534","TIPO DE PA":"PARCELAS INDIVIDUALES CON DOMINIO PLENO","CALIDAD":"POSESIONARIO (A)","DOMICILIO":"CONOC.STGO. TLALTEPOXCO, HUEHUETOCA, MEX","CURP":"CEAC690225HHGRRL02","TITULAR":"CELERINO CERON ARCE","nombre":"MQ-HUE-001-14"},"geometry":{"type":"Polygon","coordinates":[[[-99.245984,19.889069],[-99.245981,19.888064],[-99.246926,19.888763],[-99.246656,19.889278],[-99.245984,19.889069]]]}},{"type":"Feature","properties":{"PARCELA":"324 Z-5 P1/1","NÚCLEO AG":"SANTIAGO TLALTEPOXCO","TIPO NÚCL":"EJIDO","MUNICIPIO":"HUEHUETOCA","ESTADO":"MÉXICO","SUP":"11862.958","TIPO DE PA":"PARCELAS INDIVIDUALES CON DOMINIO PLENO","CALIDAD":"EJIDATARIO (A)","DOMICILIO":"CONOCIDO, SANTIAGO TLALTEPOXCO, MEXICO","TITULAR":"J. TRINIDAD CERON GOMEZ","nombre":"MQ-HUE-001-13"},"geometry":{"type":"Polygon","coordinates":[[[-99.245462,19.889042],[-99.244809,19.889042],[-99.24533,19.887854],[-99.245981,19.888064],[-99.245984,19.889069],[-99.245462,19.889042]]]}},{"type":"Feature","properties":{"PARCELA":"328 Z-5 P1/1","NÚCLEO AG":"SANTIAGO TLALTEPOXCO","TIPO NÚCL":"EJIDO","MUNICIPIO":"HUEHUETOCA","ESTADO":"MÉXICO","SUP":"23883.106","TIPO DE PA":"PARCELAS INDIVIDUALES CON DOMINIO PLENO","CALIDAD":"EJIDATARIO (A)","DOMICILIO":"COL. ENSUEÑOS, CUAUTITLAN IZCALLI, MEX.","TITULAR":"RAFAEL VALENCIA MONTAÑO","nombre":"MQ-HUE-001-12"},"geometry":{"type":"Polygon","coordinates":[[[-99.243247,19.887253],[-99.243445,19.88634],[-99.24533,19.887854],[-99.242981,19.888185],[-99.243247,19.887253]]]}},{"type":"Feature","properties":{"PARCELA":"333 Z5 P1/1","NÚCLEO AG":"SANTIAGO TLALTEPOXCO","TIPO NÚCL":"EJIDO","MUNICIPIO":"HUEHUETOCA","ESTADO":"MÉXICO","SUP":"16048.685","TIPO DE PA":"PARCELAS INDIVIDUALES CON DOMINIO PLENO","CALIDAD":"EJIDATARIO (A)","DOMICILIO":"CONOCIDO, BARRIO SGO. TLALTEPOXCO, MEX.","CURP":"BAVS380912HMCRLL03","TITULAR":"SILVINO BARRON VILLA","nombre":"MQ-HUE-001-10"},"geometry":{"type":"Polygon","coordinates":[[[-99.243445,19.88634],[-99.241397,19.886669],[-99.24177,19.885257],[-99.243445,19.88634]]]}},{"type":"Feature","properties":{"PARCELA":"331 Z-5 P1/1","NÚCLEO AG":"SANTIAGO TLALTEPOXCO","TIPO NÚCL":"EJIDO","MUNICIPIO":"HUEHUETOCA","ESTADO":"MÉXICO","SUP":"21447.757","TIPO DE PA":"PARCELAS INDIVIDUALES CON DOMINIO PLENO","CALIDAD":"EJIDATARIO (A)","DOMICILIO":"LUMBRERA 17,S.TLALTEPEXCO,HUEHUETOCA,MEX","CURP":"BAGJ450127HMCTMN07","TITULAR":"JUAN BAUTISTA GOMEZ","nombre":"MQ-HUE-001-11"},"geometry":{"type":"Polygon","coordinates":[[[-99.241397,19.886669],[-99.243445,19.88634],[-99.243247,19.887253],[-99.242278,19.887412],[-99.242007,19.887858],[-99.241271,19.887147],[-99.241397,19.886669]]]}},{"type":"Feature","properties":{"fid":"7","NOM_SEDATU":"MQ-ATO-001-2","Folio Electrónico":"En investigación","nombre":"MQ-ATO-001-2"},"geometry":{"type":"Polygon","coordinates":[[[-99.232305,19.876674],[-99.233252,19.877897],[-99.234309,19.879268],[-99.235061,19.880242],[-99.234989,19.880356],[-99.234965,19.880482],[-99.234911,19.880516],[-99.234761,19.880596],[-99.234647,19.880676],[-99.234526,19.880824],[-99.234502,19.880807],[-99.234406,19.880625],[-99.234324,19.880562],[-99.234177,19.880477],[-99.233981,19.880358],[-99.233909,19.880332],[-99.233635,19.880495],[-99.233424,19.880293],[-99.233478,19.88023],[-99.233445,19.880077],[-99.233405,19.879968],[-99.233423,19.879857],[-99.233303,19.879761],[-99.233152,19.879647],[-99.232942,19.87979],[-99.232702,19.879536],[-99.232915,19.879364],[-99.232751,19.87924],[-99.232589,19.879398],[-99.232486,19.879279],[-99.232299,19.879086],[-99.232028,19.878767],[-99.231811,19.878539],[-99.232466,19.878094],[-99.231773,19.877395],[-99.231683,19.87744],[-99.23152,19.877253],[-99.231015,19.877652],[-99.230843,19.877473],[-99.231318,19.877187],[-99.231502,19.877093],[-99.231842,19.876876],[-99.232305,19.876674]]]}},{"type":"Feature","properties":{"fid":"8","NOM_SEDATU":"MQ-ATO-001-3","Folio Electrónico":"En investigación","nombre":"MQ-ATO-001-3"},"geometry":{"type":"Polygon","coordinates":[[[-99.235061,19.880242],[-99.235277,19.880487],[-99.235636,19.880911],[-99.235959,19.881318],[-99.235832,19.881398],[-99.235778,19.881449],[-99.235754,19.881569],[-99.235815,19.881762],[-99.235743,19.881848],[-99.235598,19.881933],[-99.235472,19.881842],[-99.235345,19.881734],[-99.235182,19.881552],[-99.235092,19.881399],[-99.235059,19.88135],[-99.23501,19.881276],[-99.234965,19.881231],[-99.234851,19.881143],[-99.234786,19.881079],[-99.23471,19.880998],[-99.234649,19.880955],[-99.234596,19.880922],[-99.234533,19.880855],[-99.234526,19.880824],[-99.234647,19.880676],[-99.234761,19.880596],[-99.234911,19.880516],[-99.234965,19.880482],[-99.234989,19.880356],[-99.235061,19.880242]]]}},{"type":"Feature","properties":{"fid":"10","NOM_SEDATU":"MQ-ATO-001-5","Folio Electrónico":"En investigación","nombre":"MQ-ATO-001-5"},"geometry":{"type":"Polygon","coordinates":[[[-99.238171,19.882657],[-99.238524,19.884156],[-99.238071,19.88361],[-99.236914,19.882295],[-99.236154,19.881299],[-99.236947,19.881823],[-99.238171,19.882657]]]}},{"type":"Feature","properties":{"fid":"11","NOM_SEDATU":"MQ-TEP-001-1","Folio Electrónico":"En investigación","nombre":"MQ-TEP-001-1"},"geometry":{"type":"Polygon","coordinates":[[[-99.24092,19.884592],[-99.240841,19.884881],[-99.240575,19.884946],[-99.240417,19.885],[-99.2401,19.885257],[-99.239749,19.885557],[-99.238887,19.884584],[-99.238455,19.882849],[-99.24092,19.884592]]]}},{"type":"Feature","properties":{"fid":"12","NOM_SEDATU":"MQ-TEP-001-2","Folio Electrónico":"En investigación","nombre":"MQ-TEP-001-2"},"geometry":{"type":"Polygon","coordinates":[[[-99.24092,19.884592],[-99.241365,19.884897],[-99.241557,19.885057],[-99.241739,19.885201],[-99.241705,19.885303],[-99.241249,19.887071],[-99.24119,19.887259],[-99.239749,19.885557],[-99.2401,19.885257],[-99.240417,19.885],[-99.240575,19.884946],[-99.240841,19.884881],[-99.24092,19.884592]]]}}]}