{"type":"FeatureCollection","features":[{"type":"Feature","properties":{},"geometry":{"type":"LineString","coordinates":[[-99.151516,19.452354],[-99.151103,19.452404]]}},{"type":"Feature","properties":{},"geometry":{"type":"LineString","coordinates":[[-99.151103,19.452404],[-99.151103,19.452404]]}},{"type":"Feature","properties":{},"geometry":{"type":"LineString","coordinates":[[-99.151103,19.452404],[-99.151103,19.452404]]}},{"type":"Feature","properties":{},"geometry":{"type":"LineString","coordinates":[[-99.151103,19.452404],[-99.151253,19.452667]]}},{"type":"Feature","properties":{},"geometry":{"type":"LineString","coordinates":[[-99.151253,19.452667],[-99.151292,19.452754]]}},{"type":"Feature","properties":{},"geometry":{"type":"LineString","coordinates":[[-99.151292,19.452754],[-99.151394,19.45304]]}},{"type":"Feature","properties":{},"geometry":{"type":"LineString","coordinates":[[-99.151394,19.45304],[-99.151612,19.453687]]}},{"type":"Feature","properties":{},"geometry":{"type":"LineString","coordinates":[[-99.151612,19.453687],[-99.151677,19.453917]]}},{"type":"Feature","properties":{},"geometry":{"type":"LineString","coordinates":[[-99.151677,19.453917],[-99.151704,19.453946]]}},{"type":"Feature","properties":{},"geometry":{"type":"LineString","coordinates":[[-99.151704,19.453946],[-99.151908,19.454623]]}},{"type":"Feature","properties":{},"geometry":{"type":"LineString","coordinates":[[-99.151908,19.454623],[-99.151892,19.454718]]}},{"type":"Feature","properties":{},"geometry":{"type":"LineString","coordinates":[[-99.151892,19.454718],[-99.151893,19.454814]]}},{"type":"Feature","properties":{},"geometry":{"type":"LineString","coordinates":[[-99.151893,19.454814],[-99.151952,19.454964]]}},{"type":"Feature","properties":{},"geometry":{"type":"LineString","coordinates":[[-99.151952,19.454964],[-99.152023,19.455016]]}},{"type":"Feature","properties":{},"geometry":{"type":"LineString","coordinates":[[-99.152023,19.455016],[-99.152128,19.455279]]}},{"type":"Feature","properties":{},"geometry":{"type":"LineString","coordinates":[[-99.152128,19.455279],[-99.15225,19.45557]]}},{"type":"Feature","properties":{},"geometry":{"type":"LineString","coordinates":[[-99.15225,19.45557],[-99.15225,19.45557]]}},{"type":"Feature","properties":{},"geometry":{"type":"LineString","coordinates":[[-99.15225,19.45557],[-99.15225,19.45557]]}},{"type":"Feature","properties":{},"geometry":{"type":"LineString","coordinates":[[-99.15225,19.45557],[-99.152213,19.455584]]}},{"type":"Feature","properties":{},"geometry":{"type":"LineString","coordinates":[[-99.152213,19.455584],[-99.152213,19.455584]]}},{"type":"Feature","properties":{},"geometry":{"type":"LineString","coordinates":[[-99.152213,19.455584],[-99.152213,19.455584]]}},{"type":"Feature","properties":{},"geometry":{"type":"LineString","coordinates":[[-99.152213,19.455584],[-99.152341,19.455766]]}},{"type":"Feature","properties":{},"geometry":{"type":"LineString","coordinates":[[-99.152341,19.455766],[-99.152462,19.456006]]}},{"type":"Feature","properties":{},"geometry":{"type":"LineString","coordinates":[[-99.152462,19.456006],[-99.152611,19.456258]]}},{"type":"Feature","properties":{},"geometry":{"type":"LineString","coordinates":[[-99.152611,19.456258],[-99.152732,19.456466]]}},{"type":"Feature","properties":{},"geometry":{"type":"LineString","coordinates":[[-99.152732,19.456466],[-99.153022,19.456861]]}},{"type":"Feature","properties":{},"geometry":{"type":"LineString","coordinates":[[-99.153022,19.456861],[-99.153198,19.457099]]}},{"type":"Feature","properties":{},"geometry":{"type":"LineString","coordinates":[[-99.153198,19.457099],[-99.153189,19.457153]]}},{"type":"Feature","properties":{},"geometry":{"type":"LineString","coordinates":[[-99.153189,19.457153],[-99.153201,19.457162]]}},{"type":"Feature","properties":{},"geometry":{"type":"LineString","coordinates":[[-99.153201,19.457162],[-99.153279,19.457177]]}},{"type":"Feature","properties":{},"geometry":{"type":"LineString","coordinates":[[-99.153279,19.457177],[-99.153308,19.45722]]}},{"type":"Feature","properties":{},"geometry":{"type":"LineString","coordinates":[[-99.153308,19.45722],[-99.1533,19.457285]]}},{"type":"Feature","properties":{},"geometry":{"type":"LineString","coordinates":[[-99.1533,19.457285],[-99.153318,19.457297]]}},{"type":"Feature","properties":{},"geometry":{"type":"LineString","coordinates":[[-99.153318,19.457297],[-99.153344,19.457311]]}},{"type":"Feature","properties":{},"geometry":{"type":"LineString","coordinates":[[-99.153344,19.457311],[-99.153447,19.457401]]}},{"type":"Feature","properties":{},"geometry":{"type":"LineString","coordinates":[[-99.153447,19.457401],[-99.153498,19.457462]]}},{"type":"Feature","properties":{},"geometry":{"type":"LineString","coordinates":[[-99.153498,19.457462],[-99.153544,19.457521]]}},{"type":"Feature","properties":{},"geometry":{"type":"LineString","coordinates":[[-99.153544,19.457521],[-99.153564,19.457526]]}},{"type":"Feature","properties":{},"geometry":{"type":"LineString","coordinates":[[-99.153564,19.457526],[-99.153626,19.457607]]}},{"type":"Feature","properties":{},"geometry":{"type":"LineString","coordinates":[[-99.153626,19.457607],[-99.153619,19.457626]]}},{"type":"Feature","properties":{},"geometry":{"type":"LineString","coordinates":[[-99.153619,19.457626],[-99.153733,19.457789]]}},{"type":"Feature","properties":{},"geometry":{"type":"LineString","coordinates":[[-99.153733,19.457789],[-99.153747,19.457784]]}},{"type":"Feature","properties":{},"geometry":{"type":"LineString","coordinates":[[-99.153747,19.457784],[-99.153822,19.457883]]}},{"type":"Feature","properties":{},"geometry":{"type":"LineString","coordinates":[[-99.153822,19.457883],[-99.153817,19.457901]]}},{"type":"Feature","properties":{},"geometry":{"type":"LineString","coordinates":[[-99.153817,19.457901],[-99.153944,19.458082]]}},{"type":"Feature","properties":{},"geometry":{"type":"LineString","coordinates":[[-99.153944,19.458082],[-99.15435,19.458627]]}},{"type":"Feature","properties":{},"geometry":{"type":"LineString","coordinates":[[-99.15435,19.458627],[-99.15468,19.459066]]}},{"type":"Feature","properties":{},"geometry":{"type":"LineString","coordinates":[[-99.15468,19.459066],[-99.155008,19.459505]]}},{"type":"Feature","properties":{},"geometry":{"type":"LineString","coordinates":[[-99.155008,19.459505],[-99.155269,19.459843]]}},{"type":"Feature","properties":{},"geometry":{"type":"LineString","coordinates":[[-99.155269,19.459843],[-99.155709,19.460425]]}},{"type":"Feature","properties":{},"geometry":{"type":"LineString","coordinates":[[-99.155709,19.460425],[-99.156209,19.461083]]}},{"type":"Feature","properties":{},"geometry":{"type":"LineString","coordinates":[[-99.156209,19.461083],[-99.156615,19.461617]]}},{"type":"Feature","properties":{},"geometry":{"type":"LineString","coordinates":[[-99.156615,19.461617],[-99.15752,19.462808]]}},{"type":"Feature","properties":{},"geometry":{"type":"LineString","coordinates":[[-99.15752,19.462808],[-99.158092,19.46356]]}},{"type":"Feature","properties":{},"geometry":{"type":"LineString","coordinates":[[-99.158092,19.46356],[-99.158248,19.463757]]}},{"type":"Feature","properties":{},"geometry":{"type":"LineString","coordinates":[[-99.158248,19.463757],[-99.158288,19.463749]]}},{"type":"Feature","properties":{},"geometry":{"type":"LineString","coordinates":[[-99.158288,19.463749],[-99.158731,19.464273]]}},{"type":"Feature","properties":{},"geometry":{"type":"LineString","coordinates":[[-99.158731,19.464273],[-99.158731,19.464273]]}},{"type":"Feature","properties":{},"geometry":{"type":"LineString","coordinates":[[-99.158731,19.464273],[-99.158731,19.464273]]}},{"type":"Feature","properties":{},"geometry":{"type":"LineString","coordinates":[[-99.158731,19.464273],[-99.158705,19.464284]]}},{"type":"Feature","properties":{},"geometry":{"type":"LineString","coordinates":[[-99.158705,19.464284],[-99.158705,19.464284]]}},{"type":"Feature","properties":{},"geometry":{"type":"LineString","coordinates":[[-99.158705,19.464284],[-99.158705,19.464284]]}},{"type":"Feature","properties":{},"geometry":{"type":"LineString","coordinates":[[-99.158705,19.464284],[-99.158813,19.464418]]}},{"type":"Feature","properties":{},"geometry":{"type":"LineString","coordinates":[[-99.158813,19.464418],[-99.159461,19.465258]]}},{"type":"Feature","properties":{},"geometry":{"type":"LineString","coordinates":[[-99.159461,19.465258],[-99.159592,19.465418]]}},{"type":"Feature","properties":{},"geometry":{"type":"LineString","coordinates":[[-99.159592,19.465418],[-99.15982,19.465712]]}},{"type":"Feature","properties":{},"geometry":{"type":"LineString","coordinates":[[-99.15982,19.465712],[-99.1602,19.466211]]}},{"type":"Feature","properties":{},"geometry":{"type":"LineString","coordinates":[[-99.1602,19.466211],[-99.160484,19.466591]]}},{"type":"Feature","properties":{},"geometry":{"type":"LineString","coordinates":[[-99.160484,19.466591],[-99.160654,19.466819]]}},{"type":"Feature","properties":{},"geometry":{"type":"LineString","coordinates":[[-99.160654,19.466819],[-99.160939,19.467233]]}},{"type":"Feature","properties":{},"geometry":{"type":"LineString","coordinates":[[-99.160939,19.467233],[-99.161171,19.467586]]}},{"type":"Feature","properties":{},"geometry":{"type":"LineString","coordinates":[[-99.161171,19.467586],[-99.161354,19.467881]]}},{"type":"Feature","properties":{},"geometry":{"type":"LineString","coordinates":[[-99.161354,19.467881],[-99.161397,19.467867]]}},{"type":"Feature","properties":{},"geometry":{"type":"LineString","coordinates":[[-99.161397,19.467867],[-99.161624,19.468252]]}},{"type":"Feature","properties":{},"geometry":{"type":"LineString","coordinates":[[-99.161624,19.468252],[-99.161913,19.468759]]}},{"type":"Feature","properties":{},"geometry":{"type":"LineString","coordinates":[[-99.161913,19.468759],[-99.162034,19.468985]]}},{"type":"Feature","properties":{},"geometry":{"type":"LineString","coordinates":[[-99.162034,19.468985],[-99.162137,19.469187]]}},{"type":"Feature","properties":{},"geometry":{"type":"LineString","coordinates":[[-99.162137,19.469187],[-99.162292,19.469499]]}},{"type":"Feature","properties":{},"geometry":{"type":"LineString","coordinates":[[-99.162292,19.469499],[-99.162476,19.469893]]}},{"type":"Feature","properties":{},"geometry":{"type":"LineString","coordinates":[[-99.162476,19.469893],[-99.162476,19.469893]]}},{"type":"Feature","properties":{},"geometry":{"type":"LineString","coordinates":[[-99.162476,19.469893],[-99.162476,19.469893]]}},{"type":"Feature","properties":{},"geometry":{"type":"LineString","coordinates":[[-99.162476,19.469893],[-99.162369,19.469934]]}},{"type":"Feature","properties":{},"geometry":{"type":"LineString","coordinates":[[-99.162369,19.469934],[-99.162369,19.469934]]}},{"type":"Feature","properties":{},"geometry":{"type":"LineString","coordinates":[[-99.162369,19.469934],[-99.162369,19.469934]]}},{"type":"Feature","properties":{},"geometry":{"type":"LineString","coordinates":[[-99.162369,19.469934],[-99.162516,19.47028]]}},{"type":"Feature","properties":{},"geometry":{"type":"LineString","coordinates":[[-99.162516,19.47028],[-99.162874,19.471085]]}},{"type":"Feature","properties":{},"geometry":{"type":"LineString","coordinates":[[-99.162874,19.471085],[-99.163137,19.471743]]}},{"type":"Feature","properties":{},"geometry":{"type":"LineString","coordinates":[[-99.163137,19.471743],[-99.163273,19.472074]]}},{"type":"Feature","properties":{},"geometry":{"type":"LineString","coordinates":[[-99.163273,19.472074],[-99.163291,19.472081]]}},{"type":"Feature","properties":{},"geometry":{"type":"LineString","coordinates":[[-99.163291,19.472081],[-99.163332,19.472173]]}},{"type":"Feature","properties":{},"geometry":{"type":"LineString","coordinates":[[-99.163332,19.472173],[-99.163485,19.472556]]}},{"type":"Feature","properties":{},"geometry":{"type":"LineString","coordinates":[[-99.163485,19.472556],[-99.163471,19.472578]]}},{"type":"Feature","properties":{},"geometry":{"type":"LineString","coordinates":[[-99.163471,19.472578],[-99.16401,19.473955]]}},{"type":"Feature","properties":{},"geometry":{"type":"LineString","coordinates":[[-99.16401,19.473955],[-99.164284,19.474657]]}},{"type":"Feature","properties":{},"geometry":{"type":"LineString","coordinates":[[-99.164284,19.474657],[-99.164624,19.475528]]}},{"type":"Feature","properties":{},"geometry":{"type":"LineString","coordinates":[[-99.164624,19.475528],[-99.164986,19.476453]]}},{"type":"Feature","properties":{},"geometry":{"type":"LineString","coordinates":[[-99.164986,19.476453],[-99.165253,19.477128]]}},{"type":"Feature","properties":{},"geometry":{"type":"LineString","coordinates":[[-99.165253,19.477128],[-99.165251,19.477199]]}},{"type":"Feature","properties":{},"geometry":{"type":"LineString","coordinates":[[-99.165251,19.477199],[-99.165471,19.477762]]}},{"type":"Feature","properties":{},"geometry":{"type":"LineString","coordinates":[[-99.165471,19.477762],[-99.165514,19.477873]]}},{"type":"Feature","properties":{},"geometry":{"type":"LineString","coordinates":[[-99.165514,19.477873],[-99.165603,19.477841]]}},{"type":"Feature","properties":{},"geometry":{"type":"LineString","coordinates":[[-99.165603,19.477841],[-99.169861,19.488686]]}},{"type":"Feature","properties":{},"geometry":{"type":"LineString","coordinates":[[-99.169861,19.488686],[-99.169861,19.488686]]}},{"type":"Feature","properties":{},"geometry":{"type":"LineString","coordinates":[[-99.169861,19.488686],[-99.169861,19.488686]]}},{"type":"Feature","properties":{},"geometry":{"type":"LineString","coordinates":[[-99.169861,19.488686],[-99.169806,19.488705]]}},{"type":"Feature","properties":{},"geometry":{"type":"LineString","coordinates":[[-99.169806,19.488705],[-99.169806,19.488705]]}},{"type":"Feature","properties":{},"geometry":{"type":"LineString","coordinates":[[-99.169806,19.488705],[-99.169806,19.488705]]}},{"type":"Feature","properties":{},"geometry":{"type":"LineString","coordinates":[[-99.169806,19.488705],[-99.170617,19.490796]]}},{"type":"Feature","properties":{},"geometry":{"type":"LineString","coordinates":[[-99.170617,19.490796],[-99.170636,19.490808]]}},{"type":"Feature","properties":{},"geometry":{"type":"LineString","coordinates":[[-99.170636,19.490808],[-99.170739,19.491069]]}},{"type":"Feature","properties":{},"geometry":{"type":"LineString","coordinates":[[-99.170739,19.491069],[-99.170796,19.491248]]}},{"type":"Feature","properties":{},"geometry":{"type":"LineString","coordinates":[[-99.170796,19.491248],[-99.171339,19.492695]]}},{"type":"Feature","properties":{},"geometry":{"type":"LineString","coordinates":[[-99.171339,19.492695],[-99.171624,19.493431]]}},{"type":"Feature","properties":{},"geometry":{"type":"LineString","coordinates":[[-99.171624,19.493431],[-99.171655,19.493418]]}},{"type":"Feature","properties":{},"geometry":{"type":"LineString","coordinates":[[-99.171655,19.493418],[-99.171773,19.493719]]}},{"type":"Feature","properties":{},"geometry":{"type":"LineString","coordinates":[[-99.171773,19.493719],[-99.171886,19.494014]]}},{"type":"Feature","properties":{},"geometry":{"type":"LineString","coordinates":[[-99.171886,19.494014],[-99.172268,19.494972]]}},{"type":"Feature","properties":{},"geometry":{"type":"LineString","coordinates":[[-99.172268,19.494972],[-99.173171,19.497307]]}},{"type":"Feature","properties":{},"geometry":{"type":"LineString","coordinates":[[-99.173171,19.497307],[-99.173485,19.498217]]}},{"type":"Feature","properties":{},"geometry":{"type":"LineString","coordinates":[[-99.173485,19.498217],[-99.173641,19.498692]]}},{"type":"Feature","properties":{},"geometry":{"type":"LineString","coordinates":[[-99.173641,19.498692],[-99.173798,19.499155]]}},{"type":"Feature","properties":{},"geometry":{"type":"LineString","coordinates":[[-99.173798,19.499155],[-99.173975,19.499634]]}},{"type":"Feature","properties":{},"geometry":{"type":"LineString","coordinates":[[-99.173975,19.499634],[-99.174107,19.499965]]}},{"type":"Feature","properties":{},"geometry":{"type":"LineString","coordinates":[[-99.174107,19.499965],[-99.174315,19.500477]]}},{"type":"Feature","properties":{},"geometry":{"type":"LineString","coordinates":[[-99.174315,19.500477],[-99.174485,19.500882]]}},{"type":"Feature","properties":{},"geometry":{"type":"LineString","coordinates":[[-99.174485,19.500882],[-99.174677,19.501299]]}},{"type":"Feature","properties":{},"geometry":{"type":"LineString","coordinates":[[-99.174677,19.501299],[-99.174864,19.501709]]}},{"type":"Feature","properties":{},"geometry":{"type":"LineString","coordinates":[[-99.174864,19.501709],[-99.175051,19.502122]]}},{"type":"Feature","properties":{},"geometry":{"type":"LineString","coordinates":[[-99.175051,19.502122],[-99.175232,19.502538]]}},{"type":"Feature","properties":{},"geometry":{"type":"LineString","coordinates":[[-99.175232,19.502538],[-99.175404,19.502957]]}},{"type":"Feature","properties":{},"geometry":{"type":"LineString","coordinates":[[-99.175404,19.502957],[-99.175575,19.503391]]}},{"type":"Feature","properties":{},"geometry":{"type":"LineString","coordinates":[[-99.175575,19.503391],[-99.175895,19.504204]]}},{"type":"Feature","properties":{},"geometry":{"type":"LineString","coordinates":[[-99.175895,19.504204],[-99.176236,19.505096]]}},{"type":"Feature","properties":{},"geometry":{"type":"LineString","coordinates":[[-99.176236,19.505096],[-99.176323,19.50535]]}},{"type":"Feature","properties":{},"geometry":{"type":"LineString","coordinates":[[-99.176323,19.50535],[-99.176393,19.505566]]}},{"type":"Feature","properties":{},"geometry":{"type":"LineString","coordinates":[[-99.176393,19.505566],[-99.176534,19.506035]]}},{"type":"Feature","properties":{},"geometry":{"type":"LineString","coordinates":[[-99.176534,19.506035],[-99.176591,19.506226]]}},{"type":"Feature","properties":{},"geometry":{"type":"LineString","coordinates":[[-99.176591,19.506226],[-99.176697,19.506595]]}},{"type":"Feature","properties":{},"geometry":{"type":"LineString","coordinates":[[-99.176697,19.506595],[-99.176746,19.506761]]}},{"type":"Feature","properties":{},"geometry":{"type":"LineString","coordinates":[[-99.176746,19.506761],[-99.176789,19.506913]]}},{"type":"Feature","properties":{},"geometry":{"type":"LineString","coordinates":[[-99.176789,19.506913],[-99.176866,19.507207]]}},{"type":"Feature","properties":{},"geometry":{"type":"LineString","coordinates":[[-99.176866,19.507207],[-99.176911,19.5074]]}},{"type":"Feature","properties":{},"geometry":{"type":"LineString","coordinates":[[-99.176911,19.5074],[-99.177016,19.507814]]}},{"type":"Feature","properties":{},"geometry":{"type":"LineString","coordinates":[[-99.177016,19.507814],[-99.177143,19.508319]]}},{"type":"Feature","properties":{},"geometry":{"type":"LineString","coordinates":[[-99.177143,19.508319],[-99.177268,19.508821]]}},{"type":"Feature","properties":{},"geometry":{"type":"LineString","coordinates":[[-99.177268,19.508821],[-99.177398,19.509328]]}},{"type":"Feature","properties":{},"geometry":{"type":"LineString","coordinates":[[-99.177398,19.509328],[-99.177526,19.509827]]}},{"type":"Feature","properties":{},"geometry":{"type":"LineString","coordinates":[[-99.177526,19.509827],[-99.177611,19.510159]]}},{"type":"Feature","properties":{},"geometry":{"type":"LineString","coordinates":[[-99.177611,19.510159],[-99.177735,19.510677]]}},{"type":"Feature","properties":{},"geometry":{"type":"LineString","coordinates":[[-99.177735,19.510677],[-99.177818,19.51108]]}},{"type":"Feature","properties":{},"geometry":{"type":"LineString","coordinates":[[-99.177818,19.51108],[-99.1779,19.511633]]}},{"type":"Feature","properties":{},"geometry":{"type":"LineString","coordinates":[[-99.1779,19.511633],[-99.177972,19.512492]]}},{"type":"Feature","properties":{},"geometry":{"type":"LineString","coordinates":[[-99.177972,19.512492],[-99.178057,19.513628]]}},{"type":"Feature","properties":{},"geometry":{"type":"LineString","coordinates":[[-99.178057,19.513628],[-99.178124,19.514655]]}},{"type":"Feature","properties":{},"geometry":{"type":"LineString","coordinates":[[-99.178124,19.514655],[-99.178191,19.515714]]}},{"type":"Feature","properties":{},"geometry":{"type":"LineString","coordinates":[[-99.178191,19.515714],[-99.178239,19.516362]]}},{"type":"Feature","properties":{},"geometry":{"type":"LineString","coordinates":[[-99.178239,19.516362],[-99.178309,19.517365]]}},{"type":"Feature","properties":{},"geometry":{"type":"LineString","coordinates":[[-99.178309,19.517365],[-99.178393,19.518514]]}},{"type":"Feature","properties":{},"geometry":{"type":"LineString","coordinates":[[-99.178393,19.518514],[-99.178469,19.519618]]}},{"type":"Feature","properties":{},"geometry":{"type":"LineString","coordinates":[[-99.178469,19.519618],[-99.178599,19.521219]]}},{"type":"Feature","properties":{},"geometry":{"type":"LineString","coordinates":[[-99.178599,19.521219],[-99.178859,19.522676]]}},{"type":"Feature","properties":{},"geometry":{"type":"LineString","coordinates":[[-99.178859,19.522676],[-99.179122,19.524035]]}},{"type":"Feature","properties":{},"geometry":{"type":"LineString","coordinates":[[-99.179122,19.524035],[-99.179252,19.524682]]}},{"type":"Feature","properties":{},"geometry":{"type":"LineString","coordinates":[[-99.179252,19.524682],[-99.179599,19.525429]]}},{"type":"Feature","properties":{},"geometry":{"type":"LineString","coordinates":[[-99.179599,19.525429],[-99.179978,19.526259]]}},{"type":"Feature","properties":{},"geometry":{"type":"LineString","coordinates":[[-99.179978,19.526259],[-99.180244,19.52685]]}},{"type":"Feature","properties":{},"geometry":{"type":"LineString","coordinates":[[-99.180244,19.52685],[-99.180783,19.528018]]}},{"type":"Feature","properties":{},"geometry":{"type":"LineString","coordinates":[[-99.180783,19.528018],[-99.18129,19.529111]]}},{"type":"Feature","properties":{},"geometry":{"type":"LineString","coordinates":[[-99.18129,19.529111],[-99.181481,19.529533]]}},{"type":"Feature","properties":{},"geometry":{"type":"LineString","coordinates":[[-99.181481,19.529533],[-99.181665,19.529941]]}},{"type":"Feature","properties":{},"geometry":{"type":"LineString","coordinates":[[-99.181665,19.529941],[-99.181891,19.530425]]}},{"type":"Feature","properties":{},"geometry":{"type":"LineString","coordinates":[[-99.181891,19.530425],[-99.182166,19.531017]]}},{"type":"Feature","properties":{},"geometry":{"type":"LineString","coordinates":[[-99.182166,19.531017],[-99.182448,19.531629]]}},{"type":"Feature","properties":{},"geometry":{"type":"LineString","coordinates":[[-99.182448,19.531629],[-99.182644,19.532057]]}},{"type":"Feature","properties":{},"geometry":{"type":"LineString","coordinates":[[-99.182644,19.532057],[-99.182714,19.532297]]}},{"type":"Feature","properties":{},"geometry":{"type":"LineString","coordinates":[[-99.182714,19.532297],[-99.182805,19.532668]]}},{"type":"Feature","properties":{},"geometry":{"type":"LineString","coordinates":[[-99.182805,19.532668],[-99.182854,19.532861]]}},{"type":"Feature","properties":{},"geometry":{"type":"LineString","coordinates":[[-99.182854,19.532861],[-99.18292,19.53314]]}},{"type":"Feature","properties":{},"geometry":{"type":"LineString","coordinates":[[-99.18292,19.53314],[-99.18299,19.533259]]}},{"type":"Feature","properties":{},"geometry":{"type":"LineString","coordinates":[[-99.18299,19.533259],[-99.18299,19.533259]]}},{"type":"Feature","properties":{},"geometry":{"type":"LineString","coordinates":[[-99.18299,19.533259],[-99.18299,19.533259]]}},{"type":"Feature","properties":{},"geometry":{"type":"LineString","coordinates":[[-99.18299,19.533259],[-99.182977,19.533262]]}},{"type":"Feature","properties":{},"geometry":{"type":"LineString","coordinates":[[-99.182977,19.533262],[-99.182977,19.533262]]}},{"type":"Feature","properties":{},"geometry":{"type":"LineString","coordinates":[[-99.182977,19.533262],[-99.182977,19.533262]]}},{"type":"Feature","properties":{},"geometry":{"type":"LineString","coordinates":[[-99.182977,19.533262],[-99.183245,19.534124]]}},{"type":"Feature","properties":{},"geometry":{"type":"LineString","coordinates":[[-99.183245,19.534124],[-99.183302,19.534332]]}},{"type":"Feature","properties":{},"geometry":{"type":"LineString","coordinates":[[-99.183302,19.534332],[-99.183273,19.534385]]}},{"type":"Feature","properties":{},"geometry":{"type":"LineString","coordinates":[[-99.183273,19.534385],[-99.183343,19.534775]]}},{"type":"Feature","properties":{},"geometry":{"type":"LineString","coordinates":[[-99.183343,19.534775],[-99.183478,19.535333]]}},{"type":"Feature","properties":{},"geometry":{"type":"LineString","coordinates":[[-99.183478,19.535333],[-99.183547,19.535595]]}},{"type":"Feature","properties":{},"geometry":{"type":"LineString","coordinates":[[-99.183547,19.535595],[-99.184312,19.538598]]}},{"type":"Feature","properties":{},"geometry":{"type":"LineString","coordinates":[[-99.184312,19.538598],[-99.184404,19.539009]]}},{"type":"Feature","properties":{},"geometry":{"type":"LineString","coordinates":[[-99.184404,19.539009],[-99.184513,19.539465]]}},{"type":"Feature","properties":{},"geometry":{"type":"LineString","coordinates":[[-99.184513,19.539465],[-99.184727,19.540277]]}},{"type":"Feature","properties":{},"geometry":{"type":"LineString","coordinates":[[-99.184727,19.540277],[-99.184791,19.540528]]}},{"type":"Feature","properties":{},"geometry":{"type":"LineString","coordinates":[[-99.184791,19.540528],[-99.185365,19.54281]]}},{"type":"Feature","properties":{},"geometry":{"type":"LineString","coordinates":[[-99.185365,19.54281],[-99.185763,19.544333]]}},{"type":"Feature","properties":{},"geometry":{"type":"LineString","coordinates":[[-99.185763,19.544333],[-99.186045,19.545504]]}},{"type":"Feature","properties":{},"geometry":{"type":"LineString","coordinates":[[-99.186045,19.545504],[-99.186313,19.546555]]}},{"type":"Feature","properties":{},"geometry":{"type":"LineString","coordinates":[[-99.186313,19.546555],[-99.186533,19.547429]]}},{"type":"Feature","properties":{},"geometry":{"type":"LineString","coordinates":[[-99.186533,19.547429],[-99.186859,19.548755]]}},{"type":"Feature","properties":{},"geometry":{"type":"LineString","coordinates":[[-99.186859,19.548755],[-99.187126,19.549799]]}},{"type":"Feature","properties":{},"geometry":{"type":"LineString","coordinates":[[-99.187126,19.549799],[-99.187418,19.550954]]}},{"type":"Feature","properties":{},"geometry":{"type":"LineString","coordinates":[[-99.187418,19.550954],[-99.187808,19.55243]]}},{"type":"Feature","properties":{},"geometry":{"type":"LineString","coordinates":[[-99.187808,19.55243],[-99.18788,19.552413]]}},{"type":"Feature","properties":{},"geometry":{"type":"LineString","coordinates":[[-99.18788,19.552413],[-99.188065,19.553112]]}},{"type":"Feature","properties":{},"geometry":{"type":"LineString","coordinates":[[-99.188065,19.553112],[-99.188078,19.553107]]}},{"type":"Feature","properties":{},"geometry":{"type":"LineString","coordinates":[[-99.188078,19.553107],[-99.18812,19.553272]]}},{"type":"Feature","properties":{},"geometry":{"type":"LineString","coordinates":[[-99.18812,19.553272],[-99.18812,19.553272]]}},{"type":"Feature","properties":{},"geometry":{"type":"LineString","coordinates":[[-99.18812,19.553272],[-99.18812,19.553272]]}},{"type":"Feature","properties":{},"geometry":{"type":"LineString","coordinates":[[-99.18812,19.553272],[-99.188007,19.553358]]}},{"type":"Feature","properties":{},"geometry":{"type":"LineString","coordinates":[[-99.188007,19.553358],[-99.188007,19.553358]]}},{"type":"Feature","properties":{},"geometry":{"type":"LineString","coordinates":[[-99.188007,19.553358],[-99.188007,19.553358]]}},{"type":"Feature","properties":{},"geometry":{"type":"LineString","coordinates":[[-99.188007,19.553358],[-99.18806,19.553628]]}},{"type":"Feature","properties":{},"geometry":{"type":"LineString","coordinates":[[-99.18806,19.553628],[-99.188241,19.554039]]}},{"type":"Feature","properties":{},"geometry":{"type":"LineString","coordinates":[[-99.188241,19.554039],[-99.188348,19.554272]]}},{"type":"Feature","properties":{},"geometry":{"type":"LineString","coordinates":[[-99.188348,19.554272],[-99.188321,19.554299]]}},{"type":"Feature","properties":{},"geometry":{"type":"LineString","coordinates":[[-99.188321,19.554299],[-99.188321,19.554299]]}},{"type":"Feature","properties":{},"geometry":{"type":"LineString","coordinates":[[-99.188321,19.554299],[-99.188321,19.554299]]}},{"type":"Feature","properties":{},"geometry":{"type":"LineString","coordinates":[[-99.188321,19.554299],[-99.188573,19.554775]]}},{"type":"Feature","properties":{},"geometry":{"type":"LineString","coordinates":[[-99.188573,19.554775],[-99.188768,19.555093]]}},{"type":"Feature","properties":{},"geometry":{"type":"LineString","coordinates":[[-99.188768,19.555093],[-99.188747,19.555141]]}},{"type":"Feature","properties":{},"geometry":{"type":"LineString","coordinates":[[-99.188747,19.555141],[-99.188823,19.555253]]}},{"type":"Feature","properties":{},"geometry":{"type":"LineString","coordinates":[[-99.188823,19.555253],[-99.188854,19.555235]]}},{"type":"Feature","properties":{},"geometry":{"type":"LineString","coordinates":[[-99.188854,19.555235],[-99.188952,19.555364]]}},{"type":"Feature","properties":{},"geometry":{"type":"LineString","coordinates":[[-99.188952,19.555364],[-99.189213,19.555669]]}},{"type":"Feature","properties":{},"geometry":{"type":"LineString","coordinates":[[-99.189213,19.555669],[-99.189381,19.555838]]}},{"type":"Feature","properties":{},"geometry":{"type":"LineString","coordinates":[[-99.189381,19.555838],[-99.189629,19.556038]]}},{"type":"Feature","properties":{},"geometry":{"type":"LineString","coordinates":[[-99.189629,19.556038],[-99.190835,19.556982]]}},{"type":"Feature","properties":{},"geometry":{"type":"LineString","coordinates":[[-99.190835,19.556982],[-99.191509,19.557418]]}},{"type":"Feature","properties":{},"geometry":{"type":"LineString","coordinates":[[-99.191509,19.557418],[-99.191553,19.557451]]}},{"type":"Feature","properties":{},"geometry":{"type":"LineString","coordinates":[[-99.191553,19.557451],[-99.19159,19.557419]]}},{"type":"Feature","properties":{},"geometry":{"type":"LineString","coordinates":[[-99.19159,19.557419],[-99.191704,19.557514]]}},{"type":"Feature","properties":{},"geometry":{"type":"LineString","coordinates":[[-99.191704,19.557514],[-99.191776,19.557584]]}},{"type":"Feature","properties":{},"geometry":{"type":"LineString","coordinates":[[-99.191776,19.557584],[-99.191851,19.557656]]}},{"type":"Feature","properties":{},"geometry":{"type":"LineString","coordinates":[[-99.191851,19.557656],[-99.191955,19.557754]]}},{"type":"Feature","properties":{},"geometry":{"type":"LineString","coordinates":[[-99.191955,19.557754],[-99.192746,19.55856]]}},{"type":"Feature","properties":{},"geometry":{"type":"LineString","coordinates":[[-99.192746,19.55856],[-99.192941,19.558775]]}},{"type":"Feature","properties":{},"geometry":{"type":"LineString","coordinates":[[-99.192941,19.558775],[-99.19315,19.559019]]}},{"type":"Feature","properties":{},"geometry":{"type":"LineString","coordinates":[[-99.19315,19.559019],[-99.193376,19.559323]]}},{"type":"Feature","properties":{},"geometry":{"type":"LineString","coordinates":[[-99.193376,19.559323],[-99.193598,19.559656]]}},{"type":"Feature","properties":{},"geometry":{"type":"LineString","coordinates":[[-99.193598,19.559656],[-99.193771,19.559951]]}},{"type":"Feature","properties":{},"geometry":{"type":"LineString","coordinates":[[-99.193771,19.559951],[-99.194075,19.560487]]}},{"type":"Feature","properties":{},"geometry":{"type":"LineString","coordinates":[[-99.194075,19.560487],[-99.194265,19.56085]]}},{"type":"Feature","properties":{},"geometry":{"type":"LineString","coordinates":[[-99.194265,19.56085],[-99.194334,19.560989]]}},{"type":"Feature","properties":{},"geometry":{"type":"LineString","coordinates":[[-99.194334,19.560989],[-99.194422,19.561205]]}},{"type":"Feature","properties":{},"geometry":{"type":"LineString","coordinates":[[-99.194422,19.561205],[-99.194504,19.561432]]}},{"type":"Feature","properties":{},"geometry":{"type":"LineString","coordinates":[[-99.194504,19.561432],[-99.194568,19.561671]]}},{"type":"Feature","properties":{},"geometry":{"type":"LineString","coordinates":[[-99.194568,19.561671],[-99.194685,19.562116]]}},{"type":"Feature","properties":{},"geometry":{"type":"LineString","coordinates":[[-99.194685,19.562116],[-99.194745,19.562394]]}},{"type":"Feature","properties":{},"geometry":{"type":"LineString","coordinates":[[-99.194745,19.562394],[-99.194767,19.562563]]}},{"type":"Feature","properties":{},"geometry":{"type":"LineString","coordinates":[[-99.194767,19.562563],[-99.194828,19.563051]]}},{"type":"Feature","properties":{},"geometry":{"type":"LineString","coordinates":[[-99.194828,19.563051],[-99.194885,19.563341]]}},{"type":"Feature","properties":{},"geometry":{"type":"LineString","coordinates":[[-99.194885,19.563341],[-99.194974,19.563746]]}},{"type":"Feature","properties":{},"geometry":{"type":"LineString","coordinates":[[-99.194974,19.563746],[-99.195433,19.565819]]}},{"type":"Feature","properties":{},"geometry":{"type":"LineString","coordinates":[[-99.195433,19.565819],[-99.195434,19.565877]]}},{"type":"Feature","properties":{},"geometry":{"type":"LineString","coordinates":[[-99.195434,19.565877],[-99.195561,19.566452]]}},{"type":"Feature","properties":{},"geometry":{"type":"LineString","coordinates":[[-99.195561,19.566452],[-99.195634,19.566739]]}},{"type":"Feature","properties":{},"geometry":{"type":"LineString","coordinates":[[-99.195634,19.566739],[-99.195735,19.567052]]}},{"type":"Feature","properties":{},"geometry":{"type":"LineString","coordinates":[[-99.195735,19.567052],[-99.195781,19.56718]]}},{"type":"Feature","properties":{},"geometry":{"type":"LineString","coordinates":[[-99.195781,19.56718],[-99.195838,19.567407]]}},{"type":"Feature","properties":{},"geometry":{"type":"LineString","coordinates":[[-99.195838,19.567407],[-99.195961,19.567956]]}},{"type":"Feature","properties":{},"geometry":{"type":"LineString","coordinates":[[-99.195961,19.567956],[-99.196115,19.568677]]}},{"type":"Feature","properties":{},"geometry":{"type":"LineString","coordinates":[[-99.196115,19.568677],[-99.196198,19.569043]]}},{"type":"Feature","properties":{},"geometry":{"type":"LineString","coordinates":[[-99.196198,19.569043],[-99.196198,19.569043]]}},{"type":"Feature","properties":{},"geometry":{"type":"LineString","coordinates":[[-99.196198,19.569043],[-99.196198,19.569043]]}},{"type":"Feature","properties":{},"geometry":{"type":"LineString","coordinates":[[-99.196198,19.569043],[-99.19619,19.569045]]}},{"type":"Feature","properties":{},"geometry":{"type":"LineString","coordinates":[[-99.19619,19.569045],[-99.19619,19.569045]]}},{"type":"Feature","properties":{},"geometry":{"type":"LineString","coordinates":[[-99.19619,19.569045],[-99.19619,19.569045]]}},{"type":"Feature","properties":{},"geometry":{"type":"LineString","coordinates":[[-99.19619,19.569045],[-99.196228,19.569247]]}},{"type":"Feature","properties":{},"geometry":{"type":"LineString","coordinates":[[-99.196228,19.569247],[-99.196228,19.569247]]}},{"type":"Feature","properties":{},"geometry":{"type":"LineString","coordinates":[[-99.196228,19.569247],[-99.196228,19.569247]]}},{"type":"Feature","properties":{},"geometry":{"type":"LineString","coordinates":[[-99.196228,19.569247],[-99.196185,19.569257]]}},{"type":"Feature","properties":{},"geometry":{"type":"LineString","coordinates":[[-99.196185,19.569257],[-99.196185,19.569257]]}},{"type":"Feature","properties":{},"geometry":{"type":"LineString","coordinates":[[-99.196185,19.569257],[-99.196185,19.569257]]}},{"type":"Feature","properties":{},"geometry":{"type":"LineString","coordinates":[[-99.196185,19.569257],[-99.196213,19.569425]]}},{"type":"Feature","properties":{},"geometry":{"type":"LineString","coordinates":[[-99.196213,19.569425],[-99.196232,19.569598]]}},{"type":"Feature","properties":{},"geometry":{"type":"LineString","coordinates":[[-99.196232,19.569598],[-99.196224,19.569774]]}},{"type":"Feature","properties":{},"geometry":{"type":"LineString","coordinates":[[-99.196224,19.569774],[-99.196214,19.569853]]}},{"type":"Feature","properties":{},"geometry":{"type":"LineString","coordinates":[[-99.196214,19.569853],[-99.196225,19.569942]]}},{"type":"Feature","properties":{},"geometry":{"type":"LineString","coordinates":[[-99.196225,19.569942],[-99.196262,19.5701]]}},{"type":"Feature","properties":{},"geometry":{"type":"LineString","coordinates":[[-99.196262,19.5701],[-99.196414,19.570803]]}},{"type":"Feature","properties":{},"geometry":{"type":"LineString","coordinates":[[-99.196414,19.570803],[-99.196614,19.571706]]}},{"type":"Feature","properties":{},"geometry":{"type":"LineString","coordinates":[[-99.196614,19.571706],[-99.196776,19.571676]]}},{"type":"Feature","properties":{},"geometry":{"type":"LineString","coordinates":[[-99.196776,19.571676],[-99.197005,19.572716]]}},{"type":"Feature","properties":{},"geometry":{"type":"LineString","coordinates":[[-99.197005,19.572716],[-99.197255,19.573889]]}},{"type":"Feature","properties":{},"geometry":{"type":"LineString","coordinates":[[-99.197255,19.573889],[-99.197341,19.574267]]}},{"type":"Feature","properties":{},"geometry":{"type":"LineString","coordinates":[[-99.197341,19.574267],[-99.197422,19.574639]]}},{"type":"Feature","properties":{},"geometry":{"type":"LineString","coordinates":[[-99.197422,19.574639],[-99.197496,19.574971]]}},{"type":"Feature","properties":{},"geometry":{"type":"LineString","coordinates":[[-99.197496,19.574971],[-99.197559,19.575293]]}},{"type":"Feature","properties":{},"geometry":{"type":"LineString","coordinates":[[-99.197559,19.575293],[-99.197594,19.57548]]}},{"type":"Feature","properties":{},"geometry":{"type":"LineString","coordinates":[[-99.197594,19.57548],[-99.197627,19.575737]]}},{"type":"Feature","properties":{},"geometry":{"type":"LineString","coordinates":[[-99.197627,19.575737],[-99.197652,19.576095]]}},{"type":"Feature","properties":{},"geometry":{"type":"LineString","coordinates":[[-99.197652,19.576095],[-99.19765,19.576369]]}},{"type":"Feature","properties":{},"geometry":{"type":"LineString","coordinates":[[-99.19765,19.576369],[-99.197648,19.576504]]}},{"type":"Feature","properties":{},"geometry":{"type":"LineString","coordinates":[[-99.197648,19.576504],[-99.197628,19.57677]]}},{"type":"Feature","properties":{},"geometry":{"type":"LineString","coordinates":[[-99.197628,19.57677],[-99.197604,19.576951]]}},{"type":"Feature","properties":{},"geometry":{"type":"LineString","coordinates":[[-99.197604,19.576951],[-99.19755,19.577262]]}},{"type":"Feature","properties":{},"geometry":{"type":"LineString","coordinates":[[-99.19755,19.577262],[-99.197489,19.577523]]}},{"type":"Feature","properties":{},"geometry":{"type":"LineString","coordinates":[[-99.197489,19.577523],[-99.197406,19.577794]]}},{"type":"Feature","properties":{},"geometry":{"type":"LineString","coordinates":[[-99.197406,19.577794],[-99.197269,19.578157]]}},{"type":"Feature","properties":{},"geometry":{"type":"LineString","coordinates":[[-99.197269,19.578157],[-99.197198,19.578319]]}},{"type":"Feature","properties":{},"geometry":{"type":"LineString","coordinates":[[-99.197198,19.578319],[-99.197198,19.578319]]}},{"type":"Feature","properties":{},"geometry":{"type":"LineString","coordinates":[[-99.197198,19.578319],[-99.197198,19.578319]]}},{"type":"Feature","properties":{},"geometry":{"type":"LineString","coordinates":[[-99.197198,19.578319],[-99.197157,19.578306]]}},{"type":"Feature","properties":{},"geometry":{"type":"LineString","coordinates":[[-99.197157,19.578306],[-99.197157,19.578306]]}},{"type":"Feature","properties":{},"geometry":{"type":"LineString","coordinates":[[-99.197157,19.578306],[-99.197157,19.578306]]}},{"type":"Feature","properties":{},"geometry":{"type":"LineString","coordinates":[[-99.197157,19.578306],[-99.196997,19.578628]]}},{"type":"Feature","properties":{},"geometry":{"type":"LineString","coordinates":[[-99.196997,19.578628],[-99.196804,19.57891]]}},{"type":"Feature","properties":{},"geometry":{"type":"LineString","coordinates":[[-99.196804,19.57891],[-99.196659,19.579123]]}},{"type":"Feature","properties":{},"geometry":{"type":"LineString","coordinates":[[-99.196659,19.579123],[-99.196689,19.579139]]}},{"type":"Feature","properties":{},"geometry":{"type":"LineString","coordinates":[[-99.196689,19.579139],[-99.196591,19.579268]]}},{"type":"Feature","properties":{},"geometry":{"type":"LineString","coordinates":[[-99.196591,19.579268],[-99.196591,19.579268]]}},{"type":"Feature","properties":{},"geometry":{"type":"LineString","coordinates":[[-99.196591,19.579268],[-99.196591,19.579268]]}},{"type":"Feature","properties":{},"geometry":{"type":"LineString","coordinates":[[-99.196591,19.579268],[-99.196551,19.57925]]}},{"type":"Feature","properties":{},"geometry":{"type":"LineString","coordinates":[[-99.196551,19.57925],[-99.196551,19.57925]]}},{"type":"Feature","properties":{},"geometry":{"type":"LineString","coordinates":[[-99.196551,19.57925],[-99.196551,19.57925]]}},{"type":"Feature","properties":{},"geometry":{"type":"LineString","coordinates":[[-99.196551,19.57925],[-99.196479,19.579336]]}},{"type":"Feature","properties":{},"geometry":{"type":"LineString","coordinates":[[-99.196479,19.579336],[-99.196479,19.579336]]}},{"type":"Feature","properties":{},"geometry":{"type":"LineString","coordinates":[[-99.196479,19.579336],[-99.196479,19.579336]]}},{"type":"Feature","properties":{},"geometry":{"type":"LineString","coordinates":[[-99.196479,19.579336],[-99.196463,19.579327]]}},{"type":"Feature","properties":{},"geometry":{"type":"LineString","coordinates":[[-99.196463,19.579327],[-99.196463,19.579327]]}},{"type":"Feature","properties":{},"geometry":{"type":"LineString","coordinates":[[-99.196463,19.579327],[-99.196463,19.579327]]}},{"type":"Feature","properties":{},"geometry":{"type":"LineString","coordinates":[[-99.196463,19.579327],[-99.196243,19.579595]]}},{"type":"Feature","properties":{},"geometry":{"type":"LineString","coordinates":[[-99.196243,19.579595],[-99.196143,19.579699]]}},{"type":"Feature","properties":{},"geometry":{"type":"LineString","coordinates":[[-99.196143,19.579699],[-99.196002,19.579891]]}},{"type":"Feature","properties":{},"geometry":{"type":"LineString","coordinates":[[-99.196002,19.579891],[-99.195839,19.580063]]}},{"type":"Feature","properties":{},"geometry":{"type":"LineString","coordinates":[[-99.195839,19.580063],[-99.195839,19.580063]]}},{"type":"Feature","properties":{},"geometry":{"type":"LineString","coordinates":[[-99.195839,19.580063],[-99.195839,19.580063]]}},{"type":"Feature","properties":{},"geometry":{"type":"LineString","coordinates":[[-99.195839,19.580063],[-99.195337,19.580518]]}},{"type":"Feature","properties":{},"geometry":{"type":"LineString","coordinates":[[-99.195337,19.580518],[-99.195034,19.580707]]}},{"type":"Feature","properties":{},"geometry":{"type":"LineString","coordinates":[[-99.195034,19.580707],[-99.195034,19.580707]]}},{"type":"Feature","properties":{},"geometry":{"type":"LineString","coordinates":[[-99.195034,19.580707],[-99.195034,19.580707]]}},{"type":"Feature","properties":{},"geometry":{"type":"LineString","coordinates":[[-99.195034,19.580707],[-99.194968,19.580804]]}},{"type":"Feature","properties":{},"geometry":{"type":"LineString","coordinates":[[-99.194968,19.580804],[-99.194968,19.580804]]}},{"type":"Feature","properties":{},"geometry":{"type":"LineString","coordinates":[[-99.194968,19.580804],[-99.194968,19.580804]]}},{"type":"Feature","properties":{},"geometry":{"type":"LineString","coordinates":[[-99.194968,19.580804],[-99.194658,19.58108]]}},{"type":"Feature","properties":{},"geometry":{"type":"LineString","coordinates":[[-99.194658,19.58108],[-99.194658,19.58108]]}},{"type":"Feature","properties":{},"geometry":{"type":"LineString","coordinates":[[-99.194658,19.58108],[-99.194658,19.58108]]}},{"type":"Feature","properties":{},"geometry":{"type":"LineString","coordinates":[[-99.194658,19.58108],[-99.193384,19.582571]]}},{"type":"Feature","properties":{},"geometry":{"type":"LineString","coordinates":[[-99.193384,19.582571],[-99.192195,19.583927]]}},{"type":"Feature","properties":{},"geometry":{"type":"LineString","coordinates":[[-99.192195,19.583927],[-99.191746,19.584459]]}},{"type":"Feature","properties":{},"geometry":{"type":"LineString","coordinates":[[-99.191746,19.584459],[-99.19142,19.584984]]}},{"type":"Feature","properties":{},"geometry":{"type":"LineString","coordinates":[[-99.19142,19.584984],[-99.19128,19.5852]]}},{"type":"Feature","properties":{},"geometry":{"type":"LineString","coordinates":[[-99.19128,19.5852],[-99.190931,19.585721]]}},{"type":"Feature","properties":{},"geometry":{"type":"LineString","coordinates":[[-99.190931,19.585721],[-99.190794,19.585936]]}},{"type":"Feature","properties":{},"geometry":{"type":"LineString","coordinates":[[-99.190794,19.585936],[-99.190711,19.586061]]}},{"type":"Feature","properties":{},"geometry":{"type":"LineString","coordinates":[[-99.190711,19.586061],[-99.190558,19.586273]]}},{"type":"Feature","properties":{},"geometry":{"type":"LineString","coordinates":[[-99.190558,19.586273],[-99.190441,19.586422]]}},{"type":"Feature","properties":{},"geometry":{"type":"LineString","coordinates":[[-99.190441,19.586422],[-99.190261,19.586638]]}},{"type":"Feature","properties":{},"geometry":{"type":"LineString","coordinates":[[-99.190261,19.586638],[-99.190094,19.586834]]}},{"type":"Feature","properties":{},"geometry":{"type":"LineString","coordinates":[[-99.190094,19.586834],[-99.189842,19.587125]]}},{"type":"Feature","properties":{},"geometry":{"type":"LineString","coordinates":[[-99.189842,19.587125],[-99.189514,19.587508]]}},{"type":"Feature","properties":{},"geometry":{"type":"LineString","coordinates":[[-99.189514,19.587508],[-99.189198,19.587887]]}},{"type":"Feature","properties":{},"geometry":{"type":"LineString","coordinates":[[-99.189198,19.587887],[-99.188821,19.588313]]}},{"type":"Feature","properties":{},"geometry":{"type":"LineString","coordinates":[[-99.188821,19.588313],[-99.188479,19.588721]]}},{"type":"Feature","properties":{},"geometry":{"type":"LineString","coordinates":[[-99.188479,19.588721],[-99.188479,19.588721]]}},{"type":"Feature","properties":{},"geometry":{"type":"LineString","coordinates":[[-99.188479,19.588721],[-99.188479,19.588721]]}},{"type":"Feature","properties":{},"geometry":{"type":"LineString","coordinates":[[-99.188479,19.588721],[-99.188332,19.588613]]}},{"type":"Feature","properties":{},"geometry":{"type":"LineString","coordinates":[[-99.188332,19.588613],[-99.188332,19.588613]]}},{"type":"Feature","properties":{},"geometry":{"type":"LineString","coordinates":[[-99.188332,19.588613],[-99.188332,19.588613]]}},{"type":"Feature","properties":{},"geometry":{"type":"LineString","coordinates":[[-99.188332,19.588613],[-99.188159,19.588841]]}},{"type":"Feature","properties":{},"geometry":{"type":"LineString","coordinates":[[-99.188159,19.588841],[-99.187871,19.589194]]}},{"type":"Feature","properties":{},"geometry":{"type":"LineString","coordinates":[[-99.187871,19.589194],[-99.187596,19.589525]]}},{"type":"Feature","properties":{},"geometry":{"type":"LineString","coordinates":[[-99.187596,19.589525],[-99.187596,19.589525]]}},{"type":"Feature","properties":{},"geometry":{"type":"LineString","coordinates":[[-99.187596,19.589525],[-99.187596,19.589525]]}},{"type":"Feature","properties":{},"geometry":{"type":"LineString","coordinates":[[-99.187596,19.589525],[-99.18755,19.589496]]}},{"type":"Feature","properties":{},"geometry":{"type":"LineString","coordinates":[[-99.18755,19.589496],[-99.18755,19.589496]]}},{"type":"Feature","properties":{},"geometry":{"type":"LineString","coordinates":[[-99.18755,19.589496],[-99.18755,19.589496]]}},{"type":"Feature","properties":{},"geometry":{"type":"LineString","coordinates":[[-99.18755,19.589496],[-99.187407,19.589795]]}},{"type":"Feature","properties":{},"geometry":{"type":"LineString","coordinates":[[-99.187407,19.589795],[-99.187407,19.589795]]}},{"type":"Feature","properties":{},"geometry":{"type":"LineString","coordinates":[[-99.187407,19.589795],[-99.187407,19.589795]]}},{"type":"Feature","properties":{},"geometry":{"type":"LineString","coordinates":[[-99.187407,19.589795],[-99.187033,19.58968]]}},{"type":"Feature","properties":{},"geometry":{"type":"LineString","coordinates":[[-99.187033,19.58968],[-99.187033,19.58968]]}},{"type":"Feature","properties":{},"geometry":{"type":"LineString","coordinates":[[-99.187033,19.58968],[-99.187033,19.58968]]}},{"type":"Feature","properties":{},"geometry":{"type":"LineString","coordinates":[[-99.187033,19.58968],[-99.186631,19.590338]]}},{"type":"Feature","properties":{},"geometry":{"type":"LineString","coordinates":[[-99.186631,19.590338],[-99.186314,19.590818]]}},{"type":"Feature","properties":{},"geometry":{"type":"LineString","coordinates":[[-99.186314,19.590818],[-99.186142,19.591092]]}},{"type":"Feature","properties":{},"geometry":{"type":"LineString","coordinates":[[-99.186142,19.591092],[-99.186142,19.591092]]}},{"type":"Feature","properties":{},"geometry":{"type":"LineString","coordinates":[[-99.186142,19.591092],[-99.186142,19.591092]]}},{"type":"Feature","properties":{},"geometry":{"type":"LineString","coordinates":[[-99.186142,19.591092],[-99.186064,19.591153]]}},{"type":"Feature","properties":{},"geometry":{"type":"LineString","coordinates":[[-99.186064,19.591153],[-99.186064,19.591153]]}},{"type":"Feature","properties":{},"geometry":{"type":"LineString","coordinates":[[-99.186064,19.591153],[-99.186064,19.591153]]}},{"type":"Feature","properties":{},"geometry":{"type":"LineString","coordinates":[[-99.186064,19.591153],[-99.185816,19.592052]]}},{"type":"Feature","properties":{},"geometry":{"type":"LineString","coordinates":[[-99.185816,19.592052],[-99.185758,19.592278]]}},{"type":"Feature","properties":{},"geometry":{"type":"LineString","coordinates":[[-99.185758,19.592278],[-99.185678,19.592517]]}},{"type":"Feature","properties":{},"geometry":{"type":"LineString","coordinates":[[-99.185678,19.592517],[-99.185422,19.59388]]}},{"type":"Feature","properties":{},"geometry":{"type":"LineString","coordinates":[[-99.185422,19.59388],[-99.185398,19.594288]]}},{"type":"Feature","properties":{},"geometry":{"type":"LineString","coordinates":[[-99.185398,19.594288],[-99.185386,19.594623]]}},{"type":"Feature","properties":{},"geometry":{"type":"LineString","coordinates":[[-99.185386,19.594623],[-99.185407,19.595151]]}},{"type":"Feature","properties":{},"geometry":{"type":"LineString","coordinates":[[-99.185407,19.595151],[-99.185514,19.596444]]}},{"type":"Feature","properties":{},"geometry":{"type":"LineString","coordinates":[[-99.185514,19.596444],[-99.185548,19.5969]]}},{"type":"Feature","properties":{},"geometry":{"type":"LineString","coordinates":[[-99.185548,19.5969],[-99.185609,19.597604]]}},{"type":"Feature","properties":{},"geometry":{"type":"LineString","coordinates":[[-99.185609,19.597604],[-99.185757,19.598652]]}},{"type":"Feature","properties":{},"geometry":{"type":"LineString","coordinates":[[-99.185757,19.598652],[-99.185906,19.600479]]}},{"type":"Feature","properties":{},"geometry":{"type":"LineString","coordinates":[[-99.185906,19.600479],[-99.186007,19.601835]]}},{"type":"Feature","properties":{},"geometry":{"type":"LineString","coordinates":[[-99.186007,19.601835],[-99.186042,19.602248]]}},{"type":"Feature","properties":{},"geometry":{"type":"LineString","coordinates":[[-99.186042,19.602248],[-99.18606,19.602507]]}},{"type":"Feature","properties":{},"geometry":{"type":"LineString","coordinates":[[-99.18606,19.602507],[-99.186107,19.603165]]}},{"type":"Feature","properties":{},"geometry":{"type":"LineString","coordinates":[[-99.186107,19.603165],[-99.18615,19.603571]]}},{"type":"Feature","properties":{},"geometry":{"type":"LineString","coordinates":[[-99.18615,19.603571],[-99.186326,19.603554]]}},{"type":"Feature","properties":{},"geometry":{"type":"LineString","coordinates":[[-99.186326,19.603554],[-99.186359,19.603998]]}},{"type":"Feature","properties":{},"geometry":{"type":"LineString","coordinates":[[-99.186359,19.603998],[-99.186379,19.60442]]}},{"type":"Feature","properties":{},"geometry":{"type":"LineString","coordinates":[[-99.186379,19.60442],[-99.18643,19.604795]]}},{"type":"Feature","properties":{},"geometry":{"type":"LineString","coordinates":[[-99.18643,19.604795],[-99.186455,19.605325]]}},{"type":"Feature","properties":{},"geometry":{"type":"LineString","coordinates":[[-99.186455,19.605325],[-99.186461,19.605576]]}},{"type":"Feature","properties":{},"geometry":{"type":"LineString","coordinates":[[-99.186461,19.605576],[-99.186462,19.605806]]}},{"type":"Feature","properties":{},"geometry":{"type":"LineString","coordinates":[[-99.186462,19.605806],[-99.186449,19.606131]]}},{"type":"Feature","properties":{},"geometry":{"type":"LineString","coordinates":[[-99.186449,19.606131],[-99.186438,19.606245]]}},{"type":"Feature","properties":{},"geometry":{"type":"LineString","coordinates":[[-99.186438,19.606245],[-99.186435,19.606295]]}},{"type":"Feature","properties":{},"geometry":{"type":"LineString","coordinates":[[-99.186435,19.606295],[-99.186433,19.606343]]}},{"type":"Feature","properties":{},"geometry":{"type":"LineString","coordinates":[[-99.186433,19.606343],[-99.186415,19.606547]]}},{"type":"Feature","properties":{},"geometry":{"type":"LineString","coordinates":[[-99.186415,19.606547],[-99.186389,19.606721]]}},{"type":"Feature","properties":{},"geometry":{"type":"LineString","coordinates":[[-99.186389,19.606721],[-99.186369,19.606841]]}},{"type":"Feature","properties":{},"geometry":{"type":"LineString","coordinates":[[-99.186369,19.606841],[-99.186338,19.607015]]}},{"type":"Feature","properties":{},"geometry":{"type":"LineString","coordinates":[[-99.186338,19.607015],[-99.186242,19.607492]]}},{"type":"Feature","properties":{},"geometry":{"type":"LineString","coordinates":[[-99.186242,19.607492],[-99.18614,19.607971]]}},{"type":"Feature","properties":{},"geometry":{"type":"LineString","coordinates":[[-99.18614,19.607971],[-99.186057,19.608355]]}},{"type":"Feature","properties":{},"geometry":{"type":"LineString","coordinates":[[-99.18614,19.608352],[-99.186151,19.608295]]}},{"type":"Feature","properties":{},"geometry":{"type":"LineString","coordinates":[[-99.186151,19.608295],[-99.186187,19.608136]]}},{"type":"Feature","properties":{},"geometry":{"type":"LineString","coordinates":[[-99.186187,19.608136],[-99.186214,19.608007]]}},{"type":"Feature","properties":{},"geometry":{"type":"LineString","coordinates":[[-99.186214,19.608007],[-99.186247,19.607846]]}},{"type":"Feature","properties":{},"geometry":{"type":"LineString","coordinates":[[-99.186247,19.607846],[-99.186259,19.607849]]}},{"type":"Feature","properties":{},"geometry":{"type":"LineString","coordinates":[[-99.186259,19.607849],[-99.186268,19.60781]]}},{"type":"Feature","properties":{},"geometry":{"type":"LineString","coordinates":[[-99.186268,19.60781],[-99.186256,19.607806]]}},{"type":"Feature","properties":{},"geometry":{"type":"LineString","coordinates":[[-99.186256,19.607806],[-99.186298,19.607611]]}},{"type":"Feature","properties":{},"geometry":{"type":"LineString","coordinates":[[-99.186298,19.607611],[-99.186328,19.607471]]}},{"type":"Feature","properties":{},"geometry":{"type":"LineString","coordinates":[[-99.186328,19.607471],[-99.186347,19.607383]]}},{"type":"Feature","properties":{},"geometry":{"type":"LineString","coordinates":[[-99.186347,19.607383],[-99.186365,19.607295]]}},{"type":"Feature","properties":{},"geometry":{"type":"LineString","coordinates":[[-99.186365,19.607295],[-99.186385,19.607203]]}},{"type":"Feature","properties":{},"geometry":{"type":"LineString","coordinates":[[-99.186385,19.607203],[-99.186397,19.607141]]}},{"type":"Feature","properties":{},"geometry":{"type":"LineString","coordinates":[[-99.186397,19.607141],[-99.18641,19.607077]]}},{"type":"Feature","properties":{},"geometry":{"type":"LineString","coordinates":[[-99.18641,19.607077],[-99.186419,19.60703]]}},{"type":"Feature","properties":{},"geometry":{"type":"LineString","coordinates":[[-99.186419,19.60703],[-99.186431,19.606971]]}},{"type":"Feature","properties":{},"geometry":{"type":"LineString","coordinates":[[-99.186431,19.606971],[-99.186439,19.606924]]}},{"type":"Feature","properties":{},"geometry":{"type":"LineString","coordinates":[[-99.186439,19.606924],[-99.18645,19.606865]]}},{"type":"Feature","properties":{},"geometry":{"type":"LineString","coordinates":[[-99.18645,19.606865],[-99.186465,19.606778]]}},{"type":"Feature","properties":{},"geometry":{"type":"LineString","coordinates":[[-99.186465,19.606778],[-99.186475,19.606718]]}},{"type":"Feature","properties":{},"geometry":{"type":"LineString","coordinates":[[-99.186475,19.606718],[-99.186484,19.606656]]}},{"type":"Feature","properties":{},"geometry":{"type":"LineString","coordinates":[[-99.186484,19.606656],[-99.186501,19.606581]]}},{"type":"Feature","properties":{},"geometry":{"type":"LineString","coordinates":[[-99.186501,19.606581],[-99.186507,19.606539]]}},{"type":"Feature","properties":{},"geometry":{"type":"LineString","coordinates":[[-99.186507,19.606539],[-99.186533,19.606335]]}},{"type":"Feature","properties":{},"geometry":{"type":"LineString","coordinates":[[-99.186533,19.606335],[-99.18654,19.606239]]}},{"type":"Feature","properties":{},"geometry":{"type":"LineString","coordinates":[[-99.18654,19.606239],[-99.186548,19.606143]]}},{"type":"Feature","properties":{},"geometry":{"type":"LineString","coordinates":[[-99.186548,19.606143],[-99.186555,19.606047]]}},{"type":"Feature","properties":{},"geometry":{"type":"LineString","coordinates":[[-99.186555,19.606047],[-99.186558,19.605956]]}},{"type":"Feature","properties":{},"geometry":{"type":"LineString","coordinates":[[-99.186558,19.605956],[-99.186564,19.605816]]}},{"type":"Feature","properties":{},"geometry":{"type":"LineString","coordinates":[[-99.186564,19.605816],[-99.186563,19.605646]]}},{"type":"Feature","properties":{},"geometry":{"type":"LineString","coordinates":[[-99.186563,19.605646],[-99.186557,19.605419]]}},{"type":"Feature","properties":{},"geometry":{"type":"LineString","coordinates":[[-99.186557,19.605419],[-99.186551,19.605247]]}},{"type":"Feature","properties":{},"geometry":{"type":"LineString","coordinates":[[-99.186551,19.605247],[-99.186543,19.605097]]}},{"type":"Feature","properties":{},"geometry":{"type":"LineString","coordinates":[[-99.186543,19.605097],[-99.186529,19.60488]]}},{"type":"Feature","properties":{},"geometry":{"type":"LineString","coordinates":[[-99.186529,19.60488],[-99.186521,19.604766]]}},{"type":"Feature","properties":{},"geometry":{"type":"LineString","coordinates":[[-99.186521,19.604766],[-99.186511,19.604631]]}},{"type":"Feature","properties":{},"geometry":{"type":"LineString","coordinates":[[-99.186511,19.604631],[-99.18649,19.604356]]}},{"type":"Feature","properties":{},"geometry":{"type":"LineString","coordinates":[[-99.18649,19.604356],[-99.186489,19.604327]]}},{"type":"Feature","properties":{},"geometry":{"type":"LineString","coordinates":[[-99.186489,19.604327],[-99.186483,19.604266]]}},{"type":"Feature","properties":{},"geometry":{"type":"LineString","coordinates":[[-99.186483,19.604266],[-99.186478,19.604194]]}},{"type":"Feature","properties":{},"geometry":{"type":"LineString","coordinates":[[-99.186478,19.604194],[-99.186472,19.604121]]}},{"type":"Feature","properties":{},"geometry":{"type":"LineString","coordinates":[[-99.186472,19.604121],[-99.186467,19.60405]]}},{"type":"Feature","properties":{},"geometry":{"type":"LineString","coordinates":[[-99.186467,19.60405],[-99.18646,19.603969]]}},{"type":"Feature","properties":{},"geometry":{"type":"LineString","coordinates":[[-99.18646,19.603969],[-99.186455,19.603897]]}},{"type":"Feature","properties":{},"geometry":{"type":"LineString","coordinates":[[-99.186455,19.603897],[-99.186447,19.603807]]}},{"type":"Feature","properties":{},"geometry":{"type":"LineString","coordinates":[[-99.186447,19.603807],[-99.186441,19.603708]]}},{"type":"Feature","properties":{},"geometry":{"type":"LineString","coordinates":[[-99.186441,19.603708],[-99.186429,19.603561]]}},{"type":"Feature","properties":{},"geometry":{"type":"LineString","coordinates":[[-99.186429,19.603561],[-99.1862,19.600642]]}},{"type":"Feature","properties":{},"geometry":{"type":"LineString","coordinates":[[-99.1862,19.600642],[-99.186195,19.600607]]}},{"type":"Feature","properties":{},"geometry":{"type":"LineString","coordinates":[[-99.186195,19.600607],[-99.18604,19.598684]]}},{"type":"Feature","properties":{},"geometry":{"type":"LineString","coordinates":[[-99.18604,19.598684],[-99.185918,19.597153]]}},{"type":"Feature","properties":{},"geometry":{"type":"LineString","coordinates":[[-99.185918,19.597153],[-99.185904,19.596965]]}},{"type":"Feature","properties":{},"geometry":{"type":"LineString","coordinates":[[-99.185904,19.596965],[-99.185885,19.59674]]}},{"type":"Feature","properties":{},"geometry":{"type":"LineString","coordinates":[[-99.185885,19.59674],[-99.185871,19.596537]]}},{"type":"Feature","properties":{},"geometry":{"type":"LineString","coordinates":[[-99.185871,19.596537],[-99.185857,19.596367]]}},{"type":"Feature","properties":{},"geometry":{"type":"LineString","coordinates":[[-99.185857,19.596367],[-99.185845,19.596221]]}},{"type":"Feature","properties":{},"geometry":{"type":"LineString","coordinates":[[-99.185845,19.596221],[-99.185836,19.596105]]}},{"type":"Feature","properties":{},"geometry":{"type":"LineString","coordinates":[[-99.185836,19.596105],[-99.185824,19.595957]]}},{"type":"Feature","properties":{},"geometry":{"type":"LineString","coordinates":[[-99.185824,19.595957],[-99.185817,19.595854]]}},{"type":"Feature","properties":{},"geometry":{"type":"LineString","coordinates":[[-99.185817,19.595854],[-99.185804,19.59568]]}},{"type":"Feature","properties":{},"geometry":{"type":"LineString","coordinates":[[-99.185804,19.59568],[-99.185794,19.595561]]}},{"type":"Feature","properties":{},"geometry":{"type":"LineString","coordinates":[[-99.185794,19.595561],[-99.185784,19.59543]]}},{"type":"Feature","properties":{},"geometry":{"type":"LineString","coordinates":[[-99.185784,19.59543],[-99.185776,19.595306]]}},{"type":"Feature","properties":{},"geometry":{"type":"LineString","coordinates":[[-99.185776,19.595306],[-99.185769,19.595206]]}},{"type":"Feature","properties":{},"geometry":{"type":"LineString","coordinates":[[-99.185769,19.595206],[-99.185752,19.594973]]}},{"type":"Feature","properties":{},"geometry":{"type":"LineString","coordinates":[[-99.185752,19.594973],[-99.185745,19.594788]]}},{"type":"Feature","properties":{},"geometry":{"type":"LineString","coordinates":[[-99.185745,19.594788],[-99.185747,19.594618]]}},{"type":"Feature","properties":{},"geometry":{"type":"LineString","coordinates":[[-99.185747,19.594618],[-99.185747,19.594446]]}},{"type":"Feature","properties":{},"geometry":{"type":"LineString","coordinates":[[-99.185747,19.594446],[-99.185748,19.594329]]}},{"type":"Feature","properties":{},"geometry":{"type":"LineString","coordinates":[[-99.185748,19.594329],[-99.185751,19.594216]]}},{"type":"Feature","properties":{},"geometry":{"type":"LineString","coordinates":[[-99.185751,19.594216],[-99.185758,19.594134]]}},{"type":"Feature","properties":{},"geometry":{"type":"LineString","coordinates":[[-99.185758,19.594134],[-99.185766,19.594032]]}},{"type":"Feature","properties":{},"geometry":{"type":"LineString","coordinates":[[-99.185766,19.594032],[-99.185776,19.59394]]}},{"type":"Feature","properties":{},"geometry":{"type":"LineString","coordinates":[[-99.185776,19.59394],[-99.185787,19.593827]]}},{"type":"Feature","properties":{},"geometry":{"type":"LineString","coordinates":[[-99.185787,19.593827],[-99.185795,19.593746]]}},{"type":"Feature","properties":{},"geometry":{"type":"LineString","coordinates":[[-99.185795,19.593746],[-99.185807,19.593658]]}},{"type":"Feature","properties":{},"geometry":{"type":"LineString","coordinates":[[-99.185807,19.593658],[-99.18582,19.593574]]}},{"type":"Feature","properties":{},"geometry":{"type":"LineString","coordinates":[[-99.18582,19.593574],[-99.185837,19.593475]]}},{"type":"Feature","properties":{},"geometry":{"type":"LineString","coordinates":[[-99.185837,19.593475],[-99.185847,19.593416]]}},{"type":"Feature","properties":{},"geometry":{"type":"LineString","coordinates":[[-99.185847,19.593416],[-99.185862,19.593335]]}},{"type":"Feature","properties":{},"geometry":{"type":"LineString","coordinates":[[-99.185862,19.593335],[-99.185877,19.593265]]}},{"type":"Feature","properties":{},"geometry":{"type":"LineString","coordinates":[[-99.185877,19.593265],[-99.185924,19.593056]]}},{"type":"Feature","properties":{},"geometry":{"type":"LineString","coordinates":[[-99.185924,19.593056],[-99.185971,19.592871]]}},{"type":"Feature","properties":{},"geometry":{"type":"LineString","coordinates":[[-99.185971,19.592871],[-99.186013,19.592721]]}},{"type":"Feature","properties":{},"geometry":{"type":"LineString","coordinates":[[-99.186013,19.592721],[-99.18605,19.5926]]}},{"type":"Feature","properties":{},"geometry":{"type":"LineString","coordinates":[[-99.18605,19.5926],[-99.186093,19.59247]]}},{"type":"Feature","properties":{},"geometry":{"type":"LineString","coordinates":[[-99.186093,19.59247],[-99.186141,19.592336]]}},{"type":"Feature","properties":{},"geometry":{"type":"LineString","coordinates":[[-99.186141,19.592336],[-99.186193,19.592201]]}},{"type":"Feature","properties":{},"geometry":{"type":"LineString","coordinates":[[-99.186193,19.592201],[-99.186246,19.592066]]}},{"type":"Feature","properties":{},"geometry":{"type":"LineString","coordinates":[[-99.186246,19.592066],[-99.186273,19.592001]]}},{"type":"Feature","properties":{},"geometry":{"type":"LineString","coordinates":[[-99.186273,19.592001],[-99.186307,19.591924]]}},{"type":"Feature","properties":{},"geometry":{"type":"LineString","coordinates":[[-99.186307,19.591924],[-99.186344,19.591844]]}},{"type":"Feature","properties":{},"geometry":{"type":"LineString","coordinates":[[-99.186344,19.591844],[-99.186382,19.591763]]}},{"type":"Feature","properties":{},"geometry":{"type":"LineString","coordinates":[[-99.186382,19.591763],[-99.186415,19.591692]]}},{"type":"Feature","properties":{},"geometry":{"type":"LineString","coordinates":[[-99.186415,19.591692],[-99.186441,19.591636]]}},{"type":"Feature","properties":{},"geometry":{"type":"LineString","coordinates":[[-99.186441,19.591636],[-99.186479,19.59156]]}},{"type":"Feature","properties":{},"geometry":{"type":"LineString","coordinates":[[-99.186479,19.59156],[-99.186516,19.591491]]}},{"type":"Feature","properties":{},"geometry":{"type":"LineString","coordinates":[[-99.186516,19.591491],[-99.186559,19.591409]]}},{"type":"Feature","properties":{},"geometry":{"type":"LineString","coordinates":[[-99.186559,19.591409],[-99.186605,19.591326]]}},{"type":"Feature","properties":{},"geometry":{"type":"LineString","coordinates":[[-99.186605,19.591326],[-99.186657,19.591234]]}},{"type":"Feature","properties":{},"geometry":{"type":"LineString","coordinates":[[-99.186657,19.591234],[-99.186709,19.591147]]}},{"type":"Feature","properties":{},"geometry":{"type":"LineString","coordinates":[[-99.186709,19.591147],[-99.186752,19.591073]]}},{"type":"Feature","properties":{},"geometry":{"type":"LineString","coordinates":[[-99.186752,19.591073],[-99.186804,19.590991]]}},{"type":"Feature","properties":{},"geometry":{"type":"LineString","coordinates":[[-99.186804,19.590991],[-99.186857,19.590906]]}},{"type":"Feature","properties":{},"geometry":{"type":"LineString","coordinates":[[-99.186857,19.590906],[-99.186931,19.590796]]}},{"type":"Feature","properties":{},"geometry":{"type":"LineString","coordinates":[[-99.186931,19.590796],[-99.187017,19.59067]]}},{"type":"Feature","properties":{},"geometry":{"type":"LineString","coordinates":[[-99.187017,19.59067],[-99.187113,19.590538]]}},{"type":"Feature","properties":{},"geometry":{"type":"LineString","coordinates":[[-99.187113,19.590538],[-99.187158,19.590477]]}},{"type":"Feature","properties":{},"geometry":{"type":"LineString","coordinates":[[-99.187158,19.590477],[-99.187222,19.590391]]}},{"type":"Feature","properties":{},"geometry":{"type":"LineString","coordinates":[[-99.187222,19.590391],[-99.187267,19.590332]]}},{"type":"Feature","properties":{},"geometry":{"type":"LineString","coordinates":[[-99.187267,19.590332],[-99.187331,19.590248]]}},{"type":"Feature","properties":{},"geometry":{"type":"LineString","coordinates":[[-99.187331,19.590248],[-99.187377,19.590191]]}},{"type":"Feature","properties":{},"geometry":{"type":"LineString","coordinates":[[-99.187377,19.590191],[-99.18743,19.590125]]}},{"type":"Feature","properties":{},"geometry":{"type":"LineString","coordinates":[[-99.18743,19.590125],[-99.187475,19.59007]]}},{"type":"Feature","properties":{},"geometry":{"type":"LineString","coordinates":[[-99.187475,19.59007],[-99.187536,19.589996]]}},{"type":"Feature","properties":{},"geometry":{"type":"LineString","coordinates":[[-99.187536,19.589996],[-99.187597,19.58992]]}},{"type":"Feature","properties":{},"geometry":{"type":"LineString","coordinates":[[-99.187597,19.58992],[-99.187654,19.589853]]}},{"type":"Feature","properties":{},"geometry":{"type":"LineString","coordinates":[[-99.187654,19.589853],[-99.187696,19.589804]]}},{"type":"Feature","properties":{},"geometry":{"type":"LineString","coordinates":[[-99.187696,19.589804],[-99.18774,19.589752]]}},{"type":"Feature","properties":{},"geometry":{"type":"LineString","coordinates":[[-99.18774,19.589752],[-99.187807,19.589674]]}},{"type":"Feature","properties":{},"geometry":{"type":"LineString","coordinates":[[-99.187807,19.589674],[-99.187854,19.58962]]}},{"type":"Feature","properties":{},"geometry":{"type":"LineString","coordinates":[[-99.187854,19.58962],[-99.187916,19.589544]]}},{"type":"Feature","properties":{},"geometry":{"type":"LineString","coordinates":[[-99.187916,19.589544],[-99.18798,19.589471]]}},{"type":"Feature","properties":{},"geometry":{"type":"LineString","coordinates":[[-99.18798,19.589471],[-99.188027,19.589416]]}},{"type":"Feature","properties":{},"geometry":{"type":"LineString","coordinates":[[-99.188027,19.589416],[-99.188087,19.589346]]}},{"type":"Feature","properties":{},"geometry":{"type":"LineString","coordinates":[[-99.188087,19.589346],[-99.188444,19.588934]]}},{"type":"Feature","properties":{},"geometry":{"type":"LineString","coordinates":[[-99.188444,19.588934],[-99.188959,19.588338]]}},{"type":"Feature","properties":{},"geometry":{"type":"LineString","coordinates":[[-99.188959,19.588338],[-99.188997,19.588296]]}},{"type":"Feature","properties":{},"geometry":{"type":"LineString","coordinates":[[-99.188997,19.588296],[-99.18927,19.587978]]}},{"type":"Feature","properties":{},"geometry":{"type":"LineString","coordinates":[[-99.18927,19.587978],[-99.189984,19.587152]]}},{"type":"Feature","properties":{},"geometry":{"type":"LineString","coordinates":[[-99.189984,19.587152],[-99.190105,19.587011]]}},{"type":"Feature","properties":{},"geometry":{"type":"LineString","coordinates":[[-99.190105,19.587011],[-99.190248,19.586844]]}},{"type":"Feature","properties":{},"geometry":{"type":"LineString","coordinates":[[-99.190248,19.586844],[-99.190411,19.586648]]}},{"type":"Feature","properties":{},"geometry":{"type":"LineString","coordinates":[[-99.190411,19.586648],[-99.190569,19.586449]]}},{"type":"Feature","properties":{},"geometry":{"type":"LineString","coordinates":[[-99.190569,19.586449],[-99.190732,19.586233]]}},{"type":"Feature","properties":{},"geometry":{"type":"LineString","coordinates":[[-99.190732,19.586233],[-99.19082,19.586114]]}},{"type":"Feature","properties":{},"geometry":{"type":"LineString","coordinates":[[-99.19082,19.586114],[-99.190929,19.585949]]}},{"type":"Feature","properties":{},"geometry":{"type":"LineString","coordinates":[[-99.190929,19.585949],[-99.19103,19.585798]]}},{"type":"Feature","properties":{},"geometry":{"type":"LineString","coordinates":[[-99.19103,19.585798],[-99.191203,19.585523]]}},{"type":"Feature","properties":{},"geometry":{"type":"LineString","coordinates":[[-99.191203,19.585523],[-99.191467,19.585144]]}},{"type":"Feature","properties":{},"geometry":{"type":"LineString","coordinates":[[-99.191467,19.585144],[-99.191577,19.584985]]}},{"type":"Feature","properties":{},"geometry":{"type":"LineString","coordinates":[[-99.191577,19.584985],[-99.191761,19.584707]]}},{"type":"Feature","properties":{},"geometry":{"type":"LineString","coordinates":[[-99.191761,19.584707],[-99.191855,19.584584]]}},{"type":"Feature","properties":{},"geometry":{"type":"LineString","coordinates":[[-99.191855,19.584584],[-99.191964,19.584461]]}},{"type":"Feature","properties":{},"geometry":{"type":"LineString","coordinates":[[-99.191964,19.584461],[-99.192074,19.584326]]}},{"type":"Feature","properties":{},"geometry":{"type":"LineString","coordinates":[[-99.192074,19.584326],[-99.192205,19.584172]]}},{"type":"Feature","properties":{},"geometry":{"type":"LineString","coordinates":[[-99.192205,19.584172],[-99.192266,19.584101]]}},{"type":"Feature","properties":{},"geometry":{"type":"LineString","coordinates":[[-99.192266,19.584101],[-99.19226,19.584096]]}},{"type":"Feature","properties":{},"geometry":{"type":"LineString","coordinates":[[-99.19226,19.584096],[-99.194609,19.581345]]}},{"type":"Feature","properties":{},"geometry":{"type":"LineString","coordinates":[[-99.194609,19.581345],[-99.195111,19.580891]]}},{"type":"Feature","properties":{},"geometry":{"type":"LineString","coordinates":[[-99.195111,19.580891],[-99.195234,19.580782]]}},{"type":"Feature","properties":{},"geometry":{"type":"LineString","coordinates":[[-99.195234,19.580782],[-99.195361,19.58067]]}},{"type":"Feature","properties":{},"geometry":{"type":"LineString","coordinates":[[-99.195361,19.58067],[-99.195514,19.580536]]}},{"type":"Feature","properties":{},"geometry":{"type":"LineString","coordinates":[[-99.195514,19.580536],[-99.195645,19.580421]]}},{"type":"Feature","properties":{},"geometry":{"type":"LineString","coordinates":[[-99.195645,19.580421],[-99.195758,19.580321]]}},{"type":"Feature","properties":{},"geometry":{"type":"LineString","coordinates":[[-99.195758,19.580321],[-99.195874,19.580216]]}},{"type":"Feature","properties":{},"geometry":{"type":"LineString","coordinates":[[-99.195874,19.580216],[-99.195985,19.580117]]}},{"type":"Feature","properties":{},"geometry":{"type":"LineString","coordinates":[[-99.195985,19.580117],[-99.196125,19.57998]]}},{"type":"Feature","properties":{},"geometry":{"type":"LineString","coordinates":[[-99.196125,19.57998],[-99.196232,19.579879]]}},{"type":"Feature","properties":{},"geometry":{"type":"LineString","coordinates":[[-99.196232,19.579879],[-99.196364,19.579744]]}},{"type":"Feature","properties":{},"geometry":{"type":"LineString","coordinates":[[-99.196364,19.579744],[-99.196478,19.579621]]}},{"type":"Feature","properties":{},"geometry":{"type":"LineString","coordinates":[[-99.196478,19.579621],[-99.196559,19.579526]]}},{"type":"Feature","properties":{},"geometry":{"type":"LineString","coordinates":[[-99.196559,19.579526],[-99.196657,19.579419]]}},{"type":"Feature","properties":{},"geometry":{"type":"LineString","coordinates":[[-99.196657,19.579419],[-99.196646,19.57941]]}},{"type":"Feature","properties":{},"geometry":{"type":"LineString","coordinates":[[-99.196646,19.57941],[-99.196685,19.579367]]}},{"type":"Feature","properties":{},"geometry":{"type":"LineString","coordinates":[[-99.196685,19.579367],[-99.196742,19.57929]]}},{"type":"Feature","properties":{},"geometry":{"type":"LineString","coordinates":[[-99.196742,19.57929],[-99.1968,19.579212]]}},{"type":"Feature","properties":{},"geometry":{"type":"LineString","coordinates":[[-99.1968,19.579212],[-99.196868,19.579119]]}},{"type":"Feature","properties":{},"geometry":{"type":"LineString","coordinates":[[-99.196868,19.579119],[-99.196927,19.579032]]}},{"type":"Feature","properties":{},"geometry":{"type":"LineString","coordinates":[[-99.196927,19.579032],[-99.196975,19.578959]]}},{"type":"Feature","properties":{},"geometry":{"type":"LineString","coordinates":[[-99.196975,19.578959],[-99.197038,19.578855]]}},{"type":"Feature","properties":{},"geometry":{"type":"LineString","coordinates":[[-99.197038,19.578855],[-99.1971,19.578753]]}},{"type":"Feature","properties":{},"geometry":{"type":"LineString","coordinates":[[-99.1971,19.578753],[-99.197162,19.578646]]}},{"type":"Feature","properties":{},"geometry":{"type":"LineString","coordinates":[[-99.197162,19.578646],[-99.197213,19.57855]]}},{"type":"Feature","properties":{},"geometry":{"type":"LineString","coordinates":[[-99.197213,19.57855],[-99.197263,19.57845]]}},{"type":"Feature","properties":{},"geometry":{"type":"LineString","coordinates":[[-99.197263,19.57845],[-99.197311,19.578348]]}},{"type":"Feature","properties":{},"geometry":{"type":"LineString","coordinates":[[-99.197311,19.578348],[-99.197358,19.57824]]}},{"type":"Feature","properties":{},"geometry":{"type":"LineString","coordinates":[[-99.197358,19.57824],[-99.197395,19.578157]]}},{"type":"Feature","properties":{},"geometry":{"type":"LineString","coordinates":[[-99.197395,19.578157],[-99.197443,19.578035]]}},{"type":"Feature","properties":{},"geometry":{"type":"LineString","coordinates":[[-99.197443,19.578035],[-99.197477,19.577942]]}},{"type":"Feature","properties":{},"geometry":{"type":"LineString","coordinates":[[-99.197477,19.577942],[-99.197513,19.577837]]}},{"type":"Feature","properties":{},"geometry":{"type":"LineString","coordinates":[[-99.197513,19.577837],[-99.19755,19.577719]]}},{"type":"Feature","properties":{},"geometry":{"type":"LineString","coordinates":[[-99.19755,19.577719],[-99.197582,19.577608]]}},{"type":"Feature","properties":{},"geometry":{"type":"LineString","coordinates":[[-99.197582,19.577608],[-99.197604,19.577532]]}},{"type":"Feature","properties":{},"geometry":{"type":"LineString","coordinates":[[-99.197604,19.577532],[-99.197629,19.577429]]}},{"type":"Feature","properties":{},"geometry":{"type":"LineString","coordinates":[[-99.197629,19.577429],[-99.197651,19.577332]]}},{"type":"Feature","properties":{},"geometry":{"type":"LineString","coordinates":[[-99.197651,19.577332],[-99.19767,19.577243]]}},{"type":"Feature","properties":{},"geometry":{"type":"LineString","coordinates":[[-99.19767,19.577243],[-99.197694,19.57712]]}},{"type":"Feature","properties":{},"geometry":{"type":"LineString","coordinates":[[-99.197694,19.57712],[-99.197712,19.577012]]}},{"type":"Feature","properties":{},"geometry":{"type":"LineString","coordinates":[[-99.197712,19.577012],[-99.197724,19.576907]]}},{"type":"Feature","properties":{},"geometry":{"type":"LineString","coordinates":[[-99.197724,19.576907],[-99.197739,19.576793]]}},{"type":"Feature","properties":{},"geometry":{"type":"LineString","coordinates":[[-99.197739,19.576793],[-99.197748,19.576698]]}},{"type":"Feature","properties":{},"geometry":{"type":"LineString","coordinates":[[-99.197748,19.576698],[-99.197754,19.576598]]}},{"type":"Feature","properties":{},"geometry":{"type":"LineString","coordinates":[[-99.197754,19.576598],[-99.197761,19.57647]]}},{"type":"Feature","properties":{},"geometry":{"type":"LineString","coordinates":[[-99.197761,19.57647],[-99.197764,19.576378]]}},{"type":"Feature","properties":{},"geometry":{"type":"LineString","coordinates":[[-99.197764,19.576378],[-99.197764,19.576281]]}},{"type":"Feature","properties":{},"geometry":{"type":"LineString","coordinates":[[-99.197764,19.576281],[-99.197761,19.576188]]}},{"type":"Feature","properties":{},"geometry":{"type":"LineString","coordinates":[[-99.197761,19.576188],[-99.197759,19.576097]]}},{"type":"Feature","properties":{},"geometry":{"type":"LineString","coordinates":[[-99.197759,19.576097],[-99.197755,19.575982]]}},{"type":"Feature","properties":{},"geometry":{"type":"LineString","coordinates":[[-99.197755,19.575982],[-99.197748,19.575882]]}},{"type":"Feature","properties":{},"geometry":{"type":"LineString","coordinates":[[-99.197748,19.575882],[-99.197736,19.575759]]}},{"type":"Feature","properties":{},"geometry":{"type":"LineString","coordinates":[[-99.197736,19.575759],[-99.197722,19.57565]]}},{"type":"Feature","properties":{},"geometry":{"type":"LineString","coordinates":[[-99.197722,19.57565],[-99.19771,19.575556]]}},{"type":"Feature","properties":{},"geometry":{"type":"LineString","coordinates":[[-99.19771,19.575556],[-99.197694,19.575447]]}},{"type":"Feature","properties":{},"geometry":{"type":"LineString","coordinates":[[-99.197694,19.575447],[-99.197675,19.575335]]}},{"type":"Feature","properties":{},"geometry":{"type":"LineString","coordinates":[[-99.197675,19.575335],[-99.197657,19.575248]]}},{"type":"Feature","properties":{},"geometry":{"type":"LineString","coordinates":[[-99.197657,19.575248],[-99.197642,19.575161]]}},{"type":"Feature","properties":{},"geometry":{"type":"LineString","coordinates":[[-99.197642,19.575161],[-99.197618,19.575045]]}},{"type":"Feature","properties":{},"geometry":{"type":"LineString","coordinates":[[-99.197618,19.575045],[-99.197594,19.574932]]}},{"type":"Feature","properties":{},"geometry":{"type":"LineString","coordinates":[[-99.197594,19.574932],[-99.197573,19.574831]]}},{"type":"Feature","properties":{},"geometry":{"type":"LineString","coordinates":[[-99.197573,19.574831],[-99.197547,19.574713]]}},{"type":"Feature","properties":{},"geometry":{"type":"LineString","coordinates":[[-99.197547,19.574713],[-99.197524,19.574606]]}},{"type":"Feature","properties":{},"geometry":{"type":"LineString","coordinates":[[-99.197524,19.574606],[-99.1975,19.574494]]}},{"type":"Feature","properties":{},"geometry":{"type":"LineString","coordinates":[[-99.1975,19.574494],[-99.197476,19.574389]]}},{"type":"Feature","properties":{},"geometry":{"type":"LineString","coordinates":[[-99.197476,19.574389],[-99.197456,19.574294]]}},{"type":"Feature","properties":{},"geometry":{"type":"LineString","coordinates":[[-99.197456,19.574294],[-99.197425,19.574157]]}},{"type":"Feature","properties":{},"geometry":{"type":"LineString","coordinates":[[-99.197425,19.574157],[-99.197392,19.573997]]}},{"type":"Feature","properties":{},"geometry":{"type":"LineString","coordinates":[[-99.197392,19.573997],[-99.197375,19.573918]]}},{"type":"Feature","properties":{},"geometry":{"type":"LineString","coordinates":[[-99.197375,19.573918],[-99.197341,19.573769]]}},{"type":"Feature","properties":{},"geometry":{"type":"LineString","coordinates":[[-99.197341,19.573769],[-99.19731,19.573624]]}},{"type":"Feature","properties":{},"geometry":{"type":"LineString","coordinates":[[-99.19731,19.573624],[-99.197282,19.573495]]}},{"type":"Feature","properties":{},"geometry":{"type":"LineString","coordinates":[[-99.197282,19.573495],[-99.197259,19.573385]]}},{"type":"Feature","properties":{},"geometry":{"type":"LineString","coordinates":[[-99.197259,19.573385],[-99.19617,19.568416]]}},{"type":"Feature","properties":{},"geometry":{"type":"LineString","coordinates":[[-99.19617,19.568416],[-99.195875,19.567109]]}},{"type":"Feature","properties":{},"geometry":{"type":"LineString","coordinates":[[-99.195875,19.567109],[-99.19573,19.566456]]}},{"type":"Feature","properties":{},"geometry":{"type":"LineString","coordinates":[[-99.19573,19.566456],[-99.195589,19.565803]]}},{"type":"Feature","properties":{},"geometry":{"type":"LineString","coordinates":[[-99.195589,19.565803],[-99.195587,19.565774]]}},{"type":"Feature","properties":{},"geometry":{"type":"LineString","coordinates":[[-99.195587,19.565774],[-99.195079,19.563454]]}},{"type":"Feature","properties":{},"geometry":{"type":"LineString","coordinates":[[-99.195079,19.563454],[-99.195022,19.563194]]}},{"type":"Feature","properties":{},"geometry":{"type":"LineString","coordinates":[[-99.195022,19.563194],[-99.194983,19.563012]]}},{"type":"Feature","properties":{},"geometry":{"type":"LineString","coordinates":[[-99.194983,19.563012],[-99.194911,19.56267]]}},{"type":"Feature","properties":{},"geometry":{"type":"LineString","coordinates":[[-99.194911,19.56267],[-99.194875,19.562498]]}},{"type":"Feature","properties":{},"geometry":{"type":"LineString","coordinates":[[-99.194875,19.562498],[-99.194818,19.562238]]}},{"type":"Feature","properties":{},"geometry":{"type":"LineString","coordinates":[[-99.194818,19.562238],[-99.194781,19.562063]]}},{"type":"Feature","properties":{},"geometry":{"type":"LineString","coordinates":[[-99.194781,19.562063],[-99.194757,19.561957]]}},{"type":"Feature","properties":{},"geometry":{"type":"LineString","coordinates":[[-99.194757,19.561957],[-99.19467,19.56158]]}},{"type":"Feature","properties":{},"geometry":{"type":"LineString","coordinates":[[-99.19467,19.56158],[-99.194644,19.561486]]}},{"type":"Feature","properties":{},"geometry":{"type":"LineString","coordinates":[[-99.194644,19.561486],[-99.194628,19.561426]]}},{"type":"Feature","properties":{},"geometry":{"type":"LineString","coordinates":[[-99.194628,19.561426],[-99.194606,19.561352]]}},{"type":"Feature","properties":{},"geometry":{"type":"LineString","coordinates":[[-99.194606,19.561352],[-99.194586,19.561284]]}},{"type":"Feature","properties":{},"geometry":{"type":"LineString","coordinates":[[-99.194586,19.561284],[-99.194564,19.561221]]}},{"type":"Feature","properties":{},"geometry":{"type":"LineString","coordinates":[[-99.194564,19.561221],[-99.194543,19.561164]]}},{"type":"Feature","properties":{},"geometry":{"type":"LineString","coordinates":[[-99.194543,19.561164],[-99.194524,19.561111]]}},{"type":"Feature","properties":{},"geometry":{"type":"LineString","coordinates":[[-99.194524,19.561111],[-99.194498,19.561043]]}},{"type":"Feature","properties":{},"geometry":{"type":"LineString","coordinates":[[-99.194498,19.561043],[-99.194477,19.560988]]}},{"type":"Feature","properties":{},"geometry":{"type":"LineString","coordinates":[[-99.194477,19.560988],[-99.194455,19.560931]]}},{"type":"Feature","properties":{},"geometry":{"type":"LineString","coordinates":[[-99.194455,19.560931],[-99.194428,19.560865]]}},{"type":"Feature","properties":{},"geometry":{"type":"LineString","coordinates":[[-99.194428,19.560865],[-99.194403,19.560809]]}},{"type":"Feature","properties":{},"geometry":{"type":"LineString","coordinates":[[-99.194403,19.560809],[-99.194382,19.560761]]}},{"type":"Feature","properties":{},"geometry":{"type":"LineString","coordinates":[[-99.194382,19.560761],[-99.194356,19.560704]]}},{"type":"Feature","properties":{},"geometry":{"type":"LineString","coordinates":[[-99.194356,19.560704],[-99.194326,19.560641]]}},{"type":"Feature","properties":{},"geometry":{"type":"LineString","coordinates":[[-99.194326,19.560641],[-99.1943,19.560588]]}},{"type":"Feature","properties":{},"geometry":{"type":"LineString","coordinates":[[-99.1943,19.560588],[-99.194266,19.560521]]}},{"type":"Feature","properties":{},"geometry":{"type":"LineString","coordinates":[[-99.194266,19.560521],[-99.194234,19.560458]]}},{"type":"Feature","properties":{},"geometry":{"type":"LineString","coordinates":[[-99.194234,19.560458],[-99.194147,19.5603]]}},{"type":"Feature","properties":{},"geometry":{"type":"LineString","coordinates":[[-99.194147,19.5603],[-99.193965,19.559977]]}},{"type":"Feature","properties":{},"geometry":{"type":"LineString","coordinates":[[-99.193965,19.559977],[-99.193878,19.559827]]}},{"type":"Feature","properties":{},"geometry":{"type":"LineString","coordinates":[[-99.193878,19.559827],[-99.193823,19.559735]]}},{"type":"Feature","properties":{},"geometry":{"type":"LineString","coordinates":[[-99.193823,19.559735],[-99.193761,19.559639]]}},{"type":"Feature","properties":{},"geometry":{"type":"LineString","coordinates":[[-99.193761,19.559639],[-99.193693,19.559536]]}},{"type":"Feature","properties":{},"geometry":{"type":"LineString","coordinates":[[-99.193693,19.559536],[-99.193634,19.559451]]}},{"type":"Feature","properties":{},"geometry":{"type":"LineString","coordinates":[[-99.193634,19.559451],[-99.193571,19.559363]]}},{"type":"Feature","properties":{},"geometry":{"type":"LineString","coordinates":[[-99.193571,19.559363],[-99.1935,19.559266]]}},{"type":"Feature","properties":{},"geometry":{"type":"LineString","coordinates":[[-99.1935,19.559266],[-99.193445,19.559195]]}},{"type":"Feature","properties":{},"geometry":{"type":"LineString","coordinates":[[-99.193445,19.559195],[-99.193376,19.559109]]}},{"type":"Feature","properties":{},"geometry":{"type":"LineString","coordinates":[[-99.193376,19.559109],[-99.193297,19.559016]]}},{"type":"Feature","properties":{},"geometry":{"type":"LineString","coordinates":[[-99.193297,19.559016],[-99.193237,19.558944]]}},{"type":"Feature","properties":{},"geometry":{"type":"LineString","coordinates":[[-99.193237,19.558944],[-99.193155,19.558855]]}},{"type":"Feature","properties":{},"geometry":{"type":"LineString","coordinates":[[-99.193155,19.558855],[-99.193091,19.558787]]}},{"type":"Feature","properties":{},"geometry":{"type":"LineString","coordinates":[[-99.193091,19.558787],[-99.193037,19.55873]]}},{"type":"Feature","properties":{},"geometry":{"type":"LineString","coordinates":[[-99.193037,19.55873],[-99.192971,19.558658]]}},{"type":"Feature","properties":{},"geometry":{"type":"LineString","coordinates":[[-99.192971,19.558658],[-99.192879,19.558562]]}},{"type":"Feature","properties":{},"geometry":{"type":"LineString","coordinates":[[-99.192879,19.558562],[-99.192788,19.558469]]}},{"type":"Feature","properties":{},"geometry":{"type":"LineString","coordinates":[[-99.192788,19.558469],[-99.192728,19.55841]]}},{"type":"Feature","properties":{},"geometry":{"type":"LineString","coordinates":[[-99.192728,19.55841],[-99.192636,19.558314]]}},{"type":"Feature","properties":{},"geometry":{"type":"LineString","coordinates":[[-99.192636,19.558314],[-99.192379,19.558054]]}},{"type":"Feature","properties":{},"geometry":{"type":"LineString","coordinates":[[-99.192379,19.558054],[-99.192137,19.557808]]}},{"type":"Feature","properties":{},"geometry":{"type":"LineString","coordinates":[[-99.192137,19.557808],[-99.192081,19.557752]]}},{"type":"Feature","properties":{},"geometry":{"type":"LineString","coordinates":[[-99.192081,19.557752],[-99.192007,19.557678]]}},{"type":"Feature","properties":{},"geometry":{"type":"LineString","coordinates":[[-99.192007,19.557678],[-99.191904,19.557577]]}},{"type":"Feature","properties":{},"geometry":{"type":"LineString","coordinates":[[-99.191904,19.557577],[-99.191853,19.557527]]}},{"type":"Feature","properties":{},"geometry":{"type":"LineString","coordinates":[[-99.191853,19.557527],[-99.191787,19.557464]]}},{"type":"Feature","properties":{},"geometry":{"type":"LineString","coordinates":[[-99.191787,19.557464],[-99.191732,19.557414]]}},{"type":"Feature","properties":{},"geometry":{"type":"LineString","coordinates":[[-99.191732,19.557414],[-99.191682,19.557369]]}},{"type":"Feature","properties":{},"geometry":{"type":"LineString","coordinates":[[-99.191682,19.557369],[-99.191625,19.557319]]}},{"type":"Feature","properties":{},"geometry":{"type":"LineString","coordinates":[[-99.191625,19.557319],[-99.191561,19.557263]]}},{"type":"Feature","properties":{},"geometry":{"type":"LineString","coordinates":[[-99.191561,19.557263],[-99.191486,19.557201]]}},{"type":"Feature","properties":{},"geometry":{"type":"LineString","coordinates":[[-99.191486,19.557201],[-99.191432,19.557154]]}},{"type":"Feature","properties":{},"geometry":{"type":"LineString","coordinates":[[-99.191432,19.557154],[-99.191381,19.557116]]}},{"type":"Feature","properties":{},"geometry":{"type":"LineString","coordinates":[[-99.191381,19.557116],[-99.191342,19.557086]]}},{"type":"Feature","properties":{},"geometry":{"type":"LineString","coordinates":[[-99.191342,19.557086],[-99.191308,19.557061]]}},{"type":"Feature","properties":{},"geometry":{"type":"LineString","coordinates":[[-99.191308,19.557061],[-99.191265,19.557029]]}},{"type":"Feature","properties":{},"geometry":{"type":"LineString","coordinates":[[-99.191265,19.557029],[-99.191216,19.556992]]}},{"type":"Feature","properties":{},"geometry":{"type":"LineString","coordinates":[[-99.191216,19.556992],[-99.191162,19.556952]]}},{"type":"Feature","properties":{},"geometry":{"type":"LineString","coordinates":[[-99.191162,19.556952],[-99.191121,19.556922]]}},{"type":"Feature","properties":{},"geometry":{"type":"LineString","coordinates":[[-99.191121,19.556922],[-99.191095,19.556901]]}},{"type":"Feature","properties":{},"geometry":{"type":"LineString","coordinates":[[-99.191095,19.556901],[-99.190746,19.556647]]}},{"type":"Feature","properties":{},"geometry":{"type":"LineString","coordinates":[[-99.190746,19.556647],[-99.190269,19.556293]]}},{"type":"Feature","properties":{},"geometry":{"type":"LineString","coordinates":[[-99.190269,19.556293],[-99.190189,19.556231]]}},{"type":"Feature","properties":{},"geometry":{"type":"LineString","coordinates":[[-99.190189,19.556231],[-99.190082,19.556146]]}},{"type":"Feature","properties":{},"geometry":{"type":"LineString","coordinates":[[-99.190082,19.556146],[-99.189972,19.556056]]}},{"type":"Feature","properties":{},"geometry":{"type":"LineString","coordinates":[[-99.189972,19.556056],[-99.189883,19.555981]]}},{"type":"Feature","properties":{},"geometry":{"type":"LineString","coordinates":[[-99.189883,19.555981],[-99.189806,19.555913]]}},{"type":"Feature","properties":{},"geometry":{"type":"LineString","coordinates":[[-99.189806,19.555913],[-99.189732,19.555847]]}},{"type":"Feature","properties":{},"geometry":{"type":"LineString","coordinates":[[-99.189732,19.555847],[-99.189637,19.555754]]}},{"type":"Feature","properties":{},"geometry":{"type":"LineString","coordinates":[[-99.189637,19.555754],[-99.189562,19.555679]]}},{"type":"Feature","properties":{},"geometry":{"type":"LineString","coordinates":[[-99.189562,19.555679],[-99.189482,19.555595]]}},{"type":"Feature","properties":{},"geometry":{"type":"LineString","coordinates":[[-99.189482,19.555595],[-99.18942,19.555527]]}},{"type":"Feature","properties":{},"geometry":{"type":"LineString","coordinates":[[-99.18942,19.555527],[-99.189356,19.555455]]}},{"type":"Feature","properties":{},"geometry":{"type":"LineString","coordinates":[[-99.189356,19.555455],[-99.189307,19.555399]]}},{"type":"Feature","properties":{},"geometry":{"type":"LineString","coordinates":[[-99.189307,19.555399],[-99.189251,19.555331]]}},{"type":"Feature","properties":{},"geometry":{"type":"LineString","coordinates":[[-99.189251,19.555331],[-99.189193,19.555258]]}},{"type":"Feature","properties":{},"geometry":{"type":"LineString","coordinates":[[-99.189193,19.555258],[-99.189143,19.555191]]}},{"type":"Feature","properties":{},"geometry":{"type":"LineString","coordinates":[[-99.189143,19.555191],[-99.189064,19.555087]]}},{"type":"Feature","properties":{},"geometry":{"type":"LineString","coordinates":[[-99.189064,19.555087],[-99.189027,19.555034]]}},{"type":"Feature","properties":{},"geometry":{"type":"LineString","coordinates":[[-99.189027,19.555034],[-99.188967,19.554948]]}},{"type":"Feature","properties":{},"geometry":{"type":"LineString","coordinates":[[-99.188967,19.554948],[-99.188915,19.55487]]}},{"type":"Feature","properties":{},"geometry":{"type":"LineString","coordinates":[[-99.188915,19.55487],[-99.188871,19.554801]]}},{"type":"Feature","properties":{},"geometry":{"type":"LineString","coordinates":[[-99.188871,19.554801],[-99.188843,19.554759]]}},{"type":"Feature","properties":{},"geometry":{"type":"LineString","coordinates":[[-99.188843,19.554759],[-99.188798,19.554683]]}},{"type":"Feature","properties":{},"geometry":{"type":"LineString","coordinates":[[-99.188798,19.554683],[-99.188757,19.554615]]}},{"type":"Feature","properties":{},"geometry":{"type":"LineString","coordinates":[[-99.188757,19.554615],[-99.18872,19.554547]]}},{"type":"Feature","properties":{},"geometry":{"type":"LineString","coordinates":[[-99.18872,19.554547],[-99.18869,19.554491]]}},{"type":"Feature","properties":{},"geometry":{"type":"LineString","coordinates":[[-99.18869,19.554491],[-99.188658,19.554429]]}},{"type":"Feature","properties":{},"geometry":{"type":"LineString","coordinates":[[-99.188658,19.554429],[-99.188629,19.554374]]}},{"type":"Feature","properties":{},"geometry":{"type":"LineString","coordinates":[[-99.188629,19.554374],[-99.188604,19.554324]]}},{"type":"Feature","properties":{},"geometry":{"type":"LineString","coordinates":[[-99.188604,19.554324],[-99.188561,19.554234]]}},{"type":"Feature","properties":{},"geometry":{"type":"LineString","coordinates":[[-99.188561,19.554234],[-99.188542,19.55419]]}},{"type":"Feature","properties":{},"geometry":{"type":"LineString","coordinates":[[-99.188542,19.55419],[-99.188513,19.554127]]}},{"type":"Feature","properties":{},"geometry":{"type":"LineString","coordinates":[[-99.188513,19.554127],[-99.188483,19.554059]]}},{"type":"Feature","properties":{},"geometry":{"type":"LineString","coordinates":[[-99.188483,19.554059],[-99.188462,19.554008]]}},{"type":"Feature","properties":{},"geometry":{"type":"LineString","coordinates":[[-99.188462,19.554008],[-99.188442,19.553956]]}},{"type":"Feature","properties":{},"geometry":{"type":"LineString","coordinates":[[-99.188442,19.553956],[-99.188422,19.553907]]}},{"type":"Feature","properties":{},"geometry":{"type":"LineString","coordinates":[[-99.188422,19.553907],[-99.188404,19.553854]]}},{"type":"Feature","properties":{},"geometry":{"type":"LineString","coordinates":[[-99.188404,19.553854],[-99.188379,19.553788]]}},{"type":"Feature","properties":{},"geometry":{"type":"LineString","coordinates":[[-99.188379,19.553788],[-99.188355,19.553716]]}},{"type":"Feature","properties":{},"geometry":{"type":"LineString","coordinates":[[-99.188355,19.553716],[-99.188332,19.553647]]}},{"type":"Feature","properties":{},"geometry":{"type":"LineString","coordinates":[[-99.188332,19.553647],[-99.188304,19.553555]]}},{"type":"Feature","properties":{},"geometry":{"type":"LineString","coordinates":[[-99.188304,19.553555],[-99.188279,19.553474]]}},{"type":"Feature","properties":{},"geometry":{"type":"LineString","coordinates":[[-99.188279,19.553474],[-99.188249,19.553373]]}},{"type":"Feature","properties":{},"geometry":{"type":"LineString","coordinates":[[-99.188249,19.553373],[-99.188225,19.553283]]}},{"type":"Feature","properties":{},"geometry":{"type":"LineString","coordinates":[[-99.188225,19.553283],[-99.188202,19.553196]]}},{"type":"Feature","properties":{},"geometry":{"type":"LineString","coordinates":[[-99.188202,19.553196],[-99.188179,19.55311]]}},{"type":"Feature","properties":{},"geometry":{"type":"LineString","coordinates":[[-99.188179,19.55311],[-99.188159,19.553034]]}},{"type":"Feature","properties":{},"geometry":{"type":"LineString","coordinates":[[-99.188159,19.553034],[-99.18814,19.552962]]}},{"type":"Feature","properties":{},"geometry":{"type":"LineString","coordinates":[[-99.18814,19.552962],[-99.188126,19.55291]]}},{"type":"Feature","properties":{},"geometry":{"type":"LineString","coordinates":[[-99.188126,19.55291],[-99.186096,19.544871]]}},{"type":"Feature","properties":{},"geometry":{"type":"LineString","coordinates":[[-99.186096,19.544871],[-99.186045,19.544667]]}},{"type":"Feature","properties":{},"geometry":{"type":"LineString","coordinates":[[-99.186045,19.544667],[-99.186004,19.544509]]}},{"type":"Feature","properties":{},"geometry":{"type":"LineString","coordinates":[[-99.186004,19.544509],[-99.185969,19.544373]]}},{"type":"Feature","properties":{},"geometry":{"type":"LineString","coordinates":[[-99.185969,19.544373],[-99.185934,19.544235]]}},{"type":"Feature","properties":{},"geometry":{"type":"LineString","coordinates":[[-99.185934,19.544235],[-99.185902,19.544109]]}},{"type":"Feature","properties":{},"geometry":{"type":"LineString","coordinates":[[-99.185902,19.544109],[-99.185866,19.543967]]}},{"type":"Feature","properties":{},"geometry":{"type":"LineString","coordinates":[[-99.185866,19.543967],[-99.185825,19.543801]]}},{"type":"Feature","properties":{},"geometry":{"type":"LineString","coordinates":[[-99.185825,19.543801],[-99.185794,19.543678]]}},{"type":"Feature","properties":{},"geometry":{"type":"LineString","coordinates":[[-99.185794,19.543678],[-99.18576,19.543557]]}},{"type":"Feature","properties":{},"geometry":{"type":"LineString","coordinates":[[-99.18576,19.543557],[-99.185717,19.543376]]}},{"type":"Feature","properties":{},"geometry":{"type":"LineString","coordinates":[[-99.185717,19.543376],[-99.185633,19.543042]]}},{"type":"Feature","properties":{},"geometry":{"type":"LineString","coordinates":[[-99.185633,19.543042],[-99.185548,19.542706]]}},{"type":"Feature","properties":{},"geometry":{"type":"LineString","coordinates":[[-99.185548,19.542706],[-99.185443,19.542281]]}},{"type":"Feature","properties":{},"geometry":{"type":"LineString","coordinates":[[-99.185443,19.542281],[-99.185359,19.541952]]}},{"type":"Feature","properties":{},"geometry":{"type":"LineString","coordinates":[[-99.185359,19.541952],[-99.185279,19.541637]]}},{"type":"Feature","properties":{},"geometry":{"type":"LineString","coordinates":[[-99.185279,19.541637],[-99.185213,19.541372]]}},{"type":"Feature","properties":{},"geometry":{"type":"LineString","coordinates":[[-99.185213,19.541372],[-99.185174,19.541218]]}},{"type":"Feature","properties":{},"geometry":{"type":"LineString","coordinates":[[-99.185174,19.541218],[-99.185138,19.541079]]}},{"type":"Feature","properties":{},"geometry":{"type":"LineString","coordinates":[[-99.185138,19.541079],[-99.185102,19.540937]]}},{"type":"Feature","properties":{},"geometry":{"type":"LineString","coordinates":[[-99.185102,19.540937],[-99.185071,19.540812]]}},{"type":"Feature","properties":{},"geometry":{"type":"LineString","coordinates":[[-99.185071,19.540812],[-99.185031,19.540654]]}},{"type":"Feature","properties":{},"geometry":{"type":"LineString","coordinates":[[-99.185031,19.540654],[-99.185,19.54053]]}},{"type":"Feature","properties":{},"geometry":{"type":"LineString","coordinates":[[-99.185,19.54053],[-99.184966,19.540393]]}},{"type":"Feature","properties":{},"geometry":{"type":"LineString","coordinates":[[-99.184966,19.540393],[-99.184939,19.540285]]}},{"type":"Feature","properties":{},"geometry":{"type":"LineString","coordinates":[[-99.184939,19.540285],[-99.184905,19.540155]]}},{"type":"Feature","properties":{},"geometry":{"type":"LineString","coordinates":[[-99.184905,19.540155],[-99.18487,19.540016]]}},{"type":"Feature","properties":{},"geometry":{"type":"LineString","coordinates":[[-99.18487,19.540016],[-99.184846,19.539918]]}},{"type":"Feature","properties":{},"geometry":{"type":"LineString","coordinates":[[-99.184846,19.539918],[-99.184822,19.539819]]}},{"type":"Feature","properties":{},"geometry":{"type":"LineString","coordinates":[[-99.184822,19.539819],[-99.184797,19.539718]]}},{"type":"Feature","properties":{},"geometry":{"type":"LineString","coordinates":[[-99.184797,19.539718],[-99.184772,19.539614]]}},{"type":"Feature","properties":{},"geometry":{"type":"LineString","coordinates":[[-99.184772,19.539614],[-99.184727,19.539422]]}},{"type":"Feature","properties":{},"geometry":{"type":"LineString","coordinates":[[-99.184727,19.539422],[-99.184649,19.539099]]}},{"type":"Feature","properties":{},"geometry":{"type":"LineString","coordinates":[[-99.184649,19.539099],[-99.184607,19.538922]]}},{"type":"Feature","properties":{},"geometry":{"type":"LineString","coordinates":[[-99.184607,19.538922],[-99.184566,19.538747]]}},{"type":"Feature","properties":{},"geometry":{"type":"LineString","coordinates":[[-99.184566,19.538747],[-99.184526,19.538595]]}},{"type":"Feature","properties":{},"geometry":{"type":"LineString","coordinates":[[-99.184526,19.538595],[-99.18446,19.538335]]}},{"type":"Feature","properties":{},"geometry":{"type":"LineString","coordinates":[[-99.18446,19.538335],[-99.18441,19.538125]]}},{"type":"Feature","properties":{},"geometry":{"type":"LineString","coordinates":[[-99.18441,19.538125],[-99.184368,19.537961]]}},{"type":"Feature","properties":{},"geometry":{"type":"LineString","coordinates":[[-99.184368,19.537961],[-99.184311,19.537737]]}},{"type":"Feature","properties":{},"geometry":{"type":"LineString","coordinates":[[-99.184311,19.537737],[-99.184281,19.537621]]}},{"type":"Feature","properties":{},"geometry":{"type":"LineString","coordinates":[[-99.184281,19.537621],[-99.183679,19.535154]]}},{"type":"Feature","properties":{},"geometry":{"type":"LineString","coordinates":[[-99.183679,19.535154],[-99.183635,19.534977]]}},{"type":"Feature","properties":{},"geometry":{"type":"LineString","coordinates":[[-99.183635,19.534977],[-99.18359,19.534791]]}},{"type":"Feature","properties":{},"geometry":{"type":"LineString","coordinates":[[-99.18359,19.534791],[-99.183573,19.534719]]}},{"type":"Feature","properties":{},"geometry":{"type":"LineString","coordinates":[[-99.183573,19.534719],[-99.183546,19.534609]]}},{"type":"Feature","properties":{},"geometry":{"type":"LineString","coordinates":[[-99.183546,19.534609],[-99.183513,19.534469]]}},{"type":"Feature","properties":{},"geometry":{"type":"LineString","coordinates":[[-99.183513,19.534469],[-99.183477,19.534314]]}},{"type":"Feature","properties":{},"geometry":{"type":"LineString","coordinates":[[-99.183477,19.534314],[-99.183459,19.534231]]}},{"type":"Feature","properties":{},"geometry":{"type":"LineString","coordinates":[[-99.183459,19.534231],[-99.183431,19.534119]]}},{"type":"Feature","properties":{},"geometry":{"type":"LineString","coordinates":[[-99.183431,19.534119],[-99.183424,19.53409]]}},{"type":"Feature","properties":{},"geometry":{"type":"LineString","coordinates":[[-99.183424,19.53409],[-99.18333,19.533709]]}},{"type":"Feature","properties":{},"geometry":{"type":"LineString","coordinates":[[-99.18333,19.533709],[-99.183314,19.533643]]}},{"type":"Feature","properties":{},"geometry":{"type":"LineString","coordinates":[[-99.183314,19.533643],[-99.183282,19.533516]]}},{"type":"Feature","properties":{},"geometry":{"type":"LineString","coordinates":[[-99.183282,19.533516],[-99.18325,19.533396]]}},{"type":"Feature","properties":{},"geometry":{"type":"LineString","coordinates":[[-99.18325,19.533396],[-99.183224,19.533297]]}},{"type":"Feature","properties":{},"geometry":{"type":"LineString","coordinates":[[-99.183224,19.533297],[-99.183188,19.533161]]}},{"type":"Feature","properties":{},"geometry":{"type":"LineString","coordinates":[[-99.183188,19.533161],[-99.18316,19.533062]]}},{"type":"Feature","properties":{},"geometry":{"type":"LineString","coordinates":[[-99.18316,19.533062],[-99.183143,19.533003]]}},{"type":"Feature","properties":{},"geometry":{"type":"LineString","coordinates":[[-99.183143,19.533003],[-99.183108,19.532888]]}},{"type":"Feature","properties":{},"geometry":{"type":"LineString","coordinates":[[-99.183108,19.532888],[-99.183056,19.532721]]}},{"type":"Feature","properties":{},"geometry":{"type":"LineString","coordinates":[[-99.183056,19.532721],[-99.183018,19.5326]]}},{"type":"Feature","properties":{},"geometry":{"type":"LineString","coordinates":[[-99.183018,19.5326],[-99.182939,19.532375]]}},{"type":"Feature","properties":{},"geometry":{"type":"LineString","coordinates":[[-99.182939,19.532375],[-99.182886,19.532228]]}},{"type":"Feature","properties":{},"geometry":{"type":"LineString","coordinates":[[-99.182886,19.532228],[-99.18286,19.53216]]}},{"type":"Feature","properties":{},"geometry":{"type":"LineString","coordinates":[[-99.18286,19.53216],[-99.182822,19.532054]]}},{"type":"Feature","properties":{},"geometry":{"type":"LineString","coordinates":[[-99.182822,19.532054],[-99.182767,19.531916]]}},{"type":"Feature","properties":{},"geometry":{"type":"LineString","coordinates":[[-99.182767,19.531916],[-99.182702,19.53176]]}},{"type":"Feature","properties":{},"geometry":{"type":"LineString","coordinates":[[-99.182702,19.53176],[-99.182635,19.531598]]}},{"type":"Feature","properties":{},"geometry":{"type":"LineString","coordinates":[[-99.182635,19.531598],[-99.18258,19.531474]]}},{"type":"Feature","properties":{},"geometry":{"type":"LineString","coordinates":[[-99.18258,19.531474],[-99.182532,19.531371]]}},{"type":"Feature","properties":{},"geometry":{"type":"LineString","coordinates":[[-99.182532,19.531371],[-99.182471,19.531237]]}},{"type":"Feature","properties":{},"geometry":{"type":"LineString","coordinates":[[-99.182471,19.531237],[-99.182409,19.531104]]}},{"type":"Feature","properties":{},"geometry":{"type":"LineString","coordinates":[[-99.182409,19.531104],[-99.182365,19.531005]]}},{"type":"Feature","properties":{},"geometry":{"type":"LineString","coordinates":[[-99.182365,19.531005],[-99.18231,19.530892]]}},{"type":"Feature","properties":{},"geometry":{"type":"LineString","coordinates":[[-99.18231,19.530892],[-99.18226,19.530785]]}},{"type":"Feature","properties":{},"geometry":{"type":"LineString","coordinates":[[-99.18226,19.530785],[-99.182217,19.530695]]}},{"type":"Feature","properties":{},"geometry":{"type":"LineString","coordinates":[[-99.182217,19.530695],[-99.182157,19.530572]]}},{"type":"Feature","properties":{},"geometry":{"type":"LineString","coordinates":[[-99.182157,19.530572],[-99.182108,19.530469]]}},{"type":"Feature","properties":{},"geometry":{"type":"LineString","coordinates":[[-99.182108,19.530469],[-99.182043,19.530336]]}},{"type":"Feature","properties":{},"geometry":{"type":"LineString","coordinates":[[-99.182043,19.530336],[-99.181985,19.530212]]}},{"type":"Feature","properties":{},"geometry":{"type":"LineString","coordinates":[[-99.181985,19.530212],[-99.18191,19.53006]]}},{"type":"Feature","properties":{},"geometry":{"type":"LineString","coordinates":[[-99.18191,19.53006],[-99.181837,19.529913]]}},{"type":"Feature","properties":{},"geometry":{"type":"LineString","coordinates":[[-99.181837,19.529913],[-99.181764,19.529758]]}},{"type":"Feature","properties":{},"geometry":{"type":"LineString","coordinates":[[-99.181764,19.529758],[-99.181696,19.52962]]}},{"type":"Feature","properties":{},"geometry":{"type":"LineString","coordinates":[[-99.181696,19.52962],[-99.181624,19.529472]]}},{"type":"Feature","properties":{},"geometry":{"type":"LineString","coordinates":[[-99.181624,19.529472],[-99.181556,19.529332]]}},{"type":"Feature","properties":{},"geometry":{"type":"LineString","coordinates":[[-99.181556,19.529332],[-99.181483,19.529182]]}},{"type":"Feature","properties":{},"geometry":{"type":"LineString","coordinates":[[-99.181483,19.529182],[-99.181413,19.529037]]}},{"type":"Feature","properties":{},"geometry":{"type":"LineString","coordinates":[[-99.181413,19.529037],[-99.181337,19.528881]]}},{"type":"Feature","properties":{},"geometry":{"type":"LineString","coordinates":[[-99.181337,19.528881],[-99.181264,19.528731]]}},{"type":"Feature","properties":{},"geometry":{"type":"LineString","coordinates":[[-99.181264,19.528731],[-99.181197,19.52859]]}},{"type":"Feature","properties":{},"geometry":{"type":"LineString","coordinates":[[-99.181197,19.52859],[-99.181128,19.52845]]}},{"type":"Feature","properties":{},"geometry":{"type":"LineString","coordinates":[[-99.181128,19.52845],[-99.181061,19.528311]]}},{"type":"Feature","properties":{},"geometry":{"type":"LineString","coordinates":[[-99.181061,19.528311],[-99.180993,19.528171]]}},{"type":"Feature","properties":{},"geometry":{"type":"LineString","coordinates":[[-99.180993,19.528171],[-99.180923,19.528024]]}},{"type":"Feature","properties":{},"geometry":{"type":"LineString","coordinates":[[-99.180923,19.528024],[-99.180856,19.527883]]}},{"type":"Feature","properties":{},"geometry":{"type":"LineString","coordinates":[[-99.180856,19.527883],[-99.180654,19.527466]]}},{"type":"Feature","properties":{},"geometry":{"type":"LineString","coordinates":[[-99.180654,19.527466],[-99.180582,19.527315]]}},{"type":"Feature","properties":{},"geometry":{"type":"LineString","coordinates":[[-99.180582,19.527315],[-99.180511,19.527164]]}},{"type":"Feature","properties":{},"geometry":{"type":"LineString","coordinates":[[-99.180511,19.527164],[-99.180445,19.527023]]}},{"type":"Feature","properties":{},"geometry":{"type":"LineString","coordinates":[[-99.180445,19.527023],[-99.180379,19.526877]]}},{"type":"Feature","properties":{},"geometry":{"type":"LineString","coordinates":[[-99.180379,19.526877],[-99.180315,19.526735]]}},{"type":"Feature","properties":{},"geometry":{"type":"LineString","coordinates":[[-99.180315,19.526735],[-99.180248,19.526584]]}},{"type":"Feature","properties":{},"geometry":{"type":"LineString","coordinates":[[-99.180248,19.526584],[-99.180187,19.526441]]}},{"type":"Feature","properties":{},"geometry":{"type":"LineString","coordinates":[[-99.180187,19.526441],[-99.180124,19.526291]]}},{"type":"Feature","properties":{},"geometry":{"type":"LineString","coordinates":[[-99.180124,19.526291],[-99.180005,19.525999]]}},{"type":"Feature","properties":{},"geometry":{"type":"LineString","coordinates":[[-99.180005,19.525999],[-99.179948,19.525855]]}},{"type":"Feature","properties":{},"geometry":{"type":"LineString","coordinates":[[-99.179948,19.525855],[-99.179888,19.525699]]}},{"type":"Feature","properties":{},"geometry":{"type":"LineString","coordinates":[[-99.179888,19.525699],[-99.179832,19.525548]]}},{"type":"Feature","properties":{},"geometry":{"type":"LineString","coordinates":[[-99.179832,19.525548],[-99.179779,19.525403]]}},{"type":"Feature","properties":{},"geometry":{"type":"LineString","coordinates":[[-99.179779,19.525403],[-99.179722,19.525243]]}},{"type":"Feature","properties":{},"geometry":{"type":"LineString","coordinates":[[-99.179722,19.525243],[-99.179667,19.525086]]}},{"type":"Feature","properties":{},"geometry":{"type":"LineString","coordinates":[[-99.179667,19.525086],[-99.179616,19.524937]]}},{"type":"Feature","properties":{},"geometry":{"type":"LineString","coordinates":[[-99.179616,19.524937],[-99.179571,19.5248]]}},{"type":"Feature","properties":{},"geometry":{"type":"LineString","coordinates":[[-99.179571,19.5248],[-99.179534,19.524689]]}},{"type":"Feature","properties":{},"geometry":{"type":"LineString","coordinates":[[-99.179534,19.524689],[-99.179497,19.524574]]}},{"type":"Feature","properties":{},"geometry":{"type":"LineString","coordinates":[[-99.179497,19.524574],[-99.179462,19.524463]]}},{"type":"Feature","properties":{},"geometry":{"type":"LineString","coordinates":[[-99.179462,19.524463],[-99.179434,19.524372]]}},{"type":"Feature","properties":{},"geometry":{"type":"LineString","coordinates":[[-99.179434,19.524372],[-99.179403,19.524267]]}},{"type":"Feature","properties":{},"geometry":{"type":"LineString","coordinates":[[-99.179403,19.524267],[-99.179382,19.524193]]}},{"type":"Feature","properties":{},"geometry":{"type":"LineString","coordinates":[[-99.179382,19.524193],[-99.179359,19.524115]]}},{"type":"Feature","properties":{},"geometry":{"type":"LineString","coordinates":[[-99.179359,19.524115],[-99.179334,19.524026]]}},{"type":"Feature","properties":{},"geometry":{"type":"LineString","coordinates":[[-99.179334,19.524026],[-99.179313,19.523949]]}},{"type":"Feature","properties":{},"geometry":{"type":"LineString","coordinates":[[-99.179313,19.523949],[-99.179285,19.52385]]}},{"type":"Feature","properties":{},"geometry":{"type":"LineString","coordinates":[[-99.179285,19.52385],[-99.179257,19.523741]]}},{"type":"Feature","properties":{},"geometry":{"type":"LineString","coordinates":[[-99.179257,19.523741],[-99.179237,19.52367]]}},{"type":"Feature","properties":{},"geometry":{"type":"LineString","coordinates":[[-99.179237,19.52367],[-99.179209,19.523565]]}},{"type":"Feature","properties":{},"geometry":{"type":"LineString","coordinates":[[-99.179209,19.523565],[-99.179176,19.523433]]}},{"type":"Feature","properties":{},"geometry":{"type":"LineString","coordinates":[[-99.179176,19.523433],[-99.179155,19.523348]]}},{"type":"Feature","properties":{},"geometry":{"type":"LineString","coordinates":[[-99.179155,19.523348],[-99.179129,19.523244]]}},{"type":"Feature","properties":{},"geometry":{"type":"LineString","coordinates":[[-99.179129,19.523244],[-99.179099,19.523113]]}},{"type":"Feature","properties":{},"geometry":{"type":"LineString","coordinates":[[-99.179099,19.523113],[-99.179064,19.522956]]}},{"type":"Feature","properties":{},"geometry":{"type":"LineString","coordinates":[[-99.179064,19.522956],[-99.179043,19.522861]]}},{"type":"Feature","properties":{},"geometry":{"type":"LineString","coordinates":[[-99.179043,19.522861],[-99.17902,19.522755]]}},{"type":"Feature","properties":{},"geometry":{"type":"LineString","coordinates":[[-99.17902,19.522755],[-99.178993,19.522624]]}},{"type":"Feature","properties":{},"geometry":{"type":"LineString","coordinates":[[-99.178993,19.522624],[-99.178978,19.522557]]}},{"type":"Feature","properties":{},"geometry":{"type":"LineString","coordinates":[[-99.178978,19.522557],[-99.178959,19.522457]]}},{"type":"Feature","properties":{},"geometry":{"type":"LineString","coordinates":[[-99.178959,19.522457],[-99.178945,19.522387]]}},{"type":"Feature","properties":{},"geometry":{"type":"LineString","coordinates":[[-99.178945,19.522387],[-99.178928,19.522294]]}},{"type":"Feature","properties":{},"geometry":{"type":"LineString","coordinates":[[-99.178928,19.522294],[-99.178913,19.522212]]}},{"type":"Feature","properties":{},"geometry":{"type":"LineString","coordinates":[[-99.178913,19.522212],[-99.178898,19.522132]]}},{"type":"Feature","properties":{},"geometry":{"type":"LineString","coordinates":[[-99.178898,19.522132],[-99.178886,19.522064]]}},{"type":"Feature","properties":{},"geometry":{"type":"LineString","coordinates":[[-99.178886,19.522064],[-99.178868,19.521966]]}},{"type":"Feature","properties":{},"geometry":{"type":"LineString","coordinates":[[-99.178868,19.521966],[-99.178853,19.521877]]}},{"type":"Feature","properties":{},"geometry":{"type":"LineString","coordinates":[[-99.178853,19.521877],[-99.178835,19.521767]]}},{"type":"Feature","properties":{},"geometry":{"type":"LineString","coordinates":[[-99.178835,19.521767],[-99.17882,19.521669]]}},{"type":"Feature","properties":{},"geometry":{"type":"LineString","coordinates":[[-99.17882,19.521669],[-99.178805,19.521575]]}},{"type":"Feature","properties":{},"geometry":{"type":"LineString","coordinates":[[-99.178805,19.521575],[-99.178789,19.521467]]}},{"type":"Feature","properties":{},"geometry":{"type":"LineString","coordinates":[[-99.178789,19.521467],[-99.178772,19.521339]]}},{"type":"Feature","properties":{},"geometry":{"type":"LineString","coordinates":[[-99.178772,19.521339],[-99.178753,19.521212]]}},{"type":"Feature","properties":{},"geometry":{"type":"LineString","coordinates":[[-99.178753,19.521212],[-99.178739,19.521091]]}},{"type":"Feature","properties":{},"geometry":{"type":"LineString","coordinates":[[-99.178739,19.521091],[-99.17872,19.520939]]}},{"type":"Feature","properties":{},"geometry":{"type":"LineString","coordinates":[[-99.17872,19.520939],[-99.178702,19.520789]]}},{"type":"Feature","properties":{},"geometry":{"type":"LineString","coordinates":[[-99.178702,19.520789],[-99.178686,19.520641]]}},{"type":"Feature","properties":{},"geometry":{"type":"LineString","coordinates":[[-99.178686,19.520641],[-99.178667,19.520462]]}},{"type":"Feature","properties":{},"geometry":{"type":"LineString","coordinates":[[-99.178667,19.520462],[-99.17865,19.520274]]}},{"type":"Feature","properties":{},"geometry":{"type":"LineString","coordinates":[[-99.17865,19.520274],[-99.178642,19.520181]]}},{"type":"Feature","properties":{},"geometry":{"type":"LineString","coordinates":[[-99.178642,19.520181],[-99.178632,19.520074]]}},{"type":"Feature","properties":{},"geometry":{"type":"LineString","coordinates":[[-99.178632,19.520074],[-99.178623,19.51997]]}},{"type":"Feature","properties":{},"geometry":{"type":"LineString","coordinates":[[-99.178623,19.51997],[-99.178615,19.519873]]}},{"type":"Feature","properties":{},"geometry":{"type":"LineString","coordinates":[[-99.178615,19.519873],[-99.178606,19.519746]]}},{"type":"Feature","properties":{},"geometry":{"type":"LineString","coordinates":[[-99.178606,19.519746],[-99.178598,19.519622]]}},{"type":"Feature","properties":{},"geometry":{"type":"LineString","coordinates":[[-99.178598,19.519622],[-99.178148,19.513255]]}},{"type":"Feature","properties":{},"geometry":{"type":"LineString","coordinates":[[-99.178148,19.513255],[-99.178125,19.512921]]}},{"type":"Feature","properties":{},"geometry":{"type":"LineString","coordinates":[[-99.178125,19.512921],[-99.178082,19.512357]]}},{"type":"Feature","properties":{},"geometry":{"type":"LineString","coordinates":[[-99.178082,19.512357],[-99.178058,19.512153]]}},{"type":"Feature","properties":{},"geometry":{"type":"LineString","coordinates":[[-99.178058,19.512153],[-99.178047,19.511963]]}},{"type":"Feature","properties":{},"geometry":{"type":"LineString","coordinates":[[-99.178047,19.511963],[-99.178043,19.511923]]}},{"type":"Feature","properties":{},"geometry":{"type":"LineString","coordinates":[[-99.178043,19.511923],[-99.178031,19.51183]]}},{"type":"Feature","properties":{},"geometry":{"type":"LineString","coordinates":[[-99.178031,19.51183],[-99.178016,19.511713]]}},{"type":"Feature","properties":{},"geometry":{"type":"LineString","coordinates":[[-99.178016,19.511713],[-99.178005,19.511622]]}},{"type":"Feature","properties":{},"geometry":{"type":"LineString","coordinates":[[-99.178005,19.511622],[-99.177993,19.511542]]}},{"type":"Feature","properties":{},"geometry":{"type":"LineString","coordinates":[[-99.177993,19.511542],[-99.177983,19.511468]]}},{"type":"Feature","properties":{},"geometry":{"type":"LineString","coordinates":[[-99.177983,19.511468],[-99.17797,19.511386]]}},{"type":"Feature","properties":{},"geometry":{"type":"LineString","coordinates":[[-99.17797,19.511386],[-99.177945,19.511242]]}},{"type":"Feature","properties":{},"geometry":{"type":"LineString","coordinates":[[-99.177945,19.511242],[-99.177928,19.511134]]}},{"type":"Feature","properties":{},"geometry":{"type":"LineString","coordinates":[[-99.177928,19.511134],[-99.177912,19.511047]]}},{"type":"Feature","properties":{},"geometry":{"type":"LineString","coordinates":[[-99.177912,19.511047],[-99.177887,19.510905]]}},{"type":"Feature","properties":{},"geometry":{"type":"LineString","coordinates":[[-99.177887,19.510905],[-99.177835,19.510661]]}},{"type":"Feature","properties":{},"geometry":{"type":"LineString","coordinates":[[-99.177835,19.510661],[-99.177796,19.510485]]}},{"type":"Feature","properties":{},"geometry":{"type":"LineString","coordinates":[[-99.177796,19.510485],[-99.177768,19.510368]]}},{"type":"Feature","properties":{},"geometry":{"type":"LineString","coordinates":[[-99.177768,19.510368],[-99.177747,19.510272]]}},{"type":"Feature","properties":{},"geometry":{"type":"LineString","coordinates":[[-99.177747,19.510272],[-99.177717,19.510159]]}},{"type":"Feature","properties":{},"geometry":{"type":"LineString","coordinates":[[-99.177717,19.510159],[-99.177687,19.510035]]}},{"type":"Feature","properties":{},"geometry":{"type":"LineString","coordinates":[[-99.177687,19.510035],[-99.177653,19.509903]]}},{"type":"Feature","properties":{},"geometry":{"type":"LineString","coordinates":[[-99.177653,19.509903],[-99.177245,19.508289]]}},{"type":"Feature","properties":{},"geometry":{"type":"LineString","coordinates":[[-99.177245,19.508289],[-99.17721,19.508146]]}},{"type":"Feature","properties":{},"geometry":{"type":"LineString","coordinates":[[-99.17721,19.508146],[-99.177183,19.508039]]}},{"type":"Feature","properties":{},"geometry":{"type":"LineString","coordinates":[[-99.177183,19.508039],[-99.177159,19.507944]]}},{"type":"Feature","properties":{},"geometry":{"type":"LineString","coordinates":[[-99.177159,19.507944],[-99.177124,19.507808]]}},{"type":"Feature","properties":{},"geometry":{"type":"LineString","coordinates":[[-99.177124,19.507808],[-99.177098,19.507704]]}},{"type":"Feature","properties":{},"geometry":{"type":"LineString","coordinates":[[-99.177098,19.507704],[-99.177068,19.507588]]}},{"type":"Feature","properties":{},"geometry":{"type":"LineString","coordinates":[[-99.177068,19.507588],[-99.177041,19.50749]]}},{"type":"Feature","properties":{},"geometry":{"type":"LineString","coordinates":[[-99.177041,19.50749],[-99.177006,19.507351]]}},{"type":"Feature","properties":{},"geometry":{"type":"LineString","coordinates":[[-99.177006,19.507351],[-99.176997,19.507351]]}},{"type":"Feature","properties":{},"geometry":{"type":"LineString","coordinates":[[-99.176997,19.507351],[-99.176957,19.507208]]}},{"type":"Feature","properties":{},"geometry":{"type":"LineString","coordinates":[[-99.176957,19.507208],[-99.176849,19.50683]]}},{"type":"Feature","properties":{},"geometry":{"type":"LineString","coordinates":[[-99.176849,19.50683],[-99.176745,19.506476]]}},{"type":"Feature","properties":{},"geometry":{"type":"LineString","coordinates":[[-99.176745,19.506476],[-99.176673,19.506222]]}},{"type":"Feature","properties":{},"geometry":{"type":"LineString","coordinates":[[-99.176673,19.506222],[-99.17661,19.506005]]}},{"type":"Feature","properties":{},"geometry":{"type":"LineString","coordinates":[[-99.17661,19.506005],[-99.176547,19.505799]]}},{"type":"Feature","properties":{},"geometry":{"type":"LineString","coordinates":[[-99.176547,19.505799],[-99.176512,19.505677]]}},{"type":"Feature","properties":{},"geometry":{"type":"LineString","coordinates":[[-99.176512,19.505677],[-99.176472,19.505554]]}},{"type":"Feature","properties":{},"geometry":{"type":"LineString","coordinates":[[-99.176472,19.505554],[-99.176441,19.505457]]}},{"type":"Feature","properties":{},"geometry":{"type":"LineString","coordinates":[[-99.176441,19.505457],[-99.176378,19.505261]]}},{"type":"Feature","properties":{},"geometry":{"type":"LineString","coordinates":[[-99.176378,19.505261],[-99.176315,19.505081]]}},{"type":"Feature","properties":{},"geometry":{"type":"LineString","coordinates":[[-99.176315,19.505081],[-99.176223,19.504836]]}},{"type":"Feature","properties":{},"geometry":{"type":"LineString","coordinates":[[-99.176223,19.504836],[-99.176142,19.504618]]}},{"type":"Feature","properties":{},"geometry":{"type":"LineString","coordinates":[[-99.176142,19.504618],[-99.17597,19.504177]]}},{"type":"Feature","properties":{},"geometry":{"type":"LineString","coordinates":[[-99.17597,19.504177],[-99.175817,19.503786]]}},{"type":"Feature","properties":{},"geometry":{"type":"LineString","coordinates":[[-99.175817,19.503786],[-99.175651,19.503364]]}},{"type":"Feature","properties":{},"geometry":{"type":"LineString","coordinates":[[-99.175651,19.503364],[-99.175567,19.503148]]}},{"type":"Feature","properties":{},"geometry":{"type":"LineString","coordinates":[[-99.175567,19.503148],[-99.175483,19.502937]]}},{"type":"Feature","properties":{},"geometry":{"type":"LineString","coordinates":[[-99.175483,19.502937],[-99.17541,19.502753]]}},{"type":"Feature","properties":{},"geometry":{"type":"LineString","coordinates":[[-99.17541,19.502753],[-99.175309,19.502511]]}},{"type":"Feature","properties":{},"geometry":{"type":"LineString","coordinates":[[-99.175309,19.502511],[-99.175231,19.502331]]}},{"type":"Feature","properties":{},"geometry":{"type":"LineString","coordinates":[[-99.175231,19.502331],[-99.175127,19.502093]]}},{"type":"Feature","properties":{},"geometry":{"type":"LineString","coordinates":[[-99.175127,19.502093],[-99.174938,19.501679]]}},{"type":"Feature","properties":{},"geometry":{"type":"LineString","coordinates":[[-99.174938,19.501679],[-99.174833,19.501449]]}},{"type":"Feature","properties":{},"geometry":{"type":"LineString","coordinates":[[-99.174833,19.501449],[-99.174677,19.501108]]}},{"type":"Feature","properties":{},"geometry":{"type":"LineString","coordinates":[[-99.174677,19.501108],[-99.174647,19.501038]]}},{"type":"Feature","properties":{},"geometry":{"type":"LineString","coordinates":[[-99.174647,19.501038],[-99.174616,19.500973]]}},{"type":"Feature","properties":{},"geometry":{"type":"LineString","coordinates":[[-99.174616,19.500973],[-99.174575,19.500879]]}},{"type":"Feature","properties":{},"geometry":{"type":"LineString","coordinates":[[-99.174575,19.500879],[-99.174528,19.500772]]}},{"type":"Feature","properties":{},"geometry":{"type":"LineString","coordinates":[[-99.174528,19.500772],[-99.174477,19.500656]]}},{"type":"Feature","properties":{},"geometry":{"type":"LineString","coordinates":[[-99.174477,19.500656],[-99.174422,19.500525]]}},{"type":"Feature","properties":{},"geometry":{"type":"LineString","coordinates":[[-99.174422,19.500525],[-99.174358,19.500375]]}},{"type":"Feature","properties":{},"geometry":{"type":"LineString","coordinates":[[-99.174358,19.500375],[-99.174219,19.500011]]}},{"type":"Feature","properties":{},"geometry":{"type":"LineString","coordinates":[[-99.174219,19.500011],[-99.174111,19.499739]]}},{"type":"Feature","properties":{},"geometry":{"type":"LineString","coordinates":[[-99.174111,19.499739],[-99.174029,19.499521]]}},{"type":"Feature","properties":{},"geometry":{"type":"LineString","coordinates":[[-99.174029,19.499521],[-99.173903,19.499177]]}},{"type":"Feature","properties":{},"geometry":{"type":"LineString","coordinates":[[-99.173903,19.499177],[-99.173495,19.497935]]}},{"type":"Feature","properties":{},"geometry":{"type":"LineString","coordinates":[[-99.173495,19.497935],[-99.17341,19.497677]]}},{"type":"Feature","properties":{},"geometry":{"type":"LineString","coordinates":[[-99.17341,19.497677],[-99.173313,19.497399]]}},{"type":"Feature","properties":{},"geometry":{"type":"LineString","coordinates":[[-99.173313,19.497399],[-99.173187,19.497047]]}},{"type":"Feature","properties":{},"geometry":{"type":"LineString","coordinates":[[-99.173187,19.497047],[-99.173062,19.496711]]}},{"type":"Feature","properties":{},"geometry":{"type":"LineString","coordinates":[[-99.173062,19.496711],[-99.172709,19.495811]]}},{"type":"Feature","properties":{},"geometry":{"type":"LineString","coordinates":[[-99.172709,19.495811],[-99.172469,19.495203]]}},{"type":"Feature","properties":{},"geometry":{"type":"LineString","coordinates":[[-99.172469,19.495203],[-99.172162,19.4944]]}},{"type":"Feature","properties":{},"geometry":{"type":"LineString","coordinates":[[-99.172162,19.4944],[-99.172007,19.494003]]}},{"type":"Feature","properties":{},"geometry":{"type":"LineString","coordinates":[[-99.172007,19.494003],[-99.171854,19.493603]]}},{"type":"Feature","properties":{},"geometry":{"type":"LineString","coordinates":[[-99.171854,19.493603],[-99.171703,19.493203]]}},{"type":"Feature","properties":{},"geometry":{"type":"LineString","coordinates":[[-99.171703,19.493203],[-99.171556,19.492801]]}},{"type":"Feature","properties":{},"geometry":{"type":"LineString","coordinates":[[-99.171556,19.492801],[-99.170875,19.491]]}},{"type":"Feature","properties":{},"geometry":{"type":"LineString","coordinates":[[-99.170875,19.491],[-99.167025,19.48116]]}},{"type":"Feature","properties":{},"geometry":{"type":"LineString","coordinates":[[-99.167025,19.48116],[-99.165708,19.477804]]}},{"type":"Feature","properties":{},"geometry":{"type":"LineString","coordinates":[[-99.165708,19.477804],[-99.165812,19.477767]]}},{"type":"Feature","properties":{},"geometry":{"type":"LineString","coordinates":[[-99.165812,19.477767],[-99.165746,19.4776]]}},{"type":"Feature","properties":{},"geometry":{"type":"LineString","coordinates":[[-99.165746,19.4776],[-99.165595,19.477213]]}},{"type":"Feature","properties":{},"geometry":{"type":"LineString","coordinates":[[-99.165595,19.477213],[-99.165409,19.476739]]}},{"type":"Feature","properties":{},"geometry":{"type":"LineString","coordinates":[[-99.165409,19.476739],[-99.165155,19.476096]]}},{"type":"Feature","properties":{},"geometry":{"type":"LineString","coordinates":[[-99.165155,19.476096],[-99.164894,19.475427]]}},{"type":"Feature","properties":{},"geometry":{"type":"LineString","coordinates":[[-99.164894,19.475427],[-99.164708,19.474953]]}},{"type":"Feature","properties":{},"geometry":{"type":"LineString","coordinates":[[-99.164708,19.474953],[-99.164573,19.47461]]}},{"type":"Feature","properties":{},"geometry":{"type":"LineString","coordinates":[[-99.164573,19.47461],[-99.164584,19.474604]]}},{"type":"Feature","properties":{},"geometry":{"type":"LineString","coordinates":[[-99.164584,19.474604],[-99.164519,19.474421]]}},{"type":"Feature","properties":{},"geometry":{"type":"LineString","coordinates":[[-99.164519,19.474421],[-99.164323,19.473947]]}},{"type":"Feature","properties":{},"geometry":{"type":"LineString","coordinates":[[-99.164323,19.473947],[-99.164013,19.47315]]}},{"type":"Feature","properties":{},"geometry":{"type":"LineString","coordinates":[[-99.164013,19.47315],[-99.163738,19.472465]]}},{"type":"Feature","properties":{},"geometry":{"type":"LineString","coordinates":[[-99.163738,19.472465],[-99.163665,19.47249]]}},{"type":"Feature","properties":{},"geometry":{"type":"LineString","coordinates":[[-99.163665,19.47249],[-99.163517,19.472108]]}},{"type":"Feature","properties":{},"geometry":{"type":"LineString","coordinates":[[-99.163517,19.472108],[-99.16336,19.471715]]}},{"type":"Feature","properties":{},"geometry":{"type":"LineString","coordinates":[[-99.16336,19.471715],[-99.163385,19.471707]]}},{"type":"Feature","properties":{},"geometry":{"type":"LineString","coordinates":[[-99.163385,19.471707],[-99.163359,19.471635]]}},{"type":"Feature","properties":{},"geometry":{"type":"LineString","coordinates":[[-99.163359,19.471635],[-99.163342,19.47164]]}},{"type":"Feature","properties":{},"geometry":{"type":"LineString","coordinates":[[-99.163342,19.47164],[-99.163172,19.471208]]}},{"type":"Feature","properties":{},"geometry":{"type":"LineString","coordinates":[[-99.163172,19.471208],[-99.163058,19.470919]]}},{"type":"Feature","properties":{},"geometry":{"type":"LineString","coordinates":[[-99.163058,19.470919],[-99.162939,19.470616]]}},{"type":"Feature","properties":{},"geometry":{"type":"LineString","coordinates":[[-99.162939,19.470616],[-99.162834,19.470343]]}},{"type":"Feature","properties":{},"geometry":{"type":"LineString","coordinates":[[-99.162834,19.470343],[-99.162666,19.469932]]}},{"type":"Feature","properties":{},"geometry":{"type":"LineString","coordinates":[[-99.162666,19.469932],[-99.162585,19.46974]]}},{"type":"Feature","properties":{},"geometry":{"type":"LineString","coordinates":[[-99.162585,19.46974],[-99.1625,19.469552]]}},{"type":"Feature","properties":{},"geometry":{"type":"LineString","coordinates":[[-99.1625,19.469552],[-99.162408,19.469341]]}},{"type":"Feature","properties":{},"geometry":{"type":"LineString","coordinates":[[-99.162408,19.469341],[-99.16232,19.469162]]}},{"type":"Feature","properties":{},"geometry":{"type":"LineString","coordinates":[[-99.16232,19.469162],[-99.16217,19.468858]]}},{"type":"Feature","properties":{},"geometry":{"type":"LineString","coordinates":[[-99.16217,19.468858],[-99.162058,19.468647]]}},{"type":"Feature","properties":{},"geometry":{"type":"LineString","coordinates":[[-99.162058,19.468647],[-99.161909,19.468375]]}},{"type":"Feature","properties":{},"geometry":{"type":"LineString","coordinates":[[-99.161909,19.468375],[-99.161754,19.468107]]}},{"type":"Feature","properties":{},"geometry":{"type":"LineString","coordinates":[[-99.161754,19.468107],[-99.161594,19.467854]]}},{"type":"Feature","properties":{},"geometry":{"type":"LineString","coordinates":[[-99.161594,19.467854],[-99.16143,19.467595]]}},{"type":"Feature","properties":{},"geometry":{"type":"LineString","coordinates":[[-99.16143,19.467595],[-99.161262,19.467343]]}},{"type":"Feature","properties":{},"geometry":{"type":"LineString","coordinates":[[-99.161262,19.467343],[-99.161058,19.467025]]}},{"type":"Feature","properties":{},"geometry":{"type":"LineString","coordinates":[[-99.161058,19.467025],[-99.16099,19.46707]]}},{"type":"Feature","properties":{},"geometry":{"type":"LineString","coordinates":[[-99.16099,19.46707],[-99.160702,19.466667]]}},{"type":"Feature","properties":{},"geometry":{"type":"LineString","coordinates":[[-99.160702,19.466667],[-99.16069,19.46665]]}},{"type":"Feature","properties":{},"geometry":{"type":"LineString","coordinates":[[-99.16069,19.46665],[-99.160644,19.466592]]}},{"type":"Feature","properties":{},"geometry":{"type":"LineString","coordinates":[[-99.160644,19.466592],[-99.16054,19.466451]]}},{"type":"Feature","properties":{},"geometry":{"type":"LineString","coordinates":[[-99.16054,19.466451],[-99.160579,19.466422]]}},{"type":"Feature","properties":{},"geometry":{"type":"LineString","coordinates":[[-99.160579,19.466422],[-99.160493,19.466311]]}},{"type":"Feature","properties":{},"geometry":{"type":"LineString","coordinates":[[-99.160493,19.466311],[-99.160257,19.465996]]}},{"type":"Feature","properties":{},"geometry":{"type":"LineString","coordinates":[[-99.160257,19.465996],[-99.160124,19.465823]]}},{"type":"Feature","properties":{},"geometry":{"type":"LineString","coordinates":[[-99.160124,19.465823],[-99.159888,19.46552]]}},{"type":"Feature","properties":{},"geometry":{"type":"LineString","coordinates":[[-99.159888,19.46552],[-99.159701,19.465288]]}},{"type":"Feature","properties":{},"geometry":{"type":"LineString","coordinates":[[-99.159701,19.465288],[-99.159693,19.465248]]}},{"type":"Feature","properties":{},"geometry":{"type":"LineString","coordinates":[[-99.159693,19.465248],[-99.159611,19.46514]]}},{"type":"Feature","properties":{},"geometry":{"type":"LineString","coordinates":[[-99.159611,19.46514],[-99.159569,19.465128]]}},{"type":"Feature","properties":{},"geometry":{"type":"LineString","coordinates":[[-99.159569,19.465128],[-99.159519,19.465065]]}},{"type":"Feature","properties":{},"geometry":{"type":"LineString","coordinates":[[-99.159519,19.465065],[-99.159516,19.465024]]}},{"type":"Feature","properties":{},"geometry":{"type":"LineString","coordinates":[[-99.159516,19.465024],[-99.159369,19.46482]]}},{"type":"Feature","properties":{},"geometry":{"type":"LineString","coordinates":[[-99.159369,19.46482],[-99.15922,19.464677]]}},{"type":"Feature","properties":{},"geometry":{"type":"LineString","coordinates":[[-99.15922,19.464677],[-99.159211,19.464627]]}},{"type":"Feature","properties":{},"geometry":{"type":"LineString","coordinates":[[-99.159211,19.464627],[-99.159002,19.464361]]}},{"type":"Feature","properties":{},"geometry":{"type":"LineString","coordinates":[[-99.159002,19.464361],[-99.158812,19.464123]]}},{"type":"Feature","properties":{},"geometry":{"type":"LineString","coordinates":[[-99.158812,19.464123],[-99.158799,19.464031]]}},{"type":"Feature","properties":{},"geometry":{"type":"LineString","coordinates":[[-99.158799,19.464031],[-99.158573,19.46374]]}},{"type":"Feature","properties":{},"geometry":{"type":"LineString","coordinates":[[-99.158573,19.46374],[-99.158417,19.463638]]}},{"type":"Feature","properties":{},"geometry":{"type":"LineString","coordinates":[[-99.158417,19.463638],[-99.158347,19.463514]]}},{"type":"Feature","properties":{},"geometry":{"type":"LineString","coordinates":[[-99.158347,19.463514],[-99.158351,19.463486]]}},{"type":"Feature","properties":{},"geometry":{"type":"LineString","coordinates":[[-99.158351,19.463486],[-99.158227,19.46333]]}},{"type":"Feature","properties":{},"geometry":{"type":"LineString","coordinates":[[-99.158227,19.46333],[-99.158115,19.463186]]}},{"type":"Feature","properties":{},"geometry":{"type":"LineString","coordinates":[[-99.158115,19.463186],[-99.158005,19.463034]]}},{"type":"Feature","properties":{},"geometry":{"type":"LineString","coordinates":[[-99.158005,19.463034],[-99.15798,19.463011]]}},{"type":"Feature","properties":{},"geometry":{"type":"LineString","coordinates":[[-99.15798,19.463011],[-99.15775,19.462711]]}},{"type":"Feature","properties":{},"geometry":{"type":"LineString","coordinates":[[-99.15775,19.462711],[-99.157624,19.462548]]}},{"type":"Feature","properties":{},"geometry":{"type":"LineString","coordinates":[[-99.157624,19.462548],[-99.157628,19.46254]]}},{"type":"Feature","properties":{},"geometry":{"type":"LineString","coordinates":[[-99.157628,19.46254],[-99.157555,19.462453]]}},{"type":"Feature","properties":{},"geometry":{"type":"LineString","coordinates":[[-99.157555,19.462453],[-99.15752,19.462406]]}},{"type":"Feature","properties":{},"geometry":{"type":"LineString","coordinates":[[-99.15752,19.462406],[-99.157381,19.462231]]}},{"type":"Feature","properties":{},"geometry":{"type":"LineString","coordinates":[[-99.157381,19.462231],[-99.15727,19.462087]]}},{"type":"Feature","properties":{},"geometry":{"type":"LineString","coordinates":[[-99.15727,19.462087],[-99.15721,19.462034]]}},{"type":"Feature","properties":{},"geometry":{"type":"LineString","coordinates":[[-99.15721,19.462034],[-99.157061,19.461849]]}},{"type":"Feature","properties":{},"geometry":{"type":"LineString","coordinates":[[-99.157061,19.461849],[-99.157045,19.461834]]}},{"type":"Feature","properties":{},"geometry":{"type":"LineString","coordinates":[[-99.157045,19.461834],[-99.156941,19.461679]]}},{"type":"Feature","properties":{},"geometry":{"type":"LineString","coordinates":[[-99.156941,19.461679],[-99.156988,19.461654]]}},{"type":"Feature","properties":{},"geometry":{"type":"LineString","coordinates":[[-99.156988,19.461654],[-99.156936,19.461586]]}},{"type":"Feature","properties":{},"geometry":{"type":"LineString","coordinates":[[-99.156936,19.461586],[-99.156771,19.461378]]}},{"type":"Feature","properties":{},"geometry":{"type":"LineString","coordinates":[[-99.156771,19.461378],[-99.156738,19.461336]]}},{"type":"Feature","properties":{},"geometry":{"type":"LineString","coordinates":[[-99.156738,19.461336],[-99.156725,19.461343]]}},{"type":"Feature","properties":{},"geometry":{"type":"LineString","coordinates":[[-99.156725,19.461343],[-99.156674,19.461279]]}},{"type":"Feature","properties":{},"geometry":{"type":"LineString","coordinates":[[-99.156674,19.461279],[-99.156688,19.461263]]}},{"type":"Feature","properties":{},"geometry":{"type":"LineString","coordinates":[[-99.156688,19.461263],[-99.15651,19.461045]]}},{"type":"Feature","properties":{},"geometry":{"type":"LineString","coordinates":[[-99.15651,19.461045],[-99.156357,19.460857]]}},{"type":"Feature","properties":{},"geometry":{"type":"LineString","coordinates":[[-99.156357,19.460857],[-99.156177,19.460631]]}},{"type":"Feature","properties":{},"geometry":{"type":"LineString","coordinates":[[-99.156177,19.460631],[-99.156031,19.460439]]}},{"type":"Feature","properties":{},"geometry":{"type":"LineString","coordinates":[[-99.156031,19.460439],[-99.155941,19.460393]]}},{"type":"Feature","properties":{},"geometry":{"type":"LineString","coordinates":[[-99.155941,19.460393],[-99.155847,19.460261]]}},{"type":"Feature","properties":{},"geometry":{"type":"LineString","coordinates":[[-99.155847,19.460261],[-99.155791,19.460191]]}},{"type":"Feature","properties":{},"geometry":{"type":"LineString","coordinates":[[-99.155791,19.460191],[-99.155766,19.460158]]}},{"type":"Feature","properties":{},"geometry":{"type":"LineString","coordinates":[[-99.155766,19.460158],[-99.155594,19.459937]]}},{"type":"Feature","properties":{},"geometry":{"type":"LineString","coordinates":[[-99.155594,19.459937],[-99.155539,19.45983]]}},{"type":"Feature","properties":{},"geometry":{"type":"LineString","coordinates":[[-99.155539,19.45983],[-99.155442,19.459701]]}},{"type":"Feature","properties":{},"geometry":{"type":"LineString","coordinates":[[-99.155442,19.459701],[-99.155229,19.459425]]}},{"type":"Feature","properties":{},"geometry":{"type":"LineString","coordinates":[[-99.155229,19.459425],[-99.155194,19.459319]]}},{"type":"Feature","properties":{},"geometry":{"type":"LineString","coordinates":[[-99.155194,19.459319],[-99.155137,19.459315]]}},{"type":"Feature","properties":{},"geometry":{"type":"LineString","coordinates":[[-99.155137,19.459315],[-99.154955,19.459076]]}},{"type":"Feature","properties":{},"geometry":{"type":"LineString","coordinates":[[-99.154955,19.459076],[-99.154742,19.4588]]}},{"type":"Feature","properties":{},"geometry":{"type":"LineString","coordinates":[[-99.154742,19.4588],[-99.154378,19.458329]]}},{"type":"Feature","properties":{},"geometry":{"type":"LineString","coordinates":[[-99.154378,19.458329],[-99.154224,19.458105]]}},{"type":"Feature","properties":{},"geometry":{"type":"LineString","coordinates":[[-99.154224,19.458105],[-99.154087,19.457931]]}},{"type":"Feature","properties":{},"geometry":{"type":"LineString","coordinates":[[-99.154087,19.457931],[-99.153956,19.457774]]}},{"type":"Feature","properties":{},"geometry":{"type":"LineString","coordinates":[[-99.153956,19.457774],[-99.153828,19.457618]]}},{"type":"Feature","properties":{},"geometry":{"type":"LineString","coordinates":[[-99.153828,19.457618],[-99.153667,19.457407]]}},{"type":"Feature","properties":{},"geometry":{"type":"LineString","coordinates":[[-99.153667,19.457407],[-99.153555,19.457251]]}},{"type":"Feature","properties":{},"geometry":{"type":"LineString","coordinates":[[-99.153555,19.457251],[-99.153473,19.45714]]}},{"type":"Feature","properties":{},"geometry":{"type":"LineString","coordinates":[[-99.153473,19.45714],[-99.153462,19.457144]]}},{"type":"Feature","properties":{},"geometry":{"type":"LineString","coordinates":[[-99.153462,19.457144],[-99.153445,19.457105]]}},{"type":"Feature","properties":{},"geometry":{"type":"LineString","coordinates":[[-99.153445,19.457105],[-99.15322,19.456823]]}},{"type":"Feature","properties":{},"geometry":{"type":"LineString","coordinates":[[-99.15322,19.456823],[-99.153236,19.456772]]}},{"type":"Feature","properties":{},"geometry":{"type":"LineString","coordinates":[[-99.153236,19.456772],[-99.153193,19.456709]]}},{"type":"Feature","properties":{},"geometry":{"type":"LineString","coordinates":[[-99.153193,19.456709],[-99.153097,19.456573]]}},{"type":"Feature","properties":{},"geometry":{"type":"LineString","coordinates":[[-99.153097,19.456573],[-99.153016,19.456448]]}},{"type":"Feature","properties":{},"geometry":{"type":"LineString","coordinates":[[-99.153016,19.456448],[-99.152957,19.456345]]}},{"type":"Feature","properties":{},"geometry":{"type":"LineString","coordinates":[[-99.152957,19.456345],[-99.152912,19.456239]]}},{"type":"Feature","properties":{},"geometry":{"type":"LineString","coordinates":[[-99.152912,19.456239],[-99.152873,19.456075]]}},{"type":"Feature","properties":{},"geometry":{"type":"LineString","coordinates":[[-99.152873,19.456075],[-99.152714,19.455848]]}},{"type":"Feature","properties":{},"geometry":{"type":"LineString","coordinates":[[-99.152714,19.455848],[-99.152606,19.455696]]}},{"type":"Feature","properties":{},"geometry":{"type":"LineString","coordinates":[[-99.152606,19.455696],[-99.152586,19.455654]]}},{"type":"Feature","properties":{},"geometry":{"type":"LineString","coordinates":[[-99.152586,19.455654],[-99.152484,19.455441]]}},{"type":"Feature","properties":{},"geometry":{"type":"LineString","coordinates":[[-99.152484,19.455441],[-99.152384,19.455224]]}},{"type":"Feature","properties":{},"geometry":{"type":"LineString","coordinates":[[-99.152384,19.455224],[-99.152283,19.454977]]}},{"type":"Feature","properties":{},"geometry":{"type":"LineString","coordinates":[[-99.152283,19.454977],[-99.152296,19.454969]]}},{"type":"Feature","properties":{},"geometry":{"type":"LineString","coordinates":[[-99.152296,19.454969],[-99.152244,19.454824]]}},{"type":"Feature","properties":{},"geometry":{"type":"LineString","coordinates":[[-99.152244,19.454824],[-99.152147,19.45464]]}},{"type":"Feature","properties":{},"geometry":{"type":"LineString","coordinates":[[-99.152147,19.45464],[-99.152082,19.454479]]}},{"type":"Feature","properties":{},"geometry":{"type":"LineString","coordinates":[[-99.152082,19.454479],[-99.151936,19.454155]]}},{"type":"Feature","properties":{},"geometry":{"type":"LineString","coordinates":[[-99.151936,19.454155],[-99.151806,19.453877]]}},{"type":"Feature","properties":{},"geometry":{"type":"LineString","coordinates":[[-99.151806,19.453877],[-99.15169,19.453593]]}},{"type":"Feature","properties":{},"geometry":{"type":"LineString","coordinates":[[-99.15169,19.453593],[-99.151697,19.453537]]}},{"type":"Feature","properties":{},"geometry":{"type":"LineString","coordinates":[[-99.151697,19.453537],[-99.15167,19.453437]]}},{"type":"Feature","properties":{},"geometry":{"type":"LineString","coordinates":[[-99.15167,19.453437],[-99.151684,19.453354]]}},{"type":"Feature","properties":{},"geometry":{"type":"LineString","coordinates":[[-99.151684,19.453354],[-99.151621,19.453365]]}},{"type":"Feature","properties":{},"geometry":{"type":"LineString","coordinates":[[-99.151621,19.453365],[-99.15153,19.453033]]}},{"type":"Feature","properties":{},"geometry":{"type":"LineString","coordinates":[[-99.15153,19.453033],[-99.151485,19.452763]]}},{"type":"Feature","properties":{},"geometry":{"type":"LineString","coordinates":[[-99.151485,19.452763],[-99.151488,19.452567]]}},{"type":"Feature","properties":{},"geometry":{"type":"LineString","coordinates":[[-99.151488,19.452567],[-99.151516,19.452354]]}},{"type":"Feature","properties":{"Name":"Polyline [2BA2]:0","altitudeMode":"relativeToGround","tessellate":"-1","visibility":"-1","id_2":"2"},"geometry":{"type":"LineString","coordinates":[[-99.186057,19.608355],[-99.186052,19.608377]]}},{"type":"Feature","properties":{"Name":"Polyline [2BA2]:0","altitudeMode":"relativeToGround","tessellate":"-1","visibility":"-1","id_2":"2"},"geometry":{"type":"LineString","coordinates":[[-99.186052,19.608377],[-99.185949,19.608858]]}},{"type":"Feature","properties":{"Name":"Polyline [2BA2]:0","altitudeMode":"relativeToGround","tessellate":"-1","visibility":"-1","id_2":"2"},"geometry":{"type":"LineString","coordinates":[[-99.185949,19.608858],[-99.185857,19.609299]]}},{"type":"Feature","properties":{"Name":"Polyline [2BA2]:0","altitudeMode":"relativeToGround","tessellate":"-1","visibility":"-1","id_2":"2"},"geometry":{"type":"LineString","coordinates":[[-99.185857,19.609299],[-99.185761,19.60975]]}},{"type":"Feature","properties":{"Name":"Polyline [2BA2]:0","altitudeMode":"relativeToGround","tessellate":"-1","visibility":"-1","id_2":"2"},"geometry":{"type":"LineString","coordinates":[[-99.185761,19.60975],[-99.18567,19.610175]]}},{"type":"Feature","properties":{"Name":"Polyline [2BA2]:0","altitudeMode":"relativeToGround","tessellate":"-1","visibility":"-1","id_2":"2"},"geometry":{"type":"LineString","coordinates":[[-99.18567,19.610175],[-99.185578,19.610605]]}},{"type":"Feature","properties":{"Name":"Polyline [2BA2]:0","altitudeMode":"relativeToGround","tessellate":"-1","visibility":"-1","id_2":"2"},"geometry":{"type":"LineString","coordinates":[[-99.185578,19.610605],[-99.185483,19.611051]]}},{"type":"Feature","properties":{"Name":"Polyline [2BA2]:0","altitudeMode":"relativeToGround","tessellate":"-1","visibility":"-1","id_2":"2"},"geometry":{"type":"LineString","coordinates":[[-99.185483,19.611051],[-99.185388,19.611496]]}},{"type":"Feature","properties":{"Name":"Polyline [2BA2]:0","altitudeMode":"relativeToGround","tessellate":"-1","visibility":"-1","id_2":"2"},"geometry":{"type":"LineString","coordinates":[[-99.185388,19.611496],[-99.185293,19.611939]]}},{"type":"Feature","properties":{"Name":"Polyline [2BA2]:0","altitudeMode":"relativeToGround","tessellate":"-1","visibility":"-1","id_2":"2"},"geometry":{"type":"LineString","coordinates":[[-99.185293,19.611939],[-99.185198,19.612385]]}},{"type":"Feature","properties":{"Name":"Polyline [2BA2]:0","altitudeMode":"relativeToGround","tessellate":"-1","visibility":"-1","id_2":"2"},"geometry":{"type":"LineString","coordinates":[[-99.185198,19.612385],[-99.185109,19.612802]]}},{"type":"Feature","properties":{"Name":"Polyline [2BA2]:0","altitudeMode":"relativeToGround","tessellate":"-1","visibility":"-1","id_2":"2"},"geometry":{"type":"LineString","coordinates":[[-99.185109,19.612802],[-99.184885,19.613873]]}},{"type":"Feature","properties":{"Name":"Polyline [2BA2]:0","altitudeMode":"relativeToGround","tessellate":"-1","visibility":"-1","id_2":"2"},"geometry":{"type":"LineString","coordinates":[[-99.184885,19.613873],[-99.184863,19.613933]]}},{"type":"Feature","properties":{"Name":"Polyline [2BA2]:0","altitudeMode":"relativeToGround","tessellate":"-1","visibility":"-1","id_2":"2"},"geometry":{"type":"LineString","coordinates":[[-99.184863,19.613933],[-99.184828,19.614099]]}},{"type":"Feature","properties":{"Name":"Polyline [2BA2]:0","altitudeMode":"relativeToGround","tessellate":"-1","visibility":"-1","id_2":"2"},"geometry":{"type":"LineString","coordinates":[[-99.184828,19.614099],[-99.184795,19.614271]]}},{"type":"Feature","properties":{"Name":"Polyline [2BA2]:0","altitudeMode":"relativeToGround","tessellate":"-1","visibility":"-1","id_2":"2"},"geometry":{"type":"LineString","coordinates":[[-99.184795,19.614271],[-99.184237,19.616985]]}},{"type":"Feature","properties":{"Name":"Polyline [2BA2]:0","altitudeMode":"relativeToGround","tessellate":"-1","visibility":"-1","id_2":"2"},"geometry":{"type":"LineString","coordinates":[[-99.184237,19.616985],[-99.184183,19.617206]]}},{"type":"Feature","properties":{"Name":"Polyline [2BA2]:0","altitudeMode":"relativeToGround","tessellate":"-1","visibility":"-1","id_2":"2"},"geometry":{"type":"LineString","coordinates":[[-99.184183,19.617206],[-99.184066,19.617769]]}},{"type":"Feature","properties":{"Name":"Polyline [2BA2]:0","altitudeMode":"relativeToGround","tessellate":"-1","visibility":"-1","id_2":"2"},"geometry":{"type":"LineString","coordinates":[[-99.184066,19.617769],[-99.183946,19.618346]]}},{"type":"Feature","properties":{"Name":"Polyline [2BA2]:0","altitudeMode":"relativeToGround","tessellate":"-1","visibility":"-1","id_2":"2"},"geometry":{"type":"LineString","coordinates":[[-99.183946,19.618346],[-99.180531,19.634525]]}},{"type":"Feature","properties":{"Name":"Polyline [2BA2]:0","altitudeMode":"relativeToGround","tessellate":"-1","visibility":"-1","id_2":"2"},"geometry":{"type":"LineString","coordinates":[[-99.180531,19.634525],[-99.180111,19.636519]]}},{"type":"Feature","properties":{"Name":"Polyline [2BA2]:0","altitudeMode":"relativeToGround","tessellate":"-1","visibility":"-1","id_2":"2"},"geometry":{"type":"LineString","coordinates":[[-99.180111,19.636519],[-99.179817,19.637908]]}},{"type":"Feature","properties":{"Name":"Polyline [2BA2]:0","altitudeMode":"relativeToGround","tessellate":"-1","visibility":"-1","id_2":"2"},"geometry":{"type":"LineString","coordinates":[[-99.179817,19.637908],[-99.179657,19.638667]]}},{"type":"Feature","properties":{"Name":"Polyline [2BA2]:0","altitudeMode":"relativeToGround","tessellate":"-1","visibility":"-1","id_2":"2"},"geometry":{"type":"LineString","coordinates":[[-99.179657,19.638667],[-99.178163,19.645767]]}},{"type":"Feature","properties":{"Name":"Polyline [2BA2]:0","altitudeMode":"relativeToGround","tessellate":"-1","visibility":"-1","id_2":"2"},"geometry":{"type":"LineString","coordinates":[[-99.178163,19.645767],[-99.178112,19.646026]]}},{"type":"Feature","properties":{"Name":"Polyline [2BA2]:0","altitudeMode":"relativeToGround","tessellate":"-1","visibility":"-1","id_2":"2"},"geometry":{"type":"LineString","coordinates":[[-99.178112,19.646026],[-99.178077,19.64621]]}},{"type":"Feature","properties":{"Name":"Polyline [2BA2]:0","altitudeMode":"relativeToGround","tessellate":"-1","visibility":"-1","id_2":"2"},"geometry":{"type":"LineString","coordinates":[[-99.178077,19.64621],[-99.178041,19.646441]]}},{"type":"Feature","properties":{"Name":"Polyline [2BA2]:0","altitudeMode":"relativeToGround","tessellate":"-1","visibility":"-1","id_2":"2"},"geometry":{"type":"LineString","coordinates":[[-99.178041,19.646441],[-99.178016,19.646609]]}},{"type":"Feature","properties":{"Name":"Polyline [2BA2]:0","altitudeMode":"relativeToGround","tessellate":"-1","visibility":"-1","id_2":"2"},"geometry":{"type":"LineString","coordinates":[[-99.178016,19.646609],[-99.177988,19.646842]]}},{"type":"Feature","properties":{"Name":"Polyline [2BA2]:0","altitudeMode":"relativeToGround","tessellate":"-1","visibility":"-1","id_2":"2"},"geometry":{"type":"LineString","coordinates":[[-99.177988,19.646842],[-99.177975,19.647013]]}},{"type":"Feature","properties":{"Name":"Polyline [2BA2]:0","altitudeMode":"relativeToGround","tessellate":"-1","visibility":"-1","id_2":"2"},"geometry":{"type":"LineString","coordinates":[[-99.177975,19.647013],[-99.177941,19.647388]]}},{"type":"Feature","properties":{"Name":"Polyline [2BA2]:0","altitudeMode":"relativeToGround","tessellate":"-1","visibility":"-1","id_2":"2"},"geometry":{"type":"LineString","coordinates":[[-99.177941,19.647388],[-99.177907,19.647847]]}},{"type":"Feature","properties":{"Name":"Polyline [2BA2]:0","altitudeMode":"relativeToGround","tessellate":"-1","visibility":"-1","id_2":"2"},"geometry":{"type":"LineString","coordinates":[[-99.177907,19.647847],[-99.177868,19.648285]]}},{"type":"Feature","properties":{"Name":"Polyline [2BA2]:0","altitudeMode":"relativeToGround","tessellate":"-1","visibility":"-1","id_2":"2"},"geometry":{"type":"LineString","coordinates":[[-99.177868,19.648285],[-99.177567,19.652017]]}},{"type":"Feature","properties":{"Name":"Polyline [2BA2]:0","altitudeMode":"relativeToGround","tessellate":"-1","visibility":"-1","id_2":"2"},"geometry":{"type":"LineString","coordinates":[[-99.177567,19.652017],[-99.177258,19.655757]]}},{"type":"Feature","properties":{"Name":"Polyline [2BA2]:0","altitudeMode":"relativeToGround","tessellate":"-1","visibility":"-1","id_2":"2"},"geometry":{"type":"LineString","coordinates":[[-99.177258,19.655757],[-99.176953,19.6595]]}},{"type":"Feature","properties":{"Name":"Polyline [2BA2]:0","altitudeMode":"relativeToGround","tessellate":"-1","visibility":"-1","id_2":"2"},"geometry":{"type":"LineString","coordinates":[[-99.176953,19.6595],[-99.176638,19.663253]]}},{"type":"Feature","properties":{"Name":"Polyline [2BA2]:0","altitudeMode":"relativeToGround","tessellate":"-1","visibility":"-1","id_2":"2"},"geometry":{"type":"LineString","coordinates":[[-99.176638,19.663253],[-99.176611,19.663631]]}},{"type":"Feature","properties":{"Name":"Polyline [2BA2]:0","altitudeMode":"relativeToGround","tessellate":"-1","visibility":"-1","id_2":"2"},"geometry":{"type":"LineString","coordinates":[[-99.176611,19.663631],[-99.176585,19.663901]]}},{"type":"Feature","properties":{"Name":"Polyline [2BA2]:0","altitudeMode":"relativeToGround","tessellate":"-1","visibility":"-1","id_2":"2"},"geometry":{"type":"LineString","coordinates":[[-99.176585,19.663901],[-99.176571,19.664032]]}},{"type":"Feature","properties":{"Name":"Polyline [2BA2]:0","altitudeMode":"relativeToGround","tessellate":"-1","visibility":"-1","id_2":"2"},"geometry":{"type":"LineString","coordinates":[[-99.176571,19.664032],[-99.176547,19.664173]]}},{"type":"Feature","properties":{"Name":"Polyline [2BA2]:0","altitudeMode":"relativeToGround","tessellate":"-1","visibility":"-1","id_2":"2"},"geometry":{"type":"LineString","coordinates":[[-99.176547,19.664173],[-99.176508,19.664367]]}},{"type":"Feature","properties":{"Name":"Polyline [2BA2]:0","altitudeMode":"relativeToGround","tessellate":"-1","visibility":"-1","id_2":"2"},"geometry":{"type":"LineString","coordinates":[[-99.176508,19.664367],[-99.176495,19.664434]]}},{"type":"Feature","properties":{"Name":"Polyline [2BA2]:0","altitudeMode":"relativeToGround","tessellate":"-1","visibility":"-1","id_2":"2"},"geometry":{"type":"LineString","coordinates":[[-99.176495,19.664434],[-99.176484,19.664501]]}},{"type":"Feature","properties":{"Name":"Polyline [2BA2]:0","altitudeMode":"relativeToGround","tessellate":"-1","visibility":"-1","id_2":"2"},"geometry":{"type":"LineString","coordinates":[[-99.176484,19.664501],[-99.176474,19.664565]]}},{"type":"Feature","properties":{"Name":"Polyline [2BA2]:0","altitudeMode":"relativeToGround","tessellate":"-1","visibility":"-1","id_2":"2"},"geometry":{"type":"LineString","coordinates":[[-99.176474,19.664565],[-99.176465,19.664631]]}},{"type":"Feature","properties":{"Name":"Polyline [2BA2]:0","altitudeMode":"relativeToGround","tessellate":"-1","visibility":"-1","id_2":"2"},"geometry":{"type":"LineString","coordinates":[[-99.176465,19.664631],[-99.176439,19.664869]]}},{"type":"Feature","properties":{"Name":"Polyline [2BA2]:0","altitudeMode":"relativeToGround","tessellate":"-1","visibility":"-1","id_2":"2"},"geometry":{"type":"LineString","coordinates":[[-99.176439,19.664869],[-99.176423,19.665051]]}},{"type":"Feature","properties":{"Name":"Polyline [2BA2]:0","altitudeMode":"relativeToGround","tessellate":"-1","visibility":"-1","id_2":"2"},"geometry":{"type":"LineString","coordinates":[[-99.176423,19.665051],[-99.176411,19.665189]]}},{"type":"Feature","properties":{"Name":"Polyline [2BA2]:0","altitudeMode":"relativeToGround","tessellate":"-1","visibility":"-1","id_2":"2"},"geometry":{"type":"LineString","coordinates":[[-99.176411,19.665189],[-99.176392,19.665412]]}},{"type":"Feature","properties":{"Name":"Polyline [2BA2]:0","altitudeMode":"relativeToGround","tessellate":"-1","visibility":"-1","id_2":"2"},"geometry":{"type":"LineString","coordinates":[[-99.176392,19.665412],[-99.176222,19.667454]]}},{"type":"Feature","properties":{"Name":"Polyline [2BA2]:0","altitudeMode":"relativeToGround","tessellate":"-1","visibility":"-1","id_2":"2"},"geometry":{"type":"LineString","coordinates":[[-99.176222,19.667454],[-99.176199,19.667714]]}},{"type":"Feature","properties":{"Name":"Polyline [2BA2]:0","altitudeMode":"relativeToGround","tessellate":"-1","visibility":"-1","id_2":"2"},"geometry":{"type":"LineString","coordinates":[[-99.176199,19.667714],[-99.176176,19.667989]]}},{"type":"Feature","properties":{"Name":"Polyline [2BA2]:0","altitudeMode":"relativeToGround","tessellate":"-1","visibility":"-1","id_2":"2"},"geometry":{"type":"LineString","coordinates":[[-99.176176,19.667989],[-99.176172,19.66817]]}},{"type":"Feature","properties":{"Name":"Polyline [2BA2]:0","altitudeMode":"relativeToGround","tessellate":"-1","visibility":"-1","id_2":"2"},"geometry":{"type":"LineString","coordinates":[[-99.176172,19.66817],[-99.176171,19.668342]]}},{"type":"Feature","properties":{"Name":"Polyline [2BA2]:0","altitudeMode":"relativeToGround","tessellate":"-1","visibility":"-1","id_2":"2"},"geometry":{"type":"LineString","coordinates":[[-99.176171,19.668342],[-99.176176,19.668577]]}},{"type":"Feature","properties":{"Name":"Polyline [2BA2]:0","altitudeMode":"relativeToGround","tessellate":"-1","visibility":"-1","id_2":"2"},"geometry":{"type":"LineString","coordinates":[[-99.176176,19.668577],[-99.176175,19.668789]]}},{"type":"Feature","properties":{"Name":"Polyline [2BA2]:0","altitudeMode":"relativeToGround","tessellate":"-1","visibility":"-1","id_2":"2"},"geometry":{"type":"LineString","coordinates":[[-99.176175,19.668789],[-99.17617,19.668885]]}},{"type":"Feature","properties":{"Name":"Polyline [2BA2]:0","altitudeMode":"relativeToGround","tessellate":"-1","visibility":"-1","id_2":"2"},"geometry":{"type":"LineString","coordinates":[[-99.17617,19.668885],[-99.176162,19.669006]]}},{"type":"Feature","properties":{"Name":"Polyline [2BA2]:0","altitudeMode":"relativeToGround","tessellate":"-1","visibility":"-1","id_2":"2"},"geometry":{"type":"LineString","coordinates":[[-99.176162,19.669006],[-99.176148,19.669159]]}},{"type":"Feature","properties":{"Name":"Polyline [2BA2]:0","altitudeMode":"relativeToGround","tessellate":"-1","visibility":"-1","id_2":"2"},"geometry":{"type":"LineString","coordinates":[[-99.176148,19.669159],[-99.176123,19.669492]]}},{"type":"Feature","properties":{"Name":"Polyline [2BA2]:0","altitudeMode":"relativeToGround","tessellate":"-1","visibility":"-1","id_2":"2"},"geometry":{"type":"LineString","coordinates":[[-99.176123,19.669492],[-99.176106,19.669734]]}},{"type":"Feature","properties":{"Name":"Polyline [2BA2]:0","altitudeMode":"relativeToGround","tessellate":"-1","visibility":"-1","id_2":"2"},"geometry":{"type":"LineString","coordinates":[[-99.176106,19.669734],[-99.176039,19.67037]]}},{"type":"Feature","properties":{"Name":"Polyline [2BA2]:0","altitudeMode":"relativeToGround","tessellate":"-1","visibility":"-1","id_2":"2"},"geometry":{"type":"LineString","coordinates":[[-99.176039,19.67037],[-99.176039,19.67037]]}},{"type":"Feature","properties":{"Name":"Polyline [2BA2]:0","altitudeMode":"relativeToGround","tessellate":"-1","visibility":"-1","id_2":"2"},"geometry":{"type":"LineString","coordinates":[[-99.176039,19.67037],[-99.176039,19.67037]]}},{"type":"Feature","properties":{"Name":"Polyline [2BA2]:0","altitudeMode":"relativeToGround","tessellate":"-1","visibility":"-1","id_2":"2"},"geometry":{"type":"LineString","coordinates":[[-99.176039,19.67037],[-99.175961,19.670364]]}},{"type":"Feature","properties":{"Name":"Polyline [2BA2]:0","altitudeMode":"relativeToGround","tessellate":"-1","visibility":"-1","id_2":"2"},"geometry":{"type":"LineString","coordinates":[[-99.175961,19.670364],[-99.175961,19.670364]]}},{"type":"Feature","properties":{"Name":"Polyline [2BA2]:0","altitudeMode":"relativeToGround","tessellate":"-1","visibility":"-1","id_2":"2"},"geometry":{"type":"LineString","coordinates":[[-99.175961,19.670364],[-99.175961,19.670364]]}},{"type":"Feature","properties":{"Name":"Polyline [2BA2]:0","altitudeMode":"relativeToGround","tessellate":"-1","visibility":"-1","id_2":"2"},"geometry":{"type":"LineString","coordinates":[[-99.175961,19.670364],[-99.175961,19.670366]]}},{"type":"Feature","properties":{"Name":"Polyline [2BA2]:0","altitudeMode":"relativeToGround","tessellate":"-1","visibility":"-1","id_2":"2"},"geometry":{"type":"LineString","coordinates":[[-99.175961,19.670366],[-99.175954,19.670518]]}},{"type":"Feature","properties":{"Name":"Polyline [2BA2]:0","altitudeMode":"relativeToGround","tessellate":"-1","visibility":"-1","id_2":"2"},"geometry":{"type":"LineString","coordinates":[[-99.175954,19.670518],[-99.175789,19.672395]]}},{"type":"Feature","properties":{"Name":"Polyline [2BA2]:0","altitudeMode":"relativeToGround","tessellate":"-1","visibility":"-1","id_2":"2"},"geometry":{"type":"LineString","coordinates":[[-99.175789,19.672395],[-99.175632,19.67426]]}},{"type":"Feature","properties":{"Name":"Polyline [2BA2]:0","altitudeMode":"relativeToGround","tessellate":"-1","visibility":"-1","id_2":"2"},"geometry":{"type":"LineString","coordinates":[[-99.175632,19.67426],[-99.175548,19.675411]]}},{"type":"Feature","properties":{"Name":"Polyline [2BA2]:0","altitudeMode":"relativeToGround","tessellate":"-1","visibility":"-1","id_2":"2"},"geometry":{"type":"LineString","coordinates":[[-99.175548,19.675411],[-99.175477,19.677853]]}},{"type":"Feature","properties":{"Name":"Polyline [2BA2]:0","altitudeMode":"relativeToGround","tessellate":"-1","visibility":"-1","id_2":"2"},"geometry":{"type":"LineString","coordinates":[[-99.175477,19.677853],[-99.175477,19.678101]]}},{"type":"Feature","properties":{"Name":"Polyline [2BA2]:0","altitudeMode":"relativeToGround","tessellate":"-1","visibility":"-1","id_2":"2"},"geometry":{"type":"LineString","coordinates":[[-99.175477,19.678101],[-99.175467,19.678607]]}},{"type":"Feature","properties":{"Name":"Polyline [2BA2]:0","altitudeMode":"relativeToGround","tessellate":"-1","visibility":"-1","id_2":"2"},"geometry":{"type":"LineString","coordinates":[[-99.175467,19.678607],[-99.175416,19.680936]]}},{"type":"Feature","properties":{"Name":"Polyline [2BA2]:0","altitudeMode":"relativeToGround","tessellate":"-1","visibility":"-1","id_2":"2"},"geometry":{"type":"LineString","coordinates":[[-99.175416,19.680936],[-99.175367,19.683141]]}},{"type":"Feature","properties":{"Name":"Polyline [2BA2]:0","altitudeMode":"relativeToGround","tessellate":"-1","visibility":"-1","id_2":"2"},"geometry":{"type":"LineString","coordinates":[[-99.175367,19.683141],[-99.175269,19.687557]]}},{"type":"Feature","properties":{"Name":"Polyline [2BA2]:0","altitudeMode":"relativeToGround","tessellate":"-1","visibility":"-1","id_2":"2"},"geometry":{"type":"LineString","coordinates":[[-99.175269,19.687557],[-99.17504,19.698209]]}},{"type":"Feature","properties":{"Name":"Polyline [2BA2]:0","altitudeMode":"relativeToGround","tessellate":"-1","visibility":"-1","id_2":"2"},"geometry":{"type":"LineString","coordinates":[[-99.17504,19.698209],[-99.175001,19.699849]]}},{"type":"Feature","properties":{"Name":"Polyline [2BA2]:0","altitudeMode":"relativeToGround","tessellate":"-1","visibility":"-1","id_2":"2"},"geometry":{"type":"LineString","coordinates":[[-99.175001,19.699849],[-99.174972,19.700637]]}},{"type":"Feature","properties":{"Name":"Polyline [2BA2]:0","altitudeMode":"relativeToGround","tessellate":"-1","visibility":"-1","id_2":"2"},"geometry":{"type":"LineString","coordinates":[[-99.174972,19.700637],[-99.174936,19.702016]]}},{"type":"Feature","properties":{"Name":"Polyline [2BA2]:0","altitudeMode":"relativeToGround","tessellate":"-1","visibility":"-1","id_2":"2"},"geometry":{"type":"LineString","coordinates":[[-99.174936,19.702016],[-99.174899,19.703606]]}},{"type":"Feature","properties":{"Name":"Polyline [2BA2]:0","altitudeMode":"relativeToGround","tessellate":"-1","visibility":"-1","id_2":"2"},"geometry":{"type":"LineString","coordinates":[[-99.174899,19.703606],[-99.174878,19.704507]]}},{"type":"Feature","properties":{"Name":"Polyline [2BA2]:0","altitudeMode":"relativeToGround","tessellate":"-1","visibility":"-1","id_2":"2"},"geometry":{"type":"LineString","coordinates":[[-99.174878,19.704507],[-99.174854,19.705395]]}},{"type":"Feature","properties":{"Name":"Polyline [2BA2]:0","altitudeMode":"relativeToGround","tessellate":"-1","visibility":"-1","id_2":"2"},"geometry":{"type":"LineString","coordinates":[[-99.174854,19.705395],[-99.174867,19.706343]]}},{"type":"Feature","properties":{"Name":"Polyline [2BA2]:0","altitudeMode":"relativeToGround","tessellate":"-1","visibility":"-1","id_2":"2"},"geometry":{"type":"LineString","coordinates":[[-99.174867,19.706343],[-99.174911,19.707534]]}},{"type":"Feature","properties":{"Name":"Polyline [2BA2]:0","altitudeMode":"relativeToGround","tessellate":"-1","visibility":"-1","id_2":"2"},"geometry":{"type":"LineString","coordinates":[[-99.174911,19.707534],[-99.174986,19.709107]]}},{"type":"Feature","properties":{"Name":"Polyline [2BA2]:0","altitudeMode":"relativeToGround","tessellate":"-1","visibility":"-1","id_2":"2"},"geometry":{"type":"LineString","coordinates":[[-99.174986,19.709107],[-99.17507,19.711121]]}},{"type":"Feature","properties":{"Name":"Polyline [2BA2]:0","altitudeMode":"relativeToGround","tessellate":"-1","visibility":"-1","id_2":"2"},"geometry":{"type":"LineString","coordinates":[[-99.17507,19.711121],[-99.175111,19.712]]}},{"type":"Feature","properties":{"Name":"Polyline [2BA2]:0","altitudeMode":"relativeToGround","tessellate":"-1","visibility":"-1","id_2":"2"},"geometry":{"type":"LineString","coordinates":[[-99.175111,19.712],[-99.175188,19.714549]]}},{"type":"Feature","properties":{"Name":"Polyline [2BA2]:0","altitudeMode":"relativeToGround","tessellate":"-1","visibility":"-1","id_2":"2"},"geometry":{"type":"LineString","coordinates":[[-99.175188,19.714549],[-99.17525,19.715986]]}},{"type":"Feature","properties":{"Name":"Polyline [2BA2]:0","altitudeMode":"relativeToGround","tessellate":"-1","visibility":"-1","id_2":"2"},"geometry":{"type":"LineString","coordinates":[[-99.17525,19.715986],[-99.175297,19.717149]]}},{"type":"Feature","properties":{"Name":"Polyline [2BA2]:0","altitudeMode":"relativeToGround","tessellate":"-1","visibility":"-1","id_2":"2"},"geometry":{"type":"LineString","coordinates":[[-99.175297,19.717149],[-99.175322,19.717753]]}},{"type":"Feature","properties":{"Name":"Polyline [2BA2]:0","altitudeMode":"relativeToGround","tessellate":"-1","visibility":"-1","id_2":"2"},"geometry":{"type":"LineString","coordinates":[[-99.175322,19.717753],[-99.175372,19.718003]]}},{"type":"Feature","properties":{"Name":"Polyline [2BA2]:0","altitudeMode":"relativeToGround","tessellate":"-1","visibility":"-1","id_2":"2"},"geometry":{"type":"LineString","coordinates":[[-99.175372,19.718003],[-99.175399,19.718661]]}},{"type":"Feature","properties":{"Name":"Polyline [2BA2]:0","altitudeMode":"relativeToGround","tessellate":"-1","visibility":"-1","id_2":"2"},"geometry":{"type":"LineString","coordinates":[[-99.175399,19.718661],[-99.175382,19.719236]]}},{"type":"Feature","properties":{"Name":"Polyline [2BA2]:0","altitudeMode":"relativeToGround","tessellate":"-1","visibility":"-1","id_2":"2"},"geometry":{"type":"LineString","coordinates":[[-99.175382,19.719236],[-99.175468,19.720984]]}},{"type":"Feature","properties":{"Name":"Polyline [2BA2]:0","altitudeMode":"relativeToGround","tessellate":"-1","visibility":"-1","id_2":"2"},"geometry":{"type":"LineString","coordinates":[[-99.175468,19.720984],[-99.175518,19.722246]]}},{"type":"Feature","properties":{"Name":"Polyline [2BA2]:0","altitudeMode":"relativeToGround","tessellate":"-1","visibility":"-1","id_2":"2"},"geometry":{"type":"LineString","coordinates":[[-99.175518,19.722246],[-99.175567,19.723335]]}},{"type":"Feature","properties":{"Name":"Polyline [2BA2]:0","altitudeMode":"relativeToGround","tessellate":"-1","visibility":"-1","id_2":"2"},"geometry":{"type":"LineString","coordinates":[[-99.175567,19.723335],[-99.175607,19.724588]]}},{"type":"Feature","properties":{"Name":"Polyline [2BA2]:0","altitudeMode":"relativeToGround","tessellate":"-1","visibility":"-1","id_2":"2"},"geometry":{"type":"LineString","coordinates":[[-99.175607,19.724588],[-99.175639,19.725396]]}},{"type":"Feature","properties":{"Name":"Polyline [2BA2]:0","altitudeMode":"relativeToGround","tessellate":"-1","visibility":"-1","id_2":"2"},"geometry":{"type":"LineString","coordinates":[[-99.175639,19.725396],[-99.175679,19.726178]]}},{"type":"Feature","properties":{"Name":"Polyline [2BA2]:0","altitudeMode":"relativeToGround","tessellate":"-1","visibility":"-1","id_2":"2"},"geometry":{"type":"LineString","coordinates":[[-99.175679,19.726178],[-99.175699,19.726933]]}},{"type":"Feature","properties":{"Name":"Polyline [2BA2]:0","altitudeMode":"relativeToGround","tessellate":"-1","visibility":"-1","id_2":"2"},"geometry":{"type":"LineString","coordinates":[[-99.175699,19.726933],[-99.175722,19.727594]]}},{"type":"Feature","properties":{"Name":"Polyline [2BA2]:0","altitudeMode":"relativeToGround","tessellate":"-1","visibility":"-1","id_2":"2"},"geometry":{"type":"LineString","coordinates":[[-99.175722,19.727594],[-99.17576,19.728519]]}},{"type":"Feature","properties":{"Name":"Polyline [2BA2]:0","altitudeMode":"relativeToGround","tessellate":"-1","visibility":"-1","id_2":"2"},"geometry":{"type":"LineString","coordinates":[[-99.17576,19.728519],[-99.175819,19.729968]]}},{"type":"Feature","properties":{"Name":"Polyline [2BA2]:0","altitudeMode":"relativeToGround","tessellate":"-1","visibility":"-1","id_2":"2"},"geometry":{"type":"LineString","coordinates":[[-99.175819,19.729968],[-99.175864,19.730936]]}},{"type":"Feature","properties":{"Name":"Polyline [2BA2]:0","altitudeMode":"relativeToGround","tessellate":"-1","visibility":"-1","id_2":"2"},"geometry":{"type":"LineString","coordinates":[[-99.175864,19.730936],[-99.175919,19.731979]]}},{"type":"Feature","properties":{"Name":"Polyline [2BA2]:0","altitudeMode":"relativeToGround","tessellate":"-1","visibility":"-1","id_2":"2"},"geometry":{"type":"LineString","coordinates":[[-99.175919,19.731979],[-99.175949,19.732821]]}},{"type":"Feature","properties":{"Name":"Polyline [2BA2]:0","altitudeMode":"relativeToGround","tessellate":"-1","visibility":"-1","id_2":"2"},"geometry":{"type":"LineString","coordinates":[[-99.175949,19.732821],[-99.176002,19.7343]]}},{"type":"Feature","properties":{"Name":"Polyline [2BA2]:0","altitudeMode":"relativeToGround","tessellate":"-1","visibility":"-1","id_2":"2"},"geometry":{"type":"LineString","coordinates":[[-99.176002,19.7343],[-99.176025,19.734929]]}},{"type":"Feature","properties":{"Name":"Polyline [2BA2]:0","altitudeMode":"relativeToGround","tessellate":"-1","visibility":"-1","id_2":"2"},"geometry":{"type":"LineString","coordinates":[[-99.176025,19.734929],[-99.17606,19.735846]]}},{"type":"Feature","properties":{"Name":"Polyline [2BA2]:0","altitudeMode":"relativeToGround","tessellate":"-1","visibility":"-1","id_2":"2"},"geometry":{"type":"LineString","coordinates":[[-99.17606,19.735846],[-99.176103,19.736477]]}},{"type":"Feature","properties":{"Name":"Polyline [2BA2]:0","altitudeMode":"relativeToGround","tessellate":"-1","visibility":"-1","id_2":"2"},"geometry":{"type":"LineString","coordinates":[[-99.176103,19.736477],[-99.176147,19.737646]]}},{"type":"Feature","properties":{"Name":"Polyline [2BA2]:0","altitudeMode":"relativeToGround","tessellate":"-1","visibility":"-1","id_2":"2"},"geometry":{"type":"LineString","coordinates":[[-99.176147,19.737646],[-99.176203,19.738519]]}},{"type":"Feature","properties":{"Name":"Polyline [2BA2]:0","altitudeMode":"relativeToGround","tessellate":"-1","visibility":"-1","id_2":"2"},"geometry":{"type":"LineString","coordinates":[[-99.176203,19.738519],[-99.176224,19.738932]]}},{"type":"Feature","properties":{"Name":"Polyline [2BA2]:0","altitudeMode":"relativeToGround","tessellate":"-1","visibility":"-1","id_2":"2"},"geometry":{"type":"LineString","coordinates":[[-99.176224,19.738932],[-99.176248,19.739558]]}},{"type":"Feature","properties":{"Name":"Polyline [2BA2]:0","altitudeMode":"relativeToGround","tessellate":"-1","visibility":"-1","id_2":"2"},"geometry":{"type":"LineString","coordinates":[[-99.176248,19.739558],[-99.176335,19.741313]]}},{"type":"Feature","properties":{"Name":"Polyline [2BA2]:0","altitudeMode":"relativeToGround","tessellate":"-1","visibility":"-1","id_2":"2"},"geometry":{"type":"LineString","coordinates":[[-99.176335,19.741313],[-99.176334,19.741781]]}},{"type":"Feature","properties":{"Name":"Polyline [2BA2]:0","altitudeMode":"relativeToGround","tessellate":"-1","visibility":"-1","id_2":"2"},"geometry":{"type":"LineString","coordinates":[[-99.176334,19.741781],[-99.176359,19.742457]]}},{"type":"Feature","properties":{"Name":"Polyline [2BA2]:0","altitudeMode":"relativeToGround","tessellate":"-1","visibility":"-1","id_2":"2"},"geometry":{"type":"LineString","coordinates":[[-99.176359,19.742457],[-99.176425,19.74328]]}},{"type":"Feature","properties":{"Name":"Polyline [2BA2]:0","altitudeMode":"relativeToGround","tessellate":"-1","visibility":"-1","id_2":"2"},"geometry":{"type":"LineString","coordinates":[[-99.176425,19.74328],[-99.176425,19.74328]]}},{"type":"Feature","properties":{"Name":"Polyline [2BA2]:0","altitudeMode":"relativeToGround","tessellate":"-1","visibility":"-1","id_2":"2"},"geometry":{"type":"LineString","coordinates":[[-99.176425,19.74328],[-99.176425,19.74328]]}},{"type":"Feature","properties":{"Name":"Polyline [2BA2]:0","altitudeMode":"relativeToGround","tessellate":"-1","visibility":"-1","id_2":"2"},"geometry":{"type":"LineString","coordinates":[[-99.176425,19.74328],[-99.176382,19.74328]]}},{"type":"Feature","properties":{"Name":"Polyline [2BA2]:0","altitudeMode":"relativeToGround","tessellate":"-1","visibility":"-1","id_2":"2"},"geometry":{"type":"LineString","coordinates":[[-99.176382,19.74328],[-99.176382,19.74328]]}},{"type":"Feature","properties":{"Name":"Polyline [2BA2]:0","altitudeMode":"relativeToGround","tessellate":"-1","visibility":"-1","id_2":"2"},"geometry":{"type":"LineString","coordinates":[[-99.176382,19.74328],[-99.176382,19.74328]]}},{"type":"Feature","properties":{"Name":"Polyline [2BA2]:0","altitudeMode":"relativeToGround","tessellate":"-1","visibility":"-1","id_2":"2"},"geometry":{"type":"LineString","coordinates":[[-99.176382,19.74328],[-99.176374,19.74341]]}},{"type":"Feature","properties":{"Name":"Polyline [2BA2]:0","altitudeMode":"relativeToGround","tessellate":"-1","visibility":"-1","id_2":"2"},"geometry":{"type":"LineString","coordinates":[[-99.176374,19.74341],[-99.176476,19.743574]]}},{"type":"Feature","properties":{"Name":"Polyline [2BA2]:0","altitudeMode":"relativeToGround","tessellate":"-1","visibility":"-1","id_2":"2"},"geometry":{"type":"LineString","coordinates":[[-99.176476,19.743574],[-99.176507,19.744403]]}},{"type":"Feature","properties":{"Name":"Polyline [2BA2]:0","altitudeMode":"relativeToGround","tessellate":"-1","visibility":"-1","id_2":"2"},"geometry":{"type":"LineString","coordinates":[[-99.176507,19.744403],[-99.176486,19.744882]]}},{"type":"Feature","properties":{"Name":"Polyline [2BA2]:0","altitudeMode":"relativeToGround","tessellate":"-1","visibility":"-1","id_2":"2"},"geometry":{"type":"LineString","coordinates":[[-99.176486,19.744882],[-99.176504,19.745428]]}},{"type":"Feature","properties":{"Name":"Polyline [2BA2]:0","altitudeMode":"relativeToGround","tessellate":"-1","visibility":"-1","id_2":"2"},"geometry":{"type":"LineString","coordinates":[[-99.176504,19.745428],[-99.176599,19.746514]]}},{"type":"Feature","properties":{"Name":"Polyline [2BA2]:0","altitudeMode":"relativeToGround","tessellate":"-1","visibility":"-1","id_2":"2"},"geometry":{"type":"LineString","coordinates":[[-99.176599,19.746514],[-99.176735,19.748452]]}},{"type":"Feature","properties":{"Name":"Polyline [2BA2]:0","altitudeMode":"relativeToGround","tessellate":"-1","visibility":"-1","id_2":"2"},"geometry":{"type":"LineString","coordinates":[[-99.176735,19.748452],[-99.176743,19.748615]]}},{"type":"Feature","properties":{"Name":"Polyline [2BA2]:0","altitudeMode":"relativeToGround","tessellate":"-1","visibility":"-1","id_2":"2"},"geometry":{"type":"LineString","coordinates":[[-99.176743,19.748615],[-99.176753,19.748821]]}},{"type":"Feature","properties":{"Name":"Polyline [2BA2]:0","altitudeMode":"relativeToGround","tessellate":"-1","visibility":"-1","id_2":"2"},"geometry":{"type":"LineString","coordinates":[[-99.176753,19.748821],[-99.176767,19.749028]]}},{"type":"Feature","properties":{"Name":"Polyline [2BA2]:0","altitudeMode":"relativeToGround","tessellate":"-1","visibility":"-1","id_2":"2"},"geometry":{"type":"LineString","coordinates":[[-99.176767,19.749028],[-99.176784,19.749235]]}},{"type":"Feature","properties":{"Name":"Polyline [2BA2]:0","altitudeMode":"relativeToGround","tessellate":"-1","visibility":"-1","id_2":"2"},"geometry":{"type":"LineString","coordinates":[[-99.176784,19.749235],[-99.176806,19.749442]]}},{"type":"Feature","properties":{"Name":"Polyline [2BA2]:0","altitudeMode":"relativeToGround","tessellate":"-1","visibility":"-1","id_2":"2"},"geometry":{"type":"LineString","coordinates":[[-99.176806,19.749442],[-99.176833,19.749649]]}},{"type":"Feature","properties":{"Name":"Polyline [2BA2]:0","altitudeMode":"relativeToGround","tessellate":"-1","visibility":"-1","id_2":"2"},"geometry":{"type":"LineString","coordinates":[[-99.176833,19.749649],[-99.176863,19.749855]]}},{"type":"Feature","properties":{"Name":"Polyline [2BA2]:0","altitudeMode":"relativeToGround","tessellate":"-1","visibility":"-1","id_2":"2"},"geometry":{"type":"LineString","coordinates":[[-99.176863,19.749855],[-99.176898,19.750061]]}},{"type":"Feature","properties":{"Name":"Polyline [2BA2]:0","altitudeMode":"relativeToGround","tessellate":"-1","visibility":"-1","id_2":"2"},"geometry":{"type":"LineString","coordinates":[[-99.176898,19.750061],[-99.176937,19.750265]]}},{"type":"Feature","properties":{"Name":"Polyline [2BA2]:0","altitudeMode":"relativeToGround","tessellate":"-1","visibility":"-1","id_2":"2"},"geometry":{"type":"LineString","coordinates":[[-99.176937,19.750265],[-99.176981,19.750469]]}},{"type":"Feature","properties":{"Name":"Polyline [2BA2]:0","altitudeMode":"relativeToGround","tessellate":"-1","visibility":"-1","id_2":"2"},"geometry":{"type":"LineString","coordinates":[[-99.176981,19.750469],[-99.177028,19.750672]]}},{"type":"Feature","properties":{"Name":"Polyline [2BA2]:0","altitudeMode":"relativeToGround","tessellate":"-1","visibility":"-1","id_2":"2"},"geometry":{"type":"LineString","coordinates":[[-99.177028,19.750672],[-99.177079,19.750874]]}},{"type":"Feature","properties":{"Name":"Polyline [2BA2]:0","altitudeMode":"relativeToGround","tessellate":"-1","visibility":"-1","id_2":"2"},"geometry":{"type":"LineString","coordinates":[[-99.177079,19.750874],[-99.177132,19.751073]]}},{"type":"Feature","properties":{"Name":"Polyline [2BA2]:0","altitudeMode":"relativeToGround","tessellate":"-1","visibility":"-1","id_2":"2"},"geometry":{"type":"LineString","coordinates":[[-99.177132,19.751073],[-99.177186,19.751272]]}},{"type":"Feature","properties":{"Name":"Polyline [2BA2]:0","altitudeMode":"relativeToGround","tessellate":"-1","visibility":"-1","id_2":"2"},"geometry":{"type":"LineString","coordinates":[[-99.177186,19.751272],[-99.17724,19.75147]]}},{"type":"Feature","properties":{"Name":"Polyline [2BA2]:0","altitudeMode":"relativeToGround","tessellate":"-1","visibility":"-1","id_2":"2"},"geometry":{"type":"LineString","coordinates":[[-99.17724,19.75147],[-99.177293,19.751668]]}},{"type":"Feature","properties":{"Name":"Polyline [2BA2]:0","altitudeMode":"relativeToGround","tessellate":"-1","visibility":"-1","id_2":"2"},"geometry":{"type":"LineString","coordinates":[[-99.177293,19.751668],[-99.177347,19.751867]]}},{"type":"Feature","properties":{"Name":"Polyline [2BA2]:0","altitudeMode":"relativeToGround","tessellate":"-1","visibility":"-1","id_2":"2"},"geometry":{"type":"LineString","coordinates":[[-99.177347,19.751867],[-99.177402,19.752065]]}},{"type":"Feature","properties":{"Name":"Polyline [2BA2]:0","altitudeMode":"relativeToGround","tessellate":"-1","visibility":"-1","id_2":"2"},"geometry":{"type":"LineString","coordinates":[[-99.177402,19.752065],[-99.177456,19.752263]]}},{"type":"Feature","properties":{"Name":"Polyline [2BA2]:0","altitudeMode":"relativeToGround","tessellate":"-1","visibility":"-1","id_2":"2"},"geometry":{"type":"LineString","coordinates":[[-99.177456,19.752263],[-99.17751,19.752461]]}},{"type":"Feature","properties":{"Name":"Polyline [2BA2]:0","altitudeMode":"relativeToGround","tessellate":"-1","visibility":"-1","id_2":"2"},"geometry":{"type":"LineString","coordinates":[[-99.17751,19.752461],[-99.177564,19.752659]]}},{"type":"Feature","properties":{"Name":"Polyline [2BA2]:0","altitudeMode":"relativeToGround","tessellate":"-1","visibility":"-1","id_2":"2"},"geometry":{"type":"LineString","coordinates":[[-99.177564,19.752659],[-99.177618,19.752857]]}},{"type":"Feature","properties":{"Name":"Polyline [2BA2]:0","altitudeMode":"relativeToGround","tessellate":"-1","visibility":"-1","id_2":"2"},"geometry":{"type":"LineString","coordinates":[[-99.177618,19.752857],[-99.177673,19.753055]]}},{"type":"Feature","properties":{"Name":"Polyline [2BA2]:0","altitudeMode":"relativeToGround","tessellate":"-1","visibility":"-1","id_2":"2"},"geometry":{"type":"LineString","coordinates":[[-99.177673,19.753055],[-99.177727,19.753253]]}},{"type":"Feature","properties":{"Name":"Polyline [2BA2]:0","altitudeMode":"relativeToGround","tessellate":"-1","visibility":"-1","id_2":"2"},"geometry":{"type":"LineString","coordinates":[[-99.177727,19.753253],[-99.177781,19.753451]]}},{"type":"Feature","properties":{"Name":"Polyline [2BA2]:0","altitudeMode":"relativeToGround","tessellate":"-1","visibility":"-1","id_2":"2"},"geometry":{"type":"LineString","coordinates":[[-99.177781,19.753451],[-99.177835,19.753649]]}},{"type":"Feature","properties":{"Name":"Polyline [2BA2]:0","altitudeMode":"relativeToGround","tessellate":"-1","visibility":"-1","id_2":"2"},"geometry":{"type":"LineString","coordinates":[[-99.177835,19.753649],[-99.177889,19.753847]]}},{"type":"Feature","properties":{"Name":"Polyline [2BA2]:0","altitudeMode":"relativeToGround","tessellate":"-1","visibility":"-1","id_2":"2"},"geometry":{"type":"LineString","coordinates":[[-99.177889,19.753847],[-99.177944,19.754045]]}},{"type":"Feature","properties":{"Name":"Polyline [2BA2]:0","altitudeMode":"relativeToGround","tessellate":"-1","visibility":"-1","id_2":"2"},"geometry":{"type":"LineString","coordinates":[[-99.177944,19.754045],[-99.177998,19.754243]]}},{"type":"Feature","properties":{"Name":"Polyline [2BA2]:0","altitudeMode":"relativeToGround","tessellate":"-1","visibility":"-1","id_2":"2"},"geometry":{"type":"LineString","coordinates":[[-99.177998,19.754243],[-99.178052,19.754441]]}},{"type":"Feature","properties":{"Name":"Polyline [2BA2]:0","altitudeMode":"relativeToGround","tessellate":"-1","visibility":"-1","id_2":"2"},"geometry":{"type":"LineString","coordinates":[[-99.178052,19.754441],[-99.178106,19.754639]]}},{"type":"Feature","properties":{"Name":"Polyline [2BA2]:0","altitudeMode":"relativeToGround","tessellate":"-1","visibility":"-1","id_2":"2"},"geometry":{"type":"LineString","coordinates":[[-99.178106,19.754639],[-99.17816,19.754837]]}},{"type":"Feature","properties":{"Name":"Polyline [2BA2]:0","altitudeMode":"relativeToGround","tessellate":"-1","visibility":"-1","id_2":"2"},"geometry":{"type":"LineString","coordinates":[[-99.17816,19.754837],[-99.178215,19.755035]]}},{"type":"Feature","properties":{"Name":"Polyline [2BA2]:0","altitudeMode":"relativeToGround","tessellate":"-1","visibility":"-1","id_2":"2"},"geometry":{"type":"LineString","coordinates":[[-99.178215,19.755035],[-99.178269,19.755233]]}},{"type":"Feature","properties":{"Name":"Polyline [2BA2]:0","altitudeMode":"relativeToGround","tessellate":"-1","visibility":"-1","id_2":"2"},"geometry":{"type":"LineString","coordinates":[[-99.178269,19.755233],[-99.178323,19.755431]]}},{"type":"Feature","properties":{"Name":"Polyline [2BA2]:0","altitudeMode":"relativeToGround","tessellate":"-1","visibility":"-1","id_2":"2"},"geometry":{"type":"LineString","coordinates":[[-99.178323,19.755431],[-99.178377,19.75563]]}},{"type":"Feature","properties":{"Name":"Polyline [2BA2]:0","altitudeMode":"relativeToGround","tessellate":"-1","visibility":"-1","id_2":"2"},"geometry":{"type":"LineString","coordinates":[[-99.178377,19.75563],[-99.178431,19.755828]]}},{"type":"Feature","properties":{"Name":"Polyline [2BA2]:0","altitudeMode":"relativeToGround","tessellate":"-1","visibility":"-1","id_2":"2"},"geometry":{"type":"LineString","coordinates":[[-99.178431,19.755828],[-99.178485,19.756026]]}},{"type":"Feature","properties":{"Name":"Polyline [2BA2]:0","altitudeMode":"relativeToGround","tessellate":"-1","visibility":"-1","id_2":"2"},"geometry":{"type":"LineString","coordinates":[[-99.178485,19.756026],[-99.17854,19.756224]]}},{"type":"Feature","properties":{"Name":"Polyline [2BA2]:0","altitudeMode":"relativeToGround","tessellate":"-1","visibility":"-1","id_2":"2"},"geometry":{"type":"LineString","coordinates":[[-99.17854,19.756224],[-99.178594,19.756422]]}},{"type":"Feature","properties":{"Name":"Polyline [2BA2]:0","altitudeMode":"relativeToGround","tessellate":"-1","visibility":"-1","id_2":"2"},"geometry":{"type":"LineString","coordinates":[[-99.178594,19.756422],[-99.178648,19.75662]]}},{"type":"Feature","properties":{"Name":"Polyline [2BA2]:0","altitudeMode":"relativeToGround","tessellate":"-1","visibility":"-1","id_2":"2"},"geometry":{"type":"LineString","coordinates":[[-99.178648,19.75662],[-99.178702,19.756818]]}},{"type":"Feature","properties":{"Name":"Polyline [2BA2]:0","altitudeMode":"relativeToGround","tessellate":"-1","visibility":"-1","id_2":"2"},"geometry":{"type":"LineString","coordinates":[[-99.178702,19.756818],[-99.178756,19.757016]]}},{"type":"Feature","properties":{"Name":"Polyline [2BA2]:0","altitudeMode":"relativeToGround","tessellate":"-1","visibility":"-1","id_2":"2"},"geometry":{"type":"LineString","coordinates":[[-99.178756,19.757016],[-99.178811,19.757214]]}},{"type":"Feature","properties":{"Name":"Polyline [2BA2]:0","altitudeMode":"relativeToGround","tessellate":"-1","visibility":"-1","id_2":"2"},"geometry":{"type":"LineString","coordinates":[[-99.178811,19.757214],[-99.178865,19.757412]]}},{"type":"Feature","properties":{"Name":"Polyline [2BA2]:0","altitudeMode":"relativeToGround","tessellate":"-1","visibility":"-1","id_2":"2"},"geometry":{"type":"LineString","coordinates":[[-99.178865,19.757412],[-99.178919,19.75761]]}},{"type":"Feature","properties":{"Name":"Polyline [2BA2]:0","altitudeMode":"relativeToGround","tessellate":"-1","visibility":"-1","id_2":"2"},"geometry":{"type":"LineString","coordinates":[[-99.178919,19.75761],[-99.178973,19.757808]]}},{"type":"Feature","properties":{"Name":"Polyline [2BA2]:0","altitudeMode":"relativeToGround","tessellate":"-1","visibility":"-1","id_2":"2"},"geometry":{"type":"LineString","coordinates":[[-99.178973,19.757808],[-99.179027,19.758006]]}},{"type":"Feature","properties":{"Name":"Polyline [2BA2]:0","altitudeMode":"relativeToGround","tessellate":"-1","visibility":"-1","id_2":"2"},"geometry":{"type":"LineString","coordinates":[[-99.179027,19.758006],[-99.179082,19.758204]]}},{"type":"Feature","properties":{"Name":"Polyline [2BA2]:0","altitudeMode":"relativeToGround","tessellate":"-1","visibility":"-1","id_2":"2"},"geometry":{"type":"LineString","coordinates":[[-99.179082,19.758204],[-99.179136,19.758402]]}},{"type":"Feature","properties":{"Name":"Polyline [2BA2]:0","altitudeMode":"relativeToGround","tessellate":"-1","visibility":"-1","id_2":"2"},"geometry":{"type":"LineString","coordinates":[[-99.179136,19.758402],[-99.17919,19.7586]]}},{"type":"Feature","properties":{"Name":"Polyline [2BA2]:0","altitudeMode":"relativeToGround","tessellate":"-1","visibility":"-1","id_2":"2"},"geometry":{"type":"LineString","coordinates":[[-99.17919,19.7586],[-99.179244,19.758798]]}},{"type":"Feature","properties":{"Name":"Polyline [2BA2]:0","altitudeMode":"relativeToGround","tessellate":"-1","visibility":"-1","id_2":"2"},"geometry":{"type":"LineString","coordinates":[[-99.179244,19.758798],[-99.179298,19.758996]]}},{"type":"Feature","properties":{"Name":"Polyline [2BA2]:0","altitudeMode":"relativeToGround","tessellate":"-1","visibility":"-1","id_2":"2"},"geometry":{"type":"LineString","coordinates":[[-99.179298,19.758996],[-99.179353,19.759194]]}},{"type":"Feature","properties":{"Name":"Polyline [2BA2]:0","altitudeMode":"relativeToGround","tessellate":"-1","visibility":"-1","id_2":"2"},"geometry":{"type":"LineString","coordinates":[[-99.179353,19.759194],[-99.179407,19.759392]]}},{"type":"Feature","properties":{"Name":"Polyline [2BA2]:0","altitudeMode":"relativeToGround","tessellate":"-1","visibility":"-1","id_2":"2"},"geometry":{"type":"LineString","coordinates":[[-99.179407,19.759392],[-99.179461,19.75959]]}},{"type":"Feature","properties":{"Name":"Polyline [2BA2]:0","altitudeMode":"relativeToGround","tessellate":"-1","visibility":"-1","id_2":"2"},"geometry":{"type":"LineString","coordinates":[[-99.179461,19.75959],[-99.179515,19.759788]]}},{"type":"Feature","properties":{"Name":"Polyline [2BA2]:0","altitudeMode":"relativeToGround","tessellate":"-1","visibility":"-1","id_2":"2"},"geometry":{"type":"LineString","coordinates":[[-99.179515,19.759788],[-99.179569,19.759986]]}},{"type":"Feature","properties":{"Name":"Polyline [2BA2]:0","altitudeMode":"relativeToGround","tessellate":"-1","visibility":"-1","id_2":"2"},"geometry":{"type":"LineString","coordinates":[[-99.179569,19.759986],[-99.179624,19.760184]]}},{"type":"Feature","properties":{"Name":"Polyline [2BA2]:0","altitudeMode":"relativeToGround","tessellate":"-1","visibility":"-1","id_2":"2"},"geometry":{"type":"LineString","coordinates":[[-99.179624,19.760184],[-99.179678,19.760382]]}},{"type":"Feature","properties":{"Name":"Polyline [2BA2]:0","altitudeMode":"relativeToGround","tessellate":"-1","visibility":"-1","id_2":"2"},"geometry":{"type":"LineString","coordinates":[[-99.179678,19.760382],[-99.179732,19.76058]]}},{"type":"Feature","properties":{"Name":"Polyline [2BA2]:0","altitudeMode":"relativeToGround","tessellate":"-1","visibility":"-1","id_2":"2"},"geometry":{"type":"LineString","coordinates":[[-99.179732,19.76058],[-99.179786,19.760778]]}},{"type":"Feature","properties":{"Name":"Polyline [2BA2]:0","altitudeMode":"relativeToGround","tessellate":"-1","visibility":"-1","id_2":"2"},"geometry":{"type":"LineString","coordinates":[[-99.179786,19.760778],[-99.17984,19.760976]]}},{"type":"Feature","properties":{"Name":"Polyline [2BA2]:0","altitudeMode":"relativeToGround","tessellate":"-1","visibility":"-1","id_2":"2"},"geometry":{"type":"LineString","coordinates":[[-99.17984,19.760976],[-99.179895,19.761174]]}},{"type":"Feature","properties":{"Name":"Polyline [2BA2]:0","altitudeMode":"relativeToGround","tessellate":"-1","visibility":"-1","id_2":"2"},"geometry":{"type":"LineString","coordinates":[[-99.179895,19.761174],[-99.179949,19.761372]]}},{"type":"Feature","properties":{"Name":"Polyline [2BA2]:0","altitudeMode":"relativeToGround","tessellate":"-1","visibility":"-1","id_2":"2"},"geometry":{"type":"LineString","coordinates":[[-99.179949,19.761372],[-99.180003,19.76157]]}},{"type":"Feature","properties":{"Name":"Polyline [2BA2]:0","altitudeMode":"relativeToGround","tessellate":"-1","visibility":"-1","id_2":"2"},"geometry":{"type":"LineString","coordinates":[[-99.180003,19.76157],[-99.180057,19.761769]]}},{"type":"Feature","properties":{"Name":"Polyline [2BA2]:0","altitudeMode":"relativeToGround","tessellate":"-1","visibility":"-1","id_2":"2"},"geometry":{"type":"LineString","coordinates":[[-99.180057,19.761769],[-99.180111,19.761967]]}},{"type":"Feature","properties":{"Name":"Polyline [2BA2]:0","altitudeMode":"relativeToGround","tessellate":"-1","visibility":"-1","id_2":"2"},"geometry":{"type":"LineString","coordinates":[[-99.180111,19.761967],[-99.180166,19.762165]]}},{"type":"Feature","properties":{"Name":"Polyline [2BA2]:0","altitudeMode":"relativeToGround","tessellate":"-1","visibility":"-1","id_2":"2"},"geometry":{"type":"LineString","coordinates":[[-99.180166,19.762165],[-99.18022,19.762363]]}},{"type":"Feature","properties":{"Name":"Polyline [2BA2]:0","altitudeMode":"relativeToGround","tessellate":"-1","visibility":"-1","id_2":"2"},"geometry":{"type":"LineString","coordinates":[[-99.18022,19.762363],[-99.180274,19.762561]]}},{"type":"Feature","properties":{"Name":"Polyline [2BA2]:0","altitudeMode":"relativeToGround","tessellate":"-1","visibility":"-1","id_2":"2"},"geometry":{"type":"LineString","coordinates":[[-99.180274,19.762561],[-99.180328,19.762759]]}},{"type":"Feature","properties":{"Name":"Polyline [2BA2]:0","altitudeMode":"relativeToGround","tessellate":"-1","visibility":"-1","id_2":"2"},"geometry":{"type":"LineString","coordinates":[[-99.180328,19.762759],[-99.180382,19.762957]]}},{"type":"Feature","properties":{"Name":"Polyline [2BA2]:0","altitudeMode":"relativeToGround","tessellate":"-1","visibility":"-1","id_2":"2"},"geometry":{"type":"LineString","coordinates":[[-99.180382,19.762957],[-99.180437,19.763155]]}},{"type":"Feature","properties":{"Name":"Polyline [2BA2]:0","altitudeMode":"relativeToGround","tessellate":"-1","visibility":"-1","id_2":"2"},"geometry":{"type":"LineString","coordinates":[[-99.180437,19.763155],[-99.180491,19.763353]]}},{"type":"Feature","properties":{"Name":"Polyline [2BA2]:0","altitudeMode":"relativeToGround","tessellate":"-1","visibility":"-1","id_2":"2"},"geometry":{"type":"LineString","coordinates":[[-99.180491,19.763353],[-99.180545,19.763551]]}},{"type":"Feature","properties":{"Name":"Polyline [2BA2]:0","altitudeMode":"relativeToGround","tessellate":"-1","visibility":"-1","id_2":"2"},"geometry":{"type":"LineString","coordinates":[[-99.180545,19.763551],[-99.180599,19.763749]]}},{"type":"Feature","properties":{"Name":"Polyline [2BA2]:0","altitudeMode":"relativeToGround","tessellate":"-1","visibility":"-1","id_2":"2"},"geometry":{"type":"LineString","coordinates":[[-99.180599,19.763749],[-99.180653,19.763947]]}},{"type":"Feature","properties":{"Name":"Polyline [2BA2]:0","altitudeMode":"relativeToGround","tessellate":"-1","visibility":"-1","id_2":"2"},"geometry":{"type":"LineString","coordinates":[[-99.180653,19.763947],[-99.180708,19.764145]]}},{"type":"Feature","properties":{"Name":"Polyline [2BA2]:0","altitudeMode":"relativeToGround","tessellate":"-1","visibility":"-1","id_2":"2"},"geometry":{"type":"LineString","coordinates":[[-99.180708,19.764145],[-99.180762,19.764343]]}},{"type":"Feature","properties":{"Name":"Polyline [2BA2]:0","altitudeMode":"relativeToGround","tessellate":"-1","visibility":"-1","id_2":"2"},"geometry":{"type":"LineString","coordinates":[[-99.180762,19.764343],[-99.180816,19.764541]]}},{"type":"Feature","properties":{"Name":"Polyline [2BA2]:0","altitudeMode":"relativeToGround","tessellate":"-1","visibility":"-1","id_2":"2"},"geometry":{"type":"LineString","coordinates":[[-99.180816,19.764541],[-99.18087,19.764739]]}},{"type":"Feature","properties":{"Name":"Polyline [2BA2]:0","altitudeMode":"relativeToGround","tessellate":"-1","visibility":"-1","id_2":"2"},"geometry":{"type":"LineString","coordinates":[[-99.18087,19.764739],[-99.180924,19.764937]]}},{"type":"Feature","properties":{"Name":"Polyline [2BA2]:0","altitudeMode":"relativeToGround","tessellate":"-1","visibility":"-1","id_2":"2"},"geometry":{"type":"LineString","coordinates":[[-99.180924,19.764937],[-99.180979,19.765135]]}},{"type":"Feature","properties":{"Name":"Polyline [2BA2]:0","altitudeMode":"relativeToGround","tessellate":"-1","visibility":"-1","id_2":"2"},"geometry":{"type":"LineString","coordinates":[[-99.180979,19.765135],[-99.181033,19.765333]]}},{"type":"Feature","properties":{"Name":"Polyline [2BA2]:0","altitudeMode":"relativeToGround","tessellate":"-1","visibility":"-1","id_2":"2"},"geometry":{"type":"LineString","coordinates":[[-99.181033,19.765333],[-99.181087,19.765531]]}},{"type":"Feature","properties":{"Name":"Polyline [2BA2]:0","altitudeMode":"relativeToGround","tessellate":"-1","visibility":"-1","id_2":"2"},"geometry":{"type":"LineString","coordinates":[[-99.181087,19.765531],[-99.181141,19.765729]]}},{"type":"Feature","properties":{"Name":"Polyline [2BA2]:0","altitudeMode":"relativeToGround","tessellate":"-1","visibility":"-1","id_2":"2"},"geometry":{"type":"LineString","coordinates":[[-99.181141,19.765729],[-99.181195,19.765927]]}},{"type":"Feature","properties":{"Name":"Polyline [2BA2]:0","altitudeMode":"relativeToGround","tessellate":"-1","visibility":"-1","id_2":"2"},"geometry":{"type":"LineString","coordinates":[[-99.181195,19.765927],[-99.181249,19.766125]]}},{"type":"Feature","properties":{"Name":"Polyline [2BA2]:0","altitudeMode":"relativeToGround","tessellate":"-1","visibility":"-1","id_2":"2"},"geometry":{"type":"LineString","coordinates":[[-99.181249,19.766125],[-99.181303,19.766323]]}},{"type":"Feature","properties":{"Name":"Polyline [2BA2]:0","altitudeMode":"relativeToGround","tessellate":"-1","visibility":"-1","id_2":"2"},"geometry":{"type":"LineString","coordinates":[[-99.181303,19.766323],[-99.181357,19.766521]]}},{"type":"Feature","properties":{"Name":"Polyline [2BA2]:0","altitudeMode":"relativeToGround","tessellate":"-1","visibility":"-1","id_2":"2"},"geometry":{"type":"LineString","coordinates":[[-99.181357,19.766521],[-99.18141,19.766719]]}},{"type":"Feature","properties":{"Name":"Polyline [2BA2]:0","altitudeMode":"relativeToGround","tessellate":"-1","visibility":"-1","id_2":"2"},"geometry":{"type":"LineString","coordinates":[[-99.18141,19.766719],[-99.181464,19.766917]]}},{"type":"Feature","properties":{"Name":"Polyline [2BA2]:0","altitudeMode":"relativeToGround","tessellate":"-1","visibility":"-1","id_2":"2"},"geometry":{"type":"LineString","coordinates":[[-99.181464,19.766917],[-99.181517,19.767116]]}},{"type":"Feature","properties":{"Name":"Polyline [2BA2]:0","altitudeMode":"relativeToGround","tessellate":"-1","visibility":"-1","id_2":"2"},"geometry":{"type":"LineString","coordinates":[[-99.181517,19.767116],[-99.181571,19.767314]]}},{"type":"Feature","properties":{"Name":"Polyline [2BA2]:0","altitudeMode":"relativeToGround","tessellate":"-1","visibility":"-1","id_2":"2"},"geometry":{"type":"LineString","coordinates":[[-99.181571,19.767314],[-99.181624,19.767512]]}},{"type":"Feature","properties":{"Name":"Polyline [2BA2]:0","altitudeMode":"relativeToGround","tessellate":"-1","visibility":"-1","id_2":"2"},"geometry":{"type":"LineString","coordinates":[[-99.181624,19.767512],[-99.181678,19.76771]]}},{"type":"Feature","properties":{"Name":"Polyline [2BA2]:0","altitudeMode":"relativeToGround","tessellate":"-1","visibility":"-1","id_2":"2"},"geometry":{"type":"LineString","coordinates":[[-99.181678,19.76771],[-99.181731,19.767908]]}},{"type":"Feature","properties":{"Name":"Polyline [2BA2]:0","altitudeMode":"relativeToGround","tessellate":"-1","visibility":"-1","id_2":"2"},"geometry":{"type":"LineString","coordinates":[[-99.181731,19.767908],[-99.181785,19.768107]]}},{"type":"Feature","properties":{"Name":"Polyline [2BA2]:0","altitudeMode":"relativeToGround","tessellate":"-1","visibility":"-1","id_2":"2"},"geometry":{"type":"LineString","coordinates":[[-99.181785,19.768107],[-99.181838,19.768305]]}},{"type":"Feature","properties":{"Name":"Polyline [2BA2]:0","altitudeMode":"relativeToGround","tessellate":"-1","visibility":"-1","id_2":"2"},"geometry":{"type":"LineString","coordinates":[[-99.181838,19.768305],[-99.181892,19.768503]]}},{"type":"Feature","properties":{"Name":"Polyline [2BA2]:0","altitudeMode":"relativeToGround","tessellate":"-1","visibility":"-1","id_2":"2"},"geometry":{"type":"LineString","coordinates":[[-99.181892,19.768503],[-99.181945,19.768701]]}},{"type":"Feature","properties":{"Name":"Polyline [2BA2]:0","altitudeMode":"relativeToGround","tessellate":"-1","visibility":"-1","id_2":"2"},"geometry":{"type":"LineString","coordinates":[[-99.181945,19.768701],[-99.181999,19.768899]]}},{"type":"Feature","properties":{"Name":"Polyline [2BA2]:0","altitudeMode":"relativeToGround","tessellate":"-1","visibility":"-1","id_2":"2"},"geometry":{"type":"LineString","coordinates":[[-99.181999,19.768899],[-99.182052,19.769098]]}},{"type":"Feature","properties":{"Name":"Polyline [2BA2]:0","altitudeMode":"relativeToGround","tessellate":"-1","visibility":"-1","id_2":"2"},"geometry":{"type":"LineString","coordinates":[[-99.182052,19.769098],[-99.182105,19.769296]]}},{"type":"Feature","properties":{"Name":"Polyline [2BA2]:0","altitudeMode":"relativeToGround","tessellate":"-1","visibility":"-1","id_2":"2"},"geometry":{"type":"LineString","coordinates":[[-99.182105,19.769296],[-99.182159,19.769494]]}},{"type":"Feature","properties":{"Name":"Polyline [2BA2]:0","altitudeMode":"relativeToGround","tessellate":"-1","visibility":"-1","id_2":"2"},"geometry":{"type":"LineString","coordinates":[[-99.182159,19.769494],[-99.182212,19.769692]]}},{"type":"Feature","properties":{"Name":"Polyline [2BA2]:0","altitudeMode":"relativeToGround","tessellate":"-1","visibility":"-1","id_2":"2"},"geometry":{"type":"LineString","coordinates":[[-99.182212,19.769692],[-99.182265,19.76989]]}},{"type":"Feature","properties":{"Name":"Polyline [2BA2]:0","altitudeMode":"relativeToGround","tessellate":"-1","visibility":"-1","id_2":"2"},"geometry":{"type":"LineString","coordinates":[[-99.182265,19.76989],[-99.182318,19.770089]]}},{"type":"Feature","properties":{"Name":"Polyline [2BA2]:0","altitudeMode":"relativeToGround","tessellate":"-1","visibility":"-1","id_2":"2"},"geometry":{"type":"LineString","coordinates":[[-99.182318,19.770089],[-99.182372,19.770287]]}},{"type":"Feature","properties":{"Name":"Polyline [2BA2]:0","altitudeMode":"relativeToGround","tessellate":"-1","visibility":"-1","id_2":"2"},"geometry":{"type":"LineString","coordinates":[[-99.182372,19.770287],[-99.182425,19.770485]]}},{"type":"Feature","properties":{"Name":"Polyline [2BA2]:0","altitudeMode":"relativeToGround","tessellate":"-1","visibility":"-1","id_2":"2"},"geometry":{"type":"LineString","coordinates":[[-99.182425,19.770485],[-99.182478,19.770684]]}},{"type":"Feature","properties":{"Name":"Polyline [2BA2]:0","altitudeMode":"relativeToGround","tessellate":"-1","visibility":"-1","id_2":"2"},"geometry":{"type":"LineString","coordinates":[[-99.182478,19.770684],[-99.182531,19.770882]]}},{"type":"Feature","properties":{"Name":"Polyline [2BA2]:0","altitudeMode":"relativeToGround","tessellate":"-1","visibility":"-1","id_2":"2"},"geometry":{"type":"LineString","coordinates":[[-99.182531,19.770882],[-99.182585,19.77108]]}},{"type":"Feature","properties":{"Name":"Polyline [2BA2]:0","altitudeMode":"relativeToGround","tessellate":"-1","visibility":"-1","id_2":"2"},"geometry":{"type":"LineString","coordinates":[[-99.182585,19.77108],[-99.182638,19.771278]]}},{"type":"Feature","properties":{"Name":"Polyline [2BA2]:0","altitudeMode":"relativeToGround","tessellate":"-1","visibility":"-1","id_2":"2"},"geometry":{"type":"LineString","coordinates":[[-99.182638,19.771278],[-99.182691,19.771477]]}},{"type":"Feature","properties":{"Name":"Polyline [2BA2]:0","altitudeMode":"relativeToGround","tessellate":"-1","visibility":"-1","id_2":"2"},"geometry":{"type":"LineString","coordinates":[[-99.182691,19.771477],[-99.182744,19.771675]]}},{"type":"Feature","properties":{"Name":"Polyline [2BA2]:0","altitudeMode":"relativeToGround","tessellate":"-1","visibility":"-1","id_2":"2"},"geometry":{"type":"LineString","coordinates":[[-99.182744,19.771675],[-99.182797,19.771873]]}},{"type":"Feature","properties":{"Name":"Polyline [2BA2]:0","altitudeMode":"relativeToGround","tessellate":"-1","visibility":"-1","id_2":"2"},"geometry":{"type":"LineString","coordinates":[[-99.182797,19.771873],[-99.182851,19.772071]]}},{"type":"Feature","properties":{"Name":"Polyline [2BA2]:0","altitudeMode":"relativeToGround","tessellate":"-1","visibility":"-1","id_2":"2"},"geometry":{"type":"LineString","coordinates":[[-99.182851,19.772071],[-99.182904,19.77227]]}},{"type":"Feature","properties":{"Name":"Polyline [2BA2]:0","altitudeMode":"relativeToGround","tessellate":"-1","visibility":"-1","id_2":"2"},"geometry":{"type":"LineString","coordinates":[[-99.182904,19.77227],[-99.182957,19.772468]]}},{"type":"Feature","properties":{"Name":"Polyline [2BA2]:0","altitudeMode":"relativeToGround","tessellate":"-1","visibility":"-1","id_2":"2"},"geometry":{"type":"LineString","coordinates":[[-99.182957,19.772468],[-99.183011,19.772666]]}},{"type":"Feature","properties":{"Name":"Polyline [2BA2]:0","altitudeMode":"relativeToGround","tessellate":"-1","visibility":"-1","id_2":"2"},"geometry":{"type":"LineString","coordinates":[[-99.183011,19.772666],[-99.183064,19.772864]]}},{"type":"Feature","properties":{"Name":"Polyline [2BA2]:0","altitudeMode":"relativeToGround","tessellate":"-1","visibility":"-1","id_2":"2"},"geometry":{"type":"LineString","coordinates":[[-99.183064,19.772864],[-99.183117,19.773063]]}},{"type":"Feature","properties":{"Name":"Polyline [2BA2]:0","altitudeMode":"relativeToGround","tessellate":"-1","visibility":"-1","id_2":"2"},"geometry":{"type":"LineString","coordinates":[[-99.183117,19.773063],[-99.183171,19.773261]]}},{"type":"Feature","properties":{"Name":"Polyline [2BA2]:0","altitudeMode":"relativeToGround","tessellate":"-1","visibility":"-1","id_2":"2"},"geometry":{"type":"LineString","coordinates":[[-99.183171,19.773261],[-99.183224,19.773459]]}},{"type":"Feature","properties":{"Name":"Polyline [2BA2]:0","altitudeMode":"relativeToGround","tessellate":"-1","visibility":"-1","id_2":"2"},"geometry":{"type":"LineString","coordinates":[[-99.183224,19.773459],[-99.183277,19.773657]]}},{"type":"Feature","properties":{"Name":"Polyline [2BA2]:0","altitudeMode":"relativeToGround","tessellate":"-1","visibility":"-1","id_2":"2"},"geometry":{"type":"LineString","coordinates":[[-99.183277,19.773657],[-99.18333,19.773856]]}},{"type":"Feature","properties":{"Name":"Polyline [2BA2]:0","altitudeMode":"relativeToGround","tessellate":"-1","visibility":"-1","id_2":"2"},"geometry":{"type":"LineString","coordinates":[[-99.18333,19.773856],[-99.183384,19.774054]]}},{"type":"Feature","properties":{"Name":"Polyline [2BA2]:0","altitudeMode":"relativeToGround","tessellate":"-1","visibility":"-1","id_2":"2"},"geometry":{"type":"LineString","coordinates":[[-99.183384,19.774054],[-99.183437,19.774252]]}},{"type":"Feature","properties":{"Name":"Polyline [2BA2]:0","altitudeMode":"relativeToGround","tessellate":"-1","visibility":"-1","id_2":"2"},"geometry":{"type":"LineString","coordinates":[[-99.183437,19.774252],[-99.18349,19.77445]]}},{"type":"Feature","properties":{"Name":"Polyline [2BA2]:0","altitudeMode":"relativeToGround","tessellate":"-1","visibility":"-1","id_2":"2"},"geometry":{"type":"LineString","coordinates":[[-99.18349,19.77445],[-99.183544,19.774649]]}},{"type":"Feature","properties":{"Name":"Polyline [2BA2]:0","altitudeMode":"relativeToGround","tessellate":"-1","visibility":"-1","id_2":"2"},"geometry":{"type":"LineString","coordinates":[[-99.183544,19.774649],[-99.183597,19.774847]]}},{"type":"Feature","properties":{"Name":"Polyline [2BA2]:0","altitudeMode":"relativeToGround","tessellate":"-1","visibility":"-1","id_2":"2"},"geometry":{"type":"LineString","coordinates":[[-99.183597,19.774847],[-99.18365,19.775045]]}},{"type":"Feature","properties":{"Name":"Polyline [2BA2]:0","altitudeMode":"relativeToGround","tessellate":"-1","visibility":"-1","id_2":"2"},"geometry":{"type":"LineString","coordinates":[[-99.18365,19.775045],[-99.183703,19.775243]]}},{"type":"Feature","properties":{"Name":"Polyline [2BA2]:0","altitudeMode":"relativeToGround","tessellate":"-1","visibility":"-1","id_2":"2"},"geometry":{"type":"LineString","coordinates":[[-99.183703,19.775243],[-99.183757,19.775442]]}},{"type":"Feature","properties":{"Name":"Polyline [2BA2]:0","altitudeMode":"relativeToGround","tessellate":"-1","visibility":"-1","id_2":"2"},"geometry":{"type":"LineString","coordinates":[[-99.183757,19.775442],[-99.18381,19.77564]]}},{"type":"Feature","properties":{"Name":"Polyline [2BA2]:0","altitudeMode":"relativeToGround","tessellate":"-1","visibility":"-1","id_2":"2"},"geometry":{"type":"LineString","coordinates":[[-99.18381,19.77564],[-99.183863,19.775838]]}},{"type":"Feature","properties":{"Name":"Polyline [2BA2]:0","altitudeMode":"relativeToGround","tessellate":"-1","visibility":"-1","id_2":"2"},"geometry":{"type":"LineString","coordinates":[[-99.183863,19.775838],[-99.183917,19.776036]]}},{"type":"Feature","properties":{"Name":"Polyline [2BA2]:0","altitudeMode":"relativeToGround","tessellate":"-1","visibility":"-1","id_2":"2"},"geometry":{"type":"LineString","coordinates":[[-99.183917,19.776036],[-99.18397,19.776235]]}},{"type":"Feature","properties":{"Name":"Polyline [2BA2]:0","altitudeMode":"relativeToGround","tessellate":"-1","visibility":"-1","id_2":"2"},"geometry":{"type":"LineString","coordinates":[[-99.18397,19.776235],[-99.184023,19.776433]]}},{"type":"Feature","properties":{"Name":"Polyline [2BA2]:0","altitudeMode":"relativeToGround","tessellate":"-1","visibility":"-1","id_2":"2"},"geometry":{"type":"LineString","coordinates":[[-99.184023,19.776433],[-99.184077,19.776631]]}},{"type":"Feature","properties":{"Name":"Polyline [2BA2]:0","altitudeMode":"relativeToGround","tessellate":"-1","visibility":"-1","id_2":"2"},"geometry":{"type":"LineString","coordinates":[[-99.184077,19.776631],[-99.18413,19.776829]]}},{"type":"Feature","properties":{"Name":"Polyline [2BA2]:0","altitudeMode":"relativeToGround","tessellate":"-1","visibility":"-1","id_2":"2"},"geometry":{"type":"LineString","coordinates":[[-99.18413,19.776829],[-99.184183,19.777028]]}},{"type":"Feature","properties":{"Name":"Polyline [2BA2]:0","altitudeMode":"relativeToGround","tessellate":"-1","visibility":"-1","id_2":"2"},"geometry":{"type":"LineString","coordinates":[[-99.184183,19.777028],[-99.184236,19.777226]]}},{"type":"Feature","properties":{"Name":"Polyline [2BA2]:0","altitudeMode":"relativeToGround","tessellate":"-1","visibility":"-1","id_2":"2"},"geometry":{"type":"LineString","coordinates":[[-99.184236,19.777226],[-99.18429,19.777424]]}},{"type":"Feature","properties":{"Name":"Polyline [2BA2]:0","altitudeMode":"relativeToGround","tessellate":"-1","visibility":"-1","id_2":"2"},"geometry":{"type":"LineString","coordinates":[[-99.18429,19.777424],[-99.184343,19.777622]]}},{"type":"Feature","properties":{"Name":"Polyline [2BA2]:0","altitudeMode":"relativeToGround","tessellate":"-1","visibility":"-1","id_2":"2"},"geometry":{"type":"LineString","coordinates":[[-99.184343,19.777622],[-99.184396,19.777821]]}},{"type":"Feature","properties":{"Name":"Polyline [2BA2]:0","altitudeMode":"relativeToGround","tessellate":"-1","visibility":"-1","id_2":"2"},"geometry":{"type":"LineString","coordinates":[[-99.184396,19.777821],[-99.18445,19.778019]]}},{"type":"Feature","properties":{"Name":"Polyline [2BA2]:0","altitudeMode":"relativeToGround","tessellate":"-1","visibility":"-1","id_2":"2"},"geometry":{"type":"LineString","coordinates":[[-99.18445,19.778019],[-99.184503,19.778217]]}},{"type":"Feature","properties":{"Name":"Polyline [2BA2]:0","altitudeMode":"relativeToGround","tessellate":"-1","visibility":"-1","id_2":"2"},"geometry":{"type":"LineString","coordinates":[[-99.184503,19.778217],[-99.184556,19.778416]]}},{"type":"Feature","properties":{"Name":"Polyline [2BA2]:0","altitudeMode":"relativeToGround","tessellate":"-1","visibility":"-1","id_2":"2"},"geometry":{"type":"LineString","coordinates":[[-99.184556,19.778416],[-99.18461,19.778614]]}},{"type":"Feature","properties":{"Name":"Polyline [2BA2]:0","altitudeMode":"relativeToGround","tessellate":"-1","visibility":"-1","id_2":"2"},"geometry":{"type":"LineString","coordinates":[[-99.18461,19.778614],[-99.184663,19.778812]]}},{"type":"Feature","properties":{"Name":"Polyline [2BA2]:0","altitudeMode":"relativeToGround","tessellate":"-1","visibility":"-1","id_2":"2"},"geometry":{"type":"LineString","coordinates":[[-99.184663,19.778812],[-99.184716,19.77901]]}},{"type":"Feature","properties":{"Name":"Polyline [2BA2]:0","altitudeMode":"relativeToGround","tessellate":"-1","visibility":"-1","id_2":"2"},"geometry":{"type":"LineString","coordinates":[[-99.184716,19.77901],[-99.184769,19.779209]]}},{"type":"Feature","properties":{"Name":"Polyline [2BA2]:0","altitudeMode":"relativeToGround","tessellate":"-1","visibility":"-1","id_2":"2"},"geometry":{"type":"LineString","coordinates":[[-99.184769,19.779209],[-99.184823,19.779407]]}},{"type":"Feature","properties":{"Name":"Polyline [2BA2]:0","altitudeMode":"relativeToGround","tessellate":"-1","visibility":"-1","id_2":"2"},"geometry":{"type":"LineString","coordinates":[[-99.184823,19.779407],[-99.184876,19.779605]]}},{"type":"Feature","properties":{"Name":"Polyline [2BA2]:0","altitudeMode":"relativeToGround","tessellate":"-1","visibility":"-1","id_2":"2"},"geometry":{"type":"LineString","coordinates":[[-99.184876,19.779605],[-99.184929,19.779803]]}},{"type":"Feature","properties":{"Name":"Polyline [2BA2]:0","altitudeMode":"relativeToGround","tessellate":"-1","visibility":"-1","id_2":"2"},"geometry":{"type":"LineString","coordinates":[[-99.184929,19.779803],[-99.184983,19.780002]]}},{"type":"Feature","properties":{"Name":"Polyline [2BA2]:0","altitudeMode":"relativeToGround","tessellate":"-1","visibility":"-1","id_2":"2"},"geometry":{"type":"LineString","coordinates":[[-99.184983,19.780002],[-99.185004,19.78008]]}},{"type":"Feature","properties":{"Name":"Polyline [2BA2]:0","altitudeMode":"relativeToGround","tessellate":"-1","visibility":"-1","id_2":"2"},"geometry":{"type":"LineString","coordinates":[[-99.185004,19.78008],[-99.185036,19.7802]]}},{"type":"Feature","properties":{"Name":"Polyline [2BA2]:0","altitudeMode":"relativeToGround","tessellate":"-1","visibility":"-1","id_2":"2"},"geometry":{"type":"LineString","coordinates":[[-99.185036,19.7802],[-99.18509,19.780398]]}},{"type":"Feature","properties":{"Name":"Polyline [2BA2]:0","altitudeMode":"relativeToGround","tessellate":"-1","visibility":"-1","id_2":"2"},"geometry":{"type":"LineString","coordinates":[[-99.18509,19.780398],[-99.185143,19.780597]]}},{"type":"Feature","properties":{"Name":"Polyline [2BA2]:0","altitudeMode":"relativeToGround","tessellate":"-1","visibility":"-1","id_2":"2"},"geometry":{"type":"LineString","coordinates":[[-99.185143,19.780597],[-99.185197,19.780795]]}},{"type":"Feature","properties":{"Name":"Polyline [2BA2]:0","altitudeMode":"relativeToGround","tessellate":"-1","visibility":"-1","id_2":"2"},"geometry":{"type":"LineString","coordinates":[[-99.185197,19.780795],[-99.185241,19.780956]]}},{"type":"Feature","properties":{"Name":"Polyline [2BA2]:0","altitudeMode":"relativeToGround","tessellate":"-1","visibility":"-1","id_2":"2"},"geometry":{"type":"LineString","coordinates":[[-99.185534,19.780909],[-99.185292,19.780011]]}},{"type":"Feature","properties":{"Name":"Polyline [2BA2]:0","altitudeMode":"relativeToGround","tessellate":"-1","visibility":"-1","id_2":"2"},"geometry":{"type":"LineString","coordinates":[[-99.185292,19.780011],[-99.184332,19.776458]]}},{"type":"Feature","properties":{"Name":"Polyline [2BA2]:0","altitudeMode":"relativeToGround","tessellate":"-1","visibility":"-1","id_2":"2"},"geometry":{"type":"LineString","coordinates":[[-99.184332,19.776458],[-99.183964,19.775096]]}},{"type":"Feature","properties":{"Name":"Polyline [2BA2]:0","altitudeMode":"relativeToGround","tessellate":"-1","visibility":"-1","id_2":"2"},"geometry":{"type":"LineString","coordinates":[[-99.183815,19.774544],[-99.182867,19.77101]]}},{"type":"Feature","properties":{"Name":"Polyline [2BA2]:0","altitudeMode":"relativeToGround","tessellate":"-1","visibility":"-1","id_2":"2"},"geometry":{"type":"LineString","coordinates":[[-99.182748,19.770566],[-99.182425,19.769457]]}},{"type":"Feature","properties":{"Name":"Polyline [2BA2]:0","altitudeMode":"relativeToGround","tessellate":"-1","visibility":"-1","id_2":"2"},"geometry":{"type":"LineString","coordinates":[[-99.182425,19.769457],[-99.18158,19.766319]]}},{"type":"Feature","properties":{"Name":"Polyline [2BA2]:0","altitudeMode":"relativeToGround","tessellate":"-1","visibility":"-1","id_2":"2"},"geometry":{"type":"LineString","coordinates":[[-99.181443,19.765814],[-99.177506,19.751278]]}},{"type":"Feature","properties":{"Name":"Polyline [2BA2]:0","altitudeMode":"relativeToGround","tessellate":"-1","visibility":"-1","id_2":"2"},"geometry":{"type":"LineString","coordinates":[[-99.17706,19.749324],[-99.177076,19.7486]]}},{"type":"Feature","properties":{"Name":"Polyline [2BA2]:0","altitudeMode":"relativeToGround","tessellate":"-1","visibility":"-1","id_2":"2"},"geometry":{"type":"LineString","coordinates":[[-99.177076,19.7486],[-99.177067,19.748396]]}},{"type":"Feature","properties":{"Name":"Polyline [2BA2]:0","altitudeMode":"relativeToGround","tessellate":"-1","visibility":"-1","id_2":"2"},"geometry":{"type":"LineString","coordinates":[[-99.177067,19.748396],[-99.177058,19.748192]]}},{"type":"Feature","properties":{"Name":"Polyline [2BA2]:0","altitudeMode":"relativeToGround","tessellate":"-1","visibility":"-1","id_2":"2"},"geometry":{"type":"LineString","coordinates":[[-99.177058,19.748192],[-99.177049,19.747988]]}},{"type":"Feature","properties":{"Name":"Polyline [2BA2]:0","altitudeMode":"relativeToGround","tessellate":"-1","visibility":"-1","id_2":"2"},"geometry":{"type":"LineString","coordinates":[[-99.177049,19.747988],[-99.177041,19.747783]]}},{"type":"Feature","properties":{"Name":"Polyline [2BA2]:0","altitudeMode":"relativeToGround","tessellate":"-1","visibility":"-1","id_2":"2"},"geometry":{"type":"LineString","coordinates":[[-99.177041,19.747783],[-99.177032,19.747579]]}},{"type":"Feature","properties":{"Name":"Polyline [2BA2]:0","altitudeMode":"relativeToGround","tessellate":"-1","visibility":"-1","id_2":"2"},"geometry":{"type":"LineString","coordinates":[[-99.177032,19.747579],[-99.177023,19.747374]]}},{"type":"Feature","properties":{"Name":"Polyline [2BA2]:0","altitudeMode":"relativeToGround","tessellate":"-1","visibility":"-1","id_2":"2"},"geometry":{"type":"LineString","coordinates":[[-99.177023,19.747374],[-99.177013,19.747169]]}},{"type":"Feature","properties":{"Name":"Polyline [2BA2]:0","altitudeMode":"relativeToGround","tessellate":"-1","visibility":"-1","id_2":"2"},"geometry":{"type":"LineString","coordinates":[[-99.177013,19.747169],[-99.177002,19.746964]]}},{"type":"Feature","properties":{"Name":"Polyline [2BA2]:0","altitudeMode":"relativeToGround","tessellate":"-1","visibility":"-1","id_2":"2"},"geometry":{"type":"LineString","coordinates":[[-99.177002,19.746964],[-99.176989,19.746758]]}},{"type":"Feature","properties":{"Name":"Polyline [2BA2]:0","altitudeMode":"relativeToGround","tessellate":"-1","visibility":"-1","id_2":"2"},"geometry":{"type":"LineString","coordinates":[[-99.176989,19.746758],[-99.176974,19.746553]]}},{"type":"Feature","properties":{"Name":"Polyline [2BA2]:0","altitudeMode":"relativeToGround","tessellate":"-1","visibility":"-1","id_2":"2"},"geometry":{"type":"LineString","coordinates":[[-99.176974,19.746553],[-99.176956,19.746348]]}},{"type":"Feature","properties":{"Name":"Polyline [2BA2]:0","altitudeMode":"relativeToGround","tessellate":"-1","visibility":"-1","id_2":"2"},"geometry":{"type":"LineString","coordinates":[[-99.176956,19.746348],[-99.176936,19.746143]]}},{"type":"Feature","properties":{"Name":"Polyline [2BA2]:0","altitudeMode":"relativeToGround","tessellate":"-1","visibility":"-1","id_2":"2"},"geometry":{"type":"LineString","coordinates":[[-99.176936,19.746143],[-99.176915,19.745939]]}},{"type":"Feature","properties":{"Name":"Polyline [2BA2]:0","altitudeMode":"relativeToGround","tessellate":"-1","visibility":"-1","id_2":"2"},"geometry":{"type":"LineString","coordinates":[[-99.176915,19.745939],[-99.176893,19.745735]]}},{"type":"Feature","properties":{"Name":"Polyline [2BA2]:0","altitudeMode":"relativeToGround","tessellate":"-1","visibility":"-1","id_2":"2"},"geometry":{"type":"LineString","coordinates":[[-99.176893,19.745735],[-99.176871,19.745531]]}},{"type":"Feature","properties":{"Name":"Polyline [2BA2]:0","altitudeMode":"relativeToGround","tessellate":"-1","visibility":"-1","id_2":"2"},"geometry":{"type":"LineString","coordinates":[[-99.176871,19.745531],[-99.17685,19.745328]]}},{"type":"Feature","properties":{"Name":"Polyline [2BA2]:0","altitudeMode":"relativeToGround","tessellate":"-1","visibility":"-1","id_2":"2"},"geometry":{"type":"LineString","coordinates":[[-99.17685,19.745328],[-99.1768,19.74508]]}},{"type":"Feature","properties":{"Name":"Polyline [2BA2]:0","altitudeMode":"relativeToGround","tessellate":"-1","visibility":"-1","id_2":"2"},"geometry":{"type":"LineString","coordinates":[[-99.1768,19.74508],[-99.176714,19.744599]]}},{"type":"Feature","properties":{"Name":"Polyline [2BA2]:0","altitudeMode":"relativeToGround","tessellate":"-1","visibility":"-1","id_2":"2"},"geometry":{"type":"LineString","coordinates":[[-99.176714,19.744599],[-99.176714,19.744595]]}},{"type":"Feature","properties":{"Name":"Polyline [2BA2]:0","altitudeMode":"relativeToGround","tessellate":"-1","visibility":"-1","id_2":"2"},"geometry":{"type":"LineString","coordinates":[[-99.176714,19.744595],[-99.176662,19.744117]]}},{"type":"Feature","properties":{"Name":"Polyline [2BA2]:0","altitudeMode":"relativeToGround","tessellate":"-1","visibility":"-1","id_2":"2"},"geometry":{"type":"LineString","coordinates":[[-99.176662,19.744117],[-99.176587,19.742491]]}},{"type":"Feature","properties":{"Name":"Polyline [2BA2]:0","altitudeMode":"relativeToGround","tessellate":"-1","visibility":"-1","id_2":"2"},"geometry":{"type":"LineString","coordinates":[[-99.176587,19.742491],[-99.176574,19.742491]]}},{"type":"Feature","properties":{"Name":"Polyline [2BA2]:0","altitudeMode":"relativeToGround","tessellate":"-1","visibility":"-1","id_2":"2"},"geometry":{"type":"LineString","coordinates":[[-99.176574,19.742491],[-99.176538,19.741614]]}},{"type":"Feature","properties":{"Name":"Polyline [2BA2]:0","altitudeMode":"relativeToGround","tessellate":"-1","visibility":"-1","id_2":"2"},"geometry":{"type":"LineString","coordinates":[[-99.176471,19.74036],[-99.176422,19.73962]]}},{"type":"Feature","properties":{"Name":"Polyline [2BA2]:0","altitudeMode":"relativeToGround","tessellate":"-1","visibility":"-1","id_2":"2"},"geometry":{"type":"LineString","coordinates":[[-99.176353,19.738324],[-99.175722,19.722918]]}},{"type":"Feature","properties":{"Name":"Polyline [2BA2]:0","altitudeMode":"relativeToGround","tessellate":"-1","visibility":"-1","id_2":"2"},"geometry":{"type":"LineString","coordinates":[[-99.175709,19.72259],[-99.175073,19.706912]]}},{"type":"Feature","properties":{"Name":"Polyline [2BA2]:0","altitudeMode":"relativeToGround","tessellate":"-1","visibility":"-1","id_2":"2"},"geometry":{"type":"LineString","coordinates":[[-99.175055,19.704678],[-99.175194,19.698833]]}},{"type":"Feature","properties":{"Name":"Polyline [2BA2]:0","altitudeMode":"relativeToGround","tessellate":"-1","visibility":"-1","id_2":"2"},"geometry":{"type":"LineString","coordinates":[[-99.175209,19.698208],[-99.175524,19.684152]]}},{"type":"Feature","properties":{"Name":"Polyline [2BA2]:0","altitudeMode":"relativeToGround","tessellate":"-1","visibility":"-1","id_2":"2"},"geometry":{"type":"LineString","coordinates":[[-99.175535,19.68365],[-99.175699,19.676126]]}},{"type":"Feature","properties":{"Name":"Polyline [2BA2]:0","altitudeMode":"relativeToGround","tessellate":"-1","visibility":"-1","id_2":"2"},"geometry":{"type":"LineString","coordinates":[[-99.175794,19.674374],[-99.176074,19.671139]]}},{"type":"Feature","properties":{"Name":"Polyline [2BA2]:0","altitudeMode":"relativeToGround","tessellate":"-1","visibility":"-1","id_2":"2"},"geometry":{"type":"LineString","coordinates":[[-99.176117,19.670632],[-99.176256,19.668983]]}},{"type":"Feature","properties":{"Name":"Polyline [2BA2]:0","altitudeMode":"relativeToGround","tessellate":"-1","visibility":"-1","id_2":"2"},"geometry":{"type":"LineString","coordinates":[[-99.176272,19.668795],[-99.176301,19.668495]]}},{"type":"Feature","properties":{"Name":"Polyline [2BA2]:0","altitudeMode":"relativeToGround","tessellate":"-1","visibility":"-1","id_2":"2"},"geometry":{"type":"LineString","coordinates":[[-99.176301,19.668495],[-99.176351,19.66792]]}},{"type":"Feature","properties":{"Name":"Polyline [2BA2]:0","altitudeMode":"relativeToGround","tessellate":"-1","visibility":"-1","id_2":"2"},"geometry":{"type":"LineString","coordinates":[[-99.176351,19.66792],[-99.176374,19.667642]]}},{"type":"Feature","properties":{"Name":"Polyline [2BA2]:0","altitudeMode":"relativeToGround","tessellate":"-1","visibility":"-1","id_2":"2"},"geometry":{"type":"LineString","coordinates":[[-99.176374,19.667642],[-99.176456,19.666823]]}},{"type":"Feature","properties":{"Name":"Polyline [2BA2]:0","altitudeMode":"relativeToGround","tessellate":"-1","visibility":"-1","id_2":"2"},"geometry":{"type":"LineString","coordinates":[[-99.176456,19.666823],[-99.176567,19.665478]]}},{"type":"Feature","properties":{"Name":"Polyline [2BA2]:0","altitudeMode":"relativeToGround","tessellate":"-1","visibility":"-1","id_2":"2"},"geometry":{"type":"LineString","coordinates":[[-99.176567,19.665478],[-99.176574,19.665401]]}},{"type":"Feature","properties":{"Name":"Polyline [2BA2]:0","altitudeMode":"relativeToGround","tessellate":"-1","visibility":"-1","id_2":"2"},"geometry":{"type":"LineString","coordinates":[[-99.176574,19.665401],[-99.176582,19.665402]]}},{"type":"Feature","properties":{"Name":"Polyline [2BA2]:0","altitudeMode":"relativeToGround","tessellate":"-1","visibility":"-1","id_2":"2"},"geometry":{"type":"LineString","coordinates":[[-99.176582,19.665402],[-99.176586,19.665357]]}},{"type":"Feature","properties":{"Name":"Polyline [2BA2]:0","altitudeMode":"relativeToGround","tessellate":"-1","visibility":"-1","id_2":"2"},"geometry":{"type":"LineString","coordinates":[[-99.176586,19.665357],[-99.176578,19.665357]]}},{"type":"Feature","properties":{"Name":"Polyline [2BA2]:0","altitudeMode":"relativeToGround","tessellate":"-1","visibility":"-1","id_2":"2"},"geometry":{"type":"LineString","coordinates":[[-99.176578,19.665357],[-99.176589,19.665231]]}},{"type":"Feature","properties":{"Name":"Polyline [2BA2]:0","altitudeMode":"relativeToGround","tessellate":"-1","visibility":"-1","id_2":"2"},"geometry":{"type":"LineString","coordinates":[[-99.176589,19.665231],[-99.176593,19.665229]]}},{"type":"Feature","properties":{"Name":"Polyline [2BA2]:0","altitudeMode":"relativeToGround","tessellate":"-1","visibility":"-1","id_2":"2"},"geometry":{"type":"LineString","coordinates":[[-99.176593,19.665229],[-99.176594,19.665215]]}},{"type":"Feature","properties":{"Name":"Polyline [2BA2]:0","altitudeMode":"relativeToGround","tessellate":"-1","visibility":"-1","id_2":"2"},"geometry":{"type":"LineString","coordinates":[[-99.176594,19.665215],[-99.17659,19.665214]]}},{"type":"Feature","properties":{"Name":"Polyline [2BA2]:0","altitudeMode":"relativeToGround","tessellate":"-1","visibility":"-1","id_2":"2"},"geometry":{"type":"LineString","coordinates":[[-99.17659,19.665214],[-99.176641,19.664611]]}},{"type":"Feature","properties":{"Name":"Polyline [2BA2]:0","altitudeMode":"relativeToGround","tessellate":"-1","visibility":"-1","id_2":"2"},"geometry":{"type":"LineString","coordinates":[[-99.176641,19.664611],[-99.176699,19.663782]]}},{"type":"Feature","properties":{"Name":"Polyline [2BA2]:0","altitudeMode":"relativeToGround","tessellate":"-1","visibility":"-1","id_2":"2"},"geometry":{"type":"LineString","coordinates":[[-99.176699,19.663782],[-99.176745,19.663243]]}},{"type":"Feature","properties":{"Name":"Polyline [2BA2]:0","altitudeMode":"relativeToGround","tessellate":"-1","visibility":"-1","id_2":"2"},"geometry":{"type":"LineString","coordinates":[[-99.176745,19.663243],[-99.176794,19.662659]]}},{"type":"Feature","properties":{"Name":"Polyline [2BA2]:0","altitudeMode":"relativeToGround","tessellate":"-1","visibility":"-1","id_2":"2"},"geometry":{"type":"LineString","coordinates":[[-99.176794,19.662659],[-99.176819,19.66237]]}},{"type":"Feature","properties":{"Name":"Polyline [2BA2]:0","altitudeMode":"relativeToGround","tessellate":"-1","visibility":"-1","id_2":"2"},"geometry":{"type":"LineString","coordinates":[[-99.176819,19.66237],[-99.176982,19.660396]]}},{"type":"Feature","properties":{"Name":"Polyline [2BA2]:0","altitudeMode":"relativeToGround","tessellate":"-1","visibility":"-1","id_2":"2"},"geometry":{"type":"LineString","coordinates":[[-99.176982,19.660396],[-99.177007,19.660053]]}},{"type":"Feature","properties":{"Name":"Polyline [2BA2]:0","altitudeMode":"relativeToGround","tessellate":"-1","visibility":"-1","id_2":"2"},"geometry":{"type":"LineString","coordinates":[[-99.177007,19.660053],[-99.177049,19.659566]]}},{"type":"Feature","properties":{"Name":"Polyline [2BA2]:0","altitudeMode":"relativeToGround","tessellate":"-1","visibility":"-1","id_2":"2"},"geometry":{"type":"LineString","coordinates":[[-99.177049,19.659566],[-99.177093,19.658994]]}},{"type":"Feature","properties":{"Name":"Polyline [2BA2]:0","altitudeMode":"relativeToGround","tessellate":"-1","visibility":"-1","id_2":"2"},"geometry":{"type":"LineString","coordinates":[[-99.177093,19.658994],[-99.177145,19.658392]]}},{"type":"Feature","properties":{"Name":"Polyline [2BA2]:0","altitudeMode":"relativeToGround","tessellate":"-1","visibility":"-1","id_2":"2"},"geometry":{"type":"LineString","coordinates":[[-99.177145,19.658392],[-99.177171,19.658097]]}},{"type":"Feature","properties":{"Name":"Polyline [2BA2]:0","altitudeMode":"relativeToGround","tessellate":"-1","visibility":"-1","id_2":"2"},"geometry":{"type":"LineString","coordinates":[[-99.177171,19.658097],[-99.17721,19.657701]]}},{"type":"Feature","properties":{"Name":"Polyline [2BA2]:0","altitudeMode":"relativeToGround","tessellate":"-1","visibility":"-1","id_2":"2"},"geometry":{"type":"LineString","coordinates":[[-99.17721,19.657701],[-99.177228,19.657346]]}},{"type":"Feature","properties":{"Name":"Polyline [2BA2]:0","altitudeMode":"relativeToGround","tessellate":"-1","visibility":"-1","id_2":"2"},"geometry":{"type":"LineString","coordinates":[[-99.177228,19.657346],[-99.177618,19.652654]]}},{"type":"Feature","properties":{"Name":"Polyline [2BA2]:0","altitudeMode":"relativeToGround","tessellate":"-1","visibility":"-1","id_2":"2"},"geometry":{"type":"LineString","coordinates":[[-99.177618,19.652654],[-99.177998,19.647983]]}},{"type":"Feature","properties":{"Name":"Polyline [2BA2]:0","altitudeMode":"relativeToGround","tessellate":"-1","visibility":"-1","id_2":"2"},"geometry":{"type":"LineString","coordinates":[[-99.177998,19.647983],[-99.178045,19.647424]]}},{"type":"Feature","properties":{"Name":"Polyline [2BA2]:0","altitudeMode":"relativeToGround","tessellate":"-1","visibility":"-1","id_2":"2"},"geometry":{"type":"LineString","coordinates":[[-99.178045,19.647424],[-99.17808,19.647014]]}},{"type":"Feature","properties":{"Name":"Polyline [2BA2]:0","altitudeMode":"relativeToGround","tessellate":"-1","visibility":"-1","id_2":"2"},"geometry":{"type":"LineString","coordinates":[[-99.17808,19.647014],[-99.178115,19.646668]]}},{"type":"Feature","properties":{"Name":"Polyline [2BA2]:0","altitudeMode":"relativeToGround","tessellate":"-1","visibility":"-1","id_2":"2"},"geometry":{"type":"LineString","coordinates":[[-99.178115,19.646668],[-99.178155,19.646403]]}},{"type":"Feature","properties":{"Name":"Polyline [2BA2]:0","altitudeMode":"relativeToGround","tessellate":"-1","visibility":"-1","id_2":"2"},"geometry":{"type":"LineString","coordinates":[[-99.178155,19.646403],[-99.178211,19.646059]]}},{"type":"Feature","properties":{"Name":"Polyline [2BA2]:0","altitudeMode":"relativeToGround","tessellate":"-1","visibility":"-1","id_2":"2"},"geometry":{"type":"LineString","coordinates":[[-99.178211,19.646059],[-99.178436,19.644942]]}},{"type":"Feature","properties":{"Name":"Polyline [2BA2]:0","altitudeMode":"relativeToGround","tessellate":"-1","visibility":"-1","id_2":"2"},"geometry":{"type":"LineString","coordinates":[[-99.178436,19.644942],[-99.178554,19.644412]]}},{"type":"Feature","properties":{"Name":"Polyline [2BA2]:0","altitudeMode":"relativeToGround","tessellate":"-1","visibility":"-1","id_2":"2"},"geometry":{"type":"LineString","coordinates":[[-99.178554,19.644412],[-99.178587,19.644263]]}},{"type":"Feature","properties":{"Name":"Polyline [2BA2]:0","altitudeMode":"relativeToGround","tessellate":"-1","visibility":"-1","id_2":"2"},"geometry":{"type":"LineString","coordinates":[[-99.178587,19.644263],[-99.178649,19.643962]]}},{"type":"Feature","properties":{"Name":"Polyline [2BA2]:0","altitudeMode":"relativeToGround","tessellate":"-1","visibility":"-1","id_2":"2"},"geometry":{"type":"LineString","coordinates":[[-99.178649,19.643962],[-99.178697,19.643739]]}},{"type":"Feature","properties":{"Name":"Polyline [2BA2]:0","altitudeMode":"relativeToGround","tessellate":"-1","visibility":"-1","id_2":"2"},"geometry":{"type":"LineString","coordinates":[[-99.178697,19.643739],[-99.178774,19.643365]]}},{"type":"Feature","properties":{"Name":"Polyline [2BA2]:0","altitudeMode":"relativeToGround","tessellate":"-1","visibility":"-1","id_2":"2"},"geometry":{"type":"LineString","coordinates":[[-99.178774,19.643365],[-99.178809,19.643201]]}},{"type":"Feature","properties":{"Name":"Polyline [2BA2]:0","altitudeMode":"relativeToGround","tessellate":"-1","visibility":"-1","id_2":"2"},"geometry":{"type":"LineString","coordinates":[[-99.178809,19.643201],[-99.178856,19.642967]]}},{"type":"Feature","properties":{"Name":"Polyline [2BA2]:0","altitudeMode":"relativeToGround","tessellate":"-1","visibility":"-1","id_2":"2"},"geometry":{"type":"LineString","coordinates":[[-99.178856,19.642967],[-99.178943,19.642557]]}},{"type":"Feature","properties":{"Name":"Polyline [2BA2]:0","altitudeMode":"relativeToGround","tessellate":"-1","visibility":"-1","id_2":"2"},"geometry":{"type":"LineString","coordinates":[[-99.178943,19.642557],[-99.179116,19.641751]]}},{"type":"Feature","properties":{"Name":"Polyline [2BA2]:0","altitudeMode":"relativeToGround","tessellate":"-1","visibility":"-1","id_2":"2"},"geometry":{"type":"LineString","coordinates":[[-99.179116,19.641751],[-99.179243,19.641141]]}},{"type":"Feature","properties":{"Name":"Polyline [2BA2]:0","altitudeMode":"relativeToGround","tessellate":"-1","visibility":"-1","id_2":"2"},"geometry":{"type":"LineString","coordinates":[[-99.179243,19.641141],[-99.17936,19.640586]]}},{"type":"Feature","properties":{"Name":"Polyline [2BA2]:0","altitudeMode":"relativeToGround","tessellate":"-1","visibility":"-1","id_2":"2"},"geometry":{"type":"LineString","coordinates":[[-99.17936,19.640586],[-99.179458,19.640119]]}},{"type":"Feature","properties":{"Name":"Polyline [2BA2]:0","altitudeMode":"relativeToGround","tessellate":"-1","visibility":"-1","id_2":"2"},"geometry":{"type":"LineString","coordinates":[[-99.179458,19.640119],[-99.179556,19.639657]]}},{"type":"Feature","properties":{"Name":"Polyline [2BA2]:0","altitudeMode":"relativeToGround","tessellate":"-1","visibility":"-1","id_2":"2"},"geometry":{"type":"LineString","coordinates":[[-99.179556,19.639657],[-99.179628,19.639321]]}},{"type":"Feature","properties":{"Name":"Polyline [2BA2]:0","altitudeMode":"relativeToGround","tessellate":"-1","visibility":"-1","id_2":"2"},"geometry":{"type":"LineString","coordinates":[[-99.179628,19.639321],[-99.179851,19.638296]]}},{"type":"Feature","properties":{"Name":"Polyline [2BA2]:0","altitudeMode":"relativeToGround","tessellate":"-1","visibility":"-1","id_2":"2"},"geometry":{"type":"LineString","coordinates":[[-99.179851,19.638296],[-99.179887,19.638173]]}},{"type":"Feature","properties":{"Name":"Polyline [2BA2]:0","altitudeMode":"relativeToGround","tessellate":"-1","visibility":"-1","id_2":"2"},"geometry":{"type":"LineString","coordinates":[[-99.179887,19.638173],[-99.179903,19.638123]]}},{"type":"Feature","properties":{"Name":"Polyline [2BA2]:0","altitudeMode":"relativeToGround","tessellate":"-1","visibility":"-1","id_2":"2"},"geometry":{"type":"LineString","coordinates":[[-99.179903,19.638123],[-99.179966,19.637923]]}},{"type":"Feature","properties":{"Name":"Polyline [2BA2]:0","altitudeMode":"relativeToGround","tessellate":"-1","visibility":"-1","id_2":"2"},"geometry":{"type":"LineString","coordinates":[[-99.179966,19.637923],[-99.179997,19.637821]]}},{"type":"Feature","properties":{"Name":"Polyline [2BA2]:0","altitudeMode":"relativeToGround","tessellate":"-1","visibility":"-1","id_2":"2"},"geometry":{"type":"LineString","coordinates":[[-99.179997,19.637821],[-99.18001,19.637788]]}},{"type":"Feature","properties":{"Name":"Polyline [2BA2]:0","altitudeMode":"relativeToGround","tessellate":"-1","visibility":"-1","id_2":"2"},"geometry":{"type":"LineString","coordinates":[[-99.18001,19.637788],[-99.180119,19.637286]]}},{"type":"Feature","properties":{"Name":"Polyline [2BA2]:0","altitudeMode":"relativeToGround","tessellate":"-1","visibility":"-1","id_2":"2"},"geometry":{"type":"LineString","coordinates":[[-99.180119,19.637286],[-99.18024,19.636705]]}},{"type":"Feature","properties":{"Name":"Polyline [2BA2]:0","altitudeMode":"relativeToGround","tessellate":"-1","visibility":"-1","id_2":"2"},"geometry":{"type":"LineString","coordinates":[[-99.18024,19.636705],[-99.180285,19.636485]]}},{"type":"Feature","properties":{"Name":"Polyline [2BA2]:0","altitudeMode":"relativeToGround","tessellate":"-1","visibility":"-1","id_2":"2"},"geometry":{"type":"LineString","coordinates":[[-99.180285,19.636485],[-99.180679,19.634604]]}},{"type":"Feature","properties":{"Name":"Polyline [2BA2]:0","altitudeMode":"relativeToGround","tessellate":"-1","visibility":"-1","id_2":"2"},"geometry":{"type":"LineString","coordinates":[[-99.180679,19.634604],[-99.180676,19.634593]]}},{"type":"Feature","properties":{"Name":"Polyline [2BA2]:0","altitudeMode":"relativeToGround","tessellate":"-1","visibility":"-1","id_2":"2"},"geometry":{"type":"LineString","coordinates":[[-99.180676,19.634593],[-99.180708,19.634491]]}},{"type":"Feature","properties":{"Name":"Polyline [2BA2]:0","altitudeMode":"relativeToGround","tessellate":"-1","visibility":"-1","id_2":"2"},"geometry":{"type":"LineString","coordinates":[[-99.180708,19.634491],[-99.180739,19.634286]]}},{"type":"Feature","properties":{"Name":"Polyline [2BA2]:0","altitudeMode":"relativeToGround","tessellate":"-1","visibility":"-1","id_2":"2"},"geometry":{"type":"LineString","coordinates":[[-99.180739,19.634286],[-99.180792,19.633906]]}},{"type":"Feature","properties":{"Name":"Polyline [2BA2]:0","altitudeMode":"relativeToGround","tessellate":"-1","visibility":"-1","id_2":"2"},"geometry":{"type":"LineString","coordinates":[[-99.180792,19.633906],[-99.180826,19.633655]]}},{"type":"Feature","properties":{"Name":"Polyline [2BA2]:0","altitudeMode":"relativeToGround","tessellate":"-1","visibility":"-1","id_2":"2"},"geometry":{"type":"LineString","coordinates":[[-99.180826,19.633655],[-99.180878,19.633387]]}},{"type":"Feature","properties":{"Name":"Polyline [2BA2]:0","altitudeMode":"relativeToGround","tessellate":"-1","visibility":"-1","id_2":"2"},"geometry":{"type":"LineString","coordinates":[[-99.180878,19.633387],[-99.180909,19.633249]]}},{"type":"Feature","properties":{"Name":"Polyline [2BA2]:0","altitudeMode":"relativeToGround","tessellate":"-1","visibility":"-1","id_2":"2"},"geometry":{"type":"LineString","coordinates":[[-99.180909,19.633249],[-99.180943,19.633094]]}},{"type":"Feature","properties":{"Name":"Polyline [2BA2]:0","altitudeMode":"relativeToGround","tessellate":"-1","visibility":"-1","id_2":"2"},"geometry":{"type":"LineString","coordinates":[[-99.180943,19.633094],[-99.180966,19.633002]]}},{"type":"Feature","properties":{"Name":"Polyline [2BA2]:0","altitudeMode":"relativeToGround","tessellate":"-1","visibility":"-1","id_2":"2"},"geometry":{"type":"LineString","coordinates":[[-99.180966,19.633002],[-99.180968,19.632963]]}},{"type":"Feature","properties":{"Name":"Polyline [2BA2]:0","altitudeMode":"relativeToGround","tessellate":"-1","visibility":"-1","id_2":"2"},"geometry":{"type":"LineString","coordinates":[[-99.180968,19.632963],[-99.181032,19.632662]]}},{"type":"Feature","properties":{"Name":"Polyline [2BA2]:0","altitudeMode":"relativeToGround","tessellate":"-1","visibility":"-1","id_2":"2"},"geometry":{"type":"LineString","coordinates":[[-99.181032,19.632662],[-99.181087,19.632399]]}},{"type":"Feature","properties":{"Name":"Polyline [2BA2]:0","altitudeMode":"relativeToGround","tessellate":"-1","visibility":"-1","id_2":"2"},"geometry":{"type":"LineString","coordinates":[[-99.181087,19.632399],[-99.181137,19.632149]]}},{"type":"Feature","properties":{"Name":"Polyline [2BA2]:0","altitudeMode":"relativeToGround","tessellate":"-1","visibility":"-1","id_2":"2"},"geometry":{"type":"LineString","coordinates":[[-99.181137,19.632149],[-99.18118,19.631948]]}},{"type":"Feature","properties":{"Name":"Polyline [2BA2]:0","altitudeMode":"relativeToGround","tessellate":"-1","visibility":"-1","id_2":"2"},"geometry":{"type":"LineString","coordinates":[[-99.18118,19.631948],[-99.181216,19.631786]]}},{"type":"Feature","properties":{"Name":"Polyline [2BA2]:0","altitudeMode":"relativeToGround","tessellate":"-1","visibility":"-1","id_2":"2"},"geometry":{"type":"LineString","coordinates":[[-99.181216,19.631786],[-99.184208,19.617579]]}},{"type":"Feature","properties":{"Name":"Polyline [2BA2]:0","altitudeMode":"relativeToGround","tessellate":"-1","visibility":"-1","id_2":"2"},"geometry":{"type":"LineString","coordinates":[[-99.184208,19.617579],[-99.184334,19.616973]]}},{"type":"Feature","properties":{"Name":"Polyline [2BA2]:0","altitudeMode":"relativeToGround","tessellate":"-1","visibility":"-1","id_2":"2"},"geometry":{"type":"LineString","coordinates":[[-99.184334,19.616973],[-99.184467,19.616368]]}},{"type":"Feature","properties":{"Name":"Polyline [2BA2]:0","altitudeMode":"relativeToGround","tessellate":"-1","visibility":"-1","id_2":"2"},"geometry":{"type":"LineString","coordinates":[[-99.184467,19.616368],[-99.184705,19.615171]]}},{"type":"Feature","properties":{"Name":"Polyline [2BA2]:0","altitudeMode":"relativeToGround","tessellate":"-1","visibility":"-1","id_2":"2"},"geometry":{"type":"LineString","coordinates":[[-99.184705,19.615171],[-99.185045,19.613488]]}},{"type":"Feature","properties":{"Name":"Polyline [2BA2]:0","altitudeMode":"relativeToGround","tessellate":"-1","visibility":"-1","id_2":"2"},"geometry":{"type":"LineString","coordinates":[[-99.185045,19.613488],[-99.185156,19.612967]]}},{"type":"Feature","properties":{"Name":"Polyline [2BA2]:0","altitudeMode":"relativeToGround","tessellate":"-1","visibility":"-1","id_2":"2"},"geometry":{"type":"LineString","coordinates":[[-99.185156,19.612967],[-99.185194,19.612791]]}},{"type":"Feature","properties":{"Name":"Polyline [2BA2]:0","altitudeMode":"relativeToGround","tessellate":"-1","visibility":"-1","id_2":"2"},"geometry":{"type":"LineString","coordinates":[[-99.185194,19.612791],[-99.185202,19.612793]]}},{"type":"Feature","properties":{"Name":"Polyline [2BA2]:0","altitudeMode":"relativeToGround","tessellate":"-1","visibility":"-1","id_2":"2"},"geometry":{"type":"LineString","coordinates":[[-99.185202,19.612793],[-99.185212,19.612747]]}},{"type":"Feature","properties":{"Name":"Polyline [2BA2]:0","altitudeMode":"relativeToGround","tessellate":"-1","visibility":"-1","id_2":"2"},"geometry":{"type":"LineString","coordinates":[[-99.185212,19.612747],[-99.185204,19.612745]]}},{"type":"Feature","properties":{"Name":"Polyline [2BA2]:0","altitudeMode":"relativeToGround","tessellate":"-1","visibility":"-1","id_2":"2"},"geometry":{"type":"LineString","coordinates":[[-99.185204,19.612745],[-99.185278,19.612399]]}},{"type":"Feature","properties":{"Name":"Polyline [2BA2]:0","altitudeMode":"relativeToGround","tessellate":"-1","visibility":"-1","id_2":"2"},"geometry":{"type":"LineString","coordinates":[[-99.185278,19.612399],[-99.185345,19.61208]]}},{"type":"Feature","properties":{"Name":"Polyline [2BA2]:0","altitudeMode":"relativeToGround","tessellate":"-1","visibility":"-1","id_2":"2"},"geometry":{"type":"LineString","coordinates":[[-99.185345,19.61208],[-99.185698,19.610423]]}},{"type":"Feature","properties":{"Name":"Polyline [2BA2]:0","altitudeMode":"relativeToGround","tessellate":"-1","visibility":"-1","id_2":"2"},"geometry":{"type":"LineString","coordinates":[[-99.185698,19.610423],[-99.185757,19.610148]]}},{"type":"Feature","properties":{"Name":"Polyline [2BA2]:0","altitudeMode":"relativeToGround","tessellate":"-1","visibility":"-1","id_2":"2"},"geometry":{"type":"LineString","coordinates":[[-99.185757,19.610148],[-99.185816,19.609873]]}},{"type":"Feature","properties":{"Name":"Polyline [2BA2]:0","altitudeMode":"relativeToGround","tessellate":"-1","visibility":"-1","id_2":"2"},"geometry":{"type":"LineString","coordinates":[[-99.185816,19.609873],[-99.185859,19.609665]]}},{"type":"Feature","properties":{"Name":"Polyline [2BA2]:0","altitudeMode":"relativeToGround","tessellate":"-1","visibility":"-1","id_2":"2"},"geometry":{"type":"LineString","coordinates":[[-99.185859,19.609665],[-99.185948,19.609257]]}},{"type":"Feature","properties":{"Name":"Polyline [2BA2]:0","altitudeMode":"relativeToGround","tessellate":"-1","visibility":"-1","id_2":"2"},"geometry":{"type":"LineString","coordinates":[[-99.185948,19.609257],[-99.186008,19.608962]]}},{"type":"Feature","properties":{"Name":"Polyline [2BA2]:0","altitudeMode":"relativeToGround","tessellate":"-1","visibility":"-1","id_2":"2"},"geometry":{"type":"LineString","coordinates":[[-99.186008,19.608962],[-99.186105,19.608518]]}},{"type":"Feature","properties":{"Name":"Polyline [2BA2]:0","altitudeMode":"relativeToGround","tessellate":"-1","visibility":"-1","id_2":"2"},"geometry":{"type":"LineString","coordinates":[[-99.186105,19.608518],[-99.186131,19.608392]]}},{"type":"Feature","properties":{"Name":"Polyline [2BA2]:0","altitudeMode":"relativeToGround","tessellate":"-1","visibility":"-1","id_2":"2"},"geometry":{"type":"LineString","coordinates":[[-99.186131,19.608392],[-99.18614,19.608352]]}},{"type":"Feature","properties":{"Name":"Polyline [2BA2]:0","altitudeMode":"relativeToGround","tessellate":"-1","visibility":"-1","id_2":"2"},"geometry":{"type":"LineString","coordinates":[[-99.183964,19.775096],[-99.183947,19.775034],[-99.183931,19.774973],[-99.183914,19.774912],[-99.183898,19.77485],[-99.183881,19.774789],[-99.183865,19.774728],[-99.183848,19.774666],[-99.183832,19.774605],[-99.183815,19.774544]]}},{"type":"Feature","properties":{"Name":"Polyline [2BA2]:0","altitudeMode":"relativeToGround","tessellate":"-1","visibility":"-1","id_2":"2"},"geometry":{"type":"LineString","coordinates":[[-99.182867,19.77101],[-99.182854,19.770961],[-99.18284,19.770911],[-99.182827,19.770862],[-99.182814,19.770813],[-99.182801,19.770763],[-99.182787,19.770714],[-99.182774,19.770665],[-99.182761,19.770616],[-99.182748,19.770566]]}},{"type":"Feature","properties":{"Name":"Polyline [2BA2]:0","altitudeMode":"relativeToGround","tessellate":"-1","visibility":"-1","id_2":"2"},"geometry":{"type":"LineString","coordinates":[[-99.18158,19.766319],[-99.181564,19.766263],[-99.181549,19.766207],[-99.181534,19.766151],[-99.181519,19.766095],[-99.181504,19.766039],[-99.181489,19.765983],[-99.181474,19.765926],[-99.181458,19.76587],[-99.181443,19.765814]]}},{"type":"Feature","properties":{"Name":"Polyline [2BA2]:0","altitudeMode":"relativeToGround","tessellate":"-1","visibility":"-1","id_2":"2"},"geometry":{"type":"LineString","coordinates":[[-99.177506,19.751278],[-99.177501,19.75126],[-99.177496,19.751242],[-99.177491,19.751223],[-99.177486,19.751205],[-99.177481,19.751187],[-99.177476,19.751169],[-99.177471,19.751151],[-99.177466,19.751133],[-99.177461,19.751115]]}},{"type":"Feature","properties":{"Name":"Polyline [2BA2]:0","altitudeMode":"relativeToGround","tessellate":"-1","visibility":"-1","id_2":"2"},"geometry":{"type":"LineString","coordinates":[[-99.177461,19.751115],[-99.177459,19.751105],[-99.177457,19.751096],[-99.177454,19.751087],[-99.177452,19.751078],[-99.177449,19.751069],[-99.177447,19.75106],[-99.177444,19.751051],[-99.177442,19.751042],[-99.177439,19.751033]]}},{"type":"Feature","properties":{"Name":"Polyline [2BA2]:0","altitudeMode":"relativeToGround","tessellate":"-1","visibility":"-1","id_2":"2"},"geometry":{"type":"LineString","coordinates":[[-99.177439,19.751033],[-99.177435,19.751018],[-99.177431,19.751003],[-99.177427,19.750988],[-99.177423,19.750973],[-99.177419,19.750958],[-99.177415,19.750942],[-99.177411,19.750927],[-99.177407,19.750912],[-99.177403,19.750897]]}},{"type":"Feature","properties":{"Name":"Polyline [2BA2]:0","altitudeMode":"relativeToGround","tessellate":"-1","visibility":"-1","id_2":"2"},"geometry":{"type":"LineString","coordinates":[[-99.177403,19.750897],[-99.1774,19.750885],[-99.177397,19.750873],[-99.177394,19.750861],[-99.17739,19.750849],[-99.177387,19.750837],[-99.177384,19.750825],[-99.177381,19.750813],[-99.177378,19.750801],[-99.177375,19.750789]]}},{"type":"Feature","properties":{"Name":"Polyline [2BA2]:0","altitudeMode":"relativeToGround","tessellate":"-1","visibility":"-1","id_2":"2"},"geometry":{"type":"LineString","coordinates":[[-99.177375,19.750789],[-99.177371,19.750774],[-99.177367,19.75076],[-99.177363,19.750745],[-99.177359,19.750731],[-99.177356,19.750716],[-99.177352,19.750702],[-99.177348,19.750687],[-99.177344,19.750673],[-99.177341,19.750658]]}},{"type":"Feature","properties":{"Name":"Polyline [2BA2]:0","altitudeMode":"relativeToGround","tessellate":"-1","visibility":"-1","id_2":"2"},"geometry":{"type":"LineString","coordinates":[[-99.177341,19.750658],[-99.177337,19.750646],[-99.177334,19.750633],[-99.177331,19.75062],[-99.177328,19.750608],[-99.177324,19.750595],[-99.177321,19.750582],[-99.177318,19.75057],[-99.177315,19.750557],[-99.177312,19.750544]]}},{"type":"Feature","properties":{"Name":"Polyline [2BA2]:0","altitudeMode":"relativeToGround","tessellate":"-1","visibility":"-1","id_2":"2"},"geometry":{"type":"LineString","coordinates":[[-99.177312,19.750544],[-99.177308,19.75053],[-99.177305,19.750516],[-99.177301,19.750502],[-99.177297,19.750488],[-99.177294,19.750473],[-99.17729,19.750459],[-99.177287,19.750445],[-99.177283,19.750431],[-99.17728,19.750417]]}},{"type":"Feature","properties":{"Name":"Polyline [2BA2]:0","altitudeMode":"relativeToGround","tessellate":"-1","visibility":"-1","id_2":"2"},"geometry":{"type":"LineString","coordinates":[[-99.17728,19.750417],[-99.177277,19.750404],[-99.177274,19.750391],[-99.177271,19.750378],[-99.177267,19.750365],[-99.177264,19.750352],[-99.177261,19.750339],[-99.177258,19.750326],[-99.177255,19.750313],[-99.177252,19.7503]]}},{"type":"Feature","properties":{"Name":"Polyline [2BA2]:0","altitudeMode":"relativeToGround","tessellate":"-1","visibility":"-1","id_2":"2"},"geometry":{"type":"LineString","coordinates":[[-99.177252,19.7503],[-99.177249,19.750286],[-99.177245,19.750272],[-99.177242,19.750258],[-99.177239,19.750244],[-99.177236,19.75023],[-99.177232,19.750216],[-99.177229,19.750202],[-99.177226,19.750188],[-99.177223,19.750174]]}},{"type":"Feature","properties":{"Name":"Polyline [2BA2]:0","altitudeMode":"relativeToGround","tessellate":"-1","visibility":"-1","id_2":"2"},"geometry":{"type":"LineString","coordinates":[[-99.177223,19.750174],[-99.17722,19.750161],[-99.177217,19.750148],[-99.177214,19.750134],[-99.177211,19.750121],[-99.177208,19.750108],[-99.177205,19.750095],[-99.177202,19.750082],[-99.177199,19.750069],[-99.177196,19.750056]]}},{"type":"Feature","properties":{"Name":"Polyline [2BA2]:0","altitudeMode":"relativeToGround","tessellate":"-1","visibility":"-1","id_2":"2"},"geometry":{"type":"LineString","coordinates":[[-99.177196,19.750056],[-99.177179,19.749975],[-99.177162,19.749894],[-99.177146,19.749813],[-99.17713,19.749732],[-99.177115,19.74965],[-99.1771,19.749569],[-99.177086,19.749488],[-99.177073,19.749406],[-99.17706,19.749324]]}},{"type":"Feature","properties":{"Name":"Polyline [2BA2]:0","altitudeMode":"relativeToGround","tessellate":"-1","visibility":"-1","id_2":"2"},"geometry":{"type":"LineString","coordinates":[[-99.176538,19.741614],[-99.176538,19.741608],[-99.176538,19.741603],[-99.176538,19.741598],[-99.176537,19.741592],[-99.176537,19.741587],[-99.176537,19.741582],[-99.176537,19.741576],[-99.176537,19.741571],[-99.176536,19.741566]]}},{"type":"Feature","properties":{"Name":"Polyline [2BA2]:0","altitudeMode":"relativeToGround","tessellate":"-1","visibility":"-1","id_2":"2"},"geometry":{"type":"LineString","coordinates":[[-99.176536,19.741566],[-99.176536,19.741563],[-99.176536,19.74156],[-99.176536,19.741558],[-99.176536,19.741555],[-99.176536,19.741552],[-99.176536,19.741549],[-99.176536,19.741547],[-99.176535,19.741544],[-99.176535,19.741541]]}},{"type":"Feature","properties":{"Name":"Polyline [2BA2]:0","altitudeMode":"relativeToGround","tessellate":"-1","visibility":"-1","id_2":"2"},"geometry":{"type":"LineString","coordinates":[[-99.176535,19.741541],[-99.176535,19.741537],[-99.176535,19.741533],[-99.176535,19.741528],[-99.176535,19.741524],[-99.176534,19.741519],[-99.176534,19.741515],[-99.176534,19.74151],[-99.176534,19.741506],[-99.176534,19.741501]]}},{"type":"Feature","properties":{"Name":"Polyline [2BA2]:0","altitudeMode":"relativeToGround","tessellate":"-1","visibility":"-1","id_2":"2"},"geometry":{"type":"LineString","coordinates":[[-99.176534,19.741501],[-99.176534,19.741498],[-99.176533,19.741494],[-99.176533,19.741491],[-99.176533,19.741487],[-99.176533,19.741483],[-99.176533,19.74148],[-99.176533,19.741476],[-99.176533,19.741473],[-99.176532,19.741469]]}},{"type":"Feature","properties":{"Name":"Polyline [2BA2]:0","altitudeMode":"relativeToGround","tessellate":"-1","visibility":"-1","id_2":"2"},"geometry":{"type":"LineString","coordinates":[[-99.176532,19.741469],[-99.176532,19.741465],[-99.176532,19.741461],[-99.176532,19.741456],[-99.176532,19.741452],[-99.176532,19.741448],[-99.176531,19.741443],[-99.176531,19.741439],[-99.176531,19.741435],[-99.176531,19.741431]]}},{"type":"Feature","properties":{"Name":"Polyline [2BA2]:0","altitudeMode":"relativeToGround","tessellate":"-1","visibility":"-1","id_2":"2"},"geometry":{"type":"LineString","coordinates":[[-99.176531,19.741431],[-99.176531,19.741427],[-99.17653,19.741423],[-99.17653,19.741419],[-99.17653,19.741416],[-99.17653,19.741412],[-99.17653,19.741408],[-99.17653,19.741404],[-99.17653,19.741401],[-99.176529,19.741397]]}},{"type":"Feature","properties":{"Name":"Polyline [2BA2]:0","altitudeMode":"relativeToGround","tessellate":"-1","visibility":"-1","id_2":"2"},"geometry":{"type":"LineString","coordinates":[[-99.176529,19.741397],[-99.176529,19.741393],[-99.176529,19.741388],[-99.176529,19.741384],[-99.176529,19.74138],[-99.176528,19.741376],[-99.176528,19.741372],[-99.176528,19.741367],[-99.176528,19.741363],[-99.176528,19.741359]]}},{"type":"Feature","properties":{"Name":"Polyline [2BA2]:0","altitudeMode":"relativeToGround","tessellate":"-1","visibility":"-1","id_2":"2"},"geometry":{"type":"LineString","coordinates":[[-99.176528,19.741359],[-99.176528,19.741355],[-99.176527,19.741351],[-99.176527,19.741348],[-99.176527,19.741344],[-99.176527,19.74134],[-99.176527,19.741336],[-99.176527,19.741332],[-99.176526,19.741328],[-99.176526,19.741325]]}},{"type":"Feature","properties":{"Name":"Polyline [2BA2]:0","altitudeMode":"relativeToGround","tessellate":"-1","visibility":"-1","id_2":"2"},"geometry":{"type":"LineString","coordinates":[[-99.176526,19.741325],[-99.176526,19.74132],[-99.176526,19.741316],[-99.176526,19.741312],[-99.176526,19.741308],[-99.176525,19.741304],[-99.176525,19.7413],[-99.176525,19.741295],[-99.176525,19.741291],[-99.176525,19.741287]]}},{"type":"Feature","properties":{"Name":"Polyline [2BA2]:0","altitudeMode":"relativeToGround","tessellate":"-1","visibility":"-1","id_2":"2"},"geometry":{"type":"LineString","coordinates":[[-99.176525,19.741287],[-99.176524,19.741283],[-99.176524,19.741279],[-99.176524,19.741275],[-99.176524,19.741272],[-99.176524,19.741268],[-99.176524,19.741264],[-99.176523,19.74126],[-99.176523,19.741256],[-99.176523,19.741252]]}},{"type":"Feature","properties":{"Name":"Polyline [2BA2]:0","altitudeMode":"relativeToGround","tessellate":"-1","visibility":"-1","id_2":"2"},"geometry":{"type":"LineString","coordinates":[[-99.176523,19.741252],[-99.17652,19.741193],[-99.176517,19.741134],[-99.176515,19.741075],[-99.176511,19.741016],[-99.176508,19.740957],[-99.176505,19.740898],[-99.176502,19.740839],[-99.176498,19.74078],[-99.176495,19.740721]]}},{"type":"Feature","properties":{"Name":"Polyline [2BA2]:0","altitudeMode":"relativeToGround","tessellate":"-1","visibility":"-1","id_2":"2"},"geometry":{"type":"LineString","coordinates":[[-99.176495,19.740721],[-99.176494,19.740718],[-99.176494,19.740714],[-99.176494,19.74071],[-99.176494,19.740706],[-99.176494,19.740702],[-99.176493,19.740698],[-99.176493,19.740694],[-99.176493,19.740691],[-99.176493,19.740687]]}},{"type":"Feature","properties":{"Name":"Polyline [2BA2]:0","altitudeMode":"relativeToGround","tessellate":"-1","visibility":"-1","id_2":"2"},"geometry":{"type":"LineString","coordinates":[[-99.176493,19.740687],[-99.176492,19.740682],[-99.176492,19.740678],[-99.176492,19.740674],[-99.176492,19.74067],[-99.176491,19.740666],[-99.176491,19.740662],[-99.176491,19.740657],[-99.17649,19.740653],[-99.17649,19.740649]]}},{"type":"Feature","properties":{"Name":"Polyline [2BA2]:0","altitudeMode":"relativeToGround","tessellate":"-1","visibility":"-1","id_2":"2"},"geometry":{"type":"LineString","coordinates":[[-99.17649,19.740649],[-99.17649,19.740645],[-99.17649,19.740642],[-99.176489,19.740638],[-99.176489,19.740634],[-99.176489,19.74063],[-99.176489,19.740626],[-99.176489,19.740622],[-99.176488,19.740619],[-99.176488,19.740615]]}},{"type":"Feature","properties":{"Name":"Polyline [2BA2]:0","altitudeMode":"relativeToGround","tessellate":"-1","visibility":"-1","id_2":"2"},"geometry":{"type":"LineString","coordinates":[[-99.176488,19.740615],[-99.176488,19.740611],[-99.176487,19.740606],[-99.176487,19.740602],[-99.176487,19.740598],[-99.176487,19.740594],[-99.176486,19.74059],[-99.176486,19.740585],[-99.176486,19.740581],[-99.176486,19.740577]]}},{"type":"Feature","properties":{"Name":"Polyline [2BA2]:0","altitudeMode":"relativeToGround","tessellate":"-1","visibility":"-1","id_2":"2"},"geometry":{"type":"LineString","coordinates":[[-99.176486,19.740577],[-99.176485,19.740573],[-99.176485,19.740569],[-99.176485,19.740566],[-99.176485,19.740562],[-99.176484,19.740558],[-99.176484,19.740554],[-99.176484,19.740551],[-99.176484,19.740547],[-99.176483,19.740543]]}},{"type":"Feature","properties":{"Name":"Polyline [2BA2]:0","altitudeMode":"relativeToGround","tessellate":"-1","visibility":"-1","id_2":"2"},"geometry":{"type":"LineString","coordinates":[[-99.176483,19.740543],[-99.176483,19.740539],[-99.176483,19.740535],[-99.176483,19.74053],[-99.176482,19.740526],[-99.176482,19.740522],[-99.176482,19.740518],[-99.176481,19.740513],[-99.176481,19.740509],[-99.176481,19.740505]]}},{"type":"Feature","properties":{"Name":"Polyline [2BA2]:0","altitudeMode":"relativeToGround","tessellate":"-1","visibility":"-1","id_2":"2"},"geometry":{"type":"LineString","coordinates":[[-99.176481,19.740505],[-99.176481,19.740501],[-99.17648,19.740498],[-99.17648,19.740494],[-99.17648,19.74049],[-99.17648,19.740487],[-99.176479,19.740483],[-99.176479,19.74048],[-99.176479,19.740476],[-99.176479,19.740473]]}},{"type":"Feature","properties":{"Name":"Polyline [2BA2]:0","altitudeMode":"relativeToGround","tessellate":"-1","visibility":"-1","id_2":"2"},"geometry":{"type":"LineString","coordinates":[[-99.176479,19.740473],[-99.176478,19.740468],[-99.176478,19.740464],[-99.176478,19.740459],[-99.176478,19.740455],[-99.176477,19.74045],[-99.176477,19.740446],[-99.176477,19.740441],[-99.176476,19.740437],[-99.176476,19.740432]]}},{"type":"Feature","properties":{"Name":"Polyline [2BA2]:0","altitudeMode":"relativeToGround","tessellate":"-1","visibility":"-1","id_2":"2"},"geometry":{"type":"LineString","coordinates":[[-99.176476,19.740432],[-99.176476,19.74043],[-99.176476,19.740427],[-99.176476,19.740424],[-99.176475,19.740422],[-99.176475,19.740419],[-99.176475,19.740416],[-99.176475,19.740414],[-99.176475,19.740411],[-99.176475,19.740408]]}},{"type":"Feature","properties":{"Name":"Polyline [2BA2]:0","altitudeMode":"relativeToGround","tessellate":"-1","visibility":"-1","id_2":"2"},"geometry":{"type":"LineString","coordinates":[[-99.176475,19.740408],[-99.176474,19.740403],[-99.176474,19.740398],[-99.176473,19.740392],[-99.176473,19.740387],[-99.176473,19.740382],[-99.176472,19.740376],[-99.176472,19.740371],[-99.176472,19.740366],[-99.176471,19.74036]]}},{"type":"Feature","properties":{"Name":"Polyline [2BA2]:0","altitudeMode":"relativeToGround","tessellate":"-1","visibility":"-1","id_2":"2"},"geometry":{"type":"LineString","coordinates":[[-99.176422,19.73962],[-99.176422,19.739615],[-99.176421,19.739609],[-99.176421,19.739604],[-99.176421,19.739599],[-99.17642,19.739593],[-99.17642,19.739588],[-99.17642,19.739583],[-99.176419,19.739577],[-99.176419,19.739572]]}},{"type":"Feature","properties":{"Name":"Polyline [2BA2]:0","altitudeMode":"relativeToGround","tessellate":"-1","visibility":"-1","id_2":"2"},"geometry":{"type":"LineString","coordinates":[[-99.176419,19.739572],[-99.176419,19.739569],[-99.176419,19.739567],[-99.176418,19.739564],[-99.176418,19.739561],[-99.176418,19.739559],[-99.176418,19.739556],[-99.176418,19.739553],[-99.176418,19.739551],[-99.176417,19.739548]]}},{"type":"Feature","properties":{"Name":"Polyline [2BA2]:0","altitudeMode":"relativeToGround","tessellate":"-1","visibility":"-1","id_2":"2"},"geometry":{"type":"LineString","coordinates":[[-99.176417,19.739548],[-99.176417,19.739544],[-99.176417,19.739539],[-99.176416,19.739535],[-99.176416,19.73953],[-99.176416,19.739526],[-99.176416,19.739521],[-99.176415,19.739517],[-99.176415,19.739512],[-99.176415,19.739508]]}},{"type":"Feature","properties":{"Name":"Polyline [2BA2]:0","altitudeMode":"relativeToGround","tessellate":"-1","visibility":"-1","id_2":"2"},"geometry":{"type":"LineString","coordinates":[[-99.176415,19.739508],[-99.176414,19.739504],[-99.176414,19.739501],[-99.176414,19.739497],[-99.176414,19.739494],[-99.176414,19.73949],[-99.176413,19.739487],[-99.176413,19.739483],[-99.176413,19.739479],[-99.176413,19.739476]]}},{"type":"Feature","properties":{"Name":"Polyline [2BA2]:0","altitudeMode":"relativeToGround","tessellate":"-1","visibility":"-1","id_2":"2"},"geometry":{"type":"LineString","coordinates":[[-99.176413,19.739476],[-99.176412,19.739472],[-99.176412,19.739467],[-99.176412,19.739463],[-99.176411,19.739459],[-99.176411,19.739455],[-99.176411,19.73945],[-99.176411,19.739446],[-99.17641,19.739442],[-99.17641,19.739437]]}},{"type":"Feature","properties":{"Name":"Polyline [2BA2]:0","altitudeMode":"relativeToGround","tessellate":"-1","visibility":"-1","id_2":"2"},"geometry":{"type":"LineString","coordinates":[[-99.17641,19.739437],[-99.17641,19.739434],[-99.17641,19.73943],[-99.176409,19.739426],[-99.176409,19.739422],[-99.176409,19.739419],[-99.176409,19.739415],[-99.176408,19.739411],[-99.176408,19.739408],[-99.176408,19.739404]]}},{"type":"Feature","properties":{"Name":"Polyline [2BA2]:0","altitudeMode":"relativeToGround","tessellate":"-1","visibility":"-1","id_2":"2"},"geometry":{"type":"LineString","coordinates":[[-99.176408,19.739404],[-99.176408,19.7394],[-99.176407,19.739395],[-99.176407,19.739391],[-99.176407,19.739387],[-99.176407,19.739383],[-99.176406,19.739379],[-99.176406,19.739374],[-99.176406,19.73937],[-99.176405,19.739366]]}},{"type":"Feature","properties":{"Name":"Polyline [2BA2]:0","altitudeMode":"relativeToGround","tessellate":"-1","visibility":"-1","id_2":"2"},"geometry":{"type":"LineString","coordinates":[[-99.176405,19.739366],[-99.176405,19.739362],[-99.176405,19.739358],[-99.176405,19.739355],[-99.176404,19.739351],[-99.176404,19.739347],[-99.176404,19.739343],[-99.176404,19.739339],[-99.176404,19.739336],[-99.176403,19.739332]]}},{"type":"Feature","properties":{"Name":"Polyline [2BA2]:0","altitudeMode":"relativeToGround","tessellate":"-1","visibility":"-1","id_2":"2"},"geometry":{"type":"LineString","coordinates":[[-99.176403,19.739332],[-99.176403,19.739328],[-99.176403,19.739323],[-99.176402,19.739319],[-99.176402,19.739315],[-99.176402,19.739311],[-99.176402,19.739307],[-99.176401,19.739303],[-99.176401,19.739298],[-99.176401,19.739294]]}},{"type":"Feature","properties":{"Name":"Polyline [2BA2]:0","altitudeMode":"relativeToGround","tessellate":"-1","visibility":"-1","id_2":"2"},"geometry":{"type":"LineString","coordinates":[[-99.176401,19.739294],[-99.176401,19.73929],[-99.1764,19.739287],[-99.1764,19.739283],[-99.1764,19.739279],[-99.1764,19.739275],[-99.176399,19.739271],[-99.176399,19.739267],[-99.176399,19.739263],[-99.176399,19.73926]]}},{"type":"Feature","properties":{"Name":"Polyline [2BA2]:0","altitudeMode":"relativeToGround","tessellate":"-1","visibility":"-1","id_2":"2"},"geometry":{"type":"LineString","coordinates":[[-99.176399,19.73926],[-99.176395,19.739196],[-99.176391,19.739132],[-99.176387,19.739068],[-99.176384,19.739004],[-99.176381,19.738941],[-99.176377,19.738877],[-99.176374,19.738813],[-99.176371,19.738749],[-99.176368,19.738685]]}},{"type":"Feature","properties":{"Name":"Polyline [2BA2]:0","altitudeMode":"relativeToGround","tessellate":"-1","visibility":"-1","id_2":"2"},"geometry":{"type":"LineString","coordinates":[[-99.176368,19.738685],[-99.176368,19.738682],[-99.176368,19.738678],[-99.176367,19.738674],[-99.176367,19.73867],[-99.176367,19.738666],[-99.176367,19.738662],[-99.176367,19.738658],[-99.176367,19.738655],[-99.176366,19.738651]]}},{"type":"Feature","properties":{"Name":"Polyline [2BA2]:0","altitudeMode":"relativeToGround","tessellate":"-1","visibility":"-1","id_2":"2"},"geometry":{"type":"LineString","coordinates":[[-99.176366,19.738651],[-99.176366,19.738646],[-99.176366,19.738642],[-99.176366,19.738638],[-99.176366,19.738634],[-99.176365,19.73863],[-99.176365,19.738626],[-99.176365,19.738622],[-99.176365,19.738617],[-99.176365,19.738613]]}},{"type":"Feature","properties":{"Name":"Polyline [2BA2]:0","altitudeMode":"relativeToGround","tessellate":"-1","visibility":"-1","id_2":"2"},"geometry":{"type":"LineString","coordinates":[[-99.176365,19.738613],[-99.176365,19.738609],[-99.176364,19.738606],[-99.176364,19.738602],[-99.176364,19.738598],[-99.176364,19.738594],[-99.176364,19.73859],[-99.176364,19.738587],[-99.176363,19.738583],[-99.176363,19.738579]]}},{"type":"Feature","properties":{"Name":"Polyline [2BA2]:0","altitudeMode":"relativeToGround","tessellate":"-1","visibility":"-1","id_2":"2"},"geometry":{"type":"LineString","coordinates":[[-99.176363,19.738579],[-99.176363,19.738575],[-99.176363,19.73857],[-99.176363,19.738566],[-99.176362,19.738562],[-99.176362,19.738558],[-99.176362,19.738554],[-99.176362,19.738549],[-99.176362,19.738545],[-99.176362,19.738541]]}},{"type":"Feature","properties":{"Name":"Polyline [2BA2]:0","altitudeMode":"relativeToGround","tessellate":"-1","visibility":"-1","id_2":"2"},"geometry":{"type":"LineString","coordinates":[[-99.176362,19.738541],[-99.176361,19.738537],[-99.176361,19.738534],[-99.176361,19.73853],[-99.176361,19.738526],[-99.176361,19.738522],[-99.176361,19.738519],[-99.17636,19.738515],[-99.17636,19.738511],[-99.17636,19.738507]]}},{"type":"Feature","properties":{"Name":"Polyline [2BA2]:0","altitudeMode":"relativeToGround","tessellate":"-1","visibility":"-1","id_2":"2"},"geometry":{"type":"LineString","coordinates":[[-99.17636,19.738507],[-99.17636,19.738503],[-99.17636,19.738499],[-99.17636,19.738495],[-99.176359,19.73849],[-99.176359,19.738486],[-99.176359,19.738482],[-99.176359,19.738477],[-99.176359,19.738473],[-99.176359,19.738469]]}},{"type":"Feature","properties":{"Name":"Polyline [2BA2]:0","altitudeMode":"relativeToGround","tessellate":"-1","visibility":"-1","id_2":"2"},"geometry":{"type":"LineString","coordinates":[[-99.176359,19.738469],[-99.176358,19.738465],[-99.176358,19.738462],[-99.176358,19.738458],[-99.176358,19.738455],[-99.176358,19.738451],[-99.176358,19.738448],[-99.176357,19.738444],[-99.176357,19.73844],[-99.176357,19.738437]]}},{"type":"Feature","properties":{"Name":"Polyline [2BA2]:0","altitudeMode":"relativeToGround","tessellate":"-1","visibility":"-1","id_2":"2"},"geometry":{"type":"LineString","coordinates":[[-99.176357,19.738437],[-99.176357,19.738432],[-99.176357,19.738428],[-99.176357,19.738423],[-99.176356,19.738419],[-99.176356,19.738415],[-99.176356,19.73841],[-99.176356,19.738406],[-99.176356,19.738401],[-99.176356,19.738397]]}},{"type":"Feature","properties":{"Name":"Polyline [2BA2]:0","altitudeMode":"relativeToGround","tessellate":"-1","visibility":"-1","id_2":"2"},"geometry":{"type":"LineString","coordinates":[[-99.176356,19.738397],[-99.176355,19.738394],[-99.176355,19.738391],[-99.176355,19.738389],[-99.176355,19.738386],[-99.176355,19.738383],[-99.176355,19.738381],[-99.176355,19.738378],[-99.176355,19.738375],[-99.176355,19.738373]]}},{"type":"Feature","properties":{"Name":"Polyline [2BA2]:0","altitudeMode":"relativeToGround","tessellate":"-1","visibility":"-1","id_2":"2"},"geometry":{"type":"LineString","coordinates":[[-99.176355,19.738373],[-99.176354,19.738367],[-99.176354,19.738362],[-99.176354,19.738357],[-99.176354,19.738351],[-99.176353,19.738346],[-99.176353,19.738341],[-99.176353,19.738335],[-99.176353,19.73833],[-99.176353,19.738324]]}},{"type":"Feature","properties":{"Name":"Polyline [2BA2]:0","altitudeMode":"relativeToGround","tessellate":"-1","visibility":"-1","id_2":"2"},"geometry":{"type":"LineString","coordinates":[[-99.175722,19.722918],[-99.175721,19.722882],[-99.175719,19.722845],[-99.175718,19.722809],[-99.175716,19.722772],[-99.175715,19.722736],[-99.175713,19.722699],[-99.175712,19.722663],[-99.17571,19.722627],[-99.175709,19.72259]]}},{"type":"Feature","properties":{"Name":"Polyline [2BA2]:0","altitudeMode":"relativeToGround","tessellate":"-1","visibility":"-1","id_2":"2"},"geometry":{"type":"LineString","coordinates":[[-99.175073,19.706912],[-99.175073,19.706902],[-99.175072,19.706891],[-99.175072,19.70688],[-99.175071,19.70687],[-99.175071,19.706859],[-99.175071,19.706848],[-99.17507,19.706837],[-99.17507,19.706827],[-99.175069,19.706816]]}},{"type":"Feature","properties":{"Name":"Polyline [2BA2]:0","altitudeMode":"relativeToGround","tessellate":"-1","visibility":"-1","id_2":"2"},"geometry":{"type":"LineString","coordinates":[[-99.175069,19.706816],[-99.175069,19.706811],[-99.175069,19.706805],[-99.175069,19.7068],[-99.175068,19.706795],[-99.175068,19.706789],[-99.175068,19.706784],[-99.175068,19.706779],[-99.175068,19.706773],[-99.175067,19.706768]]}},{"type":"Feature","properties":{"Name":"Polyline [2BA2]:0","altitudeMode":"relativeToGround","tessellate":"-1","visibility":"-1","id_2":"2"},"geometry":{"type":"LineString","coordinates":[[-99.175067,19.706768],[-99.175067,19.706759],[-99.175067,19.70675],[-99.175066,19.706741],[-99.175066,19.706732],[-99.175066,19.706723],[-99.175065,19.706714],[-99.175065,19.706706],[-99.175064,19.706697],[-99.175064,19.706688]]}},{"type":"Feature","properties":{"Name":"Polyline [2BA2]:0","altitudeMode":"relativeToGround","tessellate":"-1","visibility":"-1","id_2":"2"},"geometry":{"type":"LineString","coordinates":[[-99.175064,19.706688],[-99.175064,19.706681],[-99.175064,19.706673],[-99.175063,19.706666],[-99.175063,19.706659],[-99.175063,19.706652],[-99.175062,19.706645],[-99.175062,19.706638],[-99.175062,19.706631],[-99.175062,19.706624]]}},{"type":"Feature","properties":{"Name":"Polyline [2BA2]:0","altitudeMode":"relativeToGround","tessellate":"-1","visibility":"-1","id_2":"2"},"geometry":{"type":"LineString","coordinates":[[-99.175062,19.706624],[-99.175061,19.706615],[-99.175061,19.706606],[-99.175061,19.706598],[-99.17506,19.706589],[-99.17506,19.706581],[-99.17506,19.706572],[-99.175059,19.706564],[-99.175059,19.706555],[-99.175059,19.706547]]}},{"type":"Feature","properties":{"Name":"Polyline [2BA2]:0","altitudeMode":"relativeToGround","tessellate":"-1","visibility":"-1","id_2":"2"},"geometry":{"type":"LineString","coordinates":[[-99.175059,19.706547],[-99.175059,19.706539],[-99.175058,19.706532],[-99.175058,19.706524],[-99.175058,19.706517],[-99.175057,19.706509],[-99.175057,19.706502],[-99.175057,19.706494],[-99.175057,19.706487],[-99.175056,19.706479]]}},{"type":"Feature","properties":{"Name":"Polyline [2BA2]:0","altitudeMode":"relativeToGround","tessellate":"-1","visibility":"-1","id_2":"2"},"geometry":{"type":"LineString","coordinates":[[-99.175056,19.706479],[-99.175056,19.706471],[-99.175056,19.706462],[-99.175056,19.706454],[-99.175055,19.706446],[-99.175055,19.706437],[-99.175055,19.706429],[-99.175054,19.70642],[-99.175054,19.706412],[-99.175054,19.706404]]}},{"type":"Feature","properties":{"Name":"Polyline [2BA2]:0","altitudeMode":"relativeToGround","tessellate":"-1","visibility":"-1","id_2":"2"},"geometry":{"type":"LineString","coordinates":[[-99.175054,19.706404],[-99.175054,19.706396],[-99.175053,19.706388],[-99.175053,19.706381],[-99.175053,19.706373],[-99.175053,19.706365],[-99.175052,19.706358],[-99.175052,19.70635],[-99.175052,19.706343],[-99.175052,19.706335]]}},{"type":"Feature","properties":{"Name":"Polyline [2BA2]:0","altitudeMode":"relativeToGround","tessellate":"-1","visibility":"-1","id_2":"2"},"geometry":{"type":"LineString","coordinates":[[-99.175052,19.706335],[-99.175051,19.706327],[-99.175051,19.706318],[-99.175051,19.70631],[-99.175051,19.706302],[-99.17505,19.706293],[-99.17505,19.706285],[-99.17505,19.706277],[-99.17505,19.706268],[-99.175049,19.70626]]}},{"type":"Feature","properties":{"Name":"Polyline [2BA2]:0","altitudeMode":"relativeToGround","tessellate":"-1","visibility":"-1","id_2":"2"},"geometry":{"type":"LineString","coordinates":[[-99.175049,19.70626],[-99.175049,19.706252],[-99.175049,19.706245],[-99.175049,19.706237],[-99.175049,19.706229],[-99.175048,19.706222],[-99.175048,19.706214],[-99.175048,19.706206],[-99.175048,19.706198],[-99.175048,19.706191]]}},{"type":"Feature","properties":{"Name":"Polyline [2BA2]:0","altitudeMode":"relativeToGround","tessellate":"-1","visibility":"-1","id_2":"2"},"geometry":{"type":"LineString","coordinates":[[-99.175048,19.706191],[-99.175046,19.706103],[-99.175044,19.706015],[-99.175042,19.705927],[-99.175041,19.705839],[-99.175041,19.705751],[-99.17504,19.705664],[-99.17504,19.705576],[-99.17504,19.705488],[-99.175041,19.7054]]}},{"type":"Feature","properties":{"Name":"Polyline [2BA2]:0","altitudeMode":"relativeToGround","tessellate":"-1","visibility":"-1","id_2":"2"},"geometry":{"type":"LineString","coordinates":[[-99.175041,19.7054],[-99.175041,19.705392],[-99.175041,19.705385],[-99.175041,19.705377],[-99.175041,19.705369],[-99.175041,19.705361],[-99.175041,19.705354],[-99.175042,19.705346],[-99.175042,19.705338],[-99.175042,19.705331]]}},{"type":"Feature","properties":{"Name":"Polyline [2BA2]:0","altitudeMode":"relativeToGround","tessellate":"-1","visibility":"-1","id_2":"2"},"geometry":{"type":"LineString","coordinates":[[-99.175042,19.705331],[-99.175042,19.705322],[-99.175042,19.705314],[-99.175042,19.705306],[-99.175042,19.705297],[-99.175042,19.705289],[-99.175042,19.705281],[-99.175042,19.705272],[-99.175043,19.705264],[-99.175043,19.705256]]}},{"type":"Feature","properties":{"Name":"Polyline [2BA2]:0","altitudeMode":"relativeToGround","tessellate":"-1","visibility":"-1","id_2":"2"},"geometry":{"type":"LineString","coordinates":[[-99.175043,19.705256],[-99.175043,19.705248],[-99.175043,19.705241],[-99.175043,19.705233],[-99.175043,19.705225],[-99.175043,19.705218],[-99.175043,19.70521],[-99.175043,19.705202],[-99.175044,19.705195],[-99.175044,19.705187]]}},{"type":"Feature","properties":{"Name":"Polyline [2BA2]:0","altitudeMode":"relativeToGround","tessellate":"-1","visibility":"-1","id_2":"2"},"geometry":{"type":"LineString","coordinates":[[-99.175044,19.705187],[-99.175044,19.705179],[-99.175044,19.70517],[-99.175044,19.705162],[-99.175044,19.705153],[-99.175044,19.705145],[-99.175045,19.705137],[-99.175045,19.705128],[-99.175045,19.70512],[-99.175045,19.705111]]}},{"type":"Feature","properties":{"Name":"Polyline [2BA2]:0","altitudeMode":"relativeToGround","tessellate":"-1","visibility":"-1","id_2":"2"},"geometry":{"type":"LineString","coordinates":[[-99.175045,19.705111],[-99.175045,19.705104],[-99.175045,19.705096],[-99.175045,19.705089],[-99.175046,19.705082],[-99.175046,19.705074],[-99.175046,19.705067],[-99.175046,19.705059],[-99.175046,19.705052],[-99.175046,19.705044]]}},{"type":"Feature","properties":{"Name":"Polyline [2BA2]:0","altitudeMode":"relativeToGround","tessellate":"-1","visibility":"-1","id_2":"2"},"geometry":{"type":"LineString","coordinates":[[-99.175046,19.705044],[-99.175046,19.705036],[-99.175047,19.705027],[-99.175047,19.705018],[-99.175047,19.70501],[-99.175047,19.705001],[-99.175047,19.704993],[-99.175048,19.704984],[-99.175048,19.704976],[-99.175048,19.704967]]}},{"type":"Feature","properties":{"Name":"Polyline [2BA2]:0","altitudeMode":"relativeToGround","tessellate":"-1","visibility":"-1","id_2":"2"},"geometry":{"type":"LineString","coordinates":[[-99.175048,19.704967],[-99.175048,19.70496],[-99.175048,19.704953],[-99.175048,19.704946],[-99.175049,19.704939],[-99.175049,19.704931],[-99.175049,19.704924],[-99.175049,19.704917],[-99.175049,19.70491],[-99.175049,19.704903]]}},{"type":"Feature","properties":{"Name":"Polyline [2BA2]:0","altitudeMode":"relativeToGround","tessellate":"-1","visibility":"-1","id_2":"2"},"geometry":{"type":"LineString","coordinates":[[-99.175049,19.704903],[-99.17505,19.704894],[-99.17505,19.704885],[-99.17505,19.704876],[-99.17505,19.704867],[-99.17505,19.704858],[-99.175051,19.704849],[-99.175051,19.70484],[-99.175051,19.704832],[-99.175051,19.704823]]}},{"type":"Feature","properties":{"Name":"Polyline [2BA2]:0","altitudeMode":"relativeToGround","tessellate":"-1","visibility":"-1","id_2":"2"},"geometry":{"type":"LineString","coordinates":[[-99.175051,19.704823],[-99.175051,19.704817],[-99.175051,19.704812],[-99.175052,19.704807],[-99.175052,19.704801],[-99.175052,19.704796],[-99.175052,19.704791],[-99.175052,19.704785],[-99.175052,19.70478],[-99.175052,19.704774]]}},{"type":"Feature","properties":{"Name":"Polyline [2BA2]:0","altitudeMode":"relativeToGround","tessellate":"-1","visibility":"-1","id_2":"2"},"geometry":{"type":"LineString","coordinates":[[-99.175052,19.704774],[-99.175053,19.704764],[-99.175053,19.704753],[-99.175053,19.704742],[-99.175053,19.704732],[-99.175054,19.704721],[-99.175054,19.70471],[-99.175054,19.7047],[-99.175054,19.704689],[-99.175055,19.704678]]}},{"type":"Feature","properties":{"Name":"Polyline [2BA2]:0","altitudeMode":"relativeToGround","tessellate":"-1","visibility":"-1","id_2":"2"},"geometry":{"type":"LineString","coordinates":[[-99.175194,19.698833],[-99.175196,19.698763],[-99.175198,19.698694],[-99.175199,19.698624],[-99.175201,19.698555],[-99.175202,19.698485],[-99.175204,19.698416],[-99.175206,19.698347],[-99.175207,19.698277],[-99.175209,19.698208]]}},{"type":"Feature","properties":{"Name":"Polyline [2BA2]:0","altitudeMode":"relativeToGround","tessellate":"-1","visibility":"-1","id_2":"2"},"geometry":{"type":"LineString","coordinates":[[-99.175524,19.684152],[-99.175525,19.684096],[-99.175527,19.68404],[-99.175528,19.683985],[-99.175529,19.683929],[-99.17553,19.683873],[-99.175531,19.683817],[-99.175533,19.683762],[-99.175534,19.683706],[-99.175535,19.68365]]}},{"type":"Feature","properties":{"Name":"Polyline [2BA2]:0","altitudeMode":"relativeToGround","tessellate":"-1","visibility":"-1","id_2":"2"},"geometry":{"type":"LineString","coordinates":[[-99.175699,19.676126],[-99.1757,19.676119],[-99.1757,19.676112],[-99.1757,19.676104],[-99.1757,19.676097],[-99.1757,19.67609],[-99.1757,19.676082],[-99.175701,19.676075],[-99.175701,19.676067],[-99.175701,19.67606]]}},{"type":"Feature","properties":{"Name":"Polyline [2BA2]:0","altitudeMode":"relativeToGround","tessellate":"-1","visibility":"-1","id_2":"2"},"geometry":{"type":"LineString","coordinates":[[-99.175701,19.67606],[-99.175701,19.676056],[-99.175701,19.676053],[-99.175701,19.676049],[-99.175701,19.676045],[-99.175701,19.676042],[-99.175701,19.676038],[-99.175702,19.676034],[-99.175702,19.676031],[-99.175702,19.676027]]}},{"type":"Feature","properties":{"Name":"Polyline [2BA2]:0","altitudeMode":"relativeToGround","tessellate":"-1","visibility":"-1","id_2":"2"},"geometry":{"type":"LineString","coordinates":[[-99.175702,19.676027],[-99.175702,19.676021],[-99.175702,19.676015],[-99.175702,19.676009],[-99.175702,19.676002],[-99.175702,19.675996],[-99.175703,19.67599],[-99.175703,19.675984],[-99.175703,19.675978],[-99.175703,19.675972]]}},{"type":"Feature","properties":{"Name":"Polyline [2BA2]:0","altitudeMode":"relativeToGround","tessellate":"-1","visibility":"-1","id_2":"2"},"geometry":{"type":"LineString","coordinates":[[-99.175703,19.675972],[-99.175703,19.675967],[-99.175703,19.675962],[-99.175703,19.675957],[-99.175703,19.675952],[-99.175703,19.675947],[-99.175704,19.675942],[-99.175704,19.675938],[-99.175704,19.675933],[-99.175704,19.675928]]}},{"type":"Feature","properties":{"Name":"Polyline [2BA2]:0","altitudeMode":"relativeToGround","tessellate":"-1","visibility":"-1","id_2":"2"},"geometry":{"type":"LineString","coordinates":[[-99.175704,19.675928],[-99.175704,19.675922],[-99.175704,19.675916],[-99.175704,19.67591],[-99.175705,19.675904],[-99.175705,19.675898],[-99.175705,19.675892],[-99.175705,19.675887],[-99.175705,19.675881],[-99.175705,19.675875]]}},{"type":"Feature","properties":{"Name":"Polyline [2BA2]:0","altitudeMode":"relativeToGround","tessellate":"-1","visibility":"-1","id_2":"2"},"geometry":{"type":"LineString","coordinates":[[-99.175705,19.675875],[-99.175705,19.67587],[-99.175706,19.675864],[-99.175706,19.675859],[-99.175706,19.675854],[-99.175706,19.675849],[-99.175706,19.675844],[-99.175706,19.675839],[-99.175706,19.675834],[-99.175706,19.675828]]}},{"type":"Feature","properties":{"Name":"Polyline [2BA2]:0","altitudeMode":"relativeToGround","tessellate":"-1","visibility":"-1","id_2":"2"},"geometry":{"type":"LineString","coordinates":[[-99.175706,19.675828],[-99.175707,19.675823],[-99.175707,19.675817],[-99.175707,19.675811],[-99.175707,19.675805],[-99.175707,19.6758],[-99.175707,19.675794],[-99.175708,19.675788],[-99.175708,19.675782],[-99.175708,19.675777]]}},{"type":"Feature","properties":{"Name":"Polyline [2BA2]:0","altitudeMode":"relativeToGround","tessellate":"-1","visibility":"-1","id_2":"2"},"geometry":{"type":"LineString","coordinates":[[-99.175708,19.675777],[-99.175708,19.675771],[-99.175708,19.675766],[-99.175708,19.675761],[-99.175708,19.675756],[-99.175709,19.67575],[-99.175709,19.675745],[-99.175709,19.67574],[-99.175709,19.675735],[-99.175709,19.675729]]}},{"type":"Feature","properties":{"Name":"Polyline [2BA2]:0","altitudeMode":"relativeToGround","tessellate":"-1","visibility":"-1","id_2":"2"},"geometry":{"type":"LineString","coordinates":[[-99.175709,19.675729],[-99.175709,19.675724],[-99.17571,19.675718],[-99.17571,19.675712],[-99.17571,19.675706],[-99.17571,19.675701],[-99.17571,19.675695],[-99.17571,19.675689],[-99.175711,19.675684],[-99.175711,19.675678]]}},{"type":"Feature","properties":{"Name":"Polyline [2BA2]:0","altitudeMode":"relativeToGround","tessellate":"-1","visibility":"-1","id_2":"2"},"geometry":{"type":"LineString","coordinates":[[-99.175711,19.675678],[-99.175711,19.675673],[-99.175711,19.675667],[-99.175711,19.675662],[-99.175712,19.675657],[-99.175712,19.675651],[-99.175712,19.675646],[-99.175712,19.675641],[-99.175712,19.675636],[-99.175712,19.67563]]}},{"type":"Feature","properties":{"Name":"Polyline [2BA2]:0","altitudeMode":"relativeToGround","tessellate":"-1","visibility":"-1","id_2":"2"},"geometry":{"type":"LineString","coordinates":[[-99.175712,19.67563],[-99.175716,19.675546],[-99.175719,19.675461],[-99.175723,19.675376],[-99.175727,19.675291],[-99.175732,19.675207],[-99.175737,19.675122],[-99.175742,19.675038],[-99.175748,19.674953],[-99.175754,19.674868]]}},{"type":"Feature","properties":{"Name":"Polyline [2BA2]:0","altitudeMode":"relativeToGround","tessellate":"-1","visibility":"-1","id_2":"2"},"geometry":{"type":"LineString","coordinates":[[-99.175754,19.674868],[-99.175754,19.674863],[-99.175754,19.674858],[-99.175755,19.674853],[-99.175755,19.674847],[-99.175756,19.674842],[-99.175756,19.674837],[-99.175756,19.674831],[-99.175757,19.674826],[-99.175757,19.674821]]}},{"type":"Feature","properties":{"Name":"Polyline [2BA2]:0","altitudeMode":"relativeToGround","tessellate":"-1","visibility":"-1","id_2":"2"},"geometry":{"type":"LineString","coordinates":[[-99.175757,19.674821],[-99.175758,19.674815],[-99.175758,19.674809],[-99.175758,19.674804],[-99.175759,19.674798],[-99.175759,19.674792],[-99.17576,19.674787],[-99.17576,19.674781],[-99.175761,19.674775],[-99.175761,19.67477]]}},{"type":"Feature","properties":{"Name":"Polyline [2BA2]:0","altitudeMode":"relativeToGround","tessellate":"-1","visibility":"-1","id_2":"2"},"geometry":{"type":"LineString","coordinates":[[-99.175761,19.67477],[-99.175762,19.674764],[-99.175762,19.674759],[-99.175762,19.674754],[-99.175763,19.674749],[-99.175763,19.674743],[-99.175764,19.674738],[-99.175764,19.674733],[-99.175764,19.674728],[-99.175765,19.674722]]}},{"type":"Feature","properties":{"Name":"Polyline [2BA2]:0","altitudeMode":"relativeToGround","tessellate":"-1","visibility":"-1","id_2":"2"},"geometry":{"type":"LineString","coordinates":[[-99.175765,19.674722],[-99.175765,19.674717],[-99.175766,19.674711],[-99.175766,19.674705],[-99.175767,19.674699],[-99.175767,19.674694],[-99.175768,19.674688],[-99.175768,19.674682],[-99.175769,19.674676],[-99.175769,19.674671]]}},{"type":"Feature","properties":{"Name":"Polyline [2BA2]:0","altitudeMode":"relativeToGround","tessellate":"-1","visibility":"-1","id_2":"2"},"geometry":{"type":"LineString","coordinates":[[-99.175769,19.674671],[-99.175769,19.674666],[-99.17577,19.67466],[-99.17577,19.674655],[-99.175771,19.67465],[-99.175771,19.674645],[-99.175772,19.67464],[-99.175772,19.674635],[-99.175772,19.67463],[-99.175773,19.674624]]}},{"type":"Feature","properties":{"Name":"Polyline [2BA2]:0","altitudeMode":"relativeToGround","tessellate":"-1","visibility":"-1","id_2":"2"},"geometry":{"type":"LineString","coordinates":[[-99.175773,19.674624],[-99.175773,19.674619],[-99.175774,19.674613],[-99.175774,19.674607],[-99.175775,19.674601],[-99.175775,19.674595],[-99.175776,19.674589],[-99.175776,19.674583],[-99.175777,19.674578],[-99.175777,19.674572]]}},{"type":"Feature","properties":{"Name":"Polyline [2BA2]:0","altitudeMode":"relativeToGround","tessellate":"-1","visibility":"-1","id_2":"2"},"geometry":{"type":"LineString","coordinates":[[-99.175777,19.674572],[-99.175778,19.674567],[-99.175778,19.674562],[-99.175779,19.674557],[-99.175779,19.674552],[-99.175779,19.674547],[-99.17578,19.674542],[-99.17578,19.674538],[-99.175781,19.674533],[-99.175781,19.674528]]}},{"type":"Feature","properties":{"Name":"Polyline [2BA2]:0","altitudeMode":"relativeToGround","tessellate":"-1","visibility":"-1","id_2":"2"},"geometry":{"type":"LineString","coordinates":[[-99.175781,19.674528],[-99.175782,19.674522],[-99.175782,19.674516],[-99.175783,19.674509],[-99.175783,19.674503],[-99.175784,19.674497],[-99.175784,19.674491],[-99.175785,19.674485],[-99.175785,19.674479],[-99.175786,19.674473]]}},{"type":"Feature","properties":{"Name":"Polyline [2BA2]:0","altitudeMode":"relativeToGround","tessellate":"-1","visibility":"-1","id_2":"2"},"geometry":{"type":"LineString","coordinates":[[-99.175786,19.674473],[-99.175786,19.674469],[-99.175786,19.674465],[-99.175787,19.674462],[-99.175787,19.674458],[-99.175787,19.674454],[-99.175788,19.674451],[-99.175788,19.674447],[-99.175788,19.674443],[-99.175789,19.67444]]}},{"type":"Feature","properties":{"Name":"Polyline [2BA2]:0","altitudeMode":"relativeToGround","tessellate":"-1","visibility":"-1","id_2":"2"},"geometry":{"type":"LineString","coordinates":[[-99.175789,19.67444],[-99.175789,19.674432],[-99.17579,19.674425],[-99.17579,19.674418],[-99.175791,19.67441],[-99.175792,19.674403],[-99.175792,19.674396],[-99.175793,19.674388],[-99.175794,19.674381],[-99.175794,19.674374]]}},{"type":"Feature","properties":{"Name":"Polyline [2BA2]:0","altitudeMode":"relativeToGround","tessellate":"-1","visibility":"-1","id_2":"2"},"geometry":{"type":"LineString","coordinates":[[-99.176074,19.671139],[-99.176079,19.671083],[-99.176084,19.671026],[-99.176088,19.67097],[-99.176093,19.670914],[-99.176098,19.670858],[-99.176103,19.670801],[-99.176108,19.670745],[-99.176112,19.670689],[-99.176117,19.670632]]}},{"type":"Feature","properties":{"Name":"Polyline [2BA2]:0","altitudeMode":"relativeToGround","tessellate":"-1","visibility":"-1","id_2":"2"},"geometry":{"type":"LineString","coordinates":[[-99.176256,19.668983],[-99.176257,19.66898],[-99.176257,19.668978],[-99.176257,19.668976],[-99.176257,19.668973],[-99.176257,19.668971],[-99.176258,19.668968],[-99.176258,19.668966],[-99.176258,19.668964],[-99.176258,19.668961]]}},{"type":"Feature","properties":{"Name":"Polyline [2BA2]:0","altitudeMode":"relativeToGround","tessellate":"-1","visibility":"-1","id_2":"2"},"geometry":{"type":"LineString","coordinates":[[-99.176258,19.668961],[-99.176258,19.66896],[-99.176258,19.668959],[-99.176258,19.668958],[-99.176259,19.668956],[-99.176259,19.668955],[-99.176259,19.668954],[-99.176259,19.668953],[-99.176259,19.668952],[-99.176259,19.66895]]}},{"type":"Feature","properties":{"Name":"Polyline [2BA2]:0","altitudeMode":"relativeToGround","tessellate":"-1","visibility":"-1","id_2":"2"},"geometry":{"type":"LineString","coordinates":[[-99.176259,19.66895],[-99.176259,19.668948],[-99.176259,19.668946],[-99.17626,19.668944],[-99.17626,19.668942],[-99.17626,19.66894],[-99.17626,19.668938],[-99.17626,19.668936],[-99.17626,19.668934],[-99.176261,19.668932]]}},{"type":"Feature","properties":{"Name":"Polyline [2BA2]:0","altitudeMode":"relativeToGround","tessellate":"-1","visibility":"-1","id_2":"2"},"geometry":{"type":"LineString","coordinates":[[-99.176261,19.668932],[-99.176262,19.668917],[-99.176263,19.668902],[-99.176264,19.668887],[-99.176265,19.668871],[-99.176267,19.668856],[-99.176268,19.668841],[-99.176269,19.668826],[-99.17627,19.668811],[-99.176272,19.668795]]}},{"type":"Feature","properties":{},"geometry":{"type":"LineString","coordinates":[[-99.282189,19.916577],[-99.282028,19.916362],[-99.265641,19.89452],[-99.264476,19.892967],[-99.264476,19.892967],[-99.264384,19.892844],[-99.264384,19.892844],[-99.264337,19.892783],[-99.264337,19.892783],[-99.26426,19.89268],[-99.26426,19.89268],[-99.264197,19.892598],[-99.264197,19.892598],[-99.264121,19.8925],[-99.264121,19.8925],[-99.264053,19.892414],[-99.264053,19.892414],[-99.263977,19.892318],[-99.263977,19.892318],[-99.263906,19.892231],[-99.263906,19.892231],[-99.263828,19.892137],[-99.263828,19.892137],[-99.263753,19.89205],[-99.263753,19.89205],[-99.26336,19.891628],[-99.262938,19.891232],[-99.262488,19.890863],[-99.262012,19.890525],[-99.261513,19.890219],[-99.260993,19.889945],[-99.260455,19.889705],[-99.2599,19.889501],[-99.259332,19.889333],[-99.258754,19.889202],[-99.258167,19.889109],[-99.257575,19.889053],[-99.257575,19.889053],[-99.257457,19.889047],[-99.257457,19.889047],[-99.257331,19.889041],[-99.257331,19.889041],[-99.257215,19.889038],[-99.257215,19.889038],[-99.257088,19.889035],[-99.257088,19.889035],[-99.256975,19.889033],[-99.256975,19.889033],[-99.256846,19.889032],[-99.256846,19.889032],[-99.256739,19.889032],[-99.256739,19.889032],[-99.256606,19.889032],[-99.256606,19.889032],[-99.256525,19.889032],[-99.256525,19.889032],[-99.256366,19.889033],[-99.254353,19.889045],[-99.254353,19.889045],[-99.253043,19.889052],[-99.252168,19.889057],[-99.252168,19.889057],[-99.252015,19.889058],[-99.252015,19.889058],[-99.251939,19.889058],[-99.251939,19.889058],[-99.251812,19.889058],[-99.251812,19.889058],[-99.251711,19.889058],[-99.251711,19.889058],[-99.251589,19.889058],[-99.251589,19.889058],[-99.251483,19.889057],[-99.251483,19.889057],[-99.251364,19.889055],[-99.251364,19.889055],[-99.251256,19.889053],[-99.251256,19.889053],[-99.251139,19.889049],[-99.251139,19.889049],[-99.25103,19.889045],[-99.25103,19.889045],[-99.250286,19.888991],[-99.249547,19.88889],[-99.248817,19.888744],[-99.248098,19.888552],[-99.247395,19.888315],[-99.24671,19.888035],[-99.246045,19.887713],[-99.245405,19.88735],[-99.245405,19.88735],[-99.245314,19.887294],[-99.245314,19.887294],[-99.245216,19.887232],[-99.245216,19.887232],[-99.245127,19.887175],[-99.245127,19.887175],[-99.245029,19.887111],[-99.245029,19.887111],[-99.244941,19.887054],[-99.244941,19.887054],[-99.244842,19.886988],[-99.244842,19.886988],[-99.244759,19.886933],[-99.244759,19.886933],[-99.244656,19.886863],[-99.244656,19.886863],[-99.244594,19.886821],[-99.244594,19.886821],[-99.24447,19.886737],[-99.244324,19.886638],[-99.244149,19.886518],[-99.243973,19.886399],[-99.243797,19.88628],[-99.243622,19.88616],[-99.243446,19.886041],[-99.24327,19.885922],[-99.243095,19.885802],[-99.242919,19.885683],[-99.242744,19.885564],[-99.242568,19.885444],[-99.242392,19.885325],[-99.242217,19.885206],[-99.242041,19.885086],[-99.241865,19.884967],[-99.24169,19.884848],[-99.241514,19.884728],[-99.241338,19.884609],[-99.241163,19.88449],[-99.240987,19.88437],[-99.240811,19.884251],[-99.240636,19.884132],[-99.24046,19.884012],[-99.240285,19.883893],[-99.240109,19.883774],[-99.239933,19.883654],[-99.239758,19.883535],[-99.239582,19.883416],[-99.239406,19.883296],[-99.239231,19.883177],[-99.239055,19.883058],[-99.238879,19.882938],[-99.238704,19.882819],[-99.238528,19.8827],[-99.238353,19.88258],[-99.238177,19.882461],[-99.238001,19.882342],[-99.237826,19.882222],[-99.23765,19.882103],[-99.237474,19.881984],[-99.2373,19.881865],[-99.237126,19.881745],[-99.236955,19.881624],[-99.236787,19.881501],[-99.236623,19.881375],[-99.236463,19.881245],[-99.236307,19.881111],[-99.236156,19.880973],[-99.236008,19.88083],[-99.235865,19.880684],[-99.235782,19.880617],[-99.235565,19.880455],[-99.232366,19.876292],[-99.231835,19.875533],[-99.231746,19.875432],[-99.231601,19.875274],[-99.231452,19.87512],[-99.231299,19.874969],[-99.231143,19.874822],[-99.230983,19.874678],[-99.230819,19.874538],[-99.230652,19.874402],[-99.230483,19.87427],[-99.230313,19.87414],[-99.230142,19.874012],[-99.229971,19.873886],[-99.2298,19.87376],[-99.229629,19.873635],[-99.229458,19.87351],[-99.229287,19.873385],[-99.229116,19.873259],[-99.228944,19.873134],[-99.22877,19.873009],[-99.228594,19.872886],[-99.228417,19.872765],[-99.228237,19.872646],[-99.228057,19.87253],[-99.227876,19.872416],[-99.227695,19.872303],[-99.227515,19.87219],[-99.227334,19.872077],[-99.227154,19.871965],[-99.226974,19.871852],[-99.226795,19.871739],[-99.226618,19.871625],[-99.226442,19.87151],[-99.226269,19.871393],[-99.226099,19.871272],[-99.225931,19.871149],[-99.225766,19.871022],[-99.225604,19.870893],[-99.225444,19.87076],[-99.225286,19.870624],[-99.225131,19.870486],[-99.224977,19.870345],[-99.224824,19.870203],[-99.224671,19.870059],[-99.224519,19.869915],[-99.224366,19.86977],[-99.224215,19.869625],[-99.224064,19.86948],[-99.223914,19.869333],[-99.223764,19.869186],[-99.223614,19.869039],[-99.223464,19.868892],[-99.223314,19.868745],[-99.223166,19.868598],[-99.223019,19.86845],[-99.222874,19.868302],[-99.222734,19.868151],[-99.222598,19.867998],[-99.222467,19.867842],[-99.22234,19.867683],[-99.222218,19.86752],[-99.222102,19.867354],[-99.22199,19.867185],[-99.221884,19.867013],[-99.221782,19.866837],[-99.221683,19.866659],[-99.221587,19.866478],[-99.221493,19.866296],[-99.221399,19.866112],[-99.221305,19.865928],[-99.221211,19.865743],[-99.221117,19.865559],[-99.221023,19.865375],[-99.220929,19.865191],[-99.220834,19.865006],[-99.220737,19.864821],[-99.220638,19.864636],[-99.220535,19.864453],[-99.220428,19.86427],[-99.220316,19.86409],[-99.220199,19.863913],[-99.220076,19.863738],[-99.219949,19.863567],[-99.219818,19.863398],[-99.219681,19.863234],[-99.21954,19.863072],[-99.219395,19.862915],[-99.219246,19.862761],[-99.219095,19.862611],[-99.218942,19.862463],[-99.218789,19.862317],[-99.218635,19.862172],[-99.218482,19.862028],[-99.218328,19.861884],[-99.218175,19.86174],[-99.218021,19.861596],[-99.217928,19.861509],[-99.21731,19.861081],[-99.21731,19.861081],[-99.217081,19.860848],[-99.217081,19.860848],[-99.216699,19.860446],[-99.216699,19.860446],[-99.216653,19.860394],[-99.216602,19.860323],[-99.216468,19.860166],[-99.216338,19.860007],[-99.216211,19.859846],[-99.216088,19.859682],[-99.215967,19.859517],[-99.215906,19.859429],[-99.215906,19.859429],[-99.215688,19.8591],[-99.215482,19.858764],[-99.215482,19.858764],[-99.215123,19.858099],[-99.214803,19.857416],[-99.214803,19.857416],[-99.214474,19.856669],[-99.214474,19.856669],[-99.21426,19.85619],[-99.21426,19.85619],[-99.21426,19.856189],[-99.21426,19.856189],[-99.213783,19.855113],[-99.211831,19.850708],[-99.211831,19.850708],[-99.210986,19.848884],[-99.210986,19.848884],[-99.210603,19.848165],[-99.210603,19.848165],[-99.21012,19.847348],[-99.209605,19.846549],[-99.20781,19.843817],[-99.206326,19.841561],[-99.205712,19.840623],[-99.205712,19.840623],[-99.205475,19.840262],[-99.203662,19.837503],[-99.203662,19.837503],[-99.203612,19.837427],[-99.203612,19.837427],[-99.203586,19.837389],[-99.203586,19.837389],[-99.203545,19.837325],[-99.203545,19.837325],[-99.203512,19.837274],[-99.203512,19.837274],[-99.203472,19.837213],[-99.203472,19.837213],[-99.203438,19.837159],[-99.203438,19.837159],[-99.2034,19.837099],[-99.2034,19.837099],[-99.203366,19.837044],[-99.203366,19.837044],[-99.20333,19.836984],[-99.20333,19.836984],[-99.203297,19.836928],[-99.203297,19.836928],[-99.203102,19.836577],[-99.202928,19.836217],[-99.202928,19.836217],[-99.202902,19.836158],[-99.202902,19.836158],[-99.202874,19.836094],[-99.202874,19.836094],[-99.202849,19.836035],[-99.202849,19.836035],[-99.202822,19.83597],[-99.202822,19.83597],[-99.202798,19.835912],[-99.202798,19.835912],[-99.202771,19.835845],[-99.202771,19.835845],[-99.202749,19.835789],[-99.202749,19.835789],[-99.202721,19.835718],[-99.202721,19.835718],[-99.202704,19.835676],[-99.202704,19.835676],[-99.202671,19.835592],[-99.201822,19.83343],[-99.201822,19.83343],[-99.201785,19.833334],[-99.201785,19.833334],[-99.201766,19.833286],[-99.201766,19.833286],[-99.201734,19.833206],[-99.201734,19.833206],[-99.201709,19.833142],[-99.201709,19.833142],[-99.201678,19.833065],[-99.201678,19.833065],[-99.201651,19.832998],[-99.201651,19.832998],[-99.201621,19.832922],[-99.201621,19.832922],[-99.201593,19.832854],[-99.201593,19.832854],[-99.201563,19.832779],[-99.201563,19.832779],[-99.201534,19.83271],[-99.201534,19.83271],[-99.201199,19.831939],[-99.201199,19.831939],[-99.201167,19.831871],[-99.201167,19.831871],[-99.201133,19.831798],[-99.201133,19.831798],[-99.201102,19.83173],[-99.201102,19.83173],[-99.201067,19.831657],[-99.201067,19.831657],[-99.201036,19.831591],[-99.201036,19.831591],[-99.201,19.831516],[-99.201,19.831516],[-99.20097,19.831454],[-99.20097,19.831454],[-99.200933,19.831376],[-99.200933,19.831376],[-99.200911,19.831329],[-99.200911,19.831329],[-99.200866,19.831236],[-99.19822,19.825725],[-99.19822,19.825725],[-99.198105,19.825483],[-99.198105,19.825483],[-99.198047,19.825363],[-99.198047,19.825363],[-99.197951,19.825162],[-99.197951,19.825162],[-99.197875,19.825001],[-99.197875,19.825001],[-99.197784,19.824807],[-99.197784,19.824807],[-99.197706,19.824638],[-99.197706,19.824638],[-99.197619,19.824448],[-99.197619,19.824448],[-99.197541,19.824274],[-99.197541,19.824274],[-99.197457,19.824085],[-99.197457,19.824085],[-99.197381,19.823909],[-99.197078,19.823163],[-99.197137,19.823143],[-99.197137,19.823143],[-99.197043,19.822896],[-99.197043,19.822896],[-99.196662,19.821784],[-99.196662,19.821784],[-99.196614,19.821627],[-99.196614,19.821627],[-99.196562,19.821457],[-99.196562,19.821457],[-99.196516,19.821301],[-99.196516,19.821301],[-99.196466,19.821128],[-99.196466,19.821128],[-99.196422,19.820974],[-99.196422,19.820974],[-99.196373,19.820798],[-99.196373,19.820798],[-99.196332,19.820651],[-99.196332,19.820651],[-99.196281,19.820466],[-99.196281,19.820466],[-99.196251,19.820356],[-99.196251,19.820356],[-99.196191,19.820134],[-99.195788,19.818654],[-99.195788,19.818654],[-99.19569,19.818293],[-99.193635,19.810728],[-99.193635,19.810728],[-99.193547,19.810403],[-99.192271,19.805698],[-99.192271,19.805698],[-99.192146,19.805237],[-99.190983,19.800966],[-99.190886,19.800608],[-99.190842,19.800445],[-99.190794,19.800268],[-99.190711,19.799962],[-99.19063,19.799667],[-99.190584,19.799497],[-99.190533,19.799309],[-99.190477,19.799098],[-99.19042,19.798894],[-99.190366,19.798693],[-99.190332,19.798566],[-99.190259,19.798301],[-99.190203,19.798092],[-99.190164,19.797947],[-99.190124,19.797805],[-99.19009,19.79768],[-99.190061,19.797573],[-99.190024,19.797434],[-99.189988,19.797304],[-99.189946,19.797148],[-99.18991,19.797017],[-99.189871,19.796872],[-99.189828,19.796715],[-99.189581,19.795803],[-99.189402,19.795145],[-99.189148,19.794208],[-99.188982,19.7936],[-99.188788,19.792886],[-99.188661,19.792419],[-99.188383,19.79139],[-99.188383,19.79139],[-99.188378,19.791371],[-99.188378,19.791371],[-99.188198,19.790717],[-99.187335,19.787541],[-99.187335,19.787541],[-99.187231,19.787161],[-99.185777,19.781807],[-99.185777,19.781807],[-99.185629,19.781261],[-99.185282,19.779975]]}},{"type":"Feature","properties":{},"geometry":{"type":"LineString","coordinates":[[-99.184994,19.780044],[-99.185036,19.7802],[-99.18509,19.780398],[-99.185143,19.780597],[-99.185197,19.780795],[-99.185251,19.780993],[-99.185305,19.781191],[-99.185359,19.781389],[-99.185412,19.781587],[-99.185466,19.781785],[-99.18552,19.781983],[-99.185574,19.782182],[-99.185628,19.78238],[-99.185682,19.782578],[-99.185735,19.782776],[-99.185789,19.782974],[-99.185843,19.783172],[-99.185897,19.78337],[-99.185951,19.783568],[-99.186005,19.783767],[-99.186059,19.783965],[-99.186112,19.784163],[-99.186166,19.784361],[-99.18622,19.784559],[-99.186274,19.784757],[-99.186328,19.784955],[-99.186382,19.785153],[-99.186435,19.785351],[-99.186489,19.78555],[-99.186543,19.785748],[-99.186597,19.785946],[-99.186651,19.786144],[-99.186705,19.786342],[-99.186758,19.78654],[-99.186812,19.786738],[-99.186866,19.786936],[-99.18692,19.787135],[-99.186974,19.787333],[-99.187028,19.787531],[-99.187081,19.787729],[-99.187135,19.787927],[-99.187189,19.788125],[-99.187243,19.788323],[-99.187298,19.788521],[-99.187352,19.78872],[-99.187406,19.788918],[-99.18746,19.789116],[-99.187514,19.789314],[-99.187568,19.789512],[-99.187621,19.78971],[-99.187675,19.789908],[-99.187729,19.790106],[-99.187783,19.790304],[-99.187837,19.790502],[-99.187891,19.7907],[-99.187945,19.790898],[-99.187998,19.791097],[-99.188052,19.791295],[-99.188106,19.791493],[-99.18816,19.791691],[-99.188214,19.791889],[-99.188268,19.792087],[-99.188322,19.792285],[-99.188375,19.792483],[-99.188429,19.792682],[-99.188483,19.79288],[-99.188537,19.793078],[-99.188591,19.793276],[-99.188645,19.793474],[-99.188699,19.793672],[-99.188752,19.79387],[-99.188806,19.794068],[-99.18886,19.794266],[-99.188914,19.794465],[-99.188968,19.794663],[-99.189022,19.794861],[-99.189076,19.795059],[-99.189129,19.795257],[-99.189183,19.795455],[-99.189237,19.795653],[-99.189291,19.795851],[-99.189345,19.79605],[-99.189399,19.796248],[-99.189452,19.796446],[-99.189506,19.796644],[-99.18956,19.796842],[-99.189615,19.79704],[-99.189669,19.797239],[-99.189723,19.797437],[-99.189778,19.797634],[-99.189832,19.797832],[-99.189887,19.79803],[-99.189941,19.798228],[-99.189996,19.798426],[-99.19005,19.798624],[-99.190104,19.798822],[-99.190159,19.79902],[-99.190213,19.799218],[-99.190268,19.799416],[-99.190322,19.799614],[-99.190377,19.799812],[-99.190431,19.80001],[-99.190485,19.800208],[-99.19054,19.800406],[-99.190594,19.800604],[-99.190649,19.800802],[-99.190703,19.801],[-99.190758,19.801198],[-99.190812,19.801396],[-99.190866,19.801594],[-99.190921,19.801792],[-99.190975,19.80199],[-99.19103,19.802188],[-99.191084,19.802386],[-99.191139,19.802584],[-99.191193,19.802782],[-99.191247,19.80298],[-99.191302,19.803178],[-99.191356,19.803376],[-99.191411,19.803574],[-99.191465,19.803772],[-99.19152,19.80397],[-99.191574,19.804168],[-99.191628,19.804366],[-99.191683,19.804564],[-99.191737,19.804762],[-99.191792,19.80496],[-99.191846,19.805158],[-99.191901,19.805356],[-99.191955,19.805554],[-99.192009,19.805752],[-99.192064,19.80595],[-99.192118,19.806148],[-99.192173,19.806346],[-99.192227,19.806543],[-99.192282,19.806741],[-99.192336,19.806939],[-99.192391,19.807137],[-99.192445,19.807335],[-99.192499,19.807533],[-99.192554,19.807731],[-99.192608,19.807929],[-99.192663,19.808127],[-99.192717,19.808325],[-99.192772,19.808523],[-99.192826,19.808721],[-99.19288,19.808919],[-99.192935,19.809117],[-99.192989,19.809315],[-99.193044,19.809513],[-99.193098,19.809711],[-99.193153,19.809909],[-99.193207,19.810107],[-99.193261,19.810305],[-99.193316,19.810503],[-99.19337,19.810701],[-99.193425,19.810899],[-99.193479,19.811097],[-99.193534,19.811295],[-99.193588,19.811493],[-99.193642,19.811691],[-99.193696,19.811889],[-99.19375,19.812087],[-99.193803,19.812285],[-99.193857,19.812483],[-99.193911,19.812681],[-99.193964,19.812879],[-99.194018,19.813077],[-99.194071,19.813275],[-99.194123,19.813473],[-99.194175,19.813671],[-99.194226,19.81387],[-99.194278,19.814068],[-99.194329,19.814267],[-99.194381,19.814466],[-99.194432,19.814664],[-99.194483,19.814863],[-99.194535,19.815062],[-99.194586,19.815261],[-99.194638,19.815459],[-99.19469,19.815658],[-99.194743,19.815857],[-99.194796,19.816056],[-99.19485,19.816254],[-99.194903,19.816452],[-99.194956,19.816651],[-99.195009,19.816849],[-99.195063,19.817047],[-99.195116,19.817245],[-99.195169,19.817444],[-99.195223,19.817642],[-99.195276,19.81784],[-99.195329,19.818038],[-99.195383,19.818237],[-99.195436,19.818435],[-99.195489,19.818633],[-99.195543,19.818831],[-99.195596,19.81903],[-99.195649,19.819228],[-99.195702,19.819426],[-99.195756,19.819624],[-99.195809,19.819823],[-99.195862,19.820021],[-99.195916,19.820219],[-99.195969,19.820418],[-99.196022,19.820616],[-99.196076,19.820815],[-99.196131,19.821014],[-99.196188,19.821213],[-99.196247,19.821411],[-99.196307,19.821608],[-99.196368,19.821805],[-99.196429,19.822002],[-99.196492,19.822199],[-99.196555,19.822395],[-99.196619,19.822591],[-99.196684,19.822787],[-99.196751,19.822983],[-99.196819,19.82318],[-99.19689,19.823375],[-99.196963,19.82357],[-99.19704,19.823764],[-99.197118,19.823957],[-99.1972,19.824148],[-99.197282,19.824339],[-99.197366,19.824528],[-99.19745,19.824718],[-99.197536,19.824907],[-99.197623,19.825095],[-99.19771,19.825283],[-99.197799,19.82547],[-99.197888,19.825657],[-99.197977,19.825844],[-99.198067,19.82603],[-99.198156,19.826216],[-99.198245,19.826403],[-99.198335,19.826589],[-99.198424,19.826775],[-99.198514,19.826961],[-99.198603,19.827148],[-99.198692,19.827334],[-99.198782,19.82752],[-99.198871,19.827707],[-99.198961,19.827893],[-99.19905,19.828079],[-99.199139,19.828265],[-99.199229,19.828452],[-99.199318,19.828638],[-99.199408,19.828824],[-99.199497,19.82901],[-99.199586,19.829197],[-99.199676,19.829383],[-99.199765,19.829569],[-99.199855,19.829755],[-99.199918,19.829885],[-99.199992,19.829854],[-99.199992,19.829854],[-99.200808,19.831578],[-99.200822,19.831572],[-99.200856,19.831646],[-99.200984,19.831904],[-99.201148,19.832262],[-99.201129,19.832269],[-99.201475,19.833112],[-99.201453,19.83312],[-99.201594,19.833511],[-99.201899,19.834337],[-99.202407,19.83565],[-99.202462,19.835802],[-99.202539,19.835995],[-99.202619,19.836188],[-99.202704,19.836381],[-99.202795,19.836572],[-99.202892,19.836761],[-99.202994,19.836947],[-99.2031,19.83713],[-99.203212,19.83731],[-99.203325,19.837486],[-99.20344,19.837661],[-99.203554,19.837835],[-99.203668,19.838008],[-99.203782,19.838182],[-99.203897,19.838356],[-99.204011,19.83853],[-99.204125,19.838703],[-99.204239,19.838877],[-99.204353,19.839051],[-99.204468,19.839224],[-99.204582,19.839398],[-99.204696,19.839572],[-99.20481,19.839745],[-99.204924,19.839919],[-99.205039,19.840093],[-99.205153,19.840267],[-99.205267,19.84044],[-99.205381,19.840614],[-99.205495,19.840788],[-99.205622,19.840959],[-99.205734,19.841131],[-99.205852,19.841309],[-99.205956,19.841481],[-99.206066,19.841656],[-99.206181,19.84183],[-99.206295,19.842004],[-99.206409,19.842177],[-99.206523,19.842351],[-99.206637,19.842525],[-99.206752,19.842698],[-99.206866,19.842872],[-99.20698,19.843046],[-99.207094,19.843219],[-99.207208,19.843393],[-99.207323,19.843567],[-99.207437,19.843741],[-99.207551,19.843914],[-99.207665,19.844088],[-99.207779,19.844262],[-99.207894,19.844435],[-99.208008,19.844609],[-99.208122,19.844783],[-99.208236,19.844956],[-99.20835,19.84513],[-99.208465,19.845304],[-99.208579,19.845478],[-99.208693,19.845651],[-99.208807,19.845825],[-99.208921,19.845999],[-99.209036,19.846172],[-99.20915,19.846346],[-99.209264,19.84652],[-99.209378,19.846693],[-99.209492,19.846867],[-99.209606,19.84704],[-99.209718,19.847214],[-99.209829,19.847388],[-99.209937,19.847563],[-99.210044,19.847738],[-99.210149,19.847915],[-99.210253,19.848093],[-99.210354,19.848271],[-99.210454,19.848451],[-99.210552,19.848632],[-99.210648,19.848813],[-99.210742,19.848995],[-99.210834,19.849178],[-99.210924,19.849362],[-99.211013,19.849547],[-99.211099,19.849733],[-99.211184,19.849919],[-99.211268,19.850107],[-99.211352,19.850295],[-99.211435,19.850484],[-99.211519,19.850672],[-99.211603,19.850861],[-99.211686,19.85105],[-99.21177,19.851238],[-99.211853,19.851427],[-99.211937,19.851616],[-99.212021,19.851804],[-99.212104,19.851993],[-99.212188,19.852182],[-99.212272,19.85237],[-99.212355,19.852559],[-99.212439,19.852748],[-99.212522,19.852936],[-99.212606,19.853125],[-99.21269,19.853313],[-99.212773,19.853502],[-99.212857,19.853691],[-99.21294,19.853879],[-99.213024,19.854068],[-99.213108,19.854257],[-99.213191,19.854445],[-99.213275,19.854634],[-99.213358,19.854823],[-99.213442,19.855011],[-99.213526,19.8552],[-99.213609,19.855389],[-99.213693,19.855577],[-99.213777,19.855766],[-99.21386,19.855955],[-99.213944,19.856143],[-99.214027,19.856332],[-99.214111,19.856521],[-99.214195,19.856709],[-99.214278,19.856898],[-99.214362,19.857087],[-99.214446,19.857275],[-99.21453,19.857464],[-99.214615,19.857653],[-99.214701,19.857843],[-99.21479,19.858031],[-99.214882,19.858219],[-99.214978,19.858407],[-99.215077,19.858592],[-99.21518,19.858776],[-99.215428,19.859082],[-99.215481,19.859174],[-99.215551,19.859309],[-99.215646,19.859473],[-99.21575,19.859665],[-99.215874,19.859836],[-99.216002,19.860006],[-99.216133,19.860173],[-99.216268,19.860337],[-99.216406,19.860499],[-99.216547,19.860659],[-99.216691,19.860816],[-99.216838,19.86097],[-99.217042,19.861141],[-99.217042,19.861141],[-99.217316,19.861407],[-99.217316,19.861407],[-99.218141,19.862186],[-99.218141,19.862186],[-99.218673,19.862693],[-99.218673,19.862693],[-99.219117,19.863136],[-99.219117,19.863136],[-99.219427,19.863481],[-99.219714,19.863842],[-99.219977,19.864221],[-99.219977,19.864221],[-99.220189,19.864569],[-99.220386,19.864926],[-99.220386,19.864926],[-99.220516,19.865171],[-99.220516,19.865171],[-99.220989,19.866097],[-99.221055,19.866269],[-99.221149,19.866454],[-99.221245,19.866639],[-99.221343,19.866824],[-99.221445,19.867008],[-99.221551,19.867191],[-99.221663,19.867372],[-99.221781,19.86755],[-99.221903,19.867724],[-99.222031,19.867896],[-99.222164,19.868063],[-99.222302,19.868227],[-99.222445,19.868387],[-99.222591,19.868544],[-99.222739,19.868696],[-99.222888,19.868847],[-99.223039,19.868995],[-99.223189,19.869143],[-99.223339,19.86929],[-99.223489,19.869437],[-99.22364,19.869585],[-99.223791,19.869732],[-99.223943,19.869879],[-99.224095,19.870025],[-99.224248,19.87017],[-99.224401,19.870315],[-99.224555,19.87046],[-99.22471,19.870604],[-99.224867,19.870748],[-99.225027,19.87089],[-99.225189,19.871029],[-99.225354,19.871167],[-99.225522,19.871301],[-99.225693,19.871432],[-99.225867,19.87156],[-99.226043,19.871684],[-99.226222,19.871805],[-99.226401,19.871923],[-99.226582,19.872039],[-99.226763,19.872153],[-99.226943,19.872266],[-99.227124,19.872379],[-99.227304,19.872492],[-99.227484,19.872605],[-99.227665,19.872717],[-99.227844,19.87283],[-99.228021,19.872944],[-99.228196,19.87306],[-99.228369,19.873178],[-99.228541,19.873298],[-99.228712,19.873421],[-99.228882,19.873545],[-99.229053,19.87367],[-99.229224,19.873796],[-99.229395,19.873921],[-99.229566,19.874046],[-99.229736,19.874171],[-99.229906,19.874296],[-99.230075,19.874422],[-99.230241,19.874549],[-99.230405,19.874678],[-99.230566,19.874809],[-99.230723,19.874944],[-99.230877,19.875081],[-99.231027,19.875222],[-99.231173,19.875367],[-99.231316,19.875515],[-99.231455,19.875666],[-99.23159,19.87582],[-99.231722,19.875978],[-99.231852,19.876138],[-99.23198,19.8763],[-99.232107,19.876464],[-99.232234,19.876629],[-99.232361,19.876795],[-99.232488,19.876961],[-99.232614,19.877126],[-99.232741,19.877292],[-99.232868,19.877458],[-99.232995,19.877624],[-99.233122,19.877789],[-99.233248,19.877955],[-99.233375,19.878121],[-99.233502,19.878286],[-99.233629,19.878452],[-99.233756,19.878618],[-99.233882,19.878784],[-99.234009,19.878949],[-99.234136,19.879115],[-99.234263,19.879281],[-99.23439,19.879446],[-99.234516,19.879612],[-99.234643,19.879778],[-99.23477,19.879944],[-99.234898,19.88011],[-99.235027,19.880276],[-99.235159,19.880441],[-99.235295,19.880605],[-99.235435,19.880767],[-99.235581,19.880925],[-99.235731,19.881079],[-99.235886,19.881229],[-99.236046,19.881375],[-99.23621,19.881516],[-99.236378,19.881653],[-99.23655,19.881784],[-99.236724,19.881912],[-99.236899,19.882036],[-99.237075,19.882157],[-99.237251,19.882277],[-99.237427,19.882397],[-99.237603,19.882516],[-99.237778,19.882635],[-99.237954,19.882755],[-99.23813,19.882874],[-99.238305,19.882993],[-99.238481,19.883113],[-99.238657,19.883232],[-99.238832,19.883351],[-99.239008,19.883471],[-99.239183,19.88359],[-99.239359,19.883709],[-99.239535,19.883829],[-99.23971,19.883948],[-99.239886,19.884067],[-99.240062,19.884187],[-99.240237,19.884306],[-99.240413,19.884425],[-99.240589,19.884545],[-99.240764,19.884664],[-99.24094,19.884783],[-99.241115,19.884903],[-99.241291,19.885022],[-99.241467,19.885141],[-99.241642,19.885261],[-99.241818,19.88538],[-99.241994,19.885499],[-99.242169,19.885619],[-99.242345,19.885738],[-99.242521,19.885857],[-99.242696,19.885977],[-99.242872,19.886096],[-99.243048,19.886215],[-99.243223,19.886335],[-99.243399,19.886454],[-99.243574,19.886573],[-99.24375,19.886693],[-99.243926,19.886812],[-99.244101,19.886931],[-99.244247,19.88703],[-99.244247,19.88703],[-99.244371,19.887115],[-99.244371,19.887115],[-99.244434,19.887157],[-99.244434,19.887157],[-99.244538,19.887227],[-99.244538,19.887227],[-99.244622,19.887283],[-99.244622,19.887283],[-99.244722,19.88735],[-99.244722,19.88735],[-99.244811,19.887409],[-99.244811,19.887409],[-99.244911,19.887474],[-99.244911,19.887474],[-99.245003,19.887533],[-99.245003,19.887533],[-99.245104,19.887596],[-99.245104,19.887596],[-99.245198,19.887654],[-99.245198,19.887654],[-99.24586,19.888029],[-99.246547,19.888362],[-99.247255,19.888651],[-99.247982,19.888896],[-99.248725,19.889094],[-99.24948,19.889246],[-99.250244,19.88935],[-99.251013,19.889407],[-99.251013,19.889407],[-99.251126,19.889411],[-99.251126,19.889411],[-99.251246,19.889414],[-99.251246,19.889414],[-99.251357,19.889417],[-99.251357,19.889417],[-99.251479,19.889418],[-99.251479,19.889418],[-99.251587,19.889419],[-99.251587,19.889419],[-99.25171,19.88942],[-99.25171,19.88942],[-99.251813,19.88942],[-99.251813,19.88942],[-99.251941,19.889419],[-99.251941,19.889419],[-99.252017,19.889419],[-99.252017,19.889419],[-99.25217,19.889418],[-99.253045,19.889413],[-99.254355,19.889406],[-99.256368,19.889395],[-99.256368,19.889395],[-99.256527,19.889394],[-99.256527,19.889394],[-99.256607,19.889393],[-99.256607,19.889393],[-99.256739,19.889393],[-99.256739,19.889393],[-99.256844,19.889394],[-99.256844,19.889394],[-99.25697,19.889395],[-99.25697,19.889395],[-99.257081,19.889396],[-99.257081,19.889396],[-99.257204,19.889399],[-99.257204,19.889399],[-99.257316,19.889403],[-99.257316,19.889403],[-99.257438,19.889408],[-99.257438,19.889408],[-99.25755,19.889414],[-99.25755,19.889414],[-99.258117,19.889467],[-99.258678,19.889556],[-99.259231,19.889681],[-99.259774,19.889842],[-99.260304,19.890037],[-99.260819,19.890266],[-99.261316,19.890528],[-99.261793,19.890821],[-99.262248,19.891145],[-99.262678,19.891497],[-99.263082,19.891876],[-99.263458,19.89228],[-99.263458,19.89228],[-99.263529,19.892363],[-99.263529,19.892363],[-99.263605,19.892453],[-99.263605,19.892453],[-99.263673,19.892537],[-99.263673,19.892537],[-99.263747,19.89263],[-99.263747,19.89263],[-99.263813,19.892714],[-99.263813,19.892714],[-99.263888,19.89281],[-99.263888,19.89281],[-99.263949,19.892891],[-99.263949,19.892891],[-99.264026,19.892993],[-99.264026,19.892993],[-99.264072,19.893054],[-99.264072,19.893054],[-99.264164,19.893176],[-99.265329,19.89473],[-99.281717,19.916571],[-99.281878,19.916786]]}},{"type":"Feature","properties":{},"geometry":{"type":"LineString","coordinates":[[-99.339078,20.070731],[-99.339054,20.070708],[-99.339054,20.070708],[-99.338994,20.07065],[-99.338994,20.07065],[-99.338946,20.070603],[-99.338946,20.070603],[-99.338888,20.070548],[-99.338888,20.070548],[-99.338837,20.0705],[-99.338837,20.0705],[-99.338779,20.070446],[-99.338779,20.070446],[-99.338726,20.070397],[-99.338726,20.070397],[-99.338667,20.070344],[-99.338667,20.070344],[-99.338612,20.070295],[-99.338612,20.070295],[-99.33824,20.06999],[-99.337847,20.069709],[-99.337435,20.069454],[-99.337006,20.069225],[-99.336562,20.069024],[-99.336104,20.068851],[-99.336104,20.068851],[-99.336033,20.068827],[-99.336033,20.068827],[-99.335956,20.068802],[-99.335956,20.068802],[-99.335886,20.06878],[-99.335886,20.06878],[-99.335808,20.068756],[-99.335808,20.068756],[-99.335739,20.068735],[-99.335739,20.068735],[-99.335661,20.068712],[-99.335661,20.068712],[-99.335595,20.068693],[-99.335595,20.068693],[-99.335513,20.068669],[-99.335513,20.068669],[-99.335464,20.068655],[-99.335464,20.068655],[-99.335366,20.068627],[-99.335366,20.068627],[-99.33272,20.067872],[-99.331225,20.067547],[-99.330827,20.067438],[-99.330339,20.067301],[-99.329876,20.067167],[-99.328759,20.066857],[-99.327652,20.066538],[-99.327387,20.066462],[-99.327057,20.066369],[-99.326578,20.066224],[-99.326349,20.066155],[-99.325883,20.066002],[-99.325329,20.065763],[-99.324807,20.065484],[-99.324392,20.065221],[-99.324106,20.065022],[-99.323749,20.064733],[-99.323535,20.06455],[-99.323373,20.064403],[-99.323261,20.06428],[-99.323013,20.064021],[-99.322749,20.063681],[-99.322579,20.063438],[-99.322401,20.06315],[-99.322369,20.063169],[-99.322273,20.063009],[-99.322158,20.062801],[-99.322045,20.062585],[-99.321876,20.062211],[-99.321745,20.061884],[-99.321745,20.061884],[-99.321675,20.0617],[-99.321614,20.061514],[-99.321563,20.061324],[-99.321449,20.060849],[-99.321322,20.06025],[-99.321227,20.059708],[-99.321143,20.059269],[-99.321056,20.05879],[-99.320951,20.058276],[-99.320879,20.057757],[-99.320831,20.057562],[-99.320741,20.057234],[-99.320613,20.05685],[-99.320398,20.056339],[-99.320223,20.055986],[-99.319953,20.055535],[-99.319953,20.055535],[-99.319811,20.055317],[-99.319661,20.055104],[-99.319577,20.054987],[-99.319467,20.05495],[-99.319202,20.054619],[-99.319254,20.054585],[-99.318735,20.053984],[-99.318469,20.053658],[-99.318147,20.053287],[-99.317971,20.053072],[-99.317919,20.053112],[-99.317406,20.052464],[-99.317271,20.052279],[-99.317062,20.052018],[-99.316775,20.051666],[-99.316613,20.05143],[-99.316575,20.051456],[-99.316102,20.050892],[-99.315741,20.050474],[-99.31522,20.049864],[-99.315287,20.049813],[-99.315222,20.04974],[-99.315058,20.04956],[-99.314589,20.049006],[-99.314589,20.049006],[-99.314403,20.048732],[-99.314235,20.048448],[-99.314086,20.048154],[-99.314086,20.048154],[-99.313958,20.047874],[-99.313847,20.047587],[-99.313847,20.047587],[-99.313742,20.04728],[-99.313655,20.046967],[-99.313588,20.046651],[-99.313588,20.046651],[-99.313516,20.046261],[-99.313467,20.045868],[-99.313441,20.045473],[-99.313441,20.045473],[-99.313417,20.044625],[-99.313474,20.044623],[-99.313469,20.044424],[-99.313412,20.044426],[-99.313397,20.043443],[-99.31339,20.043135],[-99.313355,20.041429],[-99.313344,20.041134],[-99.313405,20.041133],[-99.313405,20.041133],[-99.313397,20.040796],[-99.313397,20.040796],[-99.3134,20.040213],[-99.313416,20.039921],[-99.313416,20.039921],[-99.31346,20.039503],[-99.313313,20.038416],[-99.313029,20.024755],[-99.313029,20.024755],[-99.313025,20.024586],[-99.313025,20.024586],[-99.313023,20.024502],[-99.313023,20.024502],[-99.31302,20.024361],[-99.31302,20.024361],[-99.313017,20.024248],[-99.313017,20.024248],[-99.313014,20.024113],[-99.313014,20.024113],[-99.313011,20.023994],[-99.313011,20.023994],[-99.313006,20.023861],[-99.313006,20.023861],[-99.313002,20.02374],[-99.313002,20.02374],[-99.312997,20.023608],[-99.312997,20.023608],[-99.312992,20.023485],[-99.312992,20.023485],[-99.31285,20.021717],[-99.312588,20.019961],[-99.312205,20.018225],[-99.312205,20.018225],[-99.312174,20.018106],[-99.312174,20.018106],[-99.31214,20.017978],[-99.31214,20.017978],[-99.312109,20.01786],[-99.312109,20.01786],[-99.312074,20.017731],[-99.312074,20.017731],[-99.312042,20.017616],[-99.312042,20.017616],[-99.312006,20.017485],[-99.312006,20.017485],[-99.311976,20.017376],[-99.311976,20.017376],[-99.311937,20.01724],[-99.311937,20.01724],[-99.311914,20.017159],[-99.311914,20.017159],[-99.311868,20.016996],[-99.305415,19.994169],[-99.305415,19.994169],[-99.305359,19.993972],[-99.305359,19.993972],[-99.305331,19.993873],[-99.305331,19.993873],[-99.305285,19.993708],[-99.305285,19.993708],[-99.305249,19.993577],[-99.305249,19.993577],[-99.305205,19.993419],[-99.305205,19.993419],[-99.305168,19.99328],[-99.305168,19.99328],[-99.305126,19.993125],[-99.305126,19.993125],[-99.30509,19.992984],[-99.30509,19.992984],[-99.30505,19.99283],[-99.30505,19.99283],[-99.305015,19.992688],[-99.305015,19.992688],[-99.304713,19.991234],[-99.304513,19.989765],[-99.304416,19.988286],[-99.304424,19.986805],[-99.304424,19.986805],[-99.304519,19.986924],[-99.304519,19.986924],[-99.304795,19.986728],[-99.304795,19.986728],[-99.304801,19.9866],[-99.304691,19.986593],[-99.304691,19.986593],[-99.304707,19.986306],[-99.304571,19.986297],[-99.304571,19.986297],[-99.304585,19.986092],[-99.304585,19.986092],[-99.304597,19.985946],[-99.304597,19.985946],[-99.30461,19.985788],[-99.30461,19.985788],[-99.304623,19.985643],[-99.304623,19.985643],[-99.304638,19.985484],[-99.304638,19.985484],[-99.304651,19.985354],[-99.30454,19.985253],[-99.30454,19.985253],[-99.304549,19.985162],[-99.304549,19.985162],[-99.304563,19.985026],[-99.304563,19.985026],[-99.304582,19.984857],[-99.304582,19.984857],[-99.304593,19.984755],[-99.304593,19.984755],[-99.304616,19.984551],[-99.30648,19.967709],[-99.30648,19.967709],[-99.306507,19.967469],[-99.306507,19.967469],[-99.30652,19.967349],[-99.30652,19.967349],[-99.306541,19.967149],[-99.306541,19.967149],[-99.306558,19.966988],[-99.306558,19.966988],[-99.306577,19.966795],[-99.306577,19.966795],[-99.306593,19.966626],[-99.306593,19.966626],[-99.30661,19.966436],[-99.30661,19.966436],[-99.306624,19.966263],[-99.306624,19.966263],[-99.306637,19.966074],[-99.306637,19.966074],[-99.306648,19.965899],[-99.306648,19.965899],[-99.306676,19.964726],[-99.306624,19.963555],[-99.306492,19.962389],[-99.306282,19.961233],[-99.305994,19.960093],[-99.305629,19.958972],[-99.305189,19.957876],[-99.305189,19.957876],[-99.305117,19.957714],[-99.305117,19.957714],[-99.305037,19.95754],[-99.305037,19.95754],[-99.304963,19.957381],[-99.304963,19.957381],[-99.30488,19.957207],[-99.30488,19.957207],[-99.304805,19.957053],[-99.304805,19.957053],[-99.304719,19.956877],[-99.304719,19.956877],[-99.304647,19.956731],[-99.304647,19.956731],[-99.304556,19.956549],[-99.304556,19.956549],[-99.304501,19.95644],[-99.304501,19.95644],[-99.304391,19.956223],[-99.290136,19.927945],[-99.290136,19.927945],[-99.290037,19.927749],[-99.290037,19.927749],[-99.289988,19.927651],[-99.289988,19.927651],[-99.289905,19.927487],[-99.289905,19.927487],[-99.289838,19.927357],[-99.289838,19.927357],[-99.289757,19.9272],[-99.289757,19.9272],[-99.289686,19.927063],[-99.289686,19.927063],[-99.289606,19.926909],[-99.289606,19.926909],[-99.289531,19.92677],[-99.289531,19.92677],[-99.289449,19.926619],[-99.289449,19.926619],[-99.289372,19.926478],[-99.289372,19.926478],[-99.288864,19.925614],[-99.288314,19.924774],[-99.288314,19.924774],[-99.288222,19.924642],[-99.288222,19.924642],[-99.288122,19.9245],[-99.288122,19.9245],[-99.288029,19.924371],[-99.288029,19.924371],[-99.287927,19.92423],[-99.287927,19.92423],[-99.287835,19.924104],[-99.287835,19.924104],[-99.28773,19.923961],[-99.28773,19.923961],[-99.287641,19.923843],[-99.287641,19.923843],[-99.287531,19.923695],[-99.287531,19.923695],[-99.287464,19.923606],[-99.287464,19.923606],[-99.287332,19.923429],[-99.282222,19.91662],[-99.28219,19.916578],[-99.281855,19.916756],[-99.28186,19.916762],[-99.28191,19.916829],[-99.28702,19.923638],[-99.28702,19.923638],[-99.287153,19.923815],[-99.287153,19.923815],[-99.287219,19.923903],[-99.287219,19.923903],[-99.287329,19.924051],[-99.287329,19.924051],[-99.287416,19.924169],[-99.287416,19.924169],[-99.287521,19.92431],[-99.287521,19.92431],[-99.287612,19.924435],[-99.287612,19.924435],[-99.287713,19.924575],[-99.287713,19.924575],[-99.287805,19.924702],[-99.287805,19.924702],[-99.287903,19.924842],[-99.287903,19.924842],[-99.287993,19.924972],[-99.287993,19.924972],[-99.288534,19.925798],[-99.289034,19.926647],[-99.289034,19.926647],[-99.28911,19.926785],[-99.28911,19.926785],[-99.28919,19.926934],[-99.28919,19.926934],[-99.289264,19.927071],[-99.289264,19.927071],[-99.289344,19.927223],[-99.289344,19.927223],[-99.289414,19.927359],[-99.289414,19.927359],[-99.289494,19.927514],[-99.289494,19.927514],[-99.28956,19.927644],[-99.28956,19.927644],[-99.289643,19.927807],[-99.289643,19.927807],[-99.289692,19.927904],[-99.289692,19.927904],[-99.289791,19.9281],[-99.304046,19.956378],[-99.304046,19.956378],[-99.304156,19.956596],[-99.304156,19.956596],[-99.30421,19.956704],[-99.30421,19.956704],[-99.304301,19.956885],[-99.304301,19.956885],[-99.304373,19.95703],[-99.304373,19.95703],[-99.304458,19.957205],[-99.304458,19.957205],[-99.304532,19.957357],[-99.304532,19.957357],[-99.304614,19.957529],[-99.304614,19.957529],[-99.304687,19.957685],[-99.304687,19.957685],[-99.304765,19.957856],[-99.304765,19.957856],[-99.304836,19.958015],[-99.304836,19.958015],[-99.305268,19.959089],[-99.305625,19.960188],[-99.305908,19.961306],[-99.306114,19.962439],[-99.306243,19.963582],[-99.306294,19.96473],[-99.306267,19.965879],[-99.306267,19.965879],[-99.306256,19.966051],[-99.306256,19.966051],[-99.306242,19.966237],[-99.306242,19.966237],[-99.306229,19.966407],[-99.306229,19.966407],[-99.306212,19.966595],[-99.306212,19.966595],[-99.306196,19.966762],[-99.306196,19.966762],[-99.306177,19.966954],[-99.306177,19.966954],[-99.306161,19.967113],[-99.306161,19.967113],[-99.30614,19.967312],[-99.30614,19.967312],[-99.306126,19.967432],[-99.306126,19.967432],[-99.3061,19.967671],[-99.304235,19.984514],[-99.304235,19.984514],[-99.304213,19.984718],[-99.304213,19.984718],[-99.304202,19.98482],[-99.304202,19.98482],[-99.304183,19.98499],[-99.304183,19.98499],[-99.304181,19.985005],[-99.304014,19.985208],[-99.304014,19.985208],[-99.304007,19.98528],[-99.304007,19.98528],[-99.303993,19.985423],[-99.303993,19.985423],[-99.303977,19.985584],[-99.303977,19.985584],[-99.303964,19.985731],[-99.303964,19.985731],[-99.303957,19.985811],[-99.303786,19.985799],[-99.303786,19.985799],[-99.303779,19.985879],[-99.303779,19.985879],[-99.303768,19.986028],[-99.303768,19.986028],[-99.303762,19.986113],[-99.303762,19.986113],[-99.304061,19.9864],[-99.304061,19.9864],[-99.304024,19.987682],[-99.304065,19.988964],[-99.304182,19.990242],[-99.304374,19.991512],[-99.304642,19.992769],[-99.304642,19.992769],[-99.304678,19.992914],[-99.304678,19.992914],[-99.304718,19.99307],[-99.304718,19.99307],[-99.304755,19.993213],[-99.304755,19.993213],[-99.304797,19.993369],[-99.304797,19.993369],[-99.304835,19.993509],[-99.304835,19.993509],[-99.304879,19.993668],[-99.304879,19.993668],[-99.304915,19.9938],[-99.304915,19.9938],[-99.304962,19.993966],[-99.304962,19.993966],[-99.30499,19.994065],[-99.30499,19.994065],[-99.305045,19.994263],[-99.311499,20.017089],[-99.311499,20.017089],[-99.311545,20.017252],[-99.311545,20.017252],[-99.311568,20.017333],[-99.311568,20.017333],[-99.311606,20.017469],[-99.311606,20.017469],[-99.311636,20.017577],[-99.311636,20.017577],[-99.311672,20.017708],[-99.311672,20.017708],[-99.311704,20.017821],[-99.311704,20.017821],[-99.311738,20.017949],[-99.311738,20.017949],[-99.31177,20.018066],[-99.31177,20.018066],[-99.311803,20.018192],[-99.311803,20.018192],[-99.311833,20.01831],[-99.311833,20.01831],[-99.312211,20.020023],[-99.31247,20.021756],[-99.31261,20.023501],[-99.31261,20.023501],[-99.312615,20.023622],[-99.312615,20.023622],[-99.31262,20.023752],[-99.31262,20.023752],[-99.312624,20.023872],[-99.312624,20.023872],[-99.312628,20.024004],[-99.312628,20.024004],[-99.312632,20.024122],[-99.312632,20.024122],[-99.312635,20.024256],[-99.312635,20.024256],[-99.312638,20.024369],[-99.312638,20.024369],[-99.312641,20.024509],[-99.312641,20.024509],[-99.312643,20.024593],[-99.312643,20.024593],[-99.312646,20.024762],[-99.312939,20.038835],[-99.312941,20.038914],[-99.312946,20.039118],[-99.312951,20.039323],[-99.312955,20.039527],[-99.31296,20.039732],[-99.312965,20.039936],[-99.31297,20.040141],[-99.312974,20.040345],[-99.312979,20.04055],[-99.312984,20.040754],[-99.312988,20.040959],[-99.312993,20.041163],[-99.312995,20.041294],[-99.312998,20.041435],[-99.312979,20.041436],[-99.312979,20.041436],[-99.313002,20.042545],[-99.313002,20.042545],[-99.313017,20.043272],[-99.313017,20.043272],[-99.312921,20.043274],[-99.312921,20.043274],[-99.312952,20.044673],[-99.312952,20.044673],[-99.313004,20.045845],[-99.313004,20.045845],[-99.31305,20.04627],[-99.313121,20.046693],[-99.313218,20.04711],[-99.313218,20.04711],[-99.313367,20.047595],[-99.313551,20.048068],[-99.313551,20.048068],[-99.313721,20.048433],[-99.313912,20.048789],[-99.314123,20.049135],[-99.314123,20.049135],[-99.314167,20.049113],[-99.31421,20.049089],[-99.314251,20.049063],[-99.314251,20.049063],[-99.314279,20.049105],[-99.314279,20.049105],[-99.314553,20.049484],[-99.314849,20.049847],[-99.315127,20.050175],[-99.315398,20.050494],[-99.3157,20.050851],[-99.316186,20.051424],[-99.316597,20.051907],[-99.316597,20.051907],[-99.316708,20.052033],[-99.316827,20.052152],[-99.317057,20.052374],[-99.317293,20.05262],[-99.317293,20.05262],[-99.317536,20.05293],[-99.317792,20.053231],[-99.318366,20.053901],[-99.318916,20.054542],[-99.319118,20.054774],[-99.319474,20.05521],[-99.319674,20.055476],[-99.319949,20.055898],[-99.320113,20.05619],[-99.320245,20.056457],[-99.320297,20.056572],[-99.320322,20.05663],[-99.320384,20.056783],[-99.320478,20.057039],[-99.320484,20.057057],[-99.320533,20.057209],[-99.320659,20.057681],[-99.320723,20.057978],[-99.320856,20.058663],[-99.320966,20.059139],[-99.321059,20.059517],[-99.321136,20.059841],[-99.321211,20.060222],[-99.321293,20.060676],[-99.321384,20.061078],[-99.321415,20.0612],[-99.321454,20.061353],[-99.321564,20.061715],[-99.321602,20.061828],[-99.321776,20.062286],[-99.321913,20.06258],[-99.321937,20.06263],[-99.321965,20.062685],[-99.322107,20.062951],[-99.322261,20.063209],[-99.322474,20.063529],[-99.322816,20.063974],[-99.323029,20.064217],[-99.323186,20.064375],[-99.32342,20.064611],[-99.323691,20.064849],[-99.323852,20.064981],[-99.324193,20.065235],[-99.324576,20.065476],[-99.324987,20.065728],[-99.325721,20.066056],[-99.326138,20.066209],[-99.326598,20.066357],[-99.327326,20.066569],[-99.327589,20.066644],[-99.327909,20.066735],[-99.328146,20.066803],[-99.328639,20.066943],[-99.330287,20.067414],[-99.330782,20.067555],[-99.332578,20.068209],[-99.335256,20.068973],[-99.335256,20.068973],[-99.335353,20.069001],[-99.335353,20.069001],[-99.335402,20.069015],[-99.335402,20.069015],[-99.335483,20.069038],[-99.335483,20.069038],[-99.335547,20.069057],[-99.335547,20.069057],[-99.335624,20.06908],[-99.335624,20.06908],[-99.335691,20.0691],[-99.335691,20.0691],[-99.335766,20.069123],[-99.335766,20.069123],[-99.335833,20.069144],[-99.335833,20.069144],[-99.335907,20.069168],[-99.335907,20.069168],[-99.335974,20.069191],[-99.335974,20.069191],[-99.336408,20.069355],[-99.336829,20.069545],[-99.337236,20.069762],[-99.337626,20.070004],[-99.337999,20.070271],[-99.338352,20.07056],[-99.338352,20.07056],[-99.338353,20.070561],[-99.338353,20.070561],[-99.338353,20.070561],[-99.338353,20.070561],[-99.338404,20.070606],[-99.338404,20.070606],[-99.33846,20.070657],[-99.33846,20.070657],[-99.338511,20.070704],[-99.338511,20.070704],[-99.338567,20.070756],[-99.338567,20.070756],[-99.338617,20.070803],[-99.338617,20.070803],[-99.338674,20.070857],[-99.338674,20.070857],[-99.338721,20.070903],[-99.338721,20.070903],[-99.33878,20.07096],[-99.33878,20.07096],[-99.338804,20.070983]]}},{"type":"Feature","properties":{},"geometry":{"type":"LineString","coordinates":[[-99.339861,20.072013],[-99.338967,20.071141],[-99.339303,20.07095],[-99.33953,20.071171],[-99.339861,20.072013]]}},{"type":"Feature","properties":{},"geometry":{"type":"LineString","coordinates":[[-99.340329,20.072471],[-99.339861,20.072013],[-99.33953,20.071171],[-99.340771,20.072382],[-99.340329,20.072471]]}},{"type":"Feature","properties":{},"geometry":{"type":"LineString","coordinates":[[-99.341391,20.073498],[-99.341222,20.073342],[-99.340329,20.072471],[-99.340771,20.072382],[-99.341494,20.073087],[-99.34166,20.073241],[-99.341814,20.073385],[-99.341968,20.073529],[-99.342122,20.073673],[-99.342227,20.073772],[-99.341674,20.073763],[-99.341545,20.073642],[-99.341391,20.073498]]}},{"type":"Feature","properties":{},"geometry":{"type":"LineString","coordinates":[[-99.342841,20.074888],[-99.342037,20.074104],[-99.342005,20.074073],[-99.341852,20.07393],[-99.341699,20.073786],[-99.341674,20.073763],[-99.342227,20.073772],[-99.342277,20.073818],[-99.342312,20.073852],[-99.342534,20.074069],[-99.342841,20.074888]]}},{"type":"Feature","properties":{},"geometry":{"type":"LineString","coordinates":[[-99.342841,20.074888],[-99.342534,20.074069],[-99.342674,20.074205],[-99.342776,20.074523],[-99.343,20.075043],[-99.342841,20.074888]]}},{"type":"Feature","properties":{},"geometry":{"type":"LineString","coordinates":[[-99.343,20.075043],[-99.342776,20.074523],[-99.343021,20.074544],[-99.344022,20.075521],[-99.343496,20.075527],[-99.343,20.075043]]}},{"type":"Feature","properties":{},"geometry":{"type":"LineString","coordinates":[[-99.342776,20.074523],[-99.342674,20.074205],[-99.343021,20.074544],[-99.342776,20.074523]]}},{"type":"Feature","properties":{},"geometry":{"type":"LineString","coordinates":[[-99.345204,20.077193],[-99.343496,20.075527],[-99.344022,20.075521],[-99.345749,20.077205],[-99.345204,20.077193]]}},{"type":"Feature","properties":{},"geometry":{"type":"LineString","coordinates":[[-99.34593,20.077901],[-99.345204,20.077193],[-99.345749,20.077205],[-99.346292,20.077734],[-99.34593,20.077901]]}},{"type":"Feature","properties":{},"geometry":{"type":"LineString","coordinates":[[-99.34593,20.077901],[-99.346292,20.077734],[-99.346671,20.078103],[-99.346294,20.078255],[-99.34593,20.077901]]}},{"type":"Feature","properties":{},"geometry":{"type":"LineString","coordinates":[[-99.347936,20.079857],[-99.346294,20.078255],[-99.346671,20.078103],[-99.348261,20.079654],[-99.347936,20.079857]]}},{"type":"Feature","properties":{},"geometry":{"type":"LineString","coordinates":[[-99.348944,20.08084],[-99.347936,20.079857],[-99.348261,20.079654],[-99.350666,20.082],[-99.350489,20.082346],[-99.349518,20.0814],[-99.349582,20.081231],[-99.349505,20.081026],[-99.349286,20.080745],[-99.349224,20.080752],[-99.349108,20.080921],[-99.348944,20.08084]]}},{"type":"Feature","properties":{},"geometry":{"type":"LineString","coordinates":[[-99.352736,20.084538],[-99.352536,20.084343],[-99.350927,20.082774],[-99.35113,20.082452],[-99.352811,20.084091],[-99.353011,20.084286],[-99.353011,20.084286],[-99.353188,20.084459],[-99.353188,20.084459],[-99.353277,20.084545],[-99.353277,20.084545],[-99.353425,20.084688],[-99.353425,20.084688],[-99.353543,20.084802],[-99.353543,20.084802],[-99.353686,20.084938],[-99.353686,20.084938],[-99.353812,20.085055],[-99.353812,20.085055],[-99.353954,20.085186],[-99.353954,20.085186],[-99.354084,20.085304],[-99.354084,20.085304],[-99.354227,20.085431],[-99.354227,20.085431],[-99.354361,20.085547],[-99.354361,20.085547],[-99.354877,20.085968],[-99.354958,20.086492],[-99.354958,20.086492],[-99.354524,20.086161],[-99.354104,20.085815],[-99.354104,20.085815],[-99.353967,20.085696],[-99.353967,20.085696],[-99.353821,20.085566],[-99.353821,20.085566],[-99.353688,20.085446],[-99.353688,20.085446],[-99.353544,20.085313],[-99.353544,20.085313],[-99.353416,20.085193],[-99.353416,20.085193],[-99.353271,20.085056],[-99.353271,20.085056],[-99.353152,20.084941],[-99.353152,20.084941],[-99.353003,20.084797],[-99.353003,20.084797],[-99.352913,20.084711],[-99.352913,20.084711],[-99.352736,20.084538]]}},{"type":"Feature","properties":{},"geometry":{"type":"LineString","coordinates":[[-99.355515,20.086881],[-99.354958,20.086492],[-99.354958,20.086492],[-99.354877,20.085968],[-99.354877,20.085968],[-99.355074,20.086118],[-99.355224,20.086416],[-99.355515,20.086881]]}},{"type":"Feature","properties":{},"geometry":{"type":"LineString","coordinates":[[-99.365565,20.089358],[-99.364603,20.089422],[-99.363638,20.089427],[-99.362675,20.089373],[-99.361718,20.08926],[-99.360771,20.089088],[-99.359838,20.088858],[-99.358922,20.088571],[-99.358028,20.088228],[-99.35716,20.087831],[-99.356321,20.087381],[-99.355515,20.086881],[-99.355515,20.086881],[-99.355224,20.086416],[-99.355074,20.086118],[-99.355074,20.086118],[-99.355832,20.08665],[-99.356626,20.087133],[-99.357451,20.087567],[-99.358305,20.087948],[-99.359184,20.088276],[-99.360083,20.088548],[-99.360999,20.088765],[-99.361928,20.088924],[-99.362866,20.089026],[-99.36381,20.089069],[-99.364754,20.089054],[-99.365695,20.088981],[-99.366629,20.088849],[-99.367552,20.08866],[-99.36846,20.088415],[-99.369349,20.088113],[-99.369313,20.088403],[-99.369221,20.088547],[-99.369221,20.088547],[-99.368291,20.088843],[-99.367342,20.08908],[-99.366379,20.089257],[-99.365719,20.08912],[-99.365565,20.089358]]}},{"type":"Feature","properties":{},"geometry":{"type":"LineString","coordinates":[[-99.365565,20.089358],[-99.365719,20.08912],[-99.366379,20.089257],[-99.366379,20.089257],[-99.365565,20.089358]]}},{"type":"Feature","properties":{},"geometry":{"type":"LineString","coordinates":[[-99.369313,20.088403],[-99.369349,20.088113],[-99.369349,20.088113],[-99.369814,20.08793],[-99.369814,20.08793],[-99.36998,20.087861],[-99.36998,20.087861],[-99.370137,20.087793],[-99.370293,20.08802],[-99.370373,20.088088],[-99.370373,20.088088],[-99.37032,20.088111],[-99.37032,20.088111],[-99.370138,20.08819],[-99.370138,20.08819],[-99.369968,20.088262],[-99.369968,20.088262],[-99.369221,20.088547],[-99.369313,20.088403]]}},{"type":"Feature","properties":{},"geometry":{"type":"LineString","coordinates":[[-99.370293,20.08802],[-99.370137,20.087793],[-99.370137,20.087793],[-99.370158,20.087784],[-99.370158,20.087784],[-99.370321,20.087711],[-99.370321,20.087711],[-99.3705,20.087629],[-99.3705,20.087629],[-99.370659,20.087556],[-99.370659,20.087556],[-99.37084,20.08747],[-99.37084,20.08747],[-99.370991,20.087398],[-99.370991,20.087398],[-99.37118,20.087306],[-99.37118,20.087306],[-99.371293,20.087251],[-99.371293,20.087251],[-99.371519,20.087141],[-99.373764,20.086043],[-99.37291,20.086769],[-99.372831,20.086906],[-99.371695,20.087462],[-99.371695,20.087462],[-99.371468,20.087573],[-99.371468,20.087573],[-99.371354,20.087628],[-99.371354,20.087628],[-99.371165,20.08772],[-99.371165,20.08772],[-99.371012,20.087793],[-99.371012,20.087793],[-99.370829,20.087879],[-99.370829,20.087879],[-99.370668,20.087954],[-99.370668,20.087954],[-99.370486,20.088037],[-99.370486,20.088037],[-99.370373,20.088088],[-99.370293,20.08802]]}},{"type":"Feature","properties":{},"geometry":{"type":"LineString","coordinates":[[-99.37291,20.086769],[-99.373764,20.086043],[-99.375586,20.085152],[-99.375562,20.085571],[-99.372831,20.086906],[-99.37291,20.086769]]}},{"type":"Feature","properties":{},"geometry":{"type":"LineString","coordinates":[[-99.375562,20.085571],[-99.375586,20.085152],[-99.376652,20.084631],[-99.376652,20.084631],[-99.376879,20.08452],[-99.376879,20.08452],[-99.376993,20.084465],[-99.376993,20.084465],[-99.377182,20.084373],[-99.377182,20.084373],[-99.377335,20.0843],[-99.377335,20.0843],[-99.377519,20.084213],[-99.377519,20.084213],[-99.37768,20.084138],[-99.37768,20.084138],[-99.377862,20.084055],[-99.377862,20.084055],[-99.378029,20.083981],[-99.378029,20.083981],[-99.378211,20.083902],[-99.378211,20.083902],[-99.378382,20.08383],[-99.378382,20.08383],[-99.378757,20.083681],[-99.378739,20.083849],[-99.37873,20.083925],[-99.378705,20.084092],[-99.378705,20.084092],[-99.378535,20.084161],[-99.378535,20.084161],[-99.378369,20.084231],[-99.378369,20.084231],[-99.37819,20.084308],[-99.37819,20.084308],[-99.378027,20.084381],[-99.378027,20.084381],[-99.377848,20.084463],[-99.377848,20.084463],[-99.377689,20.084537],[-99.377689,20.084537],[-99.377507,20.084623],[-99.377507,20.084623],[-99.377356,20.084695],[-99.377356,20.084695],[-99.377168,20.084786],[-99.377168,20.084786],[-99.377054,20.084842],[-99.377054,20.084842],[-99.376828,20.084952],[-99.375562,20.085571]]}},{"type":"Feature","properties":{},"geometry":{"type":"LineString","coordinates":[[-99.378757,20.083681],[-99.37965,20.08337],[-99.380562,20.083114],[-99.381489,20.082914],[-99.382428,20.08277],[-99.383375,20.082684],[-99.384326,20.082655],[-99.385277,20.082683],[-99.386224,20.082769],[-99.387163,20.082912],[-99.387163,20.082912],[-99.387241,20.083153],[-99.386923,20.083237],[-99.386923,20.083237],[-99.386001,20.083107],[-99.385073,20.083034],[-99.384142,20.083017],[-99.383211,20.083057],[-99.382286,20.083154],[-99.381368,20.083306],[-99.380463,20.083514],[-99.379574,20.083776],[-99.378705,20.084092],[-99.37873,20.083925],[-99.378739,20.083849],[-99.378757,20.083681]]}},{"type":"Feature","properties":{},"geometry":{"type":"LineString","coordinates":[[-99.386923,20.083237],[-99.387241,20.083153],[-99.387291,20.083305],[-99.387291,20.083305],[-99.386923,20.083237]]}},{"type":"Feature","properties":{},"geometry":{"type":"LineString","coordinates":[[-99.387241,20.083153],[-99.387163,20.082912],[-99.387163,20.082912],[-99.387247,20.082928],[-99.387377,20.083322],[-99.387377,20.083322],[-99.387291,20.083305],[-99.387241,20.083153]]}},{"type":"Feature","properties":{},"geometry":{"type":"LineString","coordinates":[[-99.388553,20.083608],[-99.388362,20.083556],[-99.388362,20.083556],[-99.388188,20.08351],[-99.388188,20.08351],[-99.387998,20.083462],[-99.387998,20.083462],[-99.387821,20.08342],[-99.387821,20.08342],[-99.387377,20.083322],[-99.387377,20.083322],[-99.387247,20.082928],[-99.387247,20.082928],[-99.387914,20.083069],[-99.387914,20.083069],[-99.388095,20.083113],[-99.388095,20.083113],[-99.388289,20.083162],[-99.388289,20.083162],[-99.388466,20.083208],[-99.388466,20.083208],[-99.38866,20.083261],[-99.38866,20.083261],[-99.388833,20.08331],[-99.388833,20.08331],[-99.389029,20.083366],[-99.389029,20.083366],[-99.389193,20.083414],[-99.389193,20.083414],[-99.389396,20.083475],[-99.389396,20.083475],[-99.389518,20.083511],[-99.389518,20.083511],[-99.389677,20.083559],[-99.390151,20.084081],[-99.389645,20.083929],[-99.389645,20.083929],[-99.389402,20.083856],[-99.389402,20.083856],[-99.389281,20.083819],[-99.389281,20.083819],[-99.389079,20.083759],[-99.389079,20.083759],[-99.388917,20.083712],[-99.388917,20.083712],[-99.388723,20.083656],[-99.388723,20.083656],[-99.388553,20.083608]]}},{"type":"Feature","properties":{},"geometry":{"type":"LineString","coordinates":[[-99.390151,20.084081],[-99.389677,20.083559],[-99.389677,20.083559],[-99.389761,20.083584],[-99.389868,20.083616],[-99.390366,20.084146],[-99.390151,20.084081]]}},{"type":"Feature","properties":{},"geometry":{"type":"LineString","coordinates":[[-99.390366,20.084146],[-99.389868,20.083616],[-99.39153,20.084118],[-99.391357,20.084445],[-99.390366,20.084146]]}},{"type":"Feature","properties":{},"geometry":{"type":"LineString","coordinates":[[-99.391357,20.084445],[-99.39153,20.084118],[-99.391759,20.084187],[-99.392205,20.084536],[-99.392611,20.084823],[-99.391357,20.084445]]}},{"type":"Feature","properties":{},"geometry":{"type":"LineString","coordinates":[[-99.392205,20.084536],[-99.391759,20.084187],[-99.393205,20.084623],[-99.393159,20.084988],[-99.392611,20.084823],[-99.392205,20.084536]]}},{"type":"Feature","properties":{},"geometry":{"type":"LineString","coordinates":[[-99.393159,20.084988],[-99.393205,20.084623],[-99.394174,20.084915],[-99.394165,20.084968],[-99.39411,20.085275],[-99.393159,20.084988]]}},{"type":"Feature","properties":{},"geometry":{"type":"LineString","coordinates":[[-99.39411,20.085275],[-99.394165,20.084968],[-99.395028,20.085552],[-99.39411,20.085275]]}},{"type":"Feature","properties":{},"geometry":{"type":"LineString","coordinates":[[-99.407992,20.086166],[-99.406871,20.08646],[-99.405731,20.086686],[-99.404579,20.086843],[-99.403419,20.08693],[-99.402255,20.086948],[-99.401092,20.086897],[-99.399935,20.086775],[-99.398789,20.086584],[-99.397657,20.086326],[-99.397657,20.086326],[-99.397523,20.08629],[-99.397523,20.08629],[-99.397379,20.086251],[-99.397379,20.086251],[-99.397247,20.086214],[-99.397247,20.086214],[-99.397102,20.086173],[-99.397102,20.086173],[-99.396973,20.086136],[-99.396973,20.086136],[-99.396827,20.086093],[-99.396827,20.086093],[-99.396705,20.086057],[-99.396705,20.086057],[-99.396552,20.086011],[-99.396552,20.086011],[-99.396461,20.085984],[-99.396461,20.085984],[-99.396279,20.085929],[-99.396279,20.085929],[-99.395028,20.085552],[-99.394165,20.084968],[-99.394174,20.084915],[-99.396395,20.085584],[-99.396395,20.085584],[-99.396577,20.085639],[-99.396577,20.085639],[-99.396668,20.085667],[-99.396668,20.085667],[-99.39682,20.085712],[-99.39682,20.085712],[-99.396941,20.085748],[-99.396941,20.085748],[-99.397086,20.08579],[-99.397086,20.08579],[-99.397213,20.085827],[-99.397213,20.085827],[-99.397356,20.085868],[-99.397356,20.085868],[-99.397486,20.085904],[-99.397486,20.085904],[-99.397628,20.085942],[-99.397628,20.085942],[-99.397759,20.085977],[-99.397759,20.085977],[-99.398867,20.086231],[-99.399989,20.086417],[-99.401122,20.086536],[-99.402261,20.086587],[-99.4034,20.086569],[-99.404537,20.086484],[-99.405665,20.08633],[-99.40678,20.086109],[-99.407879,20.085821],[-99.407879,20.085821],[-99.408009,20.085783],[-99.408009,20.085783],[-99.408149,20.08574],[-99.408149,20.08574],[-99.408278,20.0857],[-99.408278,20.0857],[-99.408419,20.085655],[-99.408419,20.085655],[-99.408545,20.085614],[-99.408545,20.085614],[-99.408689,20.085567],[-99.408689,20.085567],[-99.408809,20.085527],[-99.408809,20.085527],[-99.408933,20.085486],[-99.409032,20.085836],[-99.409032,20.085836],[-99.408935,20.085868],[-99.408935,20.085868],[-99.408815,20.085908],[-99.408815,20.085908],[-99.408669,20.085956],[-99.408669,20.085956],[-99.408542,20.085997],[-99.408542,20.085997],[-99.408399,20.086042],[-99.408399,20.086042],[-99.408268,20.086083],[-99.408268,20.086083],[-99.408125,20.086127],[-99.408125,20.086127],[-99.407992,20.086166]]}},{"type":"Feature","properties":{},"geometry":{"type":"LineString","coordinates":[[-99.413464,20.083965],[-99.413632,20.083908],[-99.413632,20.083908],[-99.413716,20.08388],[-99.413716,20.08388],[-99.413857,20.083833],[-99.413857,20.083833],[-99.41397,20.083796],[-99.41397,20.083796],[-99.414105,20.083751],[-99.414105,20.083751],[-99.414223,20.083712],[-99.414223,20.083712],[-99.414357,20.083669],[-99.414357,20.083669],[-99.414478,20.08363],[-99.414478,20.08363],[-99.41461,20.083588],[-99.41461,20.083588],[-99.414734,20.083549],[-99.414734,20.083549],[-99.415963,20.083195],[-99.417208,20.082893],[-99.417208,20.082893],[-99.417335,20.082865],[-99.417335,20.082865],[-99.417471,20.082836],[-99.417471,20.082836],[-99.417596,20.082809],[-99.417596,20.082809],[-99.417734,20.082781],[-99.417734,20.082781],[-99.417856,20.082756],[-99.417856,20.082756],[-99.417997,20.082728],[-99.417997,20.082728],[-99.418113,20.082704],[-99.418113,20.082704],[-99.418259,20.082675],[-99.418259,20.082675],[-99.418347,20.082658],[-99.418347,20.082658],[-99.418522,20.082623],[-99.418522,20.082623],[-99.418656,20.082597],[-99.419416,20.082816],[-99.4186,20.082977],[-99.4186,20.082977],[-99.418425,20.083012],[-99.418425,20.083012],[-99.418338,20.083029],[-99.418338,20.083029],[-99.418192,20.083058],[-99.418192,20.083058],[-99.418076,20.083081],[-99.418076,20.083081],[-99.417937,20.083109],[-99.417937,20.083109],[-99.417815,20.083134],[-99.417815,20.083134],[-99.417679,20.083162],[-99.417679,20.083162],[-99.417555,20.083188],[-99.417555,20.083188],[-99.41742,20.083217],[-99.41742,20.083217],[-99.417295,20.083245],[-99.417295,20.083245],[-99.416067,20.083543],[-99.414853,20.083892],[-99.414853,20.083892],[-99.414732,20.08393],[-99.414732,20.08393],[-99.414601,20.083972],[-99.414601,20.083972],[-99.414481,20.084011],[-99.414481,20.084011],[-99.414348,20.084054],[-99.414348,20.084054],[-99.414231,20.084092],[-99.414231,20.084092],[-99.414096,20.084137],[-99.414096,20.084137],[-99.413984,20.084174],[-99.413984,20.084174],[-99.413844,20.084221],[-99.413844,20.084221],[-99.41376,20.084249],[-99.41376,20.084249],[-99.413592,20.084305],[-99.409357,20.085727],[-99.409357,20.085727],[-99.409176,20.085788],[-99.409176,20.085788],[-99.409086,20.085818],[-99.409086,20.085818],[-99.409032,20.085836],[-99.408933,20.085486],[-99.408933,20.085486],[-99.408958,20.085477],[-99.408958,20.085477],[-99.409048,20.085447],[-99.409048,20.085447],[-99.409229,20.085387],[-99.413464,20.083965]]}},{"type":"Feature","properties":{},"geometry":{"type":"LineString","coordinates":[[-99.420108,20.08268],[-99.419953,20.082341],[-99.42099,20.082136],[-99.420976,20.082508],[-99.420108,20.08268]]}},{"type":"Feature","properties":{},"geometry":{"type":"LineString","coordinates":[[-99.42099,20.082136],[-99.422713,20.081796],[-99.422858,20.081984],[-99.422908,20.08206],[-99.422946,20.082119],[-99.420976,20.082508],[-99.42099,20.082136]]}},{"type":"Feature","properties":{},"geometry":{"type":"LineString","coordinates":[[-99.422858,20.081984],[-99.422713,20.081796],[-99.423861,20.081569],[-99.424048,20.081851],[-99.422908,20.08206],[-99.422858,20.081984]]}},{"type":"Feature","properties":{},"geometry":{"type":"LineString","coordinates":[[-99.422908,20.08206],[-99.424048,20.081851],[-99.424078,20.081896],[-99.422946,20.082119],[-99.422908,20.08206]]}},{"type":"Feature","properties":{},"geometry":{"type":"LineString","coordinates":[[-99.419416,20.082816],[-99.418656,20.082597],[-99.419953,20.082341],[-99.420108,20.08268],[-99.419416,20.082816]]}},{"type":"Feature","properties":{},"geometry":{"type":"LineString","coordinates":[[-99.424078,20.081896],[-99.423861,20.081569],[-99.424875,20.081369],[-99.425073,20.081699],[-99.424078,20.081896]]}},{"type":"Feature","properties":{},"geometry":{"type":"LineString","coordinates":[[-99.425073,20.081699],[-99.424875,20.081369],[-99.425818,20.081183],[-99.425943,20.081386],[-99.42599,20.081456],[-99.425744,20.081567],[-99.425073,20.081699]]}},{"type":"Feature","properties":{},"geometry":{"type":"LineString","coordinates":[[-99.425744,20.081567],[-99.42599,20.081456],[-99.426026,20.081511],[-99.425744,20.081567]]}},{"type":"Feature","properties":{},"geometry":{"type":"LineString","coordinates":[[-99.425818,20.081183],[-99.426574,20.081034],[-99.425943,20.081386],[-99.425818,20.081183]]}},{"type":"Feature","properties":{},"geometry":{"type":"LineString","coordinates":[[-99.425943,20.081386],[-99.426574,20.081034],[-99.426915,20.080967],[-99.427121,20.081295],[-99.426026,20.081511],[-99.425943,20.081386]]}},{"type":"Feature","properties":{},"geometry":{"type":"LineString","coordinates":[[-99.426915,20.080967],[-99.428111,20.080731],[-99.428309,20.080975],[-99.428376,20.081047],[-99.427121,20.081295],[-99.426915,20.080967]]}},{"type":"Feature","properties":{},"geometry":{"type":"LineString","coordinates":[[-99.428309,20.080975],[-99.428111,20.080731],[-99.428915,20.080572],[-99.428309,20.080975]]}},{"type":"Feature","properties":{},"geometry":{"type":"LineString","coordinates":[[-99.429431,20.080651],[-99.429394,20.080477],[-99.429576,20.080441],[-99.429576,20.080441],[-99.429788,20.0804],[-99.429788,20.0804],[-99.429895,20.080379],[-99.429895,20.080379],[-99.430008,20.080356],[-99.430667,20.080346],[-99.430646,20.080604],[-99.430646,20.080604],[-99.430608,20.080611],[-99.430608,20.080611],[-99.43046,20.080639],[-99.43046,20.080639],[-99.43029,20.080671],[-99.43029,20.080671],[-99.430149,20.080698],[-99.430149,20.080698],[-99.429972,20.080733],[-99.429972,20.080733],[-99.429866,20.080753],[-99.429866,20.080753],[-99.429654,20.080795],[-99.429552,20.080815],[-99.429431,20.080651]]}},{"type":"Feature","properties":{},"geometry":{"type":"LineString","coordinates":[[-99.430214,20.080317],[-99.430385,20.080284],[-99.430385,20.080284],[-99.430535,20.080256],[-99.430535,20.080256],[-99.430593,20.080246],[-99.430593,20.080246],[-99.430667,20.080346],[-99.430008,20.080356],[-99.430008,20.080356],[-99.430072,20.080344],[-99.430072,20.080344],[-99.430214,20.080317]]}},{"type":"Feature","properties":{},"geometry":{"type":"LineString","coordinates":[[-99.430703,20.080226],[-99.430856,20.080199],[-99.430856,20.080199],[-99.431023,20.08017],[-99.431023,20.08017],[-99.431179,20.080144],[-99.431179,20.080144],[-99.431364,20.080115],[-99.431364,20.080115],[-99.431462,20.080331],[-99.43112,20.080338],[-99.430661,20.08042],[-99.430667,20.080346],[-99.430593,20.080246],[-99.430593,20.080246],[-99.430703,20.080226]]}},{"type":"Feature","properties":{},"geometry":{"type":"LineString","coordinates":[[-99.430646,20.080604],[-99.430661,20.08042],[-99.43112,20.080338],[-99.431147,20.080337],[-99.431151,20.080516],[-99.431151,20.080516],[-99.43109,20.080526],[-99.43109,20.080526],[-99.430926,20.080554],[-99.430926,20.080554],[-99.430774,20.080581],[-99.430774,20.080581],[-99.430646,20.080604]]}},{"type":"Feature","properties":{},"geometry":{"type":"LineString","coordinates":[[-99.431462,20.080331],[-99.431364,20.080115],[-99.431364,20.080115],[-99.431816,20.080051],[-99.431821,20.080315],[-99.431462,20.080331]]}},{"type":"Feature","properties":{},"geometry":{"type":"LineString","coordinates":[[-99.431151,20.080516],[-99.431147,20.080337],[-99.431462,20.080331],[-99.431821,20.080315],[-99.431823,20.080415],[-99.431823,20.080415],[-99.431244,20.080501],[-99.431244,20.080501],[-99.431151,20.080516]]}},{"type":"Feature","properties":{},"geometry":{"type":"LineString","coordinates":[[-99.431818,20.080177],[-99.431816,20.080051],[-99.431816,20.080051],[-99.43292,20.07993],[-99.433004,20.080286],[-99.433004,20.080286],[-99.431823,20.080415],[-99.431821,20.080315],[-99.431818,20.080177]]}},{"type":"Feature","properties":{},"geometry":{"type":"LineString","coordinates":[[-99.433004,20.080286],[-99.43292,20.07993],[-99.43292,20.07993],[-99.434252,20.079855],[-99.434375,20.080213],[-99.434375,20.080213],[-99.433004,20.080286]]}},{"type":"Feature","properties":{},"geometry":{"type":"LineString","coordinates":[[-99.434375,20.080213],[-99.434252,20.079855],[-99.434252,20.079855],[-99.435313,20.079848],[-99.435268,20.079976],[-99.435073,20.080207],[-99.435073,20.080207],[-99.434375,20.080213]]}},{"type":"Feature","properties":{},"geometry":{"type":"LineString","coordinates":[[-99.435073,20.080207],[-99.435268,20.079976],[-99.435313,20.079848],[-99.435313,20.079848],[-99.435981,20.079869],[-99.435776,20.080223],[-99.435776,20.080223],[-99.435073,20.080207]]}},{"type":"Feature","properties":{},"geometry":{"type":"LineString","coordinates":[[-99.435776,20.080223],[-99.435981,20.079869],[-99.435981,20.079869],[-99.437155,20.079952],[-99.436981,20.080299],[-99.436981,20.080299],[-99.435776,20.080223]]}},{"type":"Feature","properties":{},"geometry":{"type":"LineString","coordinates":[[-99.436981,20.080299],[-99.437155,20.079952],[-99.437155,20.079952],[-99.438662,20.080145],[-99.438598,20.08016],[-99.438734,20.080524],[-99.438734,20.080524],[-99.43786,20.080395],[-99.436981,20.080299]]}},{"type":"Feature","properties":{},"geometry":{"type":"LineString","coordinates":[[-99.440116,20.0808],[-99.438734,20.080524],[-99.438734,20.080524],[-99.438598,20.08016],[-99.438662,20.080145],[-99.438662,20.080145],[-99.438998,20.080202],[-99.439149,20.080364],[-99.43946,20.080534],[-99.439835,20.080406],[-99.440289,20.080521],[-99.440319,20.080729],[-99.440116,20.0808]]}},{"type":"Feature","properties":{},"geometry":{"type":"LineString","coordinates":[[-99.441027,20.080938],[-99.440866,20.080754],[-99.440937,20.08063],[-99.440937,20.08063],[-99.44171,20.080851],[-99.441027,20.080938]]}},{"type":"Feature","properties":{},"geometry":{"type":"LineString","coordinates":[[-99.445502,20.082793],[-99.444211,20.082169],[-99.442879,20.081627],[-99.441512,20.08117],[-99.440116,20.0808],[-99.440116,20.0808],[-99.440319,20.080729],[-99.440289,20.080521],[-99.439835,20.080406],[-99.43946,20.080534],[-99.439149,20.080364],[-99.438998,20.080202],[-99.438998,20.080202],[-99.439973,20.080396],[-99.440937,20.08063],[-99.440866,20.080754],[-99.441027,20.080938],[-99.44171,20.080851],[-99.44171,20.080851],[-99.443073,20.081311],[-99.4444,20.081854],[-99.445688,20.082477],[-99.445688,20.082477],[-99.445826,20.08255],[-99.445826,20.08255],[-99.445974,20.082629],[-99.445974,20.082629],[-99.446032,20.082661],[-99.445961,20.082927],[-99.445784,20.082943],[-99.445784,20.082943],[-99.445638,20.082865],[-99.445638,20.082865],[-99.445502,20.082793]]}},{"type":"Feature","properties":{},"geometry":{"type":"LineString","coordinates":[[-99.452173,20.086575],[-99.446899,20.083568],[-99.446899,20.083568],[-99.446714,20.083462],[-99.446714,20.083462],[-99.446621,20.083409],[-99.446621,20.083409],[-99.446466,20.083322],[-99.446466,20.083322],[-99.446343,20.083252],[-99.446343,20.083252],[-99.446194,20.083169],[-99.446194,20.083169],[-99.446064,20.083096],[-99.446064,20.083096],[-99.445917,20.083016],[-99.445917,20.083016],[-99.445784,20.082943],[-99.445961,20.082927],[-99.446923,20.083159],[-99.446923,20.083159],[-99.447097,20.083259],[-99.45307,20.086665],[-99.452173,20.086575]]}},{"type":"Feature","properties":{},"geometry":{"type":"LineString","coordinates":[[-99.445961,20.082927],[-99.446032,20.082661],[-99.446032,20.082661],[-99.446109,20.082703],[-99.446109,20.082703],[-99.446257,20.082784],[-99.446257,20.082784],[-99.446389,20.082857],[-99.446389,20.082857],[-99.446538,20.082941],[-99.446538,20.082941],[-99.446663,20.083012],[-99.446663,20.083012],[-99.446818,20.0831],[-99.446818,20.0831],[-99.446911,20.083153],[-99.446911,20.083153],[-99.446923,20.083159],[-99.445961,20.082927]]}},{"type":"Feature","properties":{},"geometry":{"type":"LineString","coordinates":[[-99.453205,20.087164],[-99.452173,20.086575],[-99.45307,20.086665],[-99.45328,20.086785],[-99.453205,20.087164]]}},{"type":"Feature","properties":{},"geometry":{"type":"LineString","coordinates":[[-99.454861,20.088108],[-99.453205,20.087164],[-99.45328,20.086785],[-99.454957,20.087741],[-99.454861,20.088108]]}},{"type":"Feature","properties":{},"geometry":{"type":"LineString","coordinates":[[-99.456088,20.088808],[-99.454861,20.088108],[-99.454957,20.087741],[-99.456206,20.088453],[-99.456088,20.088808]]}},{"type":"Feature","properties":{},"geometry":{"type":"LineString","coordinates":[[-99.457424,20.08957],[-99.456088,20.088808],[-99.456206,20.088453],[-99.45817,20.089574],[-99.457424,20.08957]]}},{"type":"Feature","properties":{},"geometry":{"type":"LineString","coordinates":[[-99.458285,20.090061],[-99.457424,20.08957],[-99.45817,20.089574],[-99.458619,20.09],[-99.458285,20.090061]]}},{"type":"Feature","properties":{},"geometry":{"type":"LineString","coordinates":[[-99.458619,20.09],[-99.45817,20.089574],[-99.458825,20.089947],[-99.458619,20.09]]}},{"type":"Feature","properties":{},"geometry":{"type":"LineString","coordinates":[[-99.459192,20.090463],[-99.458619,20.09],[-99.458825,20.089947],[-99.459452,20.090305],[-99.459192,20.090463]]}},{"type":"Feature","properties":{},"geometry":{"type":"LineString","coordinates":[[-99.461483,20.091885],[-99.461913,20.091708],[-99.462753,20.092187],[-99.462744,20.092242],[-99.462379,20.092396],[-99.461483,20.091885]]}},{"type":"Feature","properties":{},"geometry":{"type":"LineString","coordinates":[[-99.462379,20.092396],[-99.462744,20.092242],[-99.462696,20.092576],[-99.462379,20.092396]]}},{"type":"Feature","properties":{},"geometry":{"type":"LineString","coordinates":[[-99.464291,20.093486],[-99.462696,20.092576],[-99.462744,20.092242],[-99.462753,20.092187],[-99.464508,20.093187],[-99.464485,20.093416],[-99.464291,20.093486]]}},{"type":"Feature","properties":{},"geometry":{"type":"LineString","coordinates":[[-99.464464,20.093584],[-99.464291,20.093486],[-99.464485,20.093416],[-99.464464,20.093584]]}},{"type":"Feature","properties":{},"geometry":{"type":"LineString","coordinates":[[-99.464485,20.093416],[-99.464508,20.093187],[-99.464746,20.093323],[-99.464485,20.093416]]}},{"type":"Feature","properties":{},"geometry":{"type":"LineString","coordinates":[[-99.466102,20.094519],[-99.464464,20.093584],[-99.464485,20.093416],[-99.464746,20.093323],[-99.466141,20.094119],[-99.466102,20.094519]]}},{"type":"Feature","properties":{},"geometry":{"type":"LineString","coordinates":[[-99.466102,20.094519],[-99.466141,20.094119],[-99.466657,20.094413],[-99.466163,20.094553],[-99.466102,20.094519]]}},{"type":"Feature","properties":{},"geometry":{"type":"LineString","coordinates":[[-99.467835,20.095506],[-99.466163,20.094553],[-99.466657,20.094413],[-99.46787,20.095104],[-99.467835,20.095506]]}},{"type":"Feature","properties":{},"geometry":{"type":"LineString","coordinates":[[-99.467835,20.095506],[-99.46787,20.095104],[-99.469597,20.096089],[-99.469566,20.096493],[-99.467835,20.095506]]}},{"type":"Feature","properties":{},"geometry":{"type":"LineString","coordinates":[[-99.4701,20.096798],[-99.469566,20.096493],[-99.469597,20.096089],[-99.470507,20.096608],[-99.470525,20.096817],[-99.470283,20.096863],[-99.4701,20.096798]]}},{"type":"Feature","properties":{},"geometry":{"type":"LineString","coordinates":[[-99.47088,20.097243],[-99.4701,20.096798],[-99.470283,20.096863],[-99.470525,20.096817],[-99.470887,20.09723],[-99.47088,20.097243]]}},{"type":"Feature","properties":{},"geometry":{"type":"LineString","coordinates":[[-99.470887,20.09723],[-99.470525,20.096817],[-99.470507,20.096608],[-99.471051,20.096918],[-99.470887,20.09723]]}},{"type":"Feature","properties":{},"geometry":{"type":"LineString","coordinates":[[-99.472992,20.098446],[-99.47088,20.097243],[-99.470887,20.09723],[-99.471051,20.096918],[-99.473224,20.098157],[-99.472992,20.098446]]}},{"type":"Feature","properties":{},"geometry":{"type":"LineString","coordinates":[[-99.472992,20.098446],[-99.473224,20.098157],[-99.473278,20.098188],[-99.473046,20.098478],[-99.472992,20.098446]]}},{"type":"Feature","properties":{},"geometry":{"type":"LineString","coordinates":[[-99.474491,20.099301],[-99.473112,20.098515],[-99.473312,20.09834],[-99.473651,20.0984],[-99.474528,20.0989],[-99.474491,20.099301]]}},{"type":"Feature","properties":{},"geometry":{"type":"LineString","coordinates":[[-99.475975,20.100147],[-99.474491,20.099301],[-99.474528,20.0989],[-99.476035,20.099759],[-99.475975,20.100147]]}},{"type":"Feature","properties":{},"geometry":{"type":"LineString","coordinates":[[-99.475975,20.100147],[-99.476035,20.099759],[-99.477035,20.100329],[-99.476024,20.100175],[-99.475975,20.100147]]}},{"type":"Feature","properties":{},"geometry":{"type":"LineString","coordinates":[[-99.477272,20.100887],[-99.476024,20.100175],[-99.477035,20.100329],[-99.477312,20.100487],[-99.477272,20.100887]]}},{"type":"Feature","properties":{},"geometry":{"type":"LineString","coordinates":[[-99.478789,20.101751],[-99.477272,20.100887],[-99.477312,20.100487],[-99.478857,20.101368],[-99.478789,20.101751]]}},{"type":"Feature","properties":{},"geometry":{"type":"LineString","coordinates":[[-99.482529,20.104106],[-99.482097,20.103786],[-99.482097,20.103786],[-99.482227,20.103742],[-99.482617,20.103975],[-99.482529,20.104106]]}},{"type":"Feature","properties":{},"geometry":{"type":"LineString","coordinates":[[-99.483052,20.104516],[-99.482669,20.104213],[-99.482669,20.104213],[-99.482988,20.103994],[-99.482988,20.103994],[-99.483301,20.104242],[-99.483301,20.104242],[-99.483421,20.104339],[-99.483421,20.104339],[-99.483549,20.104445],[-99.483549,20.104445],[-99.483665,20.104543],[-99.483665,20.104543],[-99.483793,20.104651],[-99.483793,20.104651],[-99.483907,20.104747],[-99.483907,20.104747],[-99.484035,20.104858],[-99.484035,20.104858],[-99.484081,20.104897],[-99.483373,20.104781],[-99.483373,20.104781],[-99.483296,20.104716],[-99.483296,20.104716],[-99.48317,20.104612],[-99.48317,20.104612],[-99.483052,20.104516]]}},{"type":"Feature","properties":{},"geometry":{"type":"LineString","coordinates":[[-99.483778,20.105125],[-99.48365,20.105015],[-99.48365,20.105015],[-99.483537,20.10492],[-99.483537,20.10492],[-99.483411,20.104813],[-99.483411,20.104813],[-99.483373,20.104781],[-99.483373,20.104781],[-99.484081,20.104897],[-99.484081,20.104897],[-99.484142,20.104951],[-99.484142,20.104951],[-99.484259,20.105052],[-99.484204,20.105495],[-99.484204,20.105495],[-99.484096,20.105402],[-99.484096,20.105402],[-99.484017,20.105332],[-99.484017,20.105332],[-99.483884,20.105217],[-99.483884,20.105217],[-99.483778,20.105125]]}},{"type":"Feature","properties":{},"geometry":{"type":"LineString","coordinates":[[-99.484873,20.106079],[-99.484256,20.10554],[-99.484256,20.10554],[-99.484204,20.105495],[-99.484259,20.105052],[-99.484259,20.105052],[-99.484276,20.105066],[-99.484276,20.105066],[-99.484356,20.105136],[-99.484356,20.105136],[-99.484515,20.105275],[-99.484944,20.105649],[-99.484873,20.106079]]}},{"type":"Feature","properties":{},"geometry":{"type":"LineString","coordinates":[[-99.485586,20.1067],[-99.484873,20.106079],[-99.484944,20.105649],[-99.485668,20.10628],[-99.485598,20.106374],[-99.485586,20.1067]]}},{"type":"Feature","properties":{},"geometry":{"type":"LineString","coordinates":[[-99.487671,20.108519],[-99.487078,20.108001],[-99.487049,20.107484],[-99.488199,20.108487],[-99.487671,20.108519]]}},{"type":"Feature","properties":{},"geometry":{"type":"LineString","coordinates":[[-99.48777,20.108605],[-99.487671,20.108519],[-99.488199,20.108487],[-99.488303,20.108578],[-99.48777,20.108605]]}},{"type":"Feature","properties":{},"geometry":{"type":"LineString","coordinates":[[-99.488719,20.109433],[-99.48777,20.108605],[-99.488303,20.108578],[-99.488795,20.109007],[-99.488719,20.109433]]}},{"type":"Feature","properties":{},"geometry":{"type":"LineString","coordinates":[[-99.489144,20.109803],[-99.488719,20.109433],[-99.488795,20.109007],[-99.489264,20.109416],[-99.489333,20.109896],[-99.489837,20.110272],[-99.490142,20.110689],[-99.490142,20.110689],[-99.49009,20.110641],[-99.49009,20.110641],[-99.489979,20.11054],[-99.489979,20.11054],[-99.489856,20.11043],[-99.489856,20.11043],[-99.489746,20.110332],[-99.489746,20.110332],[-99.48962,20.11022],[-99.48962,20.11022],[-99.489515,20.110127],[-99.489515,20.110127],[-99.489382,20.110011],[-99.489382,20.110011],[-99.489303,20.109942],[-99.489303,20.109942],[-99.489144,20.109803]]}},{"type":"Feature","properties":{},"geometry":{"type":"LineString","coordinates":[[-99.490142,20.110689],[-99.489837,20.110272],[-99.489333,20.109896],[-99.489264,20.109416],[-99.489403,20.109538],[-99.489403,20.109538],[-99.489563,20.109677],[-99.489563,20.109677],[-99.489642,20.109746],[-99.489642,20.109746],[-99.489775,20.109863],[-99.489775,20.109863],[-99.489881,20.109956],[-99.489881,20.109956],[-99.490008,20.110069],[-99.490008,20.110069],[-99.490119,20.110168],[-99.490119,20.110168],[-99.490243,20.110279],[-99.490243,20.110279],[-99.490356,20.110381],[-99.490356,20.110381],[-99.490478,20.110494],[-99.490478,20.110494],[-99.49059,20.110598],[-99.49059,20.110598],[-99.490897,20.110892],[-99.49037,20.110897],[-99.490374,20.110906],[-99.490374,20.110906],[-99.49032,20.110855],[-99.49032,20.110855],[-99.49021,20.110752],[-99.49021,20.110752],[-99.490142,20.110689]]}},{"type":"Feature","properties":{},"geometry":{"type":"LineString","coordinates":[[-99.490992,20.111514],[-99.490374,20.110906],[-99.490374,20.110906],[-99.49037,20.110897],[-99.490897,20.110892],[-99.490897,20.110892],[-99.491413,20.111414],[-99.491133,20.111474],[-99.490992,20.111514]]}},{"type":"Feature","properties":{},"geometry":{"type":"LineString","coordinates":[[-99.491641,20.112211],[-99.490992,20.111514],[-99.490992,20.111514],[-99.491133,20.111474],[-99.491413,20.111414],[-99.491413,20.111414],[-99.492194,20.112276],[-99.492164,20.112272],[-99.491641,20.112211]]}},{"type":"Feature","properties":{},"geometry":{"type":"LineString","coordinates":[[-99.493172,20.114151],[-99.492436,20.11316],[-99.491641,20.112211],[-99.491641,20.112211],[-99.492164,20.112272],[-99.492194,20.112276],[-99.492194,20.112276],[-99.492746,20.112947],[-99.493269,20.113639],[-99.493262,20.113684],[-99.493266,20.113821],[-99.493289,20.114024],[-99.4933,20.114147],[-99.493172,20.114151]]}},{"type":"Feature","properties":{},"geometry":{"type":"LineString","coordinates":[[-99.493352,20.114414],[-99.493268,20.114291],[-99.493268,20.114291],[-99.493172,20.114151],[-99.493172,20.114151],[-99.4933,20.114147],[-99.493625,20.114829],[-99.493625,20.114829],[-99.493612,20.114808],[-99.493612,20.114808],[-99.493523,20.114671],[-99.493523,20.114671],[-99.493441,20.114548],[-99.493441,20.114548],[-99.493352,20.114414]]}},{"type":"Feature","properties":{},"geometry":{"type":"LineString","coordinates":[[-99.494378,20.116016],[-99.494195,20.115726],[-99.494681,20.115904],[-99.494378,20.116016]]}},{"type":"Feature","properties":{},"geometry":{"type":"LineString","coordinates":[[-99.495494,20.11804],[-99.495333,20.117949],[-99.495242,20.117831],[-99.495367,20.117689],[-99.495369,20.117528],[-99.495478,20.117449],[-99.49578,20.117819],[-99.495494,20.11804]]}},{"type":"Feature","properties":{},"geometry":{"type":"LineString","coordinates":[[-99.495601,20.117958],[-99.495369,20.11759],[-99.495369,20.117528],[-99.495478,20.117449],[-99.49578,20.117819],[-99.495601,20.117958]]}},{"type":"Feature","properties":{},"geometry":{"type":"LineString","coordinates":[[-99.338804,20.070983],[-99.338815,20.070994],[-99.338815,20.070994],[-99.338886,20.071063],[-99.338886,20.071063],[-99.338967,20.071141],[-99.341222,20.073342],[-99.341391,20.073498],[-99.341545,20.073642],[-99.341699,20.073786],[-99.341852,20.07393],[-99.342005,20.074073],[-99.342037,20.074104],[-99.352536,20.084343],[-99.352736,20.084538],[-99.352736,20.084538],[-99.352913,20.084711],[-99.352913,20.084711],[-99.353003,20.084797],[-99.353003,20.084797],[-99.353152,20.084941],[-99.353152,20.084941],[-99.353271,20.085056],[-99.353271,20.085056],[-99.353416,20.085193],[-99.353416,20.085193],[-99.353544,20.085313],[-99.353544,20.085313],[-99.353688,20.085446],[-99.353688,20.085446],[-99.353821,20.085566],[-99.353821,20.085566],[-99.353967,20.085696],[-99.353967,20.085696],[-99.354104,20.085815],[-99.354104,20.085815],[-99.354867,20.086424],[-99.355672,20.086984],[-99.356515,20.087491],[-99.357392,20.087943],[-99.358299,20.088339],[-99.359233,20.088675],[-99.360189,20.088951],[-99.361162,20.089166],[-99.362148,20.089318],[-99.363143,20.089407],[-99.364142,20.089432],[-99.36514,20.089394],[-99.366134,20.089292],[-99.367118,20.089127],[-99.368088,20.088899],[-99.369039,20.08861],[-99.369968,20.088262],[-99.369968,20.088262],[-99.370138,20.08819],[-99.370138,20.08819],[-99.37032,20.088111],[-99.37032,20.088111],[-99.370486,20.088037],[-99.370486,20.088037],[-99.370668,20.087954],[-99.370668,20.087954],[-99.370829,20.087879],[-99.370829,20.087879],[-99.371012,20.087793],[-99.371012,20.087793],[-99.371165,20.08772],[-99.371165,20.08772],[-99.371354,20.087628],[-99.371354,20.087628],[-99.371468,20.087573],[-99.371468,20.087573],[-99.371695,20.087462],[-99.376828,20.084952],[-99.376828,20.084952],[-99.377054,20.084842],[-99.377054,20.084842],[-99.377168,20.084786],[-99.377168,20.084786],[-99.377356,20.084695],[-99.377356,20.084695],[-99.377507,20.084623],[-99.377507,20.084623],[-99.377689,20.084537],[-99.377689,20.084537],[-99.377848,20.084463],[-99.377848,20.084463],[-99.378027,20.084381],[-99.378027,20.084381],[-99.37819,20.084308],[-99.37819,20.084308],[-99.378369,20.084231],[-99.378369,20.084231],[-99.378535,20.084161],[-99.378535,20.084161],[-99.379417,20.083829],[-99.380319,20.083553],[-99.381238,20.083332],[-99.382171,20.083169],[-99.383113,20.083065],[-99.384061,20.083019],[-99.385009,20.083031],[-99.385955,20.083102],[-99.386894,20.083232],[-99.387821,20.08342],[-99.387821,20.08342],[-99.387998,20.083462],[-99.387998,20.083462],[-99.388188,20.08351],[-99.388188,20.08351],[-99.388362,20.083556],[-99.388362,20.083556],[-99.388553,20.083608],[-99.388553,20.083608],[-99.388723,20.083656],[-99.388723,20.083656],[-99.388917,20.083712],[-99.388917,20.083712],[-99.389079,20.083759],[-99.389079,20.083759],[-99.389281,20.083819],[-99.389281,20.083819],[-99.389402,20.083856],[-99.389402,20.083856],[-99.389645,20.083929],[-99.396279,20.085929],[-99.396279,20.085929],[-99.396461,20.085984],[-99.396461,20.085984],[-99.396552,20.086011],[-99.396552,20.086011],[-99.396705,20.086057],[-99.396705,20.086057],[-99.396827,20.086093],[-99.396827,20.086093],[-99.396973,20.086136],[-99.396973,20.086136],[-99.397102,20.086173],[-99.397102,20.086173],[-99.397247,20.086214],[-99.397247,20.086214],[-99.397379,20.086251],[-99.397379,20.086251],[-99.397523,20.08629],[-99.397523,20.08629],[-99.397657,20.086326],[-99.397657,20.086326],[-99.398789,20.086584],[-99.399935,20.086775],[-99.401092,20.086897],[-99.402255,20.086948],[-99.403419,20.08693],[-99.404579,20.086843],[-99.405731,20.086686],[-99.406871,20.08646],[-99.407992,20.086166],[-99.407992,20.086166],[-99.408125,20.086127],[-99.408125,20.086127],[-99.408268,20.086083],[-99.408268,20.086083],[-99.408399,20.086042],[-99.408399,20.086042],[-99.408542,20.085997],[-99.408542,20.085997],[-99.408669,20.085956],[-99.408669,20.085956],[-99.408815,20.085908],[-99.408815,20.085908],[-99.408935,20.085868],[-99.408935,20.085868],[-99.409086,20.085818],[-99.409086,20.085818],[-99.409176,20.085788],[-99.409176,20.085788],[-99.409357,20.085727],[-99.413592,20.084305],[-99.413592,20.084305],[-99.41376,20.084249],[-99.41376,20.084249],[-99.413844,20.084221],[-99.413844,20.084221],[-99.413984,20.084174],[-99.413984,20.084174],[-99.414096,20.084137],[-99.414096,20.084137],[-99.414231,20.084092],[-99.414231,20.084092],[-99.414348,20.084054],[-99.414348,20.084054],[-99.414481,20.084011],[-99.414481,20.084011],[-99.414601,20.083972],[-99.414601,20.083972],[-99.414732,20.08393],[-99.414732,20.08393],[-99.414853,20.083892],[-99.414853,20.083892],[-99.416067,20.083543],[-99.417295,20.083245],[-99.417295,20.083245],[-99.41742,20.083217],[-99.41742,20.083217],[-99.417555,20.083188],[-99.417555,20.083188],[-99.417679,20.083162],[-99.417679,20.083162],[-99.417815,20.083134],[-99.417815,20.083134],[-99.417937,20.083109],[-99.417937,20.083109],[-99.418076,20.083081],[-99.418076,20.083081],[-99.418192,20.083058],[-99.418192,20.083058],[-99.418338,20.083029],[-99.418338,20.083029],[-99.418425,20.083012],[-99.418425,20.083012],[-99.4186,20.082977],[-99.429654,20.080795],[-99.429654,20.080795],[-99.429866,20.080753],[-99.429866,20.080753],[-99.429972,20.080733],[-99.429972,20.080733],[-99.430149,20.080698],[-99.430149,20.080698],[-99.43029,20.080671],[-99.43029,20.080671],[-99.43046,20.080639],[-99.43046,20.080639],[-99.430608,20.080611],[-99.430608,20.080611],[-99.430774,20.080581],[-99.430774,20.080581],[-99.430926,20.080554],[-99.430926,20.080554],[-99.43109,20.080526],[-99.43109,20.080526],[-99.431244,20.080501],[-99.431244,20.080501],[-99.432704,20.080313],[-99.434175,20.080219],[-99.435649,20.080218],[-99.437119,20.080312],[-99.43858,20.080499],[-99.440024,20.080779],[-99.441444,20.08115],[-99.442835,20.081611],[-99.44419,20.08216],[-99.445502,20.082793],[-99.445502,20.082793],[-99.445638,20.082865],[-99.445638,20.082865],[-99.445784,20.082943],[-99.445784,20.082943],[-99.445917,20.083016],[-99.445917,20.083016],[-99.446064,20.083096],[-99.446064,20.083096],[-99.446194,20.083169],[-99.446194,20.083169],[-99.446343,20.083252],[-99.446343,20.083252],[-99.446466,20.083322],[-99.446466,20.083322],[-99.446621,20.083409],[-99.446621,20.083409],[-99.446714,20.083462],[-99.446714,20.083462],[-99.446899,20.083568],[-99.479431,20.102117],[-99.479431,20.102117],[-99.479616,20.102223],[-99.479616,20.102223],[-99.479709,20.102276],[-99.479709,20.102276],[-99.479863,20.102364],[-99.479863,20.102364],[-99.479986,20.102435],[-99.479986,20.102435],[-99.480133,20.10252],[-99.480133,20.10252],[-99.480262,20.102596],[-99.480262,20.102596],[-99.480406,20.10268],[-99.480406,20.10268],[-99.480536,20.102758],[-99.480536,20.102758],[-99.480677,20.102844],[-99.480677,20.102844],[-99.480807,20.102924],[-99.480807,20.102924],[-99.481957,20.103686],[-99.483052,20.104516],[-99.483052,20.104516],[-99.48317,20.104612],[-99.48317,20.104612],[-99.483296,20.104716],[-99.483296,20.104716],[-99.483411,20.104813],[-99.483411,20.104813],[-99.483537,20.10492],[-99.483537,20.10492],[-99.48365,20.105015],[-99.48365,20.105015],[-99.483778,20.105125],[-99.483778,20.105125],[-99.483884,20.105217],[-99.483884,20.105217],[-99.484017,20.105332],[-99.484017,20.105332],[-99.484096,20.105402],[-99.484096,20.105402],[-99.484256,20.10554],[-99.489144,20.109803],[-99.489144,20.109803],[-99.489303,20.109942],[-99.489303,20.109942],[-99.489382,20.110011],[-99.489382,20.110011],[-99.489515,20.110127],[-99.489515,20.110127],[-99.48962,20.11022],[-99.48962,20.11022],[-99.489746,20.110332],[-99.489746,20.110332],[-99.489856,20.11043],[-99.489856,20.11043],[-99.489979,20.11054],[-99.489979,20.11054],[-99.49009,20.110641],[-99.49009,20.110641],[-99.49021,20.110752],[-99.49021,20.110752],[-99.49032,20.110855],[-99.49032,20.110855],[-99.49113,20.111656],[-99.491892,20.112498],[-99.492605,20.113377],[-99.493268,20.114291],[-99.493268,20.114291],[-99.493352,20.114414],[-99.493352,20.114414],[-99.493441,20.114548],[-99.493441,20.114548],[-99.493523,20.114671],[-99.493523,20.114671],[-99.493612,20.114808],[-99.493612,20.114808],[-99.49369,20.11493],[-99.49369,20.11493],[-99.49378,20.115069],[-99.49378,20.115069],[-99.493854,20.115186],[-99.493854,20.115186],[-99.493947,20.115332],[-99.493947,20.115332],[-99.494002,20.11542],[-99.494002,20.11542],[-99.494113,20.115596],[-99.497055,20.120268]]}},{"type":"Feature","properties":{},"geometry":{"type":"LineString","coordinates":[[-99.497384,20.120083],[-99.494442,20.115411],[-99.494442,20.115411],[-99.494331,20.115235],[-99.494331,20.115235],[-99.494275,20.115147],[-99.494275,20.115147],[-99.494182,20.115],[-99.494182,20.115],[-99.494108,20.114883],[-99.494108,20.114883],[-99.494017,20.114742],[-99.494017,20.114742],[-99.493938,20.114619],[-99.493938,20.114619],[-99.493848,20.114481],[-99.493848,20.114481],[-99.493765,20.114356],[-99.493765,20.114356],[-99.493675,20.11422],[-99.493675,20.11422],[-99.493589,20.114094],[-99.493589,20.114094],[-99.492915,20.113165],[-99.492189,20.11227],[-99.491413,20.111414],[-99.49059,20.110598],[-99.49059,20.110598],[-99.490478,20.110494],[-99.490478,20.110494],[-99.490356,20.110381],[-99.490356,20.110381],[-99.490243,20.110279],[-99.490243,20.110279],[-99.490119,20.110168],[-99.490119,20.110168],[-99.490008,20.110069],[-99.490008,20.110069],[-99.489881,20.109956],[-99.489881,20.109956],[-99.489775,20.109863],[-99.489775,20.109863],[-99.489642,20.109746],[-99.489642,20.109746],[-99.489563,20.109677],[-99.489563,20.109677],[-99.489403,20.109538],[-99.484515,20.105275],[-99.484515,20.105275],[-99.484356,20.105136],[-99.484356,20.105136],[-99.484276,20.105066],[-99.484276,20.105066],[-99.484142,20.104951],[-99.484142,20.104951],[-99.484035,20.104858],[-99.484035,20.104858],[-99.483907,20.104747],[-99.483907,20.104747],[-99.483793,20.104651],[-99.483793,20.104651],[-99.483665,20.104543],[-99.483665,20.104543],[-99.483549,20.104445],[-99.483549,20.104445],[-99.483421,20.104339],[-99.483421,20.104339],[-99.483301,20.104242],[-99.483301,20.104242],[-99.482186,20.103397],[-99.481017,20.102621],[-99.481017,20.102621],[-99.480884,20.10254],[-99.480884,20.10254],[-99.480741,20.102453],[-99.480741,20.102453],[-99.480609,20.102374],[-99.480609,20.102374],[-99.480464,20.102289],[-99.480464,20.102289],[-99.480334,20.102213],[-99.480334,20.102213],[-99.480186,20.102127],[-99.480186,20.102127],[-99.480062,20.102055],[-99.480062,20.102055],[-99.479907,20.101967],[-99.479907,20.101967],[-99.479814,20.101913],[-99.479814,20.101913],[-99.479628,20.101808],[-99.447097,20.083259],[-99.447097,20.083259],[-99.446911,20.083153],[-99.446911,20.083153],[-99.446818,20.0831],[-99.446818,20.0831],[-99.446663,20.083012],[-99.446663,20.083012],[-99.446538,20.082941],[-99.446538,20.082941],[-99.446389,20.082857],[-99.446389,20.082857],[-99.446257,20.082784],[-99.446257,20.082784],[-99.446109,20.082703],[-99.446109,20.082703],[-99.445974,20.082629],[-99.445974,20.082629],[-99.445826,20.08255],[-99.445826,20.08255],[-99.445688,20.082477],[-99.445688,20.082477],[-99.444352,20.081832],[-99.442974,20.081274],[-99.441559,20.080805],[-99.440113,20.080427],[-99.438644,20.080143],[-99.437158,20.079952],[-99.435661,20.079857],[-99.434162,20.079857],[-99.432665,20.079953],[-99.431179,20.080144],[-99.431179,20.080144],[-99.431023,20.08017],[-99.431023,20.08017],[-99.430856,20.080199],[-99.430856,20.080199],[-99.430703,20.080226],[-99.430703,20.080226],[-99.430535,20.080256],[-99.430535,20.080256],[-99.430385,20.080284],[-99.430385,20.080284],[-99.430214,20.080317],[-99.430214,20.080317],[-99.430072,20.080344],[-99.430072,20.080344],[-99.429895,20.080379],[-99.429895,20.080379],[-99.429788,20.0804],[-99.429788,20.0804],[-99.429576,20.080441],[-99.418522,20.082623],[-99.418522,20.082623],[-99.418347,20.082658],[-99.418347,20.082658],[-99.418259,20.082675],[-99.418259,20.082675],[-99.418113,20.082704],[-99.418113,20.082704],[-99.417997,20.082728],[-99.417997,20.082728],[-99.417856,20.082756],[-99.417856,20.082756],[-99.417734,20.082781],[-99.417734,20.082781],[-99.417596,20.082809],[-99.417596,20.082809],[-99.417471,20.082836],[-99.417471,20.082836],[-99.417335,20.082865],[-99.417335,20.082865],[-99.417208,20.082893],[-99.417208,20.082893],[-99.415963,20.083195],[-99.414734,20.083549],[-99.414734,20.083549],[-99.41461,20.083588],[-99.41461,20.083588],[-99.414478,20.08363],[-99.414478,20.08363],[-99.414357,20.083669],[-99.414357,20.083669],[-99.414223,20.083712],[-99.414223,20.083712],[-99.414105,20.083751],[-99.414105,20.083751],[-99.41397,20.083796],[-99.41397,20.083796],[-99.413857,20.083833],[-99.413857,20.083833],[-99.413716,20.08388],[-99.413716,20.08388],[-99.413632,20.083908],[-99.413632,20.083908],[-99.413464,20.083965],[-99.409229,20.085387],[-99.409229,20.085387],[-99.409048,20.085447],[-99.409048,20.085447],[-99.408958,20.085477],[-99.408958,20.085477],[-99.408809,20.085527],[-99.408809,20.085527],[-99.408689,20.085567],[-99.408689,20.085567],[-99.408545,20.085614],[-99.408545,20.085614],[-99.408419,20.085655],[-99.408419,20.085655],[-99.408278,20.0857],[-99.408278,20.0857],[-99.408149,20.08574],[-99.408149,20.08574],[-99.408009,20.085783],[-99.408009,20.085783],[-99.407879,20.085821],[-99.407879,20.085821],[-99.40678,20.086109],[-99.405665,20.08633],[-99.404537,20.086484],[-99.4034,20.086569],[-99.402261,20.086587],[-99.401122,20.086536],[-99.399989,20.086417],[-99.398867,20.086231],[-99.397759,20.085977],[-99.397759,20.085977],[-99.397628,20.085942],[-99.397628,20.085942],[-99.397486,20.085904],[-99.397486,20.085904],[-99.397356,20.085868],[-99.397356,20.085868],[-99.397213,20.085827],[-99.397213,20.085827],[-99.397086,20.08579],[-99.397086,20.08579],[-99.396941,20.085748],[-99.396941,20.085748],[-99.39682,20.085712],[-99.39682,20.085712],[-99.396668,20.085667],[-99.396668,20.085667],[-99.396577,20.085639],[-99.396577,20.085639],[-99.396395,20.085584],[-99.389761,20.083584],[-99.389761,20.083584],[-99.389518,20.083511],[-99.389518,20.083511],[-99.389396,20.083475],[-99.389396,20.083475],[-99.389193,20.083414],[-99.389193,20.083414],[-99.389029,20.083366],[-99.389029,20.083366],[-99.388833,20.08331],[-99.388833,20.08331],[-99.38866,20.083261],[-99.38866,20.083261],[-99.388466,20.083208],[-99.388466,20.083208],[-99.388289,20.083162],[-99.388289,20.083162],[-99.388095,20.083113],[-99.388095,20.083113],[-99.387914,20.083069],[-99.387914,20.083069],[-99.386961,20.082876],[-99.385998,20.082743],[-99.385027,20.08267],[-99.384054,20.082657],[-99.383081,20.082705],[-99.382114,20.082812],[-99.381157,20.082979],[-99.380213,20.083205],[-99.379287,20.083489],[-99.378382,20.08383],[-99.378382,20.08383],[-99.378211,20.083902],[-99.378211,20.083902],[-99.378029,20.083981],[-99.378029,20.083981],[-99.377862,20.084055],[-99.377862,20.084055],[-99.37768,20.084138],[-99.37768,20.084138],[-99.377519,20.084213],[-99.377519,20.084213],[-99.377335,20.0843],[-99.377335,20.0843],[-99.377182,20.084373],[-99.377182,20.084373],[-99.376993,20.084465],[-99.376993,20.084465],[-99.376879,20.08452],[-99.376879,20.08452],[-99.376652,20.084631],[-99.371519,20.087141],[-99.371519,20.087141],[-99.371293,20.087251],[-99.371293,20.087251],[-99.37118,20.087306],[-99.37118,20.087306],[-99.370991,20.087398],[-99.370991,20.087398],[-99.37084,20.08747],[-99.37084,20.08747],[-99.370659,20.087556],[-99.370659,20.087556],[-99.3705,20.087629],[-99.3705,20.087629],[-99.370321,20.087711],[-99.370321,20.087711],[-99.370158,20.087784],[-99.370158,20.087784],[-99.36998,20.087861],[-99.36998,20.087861],[-99.369814,20.08793],[-99.369814,20.08793],[-99.36891,20.08827],[-99.367983,20.088551],[-99.367038,20.088773],[-99.36608,20.088934],[-99.365112,20.089033],[-99.364139,20.089071],[-99.363166,20.089046],[-99.362197,20.08896],[-99.361236,20.088811],[-99.360288,20.088602],[-99.359357,20.088333],[-99.358448,20.088005],[-99.357564,20.08762],[-99.356709,20.08718],[-99.355888,20.086686],[-99.355104,20.086141],[-99.354361,20.085547],[-99.354361,20.085547],[-99.354227,20.085431],[-99.354227,20.085431],[-99.354084,20.085304],[-99.354084,20.085304],[-99.353954,20.085186],[-99.353954,20.085186],[-99.353812,20.085055],[-99.353812,20.085055],[-99.353686,20.084938],[-99.353686,20.084938],[-99.353543,20.084802],[-99.353543,20.084802],[-99.353425,20.084688],[-99.353425,20.084688],[-99.353277,20.084545],[-99.353277,20.084545],[-99.353188,20.084459],[-99.353188,20.084459],[-99.353011,20.084286],[-99.352811,20.084091],[-99.342312,20.073852],[-99.342277,20.073818],[-99.342122,20.073673],[-99.341968,20.073529],[-99.341814,20.073385],[-99.34166,20.073241],[-99.341494,20.073087],[-99.339303,20.07095],[-99.339161,20.070812],[-99.339161,20.070812],[-99.33909,20.070742],[-99.33909,20.070742],[-99.339078,20.070731]]}},{"type":"Feature","properties":{},"geometry":{"type":"LineString","coordinates":[[-99.495369,20.11759],[-99.494378,20.116016],[-99.494681,20.115904],[-99.494734,20.115875],[-99.497052,20.119556],[-99.496878,20.119531],[-99.496878,20.119531],[-99.496878,20.119531],[-99.496577,20.119429],[-99.496577,20.119429],[-99.496577,20.119429],[-99.496577,20.119429],[-99.49652,20.119418],[-99.495601,20.117958],[-99.49578,20.117819],[-99.495478,20.117449],[-99.495369,20.117528],[-99.495369,20.11759]]}},{"type":"Feature","properties":{},"geometry":{"type":"LineString","coordinates":[[-99.494734,20.115875],[-99.494681,20.115904],[-99.494195,20.115726],[-99.494113,20.115596],[-99.494002,20.11542],[-99.493947,20.115332],[-99.493854,20.115186],[-99.493625,20.114829],[-99.4933,20.114147],[-99.493289,20.114024],[-99.493266,20.113821],[-99.493262,20.113684],[-99.493269,20.113639],[-99.493589,20.114094],[-99.493848,20.114481],[-99.494017,20.114742],[-99.494108,20.114883],[-99.494182,20.115],[-99.494275,20.115147],[-99.494331,20.115235],[-99.494442,20.115411],[-99.494734,20.115875]]}},{"type":"Feature","properties":{},"geometry":{"type":"LineString","coordinates":[[-99.495369,20.11759],[-99.494378,20.116016],[-99.494681,20.115904],[-99.494734,20.115875],[-99.497052,20.119556],[-99.496878,20.119531],[-99.496878,20.119531],[-99.496878,20.119531],[-99.496577,20.119429],[-99.496577,20.119429],[-99.496577,20.119429],[-99.496577,20.119429],[-99.49652,20.119418],[-99.495601,20.117958],[-99.49578,20.117819],[-99.495478,20.117449],[-99.495369,20.117528],[-99.495369,20.11759]]}},{"type":"Feature","properties":{},"geometry":{"type":"LineString","coordinates":[[-99.495601,20.117958],[-99.49578,20.117819],[-99.495478,20.117449],[-99.495369,20.117528],[-99.495369,20.11759],[-99.495601,20.117958],[-99.495601,20.117958]]}},{"type":"Feature","properties":{"Name":"Polyline [2BA2]:0","altitudeMode":"relativeToGround","tessellate":"-1","visibility":"-1","id_2":"6"},"geometry":{"type":"LineString","coordinates":[[-99.497055,20.120268],[-99.497055,20.120268]]}},{"type":"Feature","properties":{"Name":"Polyline [2BA2]:0","altitudeMode":"relativeToGround","tessellate":"-1","visibility":"-1","id_2":"6"},"geometry":{"type":"LineString","coordinates":[[-99.497055,20.120268],[-99.499861,20.124723]]}},{"type":"Feature","properties":{"Name":"Polyline [2BA2]:0","altitudeMode":"relativeToGround","tessellate":"-1","visibility":"-1","id_2":"6"},"geometry":{"type":"LineString","coordinates":[[-99.502653,20.128388],[-99.504907,20.130863]]}},{"type":"Feature","properties":{"Name":"Polyline [2BA2]:0","altitudeMode":"relativeToGround","tessellate":"-1","visibility":"-1","id_2":"6"},"geometry":{"type":"LineString","coordinates":[[-99.50887,20.137024],[-99.511526,20.143279]]}},{"type":"Feature","properties":{"Name":"Polyline [2BA2]:0","altitudeMode":"relativeToGround","tessellate":"-1","visibility":"-1","id_2":"6"},"geometry":{"type":"LineString","coordinates":[[-99.511526,20.143279],[-99.512662,20.145953]]}},{"type":"Feature","properties":{"Name":"Polyline [2BA2]:0","altitudeMode":"relativeToGround","tessellate":"-1","visibility":"-1","id_2":"6"},"geometry":{"type":"LineString","coordinates":[[-99.515765,20.150998],[-99.521304,20.157588]]}},{"type":"Feature","properties":{"Name":"Polyline [2BA2]:0","altitudeMode":"relativeToGround","tessellate":"-1","visibility":"-1","id_2":"6"},"geometry":{"type":"LineString","coordinates":[[-99.524899,20.164548],[-99.529813,20.183785]]}},{"type":"Feature","properties":{"Name":"Polyline [2BA2]:0","altitudeMode":"relativeToGround","tessellate":"-1","visibility":"-1","id_2":"6"},"geometry":{"type":"LineString","coordinates":[[-99.534636,20.191697],[-99.548028,20.203784]]}},{"type":"Feature","properties":{"Name":"Polyline [2BA2]:0","altitudeMode":"relativeToGround","tessellate":"-1","visibility":"-1","id_2":"6"},"geometry":{"type":"LineString","coordinates":[[-99.556507,20.207251],[-99.560212,20.207442]]}},{"type":"Feature","properties":{"Name":"Polyline [2BA2]:0","altitudeMode":"relativeToGround","tessellate":"-1","visibility":"-1","id_2":"6"},"geometry":{"type":"LineString","coordinates":[[-99.566438,20.208986],[-99.575361,20.213152]]}},{"type":"Feature","properties":{"Name":"Polyline [2BA2]:0","altitudeMode":"relativeToGround","tessellate":"-1","visibility":"-1","id_2":"6"},"geometry":{"type":"LineString","coordinates":[[-99.578433,20.214289],[-99.591413,20.217923]]}},{"type":"Feature","properties":{"Name":"Polyline [2BA2]:0","altitudeMode":"relativeToGround","tessellate":"-1","visibility":"-1","id_2":"6"},"geometry":{"type":"LineString","coordinates":[[-99.594328,20.218646],[-99.605258,20.221013]]}},{"type":"Feature","properties":{"Name":"Polyline [2BA2]:0","altitudeMode":"relativeToGround","tessellate":"-1","visibility":"-1","id_2":"6"},"geometry":{"type":"LineString","coordinates":[[-99.608141,20.221451],[-99.613608,20.221937]]}},{"type":"Feature","properties":{"Name":"Polyline [2BA2]:0","altitudeMode":"relativeToGround","tessellate":"-1","visibility":"-1","id_2":"6"},"geometry":{"type":"LineString","coordinates":[[-99.617581,20.222031],[-99.623889,20.22177]]}},{"type":"Feature","properties":{"Name":"Polyline [2BA2]:0","altitudeMode":"relativeToGround","tessellate":"-1","visibility":"-1","id_2":"6"},"geometry":{"type":"LineString","coordinates":[[-99.623872,20.221409],[-99.617564,20.22167]]}},{"type":"Feature","properties":{"Name":"Polyline [2BA2]:0","altitudeMode":"relativeToGround","tessellate":"-1","visibility":"-1","id_2":"6"},"geometry":{"type":"LineString","coordinates":[[-99.613644,20.221577],[-99.608177,20.221092]]}},{"type":"Feature","properties":{"Name":"Polyline [2BA2]:0","altitudeMode":"relativeToGround","tessellate":"-1","visibility":"-1","id_2":"6"},"geometry":{"type":"LineString","coordinates":[[-99.605344,20.220661],[-99.594414,20.218294]]}},{"type":"Feature","properties":{"Name":"Polyline [2BA2]:0","altitudeMode":"relativeToGround","tessellate":"-1","visibility":"-1","id_2":"6"},"geometry":{"type":"LineString","coordinates":[[-99.591522,20.217577],[-99.578542,20.213943]]}},{"type":"Feature","properties":{"Name":"Polyline [2BA2]:0","altitudeMode":"relativeToGround","tessellate":"-1","visibility":"-1","id_2":"6"},"geometry":{"type":"LineString","coordinates":[[-99.575531,20.212828],[-99.566608,20.208662]]}},{"type":"Feature","properties":{"Name":"Polyline [2BA2]:0","altitudeMode":"relativeToGround","tessellate":"-1","visibility":"-1","id_2":"6"},"geometry":{"type":"LineString","coordinates":[[-99.560233,20.207081],[-99.556528,20.20689]]}},{"type":"Feature","properties":{"Name":"Polyline [2BA2]:0","altitudeMode":"relativeToGround","tessellate":"-1","visibility":"-1","id_2":"6"},"geometry":{"type":"LineString","coordinates":[[-99.548293,20.203523],[-99.534901,20.191435]]}},{"type":"Feature","properties":{"Name":"Polyline [2BA2]:0","altitudeMode":"relativeToGround","tessellate":"-1","visibility":"-1","id_2":"6"},"geometry":{"type":"LineString","coordinates":[[-99.530185,20.1837],[-99.525271,20.164463]]}},{"type":"Feature","properties":{"Name":"Polyline [2BA2]:0","altitudeMode":"relativeToGround","tessellate":"-1","visibility":"-1","id_2":"6"},"geometry":{"type":"LineString","coordinates":[[-99.521603,20.157363],[-99.516064,20.150774]]}},{"type":"Feature","properties":{"Name":"Polyline [2BA2]:0","altitudeMode":"relativeToGround","tessellate":"-1","visibility":"-1","id_2":"6"},"geometry":{"type":"LineString","coordinates":[[-99.513017,20.145818],[-99.511881,20.143144]]}},{"type":"Feature","properties":{"Name":"Polyline [2BA2]:0","altitudeMode":"relativeToGround","tessellate":"-1","visibility":"-1","id_2":"6"},"geometry":{"type":"LineString","coordinates":[[-99.511881,20.143144],[-99.509225,20.136889]]}},{"type":"Feature","properties":{"Name":"Polyline [2BA2]:0","altitudeMode":"relativeToGround","tessellate":"-1","visibility":"-1","id_2":"6"},"geometry":{"type":"LineString","coordinates":[[-99.505197,20.130627],[-99.502943,20.128153]]}},{"type":"Feature","properties":{"Name":"Polyline [2BA2]:0","altitudeMode":"relativeToGround","tessellate":"-1","visibility":"-1","id_2":"6"},"geometry":{"type":"LineString","coordinates":[[-99.50019,20.124538],[-99.497384,20.120083]]}},{"type":"Feature","properties":{"Name":"Polyline [2BA2]:0","altitudeMode":"relativeToGround","tessellate":"-1","visibility":"-1","id_2":"6"},"geometry":{"type":"LineString","coordinates":[[-99.497384,20.120083],[-99.497384,20.120083]]}},{"type":"Feature","properties":{"Name":"Polyline [2BA2]:0","altitudeMode":"relativeToGround","tessellate":"-1","visibility":"-1","id_2":"6"},"geometry":{"type":"LineString","coordinates":[[-99.499861,20.124723],[-99.499872,20.12474],[-99.499883,20.124757],[-99.499894,20.124774],[-99.499905,20.124792],[-99.499916,20.124809],[-99.499927,20.124826],[-99.499937,20.124844],[-99.499948,20.124861],[-99.499959,20.124878]]}},{"type":"Feature","properties":{"Name":"Polyline [2BA2]:0","altitudeMode":"relativeToGround","tessellate":"-1","visibility":"-1","id_2":"6"},"geometry":{"type":"LineString","coordinates":[[-99.499959,20.124878],[-99.499965,20.124887],[-99.49997,20.124895],[-99.499976,20.124904],[-99.499981,20.124913],[-99.499986,20.124921],[-99.499992,20.12493],[-99.499997,20.124939],[-99.500003,20.124947],[-99.500008,20.124956]]}},{"type":"Feature","properties":{"Name":"Polyline [2BA2]:0","altitudeMode":"relativeToGround","tessellate":"-1","visibility":"-1","id_2":"6"},"geometry":{"type":"LineString","coordinates":[[-99.500008,20.124956],[-99.500017,20.12497],[-99.500026,20.124985],[-99.500036,20.124999],[-99.500045,20.125013],[-99.500054,20.125028],[-99.500063,20.125042],[-99.500072,20.125057],[-99.500081,20.125071],[-99.50009,20.125085]]}},{"type":"Feature","properties":{"Name":"Polyline [2BA2]:0","altitudeMode":"relativeToGround","tessellate":"-1","visibility":"-1","id_2":"6"},"geometry":{"type":"LineString","coordinates":[[-99.50009,20.125085],[-99.500098,20.125097],[-99.500105,20.125108],[-99.500112,20.12512],[-99.50012,20.125131],[-99.500127,20.125143],[-99.500134,20.125154],[-99.500142,20.125166],[-99.500149,20.125177],[-99.500156,20.125189]]}},{"type":"Feature","properties":{"Name":"Polyline [2BA2]:0","altitudeMode":"relativeToGround","tessellate":"-1","visibility":"-1","id_2":"6"},"geometry":{"type":"LineString","coordinates":[[-99.500156,20.125189],[-99.500165,20.125203],[-99.500174,20.125217],[-99.500183,20.12523],[-99.500192,20.125244],[-99.5002,20.125258],[-99.500209,20.125272],[-99.500218,20.125285],[-99.500227,20.125299],[-99.500236,20.125313]]}},{"type":"Feature","properties":{"Name":"Polyline [2BA2]:0","altitudeMode":"relativeToGround","tessellate":"-1","visibility":"-1","id_2":"6"},"geometry":{"type":"LineString","coordinates":[[-99.500236,20.125313],[-99.500244,20.125325],[-99.500251,20.125337],[-99.500259,20.125349],[-99.500267,20.125361],[-99.500275,20.125373],[-99.500283,20.125385],[-99.50029,20.125397],[-99.500298,20.12541],[-99.500306,20.125422]]}},{"type":"Feature","properties":{"Name":"Polyline [2BA2]:0","altitudeMode":"relativeToGround","tessellate":"-1","visibility":"-1","id_2":"6"},"geometry":{"type":"LineString","coordinates":[[-99.500306,20.125422],[-99.500315,20.125435],[-99.500324,20.125449],[-99.500332,20.125462],[-99.500341,20.125476],[-99.50035,20.125489],[-99.500359,20.125503],[-99.500368,20.125516],[-99.500376,20.12553],[-99.500385,20.125543]]}},{"type":"Feature","properties":{"Name":"Polyline [2BA2]:0","altitudeMode":"relativeToGround","tessellate":"-1","visibility":"-1","id_2":"6"},"geometry":{"type":"LineString","coordinates":[[-99.500385,20.125543],[-99.500393,20.125555],[-99.500401,20.125568],[-99.50041,20.12558],[-99.500418,20.125592],[-99.500426,20.125604],[-99.500434,20.125617],[-99.500442,20.125629],[-99.50045,20.125641],[-99.500458,20.125653]]}},{"type":"Feature","properties":{"Name":"Polyline [2BA2]:0","altitudeMode":"relativeToGround","tessellate":"-1","visibility":"-1","id_2":"6"},"geometry":{"type":"LineString","coordinates":[[-99.500458,20.125653],[-99.500467,20.125667],[-99.500476,20.12568],[-99.500485,20.125693],[-99.500494,20.125707],[-99.500503,20.12572],[-99.500512,20.125733],[-99.50052,20.125746],[-99.500529,20.12576],[-99.500538,20.125773]]}},{"type":"Feature","properties":{"Name":"Polyline [2BA2]:0","altitudeMode":"relativeToGround","tessellate":"-1","visibility":"-1","id_2":"6"},"geometry":{"type":"LineString","coordinates":[[-99.500538,20.125773],[-99.500547,20.125785],[-99.500555,20.125798],[-99.500563,20.12581],[-99.500572,20.125822],[-99.50058,20.125835],[-99.500588,20.125847],[-99.500597,20.125859],[-99.500605,20.125872],[-99.500614,20.125884]]}},{"type":"Feature","properties":{"Name":"Polyline [2BA2]:0","altitudeMode":"relativeToGround","tessellate":"-1","visibility":"-1","id_2":"6"},"geometry":{"type":"LineString","coordinates":[[-99.500614,20.125884],[-99.50073,20.126051],[-99.500848,20.126217],[-99.500968,20.126382],[-99.501089,20.126546],[-99.501213,20.126709],[-99.501339,20.12687],[-99.501466,20.12703],[-99.501596,20.127188],[-99.501727,20.127346]]}},{"type":"Feature","properties":{"Name":"Polyline [2BA2]:0","altitudeMode":"relativeToGround","tessellate":"-1","visibility":"-1","id_2":"6"},"geometry":{"type":"LineString","coordinates":[[-99.501727,20.127346],[-99.501737,20.127357],[-99.501746,20.127368],[-99.501756,20.12738],[-99.501766,20.127391],[-99.501775,20.127403],[-99.501785,20.127414],[-99.501795,20.127425],[-99.501804,20.127437],[-99.501814,20.127448]]}},{"type":"Feature","properties":{"Name":"Polyline [2BA2]:0","altitudeMode":"relativeToGround","tessellate":"-1","visibility":"-1","id_2":"6"},"geometry":{"type":"LineString","coordinates":[[-99.501814,20.127448],[-99.501825,20.12746],[-99.501835,20.127473],[-99.501846,20.127485],[-99.501856,20.127497],[-99.501867,20.127509],[-99.501877,20.127521],[-99.501888,20.127534],[-99.501898,20.127546],[-99.501909,20.127558]]}},{"type":"Feature","properties":{"Name":"Polyline [2BA2]:0","altitudeMode":"relativeToGround","tessellate":"-1","visibility":"-1","id_2":"6"},"geometry":{"type":"LineString","coordinates":[[-99.501909,20.127558],[-99.501918,20.127569],[-99.501928,20.12758],[-99.501938,20.127591],[-99.501948,20.127603],[-99.501957,20.127614],[-99.501967,20.127625],[-99.501977,20.127636],[-99.501986,20.127647],[-99.501996,20.127658]]}},{"type":"Feature","properties":{"Name":"Polyline [2BA2]:0","altitudeMode":"relativeToGround","tessellate":"-1","visibility":"-1","id_2":"6"},"geometry":{"type":"LineString","coordinates":[[-99.501996,20.127658],[-99.502007,20.12767],[-99.502018,20.127683],[-99.502028,20.127695],[-99.502039,20.127707],[-99.50205,20.127719],[-99.502061,20.127731],[-99.502071,20.127744],[-99.502082,20.127756],[-99.502093,20.127768]]}},{"type":"Feature","properties":{"Name":"Polyline [2BA2]:0","altitudeMode":"relativeToGround","tessellate":"-1","visibility":"-1","id_2":"6"},"geometry":{"type":"LineString","coordinates":[[-99.502093,20.127768],[-99.502103,20.127779],[-99.502112,20.12779],[-99.502122,20.1278],[-99.502131,20.127811],[-99.502141,20.127822],[-99.502151,20.127833],[-99.50216,20.127844],[-99.50217,20.127854],[-99.50218,20.127865]]}},{"type":"Feature","properties":{"Name":"Polyline [2BA2]:0","altitudeMode":"relativeToGround","tessellate":"-1","visibility":"-1","id_2":"6"},"geometry":{"type":"LineString","coordinates":[[-99.50218,20.127865],[-99.502191,20.127878],[-99.502202,20.12789],[-99.502213,20.127902],[-99.502224,20.127915],[-99.502235,20.127927],[-99.502246,20.127939],[-99.502257,20.127951],[-99.502268,20.127964],[-99.502279,20.127976]]}},{"type":"Feature","properties":{"Name":"Polyline [2BA2]:0","altitudeMode":"relativeToGround","tessellate":"-1","visibility":"-1","id_2":"6"},"geometry":{"type":"LineString","coordinates":[[-99.502279,20.127976],[-99.502288,20.127986],[-99.502297,20.127997],[-99.502307,20.128007],[-99.502316,20.128017],[-99.502325,20.128027],[-99.502334,20.128037],[-99.502343,20.128048],[-99.502353,20.128058],[-99.502362,20.128068]]}},{"type":"Feature","properties":{"Name":"Polyline [2BA2]:0","altitudeMode":"relativeToGround","tessellate":"-1","visibility":"-1","id_2":"6"},"geometry":{"type":"LineString","coordinates":[[-99.502362,20.128068],[-99.502373,20.128081],[-99.502385,20.128094],[-99.502397,20.128106],[-99.502408,20.128119],[-99.50242,20.128132],[-99.502431,20.128144],[-99.502443,20.128157],[-99.502454,20.12817],[-99.502466,20.128183]]}},{"type":"Feature","properties":{"Name":"Polyline [2BA2]:0","altitudeMode":"relativeToGround","tessellate":"-1","visibility":"-1","id_2":"6"},"geometry":{"type":"LineString","coordinates":[[-99.502466,20.128183],[-99.502473,20.12819],[-99.50248,20.128198],[-99.502487,20.128206],[-99.502494,20.128213],[-99.502501,20.128221],[-99.502507,20.128228],[-99.502514,20.128236],[-99.502521,20.128244],[-99.502528,20.128251]]}},{"type":"Feature","properties":{"Name":"Polyline [2BA2]:0","altitudeMode":"relativeToGround","tessellate":"-1","visibility":"-1","id_2":"6"},"geometry":{"type":"LineString","coordinates":[[-99.502528,20.128251],[-99.502542,20.128267],[-99.502556,20.128282],[-99.50257,20.128297],[-99.502584,20.128312],[-99.502598,20.128328],[-99.502611,20.128343],[-99.502625,20.128358],[-99.502639,20.128373],[-99.502653,20.128388]]}},{"type":"Feature","properties":{"Name":"Polyline [2BA2]:0","altitudeMode":"relativeToGround","tessellate":"-1","visibility":"-1","id_2":"6"},"geometry":{"type":"LineString","coordinates":[[-99.504907,20.130863],[-99.504921,20.130878],[-99.504935,20.130893],[-99.504949,20.130908],[-99.504963,20.130924],[-99.504976,20.130939],[-99.50499,20.130954],[-99.505004,20.130969],[-99.505018,20.130984],[-99.505032,20.131]]}},{"type":"Feature","properties":{"Name":"Polyline [2BA2]:0","altitudeMode":"relativeToGround","tessellate":"-1","visibility":"-1","id_2":"6"},"geometry":{"type":"LineString","coordinates":[[-99.505032,20.131],[-99.505039,20.131007],[-99.505046,20.131015],[-99.505053,20.131022],[-99.50506,20.13103],[-99.505066,20.131038],[-99.505073,20.131045],[-99.50508,20.131053],[-99.505087,20.131061],[-99.505094,20.131068]]}},{"type":"Feature","properties":{"Name":"Polyline [2BA2]:0","altitudeMode":"relativeToGround","tessellate":"-1","visibility":"-1","id_2":"6"},"geometry":{"type":"LineString","coordinates":[[-99.505094,20.131068],[-99.505106,20.131081],[-99.505117,20.131093],[-99.505129,20.131106],[-99.50514,20.131119],[-99.505152,20.131132],[-99.505163,20.131144],[-99.505175,20.131157],[-99.505186,20.13117],[-99.505198,20.131182]]}},{"type":"Feature","properties":{"Name":"Polyline [2BA2]:0","altitudeMode":"relativeToGround","tessellate":"-1","visibility":"-1","id_2":"6"},"geometry":{"type":"LineString","coordinates":[[-99.505198,20.131182],[-99.505207,20.131192],[-99.505216,20.131203],[-99.505225,20.131213],[-99.505234,20.131223],[-99.505243,20.131233],[-99.505253,20.131243],[-99.505262,20.131253],[-99.505271,20.131264],[-99.50528,20.131274]]}},{"type":"Feature","properties":{"Name":"Polyline [2BA2]:0","altitudeMode":"relativeToGround","tessellate":"-1","visibility":"-1","id_2":"6"},"geometry":{"type":"LineString","coordinates":[[-99.50528,20.131274],[-99.505291,20.131286],[-99.505302,20.131298],[-99.505313,20.13131],[-99.505324,20.131322],[-99.505335,20.131335],[-99.505346,20.131347],[-99.505357,20.131359],[-99.505368,20.131371],[-99.505379,20.131384]]}},{"type":"Feature","properties":{"Name":"Polyline [2BA2]:0","altitudeMode":"relativeToGround","tessellate":"-1","visibility":"-1","id_2":"6"},"geometry":{"type":"LineString","coordinates":[[-99.505379,20.131384],[-99.505388,20.131394],[-99.505398,20.131405],[-99.505407,20.131416],[-99.505417,20.131426],[-99.505426,20.131437],[-99.505436,20.131448],[-99.505445,20.131459],[-99.505455,20.131469],[-99.505464,20.13148]]}},{"type":"Feature","properties":{"Name":"Polyline [2BA2]:0","altitudeMode":"relativeToGround","tessellate":"-1","visibility":"-1","id_2":"6"},"geometry":{"type":"LineString","coordinates":[[-99.505464,20.13148],[-99.505475,20.131492],[-99.505486,20.131504],[-99.505496,20.131516],[-99.505507,20.131528],[-99.505518,20.13154],[-99.505528,20.131552],[-99.505539,20.131564],[-99.505549,20.131576],[-99.50556,20.131588]]}},{"type":"Feature","properties":{"Name":"Polyline [2BA2]:0","altitudeMode":"relativeToGround","tessellate":"-1","visibility":"-1","id_2":"6"},"geometry":{"type":"LineString","coordinates":[[-99.50556,20.131588],[-99.50557,20.131599],[-99.505579,20.13161],[-99.505589,20.131621],[-99.505598,20.131632],[-99.505608,20.131643],[-99.505618,20.131654],[-99.505627,20.131665],[-99.505637,20.131676],[-99.505646,20.131687]]}},{"type":"Feature","properties":{"Name":"Polyline [2BA2]:0","altitudeMode":"relativeToGround","tessellate":"-1","visibility":"-1","id_2":"6"},"geometry":{"type":"LineString","coordinates":[[-99.505646,20.131687],[-99.505657,20.131699],[-99.505667,20.131711],[-99.505678,20.131723],[-99.505688,20.131735],[-99.505698,20.131747],[-99.505709,20.131759],[-99.505719,20.131772],[-99.505729,20.131784],[-99.50574,20.131796]]}},{"type":"Feature","properties":{"Name":"Polyline [2BA2]:0","altitudeMode":"relativeToGround","tessellate":"-1","visibility":"-1","id_2":"6"},"geometry":{"type":"LineString","coordinates":[[-99.50574,20.131796],[-99.505749,20.131807],[-99.505759,20.131818],[-99.505768,20.131829],[-99.505778,20.13184],[-99.505787,20.131852],[-99.505797,20.131863],[-99.505806,20.131874],[-99.505816,20.131885],[-99.505825,20.131897]]}},{"type":"Feature","properties":{"Name":"Polyline [2BA2]:0","altitudeMode":"relativeToGround","tessellate":"-1","visibility":"-1","id_2":"6"},"geometry":{"type":"LineString","coordinates":[[-99.505825,20.131897],[-99.506153,20.132297],[-99.506469,20.132705],[-99.506773,20.133122],[-99.507064,20.133547],[-99.507342,20.133979],[-99.507607,20.134419],[-99.507859,20.134865],[-99.508097,20.135318],[-99.508322,20.135777]]}},{"type":"Feature","properties":{"Name":"Polyline [2BA2]:0","altitudeMode":"relativeToGround","tessellate":"-1","visibility":"-1","id_2":"6"},"geometry":{"type":"LineString","coordinates":[[-99.508322,20.135777],[-99.508328,20.135791],[-99.508334,20.135804],[-99.50834,20.135817],[-99.508347,20.13583],[-99.508353,20.135843],[-99.508359,20.135856],[-99.508365,20.13587],[-99.508371,20.135883],[-99.508377,20.135896]]}},{"type":"Feature","properties":{"Name":"Polyline [2BA2]:0","altitudeMode":"relativeToGround","tessellate":"-1","visibility":"-1","id_2":"6"},"geometry":{"type":"LineString","coordinates":[[-99.508377,20.135896],[-99.508384,20.13591],[-99.50839,20.135924],[-99.508397,20.135939],[-99.508403,20.135953],[-99.50841,20.135967],[-99.508416,20.135981],[-99.508423,20.135995],[-99.508429,20.13601],[-99.508436,20.136024]]}},{"type":"Feature","properties":{"Name":"Polyline [2BA2]:0","altitudeMode":"relativeToGround","tessellate":"-1","visibility":"-1","id_2":"6"},"geometry":{"type":"LineString","coordinates":[[-99.508436,20.136024],[-99.508442,20.136037],[-99.508448,20.13605],[-99.508454,20.136063],[-99.50846,20.136076],[-99.508466,20.136089],[-99.508471,20.136103],[-99.508477,20.136116],[-99.508483,20.136129],[-99.508489,20.136142]]}},{"type":"Feature","properties":{"Name":"Polyline [2BA2]:0","altitudeMode":"relativeToGround","tessellate":"-1","visibility":"-1","id_2":"6"},"geometry":{"type":"LineString","coordinates":[[-99.508489,20.136142],[-99.508496,20.136156],[-99.508502,20.136171],[-99.508508,20.136185],[-99.508515,20.1362],[-99.508521,20.136214],[-99.508528,20.136229],[-99.508534,20.136243],[-99.508541,20.136258],[-99.508547,20.136272]]}},{"type":"Feature","properties":{"Name":"Polyline [2BA2]:0","altitudeMode":"relativeToGround","tessellate":"-1","visibility":"-1","id_2":"6"},"geometry":{"type":"LineString","coordinates":[[-99.508547,20.136272],[-99.508553,20.136285],[-99.508558,20.136298],[-99.508564,20.136311],[-99.50857,20.136324],[-99.508575,20.136337],[-99.508581,20.13635],[-99.508587,20.136363],[-99.508592,20.136375],[-99.508598,20.136388]]}},{"type":"Feature","properties":{"Name":"Polyline [2BA2]:0","altitudeMode":"relativeToGround","tessellate":"-1","visibility":"-1","id_2":"6"},"geometry":{"type":"LineString","coordinates":[[-99.508598,20.136388],[-99.508604,20.136403],[-99.508611,20.136418],[-99.508617,20.136433],[-99.508624,20.136448],[-99.50863,20.136462],[-99.508637,20.136477],[-99.508643,20.136492],[-99.508649,20.136507],[-99.508656,20.136522]]}},{"type":"Feature","properties":{"Name":"Polyline [2BA2]:0","altitudeMode":"relativeToGround","tessellate":"-1","visibility":"-1","id_2":"6"},"geometry":{"type":"LineString","coordinates":[[-99.508656,20.136522],[-99.508661,20.136534],[-99.508667,20.136546],[-99.508672,20.136559],[-99.508677,20.136571],[-99.508682,20.136583],[-99.508688,20.136596],[-99.508693,20.136608],[-99.508698,20.136621],[-99.508704,20.136633]]}},{"type":"Feature","properties":{"Name":"Polyline [2BA2]:0","altitudeMode":"relativeToGround","tessellate":"-1","visibility":"-1","id_2":"6"},"geometry":{"type":"LineString","coordinates":[[-99.508704,20.136633],[-99.50871,20.136648],[-99.508717,20.136664],[-99.508724,20.136679],[-99.50873,20.136695],[-99.508737,20.13671],[-99.508743,20.136726],[-99.50875,20.136741],[-99.508757,20.136757],[-99.508763,20.136772]]}},{"type":"Feature","properties":{"Name":"Polyline [2BA2]:0","altitudeMode":"relativeToGround","tessellate":"-1","visibility":"-1","id_2":"6"},"geometry":{"type":"LineString","coordinates":[[-99.508763,20.136772],[-99.508767,20.136782],[-99.508771,20.136791],[-99.508775,20.1368],[-99.508779,20.136809],[-99.508783,20.136819],[-99.508787,20.136828],[-99.508791,20.136837],[-99.508795,20.136847],[-99.508799,20.136856]]}},{"type":"Feature","properties":{"Name":"Polyline [2BA2]:0","altitudeMode":"relativeToGround","tessellate":"-1","visibility":"-1","id_2":"6"},"geometry":{"type":"LineString","coordinates":[[-99.508799,20.136856],[-99.508807,20.136875],[-99.508815,20.136893],[-99.508823,20.136912],[-99.508831,20.13693],[-99.508839,20.136949],[-99.508846,20.136968],[-99.508854,20.136986],[-99.508862,20.137005],[-99.50887,20.137024]]}},{"type":"Feature","properties":{"Name":"Polyline [2BA2]:0","altitudeMode":"relativeToGround","tessellate":"-1","visibility":"-1","id_2":"6"},"geometry":{"type":"LineString","coordinates":[[-99.512662,20.145953],[-99.512671,20.145975],[-99.512681,20.145998],[-99.51269,20.14602],[-99.5127,20.146042],[-99.512709,20.146065],[-99.512719,20.146087],[-99.512728,20.146109],[-99.512738,20.146132],[-99.512747,20.146154]]}},{"type":"Feature","properties":{"Name":"Polyline [2BA2]:0","altitudeMode":"relativeToGround","tessellate":"-1","visibility":"-1","id_2":"6"},"geometry":{"type":"LineString","coordinates":[[-99.512747,20.146154],[-99.512752,20.146165],[-99.512757,20.146177],[-99.512762,20.146188],[-99.512766,20.146199],[-99.512771,20.14621],[-99.512776,20.146221],[-99.512781,20.146233],[-99.512785,20.146244],[-99.51279,20.146255]]}},{"type":"Feature","properties":{"Name":"Polyline [2BA2]:0","altitudeMode":"relativeToGround","tessellate":"-1","visibility":"-1","id_2":"6"},"geometry":{"type":"LineString","coordinates":[[-99.51279,20.146255],[-99.512798,20.146274],[-99.512806,20.146292],[-99.512814,20.146311],[-99.512822,20.14633],[-99.51283,20.146348],[-99.512838,20.146367],[-99.512846,20.146386],[-99.512854,20.146404],[-99.512862,20.146423]]}},{"type":"Feature","properties":{"Name":"Polyline [2BA2]:0","altitudeMode":"relativeToGround","tessellate":"-1","visibility":"-1","id_2":"6"},"geometry":{"type":"LineString","coordinates":[[-99.512862,20.146423],[-99.512869,20.146438],[-99.512875,20.146453],[-99.512882,20.146468],[-99.512888,20.146483],[-99.512895,20.146498],[-99.512901,20.146513],[-99.512908,20.146528],[-99.512914,20.146543],[-99.512921,20.146557]]}},{"type":"Feature","properties":{"Name":"Polyline [2BA2]:0","altitudeMode":"relativeToGround","tessellate":"-1","visibility":"-1","id_2":"6"},"geometry":{"type":"LineString","coordinates":[[-99.512921,20.146557],[-99.512928,20.146575],[-99.512936,20.146593],[-99.512944,20.146611],[-99.512952,20.146629],[-99.51296,20.146647],[-99.512968,20.146665],[-99.512976,20.146683],[-99.512984,20.146701],[-99.512991,20.146719]]}},{"type":"Feature","properties":{"Name":"Polyline [2BA2]:0","altitudeMode":"relativeToGround","tessellate":"-1","visibility":"-1","id_2":"6"},"geometry":{"type":"LineString","coordinates":[[-99.512991,20.146719],[-99.512998,20.146734],[-99.513005,20.14675],[-99.513012,20.146766],[-99.513019,20.146781],[-99.513026,20.146797],[-99.513033,20.146813],[-99.51304,20.146828],[-99.513047,20.146844],[-99.513054,20.146859]]}},{"type":"Feature","properties":{"Name":"Polyline [2BA2]:0","altitudeMode":"relativeToGround","tessellate":"-1","visibility":"-1","id_2":"6"},"geometry":{"type":"LineString","coordinates":[[-99.513054,20.146859],[-99.513062,20.146877],[-99.51307,20.146895],[-99.513078,20.146912],[-99.513086,20.14693],[-99.513094,20.146947],[-99.513102,20.146965],[-99.51311,20.146982],[-99.513118,20.147],[-99.513126,20.147017]]}},{"type":"Feature","properties":{"Name":"Polyline [2BA2]:0","altitudeMode":"relativeToGround","tessellate":"-1","visibility":"-1","id_2":"6"},"geometry":{"type":"LineString","coordinates":[[-99.513126,20.147017],[-99.513133,20.147033],[-99.513141,20.147049],[-99.513148,20.147065],[-99.513155,20.147081],[-99.513163,20.147097],[-99.51317,20.147113],[-99.513178,20.147129],[-99.513185,20.147145],[-99.513192,20.147161]]}},{"type":"Feature","properties":{"Name":"Polyline [2BA2]:0","altitudeMode":"relativeToGround","tessellate":"-1","visibility":"-1","id_2":"6"},"geometry":{"type":"LineString","coordinates":[[-99.513192,20.147161],[-99.513201,20.147178],[-99.513209,20.147195],[-99.513217,20.147212],[-99.513225,20.14723],[-99.513233,20.147247],[-99.513242,20.147264],[-99.51325,20.147282],[-99.513258,20.147299],[-99.513266,20.147316]]}},{"type":"Feature","properties":{"Name":"Polyline [2BA2]:0","altitudeMode":"relativeToGround","tessellate":"-1","visibility":"-1","id_2":"6"},"geometry":{"type":"LineString","coordinates":[[-99.513266,20.147316],[-99.513274,20.147332],[-99.513282,20.147348],[-99.51329,20.147364],[-99.513298,20.14738],[-99.513305,20.147396],[-99.513313,20.147412],[-99.513321,20.147428],[-99.513329,20.147444],[-99.513337,20.14746]]}},{"type":"Feature","properties":{"Name":"Polyline [2BA2]:0","altitudeMode":"relativeToGround","tessellate":"-1","visibility":"-1","id_2":"6"},"geometry":{"type":"LineString","coordinates":[[-99.513337,20.14746],[-99.513469,20.147719],[-99.513606,20.147977],[-99.513749,20.148231],[-99.513897,20.148483],[-99.51405,20.148732],[-99.514208,20.148978],[-99.514371,20.149221],[-99.51454,20.149461],[-99.514713,20.149698]]}},{"type":"Feature","properties":{"Name":"Polyline [2BA2]:0","altitudeMode":"relativeToGround","tessellate":"-1","visibility":"-1","id_2":"6"},"geometry":{"type":"LineString","coordinates":[[-99.514713,20.149698],[-99.514724,20.149712],[-99.514735,20.149726],[-99.514745,20.149741],[-99.514756,20.149755],[-99.514767,20.14977],[-99.514778,20.149784],[-99.514789,20.149798],[-99.5148,20.149812],[-99.514811,20.149827]]}},{"type":"Feature","properties":{"Name":"Polyline [2BA2]:0","altitudeMode":"relativeToGround","tessellate":"-1","visibility":"-1","id_2":"6"},"geometry":{"type":"LineString","coordinates":[[-99.514811,20.149827],[-99.514822,20.149842],[-99.514834,20.149857],[-99.514846,20.149873],[-99.514858,20.149888],[-99.514869,20.149903],[-99.514881,20.149919],[-99.514893,20.149934],[-99.514905,20.149949],[-99.514917,20.149964]]}},{"type":"Feature","properties":{"Name":"Polyline [2BA2]:0","altitudeMode":"relativeToGround","tessellate":"-1","visibility":"-1","id_2":"6"},"geometry":{"type":"LineString","coordinates":[[-99.514917,20.149964],[-99.514928,20.149978],[-99.514939,20.149992],[-99.51495,20.150006],[-99.514961,20.15002],[-99.514972,20.150034],[-99.514983,20.150048],[-99.514994,20.150062],[-99.515005,20.150076],[-99.515016,20.15009]]}},{"type":"Feature","properties":{"Name":"Polyline [2BA2]:0","altitudeMode":"relativeToGround","tessellate":"-1","visibility":"-1","id_2":"6"},"geometry":{"type":"LineString","coordinates":[[-99.515016,20.15009],[-99.515028,20.150105],[-99.51504,20.150121],[-99.515052,20.150136],[-99.515064,20.150151],[-99.515076,20.150166],[-99.515089,20.150181],[-99.515101,20.150197],[-99.515113,20.150212],[-99.515125,20.150227]]}},{"type":"Feature","properties":{"Name":"Polyline [2BA2]:0","altitudeMode":"relativeToGround","tessellate":"-1","visibility":"-1","id_2":"6"},"geometry":{"type":"LineString","coordinates":[[-99.515125,20.150227],[-99.515136,20.150241],[-99.515147,20.150254],[-99.515158,20.150268],[-99.515169,20.150281],[-99.51518,20.150295],[-99.515191,20.150308],[-99.515202,20.150322],[-99.515213,20.150335],[-99.515224,20.150348]]}},{"type":"Feature","properties":{"Name":"Polyline [2BA2]:0","altitudeMode":"relativeToGround","tessellate":"-1","visibility":"-1","id_2":"6"},"geometry":{"type":"LineString","coordinates":[[-99.515224,20.150348],[-99.515236,20.150364],[-99.515249,20.150379],[-99.515261,20.150394],[-99.515274,20.15041],[-99.515286,20.150425],[-99.515299,20.15044],[-99.515312,20.150456],[-99.515324,20.150471],[-99.515337,20.150486]]}},{"type":"Feature","properties":{"Name":"Polyline [2BA2]:0","altitudeMode":"relativeToGround","tessellate":"-1","visibility":"-1","id_2":"6"},"geometry":{"type":"LineString","coordinates":[[-99.515337,20.150486],[-99.515347,20.150499],[-99.515358,20.150512],[-99.515368,20.150524],[-99.515379,20.150537],[-99.515389,20.15055],[-99.5154,20.150563],[-99.515411,20.150575],[-99.515421,20.150588],[-99.515432,20.150601]]}},{"type":"Feature","properties":{"Name":"Polyline [2BA2]:0","altitudeMode":"relativeToGround","tessellate":"-1","visibility":"-1","id_2":"6"},"geometry":{"type":"LineString","coordinates":[[-99.515432,20.150601],[-99.515445,20.150617],[-99.515458,20.150632],[-99.515471,20.150648],[-99.515484,20.150664],[-99.515498,20.15068],[-99.515511,20.150696],[-99.515524,20.150712],[-99.515537,20.150727],[-99.51555,20.150743]]}},{"type":"Feature","properties":{"Name":"Polyline [2BA2]:0","altitudeMode":"relativeToGround","tessellate":"-1","visibility":"-1","id_2":"6"},"geometry":{"type":"LineString","coordinates":[[-99.51555,20.150743],[-99.515558,20.150753],[-99.515566,20.150762],[-99.515574,20.150772],[-99.515582,20.150781],[-99.51559,20.150791],[-99.515598,20.1508],[-99.515606,20.150809],[-99.515614,20.150819],[-99.515622,20.150828]]}},{"type":"Feature","properties":{"Name":"Polyline [2BA2]:0","altitudeMode":"relativeToGround","tessellate":"-1","visibility":"-1","id_2":"6"},"geometry":{"type":"LineString","coordinates":[[-99.515622,20.150828],[-99.515638,20.150847],[-99.515654,20.150866],[-99.515669,20.150885],[-99.515685,20.150904],[-99.515701,20.150923],[-99.515717,20.150942],[-99.515733,20.150961],[-99.515749,20.15098],[-99.515765,20.150998]]}},{"type":"Feature","properties":{"Name":"Polyline [2BA2]:0","altitudeMode":"relativeToGround","tessellate":"-1","visibility":"-1","id_2":"6"},"geometry":{"type":"LineString","coordinates":[[-99.521304,20.157588],[-99.521319,20.157607],[-99.521335,20.157626],[-99.521351,20.157644],[-99.521367,20.157663],[-99.521383,20.157682],[-99.521399,20.157701],[-99.521414,20.15772],[-99.52143,20.157739],[-99.521446,20.157758]]}},{"type":"Feature","properties":{"Name":"Polyline [2BA2]:0","altitudeMode":"relativeToGround","tessellate":"-1","visibility":"-1","id_2":"6"},"geometry":{"type":"LineString","coordinates":[[-99.521446,20.157758],[-99.521454,20.157767],[-99.521462,20.157776],[-99.52147,20.157786],[-99.521478,20.157795],[-99.521486,20.157805],[-99.521494,20.157814],[-99.521501,20.157824],[-99.521509,20.157833],[-99.521517,20.157842]]}},{"type":"Feature","properties":{"Name":"Polyline [2BA2]:0","altitudeMode":"relativeToGround","tessellate":"-1","visibility":"-1","id_2":"6"},"geometry":{"type":"LineString","coordinates":[[-99.521517,20.157842],[-99.52153,20.157858],[-99.521544,20.157874],[-99.521557,20.15789],[-99.52157,20.157905],[-99.521583,20.157921],[-99.521596,20.157937],[-99.521609,20.157953],[-99.521622,20.157968],[-99.521635,20.157984]]}},{"type":"Feature","properties":{"Name":"Polyline [2BA2]:0","altitudeMode":"relativeToGround","tessellate":"-1","visibility":"-1","id_2":"6"},"geometry":{"type":"LineString","coordinates":[[-99.521635,20.157984],[-99.521646,20.157997],[-99.521656,20.158009],[-99.521667,20.158022],[-99.521677,20.158034],[-99.521688,20.158047],[-99.521698,20.15806],[-99.521708,20.158072],[-99.521719,20.158085],[-99.521729,20.158097]]}},{"type":"Feature","properties":{"Name":"Polyline [2BA2]:0","altitudeMode":"relativeToGround","tessellate":"-1","visibility":"-1","id_2":"6"},"geometry":{"type":"LineString","coordinates":[[-99.521729,20.158097],[-99.521742,20.158112],[-99.521754,20.158128],[-99.521767,20.158143],[-99.521779,20.158158],[-99.521791,20.158173],[-99.521804,20.158188],[-99.521816,20.158203],[-99.521829,20.158219],[-99.521841,20.158234]]}},{"type":"Feature","properties":{"Name":"Polyline [2BA2]:0","altitudeMode":"relativeToGround","tessellate":"-1","visibility":"-1","id_2":"6"},"geometry":{"type":"LineString","coordinates":[[-99.521841,20.158234],[-99.521852,20.158247],[-99.521863,20.15826],[-99.521874,20.158274],[-99.521884,20.158287],[-99.521895,20.1583],[-99.521906,20.158313],[-99.521917,20.158327],[-99.521927,20.15834],[-99.521938,20.158353]]}},{"type":"Feature","properties":{"Name":"Polyline [2BA2]:0","altitudeMode":"relativeToGround","tessellate":"-1","visibility":"-1","id_2":"6"},"geometry":{"type":"LineString","coordinates":[[-99.521938,20.158353],[-99.52195,20.158368],[-99.521962,20.158383],[-99.521974,20.158398],[-99.521986,20.158413],[-99.521998,20.158428],[-99.52201,20.158443],[-99.522022,20.158458],[-99.522034,20.158473],[-99.522046,20.158488]]}},{"type":"Feature","properties":{"Name":"Polyline [2BA2]:0","altitudeMode":"relativeToGround","tessellate":"-1","visibility":"-1","id_2":"6"},"geometry":{"type":"LineString","coordinates":[[-99.522046,20.158488],[-99.522057,20.158502],[-99.522068,20.158516],[-99.522079,20.158529],[-99.522089,20.158543],[-99.5221,20.158557],[-99.522111,20.15857],[-99.522122,20.158584],[-99.522132,20.158598],[-99.522143,20.158611]]}},{"type":"Feature","properties":{"Name":"Polyline [2BA2]:0","altitudeMode":"relativeToGround","tessellate":"-1","visibility":"-1","id_2":"6"},"geometry":{"type":"LineString","coordinates":[[-99.522143,20.158611],[-99.522155,20.158626],[-99.522166,20.158641],[-99.522178,20.158656],[-99.522189,20.158671],[-99.522201,20.158686],[-99.522213,20.158701],[-99.522224,20.158716],[-99.522236,20.158731],[-99.522247,20.158746]]}},{"type":"Feature","properties":{"Name":"Polyline [2BA2]:0","altitudeMode":"relativeToGround","tessellate":"-1","visibility":"-1","id_2":"6"},"geometry":{"type":"LineString","coordinates":[[-99.522247,20.158746],[-99.522258,20.15876],[-99.522268,20.158774],[-99.522279,20.158788],[-99.52229,20.158802],[-99.5223,20.158816],[-99.522311,20.15883],[-99.522321,20.158844],[-99.522332,20.158858],[-99.522342,20.158872]]}},{"type":"Feature","properties":{"Name":"Polyline [2BA2]:0","altitudeMode":"relativeToGround","tessellate":"-1","visibility":"-1","id_2":"6"},"geometry":{"type":"LineString","coordinates":[[-99.522342,20.158872],[-99.522646,20.159294],[-99.522934,20.159727],[-99.523205,20.160168],[-99.523459,20.160619],[-99.523696,20.161078],[-99.523916,20.161544],[-99.524117,20.162018],[-99.524301,20.162498],[-99.524466,20.162984]]}},{"type":"Feature","properties":{"Name":"Polyline [2BA2]:0","altitudeMode":"relativeToGround","tessellate":"-1","visibility":"-1","id_2":"6"},"geometry":{"type":"LineString","coordinates":[[-99.524466,20.162984],[-99.524471,20.163],[-99.524477,20.163017],[-99.524482,20.163033],[-99.524487,20.16305],[-99.524492,20.163066],[-99.524497,20.163083],[-99.524503,20.163099],[-99.524508,20.163116],[-99.524513,20.163132]]}},{"type":"Feature","properties":{"Name":"Polyline [2BA2]:0","altitudeMode":"relativeToGround","tessellate":"-1","visibility":"-1","id_2":"6"},"geometry":{"type":"LineString","coordinates":[[-99.524513,20.163132],[-99.524518,20.16315],[-99.524524,20.163168],[-99.524529,20.163186],[-99.524534,20.163204],[-99.52454,20.163221],[-99.524545,20.163239],[-99.524551,20.163257],[-99.524556,20.163275],[-99.524561,20.163293]]}},{"type":"Feature","properties":{"Name":"Polyline [2BA2]:0","altitudeMode":"relativeToGround","tessellate":"-1","visibility":"-1","id_2":"6"},"geometry":{"type":"LineString","coordinates":[[-99.524561,20.163293],[-99.524566,20.163309],[-99.524571,20.163326],[-99.524576,20.163342],[-99.52458,20.163359],[-99.524585,20.163375],[-99.52459,20.163391],[-99.524595,20.163408],[-99.5246,20.163424],[-99.524604,20.163441]]}},{"type":"Feature","properties":{"Name":"Polyline [2BA2]:0","altitudeMode":"relativeToGround","tessellate":"-1","visibility":"-1","id_2":"6"},"geometry":{"type":"LineString","coordinates":[[-99.524604,20.163441],[-99.524609,20.163459],[-99.524615,20.163477],[-99.52462,20.163495],[-99.524625,20.163513],[-99.52463,20.163531],[-99.524635,20.16355],[-99.52464,20.163568],[-99.524645,20.163586],[-99.52465,20.163604]]}},{"type":"Feature","properties":{"Name":"Polyline [2BA2]:0","altitudeMode":"relativeToGround","tessellate":"-1","visibility":"-1","id_2":"6"},"geometry":{"type":"LineString","coordinates":[[-99.52465,20.163604],[-99.524655,20.16362],[-99.524659,20.163637],[-99.524664,20.163653],[-99.524668,20.163669],[-99.524673,20.163685],[-99.524677,20.163701],[-99.524682,20.163718],[-99.524686,20.163734],[-99.52469,20.16375]]}},{"type":"Feature","properties":{"Name":"Polyline [2BA2]:0","altitudeMode":"relativeToGround","tessellate":"-1","visibility":"-1","id_2":"6"},"geometry":{"type":"LineString","coordinates":[[-99.52469,20.16375],[-99.524696,20.163769],[-99.524701,20.163787],[-99.524706,20.163806],[-99.524711,20.163824],[-99.524716,20.163843],[-99.524721,20.163861],[-99.524725,20.16388],[-99.52473,20.163899],[-99.524735,20.163917]]}},{"type":"Feature","properties":{"Name":"Polyline [2BA2]:0","altitudeMode":"relativeToGround","tessellate":"-1","visibility":"-1","id_2":"6"},"geometry":{"type":"LineString","coordinates":[[-99.524735,20.163917],[-99.52474,20.163933],[-99.524744,20.163948],[-99.524748,20.163964],[-99.524752,20.163979],[-99.524756,20.163995],[-99.52476,20.16401],[-99.524764,20.164026],[-99.524768,20.164041],[-99.524772,20.164057]]}},{"type":"Feature","properties":{"Name":"Polyline [2BA2]:0","altitudeMode":"relativeToGround","tessellate":"-1","visibility":"-1","id_2":"6"},"geometry":{"type":"LineString","coordinates":[[-99.524772,20.164057],[-99.524777,20.164076],[-99.524782,20.164096],[-99.524787,20.164115],[-99.524792,20.164135],[-99.524797,20.164154],[-99.524803,20.164174],[-99.524808,20.164193],[-99.524813,20.164212],[-99.524818,20.164232]]}},{"type":"Feature","properties":{"Name":"Polyline [2BA2]:0","altitudeMode":"relativeToGround","tessellate":"-1","visibility":"-1","id_2":"6"},"geometry":{"type":"LineString","coordinates":[[-99.524818,20.164232],[-99.524821,20.164244],[-99.524824,20.164255],[-99.524827,20.164267],[-99.52483,20.164279],[-99.524833,20.16429],[-99.524836,20.164302],[-99.524839,20.164314],[-99.524842,20.164325],[-99.524845,20.164337]]}},{"type":"Feature","properties":{"Name":"Polyline [2BA2]:0","altitudeMode":"relativeToGround","tessellate":"-1","visibility":"-1","id_2":"6"},"geometry":{"type":"LineString","coordinates":[[-99.524845,20.164337],[-99.524851,20.16436],[-99.524857,20.164384],[-99.524863,20.164407],[-99.524869,20.164431],[-99.524875,20.164454],[-99.524881,20.164477],[-99.524887,20.164501],[-99.524893,20.164524],[-99.524899,20.164548]]}},{"type":"Feature","properties":{"Name":"Polyline [2BA2]:0","altitudeMode":"relativeToGround","tessellate":"-1","visibility":"-1","id_2":"6"},"geometry":{"type":"LineString","coordinates":[[-99.529813,20.183785],[-99.529818,20.183806],[-99.529823,20.183827],[-99.529829,20.183847],[-99.529834,20.183868],[-99.529839,20.183889],[-99.529845,20.18391],[-99.52985,20.183931],[-99.529855,20.183952],[-99.529861,20.183972]]}},{"type":"Feature","properties":{"Name":"Polyline [2BA2]:0","altitudeMode":"relativeToGround","tessellate":"-1","visibility":"-1","id_2":"6"},"geometry":{"type":"LineString","coordinates":[[-99.529861,20.183972],[-99.529863,20.183983],[-99.529866,20.183993],[-99.529869,20.184004],[-99.529871,20.184014],[-99.529874,20.184025],[-99.529877,20.184035],[-99.529879,20.184045],[-99.529882,20.184056],[-99.529885,20.184066]]}},{"type":"Feature","properties":{"Name":"Polyline [2BA2]:0","altitudeMode":"relativeToGround","tessellate":"-1","visibility":"-1","id_2":"6"},"geometry":{"type":"LineString","coordinates":[[-99.529885,20.184066],[-99.529889,20.184084],[-99.529894,20.184101],[-99.529898,20.184119],[-99.529903,20.184136],[-99.529907,20.184153],[-99.529912,20.184171],[-99.529916,20.184188],[-99.529921,20.184205],[-99.529925,20.184223]]}},{"type":"Feature","properties":{"Name":"Polyline [2BA2]:0","altitudeMode":"relativeToGround","tessellate":"-1","visibility":"-1","id_2":"6"},"geometry":{"type":"LineString","coordinates":[[-99.529925,20.184223],[-99.529929,20.184237],[-99.529933,20.184251],[-99.529936,20.184265],[-99.52994,20.184279],[-99.529944,20.184292],[-99.529947,20.184306],[-99.529951,20.18432],[-99.529955,20.184334],[-99.529958,20.184348]]}},{"type":"Feature","properties":{"Name":"Polyline [2BA2]:0","altitudeMode":"relativeToGround","tessellate":"-1","visibility":"-1","id_2":"6"},"geometry":{"type":"LineString","coordinates":[[-99.529958,20.184348],[-99.529963,20.184365],[-99.529967,20.184382],[-99.529972,20.184398],[-99.529976,20.184415],[-99.529981,20.184432],[-99.529985,20.184448],[-99.52999,20.184465],[-99.529994,20.184482],[-99.529999,20.184499]]}},{"type":"Feature","properties":{"Name":"Polyline [2BA2]:0","altitudeMode":"relativeToGround","tessellate":"-1","visibility":"-1","id_2":"6"},"geometry":{"type":"LineString","coordinates":[[-99.529999,20.184499],[-99.530003,20.184513],[-99.530007,20.184528],[-99.530011,20.184542],[-99.530015,20.184557],[-99.530019,20.184572],[-99.530023,20.184586],[-99.530027,20.184601],[-99.530031,20.184616],[-99.530035,20.18463]]}},{"type":"Feature","properties":{"Name":"Polyline [2BA2]:0","altitudeMode":"relativeToGround","tessellate":"-1","visibility":"-1","id_2":"6"},"geometry":{"type":"LineString","coordinates":[[-99.530035,20.18463],[-99.530039,20.184647],[-99.530044,20.184663],[-99.530048,20.184679],[-99.530053,20.184696],[-99.530058,20.184712],[-99.530062,20.184729],[-99.530067,20.184745],[-99.530072,20.184761],[-99.530076,20.184778]]}},{"type":"Feature","properties":{"Name":"Polyline [2BA2]:0","altitudeMode":"relativeToGround","tessellate":"-1","visibility":"-1","id_2":"6"},"geometry":{"type":"LineString","coordinates":[[-99.530076,20.184778],[-99.530081,20.184793],[-99.530085,20.184808],[-99.530089,20.184823],[-99.530093,20.184838],[-99.530098,20.184852],[-99.530102,20.184867],[-99.530106,20.184882],[-99.530111,20.184897],[-99.530115,20.184912]]}},{"type":"Feature","properties":{"Name":"Polyline [2BA2]:0","altitudeMode":"relativeToGround","tessellate":"-1","visibility":"-1","id_2":"6"},"geometry":{"type":"LineString","coordinates":[[-99.530115,20.184912],[-99.53012,20.184928],[-99.530125,20.184944],[-99.53013,20.184961],[-99.530134,20.184977],[-99.530139,20.184993],[-99.530144,20.185009],[-99.530149,20.185026],[-99.530154,20.185042],[-99.530159,20.185058]]}},{"type":"Feature","properties":{"Name":"Polyline [2BA2]:0","altitudeMode":"relativeToGround","tessellate":"-1","visibility":"-1","id_2":"6"},"geometry":{"type":"LineString","coordinates":[[-99.530159,20.185058],[-99.530163,20.185073],[-99.530168,20.185088],[-99.530173,20.185103],[-99.530177,20.185118],[-99.530182,20.185133],[-99.530187,20.185148],[-99.530191,20.185163],[-99.530196,20.185178],[-99.530201,20.185193]]}},{"type":"Feature","properties":{"Name":"Polyline [2BA2]:0","altitudeMode":"relativeToGround","tessellate":"-1","visibility":"-1","id_2":"6"},"geometry":{"type":"LineString","coordinates":[[-99.530201,20.185193],[-99.530434,20.185867],[-99.530704,20.186528],[-99.531009,20.187176],[-99.531349,20.187807],[-99.531724,20.188422],[-99.532131,20.189017],[-99.532571,20.189591],[-99.533041,20.190144],[-99.533541,20.190672]]}},{"type":"Feature","properties":{"Name":"Polyline [2BA2]:0","altitudeMode":"relativeToGround","tessellate":"-1","visibility":"-1","id_2":"6"},"geometry":{"type":"LineString","coordinates":[[-99.533541,20.190672],[-99.533552,20.190684],[-99.533564,20.190695],[-99.533575,20.190707],[-99.533587,20.190718],[-99.533598,20.190729],[-99.53361,20.190741],[-99.533621,20.190752],[-99.533632,20.190763],[-99.533644,20.190775]]}},{"type":"Feature","properties":{"Name":"Polyline [2BA2]:0","altitudeMode":"relativeToGround","tessellate":"-1","visibility":"-1","id_2":"6"},"geometry":{"type":"LineString","coordinates":[[-99.533644,20.190775],[-99.533656,20.190787],[-99.533669,20.190799],[-99.533681,20.190811],[-99.533693,20.190823],[-99.533706,20.190835],[-99.533718,20.190847],[-99.533731,20.190859],[-99.533743,20.190872],[-99.533756,20.190884]]}},{"type":"Feature","properties":{"Name":"Polyline [2BA2]:0","altitudeMode":"relativeToGround","tessellate":"-1","visibility":"-1","id_2":"6"},"geometry":{"type":"LineString","coordinates":[[-99.533756,20.190884],[-99.533767,20.190895],[-99.533779,20.190906],[-99.53379,20.190917],[-99.533801,20.190928],[-99.533813,20.190939],[-99.533824,20.19095],[-99.533836,20.190961],[-99.533847,20.190972],[-99.533859,20.190983]]}},{"type":"Feature","properties":{"Name":"Polyline [2BA2]:0","altitudeMode":"relativeToGround","tessellate":"-1","visibility":"-1","id_2":"6"},"geometry":{"type":"LineString","coordinates":[[-99.533859,20.190983],[-99.533872,20.190995],[-99.533884,20.191007],[-99.533897,20.191019],[-99.53391,20.191031],[-99.533922,20.191043],[-99.533935,20.191055],[-99.533948,20.191067],[-99.533961,20.191079],[-99.533973,20.191091]]}},{"type":"Feature","properties":{"Name":"Polyline [2BA2]:0","altitudeMode":"relativeToGround","tessellate":"-1","visibility":"-1","id_2":"6"},"geometry":{"type":"LineString","coordinates":[[-99.533973,20.191091],[-99.533985,20.191101],[-99.533996,20.191112],[-99.534007,20.191123],[-99.534019,20.191133],[-99.53403,20.191144],[-99.534042,20.191155],[-99.534053,20.191165],[-99.534064,20.191176],[-99.534076,20.191186]]}},{"type":"Feature","properties":{"Name":"Polyline [2BA2]:0","altitudeMode":"relativeToGround","tessellate":"-1","visibility":"-1","id_2":"6"},"geometry":{"type":"LineString","coordinates":[[-99.534076,20.191186],[-99.534089,20.191198],[-99.534102,20.19121],[-99.534115,20.191223],[-99.534128,20.191235],[-99.534141,20.191247],[-99.534154,20.191259],[-99.534167,20.191271],[-99.53418,20.191283],[-99.534193,20.191295]]}},{"type":"Feature","properties":{"Name":"Polyline [2BA2]:0","altitudeMode":"relativeToGround","tessellate":"-1","visibility":"-1","id_2":"6"},"geometry":{"type":"LineString","coordinates":[[-99.534193,20.191295],[-99.534204,20.191305],[-99.534215,20.191315],[-99.534226,20.191325],[-99.534237,20.191335],[-99.534248,20.191345],[-99.534259,20.191355],[-99.53427,20.191365],[-99.534281,20.191375],[-99.534292,20.191385]]}},{"type":"Feature","properties":{"Name":"Polyline [2BA2]:0","altitudeMode":"relativeToGround","tessellate":"-1","visibility":"-1","id_2":"6"},"geometry":{"type":"LineString","coordinates":[[-99.534292,20.191385],[-99.534305,20.191397],[-99.534319,20.19141],[-99.534332,20.191422],[-99.534346,20.191434],[-99.53436,20.191447],[-99.534373,20.191459],[-99.534387,20.191472],[-99.534401,20.191484],[-99.534414,20.191496]]}},{"type":"Feature","properties":{"Name":"Polyline [2BA2]:0","altitudeMode":"relativeToGround","tessellate":"-1","visibility":"-1","id_2":"6"},"geometry":{"type":"LineString","coordinates":[[-99.534414,20.191496],[-99.534423,20.191504],[-99.534431,20.191511],[-99.534439,20.191519],[-99.534447,20.191526],[-99.534456,20.191534],[-99.534464,20.191541],[-99.534472,20.191548],[-99.53448,20.191556],[-99.534488,20.191563]]}},{"type":"Feature","properties":{"Name":"Polyline [2BA2]:0","altitudeMode":"relativeToGround","tessellate":"-1","visibility":"-1","id_2":"6"},"geometry":{"type":"LineString","coordinates":[[-99.534488,20.191563],[-99.534505,20.191578],[-99.534521,20.191593],[-99.534538,20.191608],[-99.534554,20.191623],[-99.53457,20.191637],[-99.534587,20.191652],[-99.534603,20.191667],[-99.53462,20.191682],[-99.534636,20.191697]]}},{"type":"Feature","properties":{"Name":"Polyline [2BA2]:0","altitudeMode":"relativeToGround","tessellate":"-1","visibility":"-1","id_2":"6"},"geometry":{"type":"LineString","coordinates":[[-99.548028,20.203784],[-99.548049,20.203802],[-99.548069,20.203821],[-99.54809,20.203839],[-99.54811,20.203858],[-99.548131,20.203876],[-99.548151,20.203895],[-99.548172,20.203913],[-99.548192,20.203932],[-99.548213,20.20395]]}},{"type":"Feature","properties":{"Name":"Polyline [2BA2]:0","altitudeMode":"relativeToGround","tessellate":"-1","visibility":"-1","id_2":"6"},"geometry":{"type":"LineString","coordinates":[[-99.548213,20.20395],[-99.548223,20.20396],[-99.548234,20.203969],[-99.548244,20.203978],[-99.548254,20.203987],[-99.548264,20.203997],[-99.548275,20.204006],[-99.548285,20.204015],[-99.548295,20.204024],[-99.548306,20.204034]]}},{"type":"Feature","properties":{"Name":"Polyline [2BA2]:0","altitudeMode":"relativeToGround","tessellate":"-1","visibility":"-1","id_2":"6"},"geometry":{"type":"LineString","coordinates":[[-99.548306,20.204034],[-99.548323,20.204049],[-99.54834,20.204065],[-99.548357,20.20408],[-99.548375,20.204095],[-99.548392,20.204111],[-99.548409,20.204126],[-99.548426,20.204141],[-99.548444,20.204157],[-99.548461,20.204172]]}},{"type":"Feature","properties":{"Name":"Polyline [2BA2]:0","altitudeMode":"relativeToGround","tessellate":"-1","visibility":"-1","id_2":"6"},"geometry":{"type":"LineString","coordinates":[[-99.548461,20.204172],[-99.548475,20.204184],[-99.548489,20.204197],[-99.548503,20.204209],[-99.548517,20.204221],[-99.548531,20.204234],[-99.548544,20.204246],[-99.548558,20.204258],[-99.548572,20.20427],[-99.548586,20.204283]]}},{"type":"Feature","properties":{"Name":"Polyline [2BA2]:0","altitudeMode":"relativeToGround","tessellate":"-1","visibility":"-1","id_2":"6"},"geometry":{"type":"LineString","coordinates":[[-99.548586,20.204283],[-99.548603,20.204297],[-99.54862,20.204312],[-99.548637,20.204327],[-99.548653,20.204341],[-99.54867,20.204356],[-99.548687,20.20437],[-99.548704,20.204385],[-99.548721,20.2044],[-99.548738,20.204414]]}},{"type":"Feature","properties":{"Name":"Polyline [2BA2]:0","altitudeMode":"relativeToGround","tessellate":"-1","visibility":"-1","id_2":"6"},"geometry":{"type":"LineString","coordinates":[[-99.548738,20.204414],[-99.548752,20.204427],[-99.548767,20.20444],[-99.548782,20.204452],[-99.548797,20.204465],[-99.548812,20.204478],[-99.548827,20.20449],[-99.548842,20.204503],[-99.548857,20.204516],[-99.548872,20.204528]]}},{"type":"Feature","properties":{"Name":"Polyline [2BA2]:0","altitudeMode":"relativeToGround","tessellate":"-1","visibility":"-1","id_2":"6"},"geometry":{"type":"LineString","coordinates":[[-99.548872,20.204528],[-99.548888,20.204543],[-99.548905,20.204557],[-99.548922,20.204571],[-99.548939,20.204585],[-99.548956,20.204599],[-99.548973,20.204613],[-99.54899,20.204627],[-99.549007,20.204641],[-99.549024,20.204655]]}},{"type":"Feature","properties":{"Name":"Polyline [2BA2]:0","altitudeMode":"relativeToGround","tessellate":"-1","visibility":"-1","id_2":"6"},"geometry":{"type":"LineString","coordinates":[[-99.549024,20.204655],[-99.549039,20.204668],[-99.549055,20.204681],[-99.54907,20.204694],[-99.549086,20.204706],[-99.549101,20.204719],[-99.549117,20.204731],[-99.549132,20.204744],[-99.549148,20.204757],[-99.549164,20.204769]]}},{"type":"Feature","properties":{"Name":"Polyline [2BA2]:0","altitudeMode":"relativeToGround","tessellate":"-1","visibility":"-1","id_2":"6"},"geometry":{"type":"LineString","coordinates":[[-99.549164,20.204769],[-99.549181,20.204783],[-99.549198,20.204797],[-99.549215,20.20481],[-99.549232,20.204824],[-99.549249,20.204837],[-99.549266,20.204851],[-99.549284,20.204864],[-99.549301,20.204878],[-99.549318,20.204891]]}},{"type":"Feature","properties":{"Name":"Polyline [2BA2]:0","altitudeMode":"relativeToGround","tessellate":"-1","visibility":"-1","id_2":"6"},"geometry":{"type":"LineString","coordinates":[[-99.549318,20.204891],[-99.549334,20.204904],[-99.54935,20.204916],[-99.549367,20.204929],[-99.549383,20.204941],[-99.549399,20.204954],[-99.549415,20.204966],[-99.549431,20.204978],[-99.549448,20.204991],[-99.549464,20.205003]]}},{"type":"Feature","properties":{"Name":"Polyline [2BA2]:0","altitudeMode":"relativeToGround","tessellate":"-1","visibility":"-1","id_2":"6"},"geometry":{"type":"LineString","coordinates":[[-99.549464,20.205003],[-99.549966,20.205358],[-99.550489,20.205684],[-99.551031,20.205981],[-99.551591,20.206248],[-99.552166,20.206483],[-99.552755,20.206686],[-99.553356,20.206856],[-99.553966,20.206993],[-99.554583,20.207096]]}},{"type":"Feature","properties":{"Name":"Polyline [2BA2]:0","altitudeMode":"relativeToGround","tessellate":"-1","visibility":"-1","id_2":"6"},"geometry":{"type":"LineString","coordinates":[[-99.554583,20.207096],[-99.554604,20.207099],[-99.554625,20.207102],[-99.554645,20.207104],[-99.554666,20.207107],[-99.554687,20.20711],[-99.554707,20.207112],[-99.554728,20.207115],[-99.554749,20.207118],[-99.554769,20.20712]]}},{"type":"Feature","properties":{"Name":"Polyline [2BA2]:0","altitudeMode":"relativeToGround","tessellate":"-1","visibility":"-1","id_2":"6"},"geometry":{"type":"LineString","coordinates":[[-99.554769,20.20712],[-99.554791,20.207123],[-99.554814,20.207125],[-99.554836,20.207128],[-99.554858,20.207131],[-99.55488,20.207133],[-99.554903,20.207136],[-99.554925,20.207138],[-99.554947,20.207141],[-99.554969,20.207143]]}},{"type":"Feature","properties":{"Name":"Polyline [2BA2]:0","altitudeMode":"relativeToGround","tessellate":"-1","visibility":"-1","id_2":"6"},"geometry":{"type":"LineString","coordinates":[[-99.554969,20.207143],[-99.55499,20.207145],[-99.55501,20.207147],[-99.555031,20.207149],[-99.555051,20.207151],[-99.555071,20.207154],[-99.555092,20.207156],[-99.555112,20.207158],[-99.555133,20.20716],[-99.555153,20.207161]]}},{"type":"Feature","properties":{"Name":"Polyline [2BA2]:0","altitudeMode":"relativeToGround","tessellate":"-1","visibility":"-1","id_2":"6"},"geometry":{"type":"LineString","coordinates":[[-99.555153,20.207161],[-99.555176,20.207164],[-99.555198,20.207166],[-99.55522,20.207168],[-99.555243,20.20717],[-99.555265,20.207172],[-99.555288,20.207174],[-99.55531,20.207176],[-99.555333,20.207177],[-99.555355,20.207179]]}},{"type":"Feature","properties":{"Name":"Polyline [2BA2]:0","altitudeMode":"relativeToGround","tessellate":"-1","visibility":"-1","id_2":"6"},"geometry":{"type":"LineString","coordinates":[[-99.555355,20.207179],[-99.555375,20.207181],[-99.555395,20.207183],[-99.555415,20.207184],[-99.555435,20.207186],[-99.555455,20.207187],[-99.555475,20.207189],[-99.555495,20.20719],[-99.555515,20.207192],[-99.555535,20.207193]]}},{"type":"Feature","properties":{"Name":"Polyline [2BA2]:0","altitudeMode":"relativeToGround","tessellate":"-1","visibility":"-1","id_2":"6"},"geometry":{"type":"LineString","coordinates":[[-99.555535,20.207193],[-99.555558,20.207195],[-99.555581,20.207197],[-99.555603,20.207198],[-99.555626,20.2072],[-99.555649,20.207201],[-99.555672,20.207203],[-99.555695,20.207205],[-99.555717,20.207206],[-99.55574,20.207208]]}},{"type":"Feature","properties":{"Name":"Polyline [2BA2]:0","altitudeMode":"relativeToGround","tessellate":"-1","visibility":"-1","id_2":"6"},"geometry":{"type":"LineString","coordinates":[[-99.55574,20.207208],[-99.555759,20.207209],[-99.555778,20.20721],[-99.555797,20.207211],[-99.555816,20.207212],[-99.555835,20.207214],[-99.555854,20.207215],[-99.555873,20.207216],[-99.555892,20.207217],[-99.555911,20.207218]]}},{"type":"Feature","properties":{"Name":"Polyline [2BA2]:0","altitudeMode":"relativeToGround","tessellate":"-1","visibility":"-1","id_2":"6"},"geometry":{"type":"LineString","coordinates":[[-99.555911,20.207218],[-99.555935,20.20722],[-99.555959,20.207221],[-99.555982,20.207222],[-99.556006,20.207224],[-99.55603,20.207225],[-99.556053,20.207227],[-99.556077,20.207228],[-99.556101,20.207229],[-99.556124,20.20723]]}},{"type":"Feature","properties":{"Name":"Polyline [2BA2]:0","altitudeMode":"relativeToGround","tessellate":"-1","visibility":"-1","id_2":"6"},"geometry":{"type":"LineString","coordinates":[[-99.556124,20.20723],[-99.556139,20.207231],[-99.556153,20.207232],[-99.556167,20.207233],[-99.556181,20.207234],[-99.556196,20.207234],[-99.55621,20.207235],[-99.556224,20.207236],[-99.556238,20.207237],[-99.556252,20.207237]]}},{"type":"Feature","properties":{"Name":"Polyline [2BA2]:0","altitudeMode":"relativeToGround","tessellate":"-1","visibility":"-1","id_2":"6"},"geometry":{"type":"LineString","coordinates":[[-99.556252,20.207237],[-99.556281,20.207239],[-99.556309,20.20724],[-99.556337,20.207242],[-99.556366,20.207243],[-99.556394,20.207245],[-99.556422,20.207246],[-99.556451,20.207248],[-99.556479,20.207249],[-99.556507,20.207251]]}},{"type":"Feature","properties":{"Name":"Polyline [2BA2]:0","altitudeMode":"relativeToGround","tessellate":"-1","visibility":"-1","id_2":"6"},"geometry":{"type":"LineString","coordinates":[[-99.560212,20.207442],[-99.560229,20.207442],[-99.560246,20.207443],[-99.560263,20.207444],[-99.56028,20.207445],[-99.560297,20.207446],[-99.560314,20.207447],[-99.560331,20.207448],[-99.560347,20.207449],[-99.560364,20.207449]]}},{"type":"Feature","properties":{"Name":"Polyline [2BA2]:0","altitudeMode":"relativeToGround","tessellate":"-1","visibility":"-1","id_2":"6"},"geometry":{"type":"LineString","coordinates":[[-99.560364,20.207449],[-99.560373,20.20745],[-99.560381,20.20745],[-99.56039,20.207451],[-99.560398,20.207451],[-99.560407,20.207452],[-99.560415,20.207452],[-99.560424,20.207453],[-99.560432,20.207453],[-99.560441,20.207454]]}},{"type":"Feature","properties":{"Name":"Polyline [2BA2]:0","altitudeMode":"relativeToGround","tessellate":"-1","visibility":"-1","id_2":"6"},"geometry":{"type":"LineString","coordinates":[[-99.560441,20.207454],[-99.560455,20.207454],[-99.560469,20.207455],[-99.560483,20.207456],[-99.560497,20.207457],[-99.560511,20.207457],[-99.560525,20.207458],[-99.560539,20.207459],[-99.560554,20.20746],[-99.560568,20.20746]]}},{"type":"Feature","properties":{"Name":"Polyline [2BA2]:0","altitudeMode":"relativeToGround","tessellate":"-1","visibility":"-1","id_2":"6"},"geometry":{"type":"LineString","coordinates":[[-99.560568,20.20746],[-99.560579,20.207461],[-99.56059,20.207462],[-99.560601,20.207462],[-99.560613,20.207463],[-99.560624,20.207464],[-99.560635,20.207464],[-99.560647,20.207465],[-99.560658,20.207465],[-99.560669,20.207466]]}},{"type":"Feature","properties":{"Name":"Polyline [2BA2]:0","altitudeMode":"relativeToGround","tessellate":"-1","visibility":"-1","id_2":"6"},"geometry":{"type":"LineString","coordinates":[[-99.560669,20.207466],[-99.560683,20.207467],[-99.560696,20.207468],[-99.56071,20.207469],[-99.560723,20.207469],[-99.560737,20.20747],[-99.56075,20.207471],[-99.560764,20.207472],[-99.560777,20.207473],[-99.560791,20.207473]]}},{"type":"Feature","properties":{"Name":"Polyline [2BA2]:0","altitudeMode":"relativeToGround","tessellate":"-1","visibility":"-1","id_2":"6"},"geometry":{"type":"LineString","coordinates":[[-99.560791,20.207473],[-99.560802,20.207474],[-99.560814,20.207475],[-99.560826,20.207476],[-99.560838,20.207476],[-99.56085,20.207477],[-99.560861,20.207478],[-99.560873,20.207479],[-99.560885,20.207479],[-99.560897,20.20748]]}},{"type":"Feature","properties":{"Name":"Polyline [2BA2]:0","altitudeMode":"relativeToGround","tessellate":"-1","visibility":"-1","id_2":"6"},"geometry":{"type":"LineString","coordinates":[[-99.560897,20.20748],[-99.56091,20.207481],[-99.560923,20.207482],[-99.560936,20.207483],[-99.56095,20.207484],[-99.560963,20.207485],[-99.560976,20.207486],[-99.560989,20.207487],[-99.561002,20.207487],[-99.561016,20.207488]]}},{"type":"Feature","properties":{"Name":"Polyline [2BA2]:0","altitudeMode":"relativeToGround","tessellate":"-1","visibility":"-1","id_2":"6"},"geometry":{"type":"LineString","coordinates":[[-99.561016,20.207488],[-99.561028,20.207489],[-99.56104,20.20749],[-99.561052,20.207491],[-99.561064,20.207492],[-99.561076,20.207493],[-99.561087,20.207494],[-99.561099,20.207495],[-99.561111,20.207496],[-99.561123,20.207496]]}},{"type":"Feature","properties":{"Name":"Polyline [2BA2]:0","altitudeMode":"relativeToGround","tessellate":"-1","visibility":"-1","id_2":"6"},"geometry":{"type":"LineString","coordinates":[[-99.561123,20.207496],[-99.561136,20.207497],[-99.56115,20.207498],[-99.561163,20.2075],[-99.561176,20.207501],[-99.561189,20.207502],[-99.561202,20.207503],[-99.561215,20.207504],[-99.561228,20.207505],[-99.561241,20.207506]]}},{"type":"Feature","properties":{"Name":"Polyline [2BA2]:0","altitudeMode":"relativeToGround","tessellate":"-1","visibility":"-1","id_2":"6"},"geometry":{"type":"LineString","coordinates":[[-99.561241,20.207506],[-99.561253,20.207507],[-99.561265,20.207508],[-99.561277,20.207509],[-99.561289,20.20751],[-99.561301,20.207511],[-99.561313,20.207512],[-99.561325,20.207513],[-99.561337,20.207514],[-99.561349,20.207516]]}},{"type":"Feature","properties":{"Name":"Polyline [2BA2]:0","altitudeMode":"relativeToGround","tessellate":"-1","visibility":"-1","id_2":"6"},"geometry":{"type":"LineString","coordinates":[[-99.561349,20.207516],[-99.561815,20.207566],[-99.562278,20.207633],[-99.562738,20.207714],[-99.563195,20.207812],[-99.563648,20.207924],[-99.564096,20.208051],[-99.564539,20.208194],[-99.564977,20.208351],[-99.565409,20.208522]]}},{"type":"Feature","properties":{"Name":"Polyline [2BA2]:0","altitudeMode":"relativeToGround","tessellate":"-1","visibility":"-1","id_2":"6"},"geometry":{"type":"LineString","coordinates":[[-99.565409,20.208522],[-99.56542,20.208527],[-99.565431,20.208532],[-99.565442,20.208536],[-99.565453,20.208541],[-99.565464,20.208546],[-99.565475,20.20855],[-99.565486,20.208555],[-99.565497,20.20856],[-99.565508,20.208564]]}},{"type":"Feature","properties":{"Name":"Polyline [2BA2]:0","altitudeMode":"relativeToGround","tessellate":"-1","visibility":"-1","id_2":"6"},"geometry":{"type":"LineString","coordinates":[[-99.565508,20.208564],[-99.56552,20.208569],[-99.565532,20.208575],[-99.565544,20.20858],[-99.565556,20.208585],[-99.565568,20.20859],[-99.56558,20.208595],[-99.565592,20.2086],[-99.565604,20.208605],[-99.565615,20.208611]]}},{"type":"Feature","properties":{"Name":"Polyline [2BA2]:0","altitudeMode":"relativeToGround","tessellate":"-1","visibility":"-1","id_2":"6"},"geometry":{"type":"LineString","coordinates":[[-99.565615,20.208611],[-99.565626,20.208615],[-99.565637,20.20862],[-99.565648,20.208625],[-99.565659,20.20863],[-99.56567,20.208634],[-99.565681,20.208639],[-99.565692,20.208644],[-99.565703,20.208649],[-99.565714,20.208654]]}},{"type":"Feature","properties":{"Name":"Polyline [2BA2]:0","altitudeMode":"relativeToGround","tessellate":"-1","visibility":"-1","id_2":"6"},"geometry":{"type":"LineString","coordinates":[[-99.565714,20.208654],[-99.565726,20.208659],[-99.565738,20.208664],[-99.56575,20.20867],[-99.565762,20.208675],[-99.565774,20.20868],[-99.565785,20.208686],[-99.565797,20.208691],[-99.565809,20.208696],[-99.565821,20.208702]]}},{"type":"Feature","properties":{"Name":"Polyline [2BA2]:0","altitudeMode":"relativeToGround","tessellate":"-1","visibility":"-1","id_2":"6"},"geometry":{"type":"LineString","coordinates":[[-99.565821,20.208702],[-99.565832,20.208706],[-99.565843,20.208711],[-99.565853,20.208716],[-99.565864,20.208721],[-99.565875,20.208726],[-99.565885,20.20873],[-99.565896,20.208735],[-99.565907,20.20874],[-99.565917,20.208745]]}},{"type":"Feature","properties":{"Name":"Polyline [2BA2]:0","altitudeMode":"relativeToGround","tessellate":"-1","visibility":"-1","id_2":"6"},"geometry":{"type":"LineString","coordinates":[[-99.565917,20.208745],[-99.56593,20.20875],[-99.565942,20.208756],[-99.565954,20.208762],[-99.565966,20.208767],[-99.565978,20.208773],[-99.56599,20.208778],[-99.566003,20.208784],[-99.566015,20.208789],[-99.566027,20.208795]]}},{"type":"Feature","properties":{"Name":"Polyline [2BA2]:0","altitudeMode":"relativeToGround","tessellate":"-1","visibility":"-1","id_2":"6"},"geometry":{"type":"LineString","coordinates":[[-99.566027,20.208795],[-99.566037,20.2088],[-99.566047,20.208804],[-99.566057,20.208809],[-99.566068,20.208814],[-99.566078,20.208818],[-99.566088,20.208823],[-99.566098,20.208828],[-99.566108,20.208832],[-99.566118,20.208837]]}},{"type":"Feature","properties":{"Name":"Polyline [2BA2]:0","altitudeMode":"relativeToGround","tessellate":"-1","visibility":"-1","id_2":"6"},"geometry":{"type":"LineString","coordinates":[[-99.566118,20.208837],[-99.566131,20.208843],[-99.566144,20.208849],[-99.566156,20.208855],[-99.566169,20.208861],[-99.566182,20.208866],[-99.566194,20.208872],[-99.566207,20.208878],[-99.56622,20.208884],[-99.566232,20.20889]]}},{"type":"Feature","properties":{"Name":"Polyline [2BA2]:0","altitudeMode":"relativeToGround","tessellate":"-1","visibility":"-1","id_2":"6"},"geometry":{"type":"LineString","coordinates":[[-99.566232,20.20889],[-99.56624,20.208893],[-99.566248,20.208897],[-99.566255,20.208901],[-99.566263,20.208904],[-99.56627,20.208908],[-99.566278,20.208911],[-99.566286,20.208915],[-99.566293,20.208918],[-99.566301,20.208922]]}},{"type":"Feature","properties":{"Name":"Polyline [2BA2]:0","altitudeMode":"relativeToGround","tessellate":"-1","visibility":"-1","id_2":"6"},"geometry":{"type":"LineString","coordinates":[[-99.566301,20.208922],[-99.566316,20.208929],[-99.566331,20.208936],[-99.566347,20.208943],[-99.566362,20.20895],[-99.566377,20.208957],[-99.566392,20.208964],[-99.566408,20.208972],[-99.566423,20.208979],[-99.566438,20.208986]]}},{"type":"Feature","properties":{"Name":"Polyline [2BA2]:0","altitudeMode":"relativeToGround","tessellate":"-1","visibility":"-1","id_2":"6"},"geometry":{"type":"LineString","coordinates":[[-99.575361,20.213152],[-99.575692,20.213302],[-99.576025,20.213447],[-99.576361,20.213586],[-99.576701,20.213718],[-99.577042,20.213845],[-99.577387,20.213965],[-99.577733,20.214079],[-99.578082,20.214187],[-99.578433,20.214289]]}},{"type":"Feature","properties":{"Name":"Polyline [2BA2]:0","altitudeMode":"relativeToGround","tessellate":"-1","visibility":"-1","id_2":"6"},"geometry":{"type":"LineString","coordinates":[[-99.591413,20.217923],[-99.591734,20.218012],[-99.592056,20.218099],[-99.592379,20.218183],[-99.592703,20.218266],[-99.593026,20.218346],[-99.593351,20.218424],[-99.593676,20.2185],[-99.594002,20.218574],[-99.594328,20.218646]]}},{"type":"Feature","properties":{"Name":"Polyline [2BA2]:0","altitudeMode":"relativeToGround","tessellate":"-1","visibility":"-1","id_2":"6"},"geometry":{"type":"LineString","coordinates":[[-99.605258,20.221013],[-99.605575,20.221079],[-99.605893,20.221141],[-99.606212,20.221199],[-99.606532,20.221252],[-99.606852,20.221301],[-99.607174,20.221345],[-99.607495,20.221385],[-99.607818,20.22142],[-99.608141,20.221451]]}},{"type":"Feature","properties":{"Name":"Polyline [2BA2]:0","altitudeMode":"relativeToGround","tessellate":"-1","visibility":"-1","id_2":"6"},"geometry":{"type":"LineString","coordinates":[[-99.613608,20.221937],[-99.614048,20.221973],[-99.614489,20.222003],[-99.61493,20.222026],[-99.615372,20.222043],[-99.615814,20.222053],[-99.616256,20.222057],[-99.616698,20.222055],[-99.617139,20.222046],[-99.617581,20.222031]]}},{"type":"Feature","properties":{"Name":"Polyline [2BA2]:0","altitudeMode":"relativeToGround","tessellate":"-1","visibility":"-1","id_2":"6"},"geometry":{"type":"LineString","coordinates":[[-99.617564,20.22167],[-99.617129,20.221685],[-99.616693,20.221693],[-99.616256,20.221696],[-99.61582,20.221692],[-99.615384,20.221681],[-99.614949,20.221665],[-99.614513,20.221642],[-99.614078,20.221613],[-99.613644,20.221577]]}},{"type":"Feature","properties":{"Name":"Polyline [2BA2]:0","altitudeMode":"relativeToGround","tessellate":"-1","visibility":"-1","id_2":"6"},"geometry":{"type":"LineString","coordinates":[[-99.608177,20.221092],[-99.607859,20.221061],[-99.607543,20.221026],[-99.607226,20.220987],[-99.60691,20.220944],[-99.606595,20.220896],[-99.606281,20.220843],[-99.605968,20.220787],[-99.605655,20.220726],[-99.605344,20.220661]]}},{"type":"Feature","properties":{"Name":"Polyline [2BA2]:0","altitudeMode":"relativeToGround","tessellate":"-1","visibility":"-1","id_2":"6"},"geometry":{"type":"LineString","coordinates":[[-99.594414,20.218294],[-99.59409,20.218223],[-99.593767,20.218149],[-99.593444,20.218074],[-99.593122,20.217996],[-99.592801,20.217917],[-99.59248,20.217835],[-99.59216,20.217751],[-99.591841,20.217665],[-99.591522,20.217577]]}},{"type":"Feature","properties":{"Name":"Polyline [2BA2]:0","altitudeMode":"relativeToGround","tessellate":"-1","visibility":"-1","id_2":"6"},"geometry":{"type":"LineString","coordinates":[[-99.578542,20.213943],[-99.578198,20.213843],[-99.577856,20.213737],[-99.577516,20.213625],[-99.577179,20.213507],[-99.576844,20.213383],[-99.576511,20.213253],[-99.576182,20.213117],[-99.575855,20.212975],[-99.575531,20.212828]]}},{"type":"Feature","properties":{"Name":"Polyline [2BA2]:0","altitudeMode":"relativeToGround","tessellate":"-1","visibility":"-1","id_2":"6"},"geometry":{"type":"LineString","coordinates":[[-99.566608,20.208662],[-99.566593,20.208655],[-99.566577,20.208648],[-99.566562,20.20864],[-99.566547,20.208633],[-99.566531,20.208626],[-99.566516,20.208619],[-99.566501,20.208612],[-99.566486,20.208605],[-99.56647,20.208598]]}},{"type":"Feature","properties":{"Name":"Polyline [2BA2]:0","altitudeMode":"relativeToGround","tessellate":"-1","visibility":"-1","id_2":"6"},"geometry":{"type":"LineString","coordinates":[[-99.56647,20.208598],[-99.566463,20.208594],[-99.566455,20.208591],[-99.566447,20.208587],[-99.56644,20.208583],[-99.566432,20.20858],[-99.566424,20.208576],[-99.566417,20.208573],[-99.566409,20.208569],[-99.566402,20.208566]]}},{"type":"Feature","properties":{"Name":"Polyline [2BA2]:0","altitudeMode":"relativeToGround","tessellate":"-1","visibility":"-1","id_2":"6"},"geometry":{"type":"LineString","coordinates":[[-99.566402,20.208566],[-99.566389,20.20856],[-99.566376,20.208554],[-99.566363,20.208548],[-99.56635,20.208542],[-99.566338,20.208536],[-99.566325,20.20853],[-99.566312,20.208524],[-99.566299,20.208518],[-99.566287,20.208512]]}},{"type":"Feature","properties":{"Name":"Polyline [2BA2]:0","altitudeMode":"relativeToGround","tessellate":"-1","visibility":"-1","id_2":"6"},"geometry":{"type":"LineString","coordinates":[[-99.566287,20.208512],[-99.566276,20.208508],[-99.566266,20.208503],[-99.566256,20.208498],[-99.566246,20.208493],[-99.566235,20.208489],[-99.566225,20.208484],[-99.566215,20.208479],[-99.566205,20.208475],[-99.566194,20.20847]]}},{"type":"Feature","properties":{"Name":"Polyline [2BA2]:0","altitudeMode":"relativeToGround","tessellate":"-1","visibility":"-1","id_2":"6"},"geometry":{"type":"LineString","coordinates":[[-99.566194,20.20847],[-99.566182,20.208464],[-99.56617,20.208459],[-99.566157,20.208453],[-99.566145,20.208447],[-99.566133,20.208442],[-99.56612,20.208436],[-99.566108,20.20843],[-99.566096,20.208425],[-99.566083,20.208419]]}},{"type":"Feature","properties":{"Name":"Polyline [2BA2]:0","altitudeMode":"relativeToGround","tessellate":"-1","visibility":"-1","id_2":"6"},"geometry":{"type":"LineString","coordinates":[[-99.566083,20.208419],[-99.566072,20.208414],[-99.566062,20.208409],[-99.566051,20.208405],[-99.56604,20.2084],[-99.566029,20.208395],[-99.566018,20.20839],[-99.566008,20.208385],[-99.565997,20.20838],[-99.565986,20.208375]]}},{"type":"Feature","properties":{"Name":"Polyline [2BA2]:0","altitudeMode":"relativeToGround","tessellate":"-1","visibility":"-1","id_2":"6"},"geometry":{"type":"LineString","coordinates":[[-99.565986,20.208375],[-99.565974,20.20837],[-99.565961,20.208364],[-99.565949,20.208359],[-99.565937,20.208353],[-99.565925,20.208348],[-99.565913,20.208343],[-99.5659,20.208337],[-99.565888,20.208332],[-99.565876,20.208326]]}},{"type":"Feature","properties":{"Name":"Polyline [2BA2]:0","altitudeMode":"relativeToGround","tessellate":"-1","visibility":"-1","id_2":"6"},"geometry":{"type":"LineString","coordinates":[[-99.565876,20.208326],[-99.565865,20.208321],[-99.565854,20.208316],[-99.565843,20.208312],[-99.565831,20.208307],[-99.56582,20.208302],[-99.565809,20.208297],[-99.565798,20.208292],[-99.565787,20.208287],[-99.565776,20.208282]]}},{"type":"Feature","properties":{"Name":"Polyline [2BA2]:0","altitudeMode":"relativeToGround","tessellate":"-1","visibility":"-1","id_2":"6"},"geometry":{"type":"LineString","coordinates":[[-99.565776,20.208282],[-99.565764,20.208277],[-99.565751,20.208272],[-99.565739,20.208266],[-99.565727,20.208261],[-99.565715,20.208256],[-99.565703,20.208251],[-99.56569,20.208245],[-99.565678,20.20824],[-99.565666,20.208235]]}},{"type":"Feature","properties":{"Name":"Polyline [2BA2]:0","altitudeMode":"relativeToGround","tessellate":"-1","visibility":"-1","id_2":"6"},"geometry":{"type":"LineString","coordinates":[[-99.565666,20.208235],[-99.565655,20.20823],[-99.565643,20.208225],[-99.565632,20.208221],[-99.565621,20.208216],[-99.565609,20.208211],[-99.565598,20.208206],[-99.565586,20.208201],[-99.565575,20.208197],[-99.565564,20.208192]]}},{"type":"Feature","properties":{"Name":"Polyline [2BA2]:0","altitudeMode":"relativeToGround","tessellate":"-1","visibility":"-1","id_2":"6"},"geometry":{"type":"LineString","coordinates":[[-99.565564,20.208192],[-99.56512,20.208015],[-99.564669,20.207854],[-99.564213,20.207707],[-99.563751,20.207576],[-99.563285,20.20746],[-99.562815,20.20736],[-99.562342,20.207276],[-99.561865,20.207208],[-99.561387,20.207156]]}},{"type":"Feature","properties":{"Name":"Polyline [2BA2]:0","altitudeMode":"relativeToGround","tessellate":"-1","visibility":"-1","id_2":"6"},"geometry":{"type":"LineString","coordinates":[[-99.561387,20.207156],[-99.561374,20.207155],[-99.561362,20.207154],[-99.561349,20.207152],[-99.561337,20.207151],[-99.561325,20.20715],[-99.561312,20.207149],[-99.5613,20.207148],[-99.561287,20.207147],[-99.561275,20.207146]]}},{"type":"Feature","properties":{"Name":"Polyline [2BA2]:0","altitudeMode":"relativeToGround","tessellate":"-1","visibility":"-1","id_2":"6"},"geometry":{"type":"LineString","coordinates":[[-99.561275,20.207146],[-99.561262,20.207145],[-99.561248,20.207144],[-99.561235,20.207143],[-99.561222,20.207142],[-99.561208,20.20714],[-99.561195,20.207139],[-99.561181,20.207138],[-99.561168,20.207137],[-99.561155,20.207136]]}},{"type":"Feature","properties":{"Name":"Polyline [2BA2]:0","altitudeMode":"relativeToGround","tessellate":"-1","visibility":"-1","id_2":"6"},"geometry":{"type":"LineString","coordinates":[[-99.561155,20.207136],[-99.561143,20.207135],[-99.56113,20.207134],[-99.561118,20.207133],[-99.561106,20.207132],[-99.561094,20.207132],[-99.561081,20.207131],[-99.561069,20.20713],[-99.561057,20.207129],[-99.561045,20.207128]]}},{"type":"Feature","properties":{"Name":"Polyline [2BA2]:0","altitudeMode":"relativeToGround","tessellate":"-1","visibility":"-1","id_2":"6"},"geometry":{"type":"LineString","coordinates":[[-99.561045,20.207128],[-99.561031,20.207127],[-99.561018,20.207126],[-99.561004,20.207125],[-99.560991,20.207124],[-99.560977,20.207123],[-99.560964,20.207122],[-99.56095,20.207121],[-99.560937,20.207121],[-99.560923,20.20712]]}},{"type":"Feature","properties":{"Name":"Polyline [2BA2]:0","altitudeMode":"relativeToGround","tessellate":"-1","visibility":"-1","id_2":"6"},"geometry":{"type":"LineString","coordinates":[[-99.560923,20.20712],[-99.560911,20.207119],[-99.560899,20.207118],[-99.560887,20.207117],[-99.560875,20.207117],[-99.560864,20.207116],[-99.560852,20.207115],[-99.56084,20.207114],[-99.560828,20.207113],[-99.560816,20.207113]]}},{"type":"Feature","properties":{"Name":"Polyline [2BA2]:0","altitudeMode":"relativeToGround","tessellate":"-1","visibility":"-1","id_2":"6"},"geometry":{"type":"LineString","coordinates":[[-99.560816,20.207113],[-99.560802,20.207112],[-99.560788,20.207111],[-99.560775,20.20711],[-99.560761,20.207109],[-99.560747,20.207109],[-99.560734,20.207108],[-99.56072,20.207107],[-99.560706,20.207106],[-99.560693,20.207105]]}},{"type":"Feature","properties":{"Name":"Polyline [2BA2]:0","altitudeMode":"relativeToGround","tessellate":"-1","visibility":"-1","id_2":"6"},"geometry":{"type":"LineString","coordinates":[[-99.560693,20.207105],[-99.560681,20.207105],[-99.56067,20.207104],[-99.560658,20.207103],[-99.560647,20.207103],[-99.560636,20.207102],[-99.560624,20.207101],[-99.560613,20.207101],[-99.560601,20.2071],[-99.56059,20.2071]]}},{"type":"Feature","properties":{"Name":"Polyline [2BA2]:0","altitudeMode":"relativeToGround","tessellate":"-1","visibility":"-1","id_2":"6"},"geometry":{"type":"LineString","coordinates":[[-99.56059,20.2071],[-99.560576,20.207099],[-99.560562,20.207098],[-99.560547,20.207097],[-99.560533,20.207096],[-99.560519,20.207096],[-99.560505,20.207095],[-99.560491,20.207094],[-99.560476,20.207093],[-99.560462,20.207093]]}},{"type":"Feature","properties":{"Name":"Polyline [2BA2]:0","altitudeMode":"relativeToGround","tessellate":"-1","visibility":"-1","id_2":"6"},"geometry":{"type":"LineString","coordinates":[[-99.560462,20.207093],[-99.560454,20.207092],[-99.560445,20.207092],[-99.560437,20.207091],[-99.560428,20.207091],[-99.56042,20.20709],[-99.560411,20.20709],[-99.560403,20.207089],[-99.560394,20.207089],[-99.560386,20.207089]]}},{"type":"Feature","properties":{"Name":"Polyline [2BA2]:0","altitudeMode":"relativeToGround","tessellate":"-1","visibility":"-1","id_2":"6"},"geometry":{"type":"LineString","coordinates":[[-99.560386,20.207089],[-99.560369,20.207088],[-99.560352,20.207087],[-99.560335,20.207086],[-99.560318,20.207085],[-99.560301,20.207084],[-99.560284,20.207083],[-99.560267,20.207082],[-99.56025,20.207082],[-99.560233,20.207081]]}},{"type":"Feature","properties":{"Name":"Polyline [2BA2]:0","altitudeMode":"relativeToGround","tessellate":"-1","visibility":"-1","id_2":"6"},"geometry":{"type":"LineString","coordinates":[[-99.556528,20.20689],[-99.5565,20.206888],[-99.556472,20.206887],[-99.556443,20.206885],[-99.556415,20.206884],[-99.556387,20.206882],[-99.556359,20.206881],[-99.55633,20.206879],[-99.556302,20.206878],[-99.556274,20.206876]]}},{"type":"Feature","properties":{"Name":"Polyline [2BA2]:0","altitudeMode":"relativeToGround","tessellate":"-1","visibility":"-1","id_2":"6"},"geometry":{"type":"LineString","coordinates":[[-99.556274,20.206876],[-99.55626,20.206876],[-99.556245,20.206875],[-99.556231,20.206874],[-99.556217,20.206873],[-99.556203,20.206873],[-99.556189,20.206872],[-99.556175,20.206871],[-99.556161,20.20687],[-99.556147,20.20687]]}},{"type":"Feature","properties":{"Name":"Polyline [2BA2]:0","altitudeMode":"relativeToGround","tessellate":"-1","visibility":"-1","id_2":"6"},"geometry":{"type":"LineString","coordinates":[[-99.556147,20.20687],[-99.556123,20.206868],[-99.5561,20.206867],[-99.556076,20.206866],[-99.556053,20.206864],[-99.556029,20.206863],[-99.556006,20.206862],[-99.555982,20.20686],[-99.555959,20.206859],[-99.555935,20.206858]]}},{"type":"Feature","properties":{"Name":"Polyline [2BA2]:0","altitudeMode":"relativeToGround","tessellate":"-1","visibility":"-1","id_2":"6"},"geometry":{"type":"LineString","coordinates":[[-99.555935,20.206858],[-99.555917,20.206856],[-99.555898,20.206855],[-99.555879,20.206854],[-99.55586,20.206853],[-99.555842,20.206852],[-99.555823,20.206851],[-99.555804,20.206849],[-99.555785,20.206848],[-99.555767,20.206847]]}},{"type":"Feature","properties":{"Name":"Polyline [2BA2]:0","altitudeMode":"relativeToGround","tessellate":"-1","visibility":"-1","id_2":"6"},"geometry":{"type":"LineString","coordinates":[[-99.555767,20.206847],[-99.555744,20.206846],[-99.555722,20.206844],[-99.555699,20.206843],[-99.555677,20.206841],[-99.555654,20.206839],[-99.555632,20.206838],[-99.55561,20.206836],[-99.555587,20.206835],[-99.555565,20.206833]]}},{"type":"Feature","properties":{"Name":"Polyline [2BA2]:0","altitudeMode":"relativeToGround","tessellate":"-1","visibility":"-1","id_2":"6"},"geometry":{"type":"LineString","coordinates":[[-99.555565,20.206833],[-99.555545,20.206832],[-99.555526,20.20683],[-99.555506,20.206829],[-99.555486,20.206827],[-99.555467,20.206826],[-99.555447,20.206824],[-99.555428,20.206822],[-99.555408,20.206821],[-99.555388,20.206819]]}},{"type":"Feature","properties":{"Name":"Polyline [2BA2]:0","altitudeMode":"relativeToGround","tessellate":"-1","visibility":"-1","id_2":"6"},"geometry":{"type":"LineString","coordinates":[[-99.555388,20.206819],[-99.555367,20.206817],[-99.555345,20.206816],[-99.555323,20.206814],[-99.555301,20.206812],[-99.555279,20.20681],[-99.555257,20.206808],[-99.555235,20.206806],[-99.555213,20.206804],[-99.555191,20.206802]]}},{"type":"Feature","properties":{"Name":"Polyline [2BA2]:0","altitudeMode":"relativeToGround","tessellate":"-1","visibility":"-1","id_2":"6"},"geometry":{"type":"LineString","coordinates":[[-99.555191,20.206802],[-99.555171,20.2068],[-99.555151,20.206798],[-99.555131,20.206796],[-99.555112,20.206794],[-99.555092,20.206792],[-99.555072,20.20679],[-99.555052,20.206788],[-99.555032,20.206786],[-99.555012,20.206784]]}},{"type":"Feature","properties":{"Name":"Polyline [2BA2]:0","altitudeMode":"relativeToGround","tessellate":"-1","visibility":"-1","id_2":"6"},"geometry":{"type":"LineString","coordinates":[[-99.555012,20.206784],[-99.554991,20.206782],[-99.554969,20.206779],[-99.554948,20.206777],[-99.554926,20.206774],[-99.554904,20.206772],[-99.554883,20.206769],[-99.554861,20.206767],[-99.55484,20.206764],[-99.554818,20.206762]]}},{"type":"Feature","properties":{"Name":"Polyline [2BA2]:0","altitudeMode":"relativeToGround","tessellate":"-1","visibility":"-1","id_2":"6"},"geometry":{"type":"LineString","coordinates":[[-99.554818,20.206762],[-99.554798,20.206759],[-99.554778,20.206757],[-99.554758,20.206754],[-99.554738,20.206752],[-99.554719,20.206749],[-99.554699,20.206746],[-99.554679,20.206744],[-99.554659,20.206741],[-99.554639,20.206738]]}},{"type":"Feature","properties":{"Name":"Polyline [2BA2]:0","altitudeMode":"relativeToGround","tessellate":"-1","visibility":"-1","id_2":"6"},"geometry":{"type":"LineString","coordinates":[[-99.554639,20.206738],[-99.554043,20.206639],[-99.553455,20.206507],[-99.552876,20.206343],[-99.552308,20.206147],[-99.551753,20.20592],[-99.551214,20.205663],[-99.550691,20.205377],[-99.550186,20.205062],[-99.549702,20.20472]]}},{"type":"Feature","properties":{"Name":"Polyline [2BA2]:0","altitudeMode":"relativeToGround","tessellate":"-1","visibility":"-1","id_2":"6"},"geometry":{"type":"LineString","coordinates":[[-99.549702,20.20472],[-99.549687,20.204708],[-99.549671,20.204696],[-99.549655,20.204684],[-99.54964,20.204672],[-99.549624,20.20466],[-99.549608,20.204648],[-99.549593,20.204636],[-99.549577,20.204624],[-99.549562,20.204612]]}},{"type":"Feature","properties":{"Name":"Polyline [2BA2]:0","altitudeMode":"relativeToGround","tessellate":"-1","visibility":"-1","id_2":"6"},"geometry":{"type":"LineString","coordinates":[[-99.549562,20.204612],[-99.549545,20.204599],[-99.549528,20.204586],[-99.549511,20.204573],[-99.549495,20.20456],[-99.549478,20.204547],[-99.549461,20.204534],[-99.549445,20.20452],[-99.549428,20.204507],[-99.549412,20.204494]]}},{"type":"Feature","properties":{"Name":"Polyline [2BA2]:0","altitudeMode":"relativeToGround","tessellate":"-1","visibility":"-1","id_2":"6"},"geometry":{"type":"LineString","coordinates":[[-99.549412,20.204494],[-99.549396,20.204482],[-99.549381,20.204469],[-99.549366,20.204457],[-99.549351,20.204445],[-99.549336,20.204433],[-99.549321,20.20442],[-99.549306,20.204408],[-99.549291,20.204396],[-99.549275,20.204383]]}},{"type":"Feature","properties":{"Name":"Polyline [2BA2]:0","altitudeMode":"relativeToGround","tessellate":"-1","visibility":"-1","id_2":"6"},"geometry":{"type":"LineString","coordinates":[[-99.549275,20.204383],[-99.549259,20.204369],[-99.549242,20.204356],[-99.549226,20.204342],[-99.549209,20.204328],[-99.549193,20.204314],[-99.549176,20.204301],[-99.54916,20.204287],[-99.549143,20.204273],[-99.549127,20.204259]]}},{"type":"Feature","properties":{"Name":"Polyline [2BA2]:0","altitudeMode":"relativeToGround","tessellate":"-1","visibility":"-1","id_2":"6"},"geometry":{"type":"LineString","coordinates":[[-99.549127,20.204259],[-99.549112,20.204247],[-99.549098,20.204234],[-99.549083,20.204222],[-99.549069,20.20421],[-99.549054,20.204197],[-99.549039,20.204185],[-99.549025,20.204172],[-99.54901,20.20416],[-99.548996,20.204147]]}},{"type":"Feature","properties":{"Name":"Polyline [2BA2]:0","altitudeMode":"relativeToGround","tessellate":"-1","visibility":"-1","id_2":"6"},"geometry":{"type":"LineString","coordinates":[[-99.548996,20.204147],[-99.548979,20.204133],[-99.548963,20.204119],[-99.548946,20.204104],[-99.548929,20.20409],[-99.548913,20.204075],[-99.548896,20.204061],[-99.54888,20.204047],[-99.548863,20.204032],[-99.548847,20.204018]]}},{"type":"Feature","properties":{"Name":"Polyline [2BA2]:0","altitudeMode":"relativeToGround","tessellate":"-1","visibility":"-1","id_2":"6"},"geometry":{"type":"LineString","coordinates":[[-99.548847,20.204018],[-99.548833,20.204006],[-99.548819,20.203994],[-99.548806,20.203981],[-99.548792,20.203969],[-99.548778,20.203957],[-99.548764,20.203945],[-99.548751,20.203933],[-99.548737,20.203921],[-99.548723,20.203909]]}},{"type":"Feature","properties":{"Name":"Polyline [2BA2]:0","altitudeMode":"relativeToGround","tessellate":"-1","visibility":"-1","id_2":"6"},"geometry":{"type":"LineString","coordinates":[[-99.548723,20.203909],[-99.548706,20.203894],[-99.548689,20.203878],[-99.548672,20.203863],[-99.548655,20.203848],[-99.548638,20.203833],[-99.548621,20.203817],[-99.548603,20.203802],[-99.548586,20.203787],[-99.548569,20.203772]]}},{"type":"Feature","properties":{"Name":"Polyline [2BA2]:0","altitudeMode":"relativeToGround","tessellate":"-1","visibility":"-1","id_2":"6"},"geometry":{"type":"LineString","coordinates":[[-99.548569,20.203772],[-99.548559,20.203762],[-99.548549,20.203753],[-99.548539,20.203744],[-99.548528,20.203735],[-99.548518,20.203726],[-99.548508,20.203716],[-99.548498,20.203707],[-99.548487,20.203698],[-99.548477,20.203689]]}},{"type":"Feature","properties":{"Name":"Polyline [2BA2]:0","altitudeMode":"relativeToGround","tessellate":"-1","visibility":"-1","id_2":"6"},"geometry":{"type":"LineString","coordinates":[[-99.548477,20.203689],[-99.548457,20.20367],[-99.548436,20.203652],[-99.548416,20.203633],[-99.548395,20.203615],[-99.548375,20.203596],[-99.548354,20.203578],[-99.548334,20.203559],[-99.548313,20.203541],[-99.548293,20.203523]]}},{"type":"Feature","properties":{"Name":"Polyline [2BA2]:0","altitudeMode":"relativeToGround","tessellate":"-1","visibility":"-1","id_2":"6"},"geometry":{"type":"LineString","coordinates":[[-99.534901,20.191435],[-99.534884,20.191421],[-99.534868,20.191406],[-99.534851,20.191391],[-99.534835,20.191376],[-99.534819,20.191361],[-99.534802,20.191347],[-99.534786,20.191332],[-99.53477,20.191317],[-99.534753,20.191302]]}},{"type":"Feature","properties":{"Name":"Polyline [2BA2]:0","altitudeMode":"relativeToGround","tessellate":"-1","visibility":"-1","id_2":"6"},"geometry":{"type":"LineString","coordinates":[[-99.534753,20.191302],[-99.534745,20.191295],[-99.534737,20.191287],[-99.534729,20.19128],[-99.53472,20.191273],[-99.534712,20.191265],[-99.534704,20.191258],[-99.534696,20.191251],[-99.534688,20.191243],[-99.53468,20.191236]]}},{"type":"Feature","properties":{"Name":"Polyline [2BA2]:0","altitudeMode":"relativeToGround","tessellate":"-1","visibility":"-1","id_2":"6"},"geometry":{"type":"LineString","coordinates":[[-99.53468,20.191236],[-99.534666,20.191223],[-99.534652,20.191211],[-99.534639,20.191199],[-99.534625,20.191186],[-99.534612,20.191174],[-99.534598,20.191162],[-99.534585,20.191149],[-99.534571,20.191137],[-99.534557,20.191125]]}},{"type":"Feature","properties":{"Name":"Polyline [2BA2]:0","altitudeMode":"relativeToGround","tessellate":"-1","visibility":"-1","id_2":"6"},"geometry":{"type":"LineString","coordinates":[[-99.534557,20.191125],[-99.534547,20.191115],[-99.534536,20.191105],[-99.534525,20.191095],[-99.534514,20.191085],[-99.534503,20.191075],[-99.534493,20.191065],[-99.534482,20.191055],[-99.534471,20.191046],[-99.53446,20.191036]]}},{"type":"Feature","properties":{"Name":"Polyline [2BA2]:0","altitudeMode":"relativeToGround","tessellate":"-1","visibility":"-1","id_2":"6"},"geometry":{"type":"LineString","coordinates":[[-99.53446,20.191036],[-99.534447,20.191024],[-99.534434,20.191012],[-99.534421,20.191],[-99.534409,20.190988],[-99.534396,20.190976],[-99.534383,20.190964],[-99.53437,20.190952],[-99.534357,20.19094],[-99.534344,20.190928]]}},{"type":"Feature","properties":{"Name":"Polyline [2BA2]:0","altitudeMode":"relativeToGround","tessellate":"-1","visibility":"-1","id_2":"6"},"geometry":{"type":"LineString","coordinates":[[-99.534344,20.190928],[-99.534333,20.190918],[-99.534322,20.190908],[-99.53431,20.190897],[-99.534299,20.190887],[-99.534288,20.190876],[-99.534277,20.190866],[-99.534266,20.190855],[-99.534254,20.190845],[-99.534243,20.190834]]}},{"type":"Feature","properties":{"Name":"Polyline [2BA2]:0","altitudeMode":"relativeToGround","tessellate":"-1","visibility":"-1","id_2":"6"},"geometry":{"type":"LineString","coordinates":[[-99.534243,20.190834],[-99.534231,20.190823],[-99.534218,20.190811],[-99.534206,20.190799],[-99.534193,20.190787],[-99.534181,20.190775],[-99.534168,20.190764],[-99.534156,20.190752],[-99.534143,20.19074],[-99.534131,20.190728]]}},{"type":"Feature","properties":{"Name":"Polyline [2BA2]:0","altitudeMode":"relativeToGround","tessellate":"-1","visibility":"-1","id_2":"6"},"geometry":{"type":"LineString","coordinates":[[-99.534131,20.190728],[-99.534119,20.190717],[-99.534108,20.190707],[-99.534097,20.190696],[-99.534086,20.190685],[-99.534074,20.190674],[-99.534063,20.190663],[-99.534052,20.190653],[-99.534041,20.190642],[-99.534029,20.190631]]}},{"type":"Feature","properties":{"Name":"Polyline [2BA2]:0","altitudeMode":"relativeToGround","tessellate":"-1","visibility":"-1","id_2":"6"},"geometry":{"type":"LineString","coordinates":[[-99.534029,20.190631],[-99.534017,20.190619],[-99.534005,20.190607],[-99.533993,20.190596],[-99.533981,20.190584],[-99.533969,20.190572],[-99.533957,20.19056],[-99.533944,20.190548],[-99.533932,20.190536],[-99.53392,20.190525]]}},{"type":"Feature","properties":{"Name":"Polyline [2BA2]:0","altitudeMode":"relativeToGround","tessellate":"-1","visibility":"-1","id_2":"6"},"geometry":{"type":"LineString","coordinates":[[-99.53392,20.190525],[-99.533909,20.190513],[-99.533898,20.190502],[-99.533887,20.190491],[-99.533876,20.19048],[-99.533864,20.190469],[-99.533853,20.190458],[-99.533842,20.190447],[-99.533831,20.190436],[-99.53382,20.190425]]}},{"type":"Feature","properties":{"Name":"Polyline [2BA2]:0","altitudeMode":"relativeToGround","tessellate":"-1","visibility":"-1","id_2":"6"},"geometry":{"type":"LineString","coordinates":[[-99.53382,20.190425],[-99.533333,20.18991],[-99.532875,20.189372],[-99.532447,20.188813],[-99.532051,20.188233],[-99.531686,20.187635],[-99.531355,20.18702],[-99.531057,20.18639],[-99.530795,20.185746],[-99.530568,20.18509]]}},{"type":"Feature","properties":{"Name":"Polyline [2BA2]:0","altitudeMode":"relativeToGround","tessellate":"-1","visibility":"-1","id_2":"6"},"geometry":{"type":"LineString","coordinates":[[-99.530568,20.18509],[-99.530563,20.185075],[-99.530558,20.185061],[-99.530554,20.185046],[-99.530549,20.185031],[-99.530545,20.185017],[-99.53054,20.185002],[-99.530536,20.184987],[-99.530531,20.184973],[-99.530527,20.184958]]}},{"type":"Feature","properties":{"Name":"Polyline [2BA2]:0","altitudeMode":"relativeToGround","tessellate":"-1","visibility":"-1","id_2":"6"},"geometry":{"type":"LineString","coordinates":[[-99.530527,20.184958],[-99.530522,20.184942],[-99.530517,20.184926],[-99.530512,20.18491],[-99.530508,20.184895],[-99.530503,20.184879],[-99.530498,20.184863],[-99.530493,20.184847],[-99.530489,20.184831],[-99.530484,20.184815]]}},{"type":"Feature","properties":{"Name":"Polyline [2BA2]:0","altitudeMode":"relativeToGround","tessellate":"-1","visibility":"-1","id_2":"6"},"geometry":{"type":"LineString","coordinates":[[-99.530484,20.184815],[-99.53048,20.184801],[-99.530475,20.184786],[-99.530471,20.184772],[-99.530467,20.184757],[-99.530463,20.184742],[-99.530459,20.184728],[-99.530454,20.184713],[-99.53045,20.184698],[-99.530446,20.184684]]}},{"type":"Feature","properties":{"Name":"Polyline [2BA2]:0","altitudeMode":"relativeToGround","tessellate":"-1","visibility":"-1","id_2":"6"},"geometry":{"type":"LineString","coordinates":[[-99.530446,20.184684],[-99.530441,20.184668],[-99.530437,20.184652],[-99.530432,20.184636],[-99.530428,20.184619],[-99.530423,20.184603],[-99.530419,20.184587],[-99.530414,20.184571],[-99.53041,20.184555],[-99.530405,20.184539]]}},{"type":"Feature","properties":{"Name":"Polyline [2BA2]:0","altitudeMode":"relativeToGround","tessellate":"-1","visibility":"-1","id_2":"6"},"geometry":{"type":"LineString","coordinates":[[-99.530405,20.184539],[-99.530401,20.184524],[-99.530397,20.18451],[-99.530393,20.184496],[-99.530389,20.184481],[-99.530385,20.184467],[-99.530381,20.184452],[-99.530377,20.184438],[-99.530374,20.184423],[-99.53037,20.184409]]}},{"type":"Feature","properties":{"Name":"Polyline [2BA2]:0","altitudeMode":"relativeToGround","tessellate":"-1","visibility":"-1","id_2":"6"},"geometry":{"type":"LineString","coordinates":[[-99.53037,20.184409],[-99.530365,20.184393],[-99.530361,20.184376],[-99.530356,20.18436],[-99.530352,20.184343],[-99.530347,20.184327],[-99.530343,20.18431],[-99.530339,20.184293],[-99.530334,20.184277],[-99.53033,20.18426]]}},{"type":"Feature","properties":{"Name":"Polyline [2BA2]:0","altitudeMode":"relativeToGround","tessellate":"-1","visibility":"-1","id_2":"6"},"geometry":{"type":"LineString","coordinates":[[-99.53033,20.18426],[-99.530326,20.184247],[-99.530323,20.184233],[-99.530319,20.184219],[-99.530315,20.184205],[-99.530312,20.184192],[-99.530308,20.184178],[-99.530304,20.184164],[-99.530301,20.18415],[-99.530297,20.184136]]}},{"type":"Feature","properties":{"Name":"Polyline [2BA2]:0","altitudeMode":"relativeToGround","tessellate":"-1","visibility":"-1","id_2":"6"},"geometry":{"type":"LineString","coordinates":[[-99.530297,20.184136],[-99.530293,20.184119],[-99.530288,20.184102],[-99.530284,20.184085],[-99.530279,20.184067],[-99.530275,20.18405],[-99.53027,20.184033],[-99.530266,20.184015],[-99.530261,20.183998],[-99.530257,20.183981]]}},{"type":"Feature","properties":{"Name":"Polyline [2BA2]:0","altitudeMode":"relativeToGround","tessellate":"-1","visibility":"-1","id_2":"6"},"geometry":{"type":"LineString","coordinates":[[-99.530257,20.183981],[-99.530254,20.18397],[-99.530251,20.18396],[-99.530249,20.18395],[-99.530246,20.183939],[-99.530243,20.183929],[-99.530241,20.183919],[-99.530238,20.183908],[-99.530235,20.183898],[-99.530233,20.183887]]}},{"type":"Feature","properties":{"Name":"Polyline [2BA2]:0","altitudeMode":"relativeToGround","tessellate":"-1","visibility":"-1","id_2":"6"},"geometry":{"type":"LineString","coordinates":[[-99.530233,20.183887],[-99.530227,20.183867],[-99.530222,20.183846],[-99.530217,20.183825],[-99.530211,20.183804],[-99.530206,20.183783],[-99.530201,20.183763],[-99.530196,20.183742],[-99.53019,20.183721],[-99.530185,20.1837]]}},{"type":"Feature","properties":{"Name":"Polyline [2BA2]:0","altitudeMode":"relativeToGround","tessellate":"-1","visibility":"-1","id_2":"6"},"geometry":{"type":"LineString","coordinates":[[-99.525271,20.164463],[-99.525265,20.164439],[-99.525259,20.164416],[-99.525253,20.164393],[-99.525247,20.164369],[-99.525241,20.164346],[-99.525235,20.164322],[-99.525229,20.164299],[-99.525223,20.164275],[-99.525217,20.164252]]}},{"type":"Feature","properties":{"Name":"Polyline [2BA2]:0","altitudeMode":"relativeToGround","tessellate":"-1","visibility":"-1","id_2":"6"},"geometry":{"type":"LineString","coordinates":[[-99.525217,20.164252],[-99.525214,20.16424],[-99.525211,20.164229],[-99.525208,20.164217],[-99.525205,20.164205],[-99.525202,20.164193],[-99.525199,20.164182],[-99.525196,20.16417],[-99.525193,20.164158],[-99.52519,20.164146]]}},{"type":"Feature","properties":{"Name":"Polyline [2BA2]:0","altitudeMode":"relativeToGround","tessellate":"-1","visibility":"-1","id_2":"6"},"geometry":{"type":"LineString","coordinates":[[-99.52519,20.164146],[-99.525184,20.164127],[-99.525179,20.164107],[-99.525174,20.164088],[-99.525169,20.164068],[-99.525164,20.164049],[-99.525159,20.164029],[-99.525154,20.164009],[-99.525149,20.16399],[-99.525144,20.16397]]}},{"type":"Feature","properties":{"Name":"Polyline [2BA2]:0","altitudeMode":"relativeToGround","tessellate":"-1","visibility":"-1","id_2":"6"},"geometry":{"type":"LineString","coordinates":[[-99.525144,20.16397],[-99.52514,20.163955],[-99.525136,20.163939],[-99.525131,20.163923],[-99.525127,20.163908],[-99.525123,20.163892],[-99.525119,20.163876],[-99.525115,20.163861],[-99.525111,20.163845],[-99.525107,20.163829]]}},{"type":"Feature","properties":{"Name":"Polyline [2BA2]:0","altitudeMode":"relativeToGround","tessellate":"-1","visibility":"-1","id_2":"6"},"geometry":{"type":"LineString","coordinates":[[-99.525107,20.163829],[-99.525102,20.163811],[-99.525097,20.163792],[-99.525092,20.163773],[-99.525087,20.163754],[-99.525082,20.163735],[-99.525077,20.163717],[-99.525071,20.163698],[-99.525066,20.163679],[-99.525061,20.16366]]}},{"type":"Feature","properties":{"Name":"Polyline [2BA2]:0","altitudeMode":"relativeToGround","tessellate":"-1","visibility":"-1","id_2":"6"},"geometry":{"type":"LineString","coordinates":[[-99.525061,20.16366],[-99.525057,20.163644],[-99.525052,20.163627],[-99.525048,20.163611],[-99.525043,20.163594],[-99.525039,20.163578],[-99.525034,20.163562],[-99.52503,20.163545],[-99.525025,20.163529],[-99.525021,20.163512]]}},{"type":"Feature","properties":{"Name":"Polyline [2BA2]:0","altitudeMode":"relativeToGround","tessellate":"-1","visibility":"-1","id_2":"6"},"geometry":{"type":"LineString","coordinates":[[-99.525021,20.163512],[-99.525015,20.163494],[-99.52501,20.163475],[-99.525005,20.163457],[-99.525,20.163438],[-99.524995,20.16342],[-99.52499,20.163402],[-99.524984,20.163383],[-99.524979,20.163365],[-99.524974,20.163346]]}},{"type":"Feature","properties":{"Name":"Polyline [2BA2]:0","altitudeMode":"relativeToGround","tessellate":"-1","visibility":"-1","id_2":"6"},"geometry":{"type":"LineString","coordinates":[[-99.524974,20.163346],[-99.524969,20.16333],[-99.524964,20.163313],[-99.524959,20.163296],[-99.524954,20.163279],[-99.524949,20.163263],[-99.524945,20.163246],[-99.52494,20.163229],[-99.524935,20.163212],[-99.52493,20.163196]]}},{"type":"Feature","properties":{"Name":"Polyline [2BA2]:0","altitudeMode":"relativeToGround","tessellate":"-1","visibility":"-1","id_2":"6"},"geometry":{"type":"LineString","coordinates":[[-99.52493,20.163196],[-99.524924,20.163177],[-99.524919,20.163159],[-99.524913,20.163141],[-99.524908,20.163123],[-99.524903,20.163104],[-99.524897,20.163086],[-99.524891,20.163068],[-99.524886,20.16305],[-99.52488,20.163032]]}},{"type":"Feature","properties":{"Name":"Polyline [2BA2]:0","altitudeMode":"relativeToGround","tessellate":"-1","visibility":"-1","id_2":"6"},"geometry":{"type":"LineString","coordinates":[[-99.52488,20.163032],[-99.524875,20.163015],[-99.52487,20.162998],[-99.524865,20.162981],[-99.524859,20.162964],[-99.524854,20.162947],[-99.524849,20.16293],[-99.524843,20.162913],[-99.524838,20.162896],[-99.524833,20.16288]]}},{"type":"Feature","properties":{"Name":"Polyline [2BA2]:0","altitudeMode":"relativeToGround","tessellate":"-1","visibility":"-1","id_2":"6"},"geometry":{"type":"LineString","coordinates":[[-99.524833,20.16288],[-99.524663,20.162381],[-99.524475,20.161889],[-99.524268,20.161403],[-99.524043,20.160925],[-99.5238,20.160455],[-99.523539,20.159993],[-99.523261,20.15954],[-99.522967,20.159097],[-99.522655,20.158664]]}},{"type":"Feature","properties":{"Name":"Polyline [2BA2]:0","altitudeMode":"relativeToGround","tessellate":"-1","visibility":"-1","id_2":"6"},"geometry":{"type":"LineString","coordinates":[[-99.522655,20.158664],[-99.522644,20.158649],[-99.522633,20.158635],[-99.522623,20.158621],[-99.522612,20.158606],[-99.522601,20.158592],[-99.52259,20.158578],[-99.522579,20.158563],[-99.522568,20.158549],[-99.522557,20.158535]]}},{"type":"Feature","properties":{"Name":"Polyline [2BA2]:0","altitudeMode":"relativeToGround","tessellate":"-1","visibility":"-1","id_2":"6"},"geometry":{"type":"LineString","coordinates":[[-99.522557,20.158535],[-99.522546,20.158519],[-99.522534,20.158504],[-99.522522,20.158489],[-99.52251,20.158473],[-99.522499,20.158458],[-99.522487,20.158443],[-99.522475,20.158428],[-99.522463,20.158412],[-99.522451,20.158397]]}},{"type":"Feature","properties":{"Name":"Polyline [2BA2]:0","altitudeMode":"relativeToGround","tessellate":"-1","visibility":"-1","id_2":"6"},"geometry":{"type":"LineString","coordinates":[[-99.522451,20.158397],[-99.52244,20.158383],[-99.522429,20.158369],[-99.522418,20.158355],[-99.522407,20.158341],[-99.522396,20.158327],[-99.522385,20.158313],[-99.522374,20.158299],[-99.522363,20.158285],[-99.522352,20.158271]]}},{"type":"Feature","properties":{"Name":"Polyline [2BA2]:0","altitudeMode":"relativeToGround","tessellate":"-1","visibility":"-1","id_2":"6"},"geometry":{"type":"LineString","coordinates":[[-99.522352,20.158271],[-99.52234,20.158256],[-99.522328,20.158241],[-99.522316,20.158226],[-99.522304,20.15821],[-99.522292,20.158195],[-99.522279,20.15818],[-99.522267,20.158165],[-99.522255,20.15815],[-99.522243,20.158134]]}},{"type":"Feature","properties":{"Name":"Polyline [2BA2]:0","altitudeMode":"relativeToGround","tessellate":"-1","visibility":"-1","id_2":"6"},"geometry":{"type":"LineString","coordinates":[[-99.522243,20.158134],[-99.522232,20.158121],[-99.522221,20.158107],[-99.52221,20.158094],[-99.522199,20.15808],[-99.522188,20.158067],[-99.522177,20.158053],[-99.522166,20.15804],[-99.522155,20.158027],[-99.522144,20.158013]]}},{"type":"Feature","properties":{"Name":"Polyline [2BA2]:0","altitudeMode":"relativeToGround","tessellate":"-1","visibility":"-1","id_2":"6"},"geometry":{"type":"LineString","coordinates":[[-99.522144,20.158013],[-99.522132,20.157998],[-99.522119,20.157982],[-99.522107,20.157967],[-99.522094,20.157952],[-99.522081,20.157936],[-99.522069,20.157921],[-99.522056,20.157906],[-99.522044,20.15789],[-99.522031,20.157875]]}},{"type":"Feature","properties":{"Name":"Polyline [2BA2]:0","altitudeMode":"relativeToGround","tessellate":"-1","visibility":"-1","id_2":"6"},"geometry":{"type":"LineString","coordinates":[[-99.522031,20.157875],[-99.522021,20.157862],[-99.52201,20.15785],[-99.522,20.157837],[-99.521989,20.157824],[-99.521979,20.157812],[-99.521968,20.157799],[-99.521957,20.157786],[-99.521947,20.157773],[-99.521936,20.157761]]}},{"type":"Feature","properties":{"Name":"Polyline [2BA2]:0","altitudeMode":"relativeToGround","tessellate":"-1","visibility":"-1","id_2":"6"},"geometry":{"type":"LineString","coordinates":[[-99.521936,20.157761],[-99.521923,20.157745],[-99.52191,20.157729],[-99.521897,20.157713],[-99.521884,20.157697],[-99.52187,20.157682],[-99.521857,20.157666],[-99.521844,20.15765],[-99.521831,20.157634],[-99.521818,20.157618]]}},{"type":"Feature","properties":{"Name":"Polyline [2BA2]:0","altitudeMode":"relativeToGround","tessellate":"-1","visibility":"-1","id_2":"6"},"geometry":{"type":"LineString","coordinates":[[-99.521818,20.157618],[-99.52181,20.157609],[-99.521802,20.157599],[-99.521794,20.15759],[-99.521786,20.15758],[-99.521778,20.157571],[-99.52177,20.157562],[-99.521762,20.157552],[-99.521754,20.157543],[-99.521746,20.157533]]}},{"type":"Feature","properties":{"Name":"Polyline [2BA2]:0","altitudeMode":"relativeToGround","tessellate":"-1","visibility":"-1","id_2":"6"},"geometry":{"type":"LineString","coordinates":[[-99.521746,20.157533],[-99.52173,20.157514],[-99.521714,20.157495],[-99.521699,20.157476],[-99.521683,20.157458],[-99.521667,20.157439],[-99.521651,20.15742],[-99.521635,20.157401],[-99.521619,20.157382],[-99.521603,20.157363]]}},{"type":"Feature","properties":{"Name":"Polyline [2BA2]:0","altitudeMode":"relativeToGround","tessellate":"-1","visibility":"-1","id_2":"6"},"geometry":{"type":"LineString","coordinates":[[-99.516064,20.150774],[-99.516049,20.150755],[-99.516033,20.150736],[-99.516017,20.150717],[-99.516001,20.150698],[-99.515985,20.150679],[-99.515969,20.15066],[-99.515953,20.150642],[-99.515938,20.150623],[-99.515922,20.150604]]}},{"type":"Feature","properties":{"Name":"Polyline [2BA2]:0","altitudeMode":"relativeToGround","tessellate":"-1","visibility":"-1","id_2":"6"},"geometry":{"type":"LineString","coordinates":[[-99.515922,20.150604],[-99.515914,20.150594],[-99.515906,20.150585],[-99.515898,20.150576],[-99.51589,20.150566],[-99.515882,20.150557],[-99.515874,20.150547],[-99.515866,20.150538],[-99.515859,20.150528],[-99.515851,20.150519]]}},{"type":"Feature","properties":{"Name":"Polyline [2BA2]:0","altitudeMode":"relativeToGround","tessellate":"-1","visibility":"-1","id_2":"6"},"geometry":{"type":"LineString","coordinates":[[-99.515851,20.150519],[-99.515838,20.150503],[-99.515824,20.150488],[-99.515811,20.150472],[-99.515798,20.150456],[-99.515785,20.15044],[-99.515772,20.150425],[-99.515759,20.150409],[-99.515746,20.150393],[-99.515733,20.150378]]}},{"type":"Feature","properties":{"Name":"Polyline [2BA2]:0","altitudeMode":"relativeToGround","tessellate":"-1","visibility":"-1","id_2":"6"},"geometry":{"type":"LineString","coordinates":[[-99.515733,20.150378],[-99.515722,20.150365],[-99.515712,20.150352],[-99.515701,20.15034],[-99.515691,20.150327],[-99.51568,20.150315],[-99.51567,20.150302],[-99.51566,20.150289],[-99.515649,20.150277],[-99.515639,20.150264]]}},{"type":"Feature","properties":{"Name":"Polyline [2BA2]:0","altitudeMode":"relativeToGround","tessellate":"-1","visibility":"-1","id_2":"6"},"geometry":{"type":"LineString","coordinates":[[-99.515639,20.150264],[-99.515626,20.150249],[-99.515614,20.150234],[-99.515601,20.150219],[-99.515589,20.150204],[-99.515576,20.150188],[-99.515564,20.150173],[-99.515552,20.150158],[-99.515539,20.150143],[-99.515527,20.150128]]}},{"type":"Feature","properties":{"Name":"Polyline [2BA2]:0","altitudeMode":"relativeToGround","tessellate":"-1","visibility":"-1","id_2":"6"},"geometry":{"type":"LineString","coordinates":[[-99.515527,20.150128],[-99.515516,20.150115],[-99.515505,20.150101],[-99.515494,20.150088],[-99.515484,20.150075],[-99.515473,20.150061],[-99.515462,20.150048],[-99.515451,20.150035],[-99.515441,20.150021],[-99.51543,20.150008]]}},{"type":"Feature","properties":{"Name":"Polyline [2BA2]:0","altitudeMode":"relativeToGround","tessellate":"-1","visibility":"-1","id_2":"6"},"geometry":{"type":"LineString","coordinates":[[-99.51543,20.150008],[-99.515418,20.149993],[-99.515406,20.149978],[-99.515394,20.149963],[-99.515382,20.149948],[-99.51537,20.149933],[-99.515358,20.149918],[-99.515346,20.149903],[-99.515334,20.149888],[-99.515322,20.149873]]}},{"type":"Feature","properties":{"Name":"Polyline [2BA2]:0","altitudeMode":"relativeToGround","tessellate":"-1","visibility":"-1","id_2":"6"},"geometry":{"type":"LineString","coordinates":[[-99.515322,20.149873],[-99.515311,20.14986],[-99.5153,20.149846],[-99.515289,20.149832],[-99.515279,20.149819],[-99.515268,20.149805],[-99.515257,20.149791],[-99.515246,20.149778],[-99.515236,20.149764],[-99.515225,20.14975]]}},{"type":"Feature","properties":{"Name":"Polyline [2BA2]:0","altitudeMode":"relativeToGround","tessellate":"-1","visibility":"-1","id_2":"6"},"geometry":{"type":"LineString","coordinates":[[-99.515225,20.14975],[-99.515213,20.149735],[-99.515202,20.14972],[-99.51519,20.149705],[-99.515179,20.14969],[-99.515167,20.149675],[-99.515155,20.14966],[-99.515144,20.149645],[-99.515132,20.14963],[-99.515121,20.149615]]}},{"type":"Feature","properties":{"Name":"Polyline [2BA2]:0","altitudeMode":"relativeToGround","tessellate":"-1","visibility":"-1","id_2":"6"},"geometry":{"type":"LineString","coordinates":[[-99.515121,20.149615],[-99.51511,20.149601],[-99.5151,20.149587],[-99.515089,20.149573],[-99.515078,20.149559],[-99.515068,20.149545],[-99.515057,20.149531],[-99.515047,20.149517],[-99.515036,20.149503],[-99.515026,20.149489]]}},{"type":"Feature","properties":{"Name":"Polyline [2BA2]:0","altitudeMode":"relativeToGround","tessellate":"-1","visibility":"-1","id_2":"6"},"geometry":{"type":"LineString","coordinates":[[-99.515026,20.149489],[-99.514857,20.149258],[-99.514692,20.149024],[-99.514533,20.148787],[-99.514379,20.148547],[-99.514229,20.148304],[-99.514085,20.148059],[-99.513946,20.147811],[-99.513812,20.14756],[-99.513683,20.147307]]}},{"type":"Feature","properties":{"Name":"Polyline [2BA2]:0","altitudeMode":"relativeToGround","tessellate":"-1","visibility":"-1","id_2":"6"},"geometry":{"type":"LineString","coordinates":[[-99.513683,20.147307],[-99.513676,20.147291],[-99.513668,20.147276],[-99.51366,20.14726],[-99.513653,20.147244],[-99.513645,20.147229],[-99.513638,20.147213],[-99.51363,20.147198],[-99.513622,20.147182],[-99.513615,20.147166]]}},{"type":"Feature","properties":{"Name":"Polyline [2BA2]:0","altitudeMode":"relativeToGround","tessellate":"-1","visibility":"-1","id_2":"6"},"geometry":{"type":"LineString","coordinates":[[-99.513615,20.147166],[-99.513607,20.147149],[-99.513599,20.147132],[-99.51359,20.147116],[-99.513582,20.147099],[-99.513574,20.147082],[-99.513566,20.147065],[-99.513558,20.147048],[-99.51355,20.147031],[-99.513542,20.147014]]}},{"type":"Feature","properties":{"Name":"Polyline [2BA2]:0","altitudeMode":"relativeToGround","tessellate":"-1","visibility":"-1","id_2":"6"},"geometry":{"type":"LineString","coordinates":[[-99.513542,20.147014],[-99.513535,20.146998],[-99.513528,20.146983],[-99.51352,20.146967],[-99.513513,20.146952],[-99.513506,20.146936],[-99.513499,20.14692],[-99.513492,20.146905],[-99.513484,20.146889],[-99.513477,20.146874]]}},{"type":"Feature","properties":{"Name":"Polyline [2BA2]:0","altitudeMode":"relativeToGround","tessellate":"-1","visibility":"-1","id_2":"6"},"geometry":{"type":"LineString","coordinates":[[-99.513477,20.146874],[-99.513469,20.146856],[-99.513461,20.146839],[-99.513453,20.146822],[-99.513446,20.146805],[-99.513438,20.146787],[-99.51343,20.14677],[-99.513422,20.146753],[-99.513414,20.146735],[-99.513407,20.146718]]}},{"type":"Feature","properties":{"Name":"Polyline [2BA2]:0","altitudeMode":"relativeToGround","tessellate":"-1","visibility":"-1","id_2":"6"},"geometry":{"type":"LineString","coordinates":[[-99.513407,20.146718],[-99.5134,20.146703],[-99.513393,20.146687],[-99.513386,20.146672],[-99.513379,20.146656],[-99.513372,20.146641],[-99.513365,20.146626],[-99.513358,20.14661],[-99.513351,20.146595],[-99.513345,20.146579]]}},{"type":"Feature","properties":{"Name":"Polyline [2BA2]:0","altitudeMode":"relativeToGround","tessellate":"-1","visibility":"-1","id_2":"6"},"geometry":{"type":"LineString","coordinates":[[-99.513345,20.146579],[-99.513337,20.146562],[-99.513329,20.146544],[-99.513321,20.146526],[-99.513313,20.146508],[-99.513306,20.146491],[-99.513298,20.146473],[-99.51329,20.146455],[-99.513282,20.146438],[-99.513275,20.14642]]}},{"type":"Feature","properties":{"Name":"Polyline [2BA2]:0","altitudeMode":"relativeToGround","tessellate":"-1","visibility":"-1","id_2":"6"},"geometry":{"type":"LineString","coordinates":[[-99.513275,20.14642],[-99.513268,20.146405],[-99.513262,20.14639],[-99.513255,20.146376],[-99.513249,20.146361],[-99.513242,20.146346],[-99.513236,20.146331],[-99.51323,20.146316],[-99.513223,20.146302],[-99.513217,20.146287]]}},{"type":"Feature","properties":{"Name":"Polyline [2BA2]:0","altitudeMode":"relativeToGround","tessellate":"-1","visibility":"-1","id_2":"6"},"geometry":{"type":"LineString","coordinates":[[-99.513217,20.146287],[-99.513209,20.146268],[-99.513201,20.14625],[-99.513193,20.146231],[-99.513185,20.146213],[-99.513177,20.146194],[-99.513169,20.146175],[-99.513161,20.146157],[-99.513153,20.146138],[-99.513145,20.14612]]}},{"type":"Feature","properties":{"Name":"Polyline [2BA2]:0","altitudeMode":"relativeToGround","tessellate":"-1","visibility":"-1","id_2":"6"},"geometry":{"type":"LineString","coordinates":[[-99.513145,20.14612],[-99.51314,20.146109],[-99.513136,20.146097],[-99.513131,20.146086],[-99.513126,20.146075],[-99.513121,20.146064],[-99.513117,20.146053],[-99.513112,20.146042],[-99.513107,20.146031],[-99.513102,20.146019]]}},{"type":"Feature","properties":{"Name":"Polyline [2BA2]:0","altitudeMode":"relativeToGround","tessellate":"-1","visibility":"-1","id_2":"6"},"geometry":{"type":"LineString","coordinates":[[-99.513102,20.146019],[-99.513093,20.145997],[-99.513083,20.145975],[-99.513074,20.145952],[-99.513064,20.14593],[-99.513055,20.145908],[-99.513045,20.145885],[-99.513036,20.145863],[-99.513026,20.145841],[-99.513017,20.145818]]}},{"type":"Feature","properties":{"Name":"Polyline [2BA2]:0","altitudeMode":"relativeToGround","tessellate":"-1","visibility":"-1","id_2":"6"},"geometry":{"type":"LineString","coordinates":[[-99.509225,20.136889],[-99.509217,20.13687],[-99.50921,20.136852],[-99.509202,20.136833],[-99.509194,20.136814],[-99.509186,20.136796],[-99.509178,20.136777],[-99.50917,20.136759],[-99.509162,20.13674],[-99.509154,20.136721]]}},{"type":"Feature","properties":{"Name":"Polyline [2BA2]:0","altitudeMode":"relativeToGround","tessellate":"-1","visibility":"-1","id_2":"6"},"geometry":{"type":"LineString","coordinates":[[-99.509154,20.136721],[-99.50915,20.136712],[-99.509146,20.136703],[-99.509142,20.136693],[-99.509138,20.136684],[-99.509134,20.136675],[-99.50913,20.136665],[-99.509126,20.136656],[-99.509122,20.136647],[-99.509118,20.136637]]}},{"type":"Feature","properties":{"Name":"Polyline [2BA2]:0","altitudeMode":"relativeToGround","tessellate":"-1","visibility":"-1","id_2":"6"},"geometry":{"type":"LineString","coordinates":[[-99.509118,20.136637],[-99.509112,20.136622],[-99.509105,20.136606],[-99.509098,20.136591],[-99.509092,20.136575],[-99.509085,20.136559],[-99.509078,20.136544],[-99.509072,20.136528],[-99.509065,20.136513],[-99.509058,20.136497]]}},{"type":"Feature","properties":{"Name":"Polyline [2BA2]:0","altitudeMode":"relativeToGround","tessellate":"-1","visibility":"-1","id_2":"6"},"geometry":{"type":"LineString","coordinates":[[-99.509058,20.136497],[-99.509053,20.136485],[-99.509048,20.136472],[-99.509042,20.13646],[-99.509037,20.136447],[-99.509032,20.136435],[-99.509026,20.136422],[-99.509021,20.13641],[-99.509016,20.136398],[-99.50901,20.136385]]}},{"type":"Feature","properties":{"Name":"Polyline [2BA2]:0","altitudeMode":"relativeToGround","tessellate":"-1","visibility":"-1","id_2":"6"},"geometry":{"type":"LineString","coordinates":[[-99.50901,20.136385],[-99.509004,20.13637],[-99.508997,20.136355],[-99.508991,20.13634],[-99.508984,20.136325],[-99.508978,20.13631],[-99.508971,20.136295],[-99.508965,20.136281],[-99.508958,20.136266],[-99.508952,20.136251]]}},{"type":"Feature","properties":{"Name":"Polyline [2BA2]:0","altitudeMode":"relativeToGround","tessellate":"-1","visibility":"-1","id_2":"6"},"geometry":{"type":"LineString","coordinates":[[-99.508952,20.136251],[-99.508946,20.136238],[-99.50894,20.136225],[-99.508935,20.136211],[-99.508929,20.136198],[-99.508923,20.136185],[-99.508917,20.136172],[-99.508912,20.136159],[-99.508906,20.136146],[-99.5089,20.136133]]}},{"type":"Feature","properties":{"Name":"Polyline [2BA2]:0","altitudeMode":"relativeToGround","tessellate":"-1","visibility":"-1","id_2":"6"},"geometry":{"type":"LineString","coordinates":[[-99.5089,20.136133],[-99.508894,20.136118],[-99.508887,20.136104],[-99.508881,20.136089],[-99.508874,20.136074],[-99.508868,20.13606],[-99.508861,20.136045],[-99.508855,20.13603],[-99.508848,20.136016],[-99.508842,20.136001]]}},{"type":"Feature","properties":{"Name":"Polyline [2BA2]:0","altitudeMode":"relativeToGround","tessellate":"-1","visibility":"-1","id_2":"6"},"geometry":{"type":"LineString","coordinates":[[-99.508842,20.136001],[-99.508836,20.135988],[-99.50883,20.135975],[-99.508824,20.135961],[-99.508818,20.135948],[-99.508812,20.135935],[-99.508806,20.135921],[-99.5088,20.135908],[-99.508794,20.135895],[-99.508788,20.135881]]}},{"type":"Feature","properties":{"Name":"Polyline [2BA2]:0","altitudeMode":"relativeToGround","tessellate":"-1","visibility":"-1","id_2":"6"},"geometry":{"type":"LineString","coordinates":[[-99.508788,20.135881],[-99.508781,20.135867],[-99.508774,20.135852],[-99.508768,20.135838],[-99.508761,20.135823],[-99.508755,20.135809],[-99.508748,20.135795],[-99.508741,20.13578],[-99.508735,20.135766],[-99.508728,20.135751]]}},{"type":"Feature","properties":{"Name":"Polyline [2BA2]:0","altitudeMode":"relativeToGround","tessellate":"-1","visibility":"-1","id_2":"6"},"geometry":{"type":"LineString","coordinates":[[-99.508728,20.135751],[-99.508722,20.135738],[-99.508715,20.135724],[-99.508709,20.135711],[-99.508703,20.135698],[-99.508697,20.135684],[-99.50869,20.135671],[-99.508684,20.135657],[-99.508678,20.135644],[-99.508672,20.13563]]}},{"type":"Feature","properties":{"Name":"Polyline [2BA2]:0","altitudeMode":"relativeToGround","tessellate":"-1","visibility":"-1","id_2":"6"},"geometry":{"type":"LineString","coordinates":[[-99.508672,20.13563],[-99.508442,20.135162],[-99.508199,20.1347],[-99.507942,20.134244],[-99.507789,20.133991]]}},{"type":"Feature","properties":{"Name":"Polyline [2BA2]:0","altitudeMode":"relativeToGround","tessellate":"-1","visibility":"-1","id_2":"6"},"geometry":{"type":"LineString","coordinates":[[-99.50583,20.13133],[-99.505822,20.131321],[-99.505812,20.131309],[-99.505801,20.131297],[-99.50579,20.131284],[-99.505779,20.131272],[-99.505769,20.13126],[-99.505758,20.131248]]}},{"type":"Feature","properties":{"Name":"Polyline [2BA2]:0","altitudeMode":"relativeToGround","tessellate":"-1","visibility":"-1","id_2":"6"},"geometry":{"type":"LineString","coordinates":[[-99.505758,20.131248],[-99.505748,20.131237],[-99.505739,20.131226],[-99.505729,20.131215],[-99.505719,20.131205],[-99.50571,20.131194],[-99.5057,20.131183],[-99.50569,20.131172],[-99.505681,20.131161],[-99.505671,20.13115]]}},{"type":"Feature","properties":{"Name":"Polyline [2BA2]:0","altitudeMode":"relativeToGround","tessellate":"-1","visibility":"-1","id_2":"6"},"geometry":{"type":"LineString","coordinates":[[-99.505671,20.13115],[-99.50566,20.131138],[-99.505649,20.131126],[-99.505638,20.131113],[-99.505627,20.131101],[-99.505616,20.131089],[-99.505605,20.131077],[-99.505594,20.131064],[-99.505583,20.131052],[-99.505572,20.13104]]}},{"type":"Feature","properties":{"Name":"Polyline [2BA2]:0","altitudeMode":"relativeToGround","tessellate":"-1","visibility":"-1","id_2":"6"},"geometry":{"type":"LineString","coordinates":[[-99.505572,20.13104],[-99.505562,20.131029],[-99.505553,20.131019],[-99.505544,20.131009],[-99.505535,20.130999],[-99.505525,20.130988],[-99.505516,20.130978],[-99.505507,20.130968],[-99.505498,20.130958],[-99.505489,20.130948]]}},{"type":"Feature","properties":{"Name":"Polyline [2BA2]:0","altitudeMode":"relativeToGround","tessellate":"-1","visibility":"-1","id_2":"6"},"geometry":{"type":"LineString","coordinates":[[-99.505489,20.130948],[-99.505477,20.130935],[-99.505465,20.130922],[-99.505454,20.130909],[-99.505442,20.130896],[-99.505431,20.130884],[-99.505419,20.130871],[-99.505408,20.130858],[-99.505396,20.130846],[-99.505385,20.130833]]}},{"type":"Feature","properties":{"Name":"Polyline [2BA2]:0","altitudeMode":"relativeToGround","tessellate":"-1","visibility":"-1","id_2":"6"},"geometry":{"type":"LineString","coordinates":[[-99.505385,20.130833],[-99.505378,20.130825],[-99.505371,20.130818],[-99.505364,20.13081],[-99.505357,20.130802],[-99.50535,20.130795],[-99.505343,20.130787],[-99.505336,20.130779],[-99.505329,20.130772],[-99.505322,20.130764]]}},{"type":"Feature","properties":{"Name":"Polyline [2BA2]:0","altitudeMode":"relativeToGround","tessellate":"-1","visibility":"-1","id_2":"6"},"geometry":{"type":"LineString","coordinates":[[-99.505322,20.130764],[-99.505308,20.130749],[-99.505294,20.130734],[-99.50528,20.130718],[-99.505267,20.130703],[-99.505253,20.130688],[-99.505239,20.130673],[-99.505225,20.130657],[-99.505211,20.130642],[-99.505197,20.130627]]}},{"type":"Feature","properties":{"Name":"Polyline [2BA2]:0","altitudeMode":"relativeToGround","tessellate":"-1","visibility":"-1","id_2":"6"},"geometry":{"type":"LineString","coordinates":[[-99.502943,20.128153],[-99.502929,20.128137],[-99.502915,20.128122],[-99.502902,20.128107],[-99.502888,20.128092],[-99.502874,20.128077],[-99.50286,20.128061],[-99.502846,20.128046],[-99.502832,20.128031],[-99.502819,20.128016]]}},{"type":"Feature","properties":{"Name":"Polyline [2BA2]:0","altitudeMode":"relativeToGround","tessellate":"-1","visibility":"-1","id_2":"6"},"geometry":{"type":"LineString","coordinates":[[-99.502819,20.128016],[-99.502812,20.128008],[-99.502805,20.128001],[-99.502798,20.127993],[-99.502791,20.127985],[-99.502784,20.127978],[-99.502777,20.12797],[-99.50277,20.127963],[-99.502763,20.127955],[-99.502756,20.127947]]}},{"type":"Feature","properties":{"Name":"Polyline [2BA2]:0","altitudeMode":"relativeToGround","tessellate":"-1","visibility":"-1","id_2":"6"},"geometry":{"type":"LineString","coordinates":[[-99.502756,20.127947],[-99.502745,20.127935],[-99.502733,20.127922],[-99.502722,20.127909],[-99.50271,20.127897],[-99.502699,20.127884],[-99.502687,20.127871],[-99.502676,20.127859],[-99.502664,20.127846],[-99.502653,20.127833]]}},{"type":"Feature","properties":{"Name":"Polyline [2BA2]:0","altitudeMode":"relativeToGround","tessellate":"-1","visibility":"-1","id_2":"6"},"geometry":{"type":"LineString","coordinates":[[-99.502653,20.127833],[-99.502644,20.127823],[-99.502635,20.127813],[-99.502625,20.127803],[-99.502616,20.127793],[-99.502607,20.127783],[-99.502598,20.127772],[-99.502589,20.127762],[-99.50258,20.127752],[-99.502571,20.127742]]}},{"type":"Feature","properties":{"Name":"Polyline [2BA2]:0","altitudeMode":"relativeToGround","tessellate":"-1","visibility":"-1","id_2":"6"},"geometry":{"type":"LineString","coordinates":[[-99.502571,20.127742],[-99.50256,20.12773],[-99.502549,20.127718],[-99.502538,20.127705],[-99.502527,20.127693],[-99.502516,20.127681],[-99.502505,20.127669],[-99.502494,20.127657],[-99.502483,20.127644],[-99.502472,20.127632]]}},{"type":"Feature","properties":{"Name":"Polyline [2BA2]:0","altitudeMode":"relativeToGround","tessellate":"-1","visibility":"-1","id_2":"6"},"geometry":{"type":"LineString","coordinates":[[-99.502472,20.127632],[-99.502463,20.127621],[-99.502453,20.127611],[-99.502443,20.1276],[-99.502434,20.127589],[-99.502424,20.127579],[-99.502415,20.127568],[-99.502405,20.127557],[-99.502396,20.127547],[-99.502386,20.127536]]}},{"type":"Feature","properties":{"Name":"Polyline [2BA2]:0","altitudeMode":"relativeToGround","tessellate":"-1","visibility":"-1","id_2":"6"},"geometry":{"type":"LineString","coordinates":[[-99.502386,20.127536],[-99.502376,20.127524],[-99.502365,20.127512],[-99.502355,20.1275],[-99.502344,20.127488],[-99.502333,20.127476],[-99.502323,20.127464],[-99.502312,20.127452],[-99.502301,20.12744],[-99.502291,20.127428]]}},{"type":"Feature","properties":{"Name":"Polyline [2BA2]:0","altitudeMode":"relativeToGround","tessellate":"-1","visibility":"-1","id_2":"6"},"geometry":{"type":"LineString","coordinates":[[-99.502291,20.127428],[-99.502281,20.127417],[-99.502272,20.127406],[-99.502262,20.127395],[-99.502253,20.127384],[-99.502243,20.127373],[-99.502233,20.127362],[-99.502224,20.127351],[-99.502214,20.12734],[-99.502205,20.127329]]}},{"type":"Feature","properties":{"Name":"Polyline [2BA2]:0","altitudeMode":"relativeToGround","tessellate":"-1","visibility":"-1","id_2":"6"},"geometry":{"type":"LineString","coordinates":[[-99.502205,20.127329],[-99.502194,20.127317],[-99.502184,20.127305],[-99.502174,20.127293],[-99.502163,20.127281],[-99.502153,20.127269],[-99.502143,20.127257],[-99.502132,20.127245],[-99.502122,20.127233],[-99.502112,20.127221]]}},{"type":"Feature","properties":{"Name":"Polyline [2BA2]:0","altitudeMode":"relativeToGround","tessellate":"-1","visibility":"-1","id_2":"6"},"geometry":{"type":"LineString","coordinates":[[-99.502112,20.127221],[-99.502102,20.12721],[-99.502093,20.127199],[-99.502083,20.127187],[-99.502074,20.127176],[-99.502064,20.127165],[-99.502055,20.127154],[-99.502045,20.127143],[-99.502036,20.127131],[-99.502026,20.12712]]}},{"type":"Feature","properties":{"Name":"Polyline [2BA2]:0","altitudeMode":"relativeToGround","tessellate":"-1","visibility":"-1","id_2":"6"},"geometry":{"type":"LineString","coordinates":[[-99.502026,20.12712],[-99.501898,20.126966],[-99.501771,20.126811],[-99.501646,20.126654],[-99.501523,20.126496],[-99.501401,20.126337],[-99.501282,20.126176],[-99.501164,20.126015],[-99.501049,20.125852],[-99.500935,20.125687]]}},{"type":"Feature","properties":{"Name":"Polyline [2BA2]:0","altitudeMode":"relativeToGround","tessellate":"-1","visibility":"-1","id_2":"6"},"geometry":{"type":"LineString","coordinates":[[-99.500935,20.125687],[-99.500927,20.125675],[-99.500918,20.125663],[-99.50091,20.125651],[-99.500902,20.125639],[-99.500894,20.125627],[-99.500886,20.125615],[-99.500877,20.125603],[-99.500869,20.125591],[-99.500861,20.125579]]}},{"type":"Feature","properties":{"Name":"Polyline [2BA2]:0","altitudeMode":"relativeToGround","tessellate":"-1","visibility":"-1","id_2":"6"},"geometry":{"type":"LineString","coordinates":[[-99.500861,20.125579],[-99.500852,20.125566],[-99.500843,20.125553],[-99.500835,20.12554],[-99.500826,20.125527],[-99.500817,20.125514],[-99.500808,20.1255],[-99.5008,20.125487],[-99.500791,20.125474],[-99.500782,20.125461]]}},{"type":"Feature","properties":{"Name":"Polyline [2BA2]:0","altitudeMode":"relativeToGround","tessellate":"-1","visibility":"-1","id_2":"6"},"geometry":{"type":"LineString","coordinates":[[-99.500782,20.125461],[-99.500774,20.125449],[-99.500766,20.125437],[-99.500758,20.125425],[-99.50075,20.125413],[-99.500742,20.125401],[-99.500734,20.125389],[-99.500726,20.125377],[-99.500718,20.125365],[-99.500711,20.125353]]}},{"type":"Feature","properties":{"Name":"Polyline [2BA2]:0","altitudeMode":"relativeToGround","tessellate":"-1","visibility":"-1","id_2":"6"},"geometry":{"type":"LineString","coordinates":[[-99.500711,20.125353],[-99.500702,20.125339],[-99.500693,20.125326],[-99.500684,20.125313],[-99.500676,20.125299],[-99.500667,20.125286],[-99.500658,20.125273],[-99.50065,20.125259],[-99.500641,20.125246],[-99.500632,20.125233]]}},{"type":"Feature","properties":{"Name":"Polyline [2BA2]:0","altitudeMode":"relativeToGround","tessellate":"-1","visibility":"-1","id_2":"6"},"geometry":{"type":"LineString","coordinates":[[-99.500632,20.125233],[-99.500624,20.125221],[-99.500617,20.125209],[-99.500609,20.125197],[-99.500601,20.125185],[-99.500594,20.125173],[-99.500586,20.125161],[-99.500578,20.125149],[-99.500571,20.125137],[-99.500563,20.125125]]}},{"type":"Feature","properties":{"Name":"Polyline [2BA2]:0","altitudeMode":"relativeToGround","tessellate":"-1","visibility":"-1","id_2":"6"},"geometry":{"type":"LineString","coordinates":[[-99.500563,20.125125],[-99.500554,20.125112],[-99.500545,20.125098],[-99.500536,20.125084],[-99.500528,20.125071],[-99.500519,20.125057],[-99.50051,20.125043],[-99.500501,20.12503],[-99.500493,20.125016],[-99.500484,20.125002]]}},{"type":"Feature","properties":{"Name":"Polyline [2BA2]:0","altitudeMode":"relativeToGround","tessellate":"-1","visibility":"-1","id_2":"6"},"geometry":{"type":"LineString","coordinates":[[-99.500484,20.125002],[-99.500477,20.124991],[-99.500469,20.124979],[-99.500462,20.124968],[-99.500455,20.124957],[-99.500448,20.124945],[-99.50044,20.124934],[-99.500433,20.124922],[-99.500426,20.124911],[-99.500418,20.124899]]}},{"type":"Feature","properties":{"Name":"Polyline [2BA2]:0","altitudeMode":"relativeToGround","tessellate":"-1","visibility":"-1","id_2":"6"},"geometry":{"type":"LineString","coordinates":[[-99.500418,20.124899],[-99.500409,20.124885],[-99.5004,20.124871],[-99.500391,20.124856],[-99.500382,20.124842],[-99.500373,20.124828],[-99.500364,20.124814],[-99.500355,20.124799],[-99.500346,20.124785],[-99.500337,20.124771]]}},{"type":"Feature","properties":{"Name":"Polyline [2BA2]:0","altitudeMode":"relativeToGround","tessellate":"-1","visibility":"-1","id_2":"6"},"geometry":{"type":"LineString","coordinates":[[-99.500337,20.124771],[-99.500331,20.124762],[-99.500326,20.124753],[-99.500321,20.124745],[-99.500315,20.124736],[-99.50031,20.124728],[-99.500304,20.124719],[-99.500299,20.12471],[-99.500293,20.124702],[-99.500288,20.124693]]}},{"type":"Feature","properties":{"Name":"Polyline [2BA2]:0","altitudeMode":"relativeToGround","tessellate":"-1","visibility":"-1","id_2":"6"},"geometry":{"type":"LineString","coordinates":[[-99.500288,20.124693],[-99.500277,20.124676],[-99.500266,20.124659],[-99.500255,20.124641],[-99.500244,20.124624],[-99.500234,20.124607],[-99.500223,20.12459],[-99.500212,20.124572],[-99.500201,20.124555],[-99.50019,20.124538]]}},{"type":"Feature","properties":{"Name":"COMPLE"},"geometry":{"type":"LineString","coordinates":[[-99.507789,20.133991],[-99.507594,20.133675],[-99.507049,20.132864],[-99.506629,20.132299],[-99.505903,20.131414],[-99.505833,20.131333],[-99.50583,20.13133]]}},{"type":"Feature","properties":{},"geometry":{"type":"LineString","coordinates":[[-99.623872,20.221409],[-99.624084,20.2214],[-99.63368,20.221003],[-99.63368,20.221003],[-99.635612,20.220882],[-99.637536,20.220678],[-99.648315,20.219304],[-99.648315,20.219304],[-99.648518,20.219278],[-99.648518,20.219278],[-99.648619,20.219265],[-99.648619,20.219265],[-99.648788,20.219244],[-99.648788,20.219244],[-99.648924,20.219227],[-99.648924,20.219227],[-99.649086,20.219207],[-99.649086,20.219207],[-99.649228,20.21919],[-99.649228,20.21919],[-99.649388,20.219172],[-99.649388,20.219172],[-99.649534,20.219155],[-99.649534,20.219155],[-99.649693,20.219138],[-99.649693,20.219138],[-99.64984,20.219123],[-99.64984,20.219123],[-99.651642,20.218993],[-99.651642,20.218993],[-99.653655,20.218968],[-99.655669,20.219014],[-99.65751,20.219076],[-99.65751,20.219076],[-99.659754,20.219121],[-99.661997,20.219059],[-99.664235,20.21889],[-99.67717,20.217732],[-99.67717,20.217732],[-99.678897,20.217564],[-99.680613,20.217312],[-99.682313,20.216978],[-99.69573,20.214229],[-99.69573,20.214229],[-99.69756,20.213881],[-99.699411,20.213653],[-99.701275,20.213544],[-99.703142,20.213556],[-99.705003,20.213688],[-99.706851,20.21394],[-99.708676,20.214311],[-99.709831,20.214563],[-99.709831,20.214563],[-99.711474,20.214897],[-99.713134,20.215152],[-99.716586,20.215631],[-99.716586,20.215631],[-99.718845,20.215919],[-99.728224,20.217003],[-99.728224,20.217003],[-99.730918,20.217375],[-99.733578,20.217921],[-99.736192,20.21864],[-99.757025,20.224863],[-99.757025,20.224863],[-99.758559,20.22531],[-99.760122,20.22566],[-99.760122,20.22566],[-99.761952,20.22598],[-99.763797,20.226203],[-99.765654,20.226329],[-99.765654,20.226329],[-99.765773,20.226333],[-99.765773,20.226333],[-99.765901,20.226338],[-99.765901,20.226338],[-99.766019,20.226342],[-99.766019,20.226342],[-99.766149,20.226346],[-99.766149,20.226346],[-99.766265,20.226349],[-99.766265,20.226349],[-99.766397,20.226353],[-99.766397,20.226353],[-99.766507,20.226356],[-99.766507,20.226356],[-99.766645,20.226359],[-99.766645,20.226359],[-99.766728,20.226361],[-99.766728,20.226361],[-99.766894,20.226365],[-99.771992,20.226485],[-99.771992,20.226485],[-99.772158,20.226489],[-99.772158,20.226489],[-99.772241,20.226491],[-99.772241,20.226491],[-99.772379,20.226494],[-99.772379,20.226494],[-99.77249,20.226497],[-99.77249,20.226497],[-99.772623,20.226501],[-99.772623,20.226501],[-99.772739,20.226504],[-99.772739,20.226504],[-99.77287,20.226508],[-99.77287,20.226508],[-99.772989,20.226512],[-99.772989,20.226512],[-99.773119,20.226517],[-99.773119,20.226517],[-99.773239,20.226522],[-99.773239,20.226522],[-99.775194,20.226656],[-99.777137,20.226897],[-99.779062,20.227244],[-99.780962,20.227696],[-99.782831,20.228252],[-99.782831,20.228252],[-99.782945,20.228289],[-99.782945,20.228289],[-99.783067,20.22833],[-99.783067,20.22833],[-99.78318,20.228368],[-99.78318,20.228368],[-99.783303,20.22841],[-99.783303,20.22841],[-99.783412,20.228447],[-99.783412,20.228447],[-99.783537,20.22849],[-99.783537,20.22849],[-99.783641,20.228526],[-99.783641,20.228526],[-99.783771,20.228571],[-99.783771,20.228571],[-99.783849,20.228598],[-99.783849,20.228598],[-99.784005,20.228652],[-99.788522,20.230222],[-99.788522,20.230222],[-99.788678,20.230276],[-99.788678,20.230276],[-99.788756,20.230303],[-99.788756,20.230303],[-99.788885,20.230348],[-99.788885,20.230348],[-99.788989,20.230384],[-99.788989,20.230384],[-99.789113,20.230426],[-99.789113,20.230426],[-99.789222,20.230463],[-99.789222,20.230463],[-99.789344,20.230505],[-99.789344,20.230505],[-99.789456,20.230542],[-99.789456,20.230542],[-99.789577,20.230583],[-99.789577,20.230583],[-99.789689,20.23062],[-99.789689,20.23062],[-99.791483,20.231155],[-99.793307,20.231593],[-99.795153,20.231934],[-99.797018,20.232175],[-99.797018,20.232175],[-99.797136,20.232187],[-99.797136,20.232187],[-99.797264,20.2322],[-99.797264,20.2322],[-99.797381,20.232211],[-99.797381,20.232211],[-99.797511,20.232223],[-99.797511,20.232223],[-99.797626,20.232233],[-99.797626,20.232233],[-99.797758,20.232245],[-99.797758,20.232245],[-99.797868,20.232254],[-99.797868,20.232254],[-99.798005,20.232266],[-99.798005,20.232266],[-99.798088,20.232273],[-99.798088,20.232273],[-99.798253,20.232287],[-99.799262,20.232373],[-99.799262,20.232373],[-99.799428,20.232387],[-99.799428,20.232387],[-99.79951,20.232394],[-99.79951,20.232394],[-99.799648,20.232406],[-99.799648,20.232406],[-99.799759,20.232415],[-99.799759,20.232415],[-99.799891,20.232427],[-99.799891,20.232427],[-99.800007,20.232438],[-99.800007,20.232438],[-99.800137,20.23245],[-99.800137,20.23245],[-99.800256,20.232461],[-99.800256,20.232461],[-99.800385,20.232473],[-99.800385,20.232473],[-99.800505,20.232486],[-99.800505,20.232486],[-99.802131,20.23269],[-99.803744,20.232969],[-99.803744,20.232969],[-99.803862,20.232992],[-99.803862,20.232992],[-99.803989,20.233018],[-99.803989,20.233018],[-99.804105,20.233042],[-99.804105,20.233042],[-99.804233,20.233068],[-99.804233,20.233068],[-99.804347,20.233092],[-99.804347,20.233092],[-99.804462,20.233117],[-99.804487,20.233121]]}},{"type":"Feature","properties":{},"geometry":{"type":"LineString","coordinates":[[-99.623889,20.22177],[-99.624101,20.221761],[-99.633697,20.221364],[-99.633697,20.221364],[-99.635646,20.221242],[-99.637587,20.221036],[-99.648367,20.219662],[-99.648367,20.219662],[-99.648569,20.219636],[-99.648569,20.219636],[-99.64867,20.219624],[-99.64867,20.219624],[-99.648838,20.219602],[-99.648838,20.219602],[-99.648973,20.219586],[-99.648973,20.219586],[-99.649135,20.219566],[-99.649135,20.219566],[-99.649276,20.219549],[-99.649276,20.219549],[-99.649435,20.219531],[-99.649435,20.219531],[-99.649579,20.219514],[-99.649579,20.219514],[-99.649736,20.219497],[-99.649736,20.219497],[-99.649881,20.219482],[-99.649881,20.219482],[-99.65144,20.219364],[-99.65144,20.219364],[-99.653547,20.219329],[-99.655653,20.219375],[-99.657494,20.219437],[-99.657494,20.219437],[-99.659756,20.219482],[-99.662018,20.21942],[-99.664273,20.21925],[-99.677202,20.218093],[-99.677202,20.218093],[-99.678947,20.217922],[-99.68068,20.217668],[-99.682397,20.217331],[-99.695815,20.214581],[-99.695815,20.214581],[-99.69762,20.214238],[-99.699447,20.214013],[-99.701285,20.213906],[-99.703126,20.213917],[-99.704963,20.214048],[-99.706786,20.214296],[-99.708586,20.214662],[-99.709743,20.214915],[-99.709743,20.214915],[-99.711403,20.215252],[-99.71308,20.215509],[-99.71653,20.215989],[-99.71653,20.215989],[-99.718799,20.216277],[-99.72818,20.217362],[-99.72818,20.217362],[-99.730849,20.21773],[-99.733484,20.218272],[-99.736074,20.218984],[-99.756906,20.225207],[-99.756906,20.225207],[-99.758436,20.225653],[-99.759994,20.226004],[-99.759994,20.226004],[-99.761861,20.226333],[-99.763744,20.226561],[-99.765637,20.22669],[-99.765637,20.22669],[-99.765757,20.226695],[-99.765757,20.226695],[-99.765887,20.226699],[-99.765887,20.226699],[-99.766006,20.226703],[-99.766006,20.226703],[-99.766137,20.226707],[-99.766137,20.226707],[-99.766253,20.226711],[-99.766253,20.226711],[-99.766386,20.226714],[-99.766386,20.226714],[-99.766497,20.226717],[-99.766497,20.226717],[-99.766636,20.226721],[-99.766636,20.226721],[-99.766719,20.226723],[-99.766719,20.226723],[-99.766884,20.226726],[-99.771982,20.226846],[-99.771982,20.226846],[-99.772148,20.22685],[-99.772148,20.22685],[-99.772231,20.226852],[-99.772231,20.226852],[-99.772369,20.226856],[-99.772369,20.226856],[-99.772479,20.226858],[-99.772479,20.226858],[-99.772612,20.226862],[-99.772612,20.226862],[-99.772727,20.226865],[-99.772727,20.226865],[-99.772857,20.226869],[-99.772857,20.226869],[-99.772975,20.226873],[-99.772975,20.226873],[-99.773103,20.226878],[-99.773103,20.226878],[-99.773222,20.226883],[-99.773222,20.226883],[-99.775155,20.227015],[-99.777076,20.227253],[-99.778979,20.227597],[-99.780858,20.228044],[-99.782706,20.228593],[-99.782706,20.228593],[-99.782818,20.22863],[-99.782818,20.22863],[-99.782939,20.228671],[-99.782939,20.228671],[-99.783051,20.228708],[-99.783051,20.228708],[-99.783173,20.22875],[-99.783173,20.22875],[-99.783282,20.228787],[-99.783282,20.228787],[-99.783406,20.22883],[-99.783406,20.22883],[-99.78351,20.228865],[-99.78351,20.228865],[-99.783639,20.22891],[-99.783639,20.22891],[-99.783717,20.228937],[-99.783717,20.228937],[-99.783873,20.228991],[-99.78839,20.230561],[-99.78839,20.230561],[-99.788546,20.230615],[-99.788546,20.230615],[-99.788623,20.230642],[-99.788623,20.230642],[-99.788753,20.230687],[-99.788753,20.230687],[-99.788858,20.230723],[-99.788858,20.230723],[-99.788983,20.230766],[-99.788983,20.230766],[-99.789092,20.230803],[-99.789092,20.230803],[-99.789215,20.230845],[-99.789215,20.230845],[-99.789328,20.230883],[-99.789328,20.230883],[-99.78945,20.230924],[-99.78945,20.230924],[-99.789564,20.230961],[-99.789564,20.230961],[-99.791378,20.231502],[-99.793223,20.231946],[-99.795091,20.23229],[-99.796976,20.232534],[-99.796976,20.232534],[-99.797096,20.232547],[-99.797096,20.232547],[-99.797225,20.232559],[-99.797225,20.232559],[-99.797344,20.23257],[-99.797344,20.23257],[-99.797474,20.232582],[-99.797474,20.232582],[-99.79759,20.232593],[-99.79759,20.232593],[-99.797722,20.232605],[-99.797722,20.232605],[-99.797833,20.232614],[-99.797833,20.232614],[-99.797971,20.232626],[-99.797971,20.232626],[-99.798053,20.232633],[-99.798053,20.232633],[-99.798219,20.232647],[-99.799228,20.232733],[-99.799228,20.232733],[-99.799393,20.232747],[-99.799393,20.232747],[-99.799476,20.232754],[-99.799476,20.232754],[-99.799613,20.232766],[-99.799613,20.232766],[-99.799723,20.232775],[-99.799723,20.232775],[-99.799855,20.232787],[-99.799855,20.232787],[-99.79997,20.232797],[-99.79997,20.232797],[-99.8001,20.232809],[-99.8001,20.232809],[-99.800217,20.23282],[-99.800217,20.23282],[-99.800345,20.232833],[-99.800345,20.232833],[-99.800463,20.232845],[-99.800463,20.232845],[-99.802071,20.233047],[-99.803666,20.233323],[-99.803666,20.233323],[-99.803783,20.233346],[-99.803783,20.233346],[-99.803908,20.233371],[-99.803908,20.233371],[-99.804024,20.233395],[-99.804024,20.233395],[-99.804151,20.233421],[-99.804151,20.233421],[-99.804264,20.233445],[-99.804264,20.233445],[-99.804402,20.233473]]}},{"type":"Feature","properties":{},"geometry":{"type":"LineString","coordinates":[[-99.846224,20.242627],[-99.846239,20.24263],[-99.846254,20.242633],[-99.846269,20.242637],[-99.846284,20.24264],[-99.846299,20.242644],[-99.846314,20.242647],[-99.846329,20.24265],[-99.846344,20.242654],[-99.846359,20.242657],[-99.846374,20.24266],[-99.846389,20.242664],[-99.846404,20.242667],[-99.846419,20.24267],[-99.846434,20.242674],[-99.846449,20.242677],[-99.846464,20.24268],[-99.846479,20.242684],[-99.846494,20.242687],[-99.846509,20.24269],[-99.846524,20.242694],[-99.846539,20.242697],[-99.846554,20.242701],[-99.846569,20.242704],[-99.846584,20.242707],[-99.846599,20.242711],[-99.846614,20.242714],[-99.846629,20.242717],[-99.846644,20.242721],[-99.846659,20.242724],[-99.846674,20.242728],[-99.846689,20.242731],[-99.846689,20.242731],[-99.846874,20.242773],[-99.846979,20.242575],[-99.846979,20.242575],[-99.846653,20.242501],[-99.844618,20.242064],[-99.845068,20.242369],[-99.846224,20.242627]]}},{"type":"Feature","properties":{},"geometry":{"type":"LineString","coordinates":[[-99.917197,20.278936],[-99.917379,20.278616],[-99.914756,20.276931],[-99.914725,20.276996],[-99.914608,20.277273],[-99.917197,20.278936]]}},{"type":"Feature","properties":{},"geometry":{"type":"LineString","coordinates":[[-99.928748,20.284636],[-99.929688,20.284598],[-99.926794,20.283519],[-99.926811,20.283913],[-99.928748,20.284636]]}},{"type":"Feature","properties":{},"geometry":{"type":"LineString","coordinates":[[-99.919879,20.280658],[-99.919816,20.280477],[-99.919838,20.280195],[-99.917379,20.278616],[-99.917197,20.278936],[-99.919879,20.280658]]}},{"type":"Feature","properties":{},"geometry":{"type":"LineString","coordinates":[[-99.936834,20.300194],[-99.937026,20.300192],[-99.937218,20.300168],[-99.937222,20.29991],[-99.936839,20.299928],[-99.936834,20.300194]]}},{"type":"Feature","properties":{},"geometry":{"type":"LineString","coordinates":[[-99.939996,20.312018],[-99.94043,20.312042],[-99.939896,20.310953],[-99.939476,20.310955],[-99.939996,20.312018]]}},{"type":"Feature","properties":{},"geometry":{"type":"LineString","coordinates":[[-99.941642,20.315377],[-99.942122,20.315495],[-99.9417,20.314635],[-99.941626,20.314697],[-99.941383,20.314848],[-99.941642,20.315377]]}},{"type":"Feature","properties":{},"geometry":{"type":"LineString","coordinates":[[-99.940301,20.312639],[-99.940735,20.312665],[-99.94043,20.312042],[-99.939996,20.312018],[-99.940301,20.312639]]}},{"type":"Feature","properties":{},"geometry":{"type":"LineString","coordinates":[[-99.939476,20.310955],[-99.939896,20.310953],[-99.939454,20.310049],[-99.939102,20.310192],[-99.939476,20.310955]]}},{"type":"Feature","properties":{},"geometry":{"type":"LineString","coordinates":[[-99.939102,20.310192],[-99.939454,20.310049],[-99.939149,20.309428],[-99.939017,20.309294],[-99.938729,20.309431],[-99.939102,20.310192]]}},{"type":"Feature","properties":{},"geometry":{"type":"LineString","coordinates":[[-99.938729,20.309431],[-99.939017,20.309294],[-99.938218,20.308389],[-99.938729,20.309431]]}},{"type":"Feature","properties":{},"geometry":{"type":"LineString","coordinates":[[-99.804478,20.233489],[-99.804502,20.233495],[-99.804526,20.2335],[-99.80455,20.233505],[-99.804574,20.23351],[-99.804598,20.233515],[-99.804622,20.233521],[-99.804646,20.233526],[-99.80467,20.233531],[-99.805609,20.233733],[-99.805671,20.233687],[-99.804416,20.233416],[-99.804402,20.233473],[-99.804406,20.233474],[-99.80443,20.233479],[-99.804454,20.233484],[-99.804478,20.233489]]}},{"type":"Feature","properties":{},"geometry":{"type":"LineString","coordinates":[[-99.805609,20.233733],[-99.805775,20.233769],[-99.805821,20.233719],[-99.805671,20.233687],[-99.805609,20.233733]]}},{"type":"Feature","properties":{},"geometry":{"type":"LineString","coordinates":[[-99.810716,20.234854],[-99.810746,20.234861],[-99.810775,20.234869],[-99.810805,20.234877],[-99.810835,20.234884],[-99.810864,20.234892],[-99.810894,20.2349],[-99.810923,20.234907],[-99.810953,20.234915],[-99.810983,20.234923],[-99.811012,20.234931],[-99.811042,20.234938],[-99.811072,20.234946],[-99.811101,20.234954],[-99.811131,20.234962],[-99.81116,20.23497],[-99.81119,20.234978],[-99.81122,20.234986],[-99.811249,20.234994],[-99.811279,20.235002],[-99.811309,20.23501],[-99.811338,20.235018],[-99.811368,20.235026],[-99.811398,20.235034],[-99.811427,20.235042],[-99.811457,20.23505],[-99.811486,20.235058],[-99.811516,20.235066],[-99.811531,20.23507],[-99.81136,20.234911],[-99.810303,20.234683],[-99.810282,20.234747],[-99.810282,20.234747],[-99.810716,20.234854]]}},{"type":"Feature","properties":{},"geometry":{"type":"LineString","coordinates":[[-99.809165,20.234498],[-99.809195,20.234504],[-99.809225,20.234511],[-99.809255,20.234517],[-99.809285,20.234524],[-99.809315,20.23453],[-99.809345,20.234536],[-99.809375,20.234543],[-99.809405,20.234549],[-99.809435,20.234556],[-99.809465,20.234562],[-99.809495,20.234569],[-99.809525,20.234576],[-99.809555,20.234582],[-99.809585,20.234589],[-99.809615,20.234595],[-99.809645,20.234602],[-99.809675,20.234608],[-99.809705,20.234615],[-99.809735,20.234622],[-99.809765,20.234628],[-99.809795,20.234635],[-99.809825,20.234642],[-99.809855,20.234648],[-99.809885,20.234655],[-99.809915,20.234662],[-99.809945,20.234668],[-99.809975,20.234675],[-99.810005,20.234682],[-99.810034,20.234689],[-99.810064,20.234696],[-99.810094,20.234703],[-99.810094,20.234703],[-99.810282,20.234747],[-99.810303,20.234683],[-99.807789,20.234142],[-99.807775,20.234199],[-99.809165,20.234498]]}},{"type":"Feature","properties":{},"geometry":{"type":"LineString","coordinates":[[-99.807775,20.234199],[-99.807789,20.234142],[-99.805821,20.233719],[-99.805775,20.233769],[-99.807775,20.234199]]}},{"type":"Feature","properties":{},"geometry":{"type":"LineString","coordinates":[[-99.917197,20.278936],[-99.917379,20.278616],[-99.914756,20.276931],[-99.914725,20.276996],[-99.914608,20.277273],[-99.917197,20.278936]]}},{"type":"Feature","properties":{},"geometry":{"type":"LineString","coordinates":[[-99.918162,20.279556],[-99.918541,20.279362],[-99.917379,20.278616],[-99.917197,20.278936],[-99.918162,20.279556]]}},{"type":"Feature","properties":{},"geometry":{"type":"LineString","coordinates":[[-99.919805,20.280611],[-99.919879,20.280658],[-99.919816,20.280477],[-99.919805,20.280611]]}},{"type":"Feature","properties":{},"geometry":{"type":"LineString","coordinates":[[-99.923377,20.282186],[-99.923133,20.282477]]}},{"type":"Feature","properties":{},"geometry":{"type":"LineString","coordinates":[[-99.923436,20.282213],[-99.923199,20.282507]]}},{"type":"Feature","properties":{},"geometry":{"type":"LineString","coordinates":[[-99.923133,20.282477],[-99.923199,20.282507],[-99.923199,20.282507],[-99.923436,20.282213],[-99.923436,20.282213],[-99.923377,20.282186],[-99.923133,20.282477]]}},{"type":"Feature","properties":{},"geometry":{"type":"LineString","coordinates":[[-99.933766,20.287087],[-99.934362,20.287116],[-99.934362,20.287116],[-99.933998,20.286798],[-99.933618,20.286498],[-99.933223,20.286216],[-99.932878,20.286237],[-99.932885,20.286433],[-99.932885,20.286433],[-99.933336,20.286748],[-99.933766,20.287087]]}},{"type":"Feature","properties":{},"geometry":{"type":"LineString","coordinates":[[-99.937196,20.301542],[-99.937205,20.300964],[-99.936845,20.301098],[-99.937196,20.301542]]}},{"type":"Feature","properties":{},"geometry":{"type":"LineString","coordinates":[[-99.936802,20.302245],[-99.936802,20.30226],[-99.936802,20.302275],[-99.936802,20.302289],[-99.936801,20.302304],[-99.936801,20.302318],[-99.936801,20.302333],[-99.936801,20.302348],[-99.9368,20.302362],[-99.9368,20.302377],[-99.9368,20.302391],[-99.9368,20.302406],[-99.9368,20.302421],[-99.936799,20.302435],[-99.936799,20.30245],[-99.936799,20.302465],[-99.936799,20.302479],[-99.936799,20.302494],[-99.936799,20.302509],[-99.936798,20.302523],[-99.936798,20.302538],[-99.936798,20.302553],[-99.936798,20.302567],[-99.936798,20.302582],[-99.936798,20.302597],[-99.936798,20.302612],[-99.936798,20.302626],[-99.936798,20.302641],[-99.936798,20.302656],[-99.936798,20.302671],[-99.936798,20.302685],[-99.936798,20.3027],[-99.936798,20.3027],[-99.936802,20.302969],[-99.937182,20.302793],[-99.937182,20.302793],[-99.937181,20.302699],[-99.937181,20.302685],[-99.937181,20.30267],[-99.937181,20.302656],[-99.937181,20.302642],[-99.937181,20.302627],[-99.937181,20.302613],[-99.937181,20.302598],[-99.937181,20.302584],[-99.937181,20.30257],[-99.937181,20.302555],[-99.937181,20.302541],[-99.937182,20.302526],[-99.937182,20.302512],[-99.937182,20.302498],[-99.937182,20.302483],[-99.937182,20.302469],[-99.937182,20.302454],[-99.937182,20.30244],[-99.937183,20.302425],[-99.937183,20.302411],[-99.937183,20.302396],[-99.937183,20.302382],[-99.937183,20.302367],[-99.937184,20.302353],[-99.937184,20.302338],[-99.937184,20.302324],[-99.937184,20.302309],[-99.937185,20.302294],[-99.937185,20.30228],[-99.937185,20.302265],[-99.937185,20.302251],[-99.937196,20.301542],[-99.936845,20.301098],[-99.93682,20.301098],[-99.936802,20.302245]]}},{"type":"Feature","properties":{},"geometry":{"type":"LineString","coordinates":[[-99.936822,20.303422],[-99.937219,20.303613],[-99.937219,20.303613],[-99.937197,20.303271],[-99.937085,20.303335],[-99.936822,20.303422]]}},{"type":"Feature","properties":{},"geometry":{"type":"LineString","coordinates":[[-99.937069,20.305215],[-99.937141,20.304891],[-99.937266,20.304868],[-99.937264,20.304634],[-99.937345,20.304621],[-99.937345,20.304621],[-99.937271,20.304118],[-99.937219,20.303613],[-99.936822,20.303422],[-99.936822,20.303422],[-99.936874,20.304023],[-99.936957,20.304621],[-99.937069,20.305215]]}},{"type":"Feature","properties":{},"geometry":{"type":"LineString","coordinates":[[-99.937431,20.306535],[-99.93775,20.306284],[-99.93775,20.306284],[-99.937517,20.305459],[-99.937345,20.304621],[-99.937264,20.304634],[-99.937266,20.304868],[-99.937141,20.304891],[-99.937069,20.305215],[-99.937069,20.305215],[-99.937232,20.305879],[-99.937431,20.306535]]}},{"type":"Feature","properties":{},"geometry":{"type":"LineString","coordinates":[[-99.937489,20.306702],[-99.937606,20.307023],[-99.937606,20.307023],[-99.937919,20.306774],[-99.937919,20.306774],[-99.937805,20.306452],[-99.937805,20.306452],[-99.93775,20.306284],[-99.937431,20.306535],[-99.937431,20.306535],[-99.937489,20.306702]]}},{"type":"Feature","properties":{},"geometry":{"type":"LineString","coordinates":[[-99.939017,20.309294],[-99.939149,20.309428],[-99.938502,20.308108],[-99.938496,20.308095],[-99.938489,20.308081],[-99.938483,20.308068],[-99.938477,20.308055],[-99.93847,20.308042],[-99.938464,20.308029],[-99.938457,20.308015],[-99.938451,20.308002],[-99.938444,20.307989],[-99.938438,20.307976],[-99.938431,20.307963],[-99.938425,20.30795],[-99.938419,20.307936],[-99.938412,20.307923],[-99.938406,20.30791],[-99.9384,20.307897],[-99.938393,20.307884],[-99.938387,20.307871],[-99.938381,20.307858],[-99.938374,20.307844],[-99.938368,20.307831],[-99.938362,20.307818],[-99.938355,20.307805],[-99.938349,20.307792],[-99.938343,20.307779],[-99.938337,20.307766],[-99.93833,20.307752],[-99.938324,20.307739],[-99.938318,20.307726],[-99.938312,20.307713],[-99.938306,20.3077],[-99.938306,20.3077],[-99.938103,20.307241],[-99.937919,20.306774],[-99.937606,20.307023],[-99.937606,20.307023],[-99.937955,20.307846],[-99.937961,20.307859],[-99.937968,20.307873],[-99.937974,20.307886],[-99.93798,20.3079],[-99.937987,20.307913],[-99.937993,20.307926],[-99.938,20.30794],[-99.938006,20.307953],[-99.938012,20.307967],[-99.938019,20.30798],[-99.938025,20.307993],[-99.938032,20.308007],[-99.938038,20.30802],[-99.938045,20.308034],[-99.938051,20.308047],[-99.938057,20.30806],[-99.938064,20.308074],[-99.93807,20.308087],[-99.938077,20.3081],[-99.938083,20.308114],[-99.93809,20.308127],[-99.938096,20.30814],[-99.938103,20.308153],[-99.938109,20.308167],[-99.938116,20.30818],[-99.938122,20.308193],[-99.938129,20.308206],[-99.938135,20.30822],[-99.938142,20.308233],[-99.938148,20.308246],[-99.938155,20.308259],[-99.938218,20.308389],[-99.939017,20.309294]]}},{"type":"Feature","properties":{},"geometry":{"type":"LineString","coordinates":[[-99.939017,20.309294],[-99.939149,20.309428],[-99.938502,20.308108],[-99.938496,20.308095],[-99.938489,20.308081],[-99.938483,20.308068],[-99.938477,20.308055],[-99.93847,20.308042],[-99.938464,20.308029],[-99.938457,20.308015],[-99.938451,20.308002],[-99.938444,20.307989],[-99.938438,20.307976],[-99.938431,20.307963],[-99.938425,20.30795],[-99.938419,20.307936],[-99.938412,20.307923],[-99.938406,20.30791],[-99.9384,20.307897],[-99.938393,20.307884],[-99.938387,20.307871],[-99.938381,20.307858],[-99.938374,20.307844],[-99.938368,20.307831],[-99.938362,20.307818],[-99.938355,20.307805],[-99.938349,20.307792],[-99.938343,20.307779],[-99.938337,20.307766],[-99.93833,20.307752],[-99.938324,20.307739],[-99.938318,20.307726],[-99.938312,20.307713],[-99.938306,20.3077],[-99.938306,20.3077],[-99.938103,20.307241],[-99.937919,20.306774],[-99.937606,20.307023],[-99.937606,20.307023],[-99.937955,20.307846],[-99.937961,20.307859],[-99.937968,20.307873],[-99.937974,20.307886],[-99.93798,20.3079],[-99.937987,20.307913],[-99.937993,20.307926],[-99.938,20.30794],[-99.938006,20.307953],[-99.938012,20.307967],[-99.938019,20.30798],[-99.938025,20.307993],[-99.938032,20.308007],[-99.938038,20.30802],[-99.938045,20.308034],[-99.938051,20.308047],[-99.938057,20.30806],[-99.938064,20.308074],[-99.93807,20.308087],[-99.938077,20.3081],[-99.938083,20.308114],[-99.93809,20.308127],[-99.938096,20.30814],[-99.938103,20.308153],[-99.938109,20.308167],[-99.938116,20.30818],[-99.938122,20.308193],[-99.938129,20.308206],[-99.938135,20.30822],[-99.938142,20.308233],[-99.938148,20.308246],[-99.938155,20.308259],[-99.938218,20.308389],[-99.939017,20.309294]]}},{"type":"Feature","properties":{},"geometry":{"type":"LineString","coordinates":[[-99.938729,20.309431],[-99.939017,20.309294],[-99.938218,20.308389],[-99.938729,20.309431]]}},{"type":"Feature","properties":{},"geometry":{"type":"LineString","coordinates":[[-99.939102,20.310192],[-99.939454,20.310049],[-99.939149,20.309428],[-99.939017,20.309294],[-99.938729,20.309431],[-99.939102,20.310192]]}},{"type":"Feature","properties":{},"geometry":{"type":"LineString","coordinates":[[-99.939996,20.312018],[-99.94043,20.312042],[-99.939896,20.310953],[-99.939476,20.310955],[-99.939996,20.312018]]}},{"type":"Feature","properties":{},"geometry":{"type":"LineString","coordinates":[[-99.940301,20.312639],[-99.940735,20.312665],[-99.94043,20.312042],[-99.939996,20.312018],[-99.940301,20.312639]]}},{"type":"Feature","properties":{},"geometry":{"type":"LineString","coordinates":[[-99.804487,20.233121],[-99.80449,20.233122],[-99.804514,20.233127],[-99.804538,20.233132],[-99.804563,20.233137],[-99.804587,20.233142],[-99.804611,20.233147],[-99.804635,20.233153],[-99.804659,20.233158],[-99.804683,20.233163],[-99.804707,20.233168],[-99.804731,20.233173],[-99.804755,20.233178],[-99.80925,20.234145],[-99.80928,20.234152],[-99.80931,20.234158],[-99.80934,20.234165],[-99.80937,20.234171],[-99.8094,20.234178],[-99.80943,20.234184],[-99.809461,20.234191],[-99.809491,20.234197],[-99.809521,20.234204],[-99.809551,20.23421],[-99.809581,20.234217],[-99.809611,20.234223],[-99.809642,20.23423],[-99.809672,20.234236],[-99.809702,20.234243],[-99.809732,20.23425],[-99.809762,20.234256],[-99.809792,20.234263],[-99.809823,20.23427],[-99.809853,20.234276],[-99.809883,20.234283],[-99.809913,20.23429],[-99.809943,20.234297],[-99.809974,20.234303],[-99.810004,20.23431],[-99.810034,20.234317],[-99.810064,20.234324],[-99.810095,20.234331],[-99.810125,20.234338],[-99.810155,20.234345],[-99.810185,20.234352],[-99.810185,20.234352],[-99.810816,20.234505],[-99.810846,20.234512],[-99.810876,20.23452],[-99.810906,20.234528],[-99.810936,20.234536],[-99.810965,20.234543],[-99.810995,20.234551],[-99.811025,20.234559],[-99.811055,20.234567],[-99.811085,20.234575],[-99.811115,20.234582],[-99.811145,20.23459],[-99.811175,20.234598],[-99.811205,20.234606],[-99.811235,20.234614],[-99.811264,20.234622],[-99.811294,20.23463],[-99.811324,20.234638],[-99.811354,20.234646],[-99.811384,20.234654],[-99.811414,20.234662],[-99.811443,20.23467],[-99.811473,20.234678],[-99.811503,20.234686],[-99.811533,20.234694],[-99.811562,20.234702],[-99.811592,20.23471],[-99.811622,20.234718],[-99.811651,20.234726],[-99.811681,20.234734],[-99.811711,20.234742],[-99.811741,20.23475],[-99.815441,20.235754],[-99.815471,20.235762],[-99.815501,20.23577],[-99.81553,20.235779],[-99.81556,20.235787],[-99.81559,20.235795],[-99.815619,20.235803],[-99.815649,20.235811],[-99.815679,20.235819],[-99.815708,20.235827],[-99.815738,20.235835],[-99.815768,20.235843],[-99.815797,20.235851],[-99.815827,20.235859],[-99.815856,20.235866],[-99.815886,20.235874],[-99.815916,20.235882],[-99.815945,20.23589],[-99.815975,20.235898],[-99.816004,20.235906],[-99.816034,20.235914],[-99.816064,20.235922],[-99.816093,20.235929],[-99.816123,20.235937],[-99.816152,20.235945],[-99.816182,20.235953],[-99.816212,20.23596],[-99.816241,20.235968],[-99.816271,20.235976],[-99.8163,20.235983],[-99.81633,20.235991],[-99.81636,20.235998],[-99.81636,20.235998],[-99.816974,20.236148],[-99.817003,20.236154],[-99.817033,20.236161],[-99.817063,20.236168],[-99.817093,20.236175],[-99.817123,20.236182],[-99.817153,20.236189],[-99.817182,20.236195],[-99.817212,20.236202],[-99.817242,20.236209],[-99.817272,20.236215],[-99.817302,20.236222],[-99.817332,20.236229],[-99.817362,20.236235],[-99.817392,20.236242],[-99.817422,20.236248],[-99.817452,20.236255],[-99.817482,20.236262],[-99.817512,20.236268],[-99.817542,20.236275],[-99.817572,20.236281],[-99.817602,20.236288],[-99.817632,20.236294],[-99.817662,20.236301],[-99.817692,20.236307],[-99.817722,20.236314],[-99.817752,20.23632],[-99.817782,20.236327],[-99.817812,20.236333],[-99.817842,20.23634],[-99.817872,20.236346],[-99.817902,20.236353],[-99.827526,20.238425],[-99.827553,20.238431],[-99.82758,20.238437],[-99.827608,20.238443],[-99.827635,20.238448],[-99.827662,20.238454],[-99.827689,20.23846],[-99.827716,20.238466],[-99.827743,20.238472],[-99.82777,20.238477],[-99.827797,20.238483],[-99.827824,20.238489],[-99.827851,20.238495],[-99.827878,20.2385],[-99.827905,20.238506],[-99.827932,20.238512],[-99.827959,20.238518],[-99.827986,20.238523],[-99.828013,20.238529],[-99.82804,20.238535],[-99.828067,20.23854],[-99.828094,20.238546],[-99.828121,20.238551],[-99.828148,20.238557],[-99.828175,20.238562],[-99.828202,20.238568],[-99.828229,20.238573],[-99.828256,20.238579],[-99.828283,20.238584],[-99.82831,20.23859],[-99.828337,20.238595],[-99.828364,20.2386],[-99.828364,20.2386],[-99.829038,20.238724],[-99.829066,20.238729],[-99.829093,20.238733],[-99.82912,20.238738],[-99.829147,20.238742],[-99.829174,20.238747],[-99.829201,20.238751],[-99.829229,20.238756],[-99.829256,20.23876],[-99.829283,20.238764],[-99.82931,20.238769],[-99.829338,20.238773],[-99.829365,20.238777],[-99.829392,20.238782],[-99.829419,20.238786],[-99.829447,20.23879],[-99.829474,20.238795],[-99.829501,20.238799],[-99.829529,20.238803],[-99.829556,20.238807],[-99.829583,20.238811],[-99.829611,20.238816],[-99.829638,20.23882],[-99.829665,20.238824],[-99.829693,20.238828],[-99.82972,20.238832],[-99.829747,20.238837],[-99.829775,20.238841],[-99.829802,20.238845],[-99.82983,20.238849],[-99.829857,20.238853],[-99.829885,20.238857],[-99.832002,20.239179],[-99.83203,20.239183],[-99.832057,20.239187],[-99.832085,20.239191],[-99.832112,20.239195],[-99.83214,20.2392],[-99.832167,20.239204],[-99.832195,20.239208],[-99.832222,20.239212],[-99.83225,20.239216],[-99.832277,20.239221],[-99.832305,20.239225],[-99.832332,20.239229],[-99.83236,20.239233],[-99.832387,20.239238],[-99.832415,20.239242],[-99.832442,20.239246],[-99.83247,20.239251],[-99.832497,20.239255],[-99.832525,20.239259],[-99.832552,20.239264],[-99.83258,20.239268],[-99.832608,20.239272],[-99.832635,20.239277],[-99.832663,20.239281],[-99.83269,20.239286],[-99.832718,20.23929],[-99.832746,20.239295],[-99.832773,20.239299],[-99.832801,20.239304],[-99.832828,20.239309],[-99.832856,20.239313],[-99.832856,20.239313],[-99.833719,20.239475],[-99.833747,20.23948],[-99.833774,20.239486],[-99.833801,20.239492],[-99.833829,20.239497],[-99.833856,20.239503],[-99.833883,20.239509],[-99.833911,20.239515],[-99.833938,20.23952],[-99.833965,20.239526],[-99.833992,20.239532],[-99.83402,20.239538],[-99.834047,20.239544],[-99.834074,20.23955],[-99.834101,20.239556],[-99.834129,20.239562],[-99.834156,20.239568],[-99.834183,20.239573],[-99.83421,20.239579],[-99.834237,20.239585],[-99.834265,20.239591],[-99.834292,20.239597],[-99.834319,20.239603],[-99.834346,20.239609],[-99.834373,20.239615],[-99.8344,20.239621],[-99.834427,20.239627],[-99.834454,20.239633],[-99.834481,20.23964],[-99.834509,20.239646],[-99.834536,20.239652],[-99.834563,20.239658],[-99.846312,20.242275],[-99.846327,20.242278],[-99.846342,20.242282],[-99.846357,20.242285],[-99.846372,20.242288],[-99.846387,20.242292],[-99.846402,20.242295],[-99.846417,20.242298],[-99.846432,20.242302],[-99.846447,20.242305],[-99.846462,20.242309],[-99.846478,20.242312],[-99.846493,20.242315],[-99.846508,20.242319],[-99.846523,20.242322],[-99.846538,20.242325],[-99.846553,20.242329],[-99.846568,20.242332],[-99.846583,20.242335],[-99.846598,20.242339],[-99.846613,20.242342],[-99.846628,20.242346],[-99.846643,20.242349],[-99.846658,20.242352],[-99.846673,20.242356],[-99.846688,20.242359],[-99.846703,20.242363],[-99.846718,20.242366],[-99.846733,20.242369],[-99.846749,20.242373],[-99.846764,20.242376],[-99.846779,20.24238],[-99.846779,20.24238],[-99.850637,20.24339],[-99.854412,20.244651],[-99.854427,20.244656],[-99.854441,20.244661],[-99.854456,20.244667],[-99.85447,20.244672],[-99.854484,20.244677],[-99.854499,20.244683],[-99.854513,20.244688],[-99.854528,20.244694],[-99.854542,20.244699],[-99.854556,20.244704],[-99.854571,20.24471],[-99.854585,20.244715],[-99.8546,20.24472],[-99.854614,20.244726],[-99.854628,20.244731],[-99.854643,20.244737],[-99.854657,20.244742],[-99.854671,20.244747],[-99.854686,20.244753],[-99.8547,20.244758],[-99.854715,20.244764],[-99.854729,20.244769],[-99.854743,20.244774],[-99.854758,20.24478],[-99.854772,20.244785],[-99.854786,20.244791],[-99.854801,20.244796],[-99.854815,20.244801],[-99.854829,20.244807],[-99.854844,20.244812],[-99.854858,20.244818],[-99.859511,20.246566],[-99.85954,20.246577],[-99.859569,20.246588],[-99.859597,20.246599],[-99.859626,20.246609],[-99.859655,20.24662],[-99.859684,20.246631],[-99.859712,20.246642],[-99.859741,20.246653],[-99.85977,20.246663],[-99.859798,20.246674],[-99.859827,20.246685],[-99.859856,20.246696],[-99.859885,20.246707],[-99.859913,20.246718],[-99.859942,20.246729],[-99.859971,20.24674],[-99.86,20.246751],[-99.860028,20.246762],[-99.860057,20.246773],[-99.860086,20.246784],[-99.860115,20.246795],[-99.860143,20.246806],[-99.860172,20.246817],[-99.860201,20.246828],[-99.86023,20.246839],[-99.860258,20.24685],[-99.860287,20.246861],[-99.860316,20.246873],[-99.860345,20.246884],[-99.860373,20.246895],[-99.860402,20.246906],[-99.860402,20.246906],[-99.86147,20.247351],[-99.861498,20.247364],[-99.861526,20.247376],[-99.861554,20.247389],[-99.861582,20.247401],[-99.86161,20.247414],[-99.861639,20.247426],[-99.861667,20.247439],[-99.861695,20.247451],[-99.861723,20.247464],[-99.861751,20.247476],[-99.861779,20.247489],[-99.861807,20.247502],[-99.861835,20.247514],[-99.861863,20.247527],[-99.861891,20.24754],[-99.861919,20.247552],[-99.861946,20.247565],[-99.861974,20.247578],[-99.862002,20.24759],[-99.86203,20.247603],[-99.862058,20.247616],[-99.862086,20.247629],[-99.862114,20.247641],[-99.862142,20.247654],[-99.862169,20.247667],[-99.862197,20.24768],[-99.862225,20.247692],[-99.862253,20.247705],[-99.862281,20.247718],[-99.862308,20.247731],[-99.862336,20.247743],[-99.863161,20.248122],[-99.863189,20.248135],[-99.863217,20.248147],[-99.863244,20.24816],[-99.863272,20.248173],[-99.8633,20.248185],[-99.863328,20.248198],[-99.863355,20.248211],[-99.863383,20.248224],[-99.863411,20.248236],[-99.863439,20.248249],[-99.863466,20.248262],[-99.863494,20.248274],[-99.863522,20.248287],[-99.863549,20.2483],[-99.863577,20.248312],[-99.863605,20.248325],[-99.863633,20.248337],[-99.86366,20.24835],[-99.863688,20.248362],[-99.863716,20.248375],[-99.863744,20.248387],[-99.863771,20.2484],[-99.863799,20.248412],[-99.863827,20.248425],[-99.863855,20.248437],[-99.863882,20.24845],[-99.86391,20.248462],[-99.863938,20.248474],[-99.863966,20.248486],[-99.863993,20.248499],[-99.864021,20.248511],[-99.864021,20.248511],[-99.864789,20.248836],[-99.864817,20.248847],[-99.864845,20.248858],[-99.864874,20.24887],[-99.864902,20.248881],[-99.86493,20.248893],[-99.864958,20.248904],[-99.864987,20.248915],[-99.865015,20.248926],[-99.865043,20.248938],[-99.865071,20.248949],[-99.8651,20.24896],[-99.865128,20.248971],[-99.865157,20.248982],[-99.865185,20.248994],[-99.865213,20.249005],[-99.865242,20.249016],[-99.86527,20.249027],[-99.865299,20.249038],[-99.865327,20.249049],[-99.865355,20.24906],[-99.865384,20.249072],[-99.865412,20.249083],[-99.865441,20.249094],[-99.865469,20.249105],[-99.865498,20.249116],[-99.865526,20.249127],[-99.865555,20.249138],[-99.865584,20.249149],[-99.865612,20.24916],[-99.865641,20.249171],[-99.865669,20.249182],[-99.866659,20.249566],[-99.866685,20.249576],[-99.86671,20.249586],[-99.866736,20.249596],[-99.866762,20.249606],[-99.866787,20.249616],[-99.866813,20.249626],[-99.866839,20.249636],[-99.866864,20.249646],[-99.86689,20.249656],[-99.866916,20.249665],[-99.866941,20.249675],[-99.866967,20.249685],[-99.866993,20.249695],[-99.867018,20.249705],[-99.867044,20.249715],[-99.86707,20.249724],[-99.867095,20.249734],[-99.867121,20.249744],[-99.867146,20.249754],[-99.867172,20.249763],[-99.867198,20.249773],[-99.867223,20.249783],[-99.867249,20.249792],[-99.867274,20.249802],[-99.8673,20.249811],[-99.867326,20.249821],[-99.867351,20.24983],[-99.867377,20.24984],[-99.867403,20.249849],[-99.867428,20.249858],[-99.867454,20.249868],[-99.867454,20.249868],[-99.867997,20.250056],[-99.868023,20.250065],[-99.868049,20.250073],[-99.868075,20.250082],[-99.868101,20.25009],[-99.868127,20.250099],[-99.868153,20.250107],[-99.868179,20.250115],[-99.868205,20.250124],[-99.868232,20.250132],[-99.868258,20.250141],[-99.868284,20.250149],[-99.86831,20.250157],[-99.868336,20.250165],[-99.868363,20.250174],[-99.868389,20.250182],[-99.868415,20.25019],[-99.868441,20.250198],[-99.868467,20.250206],[-99.868494,20.250215],[-99.86852,20.250223],[-99.868546,20.250231],[-99.868573,20.250239],[-99.868599,20.250247],[-99.868625,20.250255],[-99.868652,20.250263],[-99.868678,20.250271],[-99.868704,20.25028],[-99.868731,20.250288],[-99.868757,20.250296],[-99.868784,20.250304],[-99.86881,20.250312],[-99.869578,20.250548],[-99.869605,20.250556],[-99.869631,20.250564],[-99.869658,20.250572],[-99.869684,20.25058],[-99.869711,20.250588],[-99.869737,20.250597],[-99.869764,20.250605],[-99.86979,20.250613],[-99.869816,20.250621],[-99.869843,20.250629],[-99.86987,20.250637],[-99.869896,20.250646],[-99.869923,20.250654],[-99.869949,20.250662],[-99.869976,20.25067],[-99.870002,20.250679],[-99.870029,20.250687],[-99.870055,20.250695],[-99.870082,20.250704],[-99.870108,20.250712],[-99.870135,20.250721],[-99.870161,20.250729],[-99.870188,20.250738],[-99.870215,20.250746],[-99.870241,20.250755],[-99.870268,20.250763],[-99.870294,20.250772],[-99.870321,20.25078],[-99.870347,20.250789],[-99.870374,20.250798],[-99.8704,20.250806],[-99.8704,20.250806],[-99.871129,20.251063],[-99.871155,20.251073],[-99.871181,20.251083],[-99.871207,20.251092],[-99.871233,20.251102],[-99.871259,20.251112],[-99.871285,20.251122],[-99.871311,20.251132],[-99.871337,20.251142],[-99.871363,20.251152],[-99.871389,20.251162],[-99.871415,20.251172],[-99.871441,20.251182],[-99.871466,20.251192],[-99.871492,20.251202],[-99.871518,20.251212],[-99.871544,20.251222],[-99.87157,20.251233],[-99.871596,20.251243],[-99.871621,20.251253],[-99.871647,20.251263],[-99.871673,20.251273],[-99.871698,20.251283],[-99.871724,20.251294],[-99.87175,20.251304],[-99.871776,20.251314],[-99.871801,20.251324],[-99.871827,20.251334],[-99.871853,20.251345],[-99.871878,20.251355],[-99.871904,20.251365],[-99.871929,20.251375],[-99.875698,20.252877],[-99.875718,20.252885],[-99.875738,20.252893],[-99.875758,20.252901],[-99.875778,20.252909],[-99.875797,20.252917],[-99.875817,20.252925],[-99.875837,20.252933],[-99.875857,20.252941],[-99.875877,20.252949],[-99.875897,20.252957],[-99.875917,20.252964],[-99.875937,20.252972],[-99.875957,20.25298],[-99.875977,20.252988],[-99.875997,20.252996],[-99.876017,20.253004],[-99.876037,20.253012],[-99.876057,20.25302],[-99.876077,20.253028],[-99.876097,20.253036],[-99.876117,20.253044],[-99.876137,20.253052],[-99.876156,20.253061],[-99.876176,20.253069],[-99.876196,20.253077],[-99.876216,20.253085],[-99.876236,20.253093],[-99.876256,20.253101],[-99.876276,20.253109],[-99.876296,20.253117],[-99.876316,20.253125],[-99.876316,20.253125],[-99.878706,20.254181],[-99.881024,20.255372],[-99.883261,20.256695],[-99.883279,20.256706],[-99.883297,20.256717],[-99.883315,20.256729],[-99.883333,20.25674],[-99.883351,20.256752],[-99.883369,20.256763],[-99.883387,20.256775],[-99.883405,20.256786],[-99.883423,20.256798],[-99.883441,20.256809],[-99.883459,20.25682],[-99.883477,20.256832],[-99.883495,20.256843],[-99.883513,20.256855],[-99.883531,20.256866],[-99.883549,20.256878],[-99.883566,20.256889],[-99.883584,20.256901],[-99.883602,20.256912],[-99.88362,20.256924],[-99.883638,20.256935],[-99.883656,20.256947],[-99.883674,20.256958],[-99.883692,20.25697],[-99.88371,20.256981],[-99.883728,20.256993],[-99.883745,20.257004],[-99.883763,20.257016],[-99.883781,20.257027],[-99.883799,20.257039],[-99.883817,20.25705],[-99.920182,20.280416],[-99.920205,20.280431],[-99.920228,20.280445],[-99.920251,20.28046],[-99.920274,20.280475],[-99.920297,20.28049],[-99.92032,20.280504],[-99.920342,20.280519],[-99.920365,20.280534],[-99.920388,20.280548],[-99.920411,20.280563],[-99.920434,20.280578],[-99.920457,20.280592],[-99.92048,20.280607],[-99.920503,20.280622],[-99.920526,20.280636],[-99.920549,20.280651],[-99.920572,20.280665],[-99.920595,20.28068],[-99.920618,20.280695],[-99.920641,20.280709],[-99.920664,20.280724],[-99.920687,20.280738],[-99.92071,20.280752],[-99.920733,20.280767],[-99.920756,20.280781],[-99.920779,20.280796],[-99.920802,20.28081],[-99.920825,20.280824],[-99.920848,20.280838],[-99.920871,20.280853],[-99.920894,20.280867],[-99.920894,20.280867],[-99.922027,20.281519],[-99.923199,20.282105],[-99.924407,20.282623],[-99.924433,20.282633],[-99.924458,20.282643],[-99.924484,20.282653],[-99.924509,20.282663],[-99.924535,20.282673],[-99.92456,20.282682],[-99.924586,20.282692],[-99.924611,20.282702],[-99.924637,20.282712],[-99.924662,20.282722],[-99.924688,20.282732],[-99.924714,20.282741],[-99.924739,20.282751],[-99.924765,20.282761],[-99.924791,20.282771],[-99.924816,20.28278],[-99.924842,20.28279],[-99.924868,20.2828],[-99.924893,20.282809],[-99.924919,20.282819],[-99.924945,20.282829],[-99.924971,20.282838],[-99.924996,20.282848],[-99.925022,20.282858],[-99.925048,20.282867],[-99.925074,20.282877],[-99.9251,20.282887],[-99.925125,20.282896],[-99.925151,20.282906],[-99.925177,20.282915],[-99.925203,20.282925],[-99.930723,20.284984],[-99.930749,20.284993],[-99.930774,20.285003],[-99.9308,20.285013],[-99.930826,20.285022],[-99.930852,20.285032],[-99.930878,20.285042],[-99.930904,20.285052],[-99.93093,20.285061],[-99.930956,20.285071],[-99.930982,20.285081],[-99.931008,20.285091],[-99.931034,20.285101],[-99.93106,20.285111],[-99.931086,20.285121],[-99.931112,20.285131],[-99.931138,20.285141],[-99.931164,20.285151],[-99.93119,20.285161],[-99.931216,20.285171],[-99.931242,20.285181],[-99.931268,20.285191],[-99.931294,20.285202],[-99.93132,20.285212],[-99.931346,20.285223],[-99.931372,20.285233],[-99.931398,20.285244],[-99.931424,20.285254],[-99.93145,20.285265],[-99.931476,20.285276],[-99.931502,20.285287],[-99.931528,20.285298],[-99.931528,20.285298],[-99.932107,20.285564],[-99.932667,20.285867],[-99.933204,20.286203],[-99.933716,20.286572],[-99.934202,20.286972],[-99.934658,20.287401],[-99.935084,20.287858],[-99.935477,20.28834],[-99.935835,20.288845],[-99.936158,20.289372],[-99.936443,20.289917],[-99.936689,20.290479],[-99.936896,20.291055],[-99.937062,20.291643],[-99.937187,20.29224],[-99.93727,20.292843],[-99.93731,20.29345],[-99.937311,20.293476],[-99.937312,20.293503],[-99.937313,20.29353],[-99.937313,20.293557],[-99.937314,20.293583],[-99.937314,20.29361],[-99.937315,20.293637],[-99.937315,20.293663],[-99.937315,20.29369],[-99.937315,20.293717],[-99.937315,20.293743],[-99.937316,20.29377],[-99.937316,20.293797],[-99.937316,20.293823],[-99.937315,20.29385],[-99.937315,20.293876],[-99.937315,20.293903],[-99.937315,20.293929],[-99.937315,20.293956],[-99.937315,20.293982],[-99.937314,20.294008],[-99.937314,20.294035],[-99.937314,20.294061],[-99.937313,20.294088],[-99.937313,20.294114],[-99.937313,20.29414],[-99.937312,20.294167],[-99.937312,20.294193],[-99.937311,20.294219],[-99.937311,20.294245],[-99.937311,20.294272],[-99.937185,20.302251],[-99.937185,20.302265],[-99.937185,20.30228],[-99.937185,20.302294],[-99.937184,20.302309],[-99.937184,20.302324],[-99.937184,20.302338],[-99.937184,20.302353],[-99.937183,20.302367],[-99.937183,20.302382],[-99.937183,20.302396],[-99.937183,20.302411],[-99.937183,20.302425],[-99.937182,20.30244],[-99.937182,20.302454],[-99.937182,20.302469],[-99.937182,20.302483],[-99.937182,20.302498],[-99.937182,20.302512],[-99.937182,20.302526],[-99.937181,20.302541],[-99.937181,20.302555],[-99.937181,20.30257],[-99.937181,20.302584],[-99.937181,20.302598],[-99.937181,20.302613],[-99.937181,20.302627],[-99.937181,20.302642],[-99.937181,20.302656],[-99.937181,20.30267],[-99.937181,20.302685],[-99.937181,20.302699],[-99.937181,20.302699],[-99.937215,20.303556],[-99.937311,20.304409],[-99.937469,20.305254],[-99.937688,20.306087],[-99.937968,20.306903],[-99.938306,20.3077],[-99.938312,20.307713],[-99.938318,20.307726],[-99.938324,20.307739],[-99.93833,20.307752],[-99.938337,20.307766],[-99.938343,20.307779],[-99.938349,20.307792],[-99.938355,20.307805],[-99.938362,20.307818],[-99.938368,20.307831],[-99.938374,20.307844],[-99.938381,20.307858],[-99.938387,20.307871],[-99.938393,20.307884],[-99.9384,20.307897],[-99.938406,20.30791],[-99.938412,20.307923],[-99.938419,20.307936],[-99.938425,20.30795],[-99.938431,20.307963],[-99.938438,20.307976],[-99.938444,20.307989],[-99.938451,20.308002],[-99.938457,20.308015],[-99.938464,20.308029],[-99.93847,20.308042],[-99.938477,20.308055],[-99.938483,20.308068],[-99.938489,20.308081],[-99.938496,20.308095],[-99.938502,20.308108],[-99.942464,20.316194],[-99.942559,20.316411],[-99.943306,20.317966],[-99.943942,20.319263],[-99.943942,20.319263],[-99.943985,20.319351],[-99.943985,20.319351],[-99.944006,20.319395],[-99.944006,20.319395],[-99.944042,20.319469],[-99.944042,20.319469],[-99.94407,20.319529],[-99.94407,20.319529],[-99.944104,20.319601],[-99.944104,20.319601],[-99.944133,20.319664],[-99.944133,20.319664],[-99.944165,20.319736],[-99.944165,20.319736],[-99.944193,20.319802],[-99.944193,20.319802],[-99.944222,20.319875],[-99.944222,20.319875],[-99.944249,20.319943],[-99.944249,20.319943],[-99.94434,20.320208],[-99.944412,20.320479],[-99.944464,20.320754],[-99.944498,20.321032],[-99.944512,20.321311],[-99.944507,20.32159],[-99.944482,20.321868],[-99.944438,20.322144],[-99.944375,20.322417],[-99.944293,20.322685],[-99.944193,20.322948],[-99.944074,20.323204],[-99.943938,20.323452],[-99.943785,20.323691],[-99.943615,20.32392],[-99.943615,20.32392],[-99.943569,20.323977],[-99.943569,20.323977],[-99.943518,20.324039],[-99.943518,20.324039],[-99.94347,20.324094],[-99.94347,20.324094],[-99.943417,20.324154],[-99.943417,20.324154],[-99.94337,20.324206],[-99.94337,20.324206],[-99.943315,20.324266],[-99.943315,20.324266],[-99.94327,20.324315],[-99.94327,20.324315],[-99.943213,20.324376],[-99.943213,20.324376],[-99.943178,20.324412],[-99.943178,20.324412],[-99.94311,20.324484],[-99.94184,20.325819]]}},{"type":"Feature","properties":{},"geometry":{"type":"LineString","coordinates":[[-99.804402,20.233473],[-99.804406,20.233474],[-99.80443,20.233479],[-99.804454,20.233484],[-99.804478,20.233489],[-99.804502,20.233495],[-99.804526,20.2335],[-99.80455,20.233505],[-99.804574,20.23351],[-99.804598,20.233515],[-99.804622,20.233521],[-99.804646,20.233526],[-99.80467,20.233531],[-99.809165,20.234498],[-99.809195,20.234504],[-99.809225,20.234511],[-99.809255,20.234517],[-99.809285,20.234524],[-99.809315,20.23453],[-99.809345,20.234536],[-99.809375,20.234543],[-99.809405,20.234549],[-99.809435,20.234556],[-99.809465,20.234562],[-99.809495,20.234569],[-99.809525,20.234576],[-99.809555,20.234582],[-99.809585,20.234589],[-99.809615,20.234595],[-99.809645,20.234602],[-99.809675,20.234608],[-99.809705,20.234615],[-99.809735,20.234622],[-99.809765,20.234628],[-99.809795,20.234635],[-99.809825,20.234642],[-99.809855,20.234648],[-99.809885,20.234655],[-99.809915,20.234662],[-99.809945,20.234668],[-99.809975,20.234675],[-99.810005,20.234682],[-99.810034,20.234689],[-99.810064,20.234696],[-99.810094,20.234703],[-99.810094,20.234703],[-99.810716,20.234854],[-99.810746,20.234861],[-99.810775,20.234869],[-99.810805,20.234877],[-99.810835,20.234884],[-99.810864,20.234892],[-99.810894,20.2349],[-99.810923,20.234907],[-99.810953,20.234915],[-99.810983,20.234923],[-99.811012,20.234931],[-99.811042,20.234938],[-99.811072,20.234946],[-99.811101,20.234954],[-99.811131,20.234962],[-99.81116,20.23497],[-99.81119,20.234978],[-99.81122,20.234986],[-99.811249,20.234994],[-99.811279,20.235002],[-99.811309,20.23501],[-99.811338,20.235018],[-99.811368,20.235026],[-99.811398,20.235034],[-99.811427,20.235042],[-99.811457,20.23505],[-99.811486,20.235058],[-99.811516,20.235066],[-99.811546,20.235074],[-99.811575,20.235082],[-99.811605,20.23509],[-99.811635,20.235098],[-99.815336,20.236102],[-99.815365,20.23611],[-99.815395,20.236118],[-99.815425,20.236126],[-99.815454,20.236134],[-99.815484,20.236142],[-99.815514,20.23615],[-99.815544,20.236158],[-99.815573,20.236166],[-99.815603,20.236174],[-99.815633,20.236182],[-99.815663,20.23619],[-99.815692,20.236198],[-99.815722,20.236206],[-99.815752,20.236214],[-99.815782,20.236222],[-99.815811,20.23623],[-99.815841,20.236238],[-99.815871,20.236246],[-99.815901,20.236254],[-99.815931,20.236262],[-99.815961,20.23627],[-99.81599,20.236277],[-99.81602,20.236285],[-99.81605,20.236293],[-99.81608,20.236301],[-99.81611,20.236309],[-99.81614,20.236316],[-99.81617,20.236324],[-99.8162,20.236332],[-99.81623,20.23634],[-99.81626,20.236347],[-99.81626,20.236347],[-99.816882,20.236499],[-99.816912,20.236506],[-99.816943,20.236512],[-99.816973,20.236519],[-99.817003,20.236526],[-99.817033,20.236533],[-99.817063,20.23654],[-99.817093,20.236547],[-99.817124,20.236554],[-99.817154,20.23656],[-99.817184,20.236567],[-99.817214,20.236574],[-99.817244,20.23658],[-99.817274,20.236587],[-99.817305,20.236594],[-99.817335,20.2366],[-99.817365,20.236607],[-99.817395,20.236614],[-99.817425,20.23662],[-99.817455,20.236627],[-99.817486,20.236633],[-99.817516,20.23664],[-99.817546,20.236647],[-99.817576,20.236653],[-99.817606,20.23666],[-99.817636,20.236666],[-99.817667,20.236673],[-99.817697,20.236679],[-99.817727,20.236686],[-99.817757,20.236692],[-99.817787,20.236699],[-99.817817,20.236705],[-99.827441,20.238777],[-99.827468,20.238783],[-99.827495,20.238789],[-99.827522,20.238795],[-99.827549,20.238801],[-99.827577,20.238807],[-99.827604,20.238812],[-99.827631,20.238818],[-99.827658,20.238824],[-99.827685,20.23883],[-99.827712,20.238836],[-99.82774,20.238841],[-99.827767,20.238847],[-99.827794,20.238853],[-99.827821,20.238859],[-99.827848,20.238865],[-99.827876,20.23887],[-99.827903,20.238876],[-99.82793,20.238882],[-99.827957,20.238887],[-99.827984,20.238893],[-99.828012,20.238899],[-99.828039,20.238904],[-99.828066,20.23891],[-99.828094,20.238916],[-99.828121,20.238921],[-99.828148,20.238927],[-99.828176,20.238932],[-99.828203,20.238938],[-99.82823,20.238943],[-99.828258,20.238949],[-99.828285,20.238954],[-99.828285,20.238954],[-99.828971,20.23908],[-99.828998,20.239085],[-99.829026,20.239089],[-99.829054,20.239094],[-99.829081,20.239098],[-99.829109,20.239103],[-99.829136,20.239107],[-99.829164,20.239112],[-99.829191,20.239116],[-99.829219,20.239121],[-99.829246,20.239125],[-99.829274,20.239129],[-99.829301,20.239134],[-99.829329,20.239138],[-99.829356,20.239143],[-99.829384,20.239147],[-99.829411,20.239151],[-99.829439,20.239155],[-99.829466,20.23916],[-99.829494,20.239164],[-99.829521,20.239168],[-99.829549,20.239172],[-99.829576,20.239177],[-99.829604,20.239181],[-99.829631,20.239185],[-99.829659,20.239189],[-99.829686,20.239193],[-99.829714,20.239198],[-99.829741,20.239202],[-99.829769,20.239206],[-99.829796,20.23921],[-99.829824,20.239214],[-99.831942,20.239536],[-99.831969,20.23954],[-99.831996,20.239544],[-99.832024,20.239548],[-99.832051,20.239552],[-99.832079,20.239556],[-99.832106,20.239561],[-99.832133,20.239565],[-99.832161,20.239569],[-99.832188,20.239573],[-99.832216,20.239577],[-99.832243,20.239582],[-99.83227,20.239586],[-99.832298,20.23959],[-99.832325,20.239594],[-99.832352,20.239599],[-99.83238,20.239603],[-99.832407,20.239607],[-99.832434,20.239611],[-99.832462,20.239616],[-99.832489,20.23962],[-99.832516,20.239624],[-99.832544,20.239629],[-99.832571,20.239633],[-99.832598,20.239638],[-99.832625,20.239642],[-99.832652,20.239646],[-99.83268,20.239651],[-99.832707,20.239655],[-99.832734,20.23966],[-99.832761,20.239664],[-99.832788,20.239669],[-99.832788,20.239669],[-99.833638,20.239828],[-99.833665,20.239833],[-99.833692,20.239839],[-99.833719,20.239845],[-99.833746,20.23985],[-99.833773,20.239856],[-99.8338,20.239862],[-99.833827,20.239867],[-99.833854,20.239873],[-99.833881,20.239879],[-99.833908,20.239885],[-99.833935,20.23989],[-99.833962,20.239896],[-99.833989,20.239902],[-99.834016,20.239908],[-99.834043,20.239914],[-99.83407,20.23992],[-99.834096,20.239926],[-99.834123,20.239931],[-99.83415,20.239937],[-99.834177,20.239943],[-99.834204,20.239949],[-99.834231,20.239955],[-99.834258,20.239961],[-99.834285,20.239967],[-99.834312,20.239973],[-99.834339,20.239979],[-99.834367,20.239985],[-99.834394,20.239991],[-99.834421,20.239997],[-99.834448,20.240003],[-99.834475,20.240009],[-99.846224,20.242627],[-99.846239,20.24263],[-99.846254,20.242633],[-99.846269,20.242637],[-99.846284,20.24264],[-99.846299,20.242644],[-99.846314,20.242647],[-99.846329,20.24265],[-99.846344,20.242654],[-99.846359,20.242657],[-99.846374,20.24266],[-99.846389,20.242664],[-99.846404,20.242667],[-99.846419,20.24267],[-99.846434,20.242674],[-99.846449,20.242677],[-99.846464,20.24268],[-99.846479,20.242684],[-99.846494,20.242687],[-99.846509,20.24269],[-99.846524,20.242694],[-99.846539,20.242697],[-99.846554,20.242701],[-99.846569,20.242704],[-99.846584,20.242707],[-99.846599,20.242711],[-99.846614,20.242714],[-99.846629,20.242717],[-99.846644,20.242721],[-99.846659,20.242724],[-99.846674,20.242728],[-99.846689,20.242731],[-99.846689,20.242731],[-99.850522,20.243735],[-99.854272,20.244987],[-99.854286,20.244992],[-99.854301,20.244998],[-99.854315,20.245003],[-99.854329,20.245008],[-99.854344,20.245014],[-99.854358,20.245019],[-99.854372,20.245024],[-99.854387,20.24503],[-99.854401,20.245035],[-99.854415,20.24504],[-99.85443,20.245046],[-99.854444,20.245051],[-99.854458,20.245056],[-99.854473,20.245062],[-99.854487,20.245067],[-99.854501,20.245073],[-99.854516,20.245078],[-99.85453,20.245083],[-99.854544,20.245089],[-99.854559,20.245094],[-99.854573,20.245099],[-99.854587,20.245105],[-99.854602,20.24511],[-99.854616,20.245116],[-99.85463,20.245121],[-99.854645,20.245126],[-99.854659,20.245132],[-99.854673,20.245137],[-99.854688,20.245143],[-99.854702,20.245148],[-99.854716,20.245153],[-99.85937,20.246902],[-99.859398,20.246913],[-99.859427,20.246924],[-99.859456,20.246934],[-99.859484,20.246945],[-99.859513,20.246956],[-99.859542,20.246967],[-99.85957,20.246977],[-99.859599,20.246988],[-99.859628,20.246999],[-99.859656,20.24701],[-99.859685,20.247021],[-99.859713,20.247032],[-99.859742,20.247042],[-99.859771,20.247053],[-99.859799,20.247064],[-99.859828,20.247075],[-99.859856,20.247086],[-99.859885,20.247097],[-99.859913,20.247108],[-99.859942,20.247118],[-99.85997,20.247129],[-99.859999,20.24714],[-99.860027,20.247151],[-99.860056,20.247162],[-99.860084,20.247173],[-99.860113,20.247184],[-99.860141,20.247195],[-99.860169,20.247207],[-99.860198,20.247218],[-99.860226,20.247229],[-99.860255,20.24724],[-99.860255,20.24724],[-99.861308,20.247679],[-99.861336,20.247691],[-99.861364,20.247703],[-99.861392,20.247716],[-99.861419,20.247728],[-99.861447,20.24774],[-99.861475,20.247753],[-99.861503,20.247765],[-99.86153,20.247778],[-99.861558,20.24779],[-99.861586,20.247803],[-99.861614,20.247815],[-99.861642,20.247828],[-99.861669,20.24784],[-99.861697,20.247853],[-99.861725,20.247865],[-99.861753,20.247878],[-99.86178,20.247891],[-99.861808,20.247903],[-99.861836,20.247916],[-99.861864,20.247929],[-99.861891,20.247941],[-99.861919,20.247954],[-99.861947,20.247967],[-99.861974,20.247979],[-99.862002,20.247992],[-99.86203,20.248005],[-99.862058,20.248017],[-99.862085,20.24803],[-99.862113,20.248043],[-99.862141,20.248056],[-99.862169,20.248068],[-99.862994,20.248447],[-99.863021,20.24846],[-99.863049,20.248472],[-99.863077,20.248485],[-99.863105,20.248498],[-99.863132,20.248511],[-99.86316,20.248523],[-99.863188,20.248536],[-99.863216,20.248549],[-99.863244,20.248562],[-99.863272,20.248574],[-99.863299,20.248587],[-99.863327,20.2486],[-99.863355,20.248612],[-99.863383,20.248625],[-99.863411,20.248638],[-99.863439,20.24865],[-99.863467,20.248663],[-99.863495,20.248676],[-99.863523,20.248688],[-99.863551,20.248701],[-99.863579,20.248714],[-99.863607,20.248726],[-99.863635,20.248739],[-99.863663,20.248751],[-99.863691,20.248764],[-99.863719,20.248776],[-99.863747,20.248789],[-99.863775,20.248801],[-99.863803,20.248814],[-99.863831,20.248826],[-99.863859,20.248839],[-99.863859,20.248839],[-99.864638,20.249168],[-99.864666,20.249179],[-99.864695,20.249191],[-99.864723,20.249202],[-99.864752,20.249214],[-99.86478,20.249225],[-99.864809,20.249237],[-99.864837,20.249248],[-99.864866,20.249259],[-99.864895,20.249271],[-99.864923,20.249282],[-99.864952,20.249293],[-99.86498,20.249305],[-99.865009,20.249316],[-99.865038,20.249327],[-99.865066,20.249338],[-99.865095,20.24935],[-99.865123,20.249361],[-99.865152,20.249372],[-99.865181,20.249383],[-99.865209,20.249394],[-99.865238,20.249406],[-99.865266,20.249417],[-99.865295,20.249428],[-99.865324,20.249439],[-99.865352,20.24945],[-99.865381,20.249461],[-99.865409,20.249472],[-99.865438,20.249483],[-99.865466,20.249494],[-99.865495,20.249506],[-99.865524,20.249517],[-99.866513,20.2499],[-99.866539,20.24991],[-99.866565,20.24992],[-99.866591,20.24993],[-99.866616,20.24994],[-99.866642,20.24995],[-99.866668,20.24996],[-99.866694,20.24997],[-99.866719,20.24998],[-99.866745,20.24999],[-99.866771,20.25],[-99.866797,20.25001],[-99.866823,20.25002],[-99.866848,20.25003],[-99.866874,20.25004],[-99.8669,20.25005],[-99.866926,20.250059],[-99.866952,20.250069],[-99.866978,20.250079],[-99.867004,20.250089],[-99.86703,20.250099],[-99.867056,20.250109],[-99.867082,20.250118],[-99.867108,20.250128],[-99.867134,20.250138],[-99.86716,20.250148],[-99.867186,20.250157],[-99.867212,20.250167],[-99.867238,20.250176],[-99.867264,20.250186],[-99.86729,20.250196],[-99.867316,20.250205],[-99.867316,20.250205],[-99.867871,20.250397],[-99.867897,20.250406],[-99.867924,20.250415],[-99.86795,20.250423],[-99.867977,20.250432],[-99.868003,20.250441],[-99.86803,20.250449],[-99.868056,20.250458],[-99.868083,20.250466],[-99.868109,20.250475],[-99.868135,20.250483],[-99.868162,20.250491],[-99.868188,20.2505],[-99.868215,20.250508],[-99.868241,20.250517],[-99.868268,20.250525],[-99.868294,20.250533],[-99.868321,20.250541],[-99.868347,20.25055],[-99.868374,20.250558],[-99.8684,20.250566],[-99.868427,20.250574],[-99.868453,20.250582],[-99.86848,20.250591],[-99.868506,20.250599],[-99.868533,20.250607],[-99.868559,20.250615],[-99.868586,20.250623],[-99.868612,20.250631],[-99.868639,20.250639],[-99.868665,20.250648],[-99.868692,20.250656],[-99.86946,20.250891],[-99.869486,20.2509],[-99.869513,20.250908],[-99.869539,20.250916],[-99.869566,20.250924],[-99.869592,20.250932],[-99.869618,20.25094],[-99.869645,20.250948],[-99.869671,20.250956],[-99.869697,20.250965],[-99.869724,20.250973],[-99.86975,20.250981],[-99.869776,20.250989],[-99.869803,20.250997],[-99.869829,20.251005],[-99.869855,20.251014],[-99.869882,20.251022],[-99.869908,20.25103],[-99.869934,20.251038],[-99.86996,20.251047],[-99.869987,20.251055],[-99.870013,20.251063],[-99.870039,20.251071],[-99.870065,20.25108],[-99.870091,20.251088],[-99.870117,20.251097],[-99.870143,20.251105],[-99.87017,20.251113],[-99.870196,20.251122],[-99.870222,20.251131],[-99.870248,20.251139],[-99.870274,20.251148],[-99.870274,20.251148],[-99.870988,20.251399],[-99.871013,20.251409],[-99.871039,20.251418],[-99.871064,20.251428],[-99.87109,20.251438],[-99.871116,20.251447],[-99.871141,20.251457],[-99.871167,20.251467],[-99.871192,20.251477],[-99.871218,20.251486],[-99.871244,20.251496],[-99.871269,20.251506],[-99.871295,20.251516],[-99.87132,20.251526],[-99.871346,20.251536],[-99.871371,20.251546],[-99.871397,20.251556],[-99.871422,20.251566],[-99.871448,20.251576],[-99.871474,20.251586],[-99.871499,20.251596],[-99.871525,20.251607],[-99.87155,20.251617],[-99.871576,20.251627],[-99.871601,20.251637],[-99.871627,20.251647],[-99.871653,20.251657],[-99.871678,20.251668],[-99.871704,20.251678],[-99.871729,20.251688],[-99.871755,20.251698],[-99.87178,20.251708],[-99.875549,20.25321],[-99.875569,20.253218],[-99.875589,20.253226],[-99.875609,20.253234],[-99.875629,20.253242],[-99.875648,20.25325],[-99.875668,20.253258],[-99.875688,20.253266],[-99.875708,20.253273],[-99.875728,20.253281],[-99.875748,20.253289],[-99.875768,20.253297],[-99.875788,20.253305],[-99.875808,20.253313],[-99.875827,20.253321],[-99.875847,20.253329],[-99.875867,20.253337],[-99.875887,20.253345],[-99.875907,20.253353],[-99.875927,20.253361],[-99.875947,20.253369],[-99.875966,20.253377],[-99.875986,20.253385],[-99.876006,20.253393],[-99.876026,20.253401],[-99.876046,20.253409],[-99.876066,20.253417],[-99.876085,20.253425],[-99.876105,20.253433],[-99.876125,20.253441],[-99.876145,20.253449],[-99.876164,20.253457],[-99.876164,20.253457],[-99.878534,20.254504],[-99.880831,20.255684],[-99.883048,20.256995],[-99.883066,20.257006],[-99.883083,20.257018],[-99.883101,20.257029],[-99.883119,20.25704],[-99.883137,20.257052],[-99.883155,20.257063],[-99.883173,20.257074],[-99.883191,20.257086],[-99.883209,20.257097],[-99.883226,20.257108],[-99.883244,20.25712],[-99.883262,20.257131],[-99.88328,20.257143],[-99.883298,20.257154],[-99.883316,20.257166],[-99.883334,20.257177],[-99.883351,20.257188],[-99.883369,20.2572],[-99.883387,20.257211],[-99.883405,20.257223],[-99.883423,20.257234],[-99.883441,20.257246],[-99.883459,20.257257],[-99.883476,20.257269],[-99.883494,20.25728],[-99.883512,20.257292],[-99.88353,20.257303],[-99.883548,20.257314],[-99.883566,20.257326],[-99.883584,20.257337],[-99.883601,20.257349],[-99.919966,20.280715],[-99.919989,20.280729],[-99.920012,20.280744],[-99.920035,20.280759],[-99.920058,20.280774],[-99.920081,20.280788],[-99.920104,20.280803],[-99.920127,20.280818],[-99.92015,20.280833],[-99.920173,20.280848],[-99.920196,20.280862],[-99.920219,20.280877],[-99.920242,20.280892],[-99.920266,20.280906],[-99.920289,20.280921],[-99.920312,20.280936],[-99.920335,20.280951],[-99.920358,20.280965],[-99.920381,20.28098],[-99.920404,20.280995],[-99.920428,20.281009],[-99.920451,20.281024],[-99.920474,20.281039],[-99.920497,20.281053],[-99.920521,20.281068],[-99.920544,20.281082],[-99.920567,20.281097],[-99.920591,20.281112],[-99.920614,20.281126],[-99.920638,20.281141],[-99.920661,20.281155],[-99.920684,20.281169],[-99.920684,20.281169],[-99.921837,20.281833],[-99.92303,20.282429],[-99.92426,20.282956],[-99.924285,20.282966],[-99.924311,20.282977],[-99.924337,20.282987],[-99.924363,20.282997],[-99.924389,20.283007],[-99.924415,20.283017],[-99.924441,20.283027],[-99.924467,20.283037],[-99.924492,20.283047],[-99.924518,20.283057],[-99.924544,20.283067],[-99.92457,20.283076],[-99.924596,20.283086],[-99.924622,20.283096],[-99.924648,20.283106],[-99.924674,20.283116],[-99.9247,20.283126],[-99.924726,20.283135],[-99.924751,20.283145],[-99.924777,20.283155],[-99.924803,20.283165],[-99.924829,20.283174],[-99.924855,20.283184],[-99.924881,20.283194],[-99.924907,20.283203],[-99.924933,20.283213],[-99.924959,20.283223],[-99.924984,20.283232],[-99.92501,20.283242],[-99.925036,20.283252],[-99.925062,20.283261],[-99.930582,20.28532],[-99.930608,20.28533],[-99.930634,20.285339],[-99.930659,20.285349],[-99.930685,20.285359],[-99.930711,20.285368],[-99.930737,20.285378],[-99.930763,20.285387],[-99.930788,20.285397],[-99.930814,20.285407],[-99.93084,20.285417],[-99.930865,20.285426],[-99.930891,20.285436],[-99.930916,20.285446],[-99.930942,20.285455],[-99.930968,20.285465],[-99.930993,20.285475],[-99.931019,20.285485],[-99.931044,20.285495],[-99.931069,20.285505],[-99.931095,20.285515],[-99.93112,20.285525],[-99.931145,20.285535],[-99.931171,20.285545],[-99.931196,20.285555],[-99.931221,20.285565],[-99.931246,20.285575],[-99.931271,20.285586],[-99.931297,20.285596],[-99.931322,20.285606],[-99.931347,20.285617],[-99.931372,20.285627],[-99.931372,20.285627],[-99.931928,20.285884],[-99.932466,20.286174],[-99.932982,20.286497],[-99.933474,20.286852],[-99.93394,20.287236],[-99.934379,20.287649],[-99.934788,20.288087],[-99.935166,20.288551],[-99.93551,20.289036],[-99.93582,20.289542],[-99.936094,20.290066],[-99.936331,20.290606],[-99.936529,20.29116],[-99.936689,20.291724],[-99.936809,20.292298],[-99.936888,20.292877],[-99.936928,20.29346],[-99.936928,20.293486],[-99.936929,20.293512],[-99.93693,20.293538],[-99.93693,20.293564],[-99.936931,20.293589],[-99.936931,20.293615],[-99.936932,20.293641],[-99.936932,20.293667],[-99.936932,20.293693],[-99.936932,20.293719],[-99.936932,20.293745],[-99.936932,20.293771],[-99.936932,20.293797],[-99.936932,20.293823],[-99.936932,20.293849],[-99.936932,20.293875],[-99.936932,20.293901],[-99.936932,20.293927],[-99.936932,20.293953],[-99.936932,20.293979],[-99.936931,20.294005],[-99.936931,20.294031],[-99.936931,20.294057],[-99.93693,20.294083],[-99.93693,20.294109],[-99.93693,20.294135],[-99.936929,20.294162],[-99.936929,20.294188],[-99.936928,20.294214],[-99.936928,20.29424],[-99.936928,20.294266],[-99.936802,20.302245],[-99.936802,20.30226],[-99.936802,20.302275],[-99.936802,20.302289],[-99.936801,20.302304],[-99.936801,20.302318],[-99.936801,20.302333],[-99.936801,20.302348],[-99.9368,20.302362],[-99.9368,20.302377],[-99.9368,20.302391],[-99.9368,20.302406],[-99.9368,20.302421],[-99.936799,20.302435],[-99.936799,20.30245],[-99.936799,20.302465],[-99.936799,20.302479],[-99.936799,20.302494],[-99.936799,20.302509],[-99.936798,20.302523],[-99.936798,20.302538],[-99.936798,20.302553],[-99.936798,20.302567],[-99.936798,20.302582],[-99.936798,20.302597],[-99.936798,20.302612],[-99.936798,20.302626],[-99.936798,20.302641],[-99.936798,20.302656],[-99.936798,20.302671],[-99.936798,20.302685],[-99.936798,20.3027],[-99.936798,20.3027],[-99.936833,20.303582],[-99.936932,20.30446],[-99.937094,20.305329],[-99.93732,20.306186],[-99.937607,20.307026],[-99.937955,20.307846],[-99.937961,20.307859],[-99.937968,20.307873],[-99.937974,20.307886],[-99.93798,20.3079],[-99.937987,20.307913],[-99.937993,20.307926],[-99.938,20.30794],[-99.938006,20.307953],[-99.938012,20.307967],[-99.938019,20.30798],[-99.938025,20.307993],[-99.938032,20.308007],[-99.938038,20.30802],[-99.938045,20.308034],[-99.938051,20.308047],[-99.938057,20.30806],[-99.938064,20.308074],[-99.93807,20.308087],[-99.938077,20.3081],[-99.938083,20.308114],[-99.93809,20.308127],[-99.938096,20.30814],[-99.938103,20.308153],[-99.938109,20.308167],[-99.938116,20.30818],[-99.938122,20.308193],[-99.938129,20.308206],[-99.938135,20.30822],[-99.938142,20.308233],[-99.938148,20.308246],[-99.938155,20.308259],[-99.942113,20.316339],[-99.942205,20.316549],[-99.942205,20.316549],[-99.942473,20.317126],[-99.942958,20.318117],[-99.943594,20.319415],[-99.943594,20.319415],[-99.943637,20.319502],[-99.943637,20.319502],[-99.943658,20.319546],[-99.943658,20.319546],[-99.943693,20.319618],[-99.943693,20.319618],[-99.94372,20.319676],[-99.94372,20.319676],[-99.943753,20.319745],[-99.943753,20.319745],[-99.94378,20.319805],[-99.94378,20.319805],[-99.94381,20.319873],[-99.94381,20.319873],[-99.943836,20.319935],[-99.943836,20.319935],[-99.943864,20.320002],[-99.943864,20.320002],[-99.943888,20.320065],[-99.943888,20.320065],[-99.943971,20.320308],[-99.944037,20.320556],[-99.944085,20.320807],[-99.944116,20.321061],[-99.944129,20.321316],[-99.944124,20.321571],[-99.944102,20.321826],[-99.944062,20.322079],[-99.944004,20.322328],[-99.943929,20.322574],[-99.943837,20.322814],[-99.943728,20.323048],[-99.943604,20.323275],[-99.943464,20.323494],[-99.943309,20.323703],[-99.943309,20.323703],[-99.943266,20.323756],[-99.943266,20.323756],[-99.943218,20.323813],[-99.943218,20.323813],[-99.943174,20.323864],[-99.943174,20.323864],[-99.943124,20.323921],[-99.943124,20.323921],[-99.943079,20.323971],[-99.943079,20.323971],[-99.943027,20.324028],[-99.943027,20.324028],[-99.942983,20.324076],[-99.942983,20.324076],[-99.942927,20.324135],[-99.942927,20.324135],[-99.942893,20.324171],[-99.942893,20.324171],[-99.942825,20.324243],[-99.941555,20.325577]]}},{"type":"Feature","properties":{},"geometry":{"type":"LineString","coordinates":[[-99.811605,20.23509],[-99.811635,20.235098],[-99.812172,20.235243],[-99.81199,20.235069],[-99.811972,20.235043],[-99.81136,20.234911],[-99.811531,20.23507],[-99.811546,20.235074],[-99.811575,20.235082],[-99.811605,20.23509]]}},{"type":"Feature","properties":{},"geometry":{"type":"LineString","coordinates":[[-99.814931,20.235992],[-99.815195,20.235736],[-99.811972,20.235043],[-99.81199,20.235069],[-99.812172,20.235243],[-99.814931,20.235992]]}},{"type":"Feature","properties":{},"geometry":{"type":"LineString","coordinates":[[-99.815901,20.236254],[-99.815931,20.236262],[-99.815961,20.23627],[-99.81599,20.236277],[-99.81602,20.236285],[-99.81605,20.236293],[-99.81608,20.236301],[-99.81611,20.236309],[-99.81614,20.236316],[-99.81617,20.236324],[-99.8162,20.236332],[-99.81623,20.23634],[-99.81626,20.236347],[-99.81626,20.236347],[-99.816882,20.236499],[-99.816912,20.236506],[-99.816943,20.236512],[-99.816973,20.236519],[-99.817003,20.236526],[-99.817033,20.236533],[-99.817063,20.23654],[-99.817093,20.236547],[-99.817124,20.236554],[-99.817154,20.23656],[-99.817184,20.236567],[-99.817214,20.236574],[-99.817244,20.23658],[-99.817274,20.236587],[-99.817305,20.236594],[-99.817335,20.2366],[-99.817365,20.236607],[-99.817395,20.236614],[-99.817425,20.23662],[-99.817455,20.236627],[-99.817486,20.236633],[-99.817516,20.23664],[-99.817546,20.236647],[-99.817576,20.236653],[-99.817606,20.23666],[-99.817636,20.236666],[-99.817667,20.236673],[-99.817697,20.236679],[-99.817727,20.236686],[-99.817757,20.236692],[-99.817787,20.236699],[-99.817817,20.236705],[-99.818709,20.236897],[-99.81905,20.2366],[-99.817902,20.236353],[-99.817872,20.236346],[-99.817842,20.23634],[-99.817812,20.236333],[-99.817782,20.236327],[-99.817752,20.23632],[-99.817722,20.236314],[-99.817692,20.236307],[-99.817662,20.236301],[-99.817632,20.236294],[-99.817602,20.236288],[-99.817572,20.236281],[-99.817542,20.236275],[-99.817512,20.236268],[-99.817482,20.236262],[-99.817452,20.236255],[-99.817422,20.236248],[-99.817392,20.236242],[-99.817362,20.236235],[-99.817332,20.236229],[-99.817302,20.236222],[-99.817272,20.236215],[-99.817242,20.236209],[-99.817212,20.236202],[-99.817182,20.236195],[-99.817153,20.236189],[-99.817123,20.236182],[-99.817093,20.236175],[-99.817063,20.236168],[-99.817033,20.236161],[-99.817003,20.236154],[-99.816974,20.236148],[-99.816974,20.236148],[-99.81636,20.235998],[-99.81633,20.235991],[-99.8163,20.235983],[-99.816271,20.235976],[-99.816241,20.235968],[-99.816212,20.23596],[-99.816182,20.235953],[-99.816152,20.235945],[-99.816123,20.235937],[-99.816092,20.235929],[-99.815195,20.235736],[-99.814931,20.235992],[-99.815336,20.236102],[-99.815365,20.23611],[-99.815395,20.236118],[-99.815425,20.236126],[-99.815454,20.236134],[-99.815484,20.236142],[-99.815514,20.23615],[-99.815544,20.236158],[-99.815573,20.236166],[-99.815603,20.236174],[-99.815633,20.236182],[-99.815663,20.23619],[-99.815692,20.236198],[-99.815722,20.236206],[-99.815752,20.236214],[-99.815782,20.236222],[-99.815811,20.23623],[-99.815841,20.236238],[-99.815871,20.236246],[-99.815901,20.236254]]}},{"type":"Feature","properties":{},"geometry":{"type":"LineString","coordinates":[[-99.818795,20.236916],[-99.818961,20.236951],[-99.819112,20.236984],[-99.819125,20.236968],[-99.819148,20.236992],[-99.820068,20.23719],[-99.820083,20.23717],[-99.820083,20.23717],[-99.820083,20.23717],[-99.820179,20.237049],[-99.820234,20.236966],[-99.820234,20.236956],[-99.82024,20.236956],[-99.820266,20.236917],[-99.820336,20.236877],[-99.819116,20.236614],[-99.818854,20.236861],[-99.818795,20.236916]]}},{"type":"Feature","properties":{},"geometry":{"type":"LineString","coordinates":[[-99.820195,20.237057],[-99.820163,20.237057],[-99.820163,20.237084],[-99.820196,20.237084],[-99.820195,20.237057]]}},{"type":"Feature","properties":{},"geometry":{"type":"LineString","coordinates":[[-99.818709,20.236897],[-99.818795,20.236916],[-99.818854,20.236861],[-99.819116,20.236614],[-99.81905,20.2366],[-99.818709,20.236897]]}},{"type":"Feature","properties":{},"geometry":{"type":"LineString","coordinates":[[-99.820103,20.237197],[-99.820867,20.237362],[-99.820689,20.237185],[-99.820504,20.237008],[-99.820407,20.236939],[-99.82037,20.236922],[-99.820337,20.236922],[-99.820302,20.236939],[-99.82027,20.236971],[-99.820208,20.237053],[-99.820103,20.237197]]}},{"type":"Feature","properties":{},"geometry":{"type":"LineString","coordinates":[[-99.820805,20.237261],[-99.820917,20.237373],[-99.821788,20.23756],[-99.821927,20.237426],[-99.822091,20.237255],[-99.820416,20.236894],[-99.820443,20.236914],[-99.820501,20.236966],[-99.820631,20.237087],[-99.820805,20.237261]]}},{"type":"Feature","properties":{},"geometry":{"type":"LineString","coordinates":[[-99.820266,20.236917],[-99.820179,20.237049],[-99.820068,20.23719],[-99.820103,20.237197],[-99.820208,20.237053],[-99.82027,20.236971],[-99.820302,20.236939],[-99.820337,20.236922],[-99.82037,20.236922],[-99.820407,20.236939],[-99.820504,20.237008],[-99.820689,20.237185],[-99.820867,20.237362],[-99.820917,20.237373],[-99.820805,20.237261],[-99.820631,20.237087],[-99.820501,20.236966],[-99.820443,20.236914],[-99.820416,20.236894],[-99.820368,20.236884],[-99.820336,20.236877],[-99.820266,20.236917]]}},{"type":"Feature","properties":{},"geometry":{"type":"LineString","coordinates":[[-99.823808,20.237995],[-99.824057,20.237678],[-99.822091,20.237255],[-99.821927,20.237426],[-99.821788,20.23756],[-99.823808,20.237995]]}},{"type":"Feature","properties":{},"geometry":{"type":"LineString","coordinates":[[-99.825771,20.238418],[-99.825672,20.238244],[-99.825303,20.237946],[-99.824057,20.237678],[-99.823808,20.237995],[-99.825771,20.238418]]}},{"type":"Feature","properties":{},"geometry":{"type":"LineString","coordinates":[[-99.825771,20.238418],[-99.826725,20.238623],[-99.826428,20.238383],[-99.826111,20.23812],[-99.825303,20.237946],[-99.825672,20.238244],[-99.825771,20.238418]]}},{"type":"Feature","properties":{},"geometry":{"type":"LineString","coordinates":[[-99.826725,20.238623],[-99.827441,20.238777],[-99.827468,20.238783],[-99.827495,20.238789],[-99.827522,20.238795],[-99.827549,20.238801],[-99.827577,20.238807],[-99.827604,20.238812],[-99.827631,20.238818],[-99.827658,20.238824],[-99.827685,20.23883],[-99.827712,20.238836],[-99.82774,20.238841],[-99.827767,20.238847],[-99.827794,20.238853],[-99.827821,20.238859],[-99.827848,20.238865],[-99.827876,20.23887],[-99.827903,20.238876],[-99.82793,20.238882],[-99.82794,20.238884],[-99.828007,20.238818],[-99.828232,20.238574],[-99.828229,20.238573],[-99.828202,20.238568],[-99.828175,20.238562],[-99.828148,20.238557],[-99.828121,20.238551],[-99.828094,20.238546],[-99.828067,20.23854],[-99.82804,20.238535],[-99.828013,20.238529],[-99.827986,20.238523],[-99.827959,20.238518],[-99.827932,20.238512],[-99.827905,20.238506],[-99.827878,20.2385],[-99.827851,20.238495],[-99.827824,20.238489],[-99.827797,20.238483],[-99.82777,20.238477],[-99.827743,20.238472],[-99.827716,20.238466],[-99.827689,20.23846],[-99.827662,20.238454],[-99.827635,20.238448],[-99.827608,20.238443],[-99.82758,20.238437],[-99.827553,20.238431],[-99.827526,20.238425],[-99.826111,20.23812],[-99.826428,20.238383],[-99.826725,20.238623]]}},{"type":"Feature","properties":{},"geometry":{"type":"LineString","coordinates":[[-99.82794,20.238884],[-99.827957,20.238887],[-99.827984,20.238893],[-99.828012,20.238899],[-99.828039,20.238904],[-99.828066,20.23891],[-99.828094,20.238916],[-99.828121,20.238921],[-99.828148,20.238927],[-99.828176,20.238932],[-99.828203,20.238938],[-99.82823,20.238943],[-99.828258,20.238949],[-99.828285,20.238954],[-99.828285,20.238954],[-99.828971,20.23908],[-99.828998,20.239085],[-99.829026,20.239089],[-99.829054,20.239094],[-99.829081,20.239098],[-99.829109,20.239103],[-99.829136,20.239107],[-99.829164,20.239112],[-99.829191,20.239116],[-99.829219,20.239121],[-99.829246,20.239125],[-99.829274,20.239129],[-99.829301,20.239134],[-99.829329,20.239138],[-99.829356,20.239143],[-99.829384,20.239147],[-99.829411,20.239151],[-99.829439,20.239155],[-99.829466,20.23916],[-99.829494,20.239164],[-99.829521,20.239168],[-99.829549,20.239172],[-99.829576,20.239177],[-99.829604,20.239181],[-99.829631,20.239185],[-99.829659,20.239189],[-99.829686,20.239193],[-99.829714,20.239198],[-99.829741,20.239202],[-99.829769,20.239206],[-99.829796,20.23921],[-99.829824,20.239214],[-99.830058,20.23925],[-99.830131,20.23917],[-99.829793,20.238876],[-99.829381,20.23878],[-99.829365,20.238777],[-99.829338,20.238773],[-99.82931,20.238769],[-99.829283,20.238764],[-99.829256,20.23876],[-99.829229,20.238756],[-99.829201,20.238751],[-99.829174,20.238747],[-99.829147,20.238742],[-99.82912,20.238738],[-99.829093,20.238733],[-99.829066,20.238729],[-99.829038,20.238724],[-99.829038,20.238724],[-99.828364,20.2386],[-99.828337,20.238595],[-99.82831,20.23859],[-99.828283,20.238584],[-99.828256,20.238579],[-99.828232,20.238574],[-99.828007,20.238818],[-99.82794,20.238884]]}},{"type":"Feature","properties":{},"geometry":{"type":"LineString","coordinates":[[-99.830131,20.23917],[-99.830147,20.23916],[-99.830311,20.239288],[-99.830493,20.239316],[-99.830075,20.239011],[-99.830051,20.23904],[-99.829906,20.238914],[-99.829897,20.238899],[-99.829793,20.238876],[-99.830131,20.23917]]}},{"type":"Feature","properties":{},"geometry":{"type":"LineString","coordinates":[[-99.830493,20.239316],[-99.831478,20.239465],[-99.831526,20.239249],[-99.829897,20.238899],[-99.829906,20.238914],[-99.830051,20.23904],[-99.830075,20.239011],[-99.830493,20.239316]]}},{"type":"Feature","properties":{},"geometry":{"type":"LineString","coordinates":[[-99.831478,20.239465],[-99.831556,20.239477],[-99.831602,20.239265],[-99.831526,20.239249],[-99.831478,20.239465]]}},{"type":"Feature","properties":{},"geometry":{"type":"LineString","coordinates":[[-99.831556,20.239477],[-99.831608,20.239485],[-99.831644,20.239274],[-99.831602,20.239265],[-99.831556,20.239477]]}},{"type":"Feature","properties":{},"geometry":{"type":"LineString","coordinates":[[-99.831942,20.239536],[-99.831969,20.23954],[-99.831996,20.239544],[-99.832024,20.239548],[-99.832051,20.239552],[-99.832079,20.239556],[-99.832106,20.239561],[-99.832133,20.239565],[-99.832161,20.239569],[-99.832188,20.239573],[-99.832216,20.239577],[-99.832243,20.239582],[-99.83227,20.239586],[-99.832298,20.23959],[-99.832325,20.239594],[-99.832352,20.239599],[-99.83238,20.239603],[-99.832407,20.239607],[-99.832434,20.239611],[-99.832462,20.239616],[-99.832489,20.23962],[-99.832516,20.239624],[-99.832544,20.239629],[-99.832571,20.239633],[-99.832598,20.239638],[-99.832625,20.239642],[-99.832652,20.239646],[-99.83268,20.239651],[-99.832707,20.239655],[-99.832734,20.23966],[-99.832761,20.239664],[-99.832788,20.239669],[-99.832788,20.239669],[-99.833147,20.239732],[-99.833258,20.239621],[-99.831644,20.239274],[-99.831608,20.239485],[-99.831942,20.239536]]}},{"type":"Feature","properties":{},"geometry":{"type":"LineString","coordinates":[[-99.833638,20.239828],[-99.833665,20.239833],[-99.833692,20.239839],[-99.833719,20.239845],[-99.833746,20.23985],[-99.833773,20.239856],[-99.8338,20.239862],[-99.833827,20.239867],[-99.833854,20.239873],[-99.833881,20.239879],[-99.833908,20.239885],[-99.833935,20.23989],[-99.833962,20.239896],[-99.833989,20.239902],[-99.834016,20.239908],[-99.834043,20.239914],[-99.83407,20.23992],[-99.834096,20.239926],[-99.834123,20.239931],[-99.83415,20.239937],[-99.834177,20.239943],[-99.834179,20.239944],[-99.834124,20.239808],[-99.833258,20.239621],[-99.833147,20.239732],[-99.833147,20.239732],[-99.833638,20.239828]]}},{"type":"Feature","properties":{},"geometry":{"type":"LineString","coordinates":[[-99.834475,20.240009],[-99.835829,20.240311],[-99.835938,20.240198],[-99.834124,20.239808],[-99.834179,20.239944],[-99.834204,20.239949],[-99.834231,20.239955],[-99.834258,20.239961],[-99.834285,20.239967],[-99.834312,20.239973],[-99.834339,20.239979],[-99.834367,20.239985],[-99.834394,20.239991],[-99.834421,20.239997],[-99.834448,20.240003],[-99.834475,20.240009]]}},{"type":"Feature","properties":{},"geometry":{"type":"LineString","coordinates":[[-99.83699,20.24057],[-99.837019,20.24054],[-99.836913,20.240407],[-99.835938,20.240198],[-99.835829,20.240311],[-99.83699,20.24057]]}},{"type":"Feature","properties":{},"geometry":{"type":"LineString","coordinates":[[-99.837079,20.24059],[-99.837019,20.24054],[-99.83699,20.24057],[-99.837079,20.24059]]}},{"type":"Feature","properties":{},"geometry":{"type":"LineString","coordinates":[[-99.839926,20.241224],[-99.840027,20.241077],[-99.836913,20.240407],[-99.837019,20.24054],[-99.837079,20.24059],[-99.839926,20.241224]]}},{"type":"Feature","properties":{},"geometry":{"type":"LineString","coordinates":[[-99.843798,20.242086],[-99.843885,20.241906],[-99.840027,20.241077],[-99.839926,20.241224],[-99.843798,20.242086]]}},{"type":"Feature","properties":{},"geometry":{"type":"LineString","coordinates":[[-99.845068,20.242369],[-99.844618,20.242064],[-99.843885,20.241906],[-99.843798,20.242086],[-99.845068,20.242369]]}},{"type":"Feature","properties":{},"geometry":{"type":"LineString","coordinates":[[-99.848616,20.243202],[-99.848727,20.242996],[-99.848727,20.242996],[-99.848499,20.242938],[-99.848499,20.242938],[-99.846979,20.242575],[-99.846874,20.242773],[-99.846874,20.242773],[-99.848616,20.243202]]}},{"type":"Feature","properties":{},"geometry":{"type":"LineString","coordinates":[[-99.848616,20.243202],[-99.84955,20.243454],[-99.84955,20.243454],[-99.849508,20.243207],[-99.849508,20.243207],[-99.848727,20.242996],[-99.848616,20.243202]]}},{"type":"Feature","properties":{},"geometry":{"type":"LineString","coordinates":[[-99.84955,20.243454],[-99.851203,20.243942],[-99.851203,20.243942],[-99.851223,20.243845],[-99.850934,20.24363],[-99.850934,20.24363],[-99.849508,20.243207],[-99.84955,20.243454]]}},{"type":"Feature","properties":{},"geometry":{"type":"LineString","coordinates":[[-99.851203,20.243942],[-99.851703,20.244099],[-99.851703,20.244099],[-99.851223,20.243845],[-99.851203,20.243942]]}},{"type":"Feature","properties":{},"geometry":{"type":"LineString","coordinates":[[-99.853333,20.244647],[-99.853414,20.244489],[-99.853414,20.244489],[-99.850934,20.24363],[-99.851223,20.243845],[-99.851703,20.244099],[-99.851703,20.244099],[-99.853333,20.244647]]}},{"type":"Feature","properties":{},"geometry":{"type":"LineString","coordinates":[[-99.853333,20.244647],[-99.853418,20.244677],[-99.853418,20.244677],[-99.853499,20.244521],[-99.853499,20.244521],[-99.853414,20.244489],[-99.853333,20.244647]]}},{"type":"Feature","properties":{},"geometry":{"type":"LineString","coordinates":[[-99.854272,20.244987],[-99.854286,20.244992],[-99.854301,20.244998],[-99.854315,20.245003],[-99.854329,20.245008],[-99.854344,20.245014],[-99.854358,20.245019],[-99.854372,20.245024],[-99.854387,20.24503],[-99.854401,20.245035],[-99.854415,20.24504],[-99.85443,20.245046],[-99.854444,20.245051],[-99.854458,20.245056],[-99.854473,20.245062],[-99.854487,20.245067],[-99.854501,20.245073],[-99.854516,20.245078],[-99.85453,20.245083],[-99.854544,20.245089],[-99.854559,20.245094],[-99.854573,20.245099],[-99.854587,20.245105],[-99.854602,20.24511],[-99.854616,20.245116],[-99.85463,20.245121],[-99.854645,20.245126],[-99.854659,20.245132],[-99.854669,20.245136],[-99.854738,20.245001],[-99.853778,20.244629],[-99.853778,20.244629],[-99.853506,20.244524],[-99.853436,20.244684],[-99.853436,20.244684],[-99.854272,20.244987]]}},{"type":"Feature","properties":{},"geometry":{"type":"LineString","coordinates":[[-99.855883,20.245592],[-99.855948,20.24547],[-99.854738,20.245001],[-99.854669,20.245136],[-99.854673,20.245137],[-99.854688,20.245143],[-99.854702,20.245148],[-99.854716,20.245153],[-99.855883,20.245592]]}},{"type":"Feature","properties":{},"geometry":{"type":"LineString","coordinates":[[-99.856794,20.245934],[-99.856856,20.245823],[-99.855948,20.24547],[-99.855883,20.245592],[-99.856794,20.245934]]}},{"type":"Feature","properties":{},"geometry":{"type":"LineString","coordinates":[[-99.858281,20.246493],[-99.858304,20.246384],[-99.856856,20.245823],[-99.856794,20.245934],[-99.858281,20.246493]]}},{"type":"Feature","properties":{},"geometry":{"type":"LineString","coordinates":[[-99.85937,20.246902],[-99.859398,20.246913],[-99.859427,20.246924],[-99.859456,20.246934],[-99.859484,20.246945],[-99.859513,20.246956],[-99.859542,20.246967],[-99.85957,20.246977],[-99.859599,20.246988],[-99.859628,20.246999],[-99.859656,20.24701],[-99.859685,20.247021],[-99.859713,20.247032],[-99.859739,20.247041],[-99.859736,20.24694],[-99.858304,20.246384],[-99.858281,20.246493],[-99.85937,20.246902]]}},{"type":"Feature","properties":{},"geometry":{"type":"LineString","coordinates":[[-99.859739,20.247041],[-99.859742,20.247042],[-99.859771,20.247053],[-99.859797,20.247063],[-99.859793,20.246962],[-99.859736,20.24694],[-99.859739,20.247041]]}},{"type":"Feature","properties":{},"geometry":{"type":"LineString","coordinates":[[-99.85997,20.247129],[-99.859999,20.24714],[-99.860027,20.247151],[-99.860056,20.247162],[-99.860084,20.247173],[-99.860113,20.247184],[-99.860141,20.247195],[-99.860169,20.247207],[-99.860198,20.247218],[-99.860226,20.247229],[-99.860255,20.24724],[-99.860255,20.24724],[-99.860468,20.247325],[-99.860477,20.247301],[-99.860565,20.2473],[-99.860577,20.247266],[-99.859793,20.246962],[-99.859797,20.247063],[-99.859799,20.247064],[-99.859828,20.247075],[-99.859856,20.247086],[-99.859885,20.247097],[-99.859913,20.247108],[-99.859942,20.247118],[-99.85997,20.247129]]}},{"type":"Feature","properties":{},"geometry":{"type":"LineString","coordinates":[[-99.860577,20.247266],[-99.860608,20.247191],[-99.85997,20.246964],[-99.859946,20.247021],[-99.860577,20.247266]]}},{"type":"Feature","properties":{},"geometry":{"type":"LineString","coordinates":[[-99.861308,20.247679],[-99.861336,20.247691],[-99.861364,20.247703],[-99.861392,20.247716],[-99.861419,20.247728],[-99.861447,20.24774],[-99.861475,20.247753],[-99.861503,20.247765],[-99.861529,20.247777],[-99.861498,20.247623],[-99.860577,20.247266],[-99.860565,20.2473],[-99.860477,20.247301],[-99.860468,20.247325],[-99.860468,20.247325],[-99.861308,20.247679]]}},{"type":"Feature","properties":{},"geometry":{"type":"LineString","coordinates":[[-99.861697,20.247853],[-99.861725,20.247865],[-99.861753,20.247878],[-99.86178,20.247891],[-99.861808,20.247903],[-99.861836,20.247916],[-99.861864,20.247929],[-99.861891,20.247941],[-99.861919,20.247954],[-99.861947,20.247967],[-99.861974,20.247979],[-99.862002,20.247992],[-99.86203,20.248005],[-99.862058,20.248017],[-99.862085,20.24803],[-99.862113,20.248043],[-99.862141,20.248056],[-99.86217,20.248069],[-99.862064,20.247842],[-99.861498,20.247623],[-99.861529,20.247777],[-99.86153,20.247778],[-99.861558,20.24779],[-99.861586,20.247803],[-99.861614,20.247815],[-99.861642,20.247828],[-99.861669,20.24784],[-99.861697,20.247853]]}},{"type":"Feature","properties":{},"geometry":{"type":"LineString","coordinates":[[-99.862986,20.248443],[-99.863036,20.24822],[-99.862064,20.247842],[-99.86217,20.248069],[-99.862986,20.248443]]}},{"type":"Feature","properties":{},"geometry":{"type":"LineString","coordinates":[[-99.863467,20.248663],[-99.863495,20.248676],[-99.863523,20.248688],[-99.863551,20.248701],[-99.863579,20.248714],[-99.863607,20.248726],[-99.863635,20.248739],[-99.863663,20.248751],[-99.863691,20.248764],[-99.863719,20.248776],[-99.863747,20.248789],[-99.863775,20.248801],[-99.863803,20.248814],[-99.863831,20.248826],[-99.863859,20.248839],[-99.863859,20.248839],[-99.864318,20.249036],[-99.864251,20.248785],[-99.864256,20.248737],[-99.86429,20.248737],[-99.864325,20.24872],[-99.863036,20.24822],[-99.862986,20.248443],[-99.862994,20.248447],[-99.863021,20.24846],[-99.863049,20.248472],[-99.863077,20.248485],[-99.863105,20.248498],[-99.863132,20.248511],[-99.86316,20.248523],[-99.863188,20.248536],[-99.863216,20.248549],[-99.863244,20.248562],[-99.863272,20.248574],[-99.863299,20.248587],[-99.863327,20.2486],[-99.863355,20.248612],[-99.863383,20.248625],[-99.863411,20.248638],[-99.863439,20.24865],[-99.863467,20.248663]]}},{"type":"Feature","properties":{},"geometry":{"type":"LineString","coordinates":[[-99.864638,20.249168],[-99.864666,20.249179],[-99.864695,20.249191],[-99.864723,20.249202],[-99.864752,20.249214],[-99.86478,20.249225],[-99.864809,20.249237],[-99.864823,20.249242],[-99.865626,20.249224],[-99.864325,20.24872],[-99.86429,20.248737],[-99.864256,20.248737],[-99.864251,20.248785],[-99.864318,20.249036],[-99.864318,20.249036],[-99.864638,20.249168]]}},{"type":"Feature","properties":{},"geometry":{"type":"LineString","coordinates":[[-99.865066,20.249338],[-99.865095,20.24935],[-99.865123,20.249361],[-99.865152,20.249372],[-99.865181,20.249383],[-99.865209,20.249394],[-99.865238,20.249406],[-99.865266,20.249417],[-99.865295,20.249428],[-99.865324,20.249439],[-99.865352,20.24945],[-99.865381,20.249461],[-99.865409,20.249472],[-99.865438,20.249483],[-99.865466,20.249494],[-99.865495,20.249506],[-99.865524,20.249517],[-99.865817,20.249631],[-99.865953,20.249351],[-99.865626,20.249224],[-99.864823,20.249242],[-99.864837,20.249248],[-99.864866,20.249259],[-99.864895,20.249271],[-99.864923,20.249282],[-99.864952,20.249293],[-99.86498,20.249305],[-99.865009,20.249316],[-99.865038,20.249327],[-99.865066,20.249338]]}},{"type":"Feature","properties":{},"geometry":{"type":"LineString","coordinates":[[-99.865817,20.249631],[-99.865877,20.249653],[-99.866015,20.249375],[-99.865953,20.249351],[-99.865817,20.249631]]}},{"type":"Feature","properties":{},"geometry":{"type":"LineString","coordinates":[[-99.865877,20.249653],[-99.866513,20.2499],[-99.866539,20.24991],[-99.866565,20.24992],[-99.866591,20.24993],[-99.866616,20.24994],[-99.866642,20.24995],[-99.866668,20.24996],[-99.866694,20.24997],[-99.866719,20.24998],[-99.866745,20.24999],[-99.866771,20.25],[-99.866797,20.25001],[-99.866823,20.25002],[-99.866848,20.25003],[-99.866874,20.25004],[-99.866896,20.250048],[-99.866954,20.249739],[-99.866015,20.249375],[-99.865877,20.249653]]}},{"type":"Feature","properties":{},"geometry":{"type":"LineString","coordinates":[[-99.866896,20.250048],[-99.8669,20.25005],[-99.866926,20.250059],[-99.866952,20.250069],[-99.866978,20.250079],[-99.867004,20.250089],[-99.86703,20.250099],[-99.867056,20.250109],[-99.867082,20.250118],[-99.867108,20.250128],[-99.867134,20.250138],[-99.86716,20.250148],[-99.867186,20.250157],[-99.867212,20.250167],[-99.867238,20.250176],[-99.867264,20.250186],[-99.86729,20.250196],[-99.867316,20.250205],[-99.867316,20.250205],[-99.867871,20.250397],[-99.867897,20.250406],[-99.867924,20.250415],[-99.867928,20.250416],[-99.867983,20.250424],[-99.868137,20.250198],[-99.866954,20.249739],[-99.866896,20.250048]]}},{"type":"Feature","properties":{},"geometry":{"type":"LineString","coordinates":[[-99.869671,20.250956],[-99.869697,20.250965],[-99.869724,20.250973],[-99.86975,20.250981],[-99.869776,20.250989],[-99.869803,20.250997],[-99.869829,20.251005],[-99.869855,20.251014],[-99.869882,20.251022],[-99.869908,20.25103],[-99.869918,20.251033],[-99.870289,20.251032],[-99.868137,20.250198],[-99.867977,20.250432],[-99.868003,20.250441],[-99.86803,20.250449],[-99.868056,20.250458],[-99.868083,20.250466],[-99.868109,20.250475],[-99.868135,20.250483],[-99.868162,20.250491],[-99.868188,20.2505],[-99.868215,20.250508],[-99.868241,20.250517],[-99.868268,20.250525],[-99.868294,20.250533],[-99.868321,20.250541],[-99.868347,20.25055],[-99.868374,20.250558],[-99.8684,20.250566],[-99.868427,20.250574],[-99.868453,20.250582],[-99.86848,20.250591],[-99.868506,20.250599],[-99.868533,20.250607],[-99.868559,20.250615],[-99.868586,20.250623],[-99.868612,20.250631],[-99.868639,20.250639],[-99.868665,20.250648],[-99.868692,20.250656],[-99.86946,20.250891],[-99.869486,20.2509],[-99.869513,20.250908],[-99.869539,20.250916],[-99.869566,20.250924],[-99.869592,20.250932],[-99.869618,20.25094],[-99.869645,20.250948],[-99.869671,20.250956]]}},{"type":"Feature","properties":{},"geometry":{"type":"LineString","coordinates":[[-99.870117,20.251097],[-99.870143,20.251105],[-99.87017,20.251113],[-99.870196,20.251122],[-99.870222,20.251131],[-99.870248,20.251139],[-99.870274,20.251148],[-99.870274,20.251148],[-99.870391,20.251187],[-99.870765,20.251217],[-99.870289,20.251032],[-99.869918,20.251033],[-99.869934,20.251038],[-99.86996,20.251047],[-99.869987,20.251055],[-99.870013,20.251063],[-99.870039,20.251071],[-99.870065,20.25108],[-99.870091,20.251088],[-99.870117,20.251097]]}},{"type":"Feature","properties":{},"geometry":{"type":"LineString","coordinates":[[-99.870988,20.251399],[-99.871013,20.251409],[-99.871027,20.251414],[-99.87104,20.251358],[-99.870765,20.251217],[-99.870391,20.251187],[-99.870391,20.251187],[-99.870988,20.251399]]}},{"type":"Feature","properties":{},"geometry":{"type":"LineString","coordinates":[[-99.87109,20.251438],[-99.871116,20.251447],[-99.871141,20.251457],[-99.871167,20.251467],[-99.871192,20.251477],[-99.871218,20.251486],[-99.871244,20.251496],[-99.871269,20.251506],[-99.871281,20.251511],[-99.871282,20.25151],[-99.871378,20.251509],[-99.871699,20.251579],[-99.870765,20.251217],[-99.87104,20.251358],[-99.871027,20.251414],[-99.871039,20.251418],[-99.871064,20.251428],[-99.87109,20.251438]]}},{"type":"Feature","properties":{},"geometry":{"type":"LineString","coordinates":[[-99.87178,20.251708],[-99.872428,20.251966],[-99.87247,20.251878],[-99.871699,20.251579],[-99.871378,20.251509],[-99.871282,20.25151],[-99.871281,20.251511],[-99.871295,20.251516],[-99.87132,20.251526],[-99.871346,20.251536],[-99.871371,20.251546],[-99.871397,20.251556],[-99.871422,20.251566],[-99.871448,20.251576],[-99.871474,20.251586],[-99.871499,20.251596],[-99.871525,20.251607],[-99.87155,20.251617],[-99.871576,20.251627],[-99.871601,20.251637],[-99.871627,20.251647],[-99.871653,20.251657],[-99.871678,20.251668],[-99.871704,20.251678],[-99.871729,20.251688],[-99.871755,20.251698],[-99.87178,20.251708]]}},{"type":"Feature","properties":{},"geometry":{"type":"LineString","coordinates":[[-99.873535,20.252407],[-99.873529,20.252386],[-99.873258,20.252183],[-99.87247,20.251878],[-99.872428,20.251966],[-99.873535,20.252407]]}},{"type":"Feature","properties":{},"geometry":{"type":"LineString","coordinates":[[-99.874083,20.252626],[-99.874086,20.252606],[-99.873754,20.252439],[-99.873716,20.252387],[-99.873736,20.252369],[-99.873258,20.252183],[-99.873529,20.252386],[-99.873535,20.252407],[-99.874083,20.252626]]}},{"type":"Feature","properties":{},"geometry":{"type":"LineString","coordinates":[[-99.875054,20.253013],[-99.87516,20.252921],[-99.873736,20.252369],[-99.873716,20.252387],[-99.873754,20.252439],[-99.874086,20.252606],[-99.874083,20.252626],[-99.875054,20.253013]]}},{"type":"Feature","properties":{},"geometry":{"type":"LineString","coordinates":[[-99.875054,20.253013],[-99.87511,20.253035],[-99.875216,20.252942],[-99.87516,20.252921],[-99.875054,20.253013]]}},{"type":"Feature","properties":{},"geometry":{"type":"LineString","coordinates":[[-99.875788,20.253305],[-99.875808,20.253313],[-99.875827,20.253321],[-99.875847,20.253329],[-99.875867,20.253337],[-99.875887,20.253345],[-99.875907,20.253353],[-99.875927,20.253361],[-99.875947,20.253369],[-99.875966,20.253377],[-99.875986,20.253385],[-99.876006,20.253393],[-99.876026,20.253401],[-99.876046,20.253409],[-99.876066,20.253417],[-99.876085,20.253425],[-99.876105,20.253433],[-99.876125,20.253441],[-99.876145,20.253449],[-99.876164,20.253457],[-99.876164,20.253457],[-99.876715,20.253686],[-99.876772,20.253562],[-99.876772,20.253562],[-99.875635,20.253105],[-99.875216,20.252942],[-99.87511,20.253035],[-99.875549,20.25321],[-99.875569,20.253218],[-99.875589,20.253226],[-99.875609,20.253234],[-99.875629,20.253242],[-99.875648,20.25325],[-99.875668,20.253258],[-99.875688,20.253266],[-99.875708,20.253273],[-99.875728,20.253281],[-99.875748,20.253289],[-99.875768,20.253297],[-99.875788,20.253305]]}},{"type":"Feature","properties":{},"geometry":{"type":"LineString","coordinates":[[-99.883048,20.256995],[-99.883066,20.257006],[-99.883139,20.256843],[-99.883139,20.256843],[-99.881082,20.255638],[-99.878958,20.254543],[-99.876772,20.253562],[-99.876715,20.253686],[-99.876715,20.253686],[-99.878891,20.254676],[-99.881004,20.25578],[-99.883048,20.256995]]}},{"type":"Feature","properties":{},"geometry":{"type":"LineString","coordinates":[[-99.876758,20.253676],[-99.876737,20.253676],[-99.876737,20.253703],[-99.876758,20.253703],[-99.876758,20.253676]]}},{"type":"Feature","properties":{},"geometry":{"type":"LineString","coordinates":[[-99.876796,20.253576],[-99.876774,20.253577],[-99.876774,20.253604],[-99.876796,20.253604],[-99.876796,20.253576]]}},{"type":"Feature","properties":{},"geometry":{"type":"LineString","coordinates":[[-99.883109,20.256829],[-99.883087,20.256829],[-99.883087,20.256856],[-99.883109,20.256856],[-99.883109,20.256829]]}},{"type":"Feature","properties":{},"geometry":{"type":"LineString","coordinates":[[-99.883076,20.256965],[-99.883054,20.256965],[-99.883054,20.256992],[-99.883076,20.256992],[-99.883076,20.256965]]}},{"type":"Feature","properties":{},"geometry":{"type":"LineString","coordinates":[[-99.883054,20.256956],[-99.88304,20.256956],[-99.88304,20.256983],[-99.883054,20.256983],[-99.883054,20.256956]]}},{"type":"Feature","properties":{},"geometry":{"type":"LineString","coordinates":[[-99.883101,20.257029],[-99.883119,20.25704],[-99.883137,20.257052],[-99.883155,20.257063],[-99.883173,20.257074],[-99.883191,20.257086],[-99.883209,20.257097],[-99.883226,20.257108],[-99.883244,20.25712],[-99.883262,20.257131],[-99.88328,20.257143],[-99.883298,20.257154],[-99.883316,20.257166],[-99.883334,20.257177],[-99.883351,20.257188],[-99.883369,20.2572],[-99.883387,20.257211],[-99.883405,20.257223],[-99.883423,20.257234],[-99.883441,20.257246],[-99.883459,20.257257],[-99.88347,20.257265],[-99.883587,20.257125],[-99.883587,20.257125],[-99.883139,20.256843],[-99.883066,20.257006],[-99.883083,20.257018],[-99.883101,20.257029]]}},{"type":"Feature","properties":{},"geometry":{"type":"LineString","coordinates":[[-99.884788,20.258112],[-99.884887,20.257961],[-99.883701,20.257198],[-99.883701,20.257198],[-99.883587,20.257125],[-99.88347,20.257265],[-99.883476,20.257269],[-99.883494,20.25728],[-99.883512,20.257292],[-99.88353,20.257303],[-99.883548,20.257314],[-99.883566,20.257326],[-99.883584,20.257337],[-99.883601,20.257349],[-99.884788,20.258112]]}},{"type":"Feature","properties":{},"geometry":{"type":"LineString","coordinates":[[-99.885636,20.258657],[-99.885748,20.258514],[-99.884887,20.257961],[-99.884788,20.258112],[-99.885636,20.258657]]}},{"type":"Feature","properties":{},"geometry":{"type":"LineString","coordinates":[[-99.8868,20.259405],[-99.886951,20.259288],[-99.885748,20.258514],[-99.885636,20.258657],[-99.8868,20.259405]]}},{"type":"Feature","properties":{},"geometry":{"type":"LineString","coordinates":[[-99.891299,20.262296],[-99.891483,20.262217],[-99.891491,20.262205],[-99.886951,20.259288],[-99.8868,20.259405],[-99.891299,20.262296]]}},{"type":"Feature","properties":{},"geometry":{"type":"LineString","coordinates":[[-99.8913,20.262256],[-99.891277,20.262256],[-99.891277,20.262283],[-99.8913,20.262283],[-99.8913,20.262256]]}},{"type":"Feature","properties":{},"geometry":{"type":"LineString","coordinates":[[-99.891454,20.262198],[-99.891433,20.262198],[-99.891433,20.262225],[-99.891454,20.262225],[-99.891454,20.262198]]}},{"type":"Feature","properties":{},"geometry":{"type":"LineString","coordinates":[[-99.886955,20.259319],[-99.886941,20.259319],[-99.886941,20.259346],[-99.886955,20.259346],[-99.886955,20.259319]]}},{"type":"Feature","properties":{},"geometry":{"type":"LineString","coordinates":[[-99.894313,20.264233],[-99.894418,20.264086],[-99.891498,20.26221],[-99.891299,20.262296],[-99.894313,20.264233]]}},{"type":"Feature","properties":{},"geometry":{"type":"LineString","coordinates":[[-99.891367,20.262281],[-99.891345,20.262281],[-99.891345,20.262308],[-99.891367,20.262308],[-99.891367,20.262281]]}},{"type":"Feature","properties":{},"geometry":{"type":"LineString","coordinates":[[-99.891502,20.262227],[-99.89148,20.262227],[-99.89148,20.262254],[-99.891503,20.262254],[-99.891502,20.262227]]}},{"type":"Feature","properties":{},"geometry":{"type":"LineString","coordinates":[[-99.894313,20.264233],[-99.894378,20.264275],[-99.894483,20.264128],[-99.894418,20.264086],[-99.894313,20.264233]]}},{"type":"Feature","properties":{},"geometry":{"type":"LineString","coordinates":[[-99.910205,20.274444],[-99.910437,20.274387],[-99.910218,20.274246],[-99.908723,20.273286],[-99.908393,20.273074],[-99.907469,20.272479],[-99.906781,20.272035],[-99.905443,20.271175],[-99.904279,20.270424],[-99.899508,20.267357],[-99.894483,20.264128],[-99.894378,20.264275],[-99.910205,20.274444]]}},{"type":"Feature","properties":{},"geometry":{"type":"LineString","coordinates":[[-99.910727,20.27478],[-99.910791,20.274614],[-99.910437,20.274387],[-99.910205,20.274444],[-99.910727,20.27478]]}},{"type":"Feature","properties":{},"geometry":{"type":"LineString","coordinates":[[-99.912114,20.275671],[-99.91248,20.275765],[-99.912537,20.275658],[-99.912537,20.275658],[-99.912116,20.275438],[-99.912116,20.275438],[-99.911652,20.275163],[-99.910944,20.274713],[-99.910791,20.274614],[-99.910727,20.27478],[-99.912114,20.275671]]}},{"type":"Feature","properties":{},"geometry":{"type":"LineString","coordinates":[[-99.912619,20.275995],[-99.912638,20.275937],[-99.91248,20.275765],[-99.912114,20.275671],[-99.912619,20.275995]]}},{"type":"Feature","properties":{},"geometry":{"type":"LineString","coordinates":[[-99.913815,20.276572],[-99.913805,20.276696],[-99.91379,20.276747],[-99.91385,20.276786],[-99.913945,20.276526],[-99.913944,20.276462],[-99.913969,20.276425],[-99.913242,20.275958],[-99.913242,20.275958],[-99.912886,20.275816],[-99.912537,20.275658],[-99.91248,20.275765],[-99.912638,20.275937],[-99.913815,20.276572]]}},{"type":"Feature","properties":{},"geometry":{"type":"LineString","coordinates":[[-99.913026,20.276256],[-99.913069,20.27617],[-99.912638,20.275937],[-99.912619,20.275995],[-99.913026,20.276256]]}},{"type":"Feature","properties":{},"geometry":{"type":"LineString","coordinates":[[-99.91379,20.276747],[-99.913805,20.276696],[-99.913815,20.276572],[-99.913069,20.27617],[-99.913026,20.276256],[-99.91379,20.276747]]}},{"type":"Feature","properties":{},"geometry":{"type":"LineString","coordinates":[[-99.914725,20.276996],[-99.914756,20.276931],[-99.913969,20.276425],[-99.913944,20.276462],[-99.913945,20.276526],[-99.914725,20.276996]]}},{"type":"Feature","properties":{},"geometry":{"type":"LineString","coordinates":[[-99.91385,20.276786],[-99.914608,20.277273],[-99.914725,20.276996],[-99.913945,20.276526],[-99.91385,20.276786]]}},{"type":"Feature","properties":{},"geometry":{"type":"LineString","coordinates":[[-99.917197,20.278936],[-99.917379,20.278616],[-99.914756,20.276931],[-99.914725,20.276996],[-99.914608,20.277273],[-99.917197,20.278936]]}},{"type":"Feature","properties":{},"geometry":{"type":"LineString","coordinates":[[-99.919805,20.280611],[-99.919838,20.280195],[-99.918541,20.279362],[-99.918162,20.279556],[-99.919805,20.280611]]}},{"type":"Feature","properties":{},"geometry":{"type":"LineString","coordinates":[[-99.919879,20.280658],[-99.919966,20.280715],[-99.919989,20.280729],[-99.920012,20.280744],[-99.920035,20.280759],[-99.920058,20.280774],[-99.920081,20.280788],[-99.920104,20.280803],[-99.920127,20.280818],[-99.92015,20.280833],[-99.920173,20.280848],[-99.920196,20.280862],[-99.920219,20.280877],[-99.920242,20.280892],[-99.920266,20.280906],[-99.920289,20.280921],[-99.920312,20.280936],[-99.920326,20.280945],[-99.920499,20.280856],[-99.920726,20.280763],[-99.92071,20.280752],[-99.920687,20.280738],[-99.920664,20.280724],[-99.920641,20.280709],[-99.920618,20.280695],[-99.920595,20.28068],[-99.920572,20.280665],[-99.920549,20.280651],[-99.920526,20.280636],[-99.920503,20.280622],[-99.92048,20.280607],[-99.920457,20.280592],[-99.920434,20.280578],[-99.920411,20.280563],[-99.920388,20.280548],[-99.920365,20.280534],[-99.920342,20.280519],[-99.92032,20.280504],[-99.920297,20.28049],[-99.920274,20.280475],[-99.920251,20.28046],[-99.920228,20.280445],[-99.920205,20.280431],[-99.920182,20.280416],[-99.919838,20.280195],[-99.919816,20.280477],[-99.919879,20.280658]]}},{"type":"Feature","properties":{},"geometry":{"type":"LineString","coordinates":[[-99.919805,20.280611],[-99.919879,20.280658],[-99.919816,20.280477],[-99.919805,20.280611]]}},{"type":"Feature","properties":{},"geometry":{"type":"LineString","coordinates":[[-99.921796,20.281811],[-99.921886,20.281742],[-99.922086,20.281612],[-99.922117,20.281567],[-99.922117,20.281567],[-99.920894,20.280867],[-99.920871,20.280853],[-99.920848,20.280838],[-99.920825,20.280824],[-99.920802,20.28081],[-99.920779,20.280796],[-99.920756,20.280781],[-99.920726,20.280763],[-99.920499,20.280856],[-99.920326,20.280945],[-99.920335,20.280951],[-99.920358,20.280965],[-99.920381,20.28098],[-99.920404,20.280995],[-99.920428,20.281009],[-99.920451,20.281024],[-99.920474,20.281039],[-99.920497,20.281053],[-99.920521,20.281068],[-99.920544,20.281082],[-99.920567,20.281097],[-99.920591,20.281112],[-99.920614,20.281126],[-99.920638,20.281141],[-99.920661,20.281155],[-99.920684,20.281169],[-99.920684,20.281169],[-99.921796,20.281811]]}},{"type":"Feature","properties":{},"geometry":{"type":"LineString","coordinates":[[-99.921796,20.281811],[-99.922279,20.282064],[-99.922279,20.282064],[-99.922688,20.28186],[-99.922688,20.28186],[-99.922117,20.281567],[-99.922086,20.281612],[-99.921886,20.281742],[-99.921796,20.281811]]}},{"type":"Feature","properties":{},"geometry":{"type":"LineString","coordinates":[[-99.923133,20.282477],[-99.923377,20.282186],[-99.923377,20.282186],[-99.922688,20.28186],[-99.922279,20.282064],[-99.922279,20.282064],[-99.923133,20.282477]]}},{"type":"Feature","properties":{},"geometry":{"type":"LineString","coordinates":[[-99.923133,20.282477],[-99.923199,20.282507],[-99.923199,20.282507],[-99.923436,20.282213],[-99.923436,20.282213],[-99.923377,20.282186],[-99.923133,20.282477]]}},{"type":"Feature","properties":{},"geometry":{"type":"LineString","coordinates":[[-99.923199,20.282507],[-99.923748,20.282747],[-99.923748,20.282747],[-99.923844,20.282392],[-99.923844,20.282392],[-99.923436,20.282213],[-99.923199,20.282507]]}},{"type":"Feature","properties":{},"geometry":{"type":"LineString","coordinates":[[-99.923748,20.282747],[-99.92426,20.282956],[-99.92426,20.282956],[-99.924285,20.282966],[-99.924311,20.282977],[-99.924337,20.282987],[-99.924363,20.282997],[-99.924389,20.283007],[-99.924415,20.283017],[-99.924441,20.283027],[-99.924467,20.283037],[-99.924492,20.283047],[-99.924518,20.283057],[-99.924522,20.283058],[-99.924502,20.28266],[-99.924484,20.282653],[-99.924458,20.282643],[-99.924433,20.282633],[-99.924407,20.282623],[-99.924407,20.282623],[-99.923844,20.282392],[-99.923748,20.282747]]}},{"type":"Feature","properties":{},"geometry":{"type":"LineString","coordinates":[[-99.926811,20.283913],[-99.926794,20.283519],[-99.925203,20.282925],[-99.925177,20.282915],[-99.925151,20.282906],[-99.925125,20.282896],[-99.9251,20.282887],[-99.925074,20.282877],[-99.925048,20.282867],[-99.925022,20.282858],[-99.924996,20.282848],[-99.924971,20.282838],[-99.924945,20.282829],[-99.924919,20.282819],[-99.924893,20.282809],[-99.924868,20.2828],[-99.924842,20.28279],[-99.924816,20.28278],[-99.924791,20.282771],[-99.924765,20.282761],[-99.924739,20.282751],[-99.924714,20.282741],[-99.924688,20.282732],[-99.924662,20.282722],[-99.924637,20.282712],[-99.924611,20.282702],[-99.924586,20.282692],[-99.92456,20.282682],[-99.924535,20.282673],[-99.924502,20.28266],[-99.924522,20.283058],[-99.924544,20.283067],[-99.92457,20.283076],[-99.924596,20.283086],[-99.924622,20.283096],[-99.924648,20.283106],[-99.924674,20.283116],[-99.9247,20.283126],[-99.924726,20.283135],[-99.924751,20.283145],[-99.924777,20.283155],[-99.924803,20.283165],[-99.924829,20.283174],[-99.924855,20.283184],[-99.924881,20.283194],[-99.924907,20.283203],[-99.924933,20.283213],[-99.924959,20.283223],[-99.924984,20.283232],[-99.92501,20.283242],[-99.925036,20.283252],[-99.925062,20.283261],[-99.926811,20.283913]]}},{"type":"Feature","properties":{},"geometry":{"type":"LineString","coordinates":[[-99.928748,20.284636],[-99.929502,20.284606],[-99.929459,20.284512],[-99.926794,20.283519],[-99.926811,20.283913],[-99.928748,20.284636]]}},{"type":"Feature","properties":{},"geometry":{"type":"LineString","coordinates":[[-99.930138,20.285154],[-99.930084,20.284746],[-99.929688,20.284598],[-99.928748,20.284636],[-99.930138,20.285154]]}},{"type":"Feature","properties":{},"geometry":{"type":"LineString","coordinates":[[-99.930608,20.28533],[-99.930634,20.285339],[-99.930659,20.285349],[-99.930685,20.285359],[-99.930711,20.285368],[-99.930737,20.285378],[-99.930763,20.285387],[-99.930788,20.285397],[-99.930814,20.285407],[-99.93084,20.285417],[-99.930865,20.285426],[-99.930891,20.285436],[-99.930916,20.285446],[-99.930942,20.285455],[-99.930968,20.285465],[-99.930993,20.285475],[-99.931019,20.285485],[-99.931044,20.285495],[-99.931069,20.285505],[-99.931095,20.285515],[-99.93112,20.285525],[-99.931145,20.285535],[-99.931171,20.285545],[-99.931196,20.285555],[-99.931221,20.285565],[-99.931246,20.285575],[-99.931271,20.285586],[-99.931297,20.285596],[-99.931322,20.285606],[-99.931347,20.285617],[-99.931372,20.285627],[-99.931372,20.285627],[-99.931714,20.28578],[-99.931667,20.285357],[-99.931667,20.285357],[-99.931528,20.285298],[-99.931502,20.285287],[-99.931476,20.285276],[-99.93145,20.285265],[-99.931424,20.285254],[-99.931398,20.285244],[-99.931372,20.285233],[-99.931346,20.285223],[-99.93132,20.285212],[-99.931294,20.285202],[-99.931268,20.285191],[-99.931242,20.285181],[-99.931216,20.285171],[-99.93119,20.285161],[-99.931164,20.285151],[-99.931138,20.285141],[-99.931112,20.285131],[-99.931086,20.285121],[-99.93106,20.285111],[-99.931034,20.285101],[-99.931008,20.285091],[-99.930982,20.285081],[-99.930956,20.285071],[-99.93093,20.285061],[-99.930904,20.285052],[-99.930878,20.285042],[-99.930852,20.285032],[-99.930826,20.285022],[-99.9308,20.285013],[-99.930774,20.285003],[-99.930749,20.284993],[-99.930723,20.284984],[-99.930084,20.284746],[-99.930138,20.285154],[-99.930582,20.28532],[-99.930608,20.28533]]}},{"type":"Feature","properties":{},"geometry":{"type":"LineString","coordinates":[[-99.931714,20.28578],[-99.932068,20.285955],[-99.932068,20.285955],[-99.932002,20.285512],[-99.932002,20.285512],[-99.931667,20.285357],[-99.931714,20.28578]]}},{"type":"Feature","properties":{},"geometry":{"type":"LineString","coordinates":[[-99.932599,20.286253],[-99.933223,20.286216],[-99.933223,20.286216],[-99.932828,20.285963],[-99.932421,20.285728],[-99.932002,20.285512],[-99.932068,20.285955],[-99.932068,20.285955],[-99.932599,20.286253]]}},{"type":"Feature","properties":{},"geometry":{"type":"LineString","coordinates":[[-99.932885,20.286433],[-99.932878,20.286237],[-99.932599,20.286253],[-99.932599,20.286253],[-99.932885,20.286433]]}},{"type":"Feature","properties":{},"geometry":{"type":"LineString","coordinates":[[-99.933766,20.287087],[-99.934362,20.287116],[-99.934362,20.287116],[-99.933998,20.286798],[-99.933618,20.286498],[-99.933223,20.286216],[-99.932878,20.286237],[-99.932885,20.286433],[-99.932885,20.286433],[-99.933336,20.286748],[-99.933766,20.287087]]}},{"type":"Feature","properties":{},"geometry":{"type":"LineString","coordinates":[[-99.935594,20.289166],[-99.93583,20.289168],[-99.935828,20.288834],[-99.935828,20.288834],[-99.935503,20.288374],[-99.935149,20.287934],[-99.934769,20.287514],[-99.934362,20.287116],[-99.933766,20.287087],[-99.933766,20.287087],[-99.934184,20.287459],[-99.934578,20.287854],[-99.934945,20.288272],[-99.935284,20.28871],[-99.935594,20.289166]]}},{"type":"Feature","properties":{},"geometry":{"type":"LineString","coordinates":[[-99.935864,20.28962],[-99.93583,20.289168],[-99.935594,20.289166],[-99.935594,20.289166],[-99.935864,20.28962]]}},{"type":"Feature","properties":{},"geometry":{"type":"LineString","coordinates":[[-99.936358,20.290675],[-99.936758,20.290656],[-99.936758,20.290656],[-99.936548,20.290143],[-99.936306,20.289643],[-99.936033,20.289158],[-99.93583,20.289168],[-99.935864,20.28962],[-99.935864,20.28962],[-99.936129,20.29014],[-99.936358,20.290675]]}},{"type":"Feature","properties":{},"geometry":{"type":"LineString","coordinates":[[-99.936729,20.291895],[-99.937112,20.29186],[-99.937112,20.29186],[-99.936957,20.291252],[-99.936758,20.290656],[-99.936358,20.290675],[-99.936358,20.290675],[-99.936502,20.291076],[-99.936626,20.291483],[-99.936729,20.291895]]}},{"type":"Feature","properties":{},"geometry":{"type":"LineString","coordinates":[[-99.936823,20.292383],[-99.937205,20.292351],[-99.937205,20.292351],[-99.937112,20.29186],[-99.936729,20.291895],[-99.936729,20.291895],[-99.936823,20.292383]]}},{"type":"Feature","properties":{},"geometry":{"type":"LineString","coordinates":[[-99.936914,20.293181],[-99.937298,20.293179],[-99.937298,20.293179],[-99.937261,20.292764],[-99.937205,20.292351],[-99.936823,20.292383],[-99.936823,20.292383],[-99.936878,20.292781],[-99.936914,20.293181]]}},{"type":"Feature","properties":{},"geometry":{"type":"LineString","coordinates":[[-99.936931,20.293615],[-99.936932,20.293641],[-99.936932,20.293667],[-99.936932,20.293693],[-99.936932,20.293719],[-99.936932,20.293745],[-99.936932,20.293771],[-99.936932,20.293797],[-99.936932,20.293823],[-99.936932,20.293849],[-99.936932,20.293875],[-99.936932,20.293901],[-99.936932,20.293927],[-99.936932,20.293953],[-99.936932,20.293979],[-99.936931,20.294005],[-99.936931,20.294031],[-99.936931,20.294057],[-99.93693,20.294083],[-99.93693,20.294109],[-99.93693,20.294135],[-99.936929,20.294162],[-99.936929,20.294188],[-99.936928,20.294214],[-99.936928,20.29424],[-99.936928,20.294254],[-99.937311,20.29424],[-99.937311,20.294219],[-99.937312,20.294193],[-99.937312,20.294167],[-99.937313,20.29414],[-99.937313,20.294114],[-99.937313,20.294088],[-99.937314,20.294061],[-99.937314,20.294035],[-99.937314,20.294008],[-99.937315,20.293982],[-99.937315,20.293956],[-99.937315,20.293929],[-99.937315,20.293903],[-99.937315,20.293876],[-99.937315,20.29385],[-99.937316,20.293823],[-99.937316,20.293797],[-99.937316,20.29377],[-99.937315,20.293743],[-99.937315,20.293717],[-99.937315,20.29369],[-99.937315,20.293663],[-99.937315,20.293637],[-99.937314,20.29361],[-99.937314,20.293583],[-99.937313,20.293557],[-99.937313,20.29353],[-99.937312,20.293503],[-99.937311,20.293476],[-99.93731,20.29345],[-99.93731,20.29345],[-99.937298,20.293179],[-99.936914,20.293182],[-99.936914,20.293182],[-99.936928,20.29346],[-99.936928,20.293486],[-99.936929,20.293512],[-99.93693,20.293538],[-99.93693,20.293564],[-99.936931,20.293589],[-99.936931,20.293615]]}},{"type":"Feature","properties":{},"geometry":{"type":"LineString","coordinates":[[-99.936893,20.296459],[-99.93708,20.296476],[-99.93703,20.29425],[-99.936928,20.294254],[-99.936928,20.294266],[-99.936893,20.296459]]}},{"type":"Feature","properties":{},"geometry":{"type":"LineString","coordinates":[[-99.937102,20.297464],[-99.937261,20.297453],[-99.937311,20.294272],[-99.937311,20.294245],[-99.937311,20.29424],[-99.93703,20.29425],[-99.937102,20.297464]]}},{"type":"Feature","properties":{},"geometry":{"type":"LineString","coordinates":[[-99.936877,20.297474],[-99.937102,20.297464],[-99.93708,20.296476],[-99.936893,20.296459],[-99.936877,20.297474]]}},{"type":"Feature","properties":{},"geometry":{"type":"LineString","coordinates":[[-99.936839,20.299928],[-99.937222,20.29991],[-99.937261,20.297453],[-99.937102,20.297464],[-99.936877,20.297474],[-99.936839,20.299928]]}},{"type":"Feature","properties":{},"geometry":{"type":"LineString","coordinates":[[-99.936834,20.300194],[-99.937026,20.300192],[-99.937218,20.300168],[-99.937222,20.29991],[-99.936839,20.299928],[-99.936834,20.300194]]}},{"type":"Feature","properties":{},"geometry":{"type":"LineString","coordinates":[[-99.936821,20.301066],[-99.936845,20.301098],[-99.937205,20.300964],[-99.937218,20.300168],[-99.937026,20.300192],[-99.936834,20.300194],[-99.936821,20.301066]]}},{"type":"Feature","properties":{},"geometry":{"type":"LineString","coordinates":[[-99.937196,20.301542],[-99.937205,20.300964],[-99.936845,20.301098],[-99.937196,20.301542]]}},{"type":"Feature","properties":{},"geometry":{"type":"LineString","coordinates":[[-99.936802,20.302245],[-99.936802,20.30226],[-99.936802,20.302275],[-99.936802,20.302289],[-99.936801,20.302304],[-99.936801,20.302318],[-99.936801,20.302333],[-99.936801,20.302348],[-99.9368,20.302362],[-99.9368,20.302377],[-99.9368,20.302391],[-99.9368,20.302406],[-99.9368,20.302421],[-99.936799,20.302435],[-99.936799,20.30245],[-99.936799,20.302465],[-99.936799,20.302479],[-99.936799,20.302494],[-99.936799,20.302509],[-99.936798,20.302523],[-99.936798,20.302538],[-99.936798,20.302553],[-99.936798,20.302567],[-99.936798,20.302582],[-99.936798,20.302597],[-99.936798,20.302612],[-99.936798,20.302626],[-99.936798,20.302641],[-99.936798,20.302656],[-99.936798,20.302671],[-99.936798,20.302685],[-99.936798,20.3027],[-99.936798,20.3027],[-99.936802,20.302969],[-99.937182,20.302793],[-99.937182,20.302793],[-99.937181,20.302699],[-99.937181,20.302685],[-99.937181,20.30267],[-99.937181,20.302656],[-99.937181,20.302642],[-99.937181,20.302627],[-99.937181,20.302613],[-99.937181,20.302598],[-99.937181,20.302584],[-99.937181,20.30257],[-99.937181,20.302555],[-99.937181,20.302541],[-99.937182,20.302526],[-99.937182,20.302512],[-99.937182,20.302498],[-99.937182,20.302483],[-99.937182,20.302469],[-99.937182,20.302454],[-99.937182,20.30244],[-99.937183,20.302425],[-99.937183,20.302411],[-99.937183,20.302396],[-99.937183,20.302382],[-99.937183,20.302367],[-99.937184,20.302353],[-99.937184,20.302338],[-99.937184,20.302324],[-99.937184,20.302309],[-99.937185,20.302294],[-99.937185,20.30228],[-99.937185,20.302265],[-99.937185,20.302251],[-99.937196,20.301542],[-99.936845,20.301098],[-99.93682,20.301098],[-99.936802,20.302245]]}},{"type":"Feature","properties":{},"geometry":{"type":"LineString","coordinates":[[-99.936822,20.303422],[-99.937085,20.303335],[-99.937197,20.303271],[-99.937197,20.303271],[-99.937182,20.302793],[-99.936802,20.302969],[-99.936802,20.302969],[-99.936822,20.303422]]}},{"type":"Feature","properties":{},"geometry":{"type":"LineString","coordinates":[[-99.937219,20.303613],[-99.937197,20.303271],[-99.937197,20.303271],[-99.937085,20.303335],[-99.936822,20.303422],[-99.937219,20.303613]]}},{"type":"Feature","properties":{},"geometry":{"type":"LineString","coordinates":[[-99.937069,20.305215],[-99.937141,20.304891],[-99.937266,20.304868],[-99.937264,20.304634],[-99.937345,20.304621],[-99.937345,20.304621],[-99.937271,20.304118],[-99.937219,20.303613],[-99.936822,20.303422],[-99.936822,20.303422],[-99.936874,20.304023],[-99.936957,20.304621],[-99.937069,20.305215]]}},{"type":"Feature","properties":{},"geometry":{"type":"LineString","coordinates":[[-99.937431,20.306535],[-99.93775,20.306284],[-99.93775,20.306284],[-99.937517,20.305459],[-99.937345,20.304621],[-99.937264,20.304634],[-99.937266,20.304868],[-99.937141,20.304891],[-99.937069,20.305215],[-99.937069,20.305215],[-99.937232,20.305879],[-99.937431,20.306535]]}},{"type":"Feature","properties":{},"geometry":{"type":"LineString","coordinates":[[-99.937489,20.306702],[-99.937606,20.307023],[-99.937606,20.307023],[-99.937919,20.306774],[-99.937919,20.306774],[-99.937805,20.306452],[-99.937805,20.306452],[-99.93775,20.306284],[-99.937431,20.306535],[-99.937431,20.306535],[-99.937489,20.306702]]}},{"type":"Feature","properties":{},"geometry":{"type":"LineString","coordinates":[[-99.939017,20.309294],[-99.939149,20.309428],[-99.938502,20.308108],[-99.938496,20.308095],[-99.938489,20.308081],[-99.938483,20.308068],[-99.938477,20.308055],[-99.93847,20.308042],[-99.938464,20.308029],[-99.938457,20.308015],[-99.938451,20.308002],[-99.938444,20.307989],[-99.938438,20.307976],[-99.938431,20.307963],[-99.938425,20.30795],[-99.938419,20.307936],[-99.938412,20.307923],[-99.938406,20.30791],[-99.9384,20.307897],[-99.938393,20.307884],[-99.938387,20.307871],[-99.938381,20.307858],[-99.938374,20.307844],[-99.938368,20.307831],[-99.938362,20.307818],[-99.938355,20.307805],[-99.938349,20.307792],[-99.938343,20.307779],[-99.938337,20.307766],[-99.93833,20.307752],[-99.938324,20.307739],[-99.938318,20.307726],[-99.938312,20.307713],[-99.938306,20.3077],[-99.938306,20.3077],[-99.938103,20.307241],[-99.937919,20.306774],[-99.937606,20.307023],[-99.937606,20.307023],[-99.937955,20.307846],[-99.937961,20.307859],[-99.937968,20.307873],[-99.937974,20.307886],[-99.93798,20.3079],[-99.937987,20.307913],[-99.937993,20.307926],[-99.938,20.30794],[-99.938006,20.307953],[-99.938012,20.307967],[-99.938019,20.30798],[-99.938025,20.307993],[-99.938032,20.308007],[-99.938038,20.30802],[-99.938045,20.308034],[-99.938051,20.308047],[-99.938057,20.30806],[-99.938064,20.308074],[-99.93807,20.308087],[-99.938077,20.3081],[-99.938083,20.308114],[-99.93809,20.308127],[-99.938096,20.30814],[-99.938103,20.308153],[-99.938109,20.308167],[-99.938116,20.30818],[-99.938122,20.308193],[-99.938129,20.308206],[-99.938135,20.30822],[-99.938142,20.308233],[-99.938148,20.308246],[-99.938155,20.308259],[-99.938218,20.308389],[-99.939017,20.309294]]}},{"type":"Feature","properties":{},"geometry":{"type":"LineString","coordinates":[[-99.938729,20.309431],[-99.939017,20.309294],[-99.938218,20.308389],[-99.938729,20.309431]]}},{"type":"Feature","properties":{},"geometry":{"type":"LineString","coordinates":[[-99.939102,20.310192],[-99.939454,20.310049],[-99.939149,20.309428],[-99.939017,20.309294],[-99.938729,20.309431],[-99.939102,20.310192]]}},{"type":"Feature","properties":{},"geometry":{"type":"LineString","coordinates":[[-99.939476,20.310955],[-99.939896,20.310953],[-99.939454,20.310049],[-99.939102,20.310192],[-99.939476,20.310955]]}},{"type":"Feature","properties":{},"geometry":{"type":"LineString","coordinates":[[-99.939996,20.312018],[-99.94043,20.312042],[-99.939896,20.310953],[-99.939476,20.310955],[-99.939996,20.312018]]}},{"type":"Feature","properties":{},"geometry":{"type":"LineString","coordinates":[[-99.940301,20.312639],[-99.940735,20.312665],[-99.94043,20.312042],[-99.939996,20.312018],[-99.940301,20.312639]]}},{"type":"Feature","properties":{},"geometry":{"type":"LineString","coordinates":[[-99.941383,20.314848],[-99.941626,20.314697],[-99.9417,20.314635],[-99.940735,20.312665],[-99.940301,20.312639],[-99.941383,20.314848]]}},{"type":"Feature","properties":{},"geometry":{"type":"LineString","coordinates":[[-99.941642,20.315377],[-99.942122,20.315495],[-99.9417,20.314635],[-99.941626,20.314697],[-99.941383,20.314848],[-99.941642,20.315377]]}},{"type":"Feature","properties":{},"geometry":{"type":"LineString","coordinates":[[-99.942473,20.317126],[-99.942958,20.318117],[-99.943594,20.319415],[-99.943594,20.319415],[-99.943637,20.319502],[-99.943637,20.319502],[-99.943658,20.319546],[-99.943658,20.319546],[-99.943693,20.319618],[-99.943693,20.319618],[-99.94372,20.319676],[-99.94372,20.319676],[-99.943753,20.319745],[-99.943753,20.319745],[-99.94378,20.319805],[-99.94378,20.319805],[-99.94381,20.319873],[-99.94381,20.319873],[-99.943836,20.319935],[-99.943836,20.319935],[-99.943864,20.320002],[-99.943864,20.320002],[-99.943888,20.320065],[-99.943888,20.320065],[-99.943972,20.320311],[-99.944039,20.320562],[-99.944087,20.320817],[-99.944117,20.321074],[-99.944129,20.321333],[-99.944123,20.321592],[-99.944099,20.32185],[-99.944056,20.322106],[-99.944337,20.322551],[-99.944337,20.322551],[-99.944413,20.322265],[-99.944468,20.321975],[-99.944501,20.321682],[-99.944513,20.321388],[-99.944503,20.321093],[-99.944471,20.3208],[-99.944418,20.32051],[-99.944344,20.320223],[-99.944249,20.319943],[-99.944249,20.319943],[-99.944222,20.319875],[-99.944222,20.319875],[-99.944193,20.319802],[-99.944193,20.319802],[-99.944165,20.319736],[-99.944165,20.319736],[-99.944133,20.319664],[-99.944133,20.319664],[-99.944104,20.319601],[-99.944104,20.319601],[-99.94407,20.319529],[-99.94407,20.319529],[-99.944042,20.319469],[-99.944042,20.319469],[-99.944006,20.319395],[-99.944006,20.319395],[-99.943985,20.319351],[-99.943985,20.319351],[-99.943942,20.319263],[-99.943306,20.317966],[-99.942559,20.316411],[-99.942464,20.316194],[-99.942122,20.315495],[-99.941642,20.315377],[-99.942113,20.316339],[-99.942205,20.316549],[-99.942205,20.316549],[-99.942473,20.317126]]}},{"type":"Feature","properties":{},"geometry":{"type":"LineString","coordinates":[[-99.866286,20.24948],[-99.866311,20.249431],[-99.866172,20.249377],[-99.86615,20.249427],[-99.866286,20.24948]]}},{"type":"Feature","properties":{},"geometry":{"type":"LineString","coordinates":[[-99.867977,20.250432],[-99.867983,20.250424],[-99.867928,20.250416],[-99.867977,20.250432]]}},{"type":"Feature","properties":{},"geometry":{"type":"LineString","coordinates":[[-99.964202,20.372819],[-99.964273,20.372856],[-99.964273,20.372856],[-99.964336,20.37289],[-99.964336,20.37289],[-99.964404,20.372926],[-99.964404,20.372926],[-99.964466,20.37296],[-99.964466,20.37296],[-99.964535,20.372998],[-99.964535,20.372998],[-99.964595,20.373033],[-99.964595,20.373033],[-99.964665,20.373072],[-99.964665,20.373072],[-99.964723,20.373105],[-99.964723,20.373105],[-99.964795,20.373146],[-99.964795,20.373146],[-99.964839,20.373171],[-99.964839,20.373171],[-99.964926,20.373221],[-99.964926,20.373221],[-99.965608,20.373613],[-99.965608,20.373613],[-99.965783,20.373713],[-99.965783,20.373713],[-99.965871,20.373764],[-99.965871,20.373764],[-99.966018,20.373847],[-99.966018,20.373847],[-99.966137,20.373913],[-99.966137,20.373913],[-99.96628,20.373991],[-99.96628,20.373991],[-99.966407,20.374059],[-99.966407,20.374059],[-99.96655,20.374133],[-99.96655,20.374133],[-99.966682,20.374199],[-99.966682,20.374199],[-99.966828,20.374269],[-99.966828,20.374269],[-99.966964,20.374331],[-99.966964,20.374331],[-99.967438,20.374524],[-99.967925,20.374685],[-99.968422,20.374814],[-99.968928,20.374911],[-99.96944,20.374975],[-99.969955,20.375005],[-99.970471,20.375001],[-99.970986,20.374964],[-99.971496,20.374894],[-99.972001,20.37479],[-99.972496,20.374654],[-99.972496,20.374654],[-99.972924,20.374502],[-99.973341,20.374326],[-99.973746,20.374125],[-99.974137,20.373901],[-99.974512,20.373654],[-99.97487,20.373386],[-99.97521,20.373098],[-99.975531,20.37279],[-99.975556,20.372764],[-99.975582,20.372738],[-99.975607,20.372711],[-99.975633,20.372684],[-99.975658,20.372658],[-99.975683,20.372631],[-99.975708,20.372604],[-99.975732,20.372577],[-99.975757,20.37255],[-99.975781,20.372522],[-99.975806,20.372495],[-99.97583,20.372468],[-99.975854,20.372441],[-99.975878,20.372413],[-99.975902,20.372386],[-99.975926,20.372358],[-99.975949,20.372331],[-99.975973,20.372304],[-99.975997,20.372276],[-99.97602,20.372248],[-99.976043,20.372221],[-99.976067,20.372193],[-99.97609,20.372166],[-99.976113,20.372138],[-99.976136,20.372111],[-99.976159,20.372083],[-99.976182,20.372055],[-99.976205,20.372028],[-99.976228,20.372],[-99.976251,20.371973],[-99.976274,20.371945],[-99.980265,20.367151],[-99.98028,20.367133],[-99.980296,20.367114],[-99.980311,20.367096],[-99.980326,20.367078],[-99.980341,20.36706],[-99.980356,20.367042],[-99.980372,20.367023],[-99.980387,20.367005],[-99.980402,20.366987],[-99.980417,20.366969],[-99.980432,20.366952],[-99.980448,20.366934],[-99.980463,20.366916],[-99.980478,20.366898],[-99.980494,20.36688],[-99.980509,20.366863],[-99.980524,20.366845],[-99.98054,20.366828],[-99.980555,20.36681],[-99.980571,20.366793],[-99.980586,20.366776],[-99.980602,20.366759],[-99.980617,20.366742],[-99.980633,20.366725],[-99.980649,20.366708],[-99.980665,20.366691],[-99.980681,20.366674],[-99.980697,20.366658],[-99.980713,20.366641],[-99.980729,20.366625],[-99.980745,20.366608],[-99.980745,20.366608],[-99.980937,20.366429],[-99.981141,20.366261],[-99.981356,20.366107],[-99.981582,20.365967],[-99.981818,20.365841],[-99.982061,20.36573],[-99.982312,20.365634],[-99.982334,20.365627],[-99.982357,20.365619],[-99.982379,20.365612],[-99.982402,20.365605],[-99.982424,20.365597],[-99.982447,20.36559],[-99.982469,20.365583],[-99.982492,20.365576],[-99.982515,20.36557],[-99.982538,20.365563],[-99.982561,20.365556],[-99.982584,20.36555],[-99.982607,20.365543],[-99.98263,20.365537],[-99.982653,20.36553],[-99.982676,20.365524],[-99.982699,20.365517],[-99.982723,20.365511],[-99.982746,20.365505],[-99.982769,20.365499],[-99.982793,20.365493],[-99.982816,20.365487],[-99.98284,20.365481],[-99.982864,20.365474],[-99.982887,20.365468],[-99.982911,20.365462],[-99.982935,20.365456],[-99.982958,20.36545],[-99.982982,20.365444],[-99.983006,20.365438],[-99.98303,20.365432],[-99.992948,20.362941],[-99.992966,20.362937],[-99.992983,20.362932],[-99.993001,20.362928],[-99.993019,20.362923],[-99.993037,20.362919],[-99.993055,20.362914],[-99.993073,20.36291],[-99.993091,20.362905],[-99.993108,20.362901],[-99.993126,20.362896],[-99.993144,20.362892],[-99.993162,20.362888],[-99.99318,20.362883],[-99.993197,20.362879],[-99.993215,20.362875],[-99.993233,20.36287],[-99.993251,20.362866],[-99.993268,20.362862],[-99.993286,20.362858],[-99.993304,20.362853],[-99.993321,20.362849],[-99.993339,20.362845],[-99.993357,20.362841],[-99.993374,20.362837],[-99.993392,20.362833],[-99.99341,20.362829],[-99.993427,20.362825],[-99.993445,20.362821],[-99.993463,20.362817],[-99.99348,20.362813],[-99.993498,20.362809],[-99.993498,20.362809],[-99.994001,20.362718],[-99.994509,20.362659],[-99.99502,20.362631],[-99.995532,20.362636],[-99.996043,20.362673],[-99.996549,20.362742],[-99.99705,20.362843],[-99.997543,20.362976],[-99.99756,20.362981],[-99.997577,20.362986],[-99.997594,20.362991],[-99.997612,20.362997],[-99.997629,20.363002],[-99.997646,20.363008],[-99.997663,20.363013],[-99.997681,20.363019],[-99.997698,20.363024],[-99.997715,20.36303],[-99.997732,20.363035],[-99.99775,20.363041],[-99.997767,20.363047],[-99.997784,20.363052],[-99.997801,20.363058],[-99.9979,20.363091],[-100.000884,20.364109],[-100.000884,20.364109],[-100.001436,20.364283],[-100.001902,20.364418],[-100.001902,20.364418],[-100.002435,20.364586],[-100.006123,20.365845],[-100.006163,20.365859],[-100.006204,20.365873],[-100.006245,20.365886],[-100.006286,20.3659],[-100.006326,20.365914],[-100.006367,20.365928],[-100.006408,20.365942],[-100.006449,20.365956],[-100.00649,20.365969],[-100.006532,20.365983],[-100.006573,20.365997],[-100.006614,20.36601],[-100.006655,20.366024],[-100.006697,20.366037],[-100.006738,20.36605],[-100.00678,20.366063],[-100.006822,20.366076],[-100.006863,20.366089],[-100.006905,20.366102],[-100.006947,20.366115],[-100.006989,20.366127],[-100.007031,20.36614],[-100.007073,20.366152],[-100.007115,20.366164],[-100.007158,20.366176],[-100.0072,20.366188],[-100.007243,20.366199],[-100.007285,20.36621],[-100.007328,20.366222],[-100.007371,20.366232],[-100.007413,20.366243],[-100.007413,20.366243],[-100.007802,20.366328],[-100.008196,20.366393],[-100.008592,20.366438],[-100.008991,20.366463],[-100.009035,20.366465],[-100.009079,20.366466],[-100.009123,20.366467],[-100.009168,20.366468],[-100.009212,20.366468],[-100.009256,20.366469],[-100.0093,20.366469],[-100.009344,20.366469],[-100.009388,20.366469],[-100.009432,20.366468],[-100.009477,20.366468],[-100.009521,20.366467],[-100.009564,20.366466],[-100.009608,20.366465],[-100.009652,20.366464],[-100.009696,20.366463],[-100.00974,20.366462],[-100.009784,20.36646],[-100.009827,20.366459],[-100.009871,20.366457],[-100.009915,20.366455],[-100.009958,20.366453],[-100.010002,20.366451],[-100.010045,20.366449],[-100.010089,20.366447],[-100.010132,20.366445],[-100.010175,20.366443],[-100.010219,20.366441],[-100.010262,20.366439],[-100.010305,20.366437],[-100.010349,20.366434],[-100.011909,20.366356],[-100.011961,20.366353],[-100.012014,20.36635],[-100.012066,20.366348],[-100.012119,20.366345],[-100.012171,20.366343],[-100.012223,20.36634],[-100.012275,20.366338],[-100.012327,20.366336],[-100.012379,20.366333],[-100.012432,20.366331],[-100.012484,20.366329],[-100.012536,20.366327],[-100.012588,20.366326],[-100.012639,20.366324],[-100.012691,20.366323],[-100.012743,20.366321],[-100.012795,20.36632],[-100.012847,20.366319],[-100.012898,20.366319],[-100.01295,20.366318],[-100.013002,20.366318],[-100.013053,20.366318],[-100.013105,20.366318],[-100.013156,20.366319],[-100.013208,20.366319],[-100.013259,20.36632],[-100.013311,20.366322],[-100.013362,20.366323],[-100.013413,20.366325],[-100.013464,20.366327],[-100.013516,20.36633],[-100.013516,20.36633],[-100.014008,20.366373],[-100.014495,20.366447],[-100.014976,20.366552],[-100.015448,20.366689],[-100.015909,20.366856],[-100.016357,20.367052],[-100.016789,20.367277],[-100.017204,20.367529],[-100.0176,20.367808],[-100.017974,20.368111],[-100.018325,20.368438],[-100.018652,20.368787],[-100.018953,20.369157],[-100.019226,20.369545],[-100.01947,20.36995],[-100.019684,20.370369],[-100.019867,20.370802],[-100.020018,20.371245],[-100.020136,20.371697],[-100.020221,20.372156],[-100.020273,20.372619],[-100.02029,20.373084],[-100.020274,20.373549],[-100.020224,20.374013],[-100.02014,20.374472],[-100.020023,20.374924],[-100.020009,20.374971],[-100.019995,20.375017],[-100.01998,20.375063],[-100.019965,20.37511],[-100.019949,20.375156],[-100.019934,20.375202],[-100.019918,20.375248],[-100.019902,20.375294],[-100.019885,20.37534],[-100.019868,20.375386],[-100.019851,20.375432],[-100.019834,20.375478],[-100.019817,20.375524],[-100.019799,20.37557],[-100.019781,20.375616],[-100.019763,20.375662],[-100.019745,20.375708],[-100.019726,20.375753],[-100.019707,20.375799],[-100.019689,20.375845],[-100.01967,20.375891],[-100.019651,20.375936],[-100.019632,20.375982],[-100.019612,20.376028],[-100.019593,20.376074],[-100.019574,20.376119],[-100.019554,20.376165],[-100.019535,20.376211],[-100.019515,20.376257],[-100.019495,20.376303],[-100.019476,20.376349],[-100.019039,20.377367],[-100.019025,20.377399],[-100.019012,20.377432],[-100.018998,20.377464],[-100.018984,20.377497],[-100.01897,20.377529],[-100.018956,20.377562],[-100.018942,20.377594],[-100.018928,20.377627],[-100.018914,20.37766],[-100.018901,20.377693],[-100.018887,20.377726],[-100.018873,20.377758],[-100.01886,20.377791],[-100.018846,20.377824],[-100.018833,20.377857],[-100.018819,20.37789],[-100.018806,20.377924],[-100.018793,20.377957],[-100.01878,20.37799],[-100.018767,20.378024],[-100.018754,20.378057],[-100.018741,20.378091],[-100.018728,20.378124],[-100.018716,20.378158],[-100.018703,20.378191],[-100.018691,20.378225],[-100.018679,20.378259],[-100.018667,20.378293],[-100.018655,20.378327],[-100.018643,20.378361],[-100.018632,20.378395],[-100.018632,20.378395],[-100.018498,20.37885],[-100.018397,20.379312],[-100.018328,20.37978],[-100.018294,20.380251],[-100.018293,20.380723],[-100.018326,20.381194],[-100.018393,20.381662],[-100.018492,20.382124],[-100.018625,20.38258],[-100.018789,20.383025],[-100.018985,20.38346],[-100.019212,20.38388],[-100.019468,20.384286],[-100.019753,20.384674],[-100.020065,20.385044],[-100.020089,20.385071],[-100.020114,20.385098],[-100.020139,20.385125],[-100.020164,20.385152],[-100.020189,20.385178],[-100.020215,20.385205],[-100.02024,20.385232],[-100.020266,20.385258],[-100.020291,20.385284],[-100.020317,20.38531],[-100.020343,20.385336],[-100.020368,20.385362],[-100.020394,20.385388],[-100.02042,20.385414],[-100.020446,20.385439],[-100.020472,20.385465],[-100.020498,20.38549],[-100.020524,20.385516],[-100.020551,20.385541],[-100.020577,20.385566],[-100.020603,20.385592],[-100.020629,20.385617],[-100.020655,20.385642],[-100.020682,20.385667],[-100.020708,20.385692],[-100.020734,20.385717],[-100.02076,20.385742],[-100.020787,20.385766],[-100.020813,20.385791],[-100.020839,20.385816],[-100.020866,20.385841],[-100.02493,20.389675],[-100.024952,20.389696],[-100.024974,20.389717],[-100.024995,20.389737],[-100.025017,20.389758],[-100.025039,20.389778],[-100.025061,20.389799],[-100.025082,20.389819],[-100.025104,20.38984],[-100.025126,20.389861],[-100.025147,20.389881],[-100.025169,20.389902],[-100.025191,20.389922],[-100.025212,20.389943],[-100.025234,20.389964],[-100.025255,20.389984],[-100.025277,20.390005],[-100.025298,20.390026],[-100.025319,20.390046],[-100.025341,20.390067],[-100.025362,20.390088],[-100.025383,20.390108],[-100.025404,20.390129],[-100.025425,20.39015],[-100.025446,20.390171],[-100.025467,20.390192],[-100.025488,20.390213],[-100.025509,20.390234],[-100.02553,20.390255],[-100.02555,20.390276],[-100.025571,20.390297],[-100.025592,20.390318],[-100.025592,20.390318],[-100.026076,20.390852],[-100.026519,20.391415],[-100.026921,20.392006],[-100.027279,20.392622],[-100.027592,20.39326],[-100.027857,20.393916],[-100.028074,20.394588],[-100.028241,20.395272],[-100.028358,20.395965],[-100.028425,20.396664],[-100.02844,20.397366],[-100.028404,20.398068],[-100.028318,20.398765],[-100.028181,20.399455],[-100.027993,20.400135],[-100.027985,20.400163],[-100.027976,20.40019],[-100.027967,20.400217],[-100.027958,20.400245],[-100.027949,20.400272],[-100.02794,20.4003],[-100.027931,20.400327],[-100.027922,20.400355],[-100.027912,20.400382],[-100.027903,20.400409],[-100.027894,20.400437],[-100.027884,20.400464],[-100.027875,20.400492],[-100.027865,20.400519],[-100.027856,20.400546],[-100.027846,20.400574],[-100.027842,20.400586],[-100.028112,20.40067],[-100.028112,20.40067],[-100.028263,20.400223],[-100.028263,20.400223],[-100.028239,20.400298],[-100.028239,20.400298],[-100.028264,20.400221],[-100.028264,20.400221],[-100.028295,20.400119],[-100.028295,20.400119],[-100.028473,20.399453],[-100.028605,20.398777],[-100.028689,20.398095],[-100.028725,20.397409],[-100.028714,20.396722],[-100.028655,20.396037],[-100.028549,20.395358],[-100.028396,20.394686],[-100.028489,20.394664],[-100.028489,20.394664],[-100.02835,20.394187],[-100.028188,20.393717],[-100.028003,20.393255],[-100.028092,20.393221],[-100.028092,20.393221],[-100.027797,20.392594],[-100.027461,20.391986],[-100.027083,20.3914],[-100.027003,20.391449],[-100.027003,20.391449],[-100.026668,20.390991],[-100.026308,20.390551],[-100.025924,20.390128],[-100.025853,20.390189],[-100.025853,20.390189],[-100.025796,20.39013],[-100.025796,20.39013],[-100.025713,20.390046],[-100.025713,20.390046],[-100.025637,20.38997],[-100.025637,20.38997],[-100.025553,20.389887],[-100.025553,20.389887],[-100.025478,20.389813],[-100.025478,20.389813],[-100.025391,20.38973],[-100.025391,20.38973],[-100.025319,20.389661],[-100.025319,20.389661],[-100.025229,20.389575],[-100.025229,20.389575],[-100.025174,20.389524],[-100.025174,20.389524],[-100.025066,20.389421],[-100.021135,20.385714],[-100.021135,20.385714],[-100.021008,20.385595],[-100.021008,20.385595],[-100.020946,20.385536],[-100.020946,20.385536],[-100.020842,20.385436],[-100.020842,20.385436],[-100.020759,20.385357],[-100.020759,20.385357],[-100.020661,20.38526],[-100.020661,20.38526],[-100.020576,20.385176],[-100.020576,20.385176],[-100.020482,20.38508],[-100.020482,20.38508],[-100.020399,20.384993],[-100.020399,20.384993],[-100.020309,20.384896],[-100.020309,20.384896],[-100.020228,20.384805],[-100.020228,20.384805],[-100.019933,20.384448],[-100.019665,20.384073],[-100.019424,20.383682],[-100.019211,20.383276],[-100.019028,20.382858],[-100.018875,20.382429],[-100.018753,20.381991],[-100.018662,20.381547],[-100.018603,20.381098],[-100.018576,20.380646],[-100.018582,20.380194],[-100.018619,20.379743],[-100.018689,20.379295],[-100.01879,20.378852],[-100.018922,20.378418],[-100.018922,20.378418],[-100.018953,20.378329],[-100.018953,20.378329],[-100.018988,20.378234],[-100.018988,20.378234],[-100.019022,20.378146],[-100.019022,20.378146],[-100.019059,20.37805],[-100.019059,20.37805],[-100.019094,20.377965],[-100.019094,20.377965],[-100.019134,20.377867],[-100.019134,20.377867],[-100.019168,20.377786],[-100.019168,20.377786],[-100.019211,20.377684],[-100.019211,20.377684],[-100.019237,20.377623],[-100.019237,20.377623],[-100.01929,20.3775],[-100.019772,20.37638],[-100.019772,20.37638],[-100.019844,20.376212],[-100.019844,20.376212],[-100.01988,20.376128],[-100.01988,20.376128],[-100.019939,20.375987],[-100.019939,20.375987],[-100.019986,20.375873],[-100.019986,20.375873],[-100.020041,20.375737],[-100.020041,20.375737],[-100.020089,20.375616],[-100.020089,20.375616],[-100.02014,20.37548],[-100.02014,20.37548],[-100.020185,20.375356],[-100.020185,20.375356],[-100.020232,20.375219],[-100.020232,20.375219],[-100.020273,20.375091],[-100.020273,20.375091],[-100.020391,20.374668],[-100.02048,20.374239],[-100.02054,20.373806],[-100.020573,20.37337],[-100.020576,20.372932],[-100.020551,20.372496],[-100.020497,20.372062],[-100.020415,20.371632],[-100.020508,20.371613],[-100.020508,20.371613],[-100.020424,20.371279],[-100.020323,20.37095],[-100.020205,20.370625],[-100.020295,20.370594],[-100.020295,20.370594],[-100.020116,20.370178],[-100.019911,20.369773],[-100.019679,20.369381],[-100.019422,20.369003],[-100.01914,20.368641],[-100.018835,20.368297],[-100.018508,20.36797],[-100.018459,20.368017],[-100.018459,20.368017],[-100.018092,20.367695],[-100.017704,20.367397],[-100.017295,20.367123],[-100.016868,20.366876],[-100.016425,20.366655],[-100.015967,20.366463],[-100.015497,20.366299],[-100.015017,20.366165],[-100.014528,20.366062],[-100.014033,20.365988],[-100.013533,20.365946],[-100.013533,20.365946],[-100.013373,20.365939],[-100.013373,20.365939],[-100.013201,20.365935],[-100.013201,20.365935],[-100.013043,20.365934],[-100.013043,20.365934],[-100.01287,20.365935],[-100.01287,20.365935],[-100.012716,20.365938],[-100.012716,20.365938],[-100.012541,20.365943],[-100.012541,20.365943],[-100.012395,20.365948],[-100.012395,20.365948],[-100.012213,20.365956],[-100.012213,20.365956],[-100.012105,20.365961],[-100.012105,20.365961],[-100.011887,20.365972],[-100.010327,20.366051],[-100.010327,20.366051],[-100.010148,20.36606],[-100.010148,20.36606],[-100.010059,20.366064],[-100.010059,20.366064],[-100.009911,20.366071],[-100.009911,20.366071],[-100.009793,20.366075],[-100.009793,20.366075],[-100.009652,20.36608],[-100.009652,20.36608],[-100.009528,20.366083],[-100.009528,20.366083],[-100.00939,20.366085],[-100.00939,20.366085],[-100.009265,20.366085],[-100.009265,20.366085],[-100.009128,20.366083],[-100.009128,20.366083],[-100.009002,20.366079],[-100.009002,20.366079],[-100.008628,20.366056],[-100.008255,20.366013],[-100.007886,20.365952],[-100.00752,20.365872],[-100.00752,20.365872],[-100.007399,20.365842],[-100.007399,20.365842],[-100.007267,20.365806],[-100.007267,20.365806],[-100.007147,20.365772],[-100.007147,20.365772],[-100.007015,20.365732],[-100.007015,20.365732],[-100.006898,20.365696],[-100.006898,20.365696],[-100.006764,20.365653],[-100.006764,20.365653],[-100.006653,20.365616],[-100.006653,20.365616],[-100.006513,20.365569],[-100.006513,20.365569],[-100.006429,20.365541],[-100.006429,20.365541],[-100.006261,20.365484],[-100.006001,20.365395],[-100.005797,20.365325],[-100.005594,20.365256],[-100.00539,20.365186],[-100.005186,20.365117],[-100.004982,20.365047],[-100.004778,20.364977],[-100.004574,20.364908],[-100.00437,20.364838],[-100.004165,20.364769],[-100.003958,20.364701],[-100.003752,20.364635],[-100.003546,20.36457],[-100.003341,20.364505],[-100.003137,20.364439],[-100.002884,20.364355],[-100.002556,20.364243],[-100.002556,20.364243],[-100.002008,20.364071],[-100.00155,20.363938],[-100.00155,20.363938],[-100.001014,20.363769],[-99.998134,20.362786],[-99.998087,20.36277],[-99.998069,20.362764],[-99.998052,20.362758],[-99.998034,20.362752],[-99.998017,20.362746],[-99.997999,20.36274],[-99.997981,20.362735],[-99.997964,20.362729],[-99.997946,20.362723],[-99.997928,20.362717],[-99.997911,20.362711],[-99.997893,20.362705],[-99.997875,20.362699],[-99.997857,20.362694],[-99.997839,20.362688],[-99.997822,20.362682],[-99.997804,20.362676],[-99.997786,20.362671],[-99.997768,20.362665],[-99.99775,20.362659],[-99.997732,20.362654],[-99.997714,20.362648],[-99.997696,20.362642],[-99.997678,20.362637],[-99.99766,20.362631],[-99.99766,20.362631],[-99.997143,20.362493],[-99.996617,20.362387],[-99.996085,20.362314],[-99.995549,20.362275],[-99.995011,20.36227],[-99.994474,20.362299],[-99.993941,20.362361],[-99.993413,20.362457],[-99.993395,20.362461],[-99.993376,20.362465],[-99.993358,20.362469],[-99.993339,20.362473],[-99.993321,20.362477],[-99.993302,20.362482],[-99.993284,20.362486],[-99.993266,20.36249],[-99.993247,20.362494],[-99.993229,20.362499],[-99.993211,20.362503],[-99.993192,20.362507],[-99.993174,20.362512],[-99.993156,20.362516],[-99.993138,20.36252],[-99.99312,20.362525],[-99.993101,20.362529],[-99.993083,20.362534],[-99.993065,20.362538],[-99.993047,20.362542],[-99.993029,20.362547],[-99.993011,20.362551],[-99.992993,20.362556],[-99.992975,20.36256],[-99.992957,20.362565],[-99.992939,20.362569],[-99.992921,20.362574],[-99.992903,20.362578],[-99.992885,20.362583],[-99.992867,20.362587],[-99.992849,20.362592],[-99.982931,20.365083],[-99.982907,20.365089],[-99.982883,20.365095],[-99.982859,20.365101],[-99.982835,20.365107],[-99.982811,20.365113],[-99.982787,20.36512],[-99.982763,20.365126],[-99.982739,20.365132],[-99.982715,20.365138],[-99.982691,20.365144],[-99.982667,20.365151],[-99.982642,20.365157],[-99.982618,20.365163],[-99.982594,20.36517],[-99.98257,20.365177],[-99.982545,20.365183],[-99.982521,20.36519],[-99.982497,20.365197],[-99.982473,20.365204],[-99.982448,20.365211],[-99.982424,20.365218],[-99.9824,20.365225],[-99.982375,20.365232],[-99.982351,20.36524],[-99.982327,20.365247],[-99.982302,20.365255],[-99.982278,20.365263],[-99.982254,20.36527],[-99.982229,20.365278],[-99.982205,20.365287],[-99.982181,20.365295],[-99.982181,20.365295],[-99.981906,20.365399],[-99.98164,20.365521],[-99.981382,20.365658],[-99.981135,20.365812],[-99.980899,20.365981],[-99.980676,20.366164],[-99.980466,20.366361],[-99.980448,20.366379],[-99.980431,20.366396],[-99.980413,20.366414],[-99.980396,20.366432],[-99.980379,20.36645],[-99.980362,20.366468],[-99.980345,20.366487],[-99.980328,20.366505],[-99.980311,20.366523],[-99.980295,20.366541],[-99.980278,20.366559],[-99.980262,20.366578],[-99.980246,20.366596],[-99.980229,20.366615],[-99.980213,20.366633],[-99.980197,20.366651],[-99.980181,20.36667],[-99.980165,20.366688],[-99.980149,20.366707],[-99.980134,20.366725],[-99.980118,20.366744],[-99.980102,20.366762],[-99.980087,20.366781],[-99.980071,20.366799],[-99.980056,20.366817],[-99.98004,20.366836],[-99.980025,20.366854],[-99.980009,20.366873],[-99.979994,20.366891],[-99.979979,20.36691],[-99.979964,20.366928],[-99.975973,20.371722],[-99.97595,20.37175],[-99.975927,20.371777],[-99.975904,20.371804],[-99.975881,20.371832],[-99.975858,20.371859],[-99.975836,20.371886],[-99.975813,20.371914],[-99.97579,20.371941],[-99.975767,20.371968],[-99.975744,20.371995],[-99.975721,20.372022],[-99.975698,20.372049],[-99.975675,20.372076],[-99.975652,20.372103],[-99.975629,20.37213],[-99.975606,20.372157],[-99.975582,20.372183],[-99.975559,20.37221],[-99.975536,20.372236],[-99.975512,20.372263],[-99.975489,20.372289],[-99.975465,20.372315],[-99.975442,20.372341],[-99.975418,20.372367],[-99.975394,20.372393],[-99.97537,20.372419],[-99.975346,20.372444],[-99.975322,20.37247],[-99.975298,20.372495],[-99.975274,20.37252],[-99.975249,20.372546],[-99.975249,20.372546],[-99.975044,20.372746],[-99.975078,20.372778],[-99.975078,20.372778],[-99.974724,20.373078],[-99.97435,20.373355],[-99.973956,20.373607],[-99.973546,20.373835],[-99.973121,20.374035],[-99.972682,20.374209],[-99.972232,20.374354],[-99.971772,20.374471],[-99.971305,20.374558],[-99.970833,20.374616],[-99.970359,20.374643],[-99.969883,20.374641],[-99.969408,20.374608],[-99.968937,20.374546],[-99.968471,20.374454],[-99.968013,20.374332],[-99.967565,20.374182],[-99.967128,20.374004],[-99.967128,20.374004],[-99.966998,20.373945],[-99.966998,20.373945],[-99.966859,20.373878],[-99.966859,20.373878],[-99.966732,20.373815],[-99.966732,20.373815],[-99.966594,20.373743],[-99.966594,20.373743],[-99.966471,20.373678],[-99.966471,20.373678],[-99.966331,20.373601],[-99.966331,20.373601],[-99.966214,20.373536],[-99.966214,20.373536],[-99.966069,20.373454],[-99.966069,20.373454],[-99.965982,20.373405],[-99.965982,20.373405],[-99.965808,20.373305],[-99.965125,20.372913],[-99.965125,20.372913],[-99.965038,20.372862],[-99.965038,20.372862],[-99.964994,20.372837],[-99.964994,20.372837],[-99.964921,20.372796],[-99.964921,20.372796],[-99.964862,20.372762],[-99.964862,20.372762],[-99.964792,20.372722],[-99.964792,20.372722],[-99.96473,20.372688],[-99.96473,20.372688],[-99.96466,20.372649],[-99.96466,20.372649],[-99.964596,20.372614],[-99.964596,20.372614],[-99.964526,20.372576],[-99.964526,20.372576],[-99.964461,20.372541],[-99.964461,20.372541],[-99.963797,20.372215],[-99.963111,20.37193],[-99.962407,20.371688],[-99.961688,20.371491],[-99.960956,20.371339],[-99.960216,20.371232],[-99.959469,20.371171],[-99.95872,20.371156],[-99.957972,20.371188],[-99.957227,20.371266],[-99.957227,20.371266],[-99.957153,20.371276],[-99.957153,20.371276],[-99.957073,20.371288],[-99.957073,20.371288],[-99.957,20.371299],[-99.957,20.371299],[-99.95692,20.371311],[-99.95692,20.371311],[-99.956849,20.371322],[-99.956849,20.371322],[-99.956768,20.371336],[-99.956768,20.371336],[-99.956701,20.371347],[-99.956701,20.371347],[-99.956617,20.371361],[-99.956617,20.371361],[-99.956566,20.371369],[-99.956566,20.371369],[-99.956465,20.371386],[-99.949575,20.372552],[-99.949575,20.372552],[-99.949424,20.372577],[-99.949424,20.372577],[-99.949349,20.37259],[-99.949349,20.37259],[-99.949223,20.372611],[-99.949223,20.372611],[-99.949123,20.372627],[-99.949123,20.372627],[-99.949003,20.372646],[-99.949003,20.372646],[-99.948898,20.372662],[-99.948898,20.372662],[-99.94878,20.37268],[-99.94878,20.37268],[-99.948673,20.372695],[-99.948673,20.372695],[-99.948557,20.37271],[-99.948557,20.37271],[-99.948449,20.372723],[-99.948449,20.372723],[-99.947674,20.372765],[-99.946898,20.372764],[-99.946124,20.372719],[-99.945354,20.372631],[-99.944591,20.3725],[-99.943837,20.372327],[-99.943786,20.372474],[-99.943786,20.372474],[-99.943302,20.372308],[-99.942828,20.37212],[-99.942364,20.371911],[-99.941986,20.371722],[-99.941862,20.371658],[-99.941759,20.371605],[-99.941653,20.371549],[-99.941564,20.371502],[-99.941485,20.37146],[-99.941403,20.371417],[-99.941258,20.37134],[-99.941093,20.371253],[-99.940902,20.371152],[-99.940731,20.371061],[-99.940513,20.370946],[-99.94029,20.370828],[-99.94015,20.370754],[-99.93994,20.370643],[-99.939719,20.370527],[-99.939553,20.370439],[-99.939442,20.37038],[-99.939096,20.370197],[-99.937433,20.369319],[-99.936151,20.36862],[-99.935987,20.368464],[-99.935987,20.368464],[-99.93574,20.368169],[-99.935512,20.367861],[-99.935303,20.367541],[-99.935115,20.36721],[-99.935115,20.36721],[-99.935022,20.367],[-99.934945,20.366784],[-99.934882,20.366565],[-99.934875,20.366535],[-99.934868,20.366505],[-99.934862,20.366475],[-99.934855,20.366445],[-99.934849,20.366415],[-99.934843,20.366384],[-99.934837,20.366354],[-99.934832,20.366324],[-99.934827,20.366293],[-99.934822,20.366263],[-99.934817,20.366232],[-99.934812,20.366201],[-99.934807,20.36617],[-99.934803,20.366139],[-99.934799,20.366109],[-99.934795,20.366078],[-99.934791,20.366046],[-99.934787,20.366015],[-99.934783,20.365984],[-99.934779,20.365953],[-99.934776,20.365921],[-99.934772,20.36589],[-99.934769,20.365859],[-99.934766,20.365827],[-99.934763,20.365795],[-99.934759,20.365764],[-99.934756,20.365732],[-99.934753,20.3657],[-99.93475,20.365669],[-99.934747,20.365637],[-99.934744,20.365605],[-99.933275,20.350265],[-99.933272,20.35023],[-99.933269,20.350195],[-99.933265,20.350161],[-99.933262,20.350126],[-99.933258,20.350091],[-99.933255,20.350056],[-99.933252,20.350021],[-99.933248,20.349986],[-99.933244,20.34995],[-99.933241,20.349915],[-99.933237,20.34988],[-99.933233,20.349845],[-99.933229,20.34981],[-99.933225,20.349774],[-99.933221,20.349739],[-99.933217,20.349704],[-99.933212,20.349669],[-99.933208,20.349633],[-99.933203,20.349598],[-99.933198,20.349563],[-99.933193,20.349527],[-99.933188,20.349492],[-99.933183,20.349456],[-99.933178,20.349421],[-99.933172,20.349386],[-99.933166,20.34935],[-99.93316,20.349315],[-99.933154,20.349279],[-99.933148,20.349244],[-99.933141,20.349208],[-99.933135,20.349173],[-99.933135,20.349173],[-99.933052,20.348813],[-99.932946,20.348458],[-99.932818,20.34811],[-99.932668,20.34777],[-99.932496,20.34744],[-99.932303,20.347119],[-99.932283,20.347089],[-99.932263,20.347058],[-99.932242,20.347028],[-99.932222,20.346998],[-99.932201,20.346967],[-99.932181,20.346937],[-99.93216,20.346907],[-99.932139,20.346878],[-99.932118,20.346848],[-99.932096,20.346818],[-99.932075,20.346789],[-99.932054,20.34676],[-99.932032,20.34673],[-99.93201,20.346701],[-99.931989,20.346672],[-99.931967,20.346643],[-99.931945,20.346614],[-99.931923,20.346585],[-99.931901,20.346557],[-99.931879,20.346528],[-99.931857,20.346499],[-99.931835,20.346471],[-99.931813,20.346442],[-99.931791,20.346414],[-99.931769,20.346386],[-99.931746,20.346357],[-99.931724,20.346329],[-99.931702,20.346301],[-99.93168,20.346273],[-99.931658,20.346245],[-99.931636,20.346217],[-99.931302,20.345793],[-99.931302,20.345793],[-99.930976,20.345358],[-99.930656,20.344907],[-99.930632,20.344874],[-99.930608,20.34484],[-99.930584,20.344806],[-99.93056,20.344772],[-99.930536,20.344738],[-99.930512,20.344704],[-99.930489,20.344671],[-99.930465,20.344637],[-99.930442,20.344603],[-99.930418,20.344569],[-99.930395,20.344535],[-99.930372,20.344502],[-99.930349,20.344468],[-99.930326,20.344434],[-99.930303,20.3444],[-99.930281,20.344366],[-99.930258,20.344332],[-99.930236,20.344298],[-99.930214,20.344264],[-99.930193,20.344229],[-99.930171,20.344195],[-99.93015,20.344161],[-99.930129,20.344126],[-99.930108,20.344092],[-99.930087,20.344057],[-99.930067,20.344023],[-99.930047,20.343988],[-99.930027,20.343953],[-99.930007,20.343918],[-99.929988,20.343883],[-99.929969,20.343848],[-99.929969,20.343848],[-99.92982,20.343543],[-99.929693,20.343229],[-99.92959,20.342907],[-99.92951,20.34258],[-99.929453,20.342249],[-99.929421,20.341914],[-99.929413,20.341578],[-99.92943,20.341243],[-99.92947,20.340909],[-99.929535,20.340579],[-99.929623,20.340254],[-99.929734,20.339935],[-99.929869,20.339624],[-99.930025,20.339322],[-99.930203,20.339031],[-99.930226,20.338997],[-99.930248,20.338964],[-99.930271,20.338931],[-99.930294,20.338898],[-99.930318,20.338865],[-99.930341,20.338833],[-99.930365,20.3388],[-99.930389,20.338767],[-99.930414,20.338735],[-99.930438,20.338703],[-99.930463,20.33867],[-99.930488,20.338638],[-99.930513,20.338606],[-99.930539,20.338574],[-99.930564,20.338542],[-99.93059,20.33851],[-99.930616,20.338478],[-99.930642,20.338446],[-99.930668,20.338415],[-99.930694,20.338383],[-99.930721,20.338351],[-99.930747,20.33832],[-99.930774,20.338288],[-99.930801,20.338256],[-99.930828,20.338225],[-99.930855,20.338193],[-99.930882,20.338162],[-99.930909,20.33813],[-99.930936,20.338099],[-99.930963,20.338067],[-99.93099,20.338035],[-99.938066,20.329806],[-99.938066,20.329806],[-99.938433,20.329401],[-99.94311,20.324484],[-99.943127,20.324467],[-99.943143,20.324449],[-99.94316,20.324432],[-99.943176,20.324414],[-99.943193,20.324397],[-99.943209,20.324379],[-99.943226,20.324362],[-99.943243,20.324344],[-99.943259,20.324326],[-99.943276,20.324309],[-99.943292,20.324291],[-99.943309,20.324273],[-99.943325,20.324255],[-99.943342,20.324237],[-99.943358,20.324219],[-99.943375,20.324201],[-99.943391,20.324183],[-99.943408,20.324165],[-99.943424,20.324146],[-99.94344,20.324128],[-99.943456,20.32411],[-99.943473,20.324091],[-99.943489,20.324072],[-99.943505,20.324054],[-99.943521,20.324035],[-99.943537,20.324016],[-99.943553,20.323997],[-99.943568,20.323978],[-99.943584,20.323958],[-99.9436,20.323939],[-99.943615,20.32392],[-99.943615,20.32392],[-99.943756,20.323731],[-99.943887,20.323536],[-99.944006,20.323334],[-99.944113,20.323126],[-99.943764,20.322977],[-99.943764,20.322977],[-99.943666,20.323167],[-99.943557,20.323352],[-99.943438,20.32353],[-99.943309,20.323703],[-99.943294,20.323721],[-99.94328,20.323739],[-99.943266,20.323756],[-99.943251,20.323774],[-99.943236,20.323792],[-99.943221,20.323809],[-99.943207,20.323827],[-99.943191,20.323844],[-99.943176,20.323862],[-99.943161,20.323879],[-99.943146,20.323897],[-99.94313,20.323914],[-99.943115,20.323931],[-99.943099,20.323949],[-99.943084,20.323966],[-99.943068,20.323983],[-99.943052,20.324001],[-99.943036,20.324018],[-99.94302,20.324035],[-99.943004,20.324053],[-99.942988,20.32407],[-99.942972,20.324087],[-99.942956,20.324104],[-99.94294,20.324122],[-99.942923,20.324139],[-99.942907,20.324156],[-99.942891,20.324173],[-99.942874,20.324191],[-99.942858,20.324208],[-99.942841,20.324225],[-99.942825,20.324243],[-99.938147,20.329159],[-99.938147,20.329159],[-99.937768,20.329578],[-99.930693,20.337807],[-99.930665,20.337839],[-99.930638,20.337871],[-99.930611,20.337903],[-99.930584,20.337935],[-99.930556,20.337967],[-99.930529,20.337999],[-99.930502,20.338031],[-99.930474,20.338063],[-99.930447,20.338095],[-99.93042,20.338127],[-99.930393,20.33816],[-99.930366,20.338192],[-99.930339,20.338225],[-99.930312,20.338258],[-99.930285,20.338291],[-99.930259,20.338324],[-99.930232,20.338357],[-99.930206,20.33839],[-99.930179,20.338424],[-99.930153,20.338457],[-99.930127,20.338491],[-99.930102,20.338525],[-99.930076,20.338559],[-99.93005,20.338594],[-99.930025,20.338628],[-99.93,20.338663],[-99.929975,20.338698],[-99.929951,20.338733],[-99.929926,20.338768],[-99.929902,20.338804],[-99.929879,20.338839],[-99.929879,20.338839],[-99.929687,20.339152],[-99.929519,20.339475],[-99.929375,20.339809],[-99.929255,20.340152],[-99.92916,20.340501],[-99.929091,20.340856],[-99.929048,20.341214],[-99.92903,20.341574],[-99.929039,20.341935],[-99.929073,20.342294],[-99.929134,20.34265],[-99.92922,20.343001],[-99.929331,20.343346],[-99.929467,20.343683],[-99.929627,20.344011],[-99.929647,20.344048],[-99.929668,20.344085],[-99.929688,20.344123],[-99.92971,20.34416],[-99.929731,20.344197],[-99.929752,20.344233],[-99.929774,20.34427],[-99.929796,20.344306],[-99.929818,20.344343],[-99.929841,20.344379],[-99.929864,20.344415],[-99.929886,20.34445],[-99.929909,20.344486],[-99.929932,20.344522],[-99.929955,20.344557],[-99.929979,20.344592],[-99.930002,20.344627],[-99.930026,20.344662],[-99.93005,20.344697],[-99.930073,20.344732],[-99.930097,20.344766],[-99.930121,20.344801],[-99.930145,20.344835],[-99.930169,20.34487],[-99.930193,20.344904],[-99.930217,20.344938],[-99.930241,20.344972],[-99.930265,20.345006],[-99.930289,20.34504],[-99.930313,20.345074],[-99.930338,20.345108],[-99.930657,20.345559],[-99.930657,20.345559],[-99.930994,20.346009],[-99.931328,20.346433],[-99.93135,20.346461],[-99.931372,20.346489],[-99.931395,20.346517],[-99.931417,20.346545],[-99.931439,20.346573],[-99.93146,20.346601],[-99.931482,20.346628],[-99.931504,20.346656],[-99.931526,20.346684],[-99.931548,20.346712],[-99.931569,20.34674],[-99.931591,20.346768],[-99.931612,20.346796],[-99.931633,20.346824],[-99.931655,20.346853],[-99.931676,20.346881],[-99.931697,20.346909],[-99.931718,20.346937],[-99.931738,20.346965],[-99.931759,20.346993],[-99.93178,20.347022],[-99.9318,20.34705],[-99.93182,20.347078],[-99.93184,20.347107],[-99.93186,20.347135],[-99.93188,20.347164],[-99.931899,20.347193],[-99.931919,20.347221],[-99.931938,20.34725],[-99.931957,20.347279],[-99.931976,20.347308],[-99.931976,20.347308],[-99.932157,20.347609],[-99.932319,20.34792],[-99.93246,20.348239],[-99.932581,20.348566],[-99.93268,20.3489],[-99.932758,20.349238],[-99.932764,20.349272],[-99.93277,20.349305],[-99.932776,20.349339],[-99.932782,20.349372],[-99.932788,20.349406],[-99.932793,20.34944],[-99.932799,20.349473],[-99.932804,20.349507],[-99.932809,20.349541],[-99.932814,20.349575],[-99.932818,20.349609],[-99.932823,20.349643],[-99.932827,20.349677],[-99.932832,20.349711],[-99.932836,20.349745],[-99.93284,20.349779],[-99.932844,20.349814],[-99.932848,20.349848],[-99.932852,20.349882],[-99.932856,20.349917],[-99.932859,20.349951],[-99.932863,20.349986],[-99.932867,20.35002],[-99.93287,20.350055],[-99.932873,20.350089],[-99.932877,20.350124],[-99.93288,20.350159],[-99.932884,20.350193],[-99.932887,20.350228],[-99.93289,20.350263],[-99.932894,20.350298],[-99.934362,20.365637],[-99.934365,20.365669],[-99.934368,20.365701],[-99.934371,20.365733],[-99.934375,20.365766],[-99.934378,20.365798],[-99.934381,20.36583],[-99.934384,20.365862],[-99.934388,20.365894],[-99.934391,20.365927],[-99.934395,20.365959],[-99.934398,20.365992],[-99.934402,20.366024],[-99.934406,20.366057],[-99.93441,20.366089],[-99.934414,20.366122],[-99.934419,20.366154],[-99.934423,20.366187],[-99.934428,20.36622],[-99.934433,20.366252],[-99.934438,20.366285],[-99.934443,20.366318],[-99.934448,20.36635],[-99.934454,20.366383],[-99.93446,20.366416],[-99.934466,20.366449],[-99.934473,20.366482],[-99.934479,20.366515],[-99.934486,20.366547],[-99.934494,20.36658],[-99.934501,20.366613],[-99.934509,20.366645],[-99.934509,20.366645],[-99.934579,20.366892],[-99.934666,20.367134],[-99.934771,20.367369],[-99.934891,20.367598],[-99.934891,20.367598],[-99.935078,20.367863],[-99.935284,20.368115],[-99.935506,20.368353],[-99.935746,20.368577],[-99.936001,20.368785],[-99.93627,20.368976],[-99.93627,20.368976],[-99.936349,20.369027],[-99.936349,20.369027],[-99.936435,20.369081],[-99.936435,20.369081],[-99.936514,20.369128],[-99.936514,20.369128],[-99.936602,20.36918],[-99.936602,20.36918],[-99.93668,20.369224],[-99.93668,20.369224],[-99.93677,20.369274],[-99.93677,20.369274],[-99.936844,20.369314],[-99.936844,20.369314],[-99.936938,20.369365],[-99.936938,20.369365],[-99.936994,20.369395],[-99.936994,20.369395],[-99.936999,20.369399],[-99.937003,20.369403],[-99.937008,20.369407],[-99.937013,20.369411],[-99.937019,20.369414],[-99.937025,20.369417],[-99.93703,20.369419],[-99.937037,20.369421],[-99.937043,20.369423],[-99.937049,20.369424],[-99.937055,20.369425],[-99.937062,20.369425],[-99.937068,20.369425],[-99.937075,20.369425],[-99.937081,20.369424],[-99.937087,20.369423],[-99.937094,20.369422],[-99.9371,20.36942],[-99.937106,20.369417],[-99.938945,20.370391],[-99.93928,20.370604],[-99.939413,20.370674],[-99.939605,20.370773],[-99.939797,20.37087],[-99.939989,20.370965],[-99.94018,20.371061],[-99.94037,20.371157],[-99.940558,20.371255],[-99.940747,20.371355],[-99.940936,20.371455],[-99.941123,20.371554],[-99.941123,20.371554],[-99.941257,20.371625],[-99.941257,20.371625],[-99.941324,20.37166],[-99.941324,20.37166],[-99.941436,20.371719],[-99.941436,20.371719],[-99.941526,20.371766],[-99.941526,20.371766],[-99.941635,20.371822],[-99.941635,20.371822],[-99.94173,20.371871],[-99.94173,20.371871],[-99.941838,20.371925],[-99.941838,20.371925],[-99.941937,20.371973],[-99.941937,20.371973],[-99.942045,20.372025],[-99.942045,20.372025],[-99.942145,20.372073],[-99.942145,20.372073],[-99.942806,20.372356],[-99.943485,20.372598],[-99.944179,20.372798],[-99.944885,20.372955],[-99.945601,20.373069],[-99.946323,20.373139],[-99.947048,20.373164],[-99.947774,20.373145],[-99.948496,20.373082],[-99.948496,20.373082],[-99.948608,20.373068],[-99.948608,20.373068],[-99.948728,20.373052],[-99.948728,20.373052],[-99.948838,20.373037],[-99.948838,20.373037],[-99.948959,20.373019],[-99.948959,20.373019],[-99.949066,20.373003],[-99.949066,20.373003],[-99.949188,20.372983],[-99.949188,20.372983],[-99.949289,20.372967],[-99.949289,20.372967],[-99.949416,20.372946],[-99.949416,20.372946],[-99.949491,20.372933],[-99.949491,20.372933],[-99.949642,20.372908],[-99.956533,20.371742],[-99.956533,20.371742],[-99.956634,20.371725],[-99.956634,20.371725],[-99.956684,20.371717],[-99.956684,20.371717],[-99.956767,20.371703],[-99.956767,20.371703],[-99.956834,20.371692],[-99.956834,20.371692],[-99.956914,20.371679],[-99.956914,20.371679],[-99.956984,20.371668],[-99.956984,20.371668],[-99.957062,20.371655],[-99.957062,20.371655],[-99.957133,20.371645],[-99.957133,20.371645],[-99.95721,20.371634],[-99.95721,20.371634],[-99.957282,20.371624],[-99.957282,20.371624],[-99.957993,20.371549],[-99.958709,20.371518],[-99.959424,20.37153],[-99.960138,20.371587],[-99.960846,20.371687],[-99.961545,20.37183],[-99.962234,20.372015],[-99.962908,20.372243],[-99.963565,20.372511],[-99.964202,20.372819]]}},{"type":"Feature","properties":{},"geometry":{"type":"LineString","coordinates":[[-100.134095,20.515577],[-100.134309,20.515594],[-100.132604,20.514213],[-100.132393,20.514198],[-100.134095,20.515577]]}},{"type":"Feature","properties":{},"geometry":{"type":"LineString","coordinates":[[-100.146116,20.526416],[-100.146116,20.526416],[-100.141814,20.522928],[-100.141582,20.522739],[-100.141349,20.522549],[-100.141118,20.522357],[-100.140888,20.522163],[-100.14066,20.521966],[-100.14066,20.521966],[-100.140093,20.521447],[-100.13955,20.520907],[-100.139246,20.520586],[-100.139046,20.520368],[-100.138851,20.520152],[-100.138675,20.519955],[-100.138543,20.519808],[-100.138024,20.519225],[-100.137893,20.519078],[-100.137717,20.518882],[-100.137524,20.518667],[-100.137326,20.518452],[-100.137125,20.518238],[-100.137027,20.518135],[-100.137027,20.518135],[-100.13649,20.517603],[-100.135932,20.517091],[-100.135707,20.516897],[-100.13548,20.516705],[-100.135251,20.516515],[-100.135019,20.516327],[-100.134787,20.516138],[-100.097801,20.486147],[-100.095857,20.484501]]}},{"type":"Feature","properties":{},"geometry":{"type":"LineString","coordinates":[[-100.146116,20.526416],[-100.146116,20.526416],[-100.141814,20.522928],[-100.141582,20.522739],[-100.141349,20.522549],[-100.141118,20.522357],[-100.140888,20.522163],[-100.14066,20.521966],[-100.14066,20.521966],[-100.140093,20.521447],[-100.13955,20.520907],[-100.139246,20.520586],[-100.139046,20.520368],[-100.138851,20.520152],[-100.138675,20.519955],[-100.138543,20.519808],[-100.138024,20.519225],[-100.137893,20.519078],[-100.137717,20.518882],[-100.137524,20.518667],[-100.137326,20.518452],[-100.137125,20.518238],[-100.137027,20.518135],[-100.137027,20.518135],[-100.13649,20.517603],[-100.135932,20.517091],[-100.135707,20.516897],[-100.13548,20.516705],[-100.135251,20.516515],[-100.135019,20.516327],[-100.134787,20.516138],[-100.097801,20.486147],[-100.095857,20.484501],[-100.095857,20.484501],[-100.095567,20.484237],[-100.095554,20.484224],[-100.095541,20.484212],[-100.095528,20.4842],[-100.095514,20.484188],[-100.095501,20.484175],[-100.095488,20.484163],[-100.095474,20.484151],[-100.095461,20.484138],[-100.095448,20.484126],[-100.095435,20.484114],[-100.095421,20.484101],[-100.095408,20.484089],[-100.095395,20.484077],[-100.095382,20.484064],[-100.095369,20.484052],[-100.095355,20.48404],[-100.095342,20.484027],[-100.095329,20.484015],[-100.095316,20.484003],[-100.095302,20.48399],[-100.095289,20.483978],[-100.095276,20.483966],[-100.095263,20.483953],[-100.09525,20.483941],[-100.095237,20.483929],[-100.095223,20.483916],[-100.09521,20.483904],[-100.095197,20.483892],[-100.095184,20.483879],[-100.095171,20.483867],[-100.095158,20.483855],[-100.094477,20.483218],[-100.094464,20.483206],[-100.094451,20.483193],[-100.094438,20.483181],[-100.094425,20.483169],[-100.094412,20.483156],[-100.094398,20.483144],[-100.094385,20.483132],[-100.094372,20.483119],[-100.094359,20.483107],[-100.094346,20.483095],[-100.094333,20.483083],[-100.09432,20.48307],[-100.094306,20.483058],[-100.094293,20.483046],[-100.09428,20.483033],[-100.094267,20.483021],[-100.094254,20.483009],[-100.094241,20.482997],[-100.094227,20.482984],[-100.094214,20.482972],[-100.094201,20.48296],[-100.094188,20.482948],[-100.094175,20.482935],[-100.094162,20.482923],[-100.094148,20.482911],[-100.094135,20.482899],[-100.094122,20.482886],[-100.094109,20.482874],[-100.094096,20.482862],[-100.094082,20.48285],[-100.094069,20.482838],[-100.094069,20.482838],[-100.092517,20.481483],[-100.092503,20.481472],[-100.092489,20.48146],[-100.092475,20.481449],[-100.092462,20.481438],[-100.092448,20.481426],[-100.092434,20.481415],[-100.09242,20.481403],[-100.092406,20.481392],[-100.092392,20.48138],[-100.092378,20.481369],[-100.092364,20.481357],[-100.09235,20.481346],[-100.092336,20.481335],[-100.092322,20.481323],[-100.092308,20.481312],[-100.092294,20.4813],[-100.09228,20.481289],[-100.092266,20.481277],[-100.092252,20.481266],[-100.092238,20.481255],[-100.092224,20.481243],[-100.09221,20.481232],[-100.092196,20.48122],[-100.092182,20.481209],[-100.092168,20.481198],[-100.092154,20.481186],[-100.09214,20.481175],[-100.092126,20.481163],[-100.092112,20.481152],[-100.092098,20.48114],[-100.092083,20.481129],[-100.081511,20.472533],[-100.079678,20.471111],[-100.079678,20.471111],[-100.079543,20.471001],[-100.079543,20.471001],[-100.079475,20.470946],[-100.079475,20.470946],[-100.079362,20.470854],[-100.079362,20.470854],[-100.079272,20.47078],[-100.079272,20.47078],[-100.079164,20.470691],[-100.079164,20.470691],[-100.07907,20.470613],[-100.07907,20.470613],[-100.078964,20.470525],[-100.078964,20.470525],[-100.078869,20.470444],[-100.078869,20.470444],[-100.078765,20.470356],[-100.078765,20.470356],[-100.078669,20.470274],[-100.078669,20.470274],[-100.077761,20.469445],[-100.076903,20.468569],[-100.076099,20.467649],[-100.075351,20.466689],[-100.074661,20.46569],[-100.074661,20.46569],[-100.074593,20.465586],[-100.074593,20.465586],[-100.074522,20.465473],[-100.074522,20.465473],[-100.074456,20.465369],[-100.074456,20.465369],[-100.074385,20.465255],[-100.074385,20.465255],[-100.074321,20.465153],[-100.074321,20.465153],[-100.074249,20.465036],[-100.074249,20.465036],[-100.07419,20.464938],[-100.07419,20.464938],[-100.074115,20.464816],[-100.074115,20.464816],[-100.074071,20.464743],[-100.074071,20.464743],[-100.073982,20.464597],[-100.066324,20.451976],[-100.066324,20.451976],[-100.066248,20.451851],[-100.066248,20.451851],[-100.06621,20.451788],[-100.06621,20.451788],[-100.066146,20.451684],[-100.066146,20.451684],[-100.066095,20.4516],[-100.066095,20.4516],[-100.066034,20.4515],[-100.066034,20.4515],[-100.06598,20.451413],[-100.06598,20.451413],[-100.065919,20.451315],[-100.065919,20.451315],[-100.065863,20.451226],[-100.065863,20.451226],[-100.065802,20.45113],[-100.065802,20.45113],[-100.065745,20.451041],[-100.065745,20.451041],[-100.065067,20.450053],[-100.06433,20.449102],[-100.06433,20.449102],[-100.064263,20.44902],[-100.064263,20.44902],[-100.064189,20.448932],[-100.064189,20.448932],[-100.064121,20.448851],[-100.064121,20.448851],[-100.064046,20.448763],[-100.064046,20.448763],[-100.063979,20.448684],[-100.063979,20.448684],[-100.063902,20.448594],[-100.063902,20.448594],[-100.063838,20.448519],[-100.063838,20.448519],[-100.063757,20.448426],[-100.063757,20.448426],[-100.063708,20.44837],[-100.063708,20.44837],[-100.063611,20.448258],[-100.04463,20.426367],[-100.04463,20.426367],[-100.044565,20.426293],[-100.044565,20.426293],[-100.044533,20.426255],[-100.044533,20.426255],[-100.044479,20.426193],[-100.044479,20.426193],[-100.044436,20.426144],[-100.044436,20.426144],[-100.044384,20.426084],[-100.044384,20.426084],[-100.044338,20.426032],[-100.044338,20.426032],[-100.044287,20.425974],[-100.044287,20.425974],[-100.04424,20.425922],[-100.04424,20.425922],[-100.044189,20.425864],[-100.044189,20.425864],[-100.044142,20.425811],[-100.044142,20.425811],[-100.043346,20.424974],[-100.042502,20.424179],[-100.041612,20.42343],[-100.041612,20.42343],[-100.041556,20.423385],[-100.041556,20.423385],[-100.041495,20.423337],[-100.041495,20.423337],[-100.041439,20.423293],[-100.041439,20.423293],[-100.041377,20.423245],[-100.041377,20.423245],[-100.041322,20.423203],[-100.041322,20.423203],[-100.041259,20.423154],[-100.041259,20.423154],[-100.041206,20.423113],[-100.041206,20.423113],[-100.04114,20.423062],[-100.04114,20.423062],[-100.041101,20.423032],[-100.041101,20.423032],[-100.041021,20.422971],[-100.029065,20.413788],[-100.029065,20.413788],[-100.028886,20.413651],[-100.028886,20.413651],[-100.028797,20.413582],[-100.028797,20.413582],[-100.028649,20.413466],[-100.028649,20.413466],[-100.028531,20.413373],[-100.028531,20.413373],[-100.028391,20.41326],[-100.028391,20.41326],[-100.028269,20.413159],[-100.028269,20.413159],[-100.028134,20.413044],[-100.028134,20.413044],[-100.028013,20.412938],[-100.028013,20.412938],[-100.027883,20.41282],[-100.027883,20.41282],[-100.027765,20.412708],[-100.027765,20.412708],[-100.027432,20.412362],[-100.027124,20.411995],[-100.026843,20.41161],[-100.026589,20.411209],[-100.026364,20.410792],[-100.026169,20.410362],[-100.026005,20.409921],[-100.025872,20.40947],[-100.025772,20.409012],[-100.025704,20.408549],[-100.025668,20.408083],[-100.025666,20.407615],[-100.025697,20.407149],[-100.025761,20.406685],[-100.025857,20.406226],[-100.025857,20.406226],[-100.025897,20.406073],[-100.025897,20.406073],[-100.025943,20.405909],[-100.025943,20.405909],[-100.025989,20.405759],[-100.025989,20.405759],[-100.026042,20.405595],[-100.026042,20.405595],[-100.026091,20.405449],[-100.026091,20.405449],[-100.026149,20.405284],[-100.026149,20.405284],[-100.026199,20.405147],[-100.026199,20.405147],[-100.026263,20.404976],[-100.026263,20.404976],[-100.026268,20.404962],[-100.026268,20.404962],[-100.02628,20.404932],[-100.02628,20.404932],[-100.02628,20.404931],[-100.02628,20.404931],[-100.026301,20.404876],[-100.02769,20.401079],[-100.02769,20.401079],[-100.02774,20.400942],[-100.02774,20.400942],[-100.027764,20.400874],[-100.027764,20.400874],[-100.027806,20.40076],[-100.027806,20.40076],[-100.027838,20.400669],[-100.027838,20.400669],[-100.027877,20.40056],[-100.027877,20.40056],[-100.02791,20.400464],[-100.02791,20.400464],[-100.027947,20.400356],[-100.027947,20.400356],[-100.027979,20.400258],[-100.027979,20.400258],[-100.027991,20.40022]]}},{"type":"Feature","properties":{},"geometry":{"type":"LineString","coordinates":[[-100.028241,20.400292],[-100.028163,20.400527],[-100.027999,20.400988],[-100.027294,20.402915],[-100.027409,20.402953],[-100.026723,20.404831],[-100.026723,20.404831],[-100.026649,20.405035],[-100.026649,20.405035],[-100.026612,20.405138],[-100.026612,20.405138],[-100.026551,20.405308],[-100.026551,20.405308],[-100.026504,20.405444],[-100.026504,20.405444],[-100.026449,20.405608],[-100.026449,20.405608],[-100.026402,20.405751],[-100.026402,20.405751],[-100.026353,20.405912],[-100.026353,20.405912],[-100.026311,20.406059],[-100.026311,20.406059],[-100.026268,20.40622],[-100.026268,20.40622],[-100.026232,20.406369],[-100.026232,20.406369],[-100.02615,20.406798],[-100.026097,20.407231],[-100.026074,20.407667],[-100.026081,20.408103],[-100.026119,20.408537],[-100.026187,20.408969],[-100.026284,20.409395],[-100.026411,20.409814],[-100.026566,20.410225],[-100.02675,20.410625],[-100.026961,20.411013],[-100.027198,20.411387],[-100.027461,20.411746],[-100.027748,20.412088],[-100.028059,20.412412],[-100.028059,20.412412],[-100.028172,20.41252],[-100.028172,20.41252],[-100.028298,20.412635],[-100.028298,20.412635],[-100.028416,20.412739],[-100.028416,20.412739],[-100.028548,20.412852],[-100.028548,20.412852],[-100.028667,20.41295],[-100.028667,20.41295],[-100.028806,20.413062],[-100.028806,20.413062],[-100.028922,20.413154],[-100.028922,20.413154],[-100.029069,20.413269],[-100.029069,20.413269],[-100.029157,20.413338],[-100.029157,20.413338],[-100.029335,20.413475],[-100.041323,20.422688],[-100.041323,20.422688],[-100.041402,20.422749],[-100.041402,20.422749],[-100.041441,20.422779],[-100.041441,20.422779],[-100.041508,20.42283],[-100.041508,20.42283],[-100.04156,20.422871],[-100.04156,20.422871],[-100.041624,20.42292],[-100.041624,20.42292],[-100.041679,20.422963],[-100.041679,20.422963],[-100.041742,20.423012],[-100.041742,20.423012],[-100.041798,20.423056],[-100.041798,20.423056],[-100.04186,20.423105],[-100.04186,20.423105],[-100.041917,20.42315],[-100.041917,20.42315],[-100.042815,20.423907],[-100.043668,20.42471],[-100.044473,20.425557],[-100.044473,20.425557],[-100.044521,20.425611],[-100.044521,20.425611],[-100.044572,20.425668],[-100.044572,20.425668],[-100.044619,20.425722],[-100.044619,20.425722],[-100.044671,20.42578],[-100.044671,20.42578],[-100.044717,20.425833],[-100.044717,20.425833],[-100.044769,20.425892],[-100.044769,20.425892],[-100.044812,20.425942],[-100.044812,20.425942],[-100.044866,20.426004],[-100.044866,20.426004],[-100.044899,20.426042],[-100.044899,20.426042],[-100.044964,20.426116],[-100.050247,20.432212],[-100.050192,20.432305],[-100.052122,20.434523],[-100.052222,20.43449],[-100.060249,20.443749],[-100.060249,20.443749],[-100.061685,20.445446],[-100.062085,20.445931],[-100.062085,20.445931],[-100.063531,20.44764],[-100.063917,20.448085],[-100.063917,20.448085],[-100.064014,20.448197],[-100.064014,20.448197],[-100.064063,20.448253],[-100.064063,20.448253],[-100.064144,20.448347],[-100.064144,20.448347],[-100.064223,20.448439],[-100.064223,20.448439],[-100.064174,20.448477],[-100.064174,20.448477],[-100.064942,20.449418],[-100.065655,20.450397],[-100.06631,20.451412],[-100.068916,20.455701],[-100.068991,20.455661],[-100.069409,20.456329],[-100.069594,20.456616],[-100.069594,20.456616],[-100.070859,20.458641],[-100.074413,20.464497],[-100.074413,20.464497],[-100.074501,20.464643],[-100.074501,20.464643],[-100.074546,20.464716],[-100.074546,20.464716],[-100.07462,20.464838],[-100.07462,20.464838],[-100.074679,20.464935],[-100.074679,20.464935],[-100.074751,20.465051],[-100.074751,20.465051],[-100.074814,20.465153],[-100.074814,20.465153],[-100.074885,20.465266],[-100.074885,20.465266],[-100.07495,20.465369],[-100.07495,20.465369],[-100.075021,20.46548],[-100.075021,20.46548],[-100.075088,20.465583],[-100.075088,20.465583],[-100.075906,20.466746],[-100.076807,20.467853],[-100.077787,20.468899],[-100.078842,20.469878],[-100.078842,20.469878],[-100.078937,20.469959],[-100.078937,20.469959],[-100.079039,20.470047],[-100.079039,20.470047],[-100.079134,20.470126],[-100.079134,20.470126],[-100.079239,20.470214],[-100.079239,20.470214],[-100.079332,20.470291],[-100.079332,20.470291],[-100.07944,20.47038],[-100.07944,20.47038],[-100.079529,20.470453],[-100.079529,20.470453],[-100.079642,20.470545],[-100.079642,20.470545],[-100.079709,20.4706],[-100.079709,20.4706],[-100.079845,20.47071],[-100.081524,20.472076],[-100.081524,20.472076],[-100.08158,20.472122],[-100.08158,20.472122],[-100.081613,20.472149],[-100.081613,20.472149],[-100.08166,20.472187],[-100.08166,20.472187],[-100.081698,20.472218],[-100.081698,20.472218],[-100.081745,20.472256],[-100.081745,20.472256],[-100.081786,20.472289],[-100.081786,20.472289],[-100.081831,20.472327],[-100.081831,20.472327],[-100.081873,20.472361],[-100.081873,20.472361],[-100.081918,20.472398],[-100.081918,20.472398],[-100.08196,20.472432],[-100.08423,20.474267],[-100.092334,20.480855],[-100.092348,20.480867],[-100.092362,20.480878],[-100.092376,20.48089],[-100.09239,20.480901],[-100.092404,20.480913],[-100.092418,20.480924],[-100.092432,20.480935],[-100.092446,20.480947],[-100.092461,20.480958],[-100.092475,20.48097],[-100.092489,20.480981],[-100.092503,20.480993],[-100.092517,20.481004],[-100.092531,20.481016],[-100.092545,20.481027],[-100.092559,20.481039],[-100.092573,20.48105],[-100.092587,20.481061],[-100.092601,20.481073],[-100.092615,20.481084],[-100.092629,20.481096],[-100.092643,20.481108],[-100.092657,20.481119],[-100.092671,20.481131],[-100.092686,20.481142],[-100.0927,20.481154],[-100.092714,20.481165],[-100.092728,20.481177],[-100.092742,20.481188],[-100.092756,20.4812],[-100.09277,20.481211],[-100.09277,20.481211],[-100.094337,20.482579],[-100.094351,20.482592],[-100.094364,20.482604],[-100.094377,20.482616],[-100.094391,20.482629],[-100.094404,20.482641],[-100.094417,20.482653],[-100.094431,20.482666],[-100.094444,20.482678],[-100.094457,20.48269],[-100.09447,20.482703],[-100.094484,20.482715],[-100.094497,20.482727],[-100.09451,20.48274],[-100.094523,20.482752],[-100.094537,20.482764],[-100.09455,20.482777],[-100.094563,20.482789],[-100.094576,20.482801],[-100.09459,20.482814],[-100.094603,20.482826],[-100.094616,20.482838],[-100.094629,20.482851],[-100.094642,20.482863],[-100.094655,20.482875],[-100.094669,20.482888],[-100.094682,20.4829],[-100.094695,20.482912],[-100.094708,20.482925],[-100.094721,20.482937],[-100.094735,20.482949],[-100.094748,20.482962],[-100.095347,20.483523],[-100.113081,20.497908],[-100.128897,20.510732],[-100.136355,20.516776],[-100.142416,20.521677],[-100.146813,20.525237],[-100.146849,20.525198],[-100.147068,20.525375],[-100.147068,20.525375]]}},{"type":"Feature","properties":{},"geometry":{"type":"LineString","coordinates":[[-100.146116,20.526416],[-100.146116,20.526416],[-100.141814,20.522928],[-100.141582,20.522739],[-100.141349,20.522549],[-100.141118,20.522357],[-100.140888,20.522163],[-100.14066,20.521966],[-100.14066,20.521966],[-100.140093,20.521447],[-100.13955,20.520907],[-100.139246,20.520586],[-100.139046,20.520368],[-100.138851,20.520152],[-100.138675,20.519955],[-100.138543,20.519808],[-100.138024,20.519225],[-100.137893,20.519078],[-100.137717,20.518882],[-100.137524,20.518667],[-100.137326,20.518452],[-100.137125,20.518238],[-100.137027,20.518135],[-100.137027,20.518135],[-100.13649,20.517603],[-100.135932,20.517091],[-100.135707,20.516897],[-100.13548,20.516705],[-100.135251,20.516515],[-100.135019,20.516327],[-100.134787,20.516138],[-100.097801,20.486147],[-100.095857,20.484501],[-100.095857,20.484501],[-100.095567,20.484237],[-100.095554,20.484224],[-100.095541,20.484212],[-100.095528,20.4842],[-100.095514,20.484188],[-100.095501,20.484175],[-100.095488,20.484163],[-100.095474,20.484151],[-100.095461,20.484138],[-100.095448,20.484126],[-100.095435,20.484114],[-100.095421,20.484101],[-100.095408,20.484089],[-100.095395,20.484077],[-100.095382,20.484064],[-100.095369,20.484052],[-100.095355,20.48404],[-100.095342,20.484027],[-100.095329,20.484015],[-100.095316,20.484003],[-100.095302,20.48399],[-100.095289,20.483978],[-100.095276,20.483966],[-100.095263,20.483953],[-100.09525,20.483941],[-100.095237,20.483929],[-100.095223,20.483916],[-100.09521,20.483904],[-100.095197,20.483892],[-100.095184,20.483879],[-100.095171,20.483867],[-100.095158,20.483855],[-100.094477,20.483218],[-100.094464,20.483206],[-100.094451,20.483193],[-100.094438,20.483181],[-100.094425,20.483169],[-100.094412,20.483156],[-100.094398,20.483144],[-100.094385,20.483132],[-100.094372,20.483119],[-100.094359,20.483107],[-100.094346,20.483095],[-100.094333,20.483083],[-100.09432,20.48307],[-100.094306,20.483058],[-100.094293,20.483046],[-100.09428,20.483033],[-100.094267,20.483021],[-100.094254,20.483009],[-100.094241,20.482997],[-100.094227,20.482984],[-100.094214,20.482972],[-100.094201,20.48296],[-100.094188,20.482948],[-100.094175,20.482935],[-100.094162,20.482923],[-100.094148,20.482911],[-100.094135,20.482899],[-100.094122,20.482886],[-100.094109,20.482874],[-100.094096,20.482862],[-100.094082,20.48285],[-100.094069,20.482838],[-100.094069,20.482838],[-100.092517,20.481483],[-100.092503,20.481472],[-100.092489,20.48146],[-100.092475,20.481449],[-100.092462,20.481438],[-100.092448,20.481426],[-100.092434,20.481415],[-100.09242,20.481403],[-100.092406,20.481392],[-100.092392,20.48138],[-100.092378,20.481369],[-100.092364,20.481357],[-100.09235,20.481346],[-100.092336,20.481335],[-100.092322,20.481323],[-100.092308,20.481312],[-100.092294,20.4813],[-100.09228,20.481289],[-100.092266,20.481277],[-100.092252,20.481266],[-100.092238,20.481255],[-100.092224,20.481243],[-100.09221,20.481232],[-100.092196,20.48122],[-100.092182,20.481209],[-100.092168,20.481198],[-100.092154,20.481186],[-100.09214,20.481175],[-100.092126,20.481163],[-100.092112,20.481152],[-100.092098,20.48114],[-100.092083,20.481129],[-100.081511,20.472533],[-100.079678,20.471111],[-100.079678,20.471111],[-100.079543,20.471001],[-100.079543,20.471001],[-100.079475,20.470946],[-100.079475,20.470946],[-100.079362,20.470854],[-100.079362,20.470854],[-100.079272,20.47078],[-100.079272,20.47078],[-100.079164,20.470691],[-100.079164,20.470691],[-100.07907,20.470613],[-100.07907,20.470613],[-100.078964,20.470525],[-100.078964,20.470525],[-100.078869,20.470444],[-100.078869,20.470444],[-100.078765,20.470356],[-100.078765,20.470356],[-100.078669,20.470274],[-100.078669,20.470274],[-100.077761,20.469445],[-100.076903,20.468569],[-100.076099,20.467649],[-100.075351,20.466689],[-100.074661,20.46569],[-100.074661,20.46569],[-100.074593,20.465586],[-100.074593,20.465586],[-100.074522,20.465473],[-100.074522,20.465473],[-100.074456,20.465369],[-100.074456,20.465369],[-100.074385,20.465255],[-100.074385,20.465255],[-100.074321,20.465153],[-100.074321,20.465153],[-100.074249,20.465036],[-100.074249,20.465036],[-100.07419,20.464938],[-100.07419,20.464938],[-100.074115,20.464816],[-100.074115,20.464816],[-100.074071,20.464743],[-100.074071,20.464743],[-100.073982,20.464597],[-100.066324,20.451976],[-100.066324,20.451976],[-100.066248,20.451851],[-100.066248,20.451851],[-100.06621,20.451788],[-100.06621,20.451788],[-100.066146,20.451684],[-100.066146,20.451684],[-100.066095,20.4516],[-100.066095,20.4516],[-100.066034,20.4515],[-100.066034,20.4515],[-100.06598,20.451413],[-100.06598,20.451413],[-100.065919,20.451315],[-100.065919,20.451315],[-100.065863,20.451226],[-100.065863,20.451226],[-100.065802,20.45113],[-100.065802,20.45113],[-100.065745,20.451041],[-100.065745,20.451041],[-100.065067,20.450053],[-100.06433,20.449102],[-100.06433,20.449102],[-100.064263,20.44902],[-100.064263,20.44902],[-100.064189,20.448932],[-100.064189,20.448932],[-100.064121,20.448851],[-100.064121,20.448851],[-100.064046,20.448763],[-100.064046,20.448763],[-100.063979,20.448684],[-100.063979,20.448684],[-100.063902,20.448594],[-100.063902,20.448594],[-100.063838,20.448519],[-100.063838,20.448519],[-100.063757,20.448426],[-100.063757,20.448426],[-100.063708,20.44837],[-100.063708,20.44837],[-100.063611,20.448258],[-100.04463,20.426367],[-100.04463,20.426367],[-100.044565,20.426293],[-100.044565,20.426293],[-100.044533,20.426255],[-100.044533,20.426255],[-100.044479,20.426193],[-100.044479,20.426193],[-100.044436,20.426144],[-100.044436,20.426144],[-100.044384,20.426084],[-100.044384,20.426084],[-100.044338,20.426032],[-100.044338,20.426032],[-100.044287,20.425974],[-100.044287,20.425974],[-100.04424,20.425922],[-100.04424,20.425922],[-100.044189,20.425864],[-100.044189,20.425864],[-100.044142,20.425811],[-100.044142,20.425811],[-100.043346,20.424974],[-100.042502,20.424179],[-100.041612,20.42343],[-100.041612,20.42343],[-100.041556,20.423385],[-100.041556,20.423385],[-100.041495,20.423337],[-100.041495,20.423337],[-100.041439,20.423293],[-100.041439,20.423293],[-100.041377,20.423245],[-100.041377,20.423245],[-100.041322,20.423203],[-100.041322,20.423203],[-100.041259,20.423154],[-100.041259,20.423154],[-100.041206,20.423113],[-100.041206,20.423113],[-100.04114,20.423062],[-100.04114,20.423062],[-100.041101,20.423032],[-100.041101,20.423032],[-100.041021,20.422971],[-100.029065,20.413788],[-100.029065,20.413788],[-100.028886,20.413651],[-100.028886,20.413651],[-100.028797,20.413582],[-100.028797,20.413582],[-100.028649,20.413466],[-100.028649,20.413466],[-100.028531,20.413373],[-100.028531,20.413373],[-100.028391,20.41326],[-100.028391,20.41326],[-100.028269,20.413159],[-100.028269,20.413159],[-100.028134,20.413044],[-100.028134,20.413044],[-100.028013,20.412938],[-100.028013,20.412938],[-100.027883,20.41282],[-100.027883,20.41282],[-100.027765,20.412708],[-100.027765,20.412708],[-100.027432,20.412362],[-100.027124,20.411995],[-100.026843,20.41161],[-100.026589,20.411209],[-100.026364,20.410792],[-100.026169,20.410362],[-100.026005,20.409921],[-100.025872,20.40947],[-100.025772,20.409012],[-100.025704,20.408549],[-100.025668,20.408083],[-100.025666,20.407615],[-100.025697,20.407149],[-100.025761,20.406685],[-100.025857,20.406226],[-100.025857,20.406226],[-100.025897,20.406073],[-100.025897,20.406073],[-100.025943,20.405909],[-100.025943,20.405909],[-100.025989,20.405759],[-100.025989,20.405759],[-100.026042,20.405595],[-100.026042,20.405595],[-100.026091,20.405449],[-100.026091,20.405449],[-100.026149,20.405284],[-100.026149,20.405284],[-100.026199,20.405147],[-100.026199,20.405147],[-100.026263,20.404976],[-100.026263,20.404976],[-100.026268,20.404962],[-100.026268,20.404962],[-100.02628,20.404932],[-100.02628,20.404932],[-100.02628,20.404931],[-100.02628,20.404931],[-100.026301,20.404876],[-100.02769,20.401079],[-100.02769,20.401079],[-100.02774,20.400942],[-100.02774,20.400942],[-100.027764,20.400874],[-100.027764,20.400874],[-100.027806,20.40076],[-100.027806,20.40076],[-100.027838,20.400669],[-100.027838,20.400669],[-100.027877,20.40056],[-100.027877,20.40056],[-100.02791,20.400464],[-100.02791,20.400464],[-100.027947,20.400356],[-100.027947,20.400356],[-100.027979,20.400258],[-100.027979,20.400258],[-100.027991,20.40022]]}},{"type":"Feature","properties":{},"geometry":{"type":"LineString","coordinates":[[-100.146116,20.526416],[-100.146531,20.525962],[-100.147067,20.525374],[-100.149368,20.527237],[-100.149368,20.527237],[-100.149375,20.527242],[-100.149383,20.527248],[-100.149383,20.527248],[-100.150517,20.528167],[-100.151483,20.528949],[-100.152628,20.529883],[-100.154004,20.530987],[-100.155327,20.532058],[-100.156337,20.532874],[-100.157383,20.533719],[-100.158305,20.534465],[-100.159465,20.535403],[-100.160448,20.536199],[-100.160898,20.536562],[-100.161664,20.537182],[-100.162727,20.538041],[-100.163865,20.538964],[-100.165095,20.539959],[-100.166502,20.541096],[-100.167712,20.542077],[-100.167047,20.542788],[-100.167666,20.543331],[-100.168367,20.54396],[-100.169232,20.544762],[-100.169902,20.545269],[-100.170931,20.546099],[-100.171691,20.546713],[-100.173056,20.547817],[-100.174248,20.548765],[-100.176637,20.550697],[-100.176637,20.550697],[-100.176745,20.550787],[-100.176847,20.550884],[-100.176943,20.550988],[-100.177031,20.551096],[-100.177111,20.55121],[-100.177184,20.551328],[-100.177248,20.551451],[-100.177304,20.551577],[-100.177423,20.551857],[-100.177914,20.553025],[-100.178333,20.554075],[-100.178952,20.555617],[-100.179129,20.556066],[-100.180637,20.559902],[-100.183105,20.566168],[-100.184985,20.570937],[-100.187355,20.576948],[-100.189354,20.58205],[-100.191145,20.586588],[-100.193399,20.592317],[-100.194784,20.595822],[-100.196267,20.599586],[-100.196796,20.600921],[-100.197166,20.601813],[-100.197343,20.602201],[-100.197504,20.602543],[-100.197712,20.602959],[-100.198017,20.603533],[-100.198295,20.604026],[-100.198521,20.604406],[-100.198818,20.604875],[-100.199117,20.60533],[-100.199387,20.60572],[-100.199591,20.605998],[-100.199757,20.606219],[-100.199973,20.606492],[-100.200132,20.606703],[-100.200391,20.60703],[-100.200662,20.607377],[-100.200971,20.607767],[-100.20129,20.60814],[-100.201819,20.608726],[-100.202367,20.609379],[-100.2029,20.610041],[-100.203517,20.61082],[-100.203707,20.611058],[-100.20388,20.611252],[-100.204336,20.611646],[-100.204673,20.611912],[-100.205843,20.612619],[-100.207105,20.61332],[-100.208744,20.614023],[-100.209746,20.614392],[-100.210977,20.61478],[-100.212338,20.61512],[-100.214009,20.615515],[-100.215502,20.615864],[-100.217083,20.616242],[-100.218086,20.616484],[-100.218713,20.616698],[-100.219349,20.616901],[-100.22076,20.617248],[-100.223106,20.617806],[-100.225023,20.618252],[-100.227585,20.618866],[-100.2287,20.619134],[-100.230703,20.619596],[-100.232493,20.620014],[-100.233834,20.620319],[-100.234582,20.620512],[-100.235949,20.620835],[-100.236902,20.621059],[-100.239547,20.621692],[-100.242162,20.622291],[-100.2437,20.622653],[-100.247266,20.623495],[-100.248891,20.623879],[-100.249056,20.62392],[-100.250635,20.624292],[-100.250657,20.624301],[-100.250699,20.624316],[-100.250741,20.624332],[-100.250783,20.624346],[-100.250826,20.624361],[-100.250868,20.624376],[-100.25091,20.624391],[-100.250952,20.624406],[-100.250994,20.624421],[-100.251038,20.624435],[-100.251081,20.624448],[-100.251125,20.624461],[-100.251168,20.624475],[-100.251211,20.624488],[-100.251255,20.624501],[-100.251298,20.624514],[-100.251342,20.624526],[-100.251386,20.624539],[-100.25143,20.624551],[-100.251473,20.624563],[-100.251517,20.624576],[-100.251561,20.624587],[-100.251605,20.624599],[-100.251649,20.62461],[-100.251693,20.624622],[-100.251737,20.624633],[-100.251781,20.624645],[-100.251828,20.624655],[-100.251874,20.624666],[-100.251921,20.624677],[-100.251968,20.624688],[-100.252014,20.624699],[-100.252061,20.62471],[-100.252108,20.624721],[-100.252155,20.624732],[-100.252201,20.624743],[-100.252248,20.624754],[-100.252294,20.624764],[-100.252335,20.624774],[-100.252281,20.624971],[-100.252278,20.624971],[-100.252245,20.624963],[-100.252058,20.624921],[-100.251865,20.624872],[-100.251704,20.624827],[-100.251564,20.624792],[-100.251332,20.624738],[-100.251196,20.624695],[-100.250779,20.624597],[-100.250255,20.624468],[-100.249892,20.62441],[-100.249599,20.624337],[-100.249419,20.624292],[-100.249006,20.624188],[-100.248819,20.624141],[-100.248717,20.624117],[-100.24845,20.624054],[-100.248272,20.624012],[-100.248119,20.623976],[-100.24789,20.623922],[-100.247478,20.623824],[-100.246703,20.623641],[-100.246399,20.62357],[-100.24612,20.623504],[-100.24474,20.623178],[-100.240833,20.622266],[-100.236467,20.621236],[-100.231929,20.620198],[-100.229711,20.619646],[-100.225128,20.618557],[-100.220369,20.617432],[-100.220393,20.617489],[-100.219107,20.61715],[-100.218438,20.616995],[-100.218412,20.617096],[-100.211785,20.615545],[-100.211785,20.615545],[-100.211565,20.615494],[-100.211565,20.615494],[-100.211278,20.615426],[-100.211278,20.615426],[-100.210983,20.615354],[-100.210983,20.615354],[-100.210685,20.61528],[-100.210685,20.61528],[-100.210389,20.615202],[-100.210389,20.615202],[-100.209117,20.614815],[-100.207876,20.614345],[-100.206673,20.613797],[-100.205513,20.613171],[-100.204401,20.612472],[-100.203344,20.611702],[-100.202345,20.610866],[-100.201409,20.609966],[-100.200542,20.609008],[-100.199747,20.607996],[-100.199028,20.606935],[-100.198389,20.60583],[-100.197832,20.604686],[-100.197832,20.604686],[-100.197774,20.604555],[-100.197774,20.604555],[-100.197714,20.604414],[-100.197714,20.604414],[-100.197659,20.604285],[-100.197659,20.604285],[-100.1976,20.604143],[-100.1976,20.604143],[-100.197549,20.604016],[-100.197549,20.604016],[-100.19749,20.603872],[-100.19749,20.603872],[-100.197442,20.603751],[-100.197442,20.603751],[-100.197382,20.6036],[-100.197382,20.6036],[-100.197346,20.60351],[-100.197346,20.60351],[-100.197275,20.603329],[-100.191952,20.589818],[-100.191989,20.589805],[-100.191942,20.589686],[-100.192023,20.589692],[-100.190701,20.586332],[-100.190635,20.586378],[-100.18508,20.572307],[-100.185055,20.572307],[-100.178741,20.556274],[-100.178741,20.556274],[-100.17867,20.556093],[-100.17867,20.556093],[-100.178634,20.556003],[-100.178634,20.556003],[-100.178575,20.555853],[-100.178575,20.555853],[-100.178527,20.555733],[-100.178527,20.555733],[-100.178469,20.55559],[-100.178469,20.55559],[-100.178418,20.555465],[-100.178418,20.555465],[-100.17836,20.555325],[-100.17836,20.555325],[-100.178306,20.555198],[-100.178306,20.555198],[-100.178247,20.55506],[-100.178247,20.55506],[-100.178192,20.554933],[-100.178192,20.554933],[-100.177708,20.553929],[-100.17716,20.552955],[-100.176549,20.552015],[-100.175877,20.551111],[-100.175148,20.550249],[-100.174364,20.54943],[-100.173528,20.548659],[-100.173528,20.548659],[-100.173319,20.54848],[-100.173319,20.54848],[-100.173092,20.54829],[-100.173092,20.54829],[-100.172864,20.548102],[-100.172864,20.548102],[-100.172638,20.547918],[-100.172638,20.547918],[-100.172449,20.547765],[-100.146116,20.526416]]}},{"type":"Feature","properties":{},"geometry":{"type":"LineString","coordinates":[[-100.150452,20.529932],[-100.150869,20.529474],[-100.14998,20.528755],[-100.149543,20.528401],[-100.149543,20.528401],[-100.149526,20.528387],[-100.14877,20.527775],[-100.14853,20.528057],[-100.148366,20.528241],[-100.150452,20.529932]]}},{"type":"Feature","properties":{},"geometry":{"type":"LineString","coordinates":[[-100.152501,20.531593],[-100.152903,20.531122],[-100.152092,20.530471],[-100.150946,20.529536],[-100.150869,20.529474],[-100.150452,20.529932],[-100.152501,20.531593]]}},{"type":"Feature","properties":{},"geometry":{"type":"LineString","coordinates":[[-100.154623,20.533314],[-100.155041,20.532848],[-100.15479,20.532646],[-100.153469,20.531576],[-100.152903,20.531122],[-100.152501,20.531593],[-100.154623,20.533314]]}},{"type":"Feature","properties":{},"geometry":{"type":"LineString","coordinates":[[-100.156727,20.53502],[-100.157139,20.534543],[-100.156848,20.534308],[-100.155801,20.533462],[-100.155041,20.532848],[-100.154623,20.533314],[-100.156727,20.53502]]}},{"type":"Feature","properties":{},"geometry":{"type":"LineString","coordinates":[[-100.158281,20.53628],[-100.157895,20.535154],[-100.157769,20.535053],[-100.157139,20.534543],[-100.156727,20.53502],[-100.158281,20.53628]]}},{"type":"Feature","properties":{},"geometry":{"type":"LineString","coordinates":[[-100.159868,20.537566],[-100.160633,20.53737],[-100.160362,20.53715],[-100.159912,20.536787],[-100.158929,20.535991],[-100.157895,20.535154],[-100.158281,20.53628],[-100.159868,20.537566]]}},{"type":"Feature","properties":{},"geometry":{"type":"LineString","coordinates":[[-100.161319,20.538743],[-100.161827,20.538586],[-100.161705,20.538236],[-100.161128,20.53777],[-100.160633,20.53737],[-100.159868,20.537566],[-100.161319,20.538743]]}},{"type":"Feature","properties":{},"geometry":{"type":"LineString","coordinates":[[-100.165471,20.542108],[-100.165887,20.541958],[-100.165882,20.541617],[-100.164559,20.540547],[-100.163328,20.539552],[-100.162191,20.538629],[-100.161705,20.538236],[-100.161827,20.538586],[-100.162112,20.539386],[-100.165471,20.542108]]}},{"type":"Feature","properties":{},"geometry":{"type":"LineString","coordinates":[[-100.162112,20.539386],[-100.161827,20.538586],[-100.161319,20.538743],[-100.162112,20.539386]]}},{"type":"Feature","properties":{},"geometry":{"type":"LineString","coordinates":[[-100.210011,20.614833],[-100.210452,20.618079]]}},{"type":"Feature","properties":{},"geometry":{"type":"LineString","coordinates":[[-100.210452,20.618079],[-100.219367,20.619412]]}},{"type":"Feature","properties":{},"geometry":{"type":"LineString","coordinates":[[-100.219367,20.619412],[-100.218349,20.616862]]}},{"type":"Feature","properties":{},"geometry":{"type":"LineString","coordinates":[[-100.166111,20.542627],[-100.167272,20.543569],[-100.167394,20.543557],[-100.167128,20.543341],[-100.1668,20.543076],[-100.166452,20.542794],[-100.166828,20.542383],[-100.165966,20.541684],[-100.165882,20.541617],[-100.165887,20.541958],[-100.166111,20.542627]]}},{"type":"Feature","properties":{},"geometry":{"type":"LineString","coordinates":[[-100.166111,20.542627],[-100.165887,20.541958],[-100.165471,20.542108],[-100.166111,20.542627]]}},{"type":"Feature","properties":{},"geometry":{"type":"LineString","coordinates":[[-100.167963,20.544128],[-100.167919,20.543984],[-100.167787,20.543874],[-100.167464,20.543613],[-100.167394,20.543557],[-100.167272,20.543569],[-100.167963,20.544128]]}},{"type":"Feature","properties":{},"geometry":{"type":"LineString","coordinates":[[-100.1683,20.544401],[-100.16841,20.544391],[-100.167919,20.543984],[-100.167963,20.544128],[-100.1683,20.544401]]}},{"type":"Feature","properties":{},"geometry":{"type":"LineString","coordinates":[[-100.169715,20.545549],[-100.169711,20.545436],[-100.168824,20.544734],[-100.16841,20.544391],[-100.1683,20.544401],[-100.169715,20.545549]]}},{"type":"Feature","properties":{},"geometry":{"type":"LineString","coordinates":[[-100.172166,20.547536],[-100.172209,20.547448],[-100.171746,20.547079],[-100.170682,20.546219],[-100.17004,20.545699],[-100.170003,20.545782],[-100.172166,20.547536]]}},{"type":"Feature","properties":{},"geometry":{"type":"LineString","coordinates":[[-100.173615,20.548735],[-100.174252,20.549321],[-100.174252,20.549321],[-100.174499,20.549308],[-100.174223,20.549084],[-100.173372,20.548395],[-100.172463,20.54765],[-100.172209,20.547448],[-100.172166,20.547536],[-100.172472,20.547783],[-100.172472,20.547783],[-100.172626,20.547909],[-100.172626,20.547909],[-100.172704,20.547971],[-100.172704,20.547971],[-100.172832,20.548076],[-100.172832,20.548076],[-100.172935,20.54816],[-100.172935,20.54816],[-100.173058,20.548261],[-100.173058,20.548261],[-100.173164,20.54835],[-100.173164,20.54835],[-100.173283,20.54845],[-100.173283,20.54845],[-100.173391,20.548541],[-100.173391,20.548541],[-100.173508,20.548641],[-100.173508,20.548641],[-100.173615,20.548735]]}},{"type":"Feature","properties":{},"geometry":{"type":"LineString","coordinates":[[-100.17563,20.550806],[-100.176273,20.550743],[-100.174499,20.549308],[-100.174252,20.549321],[-100.174252,20.549321],[-100.174963,20.550046],[-100.17563,20.550806]]}},{"type":"Feature","properties":{},"geometry":{"type":"LineString","coordinates":[[-100.182399,20.565564],[-100.182561,20.565567],[-100.18132,20.562415],[-100.181232,20.5626],[-100.182399,20.565564]]}},{"type":"Feature","properties":{},"geometry":{"type":"LineString","coordinates":[[-100.183665,20.568779],[-100.183828,20.568782],[-100.182835,20.566262],[-100.182561,20.565567],[-100.182399,20.565564],[-100.183665,20.568779]]}},{"type":"Feature","properties":{},"geometry":{"type":"LineString","coordinates":[[-100.184395,20.570633],[-100.18456,20.570638],[-100.183865,20.568874],[-100.183701,20.568871],[-100.184395,20.570633]]}},{"type":"Feature","properties":{},"geometry":{"type":"LineString","coordinates":[[-100.185055,20.572307],[-100.18508,20.572307],[-100.185113,20.572391],[-100.185254,20.572398],[-100.184715,20.571032],[-100.18456,20.570638],[-100.184395,20.570633],[-100.185055,20.572307]]}},{"type":"Feature","properties":{},"geometry":{"type":"LineString","coordinates":[[-100.146116,20.526416],[-100.146233,20.526511],[-100.146394,20.526334],[-100.146648,20.526057],[-100.146531,20.525962],[-100.146116,20.526416]]}},{"type":"Feature","properties":{},"geometry":{"type":"LineString","coordinates":[[-100.147584,20.527607],[-100.147745,20.527425],[-100.146394,20.526334],[-100.146233,20.526511],[-100.147584,20.527607]]}},{"type":"Feature","properties":{},"geometry":{"type":"LineString","coordinates":[[-100.148366,20.528241],[-100.148523,20.528064],[-100.147745,20.527425],[-100.147584,20.527607],[-100.148366,20.528241]]}},{"type":"Feature","properties":{},"geometry":{"type":"LineString","coordinates":[[-100.148523,20.528064],[-100.14853,20.528057],[-100.14877,20.527775],[-100.146648,20.526057],[-100.146394,20.526334],[-100.147745,20.527425],[-100.148523,20.528064]]}},{"type":"Feature","properties":{},"geometry":{"type":"LineString","coordinates":[[-100.193321,20.593292],[-100.193374,20.593031],[-100.193129,20.592412],[-100.19206,20.589694],[-100.191942,20.589686],[-100.191988,20.589804],[-100.191952,20.589818],[-100.193321,20.593292]]}},{"type":"Feature","properties":{},"geometry":{"type":"LineString","coordinates":[[-100.194954,20.597439],[-100.195084,20.597362],[-100.194514,20.595917],[-100.193374,20.593031],[-100.193321,20.593292],[-100.194954,20.597439]]}},{"type":"Feature","properties":{},"geometry":{"type":"LineString","coordinates":[[-100.19591,20.599864],[-100.196028,20.599757],[-100.195997,20.599681],[-100.195084,20.597362],[-100.194954,20.597439],[-100.19591,20.599864]]}},{"type":"Feature","properties":{},"geometry":{"type":"LineString","coordinates":[[-100.202186,20.610722],[-100.203862,20.611746],[-100.203394,20.611117],[-100.203287,20.610983],[-100.20267,20.610204],[-100.202139,20.609545],[-100.201596,20.608898],[-100.201069,20.608313],[-100.200743,20.607933],[-100.200431,20.607538],[-100.200263,20.607322],[-100.199417,20.60753],[-100.199417,20.60753],[-100.200037,20.608382],[-100.200706,20.6092],[-100.201423,20.609981],[-100.202186,20.610722]]}},{"type":"Feature","properties":{},"geometry":{"type":"LineString","coordinates":[[-100.204312,20.612411],[-100.203954,20.611905],[-100.202594,20.611086],[-100.202594,20.611086],[-100.203433,20.611772],[-100.204312,20.612411]]}},{"type":"Feature","properties":{},"geometry":{"type":"LineString","coordinates":[[-100.209885,20.61506],[-100.210011,20.614833],[-100.208859,20.614425],[-100.207242,20.613743],[-100.206589,20.613445],[-100.205086,20.612608],[-100.204166,20.612003],[-100.204502,20.61254],[-100.204502,20.61254],[-100.205508,20.613168],[-100.206553,20.613736],[-100.207634,20.614242],[-100.208746,20.614684],[-100.209885,20.61506]]}},{"type":"Feature","properties":{},"geometry":{"type":"LineString","coordinates":[[-100.209885,20.61506],[-100.210048,20.615107],[-100.210048,20.615107],[-100.210011,20.614834],[-100.21001,20.614834],[-100.209885,20.61506]]}},{"type":"Feature","properties":{},"geometry":{"type":"LineString","coordinates":[[-100.218412,20.617096],[-100.218424,20.61705],[-100.218349,20.616862],[-100.217324,20.616641],[-100.21492,20.616062],[-100.211869,20.615348],[-100.210166,20.61491],[-100.210011,20.614834],[-100.210048,20.615107],[-100.210048,20.615107],[-100.210292,20.615176],[-100.210292,20.615176],[-100.210435,20.615215],[-100.210435,20.615215],[-100.21059,20.615255],[-100.21059,20.615255],[-100.210732,20.615292],[-100.210732,20.615292],[-100.210889,20.615331],[-100.210889,20.615331],[-100.211028,20.615366],[-100.211028,20.615366],[-100.211188,20.615404],[-100.211188,20.615404],[-100.21132,20.615436],[-100.21132,20.615436],[-100.211486,20.615475],[-100.211486,20.615475],[-100.211586,20.615499],[-100.211586,20.615499],[-100.211785,20.615545],[-100.218412,20.617096]]}},{"type":"Feature","properties":{},"geometry":{"type":"LineString","coordinates":[[-100.219107,20.61715],[-100.220393,20.617489],[-100.220369,20.617432],[-100.219266,20.617161],[-100.218618,20.616954],[-100.218349,20.616862],[-100.218424,20.61705],[-100.218438,20.616995],[-100.219107,20.61715]]}},{"type":"Feature","properties":{},"geometry":{"type":"LineString","coordinates":[[-100.197275,20.603329],[-100.197346,20.60351],[-100.197346,20.60351],[-100.197353,20.603528],[-100.197353,20.603528],[-100.197664,20.603475],[-100.197453,20.603077],[-100.197242,20.602656],[-100.197079,20.602309],[-100.196899,20.601915],[-100.196527,20.601017],[-100.196028,20.599757],[-100.19591,20.599864],[-100.197275,20.603329]]}},{"type":"Feature","properties":{},"geometry":{"type":"LineString","coordinates":[[-100.161319,20.538743],[-100.161827,20.538586],[-100.161705,20.538236],[-100.161128,20.53777],[-100.160633,20.53737],[-100.159868,20.537566],[-100.161319,20.538743]]}},{"type":"Feature","properties":{},"geometry":{"type":"LineString","coordinates":[[-100.191511,20.588298],[-100.191479,20.58831]]}},{"type":"Feature","properties":{},"geometry":{"type":"LineString","coordinates":[[-100.19206,20.589694],[-100.191465,20.588181],[-100.190838,20.586586],[-100.190809,20.586606],[-100.192023,20.589692],[-100.19206,20.589694]]}},{"type":"Feature","properties":{},"geometry":{"type":"LineString","coordinates":[[-100.190838,20.586586],[-100.190729,20.586312],[-100.190701,20.586332],[-100.190809,20.586606],[-100.190838,20.586586]]}},{"type":"Feature","properties":{},"geometry":{"type":"LineString","coordinates":[[-100.184768,20.574376],[-100.189563,20.586446],[-100.189638,20.586416],[-100.189718,20.586631],[-100.189746,20.586714],[-100.189897,20.586668],[-100.189965,20.586848],[-100.190729,20.586312],[-100.189084,20.582144],[-100.187085,20.577042],[-100.18603,20.574368]]}},{"type":"Feature","properties":{},"geometry":{"type":"LineString","coordinates":[[-100.185894,20.574369],[-100.18603,20.574368],[-100.185254,20.572398],[-100.185113,20.572391],[-100.185894,20.574369]]}},{"type":"Feature","properties":{},"geometry":{"type":"LineString","coordinates":[[-100.190635,20.586378],[-100.190729,20.586312],[-100.189084,20.582144],[-100.187085,20.577042],[-100.18603,20.574368],[-100.185894,20.574369],[-100.190635,20.586378]]}},{"type":"Feature","properties":{},"geometry":{"type":"LineString","coordinates":[[-100.199417,20.60753],[-100.200263,20.607322],[-100.20016,20.607191],[-100.199899,20.606863],[-100.19974,20.606651],[-100.199524,20.606378],[-100.199355,20.606153],[-100.199148,20.605871],[-100.198874,20.605476],[-100.198572,20.605016],[-100.198272,20.604542],[-100.198042,20.604156],[-100.197761,20.603658],[-100.197664,20.603475],[-100.197353,20.603528],[-100.197353,20.603528],[-100.197382,20.6036],[-100.197382,20.6036],[-100.197442,20.603751],[-100.197442,20.603751],[-100.19749,20.603872],[-100.19749,20.603872],[-100.197549,20.604016],[-100.197549,20.604016],[-100.1976,20.604143],[-100.1976,20.604143],[-100.197659,20.604285],[-100.197659,20.604285],[-100.197714,20.604414],[-100.197714,20.604414],[-100.197774,20.604555],[-100.197774,20.604555],[-100.197831,20.604685],[-100.197831,20.604685],[-100.1983,20.605662],[-100.19883,20.606611],[-100.199417,20.60753]]}},{"type":"Feature","properties":{},"geometry":{"type":"LineString","coordinates":[[-100.170003,20.545782],[-100.17004,20.545699],[-100.169851,20.545547],[-100.169711,20.545436],[-100.169715,20.545549],[-100.170003,20.545782]]}},{"type":"Feature","properties":{},"geometry":{"type":"LineString","coordinates":[[-100.178192,20.554933],[-100.178247,20.55506],[-100.178247,20.55506],[-100.178306,20.555198],[-100.178306,20.555198],[-100.17836,20.555325],[-100.17836,20.555325],[-100.178418,20.555465],[-100.178418,20.555465],[-100.178469,20.55559],[-100.178469,20.55559],[-100.178527,20.555733],[-100.178527,20.555733],[-100.178575,20.555853],[-100.178575,20.555853],[-100.178634,20.556003],[-100.178634,20.556003],[-100.17867,20.556093],[-100.17867,20.556093],[-100.178741,20.556274],[-100.178741,20.556274],[-100.181232,20.5626],[-100.18132,20.562415],[-100.180367,20.559996],[-100.178859,20.55616],[-100.178682,20.555712],[-100.178064,20.55417],[-100.177645,20.553122],[-100.177156,20.551957],[-100.176939,20.551449],[-100.176802,20.551172],[-100.176273,20.550743],[-100.17563,20.550806],[-100.17563,20.550806],[-100.176379,20.551775],[-100.177058,20.552789],[-100.177663,20.553843],[-100.178192,20.554933]]}},{"type":"Feature","properties":{},"geometry":{"type":"LineString","coordinates":[[-100.204312,20.612411],[-100.204502,20.61254],[-100.204502,20.61254],[-100.204166,20.612003],[-100.205086,20.612608],[-100.206589,20.613445],[-100.207242,20.613743],[-100.208859,20.614425],[-100.210011,20.614833],[-100.210011,20.614834],[-100.210166,20.61491],[-100.211869,20.615348],[-100.21492,20.616062],[-100.217324,20.616641],[-100.218349,20.616862],[-100.218001,20.616744],[-100.217012,20.616504],[-100.215432,20.616127],[-100.21394,20.615778],[-100.212266,20.615382],[-100.210895,20.61504],[-100.209648,20.614647],[-100.208632,20.614272],[-100.206972,20.613561],[-100.205692,20.61285],[-100.204502,20.612131],[-100.204146,20.611849],[-100.203832,20.611578],[-100.203658,20.611425],[-100.203482,20.611227],[-100.203394,20.611117],[-100.203862,20.611746],[-100.202186,20.610722],[-100.202186,20.610722],[-100.202594,20.611086],[-100.203954,20.611905],[-100.204312,20.612411]]}},{"type":"Feature","properties":{},"geometry":{"type":"LineString","coordinates":[[-100.19591,20.599864],[-100.196028,20.599757],[-100.195997,20.599681],[-100.195084,20.597362],[-100.194954,20.597439],[-100.19591,20.599864]]}},{"type":"Feature","properties":{},"geometry":{"type":"LineString","coordinates":[[-100.326414,20.61596],[-100.326415,20.615958],[-100.326415,20.615958],[-100.326642,20.615679],[-100.326642,20.615679],[-100.326746,20.615543],[-100.326746,20.615543],[-100.326857,20.615392],[-100.326857,20.615392],[-100.326953,20.615257],[-100.326953,20.615257],[-100.327061,20.615101],[-100.327061,20.615101],[-100.327149,20.614971],[-100.327149,20.614971],[-100.327198,20.614897],[-100.32725,20.614825],[-100.32725,20.614825],[-100.327322,20.614722],[-100.327366,20.614656],[-100.327529,20.61439],[-100.327932,20.613786],[-100.327932,20.613786],[-100.328013,20.613663],[-100.328013,20.613663],[-100.328054,20.613603],[-100.328054,20.613603],[-100.328122,20.613502],[-100.328122,20.613502],[-100.328177,20.613421],[-100.328177,20.613421],[-100.328243,20.613326],[-100.328243,20.613326],[-100.328301,20.613243],[-100.328301,20.613243],[-100.328367,20.61315],[-100.328367,20.61315],[-100.328428,20.613067],[-100.328428,20.613067],[-100.328496,20.612978],[-100.328496,20.612978],[-100.328559,20.612896],[-100.328559,20.612896],[-100.328865,20.612535],[-100.329197,20.612195],[-100.329552,20.611878],[-100.32993,20.611584],[-100.330329,20.611315],[-100.330747,20.611073],[-100.331181,20.610859],[-100.33163,20.610673],[-100.332091,20.610517],[-100.332563,20.610391],[-100.333043,20.610297],[-100.333529,20.610233],[-100.334018,20.610202],[-100.334018,20.610202],[-100.334125,20.610199],[-100.334125,20.610199],[-100.334242,20.610198],[-100.334242,20.610198],[-100.334349,20.610198],[-100.334349,20.610198],[-100.334467,20.610199],[-100.334467,20.610199],[-100.334573,20.610201],[-100.334573,20.610201],[-100.334694,20.610204],[-100.334694,20.610204],[-100.334795,20.610208],[-100.334795,20.610208],[-100.334922,20.610212],[-100.334922,20.610212],[-100.334998,20.610215],[-100.334998,20.610215],[-100.335152,20.610222],[-100.335532,20.610238],[-100.335532,20.610238],[-100.33566,20.610243],[-100.33566,20.610243],[-100.335724,20.610246],[-100.335724,20.610246],[-100.335832,20.61025],[-100.335832,20.61025],[-100.335918,20.610253],[-100.335918,20.610253],[-100.336021,20.610256],[-100.336021,20.610256],[-100.336113,20.610258],[-100.336113,20.610258],[-100.336215,20.610259],[-100.336215,20.610259],[-100.336308,20.61026],[-100.336308,20.61026],[-100.33641,20.61026],[-100.33641,20.61026],[-100.336505,20.610258],[-100.336505,20.610258],[-100.33697,20.610235],[-100.337433,20.610185],[-100.337891,20.610108],[-100.338343,20.610004],[-100.338311,20.609892],[-100.338366,20.609878],[-100.3387,20.609777],[-100.338738,20.60989],[-100.338738,20.60989],[-100.339191,20.609731],[-100.339632,20.609544],[-100.340059,20.609331],[-100.340471,20.609093],[-100.340866,20.60883],[-100.340866,20.60883],[-100.340941,20.608775],[-100.340941,20.608775],[-100.341021,20.608716],[-100.341021,20.608716],[-100.341094,20.608661],[-100.341094,20.608661],[-100.341173,20.6086],[-100.341173,20.6086],[-100.341243,20.608545],[-100.341243,20.608545],[-100.341323,20.608482],[-100.341323,20.608482],[-100.341388,20.608429],[-100.341388,20.608429],[-100.34147,20.608363],[-100.34147,20.608363],[-100.341518,20.608324],[-100.341518,20.608324],[-100.341615,20.608245],[-100.341858,20.608047],[-100.341858,20.608047],[-100.341974,20.607952],[-100.341974,20.607952],[-100.342031,20.607905],[-100.342031,20.607905],[-100.342128,20.607827],[-100.342128,20.607827],[-100.342205,20.607766],[-100.342205,20.607766],[-100.342298,20.607692],[-100.342298,20.607692],[-100.342379,20.607629],[-100.342379,20.607629],[-100.342471,20.607559],[-100.342471,20.607559],[-100.342555,20.607496],[-100.342555,20.607496],[-100.342647,20.607429],[-100.342647,20.607429],[-100.342733,20.607368],[-100.342733,20.607368],[-100.343127,20.607112],[-100.343538,20.606882],[-100.343964,20.606678],[-100.344404,20.606501],[-100.344855,20.606352],[-100.345316,20.606231],[-100.345316,20.606231],[-100.345421,20.606208],[-100.345421,20.606208],[-100.345535,20.606184],[-100.345535,20.606184],[-100.345586,20.606174],[-100.3459,20.6061],[-100.346295,20.60604],[-100.346918,20.605924],[-100.347374,20.605842],[-100.347695,20.605775],[-100.347847,20.605738],[-100.348064,20.605682],[-100.348274,20.605627],[-100.348702,20.60547],[-100.348882,20.6054],[-100.34912,20.605295],[-100.349362,20.60518],[-100.349378,20.605206],[-100.349378,20.605206],[-100.349469,20.60516],[-100.349469,20.60516],[-100.349552,20.605117],[-100.349552,20.605117],[-100.34964,20.605069],[-100.34964,20.605069],[-100.349721,20.605025],[-100.349721,20.605025],[-100.349809,20.604976],[-100.349809,20.604976],[-100.349887,20.604931],[-100.349887,20.604931],[-100.349975,20.60488],[-100.349975,20.60488],[-100.350048,20.604837],[-100.350048,20.604837],[-100.350139,20.604783],[-100.350139,20.604783],[-100.350194,20.604751],[-100.350194,20.604751],[-100.350302,20.604686],[-100.351195,20.604152],[-100.351174,20.604121],[-100.351422,20.603984],[-100.351705,20.603819],[-100.351977,20.603655],[-100.352136,20.603561],[-100.352279,20.603471],[-100.352438,20.603373],[-100.352736,20.603199],[-100.353103,20.602977],[-100.35352,20.602756],[-100.353872,20.602584],[-100.354149,20.602463],[-100.354599,20.602294],[-100.354997,20.602167],[-100.355354,20.602083],[-100.355537,20.602047],[-100.355803,20.601992],[-100.356087,20.601954],[-100.356523,20.601906],[-100.356987,20.601892],[-100.357463,20.601911],[-100.358139,20.601968],[-100.358405,20.602006],[-100.358886,20.602115],[-100.359312,20.60224],[-100.359833,20.60242],[-100.359833,20.60242],[-100.360019,20.60249],[-100.3602,20.602569],[-100.360377,20.602655],[-100.36085,20.602883],[-100.361164,20.603033],[-100.36149,20.603192],[-100.361948,20.603414],[-100.362298,20.603586],[-100.36263,20.60374],[-100.362894,20.603862],[-100.362921,20.603874],[-100.362921,20.603874],[-100.363275,20.603994],[-100.363636,20.604098],[-100.364001,20.604185],[-100.364193,20.604213],[-100.364377,20.604238],[-100.364738,20.604288],[-100.364928,20.604314],[-100.364925,20.604334],[-100.365254,20.604366],[-100.365392,20.604373],[-100.365599,20.604389],[-100.365851,20.604394],[-100.366031,20.604388],[-100.36621,20.604379],[-100.366402,20.604363],[-100.366585,20.604341],[-100.366767,20.60431],[-100.366959,20.604279],[-100.367137,20.60424],[-100.36733,20.604192],[-100.367521,20.604137],[-100.367718,20.604071],[-100.367895,20.604009],[-100.368081,20.603928],[-100.368242,20.603846],[-100.368437,20.603754],[-100.368574,20.603689],[-100.368829,20.603576],[-100.369018,20.603499],[-100.369215,20.603428],[-100.369371,20.603375],[-100.369512,20.603333],[-100.369684,20.603286],[-100.369816,20.603252],[-100.369956,20.603222],[-100.37008,20.603196],[-100.370329,20.60316],[-100.37048,20.603139],[-100.370711,20.603126],[-100.370931,20.603114],[-100.371132,20.603114],[-100.371336,20.603119],[-100.371545,20.603134],[-100.371789,20.603157],[-100.372,20.603184],[-100.372202,20.603209],[-100.372449,20.60325],[-100.373831,20.603494],[-100.374756,20.603654],[-100.374988,20.60369],[-100.375171,20.603712],[-100.375449,20.603734],[-100.375798,20.603748],[-100.376602,20.603733],[-100.377214,20.603729],[-100.377996,20.603705],[-100.378413,20.603696],[-100.378916,20.603677],[-100.379325,20.603652],[-100.379645,20.603629],[-100.380051,20.603635],[-100.381288,20.603473],[-100.381466,20.603436],[-100.381678,20.603392],[-100.38189,20.603346],[-100.382031,20.603316],[-100.38434,20.602818],[-100.384431,20.602798],[-100.384643,20.602753],[-100.384854,20.602708],[-100.385064,20.602665],[-100.385237,20.60263],[-100.385531,20.602566],[-100.385828,20.602476],[-100.386226,20.602404],[-100.38628,20.602366],[-100.386593,20.60233],[-100.386963,20.602306],[-100.387066,20.602268],[-100.387121,20.602262],[-100.387461,20.602225],[-100.387718,20.602203],[-100.388175,20.602153],[-100.38869,20.602101],[-100.389314,20.602037],[-100.38967,20.601993],[-100.389689,20.601977],[-100.389778,20.601967],[-100.390416,20.601897],[-100.390996,20.601828],[-100.391169,20.601805],[-100.391793,20.601752],[-100.392256,20.601722],[-100.392343,20.601719],[-100.392448,20.601714],[-100.39358,20.601696],[-100.393932,20.601662],[-100.39395,20.601661],[-100.393951,20.601636],[-100.393993,20.601635],[-100.39426,20.601626],[-100.395,20.601585],[-100.395,20.601613],[-100.395512,20.601637],[-100.395511,20.601664],[-100.398685,20.601547],[-100.39923,20.601509],[-100.39966,20.601495],[-100.399997,20.601468],[-100.400474,20.601437],[-100.400968,20.601439],[-100.400976,20.601463],[-100.400983,20.601488],[-100.401793,20.601458],[-100.402959,20.601415],[-100.405011,20.60134],[-100.40728,20.601256],[-100.409061,20.601191],[-100.412435,20.601066],[-100.413011,20.601045],[-100.413831,20.601015],[-100.41461,20.600986],[-100.414913,20.600975],[-100.415284,20.600939],[-100.415516,20.600931],[-100.415775,20.600921],[-100.416072,20.60091],[-100.416528,20.600893],[-100.416863,20.600881],[-100.417441,20.60086],[-100.418613,20.600817],[-100.418794,20.600809],[-100.419278,20.600791],[-100.419278,20.600791],[-100.419562,20.600788],[-100.419845,20.600801],[-100.420126,20.600832],[-100.420314,20.600872],[-100.420504,20.600905],[-100.421276,20.600958],[-100.421855,20.601008],[-100.422934,20.601028],[-100.42307,20.601024],[-100.424157,20.601063],[-100.424157,20.601063],[-100.424531,20.601081],[-100.424906,20.601081],[-100.442195,20.600438],[-100.443263,20.600331],[-100.443647,20.600281],[-100.443935,20.60025],[-100.444433,20.600169],[-100.444904,20.600096],[-100.446224,20.59989],[-100.446922,20.599782],[-100.447666,20.599744],[-100.447816,20.599733],[-100.448297,20.59968],[-100.448727,20.59966],[-100.449845,20.599607],[-100.450994,20.59965]]}},{"type":"Feature","properties":{},"geometry":{"type":"LineString","coordinates":[[-100.296573,20.630827],[-100.29663,20.630904],[-100.297609,20.63082],[-100.297609,20.63082],[-100.297813,20.630803],[-100.297813,20.630803],[-100.297915,20.630795],[-100.297915,20.630795],[-100.298084,20.63078],[-100.298084,20.63078],[-100.29822,20.63077],[-100.29822,20.63077],[-100.298382,20.630757],[-100.298382,20.630757],[-100.298524,20.630746],[-100.298524,20.630746],[-100.298683,20.630735],[-100.298683,20.630735],[-100.298828,20.630726],[-100.298828,20.630726],[-100.298985,20.630717],[-100.298985,20.630717],[-100.299131,20.63071],[-100.299131,20.63071],[-100.300304,20.630688],[-100.301475,20.630734],[-100.301496,20.630738],[-100.301716,20.63077],[-100.301842,20.630787],[-100.302835,20.630899],[-100.302835,20.630899],[-100.302837,20.630899],[-100.306086,20.631246],[-100.306086,20.631246],[-100.306303,20.631269],[-100.306303,20.631269],[-100.306411,20.63128],[-100.306411,20.63128],[-100.306593,20.631298],[-100.306593,20.631298],[-100.306739,20.631311],[-100.306739,20.631311],[-100.306914,20.631326],[-100.306914,20.631326],[-100.307068,20.631338],[-100.307068,20.631338],[-100.307241,20.631349],[-100.307241,20.631349],[-100.307399,20.631356],[-100.307399,20.631356],[-100.307572,20.631361],[-100.307572,20.631361],[-100.307733,20.631363],[-100.307733,20.631363],[-100.308256,20.631348],[-100.308777,20.631298],[-100.309292,20.631215],[-100.309801,20.631098],[-100.310299,20.630949],[-100.310785,20.630767],[-100.311257,20.630555],[-100.311713,20.630312],[-100.312149,20.63004],[-100.312149,20.63004],[-100.312279,20.629951],[-100.312279,20.629951],[-100.312417,20.629853],[-100.312417,20.629853],[-100.312542,20.629761],[-100.312542,20.629761],[-100.312676,20.629657],[-100.312676,20.629657],[-100.312795,20.629564],[-100.312795,20.629564],[-100.312929,20.629457],[-100.312929,20.629457],[-100.313039,20.629366],[-100.313039,20.629366],[-100.313176,20.629253],[-100.313176,20.629253],[-100.313258,20.629185],[-100.313258,20.629185],[-100.313421,20.629048],[-100.313696,20.628817],[-100.313792,20.628917],[-100.313792,20.628917],[-100.313878,20.628845],[-100.313878,20.628845],[-100.313962,20.628774],[-100.313962,20.628774],[-100.314102,20.628655],[-100.314102,20.628655],[-100.314213,20.628558],[-100.314213,20.628558],[-100.314347,20.62844],[-100.314347,20.62844],[-100.314463,20.628336],[-100.314463,20.628336],[-100.314508,20.628295],[-100.314541,20.628327],[-100.314541,20.628327],[-100.314742,20.628136],[-100.314742,20.628136],[-100.314867,20.628012],[-100.314867,20.628012],[-100.314982,20.627894],[-100.314982,20.627894],[-100.315231,20.627618],[-100.315465,20.62733],[-100.31531,20.627224],[-100.31531,20.627224],[-100.315573,20.62686],[-100.315812,20.626483],[-100.316026,20.626092],[-100.316214,20.62569],[-100.316214,20.62569],[-100.316269,20.625557],[-100.316269,20.625557],[-100.316326,20.625414],[-100.316326,20.625414],[-100.316376,20.625281],[-100.316376,20.625281],[-100.316428,20.625135],[-100.316428,20.625135],[-100.316472,20.625005],[-100.316472,20.625005],[-100.316522,20.624856],[-100.316522,20.624856],[-100.316561,20.624732],[-100.316561,20.624732],[-100.31661,20.624577],[-100.31661,20.624577],[-100.316639,20.624484],[-100.316639,20.624484],[-100.316695,20.624298],[-100.316784,20.624008],[-100.316784,20.624008],[-100.316848,20.623799],[-100.316848,20.623799],[-100.31688,20.623696],[-100.31688,20.623696],[-100.316934,20.623524],[-100.316934,20.623524],[-100.316978,20.623387],[-100.316978,20.623387],[-100.317033,20.623223],[-100.317033,20.623223],[-100.317082,20.623081],[-100.317082,20.623081],[-100.31714,20.622923],[-100.31714,20.622923],[-100.317195,20.62278],[-100.317195,20.62278],[-100.317258,20.622626],[-100.317258,20.622626],[-100.317319,20.622485],[-100.317319,20.622485],[-100.317512,20.62209],[-100.317732,20.621707],[-100.317978,20.621339],[-100.318249,20.620987],[-100.318544,20.620652],[-100.318861,20.620336],[-100.318895,20.620368],[-100.318895,20.620368],[-100.319202,20.620094],[-100.319525,20.619839],[-100.319864,20.619603],[-100.320218,20.619385],[-100.320585,20.619189],[-100.320585,20.619189],[-100.320736,20.619115],[-100.320736,20.619115],[-100.320901,20.619039],[-100.320901,20.619039],[-100.321055,20.618973],[-100.321055,20.618973],[-100.321226,20.618901],[-100.321226,20.618901],[-100.321379,20.61884],[-100.321379,20.61884],[-100.321557,20.618772],[-100.321557,20.618772],[-100.321705,20.618716],[-100.321705,20.618716],[-100.321893,20.618647],[-100.321893,20.618647],[-100.322005,20.618607],[-100.322005,20.618607],[-100.322232,20.618525],[-100.322349,20.618484],[-100.322349,20.618484],[-100.322576,20.618402],[-100.322576,20.618402],[-100.32269,20.618361],[-100.32269,20.618361],[-100.322881,20.618291],[-100.322881,20.618291],[-100.323033,20.618234],[-100.323033,20.618234],[-100.323216,20.618164],[-100.323216,20.618164],[-100.323375,20.6181],[-100.323375,20.6181],[-100.323554,20.618026],[-100.323554,20.618026],[-100.323715,20.617956],[-100.323715,20.617956],[-100.32389,20.617876],[-100.32389,20.617876],[-100.324051,20.617798],[-100.324051,20.617798],[-100.324497,20.617557],[-100.324925,20.617288],[-100.325332,20.616992],[-100.325717,20.616671],[-100.326078,20.616327],[-100.326414,20.61596],[-100.326414,20.61596],[-100.326078,20.616327],[-100.325717,20.616671],[-100.325332,20.616992],[-100.324925,20.617288],[-100.324497,20.617557],[-100.324051,20.617798],[-100.324051,20.617798],[-100.32389,20.617876],[-100.32389,20.617876],[-100.323715,20.617956],[-100.323715,20.617956],[-100.323554,20.618026],[-100.323554,20.618026],[-100.323375,20.6181],[-100.323375,20.6181],[-100.323216,20.618164],[-100.323216,20.618164],[-100.323033,20.618234],[-100.323033,20.618234],[-100.322881,20.618291],[-100.322881,20.618291],[-100.32269,20.618361],[-100.32269,20.618361],[-100.322576,20.618402],[-100.322576,20.618402],[-100.322349,20.618484],[-100.322232,20.618525],[-100.322232,20.618525],[-100.322005,20.618607],[-100.322005,20.618607],[-100.321893,20.618647],[-100.321893,20.618647],[-100.321705,20.618716],[-100.321705,20.618716],[-100.321557,20.618772],[-100.321557,20.618772],[-100.321379,20.61884],[-100.321379,20.61884],[-100.321226,20.618901],[-100.321226,20.618901],[-100.321055,20.618973],[-100.321055,20.618973],[-100.320901,20.619039],[-100.320901,20.619039],[-100.320736,20.619115],[-100.320736,20.619115],[-100.320585,20.619189],[-100.320585,20.619189],[-100.320218,20.619385],[-100.319864,20.619603],[-100.319525,20.619839],[-100.319202,20.620094],[-100.318895,20.620368],[-100.318861,20.620336],[-100.318861,20.620336],[-100.318544,20.620652],[-100.318249,20.620987],[-100.317978,20.621339],[-100.317732,20.621707],[-100.317512,20.62209],[-100.317319,20.622485],[-100.317319,20.622485],[-100.317258,20.622626],[-100.317258,20.622626],[-100.317195,20.62278],[-100.317195,20.62278],[-100.31714,20.622923],[-100.31714,20.622923],[-100.317082,20.623081],[-100.317082,20.623081],[-100.317033,20.623223],[-100.317033,20.623223],[-100.316978,20.623387],[-100.316978,20.623387],[-100.316934,20.623524],[-100.316934,20.623524],[-100.31688,20.623696],[-100.31688,20.623696],[-100.316848,20.623799],[-100.316848,20.623799],[-100.316784,20.624008],[-100.316695,20.624298],[-100.316695,20.624298],[-100.316639,20.624484],[-100.316639,20.624484],[-100.31661,20.624577],[-100.31661,20.624577],[-100.316561,20.624732],[-100.316561,20.624732],[-100.316522,20.624856],[-100.316522,20.624856],[-100.316472,20.625005],[-100.316472,20.625005],[-100.316428,20.625135],[-100.316428,20.625135],[-100.316376,20.625281],[-100.316376,20.625281],[-100.316326,20.625414],[-100.316326,20.625414],[-100.316269,20.625557],[-100.316269,20.625557],[-100.316214,20.62569],[-100.316214,20.62569],[-100.316026,20.626092],[-100.315812,20.626483],[-100.315573,20.62686],[-100.31531,20.627224],[-100.315465,20.62733],[-100.315465,20.62733],[-100.315231,20.627618],[-100.314982,20.627894],[-100.314982,20.627894],[-100.314867,20.628012],[-100.314867,20.628012],[-100.314742,20.628136],[-100.314742,20.628136],[-100.314541,20.628327],[-100.314508,20.628295],[-100.314508,20.628295],[-100.314463,20.628336],[-100.314463,20.628336],[-100.314347,20.62844],[-100.314347,20.62844],[-100.314213,20.628558],[-100.314213,20.628558],[-100.314102,20.628655],[-100.314102,20.628655],[-100.313962,20.628774],[-100.313962,20.628774],[-100.313878,20.628845],[-100.313878,20.628845],[-100.313792,20.628917],[-100.313696,20.628817],[-100.313421,20.629048],[-100.313421,20.629048],[-100.313258,20.629185],[-100.313258,20.629185],[-100.313176,20.629253],[-100.313176,20.629253],[-100.313039,20.629366],[-100.313039,20.629366],[-100.312929,20.629457],[-100.312929,20.629457],[-100.312795,20.629564],[-100.312795,20.629564],[-100.312676,20.629657],[-100.312676,20.629657],[-100.312542,20.629761],[-100.312542,20.629761],[-100.312417,20.629853],[-100.312417,20.629853],[-100.312279,20.629951],[-100.312279,20.629951],[-100.312149,20.63004],[-100.312149,20.63004],[-100.311713,20.630312],[-100.311257,20.630555],[-100.310785,20.630767],[-100.310299,20.630949],[-100.309801,20.631098],[-100.309292,20.631215],[-100.308777,20.631298],[-100.308256,20.631348],[-100.307733,20.631363],[-100.307733,20.631363],[-100.307572,20.631361],[-100.307572,20.631361],[-100.307399,20.631356],[-100.307399,20.631356],[-100.307241,20.631349],[-100.307241,20.631349],[-100.307068,20.631338],[-100.307068,20.631338],[-100.306914,20.631326],[-100.306914,20.631326],[-100.306739,20.631311],[-100.306739,20.631311],[-100.306593,20.631298],[-100.306593,20.631298],[-100.306411,20.63128],[-100.306411,20.63128],[-100.306303,20.631269],[-100.306303,20.631269],[-100.306086,20.631246],[-100.302837,20.630899],[-100.302837,20.630899],[-100.302835,20.630899],[-100.301842,20.630787],[-100.301716,20.63077],[-100.301496,20.630738],[-100.301475,20.630734],[-100.301475,20.630734],[-100.300304,20.630688],[-100.299131,20.63071],[-100.299131,20.63071],[-100.298985,20.630717],[-100.298985,20.630717],[-100.298828,20.630726],[-100.298828,20.630726],[-100.298683,20.630735],[-100.298683,20.630735],[-100.298524,20.630746],[-100.298524,20.630746],[-100.298382,20.630757],[-100.298382,20.630757],[-100.29822,20.63077],[-100.29822,20.63077],[-100.298084,20.63078],[-100.298084,20.63078],[-100.297915,20.630795],[-100.297915,20.630795],[-100.297813,20.630803],[-100.297813,20.630803],[-100.297609,20.63082],[-100.29663,20.630904],[-100.296573,20.630827],[-100.296564,20.630807],[-100.295951,20.63086],[-100.295574,20.630899],[-100.295437,20.630926],[-100.293846,20.631083],[-100.293751,20.631091],[-100.293755,20.631137],[-100.293095,20.631191],[-100.292537,20.631251],[-100.291238,20.63136],[-100.289885,20.631477],[-100.288286,20.631613],[-100.286379,20.631775],[-100.284656,20.631864],[-100.282856,20.631826],[-100.282181,20.631782],[-100.28096,20.631634],[-100.280047,20.631492],[-100.278487,20.631152],[-100.277013,20.630801],[-100.274793,20.630276],[-100.274627,20.630237],[-100.274625,20.630237],[-100.274617,20.630235],[-100.274617,20.630235],[-100.274617,20.630235],[-100.274141,20.630123],[-100.273445,20.629959],[-100.272748,20.629794],[-100.272516,20.629739],[-100.27231,20.629691],[-100.271904,20.629594],[-100.271098,20.629402],[-100.270682,20.629303],[-100.270279,20.629207],[-100.269874,20.629111],[-100.269468,20.629015],[-100.269293,20.628973],[-100.26916,20.628941],[-100.269113,20.628932],[-100.268741,20.628859],[-100.268548,20.62882],[-100.268246,20.628761],[-100.268042,20.628721],[-100.267924,20.628697],[-100.267637,20.628631],[-100.267431,20.628583],[-100.267332,20.62856],[-100.267307,20.628554],[-100.266926,20.628466],[-100.266723,20.628419],[-100.266552,20.628379],[-100.266378,20.628338],[-100.266205,20.628298],[-100.266034,20.628258],[-100.265882,20.628223],[-100.265729,20.628187],[-100.265523,20.62814],[-100.265507,20.628198],[-100.263459,20.627718],[-100.263474,20.627661],[-100.263412,20.627646],[-100.263154,20.627586],[-100.262875,20.62752],[-100.262742,20.627488],[-100.262608,20.627457],[-100.262487,20.627428],[-100.262365,20.627399],[-100.262174,20.627354],[-100.261995,20.627312],[-100.261636,20.627227],[-100.261271,20.62714],[-100.260913,20.627056],[-100.260716,20.627009],[-100.260518,20.626963],[-100.260316,20.626915],[-100.260117,20.626868],[-100.259692,20.626767],[-100.259261,20.626666],[-100.259048,20.626615],[-100.258835,20.626565],[-100.258617,20.626513],[-100.258403,20.626463],[-100.258185,20.626411],[-100.257971,20.626361],[-100.257756,20.62631],[-100.257542,20.626259],[-100.257327,20.626208],[-100.257113,20.626158],[-100.256902,20.626108],[-100.256684,20.626056],[-100.256316,20.62597],[-100.255923,20.625877],[-100.25553,20.625784],[-100.255141,20.625692],[-100.25495,20.625647],[-100.254754,20.6256],[-100.25456,20.625554],[-100.254366,20.625509],[-100.254171,20.625463],[-100.253979,20.625417],[-100.253782,20.62537],[-100.253588,20.625325],[-100.253385,20.625277],[-100.253269,20.625249],[-100.253052,20.625198],[-100.253003,20.625139],[-100.252685,20.62507],[-100.252525,20.625032],[-100.252396,20.624998],[-100.252281,20.624971],[-100.252335,20.624774],[-100.252329,20.624773],[-100.252348,20.624701],[-100.252357,20.624667],[-100.258649,20.62618],[-100.259359,20.626347],[-100.262797,20.627158],[-100.263312,20.62728],[-100.263312,20.62728],[-100.263339,20.627286],[-100.263339,20.627286],[-100.263393,20.627298],[-100.263393,20.627298],[-100.263451,20.627311],[-100.263451,20.627311],[-100.263504,20.627322],[-100.263504,20.627322],[-100.263563,20.627336],[-100.263563,20.627336],[-100.263613,20.627347],[-100.263613,20.627347],[-100.263676,20.627361],[-100.263676,20.627361],[-100.263713,20.627369],[-100.263713,20.627369],[-100.263788,20.627385],[-100.268544,20.62844],[-100.268544,20.62844],[-100.268644,20.628462],[-100.268644,20.628462],[-100.268694,20.628473],[-100.268694,20.628473],[-100.268777,20.628491],[-100.268777,20.628491],[-100.268843,20.628506],[-100.268843,20.628506],[-100.268923,20.628523],[-100.268923,20.628523],[-100.268992,20.628538],[-100.268992,20.628538],[-100.269071,20.628554],[-100.269071,20.628554],[-100.269142,20.628569],[-100.269142,20.628569],[-100.26922,20.628584],[-100.26922,20.628584],[-100.269292,20.628598],[-100.269292,20.628598],[-100.269587,20.628652],[-100.269587,20.628652],[-100.270717,20.629032],[-100.272544,20.629467],[-100.274686,20.629977],[-100.274686,20.629977],[-100.274686,20.629977],[-100.274687,20.629977],[-100.274694,20.629979],[-100.275035,20.630059],[-100.275316,20.630125],[-100.275701,20.630215],[-100.275983,20.630281],[-100.2763,20.630355],[-100.276439,20.630388],[-100.27664,20.630435],[-100.276887,20.630493],[-100.277043,20.630529],[-100.277251,20.630578],[-100.277296,20.630589],[-100.277304,20.630591],[-100.277316,20.630593],[-100.277334,20.630598],[-100.277342,20.630599],[-100.277355,20.630603],[-100.277914,20.630736],[-100.27811,20.630783],[-100.278662,20.630912],[-100.278827,20.630948],[-100.278873,20.630958],[-100.278892,20.630962],[-100.278946,20.630975],[-100.278986,20.630984],[-100.279027,20.630993],[-100.279055,20.631],[-100.279089,20.631007],[-100.279128,20.631016],[-100.279169,20.631026],[-100.279216,20.631036],[-100.279262,20.631047],[-100.279743,20.63115],[-100.279877,20.631177],[-100.280103,20.631226],[-100.28029,20.631255],[-100.280335,20.631262],[-100.280586,20.631304],[-100.28084,20.631343],[-100.281276,20.631403],[-100.28162,20.631443],[-100.281753,20.631457],[-100.281945,20.63148],[-100.28221,20.631513],[-100.282419,20.631526],[-100.282487,20.631537],[-100.282487,20.631537],[-100.283597,20.631598],[-100.284708,20.631606],[-100.285818,20.631562],[-100.285884,20.631555],[-100.286358,20.631504],[-100.286517,20.631491],[-100.286754,20.631471],[-100.287048,20.631446],[-100.287224,20.631431],[-100.287383,20.631418],[-100.287862,20.631377],[-100.28829,20.631341],[-100.288747,20.631302],[-100.289146,20.631268],[-100.289543,20.631234],[-100.290065,20.63119],[-100.290608,20.631142],[-100.291545,20.631062],[-100.291991,20.631025],[-100.292783,20.630952],[-100.292884,20.630941],[-100.293038,20.630924],[-100.293066,20.630921],[-100.293347,20.630898],[-100.293705,20.630869],[-100.293717,20.630869],[-100.293925,20.630852],[-100.294169,20.630832],[-100.294528,20.630803],[-100.294913,20.630772],[-100.29537,20.630725],[-100.295903,20.630679],[-100.296579,20.630546],[-100.297575,20.630461],[-100.297575,20.630461],[-100.297779,20.630443],[-100.297779,20.630443],[-100.297881,20.630435],[-100.297881,20.630435],[-100.298051,20.63042],[-100.298051,20.63042],[-100.298187,20.630409],[-100.298187,20.630409],[-100.298351,20.630397],[-100.298351,20.630397],[-100.298495,20.630386],[-100.298495,20.630386],[-100.298656,20.630375],[-100.298656,20.630375],[-100.298803,20.630366],[-100.298803,20.630366],[-100.298963,20.630356],[-100.298963,20.630356],[-100.299112,20.630349],[-100.299112,20.630349],[-100.300318,20.630327],[-100.301524,20.630375],[-100.301559,20.630381],[-100.301773,20.630412],[-100.301892,20.630428],[-100.30288,20.63054],[-100.30613,20.630887],[-100.30613,20.630887],[-100.306345,20.630909],[-100.306345,20.630909],[-100.306453,20.630921],[-100.306453,20.630921],[-100.306632,20.630938],[-100.306632,20.630938],[-100.306775,20.630952],[-100.306775,20.630952],[-100.306946,20.630966],[-100.306946,20.630966],[-100.307096,20.630977],[-100.307096,20.630977],[-100.307264,20.630988],[-100.307264,20.630988],[-100.307416,20.630995],[-100.307416,20.630995],[-100.307581,20.631],[-100.307581,20.631],[-100.307734,20.631002],[-100.307734,20.631002],[-100.308231,20.630987],[-100.308725,20.63094],[-100.309214,20.630861],[-100.309697,20.63075],[-100.31017,20.630608],[-100.310632,20.630436],[-100.31108,20.630234],[-100.311512,20.630004],[-100.311926,20.629746],[-100.311926,20.629746],[-100.31205,20.629661],[-100.31205,20.629661],[-100.312182,20.629567],[-100.312182,20.629567],[-100.312302,20.629478],[-100.312302,20.629478],[-100.312432,20.629379],[-100.312432,20.629379],[-100.312547,20.629288],[-100.312547,20.629288],[-100.312678,20.629183],[-100.312678,20.629183],[-100.312787,20.629094],[-100.312787,20.629094],[-100.312922,20.628982],[-100.312922,20.628982],[-100.313003,20.628915],[-100.313003,20.628915],[-100.313165,20.628779],[-100.31344,20.628547],[-100.313532,20.628439],[-100.313532,20.628439],[-100.313567,20.62841],[-100.313567,20.62841],[-100.313638,20.62835],[-100.313638,20.62835],[-100.313756,20.628249],[-100.313756,20.628249],[-100.31385,20.628168],[-100.31385,20.628168],[-100.313961,20.628071],[-100.313961,20.628071],[-100.314057,20.627985],[-100.314057,20.627985],[-100.314164,20.627888],[-100.314164,20.627888],[-100.314259,20.627798],[-100.314259,20.627798],[-100.314361,20.627699],[-100.314361,20.627699],[-100.314454,20.627606],[-100.314454,20.627606],[-100.314728,20.62731],[-100.314983,20.626999],[-100.315,20.627011],[-100.315,20.627011],[-100.31525,20.626666],[-100.315477,20.626308],[-100.31568,20.625937],[-100.315858,20.625555],[-100.315858,20.625555],[-100.315911,20.625428],[-100.315911,20.625428],[-100.315965,20.625291],[-100.315965,20.625291],[-100.316013,20.625164],[-100.316013,20.625164],[-100.316063,20.625022],[-100.316063,20.625022],[-100.316106,20.624896],[-100.316106,20.624896],[-100.316154,20.62475],[-100.316154,20.62475],[-100.316194,20.624629],[-100.316194,20.624629],[-100.316241,20.624476],[-100.316241,20.624476],[-100.31627,20.624383],[-100.31627,20.624383],[-100.316327,20.624199],[-100.316415,20.623908],[-100.316415,20.623908],[-100.316479,20.623699],[-100.316479,20.623699],[-100.316512,20.623594],[-100.316512,20.623594],[-100.316567,20.62342],[-100.316567,20.62342],[-100.316612,20.62328],[-100.316612,20.62328],[-100.316667,20.623113],[-100.316667,20.623113],[-100.316718,20.622967],[-100.316718,20.622967],[-100.316778,20.622803],[-100.316778,20.622803],[-100.316835,20.622654],[-100.316835,20.622654],[-100.316901,20.622493],[-100.316901,20.622493],[-100.316965,20.622345],[-100.316965,20.622345],[-100.317182,20.621904],[-100.31743,20.621478],[-100.31771,20.621069],[-100.318018,20.620679],[-100.318354,20.62031],[-100.318717,20.619964],[-100.319104,20.619643],[-100.319513,20.619347],[-100.319944,20.619078],[-100.320393,20.618839],[-100.320393,20.618839],[-100.320553,20.618762],[-100.320553,20.618762],[-100.320728,20.618683],[-100.320728,20.618683],[-100.320889,20.618614],[-100.320889,20.618614],[-100.321067,20.618541],[-100.321067,20.618541],[-100.321226,20.618479],[-100.321226,20.618479],[-100.321409,20.61841],[-100.321409,20.61841],[-100.321561,20.618354],[-100.321561,20.618354],[-100.322117,20.618158],[-100.322108,20.618136],[-100.322282,20.618075],[-100.322282,20.618075],[-100.322485,20.618003],[-100.322485,20.618003],[-100.322587,20.617968],[-100.322587,20.617968],[-100.322755,20.617907],[-100.322755,20.617907],[-100.322889,20.617858],[-100.322889,20.617858],[-100.323049,20.617798],[-100.323049,20.617798],[-100.323188,20.617744],[-100.323188,20.617744],[-100.323343,20.617682],[-100.323343,20.617682],[-100.323482,20.617624],[-100.323482,20.617624],[-100.323633,20.617557],[-100.323633,20.617557],[-100.323771,20.617494],[-100.323771,20.617494],[-100.32416,20.617294],[-100.324535,20.617073],[-100.324895,20.61683],[-100.325239,20.616567],[-100.325564,20.616284],[-100.325871,20.615983],[-100.326157,20.615664],[-100.326157,20.615664],[-100.326251,20.61555],[-100.326251,20.61555],[-100.32635,20.615425],[-100.32635,20.615425],[-100.326439,20.615308],[-100.326439,20.615308],[-100.326535,20.615178],[-100.326535,20.615178],[-100.32662,20.615061],[-100.32662,20.615061],[-100.326689,20.614963],[-100.326705,20.614973],[-100.326705,20.614973],[-100.326735,20.614929],[-100.326735,20.614929],[-100.326823,20.614802],[-100.326823,20.614802],[-100.326931,20.614642],[-100.326931,20.614642],[-100.326995,20.614546],[-100.326995,20.614546],[-100.327124,20.614352],[-100.3276,20.613636],[-100.3276,20.613636],[-100.327681,20.613514],[-100.327681,20.613514],[-100.327722,20.613452],[-100.327722,20.613452],[-100.327791,20.61335],[-100.327791,20.61335],[-100.327847,20.613268],[-100.327847,20.613268],[-100.327914,20.61317],[-100.327914,20.61317],[-100.327974,20.613084],[-100.327974,20.613084],[-100.328043,20.612988],[-100.328043,20.612988],[-100.328106,20.612901],[-100.328346,20.612714],[-100.32837,20.612684],[-100.328394,20.612654],[-100.328418,20.612623],[-100.328443,20.612594],[-100.328469,20.612565],[-100.328494,20.612535],[-100.328519,20.612506],[-100.328545,20.612477],[-100.328572,20.612448],[-100.328598,20.61242],[-100.328624,20.612391],[-100.328652,20.612363],[-100.328679,20.612335],[-100.328706,20.612308],[-100.328733,20.61228],[-100.328761,20.612251],[-100.328788,20.612223],[-100.328816,20.612194],[-100.328843,20.612165],[-100.32887,20.612137],[-100.328898,20.612108],[-100.328926,20.61208],[-100.328954,20.612052],[-100.328982,20.612024],[-100.329009,20.611996],[-100.329037,20.611968],[-100.329065,20.61194],[-100.329094,20.611916],[-100.329122,20.611891],[-100.32915,20.611867],[-100.329179,20.611843],[-100.329209,20.611818],[-100.32924,20.611792],[-100.32927,20.611766],[-100.329301,20.61174],[-100.329331,20.611715],[-100.329362,20.611689],[-100.329393,20.611664],[-100.329424,20.611639],[-100.329456,20.611614],[-100.329487,20.611589],[-100.329518,20.611565],[-100.329549,20.61154],[-100.329581,20.611516],[-100.329614,20.611492],[-100.329646,20.611468],[-100.329678,20.611444],[-100.32971,20.61142],[-100.329742,20.611396],[-100.329775,20.611373],[-100.329808,20.61135],[-100.32984,20.611327],[-100.329873,20.611304],[-100.329906,20.61128],[-100.329939,20.611257],[-100.329972,20.611235],[-100.330006,20.611213],[-100.330039,20.611191],[-100.330073,20.611169],[-100.330107,20.611147],[-100.33014,20.611125],[-100.330181,20.611101],[-100.330221,20.611077],[-100.330262,20.611053],[-100.330303,20.61103],[-100.330343,20.611006],[-100.330385,20.610983],[-100.330426,20.610961],[-100.330468,20.610938],[-100.330509,20.610916],[-100.33055,20.610893],[-100.330592,20.610872],[-100.330635,20.61085],[-100.330677,20.610829],[-100.330719,20.610807],[-100.330761,20.610786],[-100.330803,20.610765],[-100.330846,20.610745],[-100.330889,20.610724],[-100.330931,20.610704],[-100.330974,20.610684],[-100.331017,20.610664],[-100.331061,20.610645],[-100.331104,20.610626],[-100.331147,20.610607],[-100.33119,20.610588],[-100.331235,20.61057],[-100.331279,20.610552],[-100.331324,20.610535],[-100.331368,20.610517],[-100.331412,20.6105],[-100.331457,20.610483],[-100.331502,20.610467],[-100.331547,20.610451],[-100.331592,20.610435],[-100.331637,20.610418],[-100.331683,20.610403],[-100.331728,20.610388],[-100.331774,20.610374],[-100.331819,20.610359],[-100.331865,20.610344],[-100.33191,20.61033],[-100.331956,20.610316],[-100.332002,20.610303],[-100.332048,20.610289],[-100.332094,20.610276],[-100.332141,20.610263],[-100.332187,20.610251],[-100.332233,20.610239],[-100.33228,20.610227],[-100.332326,20.610214],[-100.332373,20.610203],[-100.33242,20.610193],[-100.332466,20.610182],[-100.332513,20.610171],[-100.33256,20.61016],[-100.332607,20.61015],[-100.332654,20.610141],[-100.332701,20.610131],[-100.332748,20.610122],[-100.332795,20.610112],[-100.332841,20.610104],[-100.332887,20.610096],[-100.332933,20.610087],[-100.332979,20.610079],[-100.333025,20.610072],[-100.333071,20.610065],[-100.333117,20.610057],[-100.333163,20.61005],[-100.333209,20.610044],[-100.333256,20.610039],[-100.333302,20.610033],[-100.333348,20.610027],[-100.333395,20.610022],[-100.333441,20.610017],[-100.333488,20.610013],[-100.333534,20.610008],[-100.333581,20.610005],[-100.333627,20.610001],[-100.333674,20.609998],[-100.33372,20.609994],[-100.33376,20.609992],[-100.333801,20.609989],[-100.333841,20.609987],[-100.333881,20.609985],[-100.333921,20.609982],[-100.333961,20.609981],[-100.334001,20.60998],[-100.334041,20.609979],[-100.334081,20.609978],[-100.334122,20.609976],[-100.334166,20.609976],[-100.334211,20.609976],[-100.334256,20.609976],[-100.334301,20.609976],[-100.334345,20.609975],[-100.33439,20.609975],[-100.334435,20.609976],[-100.334479,20.609977],[-100.334524,20.609977],[-100.334569,20.609978],[-100.334614,20.609979],[-100.334658,20.60998],[-100.334703,20.609981],[-100.334748,20.609983],[-100.334793,20.609984],[-100.334837,20.609986],[-100.334882,20.609988],[-100.334927,20.609989],[-100.334971,20.609992],[-100.335016,20.609994],[-100.335061,20.609997],[-100.335105,20.609999],[-100.33515,20.610002],[-100.335195,20.610004],[-100.33524,20.610006],[-100.335285,20.610007],[-100.33533,20.610009],[-100.335376,20.61001],[-100.335421,20.610011],[-100.335466,20.610013],[-100.335512,20.610014],[-100.335557,20.610015],[-100.335602,20.610017],[-100.335647,20.610018],[-100.335693,20.610019],[-100.335738,20.61002],[-100.335783,20.61002],[-100.335829,20.610021],[-100.335874,20.610022],[-100.335919,20.610023],[-100.335965,20.610023],[-100.33601,20.610024],[-100.336055,20.610025],[-100.3361,20.610025],[-100.336146,20.610025],[-100.336191,20.610025],[-100.336236,20.610025],[-100.336282,20.610026],[-100.336327,20.610026],[-100.336372,20.610026],[-100.336418,20.610026],[-100.336463,20.610026],[-100.336508,20.610026],[-100.336553,20.610026],[-100.336599,20.610024],[-100.336645,20.610021],[-100.33669,20.610019],[-100.336736,20.610017],[-100.336782,20.610015],[-100.336827,20.610011],[-100.336873,20.610008],[-100.336918,20.610005],[-100.336964,20.610001],[-100.337009,20.609998],[-100.337054,20.609993],[-100.3371,20.609988],[-100.337145,20.609984],[-100.337191,20.609979],[-100.337236,20.609975],[-100.337281,20.609969],[-100.337327,20.609963],[-100.337372,20.609957],[-100.337417,20.609951],[-100.337462,20.609945],[-100.337507,20.609938],[-100.337552,20.609931],[-100.337597,20.609924],[-100.337642,20.609917],[-100.337687,20.60991],[-100.337732,20.609901],[-100.337777,20.609893],[-100.337822,20.609885],[-100.337867,20.609877],[-100.337911,20.609868],[-100.337956,20.609859],[-100.338001,20.609849],[-100.338045,20.60984],[-100.33809,20.60983],[-100.338134,20.609821],[-100.338174,20.609811],[-100.338214,20.609801],[-100.338254,20.60979],[-100.338293,20.60978],[-100.338333,20.60977],[-100.338373,20.609759],[-100.338412,20.609748],[-100.338452,20.609736],[-100.338491,20.609725],[-100.338531,20.609714],[-100.33857,20.609702],[-100.338609,20.609689],[-100.338648,20.609677],[-100.338687,20.609664],[-100.338726,20.609652],[-100.338765,20.609639],[-100.338803,20.609625],[-100.338842,20.609612],[-100.338881,20.609598],[-100.33892,20.609585],[-100.338961,20.609568],[-100.339003,20.609552],[-100.339045,20.609536],[-100.339087,20.60952],[-100.339129,20.609504],[-100.339171,20.609486],[-100.339212,20.609469],[-100.339253,20.609451],[-100.339295,20.609434],[-100.339336,20.609416],[-100.339377,20.609398],[-100.339418,20.609379],[-100.339458,20.609361],[-100.339499,20.609342],[-100.33954,20.609324],[-100.33958,20.609304],[-100.33962,20.609284],[-100.339661,20.609264],[-100.339701,20.609245],[-100.339741,20.609225],[-100.339781,20.609204],[-100.33982,20.609183],[-100.33986,20.609162],[-100.339899,20.609141],[-100.339939,20.60912],[-100.339978,20.609098],[-100.340016,20.609076],[-100.340055,20.609054],[-100.340094,20.609032],[-100.340133,20.60901],[-100.340171,20.608987],[-100.34025,20.608934],[-100.340291,20.608904],[-100.340335,20.608868],[-100.340384,20.608817],[-100.340445,20.608739],[-100.340549,20.608612],[-100.340706,20.60849],[-100.340706,20.60849],[-100.340782,20.608433],[-100.340923,20.608344],[-100.341146,20.608203],[-100.341396,20.608014],[-100.341887,20.607666],[-100.341989,20.607592],[-100.342106,20.607506],[-100.342161,20.607465],[-100.342255,20.607397],[-100.34233,20.607343],[-100.342421,20.607278],[-100.342501,20.607222],[-100.342592,20.60716],[-100.342592,20.60716],[-100.342994,20.606902],[-100.343412,20.606668],[-100.343846,20.606461],[-100.343826,20.60642],[-100.343826,20.60642],[-100.344098,20.606307],[-100.344374,20.606203],[-100.344391,20.606246],[-100.344391,20.606246],[-100.344799,20.606114],[-100.345215,20.606005],[-100.346132,20.605833],[-100.34636,20.605797],[-100.346634,20.605754],[-100.346767,20.605733],[-100.346977,20.605699],[-100.347087,20.605681],[-100.347087,20.605681],[-100.347385,20.605625],[-100.347385,20.605625],[-100.347538,20.605593],[-100.348085,20.605386],[-100.348382,20.605232],[-100.348382,20.605232],[-100.348689,20.605116],[-100.34899,20.604986],[-100.349285,20.604843],[-100.349285,20.604843],[-100.349364,20.604802],[-100.349364,20.604802],[-100.349449,20.604756],[-100.349449,20.604756],[-100.349526,20.604714],[-100.349526,20.604714],[-100.349611,20.604666],[-100.349611,20.604666],[-100.349687,20.604623],[-100.349687,20.604623],[-100.349773,20.604573],[-100.349773,20.604573],[-100.349845,20.604531],[-100.349845,20.604531],[-100.349934,20.604477],[-100.349934,20.604477],[-100.349988,20.604445],[-100.349988,20.604445],[-100.350096,20.604381],[-100.35263,20.602865],[-100.35263,20.602865],[-100.352727,20.602807],[-100.352727,20.602807],[-100.352776,20.602778],[-100.352776,20.602778],[-100.352857,20.60273],[-100.352857,20.60273],[-100.352923,20.602691],[-100.352923,20.602691],[-100.353002,20.602645],[-100.353002,20.602645],[-100.353072,20.602605],[-100.353072,20.602605],[-100.353151,20.60256],[-100.353151,20.60256],[-100.353223,20.60252],[-100.353223,20.60252],[-100.353302,20.602477],[-100.353302,20.602477],[-100.353376,20.602438],[-100.353376,20.602438],[-100.353813,20.602227],[-100.354263,20.602043],[-100.354726,20.601886],[-100.355198,20.601759],[-100.355678,20.601661],[-100.356164,20.601592],[-100.356372,20.601601],[-100.35663,20.601618],[-100.356921,20.601642],[-100.357203,20.601664],[-100.357504,20.601689],[-100.357799,20.601714],[-100.358039,20.601728],[-100.35828,20.601747],[-100.358592,20.601777],[-100.358819,20.601814],[-100.35906,20.601857],[-100.359225,20.601889],[-100.359225,20.601889],[-100.359662,20.602028],[-100.36009,20.602193],[-100.36009,20.602193],[-100.360167,20.602226],[-100.360167,20.602226],[-100.360249,20.602262],[-100.360249,20.602262],[-100.360324,20.602296],[-100.360324,20.602296],[-100.360406,20.602334],[-100.360406,20.602334],[-100.360479,20.602368],[-100.360479,20.602368],[-100.360562,20.602407],[-100.360562,20.602407],[-100.360631,20.60244],[-100.360631,20.60244],[-100.360717,20.602482],[-100.360717,20.602482],[-100.360768,20.602507],[-100.360768,20.602507],[-100.36087,20.602557],[-100.361371,20.602801],[-100.361847,20.603054],[-100.36198,20.603119],[-100.36198,20.603119],[-100.36207,20.603163],[-100.36207,20.603163],[-100.362116,20.603185],[-100.362116,20.603185],[-100.362191,20.603222],[-100.362191,20.603222],[-100.362252,20.603251],[-100.362252,20.603251],[-100.362324,20.603285],[-100.362324,20.603285],[-100.362388,20.603315],[-100.362388,20.603315],[-100.362459,20.603348],[-100.362459,20.603348],[-100.362524,20.603378],[-100.362524,20.603378],[-100.362596,20.603409],[-100.362596,20.603409],[-100.362662,20.603438],[-100.362662,20.603438],[-100.363044,20.603589],[-100.363435,20.603721],[-100.363834,20.603831],[-100.364238,20.603919],[-100.364238,20.603919],[-100.36431,20.603932],[-100.36431,20.603932],[-100.364387,20.603946],[-100.364387,20.603946],[-100.364458,20.603958],[-100.364458,20.603958],[-100.364536,20.603971],[-100.364536,20.603971],[-100.364607,20.603982],[-100.364607,20.603982],[-100.364687,20.603994],[-100.364687,20.603994],[-100.364754,20.604004],[-100.364754,20.604004],[-100.364838,20.604016],[-100.364838,20.604016],[-100.364888,20.604023],[-100.364888,20.604023],[-100.364933,20.60403],[-100.365029,20.604043],[-100.365242,20.604072],[-100.365454,20.604096],[-100.365665,20.604113],[-100.365876,20.604121],[-100.366036,20.60412],[-100.366037,20.604197],[-100.366092,20.604195],[-100.366255,20.604184],[-100.366532,20.604155],[-100.366746,20.604123],[-100.366871,20.604101],[-100.367102,20.604052],[-100.367381,20.603978],[-100.367611,20.603906],[-100.367757,20.603855],[-100.367955,20.603777],[-100.368161,20.603688],[-100.368327,20.603612],[-100.368489,20.603537],[-100.368719,20.603432],[-100.36954,20.603141],[-100.36954,20.603141],[-100.369872,20.603061],[-100.370208,20.603],[-100.370548,20.602959],[-100.37089,20.602937],[-100.371232,20.602936],[-100.371574,20.602954],[-100.371932,20.602994],[-100.372011,20.603005],[-100.372085,20.603016],[-100.372134,20.603024],[-100.372209,20.603036],[-100.373527,20.603273],[-100.37362,20.603291],[-100.374274,20.603443],[-100.374392,20.603447],[-100.37449,20.603448],[-100.37449,20.603448],[-100.374548,20.603459],[-100.374548,20.603459],[-100.374618,20.603471],[-100.374618,20.603471],[-100.374679,20.603481],[-100.374679,20.603481],[-100.374748,20.603492],[-100.374748,20.603492],[-100.37481,20.603502],[-100.37481,20.603502],[-100.374878,20.603512],[-100.374878,20.603512],[-100.37494,20.603521],[-100.37494,20.603521],[-100.375445,20.603575],[-100.375953,20.603597],[-100.375953,20.603597],[-100.376016,20.603598],[-100.376016,20.603598],[-100.376085,20.603598],[-100.376085,20.603598],[-100.376148,20.603597],[-100.376148,20.603597],[-100.376218,20.603596],[-100.376218,20.603596],[-100.37628,20.603595],[-100.37628,20.603595],[-100.376351,20.603594],[-100.376351,20.603594],[-100.37641,20.603592],[-100.37641,20.603592],[-100.376484,20.60359],[-100.376484,20.60359],[-100.376529,20.603589],[-100.376529,20.603589],[-100.376618,20.603586],[-100.378194,20.603539],[-100.378194,20.603539],[-100.378321,20.603535],[-100.378321,20.603535],[-100.378385,20.603533],[-100.378385,20.603533],[-100.378492,20.60353],[-100.378492,20.60353],[-100.378576,20.603527],[-100.378576,20.603527],[-100.378678,20.603523],[-100.378678,20.603523],[-100.378767,20.60352],[-100.378767,20.60352],[-100.378867,20.603515],[-100.378867,20.603515],[-100.378958,20.603511],[-100.378958,20.603511],[-100.379056,20.603506],[-100.379056,20.603506],[-100.379147,20.603501],[-100.379147,20.603501],[-100.380056,20.603417],[-100.380958,20.603279],[-100.380958,20.603279],[-100.381048,20.603262],[-100.381048,20.603262],[-100.381144,20.603243],[-100.381144,20.603243],[-100.381233,20.603226],[-100.381233,20.603226],[-100.381331,20.603206],[-100.381331,20.603206],[-100.381418,20.603188],[-100.381418,20.603188],[-100.381517,20.603167],[-100.381517,20.603167],[-100.3816,20.603149],[-100.3816,20.603149],[-100.381704,20.603127],[-100.381704,20.603127],[-100.381766,20.603114],[-100.381766,20.603114],[-100.38189,20.603087],[-100.384107,20.602605],[-100.384107,20.602605],[-100.384181,20.602589],[-100.384181,20.602589],[-100.384219,20.602581],[-100.384219,20.602581],[-100.384281,20.602567],[-100.384281,20.602567],[-100.384331,20.602557],[-100.384331,20.602557],[-100.384391,20.602544],[-100.384391,20.602544],[-100.384444,20.602532],[-100.384444,20.602532],[-100.384503,20.60252],[-100.384503,20.60252],[-100.384557,20.602509],[-100.384557,20.602509],[-100.384615,20.602496],[-100.384615,20.602496],[-100.38467,20.602485],[-100.38467,20.602485],[-100.385601,20.602312],[-100.386538,20.602173],[-100.386538,20.602173],[-100.386593,20.602166],[-100.386593,20.602166],[-100.386653,20.602159],[-100.386653,20.602159],[-100.386707,20.602152],[-100.386707,20.602152],[-100.386768,20.602145],[-100.386768,20.602145],[-100.386821,20.602138],[-100.386821,20.602138],[-100.386882,20.602131],[-100.386882,20.602131],[-100.386933,20.602125],[-100.386933,20.602125],[-100.386996,20.602117],[-100.386996,20.602117],[-100.387035,20.602113],[-100.387035,20.602113],[-100.387111,20.602104],[-100.390454,20.601711],[-100.390454,20.601711],[-100.390568,20.601698],[-100.390568,20.601698],[-100.390626,20.601691],[-100.390626,20.601691],[-100.390721,20.60168],[-100.390721,20.60168],[-100.390797,20.601671],[-100.390797,20.601671],[-100.390889,20.601661],[-100.390889,20.601661],[-100.390969,20.601652],[-100.390969,20.601652],[-100.39106,20.601642],[-100.39106,20.601642],[-100.391142,20.601633],[-100.391142,20.601633],[-100.391231,20.601624],[-100.391231,20.601624],[-100.391314,20.601616],[-100.391314,20.601616],[-100.392251,20.601544],[-100.392251,20.601544],[-100.392334,20.601539],[-100.392334,20.601539],[-100.392424,20.601535],[-100.392424,20.601535],[-100.392507,20.601531],[-100.392507,20.601531],[-100.392598,20.601527],[-100.392598,20.601527],[-100.392678,20.601523],[-100.392678,20.601523],[-100.392771,20.601519],[-100.392771,20.601519],[-100.392848,20.601516],[-100.392848,20.601516],[-100.392944,20.601513],[-100.392944,20.601513],[-100.393001,20.60151],[-100.393001,20.60151],[-100.393116,20.601506],[-100.400041,20.601252],[-100.400041,20.601252],[-100.400175,20.601225],[-100.400307,20.601192],[-100.400604,20.601133],[-100.400723,20.60111],[-100.406444,20.6009],[-100.408335,20.600946],[-100.410895,20.600852],[-100.414085,20.600734],[-100.421068,20.600476],[-100.422733,20.600415],[-100.424709,20.600289],[-100.426548,20.600228],[-100.429457,20.600122],[-100.431696,20.60004],[-100.434818,20.599918],[-100.434811,20.599794],[-100.434879,20.599791],[-100.434879,20.599794],[-100.434946,20.599791],[-100.435012,20.599789],[-100.435083,20.599786],[-100.435146,20.599784],[-100.435323,20.599687],[-100.436191,20.599107],[-100.43768,20.599025],[-100.442059,20.598871],[-100.442501,20.59915],[-100.442563,20.599189],[-100.442732,20.599288],[-100.442907,20.599375],[-100.443089,20.59945],[-100.443276,20.599514],[-100.443469,20.599565],[-100.443469,20.599565],[-100.443635,20.599582],[-100.443801,20.59959],[-100.443967,20.599589],[-100.443969,20.599609],[-100.44397,20.599636],[-100.444257,20.59964],[-100.444765,20.599621],[-100.445489,20.599591],[-100.447356,20.599507],[-100.4492,20.59945],[-100.449995,20.599443],[-100.45103,20.59951]]}}]}