{"type":"FeatureCollection","features":[{"type":"Feature","properties":{"nombre":"kml_1"},"geometry":{"type":"LineString","coordinates":[[-101.343081,20.683004],[-101.344673,20.686386],[-101.34468,20.686402],[-101.344688,20.686417],[-101.344695,20.686433],[-101.344703,20.686449],[-101.34471,20.686465],[-101.344718,20.68648],[-101.344725,20.686496],[-101.344733,20.686512],[-101.34474,20.686527],[-101.344748,20.686543],[-101.344756,20.686558],[-101.344763,20.686574],[-101.344771,20.686589],[-101.344779,20.686605],[-101.344787,20.68662],[-101.344795,20.686636],[-101.344803,20.686651],[-101.344811,20.686667],[-101.344819,20.686682],[-101.344828,20.686697],[-101.344836,20.686713],[-101.344874,20.686778],[-101.344914,20.686843],[-101.344955,20.686906],[-101.344999,20.686968],[-101.345009,20.686983],[-101.345019,20.686997],[-101.34503,20.687011],[-101.34504,20.687025],[-101.345051,20.687039],[-101.345061,20.687053],[-101.345072,20.687067],[-101.345083,20.687081],[-101.345094,20.687094],[-101.345105,20.687108],[-101.345116,20.687122],[-101.345127,20.687136],[-101.345138,20.687149],[-101.345149,20.687163],[-101.34516,20.687177],[-101.345171,20.68719],[-101.345182,20.687204],[-101.345193,20.687217],[-101.345205,20.687231],[-101.345216,20.687244],[-101.345227,20.687258],[-101.34608,20.688291],[-101.346091,20.688305],[-101.346103,20.688319],[-101.346114,20.688332],[-101.346125,20.688346],[-101.346136,20.688359],[-101.346147,20.688373],[-101.346158,20.688387],[-101.346169,20.6884],[-101.346181,20.688414],[-101.346192,20.688428],[-101.346202,20.688441],[-101.346213,20.688455],[-101.346224,20.688469],[-101.346235,20.688483],[-101.346246,20.688497],[-101.346256,20.688511],[-101.346267,20.688525],[-101.346278,20.688539],[-101.346288,20.688553],[-101.346298,20.688567],[-101.346309,20.688581],[-101.346353,20.688645],[-101.346395,20.688709],[-101.346435,20.688775],[-101.346474,20.688842],[-101.346482,20.688857],[-101.34649,20.688872],[-101.346499,20.688887],[-101.346507,20.688903],[-101.346515,20.688918],[-101.346523,20.688934],[-101.346531,20.688949],[-101.346539,20.688965],[-101.346546,20.68898],[-101.346554,20.688996],[-101.346562,20.689011],[-101.346569,20.689027],[-101.346577,20.689043],[-101.346584,20.689058],[-101.346592,20.689074],[-101.346599,20.68909],[-101.346607,20.689105],[-101.346614,20.689121],[-101.346621,20.689137],[-101.346629,20.689153],[-101.346636,20.689168],[-101.34685,20.689625],[-101.346857,20.689641],[-101.346865,20.689657],[-101.346872,20.689673],[-101.346879,20.689688],[-101.346887,20.689704],[-101.346894,20.68972],[-101.346901,20.689736],[-101.346909,20.689751],[-101.346916,20.689767],[-101.346923,20.689783],[-101.34693,20.689799],[-101.346937,20.689815],[-101.346944,20.689831],[-101.346951,20.689846],[-101.346958,20.689862],[-101.346964,20.689878],[-101.346971,20.689894],[-101.346978,20.68991],[-101.346984,20.689926],[-101.346991,20.689943],[-101.346997,20.689959],[-101.347028,20.690045],[-101.347057,20.690132],[-101.347082,20.690219],[-101.347104,20.690308],[-101.347123,20.690397],[-101.347139,20.690487],[-101.347141,20.690504],[-101.347144,20.690521],[-101.347146,20.690538],[-101.347149,20.690555],[-101.347151,20.690572],[-101.347153,20.690589],[-101.347155,20.690606],[-101.347157,20.690623],[-101.347159,20.69064],[-101.347161,20.690658],[-101.347162,20.690675],[-101.347164,20.690692],[-101.347166,20.690709],[-101.347167,20.690726],[-101.347169,20.690743],[-101.34717,20.69076],[-101.347172,20.690777],[-101.347173,20.690794],[-101.347175,20.690812],[-101.347176,20.690829],[-101.347178,20.690846],[-101.347212,20.691247],[-101.347214,20.691264],[-101.347215,20.691282],[-101.347216,20.691299],[-101.347218,20.691316],[-101.347219,20.691333],[-101.347221,20.69135],[-101.347223,20.691367],[-101.347224,20.691384],[-101.347226,20.691401],[-101.347228,20.691418],[-101.347229,20.691436],[-101.347231,20.691453],[-101.347233,20.69147],[-101.347235,20.691487],[-101.347237,20.691504],[-101.347239,20.691521],[-101.347241,20.691538],[-101.347244,20.691555],[-101.347246,20.691572],[-101.347249,20.691589],[-101.347251,20.691606],[-101.347267,20.691696],[-101.347286,20.691785],[-101.347308,20.691874],[-101.347333,20.691962],[-101.347362,20.692049],[-101.347393,20.692135],[-101.347428,20.692221],[-101.347435,20.692236],[-101.347442,20.692252],[-101.347449,20.692268],[-101.347456,20.692284],[-101.347463,20.6923],[-101.347471,20.692315],[-101.347478,20.692331],[-101.347486,20.692347],[-101.347493,20.692363],[-101.347501,20.692378],[-101.347508,20.692394],[-101.347516,20.692409],[-101.347524,20.692425],[-101.347532,20.69244],[-101.347539,20.692456],[-101.347547,20.692471],[-101.347555,20.692487],[-101.347563,20.692502],[-101.347571,20.692518],[-101.347579,20.692533],[-101.347587,20.692549],[-101.34924,20.695777],[-101.349248,20.695792],[-101.349255,20.695807],[-101.349263,20.695821],[-101.349271,20.695836],[-101.349278,20.695851],[-101.349286,20.695866],[-101.349293,20.69588],[-101.349301,20.695895],[-101.349308,20.69591],[-101.349316,20.695925],[-101.349323,20.69594],[-101.349912,20.697139],[-101.350463,20.698354],[-101.350975,20.699584],[-101.350982,20.699599],[-101.350988,20.699614],[-101.350994,20.69963],[-101.351,20.699645],[-101.351006,20.69966],[-101.351012,20.699676],[-101.351018,20.699691],[-101.351024,20.699706],[-101.35103,20.699722],[-101.351036,20.699737],[-101.351043,20.699753],[-101.352138,20.702513],[-101.352144,20.702529],[-101.352151,20.702546],[-101.352157,20.702562],[-101.352164,20.702578],[-101.35217,20.702595],[-101.352177,20.702611],[-101.352183,20.702628],[-101.35219,20.702644],[-101.352196,20.702661],[-101.352203,20.702677],[-101.35221,20.702693],[-101.352216,20.70271],[-101.352223,20.702726],[-101.352229,20.702743],[-101.352236,20.702759],[-101.352243,20.702775],[-101.352249,20.702792],[-101.352256,20.702808],[-101.352375,20.703088],[-101.3525,20.703365],[-101.352508,20.703381],[-101.352515,20.703397],[-101.352523,20.703413],[-101.35253,20.703429],[-101.352538,20.703445],[-101.352546,20.703461],[-101.352553,20.703477],[-101.352561,20.703493],[-101.352569,20.703509],[-101.352576,20.703525],[-101.352584,20.703541],[-101.352591,20.703557],[-101.352599,20.703573],[-101.352607,20.703589],[-101.352615,20.703605],[-101.352622,20.703621],[-101.35263,20.703637],[-101.352638,20.703653],[-101.354686,20.707909],[-101.354693,20.707925],[-101.354701,20.707941],[-101.354709,20.707957],[-101.354716,20.707973],[-101.354724,20.707989],[-101.354732,20.708005],[-101.354739,20.708021],[-101.354747,20.708037],[-101.354755,20.708052],[-101.354762,20.708068],[-101.35477,20.708084],[-101.354778,20.7081],[-101.354785,20.708116],[-101.354793,20.708132],[-101.354801,20.708148],[-101.354809,20.708164],[-101.354816,20.70818],[-101.354824,20.708195],[-101.354832,20.708211],[-101.35484,20.708227],[-101.354848,20.708243],[-101.354855,20.708259],[-101.354863,20.708275],[-101.354871,20.70829],[-101.354879,20.708306],[-101.354887,20.708322],[-101.354895,20.708338],[-101.354903,20.708354],[-101.35491,20.708369],[-101.354918,20.708385],[-101.354926,20.708401],[-101.35511,20.708749],[-101.355303,20.709092],[-101.355312,20.709108],[-101.355321,20.709123],[-101.35533,20.709138],[-101.355339,20.709154],[-101.355348,20.709169],[-101.355357,20.709184],[-101.355366,20.709199],[-101.355376,20.709215],[-101.355385,20.70923],[-101.355394,20.709245],[-101.355403,20.70926],[-101.355412,20.709275],[-101.355421,20.709291],[-101.35543,20.709306],[-101.355439,20.709321],[-101.355449,20.709336],[-101.355458,20.709351],[-101.355467,20.709366],[-101.355476,20.709382],[-101.355485,20.709397],[-101.355495,20.709412],[-101.355504,20.709427],[-101.355513,20.709442],[-101.355522,20.709457],[-101.355532,20.709472],[-101.355541,20.709488],[-101.35555,20.709503],[-101.355559,20.709518],[-101.355569,20.709533],[-101.355578,20.709548],[-101.355587,20.709563],[-101.356118,20.71043],[-101.356127,20.710445],[-101.356137,20.710461],[-101.356146,20.710476],[-101.356155,20.710491],[-101.356164,20.710506],[-101.356174,20.710521],[-101.356183,20.710536],[-101.356192,20.710551],[-101.356201,20.710567],[-101.356211,20.710582],[-101.35622,20.710597],[-101.356229,20.710612],[-101.356238,20.710627],[-101.356247,20.710642],[-101.356257,20.710657],[-101.356266,20.710673],[-101.356275,20.710688],[-101.356284,20.710703],[-101.356293,20.710718],[-101.356302,20.710733],[-101.356312,20.710749],[-101.356321,20.710764],[-101.35633,20.710779],[-101.356339,20.710794],[-101.356348,20.710809],[-101.356357,20.710825],[-101.356366,20.71084],[-101.356375,20.710855],[-101.356384,20.71087],[-101.356393,20.710886],[-101.356402,20.710901],[-101.356606,20.711264],[-101.356799,20.711632],[-101.356807,20.711648],[-101.356815,20.711664],[-101.356823,20.71168],[-101.35683,20.711696],[-101.356838,20.711711],[-101.356846,20.711727],[-101.356854,20.711743],[-101.356862,20.711759],[-101.35687,20.711775],[-101.356877,20.711791],[-101.356885,20.711806],[-101.356893,20.711822],[-101.3569,20.711838],[-101.356908,20.711854],[-101.356916,20.71187],[-101.356924,20.711886],[-101.356931,20.711902],[-101.356939,20.711918],[-101.356947,20.711934],[-101.356954,20.711949],[-101.356962,20.711965],[-101.356969,20.711981],[-101.356977,20.711997],[-101.356985,20.712013],[-101.356992,20.712029],[-101.357,20.712045],[-101.357008,20.712061],[-101.357015,20.712077],[-101.357023,20.712093],[-101.35703,20.712109],[-101.357038,20.712125],[-101.35767,20.71345],[-101.357678,20.713465],[-101.357685,20.713481],[-101.357693,20.713497],[-101.3577,20.713513],[-101.357708,20.713529],[-101.357716,20.713545],[-101.357723,20.713561],[-101.357731,20.713577],[-101.357738,20.713593],[-101.357746,20.713609],[-101.357753,20.713625],[-101.357761,20.713641],[-101.357769,20.713657],[-101.357776,20.713673],[-101.357784,20.713689],[-101.357791,20.713705],[-101.357799,20.713721],[-101.357806,20.713737],[-101.357814,20.713752],[-101.357821,20.713768],[-101.357829,20.713784],[-101.357836,20.7138],[-101.357843,20.713816],[-101.357851,20.713832],[-101.357858,20.713848],[-101.357866,20.713865],[-101.357873,20.713881],[-101.35788,20.713897],[-101.357888,20.713913],[-101.357895,20.713929],[-101.357902,20.713945],[-101.358025,20.714226],[-101.358142,20.71451],[-101.358148,20.714526],[-101.358155,20.714543],[-101.358161,20.714559],[-101.358167,20.714575],[-101.358174,20.714592],[-101.35818,20.714608],[-101.358186,20.714625],[-101.358193,20.714641],[-101.358199,20.714657],[-101.358205,20.714674],[-101.358212,20.71469],[-101.358218,20.714707],[-101.358224,20.714723],[-101.35823,20.714739],[-101.358237,20.714756],[-101.358243,20.714772],[-101.358249,20.714789],[-101.358255,20.714805],[-101.358262,20.714822],[-101.358268,20.714838],[-101.358274,20.714855],[-101.35828,20.714871],[-101.358286,20.714888],[-101.358292,20.714904],[-101.358299,20.714921],[-101.358305,20.714937],[-101.358311,20.714953],[-101.358317,20.71497],[-101.358323,20.714986],[-101.358329,20.715003],[-101.358335,20.715019],[-101.35886,20.716428],[-101.358866,20.716445],[-101.358872,20.716461],[-101.358878,20.716478],[-101.358885,20.716494],[-101.358891,20.716511],[-101.358897,20.716527],[-101.358903,20.716544],[-101.358909,20.71656],[-101.358915,20.716577],[-101.358922,20.716593],[-101.358928,20.71661],[-101.358934,20.716626],[-101.35894,20.716643],[-101.358946,20.716659],[-101.358952,20.716675],[-101.358959,20.716692],[-101.358965,20.716708],[-101.358971,20.716725],[-101.358977,20.716741],[-101.358984,20.716758],[-101.35899,20.716774],[-101.358996,20.716791],[-101.359003,20.716807],[-101.359009,20.716823],[-101.359015,20.71684],[-101.359022,20.716856],[-101.359028,20.716873],[-101.359034,20.716889],[-101.359041,20.716905],[-101.359047,20.716922],[-101.359054,20.716938],[-101.359183,20.717252],[-101.35932,20.717563],[-101.359328,20.717579],[-101.359335,20.717595],[-101.359343,20.717611],[-101.35935,20.717627],[-101.359357,20.717643],[-101.359365,20.717659],[-101.359372,20.717675],[-101.35938,20.717691],[-101.359387,20.717707],[-101.359395,20.717723],[-101.359402,20.717739],[-101.35941,20.717755],[-101.359417,20.717771],[-101.359425,20.717786],[-101.359433,20.717802],[-101.35944,20.717818],[-101.359448,20.717834],[-101.359455,20.71785],[-101.359463,20.717866],[-101.359471,20.717882],[-101.359478,20.717898],[-101.359486,20.717914],[-101.359494,20.71793],[-101.359501,20.717946],[-101.359509,20.717962],[-101.359517,20.717977],[-101.359524,20.717993],[-101.359532,20.718009],[-101.35954,20.718025],[-101.359547,20.718041],[-101.359555,20.718057],[-101.368536,20.736639],[-101.368544,20.736655],[-101.368551,20.736671],[-101.368559,20.736687],[-101.368567,20.736703],[-101.368575,20.736719],[-101.368582,20.736735],[-101.36859,20.736751],[-101.368598,20.736767],[-101.368605,20.736783],[-101.368613,20.736799],[-101.368621,20.736815],[-101.368629,20.736831],[-101.368636,20.736847],[-101.368644,20.736863],[-101.368652,20.736879],[-101.368659,20.736895],[-101.368667,20.736911],[-101.368675,20.736927],[-101.368682,20.736944],[-101.36869,20.73696],[-101.368698,20.736976],[-101.368705,20.736992],[-101.368713,20.737008],[-101.368721,20.737024],[-101.368728,20.73704],[-101.368736,20.737056],[-101.368744,20.737072],[-101.368751,20.737088],[-101.368759,20.737104],[-101.368766,20.73712],[-101.368774,20.737136],[-101.368781,20.737153],[-101.368789,20.737169],[-101.368796,20.737185],[-101.368804,20.737201],[-101.368811,20.737217],[-101.368819,20.737233],[-101.368826,20.737249],[-101.368834,20.737265],[-101.368841,20.737282],[-101.368849,20.737298],[-101.369085,20.737839],[-101.369303,20.738387],[-101.369502,20.738941],[-101.369682,20.739501],[-101.369843,20.740067],[-101.369983,20.740637],[-101.370105,20.741211],[-101.370206,20.741788],[-101.370209,20.741805],[-101.370211,20.741823],[-101.370214,20.74184],[-101.370217,20.741858],[-101.370219,20.741875],[-101.370222,20.741893],[-101.370225,20.74191],[-101.370227,20.741927],[-101.37023,20.741945],[-101.370232,20.741962],[-101.370235,20.74198],[-101.370238,20.741997],[-101.37024,20.742015],[-101.370243,20.742032],[-101.370245,20.742049],[-101.370248,20.742067],[-101.37025,20.742084],[-101.370253,20.742102],[-101.370255,20.742119],[-101.370258,20.742137],[-101.37026,20.742154],[-101.370263,20.742172],[-101.370265,20.742189],[-101.370268,20.742206],[-101.37027,20.742224],[-101.370272,20.742241],[-101.370275,20.742259],[-101.370277,20.742276],[-101.37028,20.742294],[-101.370282,20.742311],[-101.370284,20.742329],[-101.370287,20.742346],[-101.370289,20.742363],[-101.370292,20.742381],[-101.370294,20.742398],[-101.370296,20.742416],[-101.370299,20.742433],[-101.370301,20.742451],[-101.370303,20.742468],[-101.370306,20.742486],[-101.370308,20.742503],[-101.379463,20.809794],[-101.379465,20.809811],[-101.379468,20.809829],[-101.37947,20.809847],[-101.379473,20.809864],[-101.379475,20.809882],[-101.379478,20.8099],[-101.37948,20.809918],[-101.379482,20.809935],[-101.379485,20.809953],[-101.379487,20.809971],[-101.37949,20.809988],[-101.379492,20.810006],[-101.379495,20.810024],[-101.379497,20.810041],[-101.3795,20.810059],[-101.379502,20.810077],[-101.379505,20.810095],[-101.379507,20.810112],[-101.37951,20.81013],[-101.379512,20.810148],[-101.379515,20.810165],[-101.379517,20.810183],[-101.37952,20.810201],[-101.379523,20.810218],[-101.379525,20.810236],[-101.379528,20.810254],[-101.379531,20.810271],[-101.379533,20.810289],[-101.379536,20.810307],[-101.379539,20.810324],[-101.379542,20.810342],[-101.379544,20.81036],[-101.379547,20.810377],[-101.37955,20.810395],[-101.379553,20.810413],[-101.379556,20.81043],[-101.379559,20.810448],[-101.379562,20.810466],[-101.379565,20.810483],[-101.379568,20.810501],[-101.379571,20.810518],[-101.379574,20.810536],[-101.379577,20.810554],[-101.37958,20.810571],[-101.379583,20.810589],[-101.379587,20.810606],[-101.37959,20.810624],[-101.379593,20.810642],[-101.379646,20.810901],[-101.379707,20.811158],[-101.379776,20.811414],[-101.379852,20.811668],[-101.379937,20.811919],[-101.379943,20.811936],[-101.379949,20.811953],[-101.379955,20.81197],[-101.379961,20.811987],[-101.379967,20.812004],[-101.379974,20.812021],[-101.37998,20.812038],[-101.379986,20.812055],[-101.379992,20.812071],[-101.379999,20.812088],[-101.380005,20.812105],[-101.380011,20.812122],[-101.380018,20.812139],[-101.380024,20.812155],[-101.38003,20.812172],[-101.380037,20.812189],[-101.380043,20.812206],[-101.38005,20.812223],[-101.380056,20.812239],[-101.380063,20.812256],[-101.380069,20.812273],[-101.380076,20.81229],[-101.380083,20.812306],[-101.380089,20.812323],[-101.380096,20.81234],[-101.380103,20.812357],[-101.380109,20.812373],[-101.380116,20.81239],[-101.380123,20.812407],[-101.380129,20.812423],[-101.380136,20.81244],[-101.380143,20.812457],[-101.38015,20.812473],[-101.380156,20.81249],[-101.380163,20.812507],[-101.38017,20.812523],[-101.380177,20.81254],[-101.380183,20.812557],[-101.38019,20.812574],[-101.380197,20.81259],[-101.380204,20.812607],[-101.380211,20.812623],[-101.380218,20.81264],[-101.380224,20.812657],[-101.380231,20.812673],[-101.380238,20.81269],[-101.380245,20.812707],[-101.380252,20.812723],[-101.392931,20.843591],[-101.392937,20.843607],[-101.392943,20.843622],[-101.39295,20.843637],[-101.392956,20.843653],[-101.392962,20.843668],[-101.392969,20.843683],[-101.392975,20.843698],[-101.392981,20.843714],[-101.392987,20.843729],[-101.392994,20.843744],[-101.393,20.84376],[-101.393346,20.844573],[-101.393709,20.845381],[-101.393716,20.845396],[-101.393723,20.845411],[-101.39373,20.845426],[-101.393737,20.845441],[-101.393744,20.845456],[-101.393751,20.845471],[-101.393758,20.845486],[-101.393765,20.845501],[-101.393772,20.845516],[-101.393779,20.845531],[-101.393786,20.845546],[-101.39517,20.848528],[-101.395177,20.848543],[-101.395184,20.848558],[-101.395191,20.848573],[-101.395198,20.848588],[-101.395205,20.848604],[-101.395212,20.848619],[-101.395219,20.848634],[-101.395226,20.848649],[-101.395232,20.848664],[-101.395239,20.848679],[-101.395246,20.848694],[-101.39594,20.850279],[-101.395947,20.850294],[-101.395953,20.85031],[-101.395959,20.850325],[-101.395966,20.85034],[-101.395972,20.850356],[-101.395978,20.850371],[-101.395985,20.850386],[-101.395991,20.850401],[-101.395997,20.850417],[-101.396004,20.850432],[-101.39601,20.850447],[-101.410722,20.886158],[-101.410728,20.886173],[-101.410735,20.886188],[-101.410741,20.886204],[-101.410747,20.886219],[-101.410753,20.886234],[-101.41076,20.886249],[-101.410766,20.886265],[-101.410772,20.88628],[-101.410779,20.886295],[-101.410785,20.886311],[-101.410791,20.886326],[-101.410912,20.88662],[-101.410919,20.886635],[-101.410925,20.886651],[-101.410931,20.886666],[-101.410937,20.886681],[-101.410944,20.886697],[-101.41095,20.886712],[-101.410956,20.886727],[-101.410963,20.886742],[-101.410969,20.886758],[-101.410975,20.886773],[-101.410981,20.886788],[-101.429943,20.932917],[-101.429949,20.932933],[-101.429956,20.932948],[-101.429962,20.932963],[-101.429968,20.932978],[-101.429974,20.932994],[-101.429981,20.933009],[-101.429987,20.933024],[-101.429994,20.93304],[-101.43,20.933055],[-101.430006,20.93307],[-101.430013,20.933085],[-101.43008,20.933238],[-101.430151,20.933389],[-101.430159,20.933404],[-101.430166,20.933419],[-101.430173,20.933434],[-101.43018,20.933449],[-101.430188,20.933464],[-101.430195,20.933479],[-101.430203,20.933494],[-101.43021,20.933509],[-101.430217,20.933523],[-101.430225,20.933538],[-101.430232,20.933553],[-101.43054,20.934168],[-101.430547,20.934183],[-101.430555,20.934197],[-101.430562,20.934212],[-101.43057,20.934227],[-101.430577,20.934242],[-101.430584,20.934257],[-101.430592,20.934272],[-101.430599,20.934287],[-101.430606,20.934301],[-101.430614,20.934316],[-101.430621,20.934331],[-101.430691,20.93448],[-101.430757,20.93463],[-101.430764,20.934646],[-101.43077,20.934661],[-101.430777,20.934676],[-101.430783,20.934691],[-101.430789,20.934707],[-101.430796,20.934722],[-101.430802,20.934737],[-101.430808,20.934753],[-101.430815,20.934768],[-101.430821,20.934783],[-101.430827,20.934798],[-101.4329,20.939827],[-101.432906,20.939844],[-101.432913,20.93986],[-101.43292,20.939876],[-101.432927,20.939893],[-101.432933,20.939909],[-101.43294,20.939926],[-101.432947,20.939942],[-101.432953,20.939958],[-101.43296,20.939975],[-101.432967,20.939991],[-101.432973,20.940007],[-101.43298,20.940024],[-101.432986,20.94004],[-101.432993,20.940057],[-101.433,20.940073],[-101.433006,20.94009],[-101.433012,20.940106],[-101.433019,20.940123],[-101.433073,20.940267],[-101.433124,20.940412],[-101.43313,20.940429],[-101.433135,20.940445],[-101.433141,20.940462],[-101.433146,20.940479],[-101.433152,20.940496],[-101.433157,20.940512],[-101.433163,20.940529],[-101.433168,20.940546],[-101.433174,20.940563],[-101.433179,20.94058],[-101.433184,20.940596],[-101.43319,20.940613],[-101.433195,20.94063],[-101.4332,20.940647],[-101.433206,20.940664],[-101.433211,20.94068],[-101.433216,20.940697],[-101.433222,20.940714],[-101.43364,20.94204],[-101.433646,20.942057],[-101.433651,20.942073],[-101.433656,20.94209],[-101.433661,20.942107],[-101.433667,20.942123],[-101.433672,20.94214],[-101.433677,20.942156],[-101.433683,20.942173],[-101.433688,20.94219],[-101.433693,20.942206],[-101.433698,20.942223],[-101.433704,20.94224],[-101.433709,20.942256],[-101.433715,20.942273],[-101.43372,20.942289],[-101.433725,20.942306],[-101.433731,20.942322],[-101.433736,20.942339],[-101.433742,20.942356],[-101.433747,20.942372],[-101.433753,20.942389],[-101.433758,20.942405],[-101.433764,20.942422],[-101.43377,20.942438],[-101.433775,20.942455],[-101.433781,20.942471],[-101.433895,20.94278],[-101.433901,20.942797],[-101.433908,20.942813],[-101.433914,20.942829],[-101.433921,20.942845],[-101.433927,20.942862],[-101.433934,20.942878],[-101.43394,20.942894],[-101.433947,20.94291],[-101.433954,20.942926],[-101.43396,20.942943],[-101.433967,20.942959],[-101.433974,20.942975],[-101.43398,20.942991],[-101.433987,20.943007],[-101.433994,20.943023],[-101.434001,20.943039],[-101.434007,20.943056],[-101.434014,20.943072],[-101.434021,20.943088],[-101.434028,20.943104],[-101.434035,20.94312],[-101.434041,20.943136],[-101.434048,20.943152],[-101.434055,20.943168],[-101.434062,20.943185],[-101.434069,20.943201],[-101.4342,20.94351],[-101.434206,20.943526],[-101.434213,20.943541],[-101.43422,20.943557],[-101.434227,20.943573],[-101.434234,20.943589],[-101.43424,20.943605],[-101.434247,20.943621],[-101.434254,20.943637],[-101.434261,20.943653],[-101.434268,20.943669],[-101.434274,20.943685],[-101.434281,20.943701],[-101.434288,20.943717],[-101.434295,20.943733],[-101.434302,20.943749],[-101.434309,20.943765],[-101.434316,20.943781],[-101.434323,20.943796],[-101.43433,20.943812],[-101.434337,20.943828],[-101.434344,20.943844],[-101.434489,20.944156],[-101.434644,20.944463],[-101.434809,20.944765],[-101.434984,20.945062],[-101.435169,20.945354],[-101.435364,20.945641],[-101.435568,20.945921],[-101.435782,20.946196],[-101.435793,20.946209],[-101.435804,20.946223],[-101.435815,20.946237],[-101.435826,20.94625],[-101.435837,20.946264],[-101.435848,20.946278],[-101.43586,20.946291],[-101.435871,20.946305],[-101.435882,20.946318],[-101.435893,20.946332],[-101.435904,20.946346],[-101.435915,20.946359],[-101.435927,20.946373],[-101.435938,20.946386],[-101.435949,20.9464],[-101.43596,20.946413],[-101.435972,20.946427],[-101.435983,20.946441],[-101.435994,20.946454],[-101.436005,20.946468],[-101.436017,20.946481],[-101.444891,20.957141],[-101.444902,20.957154],[-101.444914,20.957168],[-101.444925,20.957182],[-101.444937,20.957195],[-101.444948,20.957209],[-101.444959,20.957223],[-101.444971,20.957236],[-101.444982,20.95725],[-101.444993,20.957264],[-101.445005,20.957277],[-101.445016,20.957291],[-101.445027,20.957305],[-101.445039,20.957318],[-101.445317,20.957659],[-101.445328,20.957673],[-101.445339,20.957686],[-101.44535,20.9577],[-101.445362,20.957714],[-101.445373,20.957728],[-101.445384,20.957742],[-101.445395,20.957756],[-101.445406,20.957769],[-101.445417,20.957783],[-101.445428,20.957797],[-101.445439,20.957811],[-101.44545,20.957825],[-101.445462,20.957839],[-101.447714,20.960647],[-101.447725,20.960662],[-101.447737,20.960676],[-101.447748,20.96069],[-101.447759,20.960704],[-101.447771,20.960718],[-101.447782,20.960732],[-101.447793,20.960746],[-101.447805,20.960761],[-101.447816,20.960775],[-101.447827,20.960789],[-101.447839,20.960803],[-101.44785,20.960817],[-101.447862,20.960831],[-101.447873,20.960845],[-101.447884,20.96086],[-101.447896,20.960874],[-101.447907,20.960888],[-101.447919,20.960902],[-101.44793,20.960916],[-101.447941,20.96093],[-101.447953,20.960944],[-101.447964,20.960958],[-101.447976,20.960972],[-101.447987,20.960986],[-101.447999,20.961001],[-101.44801,20.961015],[-101.448021,20.961029],[-101.448033,20.961043],[-101.448302,20.961366],[-101.448313,20.96138],[-101.448325,20.961394],[-101.448337,20.961408],[-101.448349,20.961422],[-101.44836,20.961436],[-101.448372,20.96145],[-101.448384,20.961463],[-101.448396,20.961477],[-101.448407,20.961491],[-101.448419,20.961505],[-101.448431,20.961519],[-101.448443,20.961533],[-101.448455,20.961546],[-101.448466,20.96156],[-101.448478,20.961574],[-101.44849,20.961588],[-101.448502,20.961602],[-101.448514,20.961615],[-101.448526,20.961629],[-101.448537,20.961643],[-101.448549,20.961657],[-101.448561,20.961671],[-101.448573,20.961684],[-101.448585,20.961698],[-101.448597,20.961712],[-101.448609,20.961726],[-101.44862,20.96174],[-101.448632,20.961753],[-101.451446,20.965028],[-101.451458,20.965041],[-101.451469,20.965055],[-101.451481,20.965069],[-101.451493,20.965082],[-101.451505,20.965096],[-101.451516,20.96511],[-101.451528,20.965123],[-101.45154,20.965137],[-101.451551,20.965151],[-101.451563,20.965164],[-101.451575,20.965178],[-101.451587,20.965191],[-101.451598,20.965205],[-101.45161,20.965219],[-101.451622,20.965232],[-101.451633,20.965246],[-101.451645,20.96526],[-101.451657,20.965274],[-101.451849,20.965501],[-101.451861,20.965514],[-101.451872,20.965528],[-101.451884,20.965542],[-101.451896,20.965556],[-101.451907,20.96557],[-101.451919,20.965583],[-101.45193,20.965597],[-101.451942,20.965611],[-101.451953,20.965625],[-101.451965,20.965638],[-101.451976,20.965652],[-101.451988,20.965666],[-101.451999,20.96568],[-101.452011,20.965694],[-101.452023,20.965707],[-101.452034,20.965721],[-101.452046,20.965735],[-101.452057,20.965749],[-101.454503,20.968675],[-101.454514,20.968687],[-101.454525,20.9687],[-101.454536,20.968713],[-101.454546,20.968726],[-101.454557,20.968739],[-101.454568,20.968752],[-101.454579,20.968765],[-101.454589,20.968778],[-101.4546,20.968791],[-101.454611,20.968804],[-101.454622,20.968816],[-101.454949,20.969209],[-101.45496,20.969222],[-101.454971,20.969235],[-101.454982,20.969248],[-101.454992,20.969261],[-101.455003,20.969274],[-101.455014,20.969287],[-101.455025,20.9693],[-101.455035,20.969313],[-101.455046,20.969326],[-101.455057,20.969339],[-101.455068,20.969352],[-101.470575,20.987993],[-101.470586,20.988006],[-101.470596,20.988019],[-101.470607,20.988032],[-101.470618,20.988045],[-101.470629,20.988058],[-101.470639,20.988071],[-101.47065,20.988084],[-101.470661,20.988097],[-101.470672,20.988109],[-101.470682,20.988122],[-101.470693,20.988135],[-101.471088,20.988611],[-101.471099,20.988624],[-101.471109,20.988637],[-101.47112,20.98865],[-101.471131,20.988663],[-101.471142,20.988676],[-101.471152,20.988689],[-101.471163,20.988702],[-101.471174,20.988715],[-101.471184,20.988728],[-101.471195,20.988741],[-101.471206,20.988754],[-101.485606,21.006163],[-101.485617,21.006177],[-101.485629,21.006191],[-101.485641,21.006205],[-101.485652,21.006219],[-101.485664,21.006233],[-101.485676,21.006247],[-101.485687,21.006261],[-101.485699,21.006275],[-101.485711,21.00629],[-101.485723,21.006304],[-101.485734,21.006318],[-101.485746,21.006332],[-101.485758,21.006346],[-101.485769,21.00636],[-101.485781,21.006374],[-101.485793,21.006388],[-101.485805,21.006402],[-101.485817,21.006416],[-101.485828,21.00643],[-101.48584,21.006444],[-101.485852,21.006458],[-101.485864,21.006472],[-101.485876,21.006486],[-101.485887,21.0065],[-101.485899,21.006514],[-101.485911,21.006528],[-101.485923,21.006542],[-101.485935,21.006556],[-101.485947,21.00657],[-101.485959,21.006584],[-101.485971,21.006598],[-101.485983,21.006612],[-101.485995,21.006626],[-101.486007,21.00664],[-101.486019,21.006654],[-101.486031,21.006667],[-101.486043,21.006681],[-101.486055,21.006695],[-101.486068,21.006709],[-101.48608,21.006722],[-101.486092,21.006736],[-101.486104,21.00675],[-101.486116,21.006764],[-101.486129,21.006777],[-101.486141,21.006791],[-101.486153,21.006805],[-101.486166,21.006818],[-101.486178,21.006832],[-101.486191,21.006845],[-101.486203,21.006859],[-101.486216,21.006872],[-101.486228,21.006886],[-101.486241,21.006899],[-101.486253,21.006913],[-101.486266,21.006926],[-101.486278,21.006939],[-101.486291,21.006953],[-101.486304,21.006966],[-101.486483,21.007147],[-101.486669,21.007322],[-101.486861,21.007491],[-101.487059,21.007653],[-101.487263,21.00781],[-101.487472,21.007959],[-101.487687,21.008102],[-101.487906,21.008238],[-101.488131,21.008366],[-101.48836,21.008488],[-101.488594,21.008601],[-101.488831,21.008708],[-101.489072,21.008806],[-101.489317,21.008897],[-101.489565,21.00898],[-101.489816,21.009055],[-101.490069,21.009122],[-101.490325,21.00918],[-101.490343,21.009184],[-101.490362,21.009188],[-101.49038,21.009192],[-101.490399,21.009196],[-101.490418,21.009199],[-101.490436,21.009203],[-101.490455,21.009207],[-101.490473,21.00921],[-101.490492,21.009214],[-101.490511,21.009217],[-101.490529,21.009221],[-101.490548,21.009224],[-101.490567,21.009228],[-101.490586,21.009231],[-101.490604,21.009235],[-101.490623,21.009238],[-101.490642,21.009241],[-101.49066,21.009245],[-101.490679,21.009248],[-101.490698,21.009251],[-101.490717,21.009254],[-101.490735,21.009258],[-101.490754,21.009261],[-101.490773,21.009264],[-101.490792,21.009267],[-101.49081,21.00927],[-101.490829,21.009273],[-101.490848,21.009276],[-101.490867,21.009279],[-101.490885,21.009282],[-101.490904,21.009285],[-101.490923,21.009288],[-101.490942,21.009291],[-101.490961,21.009294],[-101.490979,21.009297],[-101.490998,21.0093],[-101.491017,21.009303],[-101.491036,21.009305],[-101.491055,21.009308],[-101.491073,21.009311],[-101.491092,21.009314],[-101.491111,21.009317],[-101.49113,21.009319],[-101.491149,21.009322],[-101.491168,21.009325],[-101.491186,21.009328],[-101.491205,21.00933],[-101.491224,21.009333],[-101.491243,21.009336],[-101.491262,21.009338],[-101.49128,21.009341],[-101.491299,21.009344],[-101.491318,21.009347],[-101.491337,21.009349],[-101.491356,21.009352],[-101.491375,21.009355],[-101.491393,21.009357],[-101.491412,21.00936],[-101.5267,21.014377],[-101.526718,21.01438],[-101.526737,21.014383],[-101.526756,21.014385],[-101.526774,21.014388],[-101.526793,21.014391],[-101.526812,21.014393],[-101.52683,21.014396],[-101.526849,21.014398],[-101.526868,21.014401],[-101.526887,21.014404],[-101.526905,21.014407],[-101.526924,21.014409],[-101.526943,21.014412],[-101.526961,21.014415],[-101.52698,21.014417],[-101.526999,21.01442],[-101.527017,21.014423],[-101.527036,21.014425],[-101.527055,21.014428],[-101.527073,21.014431],[-101.527092,21.014434],[-101.527111,21.014436],[-101.527129,21.014439],[-101.527148,21.014442],[-101.527167,21.014445],[-101.527185,21.014448],[-101.527204,21.01445],[-101.527223,21.014453],[-101.527241,21.014456],[-101.52726,21.014459],[-101.527279,21.014462],[-101.527297,21.014465],[-101.527316,21.014467],[-101.527335,21.01447],[-101.527353,21.014473],[-101.527372,21.014476],[-101.52739,21.014479],[-101.527409,21.014482],[-101.527428,21.014485],[-101.527446,21.014488],[-101.527465,21.014491],[-101.527484,21.014494],[-101.527502,21.014497],[-101.527521,21.0145],[-101.527539,21.014503],[-101.527558,21.014506],[-101.527577,21.01451],[-101.527595,21.014513],[-101.527614,21.014516],[-101.527632,21.014519],[-101.527651,21.014522],[-101.52767,21.014525],[-101.527688,21.014529],[-101.527707,21.014532],[-101.527725,21.014535],[-101.527744,21.014539],[-101.527762,21.014542],[-101.527781,21.014545],[-101.5278,21.014549],[-101.527818,21.014552],[-101.527837,21.014556],[-101.528261,21.014642],[-101.528681,21.014742],[-101.529098,21.014856],[-101.52951,21.014983],[-101.529917,21.015124],[-101.530318,21.015278],[-101.530714,21.015445],[-101.531103,21.015624],[-101.531486,21.015816],[-101.531861,21.016021],[-101.531877,21.01603],[-101.531893,21.016039],[-101.531909,21.016049],[-101.531925,21.016058],[-101.531941,21.016067],[-101.531958,21.016076],[-101.531974,21.016086],[-101.53199,21.016095],[-101.532006,21.016104],[-101.532022,21.016114],[-101.532038,21.016123],[-101.532054,21.016133],[-101.53207,21.016142],[-101.532086,21.016152],[-101.532102,21.016161],[-101.532118,21.01617],[-101.532134,21.01618],[-101.53215,21.01619],[-101.532166,21.016199],[-101.532182,21.016209],[-101.532197,21.016218],[-101.532213,21.016228],[-101.532229,21.016237],[-101.532245,21.016247],[-101.532261,21.016257],[-101.532277,21.016266],[-101.532293,21.016276],[-101.532309,21.016286],[-101.532324,21.016295],[-101.53234,21.016305],[-101.532356,21.016315],[-101.532372,21.016324],[-101.532388,21.016334],[-101.532404,21.016344],[-101.532419,21.016354],[-101.532435,21.016363],[-101.532451,21.016373],[-101.532467,21.016383],[-101.532483,21.016393],[-101.532498,21.016402],[-101.532514,21.016412],[-101.53253,21.016422],[-101.532546,21.016432],[-101.532561,21.016442],[-101.532577,21.016451],[-101.532593,21.016461],[-101.532609,21.016471],[-101.532624,21.016481],[-101.53264,21.016491],[-101.532656,21.016501],[-101.532671,21.01651],[-101.532687,21.01652],[-101.532703,21.01653],[-101.532719,21.01654],[-101.532734,21.01655],[-101.53275,21.01656],[-101.532766,21.01657],[-101.532781,21.016579],[-101.532797,21.016589],[-101.532813,21.016599],[-101.532829,21.016609],[-101.541552,21.02209],[-101.541568,21.0221],[-101.541583,21.02211],[-101.541599,21.02212],[-101.541615,21.022129],[-101.54163,21.022139],[-101.541646,21.022149],[-101.541662,21.022159],[-101.541678,21.022169],[-101.541693,21.022179],[-101.541709,21.022189],[-101.541725,21.022198],[-101.54174,21.022208],[-101.541756,21.022218],[-101.541772,21.022228],[-101.541788,21.022238],[-101.541803,21.022248],[-101.541819,21.022257],[-101.541835,21.022267],[-101.541851,21.022277],[-101.541866,21.022287],[-101.541882,21.022297],[-101.541898,21.022306],[-101.541914,21.022316],[-101.541929,21.022326],[-101.541945,21.022336],[-101.541961,21.022345],[-101.541977,21.022355],[-101.541993,21.022365],[-101.542008,21.022375],[-101.542024,21.022384],[-101.54204,21.022394],[-101.542056,21.022404],[-101.542072,21.022413],[-101.542088,21.022423],[-101.542104,21.022433],[-101.542119,21.022442],[-101.542135,21.022452],[-101.542151,21.022462],[-101.542167,21.022471],[-101.542183,21.022481],[-101.542199,21.02249],[-101.542215,21.0225],[-101.542231,21.022509],[-101.542247,21.022519],[-101.542263,21.022528],[-101.542279,21.022538],[-101.542295,21.022547],[-101.542311,21.022557],[-101.542327,21.022566],[-101.542343,21.022576],[-101.542359,21.022585],[-101.542375,21.022595],[-101.542391,21.022604],[-101.542407,21.022613],[-101.542423,21.022623],[-101.542439,21.022632],[-101.542455,21.022641],[-101.542471,21.02265],[-101.542487,21.02266],[-101.542504,21.022669],[-101.54252,21.022678],[-101.542887,21.022878],[-101.543261,21.023067],[-101.543642,21.023244],[-101.54403,21.023408],[-101.544422,21.02356],[-101.544821,21.023699],[-101.545224,21.023825],[-101.545631,21.023939],[-101.546042,21.024039],[-101.546457,21.024126],[-101.546874,21.0242],[-101.547294,21.024261],[-101.547313,21.024263],[-101.547332,21.024266],[-101.54735,21.024268],[-101.547369,21.02427],[-101.547388,21.024273],[-101.547407,21.024275],[-101.547425,21.024277],[-101.547444,21.024279],[-101.547463,21.024281],[-101.547482,21.024284],[-101.5475,21.024286],[-101.547519,21.024288],[-101.547538,21.02429],[-101.547557,21.024292],[-101.547575,21.024294],[-101.547594,21.024296],[-101.547613,21.024298],[-101.547632,21.0243],[-101.547651,21.024302],[-101.547669,21.024304],[-101.547688,21.024306],[-101.547707,21.024308],[-101.547726,21.02431],[-101.547745,21.024312],[-101.547763,21.024314],[-101.547782,21.024315],[-101.547801,21.024317],[-101.54782,21.024319],[-101.547839,21.024321],[-101.547857,21.024323],[-101.547876,21.024324],[-101.547895,21.024326],[-101.547914,21.024328],[-101.547933,21.02433],[-101.547951,21.024331],[-101.54797,21.024333],[-101.547989,21.024335],[-101.548008,21.024337],[-101.548027,21.024338],[-101.548045,21.02434],[-101.548064,21.024342],[-101.548083,21.024343],[-101.548102,21.024345],[-101.548121,21.024347],[-101.54814,21.024348],[-101.548158,21.02435],[-101.548177,21.024351],[-101.548196,21.024353],[-101.548215,21.024355],[-101.548234,21.024356],[-101.548253,21.024358],[-101.548271,21.02436],[-101.54829,21.024361],[-101.548309,21.024363],[-101.548328,21.024364],[-101.548347,21.024366],[-101.548365,21.024367],[-101.548384,21.024369],[-101.548403,21.024371],[-101.548422,21.024372],[-101.548441,21.024374],[-101.561933,21.025506],[-101.561952,21.025507],[-101.561971,21.025509],[-101.561989,21.02551],[-101.562008,21.025512],[-101.562027,21.025514],[-101.562046,21.025515],[-101.562065,21.025517],[-101.562084,21.025518],[-101.562102,21.02552],[-101.562121,21.025522],[-101.56214,21.025523],[-101.562159,21.025525],[-101.562178,21.025526],[-101.562197,21.025528],[-101.562215,21.02553],[-101.562234,21.025531],[-101.562253,21.025533],[-101.562272,21.025535],[-101.562291,21.025536],[-101.562309,21.025538],[-101.562328,21.02554],[-101.562347,21.025541],[-101.562366,21.025543],[-101.562385,21.025545],[-101.562404,21.025546],[-101.562422,21.025548],[-101.562441,21.02555],[-101.56246,21.025552],[-101.562479,21.025553],[-101.562498,21.025555],[-101.562516,21.025557],[-101.562535,21.025559],[-101.562554,21.02556],[-101.562573,21.025562],[-101.562592,21.025564],[-101.56261,21.025566],[-101.562629,21.025568],[-101.562648,21.02557],[-101.562667,21.025572],[-101.562686,21.025574],[-101.562704,21.025575],[-101.562723,21.025577],[-101.562742,21.025579],[-101.562761,21.025581],[-101.56278,21.025583],[-101.562798,21.025585],[-101.562817,21.025587],[-101.562836,21.02559],[-101.562855,21.025592],[-101.562873,21.025594],[-101.562892,21.025596],[-101.562911,21.025598],[-101.56293,21.0256],[-101.562948,21.025602],[-101.562967,21.025605],[-101.562986,21.025607],[-101.563005,21.025609],[-101.563023,21.025612],[-101.563042,21.025614],[-101.563061,21.025616],[-101.56308,21.025619],[-101.563499,21.025679],[-101.563917,21.025753],[-101.564331,21.02584],[-101.564742,21.02594],[-101.565149,21.026054],[-101.565552,21.02618],[-101.56595,21.026319],[-101.566343,21.02647],[-101.56673,21.026635],[-101.567111,21.026811],[-101.567485,21.026999],[-101.567501,21.027008],[-101.567518,21.027017],[-101.567534,21.027025],[-101.567551,21.027034],[-101.567567,21.027043],[-101.567584,21.027052],[-101.5676,21.02706],[-101.567616,21.027069],[-101.567633,21.027078],[-101.567649,21.027087],[-101.567666,21.027096],[-101.567682,21.027105],[-101.567698,21.027114],[-101.567715,21.027123],[-101.567731,21.027131],[-101.567747,21.02714],[-101.567764,21.027149],[-101.56778,21.027158],[-101.567796,21.027167],[-101.567812,21.027176],[-101.567829,21.027186],[-101.567845,21.027195],[-101.567861,21.027204],[-101.567877,21.027213],[-101.567894,21.027222],[-101.56791,21.027231],[-101.567926,21.02724],[-101.567942,21.027249],[-101.567958,21.027258],[-101.567975,21.027268],[-101.567991,21.027277],[-101.568007,21.027286],[-101.568023,21.027295],[-101.568039,21.027304],[-101.568055,21.027314],[-101.568072,21.027323],[-101.568088,21.027332],[-101.568104,21.027341],[-101.56812,21.027351],[-101.568136,21.02736],[-101.568152,21.027369],[-101.568168,21.027378],[-101.568184,21.027388],[-101.568201,21.027397],[-101.568217,21.027406],[-101.568233,21.027416],[-101.568249,21.027425],[-101.568265,21.027434],[-101.568281,21.027444],[-101.568297,21.027453],[-101.568313,21.027462],[-101.568329,21.027472],[-101.568345,21.027481],[-101.568361,21.02749],[-101.568377,21.0275],[-101.568393,21.027509],[-101.56841,21.027518],[-101.568426,21.027528],[-101.568442,21.027537],[-101.568458,21.027546],[-101.568474,21.027556],[-101.587015,21.038355],[-101.587031,21.038364],[-101.587047,21.038373],[-101.587062,21.038383],[-101.587078,21.038392],[-101.587094,21.038401],[-101.587109,21.03841],[-101.587125,21.038419],[-101.587141,21.038428],[-101.587157,21.038437],[-101.587172,21.038447],[-101.587188,21.038456],[-101.587204,21.038465],[-101.587219,21.038474],[-101.590474,21.040351],[-101.59049,21.040361],[-101.590506,21.04037],[-101.590521,21.040379],[-101.590537,21.040388],[-101.590553,21.040397],[-101.590569,21.040406],[-101.590585,21.040415],[-101.5906,21.040424],[-101.590616,21.040433],[-101.590632,21.040442],[-101.590648,21.040451],[-101.590664,21.04046],[-101.590679,21.040469],[-101.608691,21.050759],[-101.608706,21.050767],[-101.608721,21.050776],[-101.608737,21.050785],[-101.608752,21.050794],[-101.608768,21.050803],[-101.608783,21.050811],[-101.608798,21.05082],[-101.608814,21.050829],[-101.608829,21.050838],[-101.608845,21.050847],[-101.60886,21.050855],[-101.608875,21.050864],[-101.608891,21.050873],[-101.608906,21.050882],[-101.608922,21.050891],[-101.608937,21.050899],[-101.610577,21.051841],[-101.610592,21.05185],[-101.610607,21.051859],[-101.610623,21.051867],[-101.610638,21.051876],[-101.610653,21.051885],[-101.610669,21.051894],[-101.610684,21.051903],[-101.610699,21.051912],[-101.610715,21.051921],[-101.61073,21.051929],[-101.610745,21.051938],[-101.610761,21.051947],[-101.610776,21.051956],[-101.610792,21.051965],[-101.610807,21.051974],[-101.610822,21.051983],[-101.656683,21.07844],[-101.656698,21.078449],[-101.656714,21.078458],[-101.656729,21.078467],[-101.656745,21.078475],[-101.65676,21.078484],[-101.656775,21.078493],[-101.656791,21.078502],[-101.656806,21.078511],[-101.656821,21.07852],[-101.656837,21.078529],[-101.656852,21.078537],[-101.656867,21.078546],[-101.656883,21.078555],[-101.656898,21.078564],[-101.656913,21.078573],[-101.656929,21.078582],[-101.657745,21.079051],[-101.65776,21.07906],[-101.657776,21.079069],[-101.657791,21.079077],[-101.657806,21.079086],[-101.657822,21.079095],[-101.657837,21.079104],[-101.657853,21.079113],[-101.657868,21.079121],[-101.657883,21.07913],[-101.657899,21.079139],[-101.657914,21.079148],[-101.657929,21.079157],[-101.657945,21.079166],[-101.65796,21.079174],[-101.657976,21.079183],[-101.657991,21.079192],[-101.66404,21.08266],[-101.664056,21.082669],[-101.664071,21.082678],[-101.664087,21.082687],[-101.664103,21.082696],[-101.664119,21.082705],[-101.664135,21.082714],[-101.66415,21.082723],[-101.664166,21.082732],[-101.664182,21.082741],[-101.664198,21.08275],[-101.664213,21.082759],[-101.664229,21.082768],[-101.664245,21.082777],[-101.664849,21.083128],[-101.664865,21.083137],[-101.664881,21.083146],[-101.664897,21.083155],[-101.664912,21.083165],[-101.664928,21.083174],[-101.664944,21.083183],[-101.664959,21.083192],[-101.664975,21.083201],[-101.664991,21.083211],[-101.665006,21.08322],[-101.665022,21.083229],[-101.665038,21.083238],[-101.665053,21.083247],[-101.673287,21.088073],[-101.673303,21.088082],[-101.673319,21.088092],[-101.673335,21.088101],[-101.673352,21.08811],[-101.673368,21.08812],[-101.673384,21.088129],[-101.6734,21.088139],[-101.673416,21.088148],[-101.673432,21.088158],[-101.673448,21.088167],[-101.673464,21.088176],[-101.673481,21.088186],[-101.673497,21.088195],[-101.673513,21.088205],[-101.673529,21.088214],[-101.673545,21.088224],[-101.673561,21.088233],[-101.673577,21.088242],[-101.673593,21.088252],[-101.67361,21.088261],[-101.673626,21.088271],[-101.673642,21.08828],[-101.673658,21.088289],[-101.673674,21.088299],[-101.67369,21.088308],[-101.673707,21.088318],[-101.673723,21.088327],[-101.673739,21.088336],[-101.673755,21.088346],[-101.673771,21.088355],[-101.673788,21.088364],[-101.673804,21.088374],[-101.67382,21.088383],[-101.673836,21.088392],[-101.673852,21.088402],[-101.673869,21.088411],[-101.673885,21.08842],[-101.673901,21.088429],[-101.673917,21.088439],[-101.673933,21.088448],[-101.67395,21.088457],[-101.673966,21.088466],[-101.673982,21.088476],[-101.673998,21.088485],[-101.674015,21.088494],[-101.674031,21.088503],[-101.674047,21.088513],[-101.674064,21.088522],[-101.67408,21.088531],[-101.674096,21.08854],[-101.674113,21.088549],[-101.674129,21.088558],[-101.674145,21.088567],[-101.674161,21.088577],[-101.674178,21.088586],[-101.674194,21.088595],[-101.674211,21.088604],[-101.674227,21.088613],[-101.674243,21.088622],[-101.67426,21.088631],[-101.674276,21.08864],[-101.674292,21.088649],[-101.674309,21.088658],[-101.674325,21.088667],[-101.674342,21.088676],[-101.674358,21.088685],[-101.674375,21.088694],[-101.674391,21.088703],[-101.674408,21.088712],[-101.674424,21.08872],[-101.674441,21.088729],[-101.674457,21.088738],[-101.674474,21.088747],[-101.67449,21.088756],[-101.674507,21.088765],[-101.674523,21.088773],[-101.67454,21.088782],[-101.674556,21.088791],[-101.674573,21.0888],[-101.674589,21.088808],[-101.674606,21.088817],[-101.674623,21.088826],[-101.674639,21.088834],[-101.674656,21.088843],[-101.674673,21.088852],[-101.674689,21.08886],[-101.675107,21.089067],[-101.675531,21.08926],[-101.675962,21.089441],[-101.676399,21.089608],[-101.676842,21.089762],[-101.67729,21.089902],[-101.677742,21.090028],[-101.678199,21.09014],[-101.678217,21.090144],[-101.678236,21.090148],[-101.678254,21.090152],[-101.678273,21.090157],[-101.678291,21.090161],[-101.67831,21.090165],[-101.678328,21.090169],[-101.678347,21.090173],[-101.678365,21.090177],[-101.678384,21.090181],[-101.678402,21.090185],[-101.678421,21.090189],[-101.678439,21.090193],[-101.678458,21.090197],[-101.678476,21.090201],[-101.678495,21.090205],[-101.678514,21.090209],[-101.678532,21.090213],[-101.678551,21.090216],[-101.678569,21.09022],[-101.678588,21.090224],[-101.678606,21.090228],[-101.678625,21.090232],[-101.678643,21.090235],[-101.678662,21.090239],[-101.678681,21.090243],[-101.678699,21.090247],[-101.678718,21.09025],[-101.678736,21.090254],[-101.678755,21.090258],[-101.678774,21.090261],[-101.678792,21.090265],[-101.678811,21.090269],[-101.678829,21.090272],[-101.678848,21.090276],[-101.678867,21.090279],[-101.678885,21.090283],[-101.678904,21.090287],[-101.678922,21.09029],[-101.678941,21.090294],[-101.67896,21.090297],[-101.678978,21.090301],[-101.678997,21.090304],[-101.679016,21.090308],[-101.679034,21.090311],[-101.679053,21.090315],[-101.679072,21.090318],[-101.67909,21.090321],[-101.679109,21.090325],[-101.679128,21.090328],[-101.679146,21.090332],[-101.679165,21.090335],[-101.679183,21.090339],[-101.679202,21.090342],[-101.679221,21.090345],[-101.679239,21.090349],[-101.679258,21.090352],[-101.679277,21.090355],[-101.679295,21.090359],[-101.679314,21.090362],[-101.679333,21.090365],[-101.679351,21.090369],[-101.67937,21.090372],[-101.679389,21.090375],[-101.679407,21.090379],[-101.679426,21.090382],[-101.679445,21.090385],[-101.679463,21.090389],[-101.679482,21.090392],[-101.679501,21.090395],[-101.67952,21.090398],[-101.679538,21.090402],[-101.679557,21.090405],[-101.679576,21.090408],[-101.679594,21.090411],[-101.679613,21.090415],[-101.679632,21.090418],[-101.67965,21.090421],[-101.679669,21.090424],[-101.679688,21.090428],[-101.679706,21.090431],[-101.679725,21.090434],[-101.679744,21.090437],[-101.679762,21.090441],[-101.679781,21.090444],[-101.6798,21.090447],[-101.685899,21.091506],[-101.685917,21.091509],[-101.685935,21.091512],[-101.685953,21.091516],[-101.685971,21.091519],[-101.685989,21.091522],[-101.686008,21.091525],[-101.686026,21.091528],[-101.686044,21.091531],[-101.686062,21.091534],[-101.68608,21.091538],[-101.686099,21.091541],[-101.686117,21.091544],[-101.686135,21.091547],[-101.686568,21.091622],[-101.686586,21.091625],[-101.686605,21.091628],[-101.686623,21.091632],[-101.686641,21.091635],[-101.686659,21.091638],[-101.686677,21.091641],[-101.686695,21.091644],[-101.686714,21.091647],[-101.686732,21.09165],[-101.68675,21.091654],[-101.686768,21.091657],[-101.686786,21.09166],[-101.686805,21.091663],[-101.693589,21.092838],[-101.693606,21.092841],[-101.693623,21.092844],[-101.693641,21.092846],[-101.693658,21.092849],[-101.693675,21.092852],[-101.693692,21.092855],[-101.693709,21.092858],[-101.693727,21.092861],[-101.693744,21.092864],[-101.693761,21.092867],[-101.693778,21.09287],[-101.694421,21.092984],[-101.694439,21.092988],[-101.694456,21.092991],[-101.694473,21.092994],[-101.69449,21.092997],[-101.694507,21.093],[-101.694524,21.093003],[-101.694542,21.093006],[-101.694559,21.093009],[-101.694576,21.093012],[-101.694593,21.093016],[-101.69461,21.093019],[-101.708494,21.09554],[-101.708513,21.095543],[-101.708532,21.095547],[-101.70855,21.09555],[-101.708569,21.095554],[-101.708588,21.095557],[-101.708606,21.09556],[-101.708625,21.095564],[-101.708644,21.095567],[-101.708663,21.09557],[-101.708681,21.095574],[-101.7087,21.095577],[-101.708719,21.095581],[-101.708738,21.095584],[-101.708756,21.095587],[-101.708775,21.095591],[-101.708794,21.095594],[-101.708812,21.095597],[-101.708831,21.0956],[-101.70885,21.095604],[-101.708869,21.095607],[-101.708887,21.09561],[-101.708906,21.095613],[-101.708925,21.095617],[-101.708944,21.09562],[-101.708962,21.095623],[-101.708981,21.095626],[-101.709,21.095629],[-101.709019,21.095632],[-101.709038,21.095635],[-101.709056,21.095639],[-101.709075,21.095642],[-101.709094,21.095645],[-101.709113,21.095648],[-101.709131,21.095651],[-101.70915,21.095654],[-101.709169,21.095656],[-101.709188,21.095659],[-101.709207,21.095662],[-101.709226,21.095665],[-101.709244,21.095668],[-101.709263,21.095671],[-101.709282,21.095673],[-101.709301,21.095676],[-101.70932,21.095679],[-101.709339,21.095681],[-101.709357,21.095684],[-101.709376,21.095687],[-101.709395,21.095689],[-101.709414,21.095692],[-101.709433,21.095694],[-101.709452,21.095697],[-101.709471,21.095699],[-101.70949,21.095701],[-101.709508,21.095704],[-101.709527,21.095706],[-101.709546,21.095708],[-101.709565,21.09571],[-101.709584,21.095713],[-101.709849,21.095738],[-101.710114,21.095755],[-101.71038,21.095763],[-101.710646,21.095762],[-101.710912,21.095753],[-101.711178,21.095736],[-101.711442,21.095709],[-101.711706,21.095674],[-101.711968,21.095631],[-101.712228,21.095579],[-101.712486,21.095519],[-101.712742,21.09545],[-101.712995,21.095373],[-101.713245,21.095288],[-101.713492,21.095195],[-101.713735,21.095094],[-101.713975,21.094985],[-101.71421,21.094868],[-101.714226,21.094859],[-101.714243,21.094851],[-101.71426,21.094842],[-101.714276,21.094833],[-101.714293,21.094824],[-101.71431,21.094816],[-101.714326,21.094807],[-101.714343,21.094798],[-101.714359,21.094789],[-101.714376,21.09478],[-101.714392,21.094771],[-101.714409,21.094762],[-101.714425,21.094753],[-101.714441,21.094744],[-101.714458,21.094735],[-101.714474,21.094726],[-101.714491,21.094716],[-101.714507,21.094707],[-101.714523,21.094698],[-101.71454,21.094689],[-101.714556,21.094679],[-101.714572,21.09467],[-101.714588,21.094661],[-101.714605,21.094651],[-101.714621,21.094642],[-101.714637,21.094633],[-101.714653,21.094623],[-101.71467,21.094614],[-101.714686,21.094604],[-101.714702,21.094595],[-101.714718,21.094585],[-101.714734,21.094576],[-101.71475,21.094566],[-101.714766,21.094557],[-101.714783,21.094547],[-101.714799,21.094538],[-101.714815,21.094528],[-101.714831,21.094518],[-101.714847,21.094509],[-101.714863,21.094499],[-101.714879,21.09449],[-101.714895,21.09448],[-101.714911,21.09447],[-101.714927,21.094461],[-101.714943,21.094451],[-101.714959,21.094441],[-101.714975,21.094432],[-101.714991,21.094422],[-101.715007,21.094412],[-101.715023,21.094402],[-101.715039,21.094393],[-101.715055,21.094383],[-101.715071,21.094373],[-101.715087,21.094364],[-101.715103,21.094354],[-101.715119,21.094344],[-101.715135,21.094334],[-101.715151,21.094325],[-101.741895,21.078043],[-101.74191,21.078033],[-101.741926,21.078023],[-101.741942,21.078014],[-101.741958,21.078004],[-101.741974,21.077994],[-101.74199,21.077985],[-101.742005,21.077975],[-101.742021,21.077965],[-101.742037,21.077956],[-101.742053,21.077946],[-101.742069,21.077936],[-101.742085,21.077927],[-101.7421,21.077917],[-101.742116,21.077907],[-101.742132,21.077898],[-101.742148,21.077888],[-101.742164,21.077878],[-101.742179,21.077869],[-101.742195,21.077859],[-101.742211,21.077849],[-101.742227,21.077839],[-101.742243,21.07783],[-101.742258,21.07782],[-101.742274,21.07781],[-101.74229,21.077801],[-101.742306,21.077791],[-101.742321,21.077781],[-101.742337,21.077771],[-101.743108,21.077276],[-101.74386,21.076757],[-101.744595,21.076215],[-101.745311,21.075652],[-101.746006,21.075067],[-101.746681,21.074461],[-101.747335,21.073835],[-101.747967,21.073189],[-101.748577,21.072525],[-101.749163,21.071842],[-101.749725,21.071142],[-101.749736,21.071128],[-101.749747,21.071114],[-101.749758,21.071099],[-101.749769,21.071085],[-101.74978,21.071071],[-101.749791,21.071056],[-101.749803,21.071042],[-101.749814,21.071028],[-101.749825,21.071013],[-101.749836,21.070999],[-101.749847,21.070985],[-101.749858,21.07097],[-101.749869,21.070956],[-101.74988,21.070941],[-101.749891,21.070927],[-101.749902,21.070913],[-101.749913,21.070898],[-101.749924,21.070884],[-101.749935,21.070869],[-101.749946,21.070855],[-101.749957,21.070841],[-101.749968,21.070826],[-101.749979,21.070812],[-101.74999,21.070797],[-101.750001,21.070783],[-101.750012,21.070768],[-101.750023,21.070754],[-101.750034,21.07074],[-101.762358,21.054554],[-101.762369,21.054539],[-101.76238,21.054525],[-101.762391,21.05451],[-101.762402,21.054496],[-101.762413,21.054481],[-101.762424,21.054467],[-101.762435,21.054453],[-101.762446,21.054438],[-101.762457,21.054424],[-101.762468,21.054409],[-101.762479,21.054395],[-101.76249,21.05438],[-101.762501,21.054366],[-101.762512,21.054351],[-101.762523,21.054337],[-101.762534,21.054323],[-101.762545,21.054308],[-101.762556,21.054294],[-101.762567,21.054279],[-101.762578,21.054265],[-101.762589,21.054251],[-101.7626,21.054236],[-101.762611,21.054222],[-101.762623,21.054207],[-101.762634,21.054193],[-101.762645,21.054179],[-101.762656,21.054164],[-101.762667,21.05415],[-101.762678,21.054135],[-101.762689,21.054121],[-101.762701,21.054107],[-101.762712,21.054092],[-101.762723,21.054078],[-101.763234,21.053448],[-101.763769,21.052835],[-101.764326,21.05224],[-101.764905,21.051664],[-101.765506,21.051107],[-101.766127,21.050571],[-101.766767,21.050055],[-101.767426,21.04956],[-101.767441,21.04955],[-101.767456,21.049539],[-101.767471,21.049528],[-101.767486,21.049517],[-101.767501,21.049506],[-101.767517,21.049496],[-101.767532,21.049485],[-101.767547,21.049474],[-101.767562,21.049463],[-101.767577,21.049453],[-101.767592,21.049442],[-101.767607,21.049431],[-101.767622,21.04942],[-101.767637,21.04941],[-101.767652,21.049399],[-101.767667,21.049388],[-101.767682,21.049377],[-101.767698,21.049367],[-101.767713,21.049356],[-101.767728,21.049345],[-101.767743,21.049335],[-101.767758,21.049324],[-101.767773,21.049313],[-101.767788,21.049303],[-101.767803,21.049292],[-101.767819,21.049281],[-101.767834,21.049271],[-101.767849,21.04926],[-101.767864,21.049249],[-101.767879,21.049239],[-101.767894,21.049228],[-101.767909,21.049217],[-101.767925,21.049207],[-101.795286,21.029941],[-101.795301,21.029931],[-101.795316,21.02992],[-101.795331,21.029909],[-101.795346,21.029899],[-101.795362,21.029888],[-101.795377,21.029878],[-101.795392,21.029867],[-101.795407,21.029856],[-101.795422,21.029846],[-101.795437,21.029835],[-101.795452,21.029824],[-101.795467,21.029814],[-101.795482,21.029803],[-101.795498,21.029793],[-101.795513,21.029782],[-101.795528,21.029771],[-101.795543,21.029761],[-101.795558,21.02975],[-101.795573,21.02974],[-101.795588,21.029729],[-101.795604,21.029719],[-101.795619,21.029708],[-101.795634,21.029697],[-101.795649,21.029687],[-101.795664,21.029676],[-101.795679,21.029666],[-101.795695,21.029655],[-101.79571,21.029645],[-101.795725,21.029634],[-101.79574,21.029624],[-101.795755,21.029613],[-101.795771,21.029603],[-101.795786,21.029592],[-101.795801,21.029582],[-101.795816,21.029572],[-101.795832,21.029561],[-101.795847,21.029551],[-101.795862,21.02954],[-101.795878,21.02953],[-101.795893,21.02952],[-101.795908,21.029509],[-101.795924,21.029499],[-101.795939,21.029488],[-101.795954,21.029478],[-101.79597,21.029468],[-101.795985,21.029458],[-101.796,21.029447],[-101.796016,21.029437],[-101.796031,21.029427],[-101.796047,21.029417],[-101.796062,21.029406],[-101.796077,21.029396],[-101.796093,21.029386],[-101.796108,21.029376],[-101.796124,21.029366],[-101.796139,21.029356],[-101.79642,21.029177],[-101.796436,21.029168],[-101.796451,21.029158],[-101.796467,21.029148],[-101.796483,21.029138],[-101.796499,21.029129],[-101.796515,21.029119],[-101.79653,21.029109],[-101.796546,21.0291],[-101.796562,21.02909],[-101.796578,21.029081],[-101.796594,21.029071],[-101.79661,21.029061],[-101.796626,21.029052],[-101.796642,21.029042],[-101.796657,21.029033],[-101.796673,21.029023],[-101.796689,21.029014],[-101.796705,21.029004],[-101.796721,21.028995],[-101.796737,21.028985],[-101.796753,21.028976],[-101.796769,21.028967],[-101.796785,21.028957],[-101.796801,21.028948],[-101.796817,21.028938],[-101.796833,21.028929],[-101.796849,21.02892],[-101.796865,21.02891],[-101.796881,21.028901],[-101.796897,21.028892],[-101.796913,21.028882],[-101.79693,21.028873],[-101.796946,21.028864],[-101.796962,21.028854],[-101.796978,21.028845],[-101.796994,21.028836],[-101.79701,21.028826],[-101.797026,21.028817],[-101.797042,21.028808],[-101.797058,21.028799],[-101.797074,21.028789],[-101.79709,21.02878],[-101.797106,21.028771],[-101.797123,21.028762],[-101.797139,21.028752],[-101.797155,21.028743],[-101.797171,21.028734],[-101.797187,21.028725],[-101.797203,21.028715],[-101.797219,21.028706],[-101.797235,21.028697],[-101.797251,21.028688],[-101.797268,21.028679],[-101.797284,21.028669],[-101.7973,21.02866],[-101.797316,21.028651],[-101.813492,21.019405],[-101.813508,21.019396],[-101.813524,21.019387],[-101.81354,21.019378],[-101.813556,21.019368],[-101.813573,21.019359],[-101.813589,21.01935],[-101.813605,21.019341],[-101.813621,21.019331],[-101.813637,21.019322],[-101.813653,21.019313],[-101.81367,21.019304],[-101.813686,21.019294],[-101.813702,21.019285],[-101.813718,21.019276],[-101.813734,21.019267],[-101.81375,21.019257],[-101.813766,21.019248],[-101.813783,21.019239],[-101.813799,21.019229],[-101.813815,21.01922],[-101.813831,21.019211],[-101.813847,21.019201],[-101.813863,21.019192],[-101.813879,21.019183],[-101.813895,21.019173],[-101.813911,21.019164],[-101.813928,21.019155],[-101.813944,21.019145],[-101.81396,21.019136],[-101.813976,21.019126],[-101.813992,21.019117],[-101.814008,21.019108],[-101.814024,21.019098],[-101.81404,21.019089],[-101.814056,21.019079],[-101.814072,21.01907],[-101.814088,21.01906],[-101.814104,21.019051],[-101.81412,21.019041],[-101.814136,21.019032],[-101.814152,21.019022],[-101.814168,21.019013],[-101.814184,21.019003],[-101.8142,21.018993],[-101.814216,21.018984],[-101.814232,21.018974],[-101.814247,21.018964],[-101.814263,21.018955],[-101.814279,21.018945],[-101.814295,21.018935],[-101.814311,21.018926],[-101.814327,21.018916],[-101.814343,21.018906],[-101.814358,21.018896],[-101.814374,21.018887],[-101.81439,21.018877],[-101.814406,21.018867],[-101.814421,21.018857],[-101.814437,21.018847],[-101.814453,21.018837],[-101.814469,21.018827],[-101.814484,21.018817],[-101.8145,21.018807],[-101.814516,21.018797],[-101.814531,21.018787],[-101.814547,21.018777],[-101.814857,21.01857],[-101.815161,21.018354],[-101.815456,21.018128],[-101.815743,21.017893],[-101.815757,21.017881],[-101.815771,21.017869],[-101.815785,21.017857],[-101.815799,21.017845],[-101.815813,21.017833],[-101.815827,21.017821],[-101.815841,21.017809],[-101.815855,21.017797],[-101.815869,21.017785],[-101.815883,21.017773],[-101.815897,21.01776],[-101.815911,21.017748],[-101.815925,21.017736],[-101.815938,21.017724],[-101.815952,21.017712],[-101.815966,21.0177],[-101.81598,21.017688],[-101.815993,21.017675],[-101.816007,21.017663],[-101.816021,21.017651],[-101.816035,21.017639],[-101.816048,21.017626],[-101.816062,21.017614],[-101.816076,21.017602],[-101.816089,21.017589],[-101.816103,21.017577],[-101.816116,21.017565],[-101.81613,21.017552],[-101.816144,21.01754],[-101.816157,21.017528],[-101.816171,21.017515],[-101.816184,21.017503],[-101.816198,21.01749],[-101.816211,21.017478],[-101.816225,21.017465],[-101.816238,21.017453],[-101.816252,21.017441],[-101.816265,21.017428],[-101.816279,21.017416],[-101.816292,21.017403],[-101.816306,21.017391],[-101.816319,21.017378],[-101.816333,21.017366],[-101.816346,21.017353],[-101.81636,21.017341],[-101.816373,21.017328],[-101.816387,21.017316],[-101.8164,21.017303],[-101.816413,21.01729],[-101.816427,21.017278],[-101.81644,21.017265],[-101.816454,21.017253],[-101.816467,21.01724],[-101.81648,21.017228],[-101.816494,21.017215],[-101.816507,21.017203],[-101.81652,21.01719],[-101.816534,21.017177],[-101.816547,21.017165],[-101.816561,21.017152],[-101.816574,21.01714],[-101.816587,21.017127],[-101.816601,21.017114],[-101.816614,21.017102],[-101.816627,21.017089],[-101.816641,21.017077],[-101.820117,21.0138],[-101.82013,21.013787],[-101.820143,21.013775],[-101.820156,21.013762],[-101.82017,21.01375],[-101.820183,21.013737],[-101.820196,21.013725],[-101.820209,21.013712],[-101.820223,21.0137],[-101.820236,21.013687],[-101.820249,21.013675],[-101.820262,21.013662],[-101.820276,21.01365],[-101.820289,21.013638],[-101.820302,21.013625],[-101.820315,21.013613],[-101.820329,21.0136],[-101.820342,21.013588],[-101.820355,21.013576],[-101.820369,21.013563],[-101.820382,21.013551],[-101.820395,21.013538],[-101.820409,21.013526],[-101.820422,21.013514],[-101.820435,21.013501],[-101.820449,21.013489],[-101.820462,21.013477],[-101.820476,21.013464],[-101.820489,21.013452],[-101.820502,21.01344],[-101.820516,21.013428],[-101.820529,21.013415],[-101.820543,21.013403],[-101.820556,21.013391],[-101.82057,21.013379],[-101.820583,21.013367],[-101.820597,21.013354],[-101.820611,21.013342],[-101.820624,21.01333],[-101.820638,21.013318],[-101.820651,21.013306],[-101.820665,21.013294],[-101.820933,21.013065],[-101.821209,21.012844],[-101.821223,21.012833],[-101.821238,21.012821],[-101.821252,21.01281],[-101.821267,21.012799],[-101.821281,21.012788],[-101.821296,21.012777],[-101.82131,21.012766],[-101.821325,21.012755],[-101.821339,21.012744],[-101.821354,21.012733],[-101.821369,21.012721],[-101.821383,21.01271],[-101.821398,21.012699],[-101.821413,21.012689],[-101.821427,21.012678],[-101.821442,21.012667],[-101.821457,21.012656],[-101.821471,21.012645],[-101.821486,21.012634],[-101.821501,21.012623],[-101.821516,21.012612],[-101.82153,21.012601],[-101.821545,21.01259],[-101.82156,21.01258],[-101.821575,21.012569],[-101.821589,21.012558],[-101.821604,21.012547],[-101.821619,21.012536],[-101.821634,21.012525],[-101.821649,21.012515],[-101.821663,21.012504],[-101.821678,21.012493],[-101.821693,21.012482],[-101.821708,21.012471],[-101.821723,21.012461],[-101.821738,21.01245],[-101.821752,21.012439],[-101.821767,21.012428],[-101.821782,21.012418],[-101.821797,21.012407],[-101.821812,21.012396],[-101.843033,20.996994],[-101.843047,20.996984],[-101.843062,20.996973],[-101.843077,20.996962],[-101.843091,20.996952],[-101.843106,20.996941],[-101.843121,20.99693],[-101.843136,20.99692],[-101.84315,20.996909],[-101.843165,20.996898],[-101.84318,20.996888],[-101.843195,20.996877],[-101.843209,20.996867],[-101.843224,20.996856],[-101.843239,20.996845],[-101.843254,20.996835],[-101.843269,20.996824],[-101.843283,20.996814],[-101.843298,20.996803],[-101.843313,20.996793],[-101.843328,20.996782],[-101.843343,20.996772],[-101.843358,20.996761],[-101.843373,20.996751],[-101.843388,20.996741],[-101.843403,20.99673],[-101.843418,20.99672],[-101.843433,20.99671],[-101.843448,20.996699],[-101.843463,20.996689],[-101.843478,20.996679],[-101.843493,20.996669],[-101.843713,20.996526],[-101.843938,20.996391],[-101.844168,20.996264],[-101.844403,20.996144],[-101.844642,20.996031],[-101.844885,20.995927],[-101.845131,20.99583],[-101.845381,20.995742],[-101.845634,20.995662],[-101.84589,20.99559],[-101.846149,20.995527],[-101.84641,20.995472],[-101.846672,20.995425],[-101.846936,20.995387],[-101.847202,20.995358],[-101.847468,20.995338],[-101.847735,20.995326],[-101.848002,20.995323],[-101.848269,20.995328],[-101.848536,20.995343],[-101.848802,20.995366],[-101.849067,20.995397],[-101.84933,20.995438],[-101.849592,20.995487],[-101.849611,20.99549],[-101.849629,20.995494],[-101.849647,20.995498],[-101.849665,20.995502],[-101.849683,20.995506],[-101.849701,20.995509],[-101.849719,20.995513],[-101.849737,20.995517],[-101.849756,20.995521],[-101.849774,20.995525],[-101.849792,20.995529],[-101.84981,20.995534],[-101.849828,20.995538],[-101.849846,20.995542],[-101.849864,20.995546],[-101.849882,20.99555],[-101.8499,20.995554],[-101.849918,20.995559],[-101.849936,20.995563],[-101.849954,20.995567],[-101.849972,20.995571],[-101.84999,20.995576],[-101.850008,20.99558],[-101.850026,20.995584],[-101.850044,20.995589],[-101.850062,20.995593],[-101.85008,20.995597],[-101.850099,20.995601],[-101.850117,20.995606],[-101.850135,20.99561],[-101.850153,20.995614],[-101.857127,20.997294],[-101.857145,20.997298],[-101.857162,20.997302],[-101.85718,20.997307],[-101.857198,20.997311],[-101.857216,20.997315],[-101.857234,20.99732],[-101.857252,20.997324],[-101.85727,20.997328],[-101.857288,20.997333],[-101.857306,20.997337],[-101.857323,20.997341],[-101.857341,20.997346],[-101.857359,20.99735],[-101.857377,20.997355],[-101.857395,20.997359],[-101.857413,20.997364],[-101.857431,20.997368],[-101.857449,20.997373],[-101.857466,20.997377],[-101.857484,20.997382],[-101.857502,20.997386],[-101.85752,20.997391],[-101.857538,20.997395],[-101.857555,20.9974],[-101.857573,20.997405],[-101.857591,20.997409],[-101.857875,20.997489],[-101.858156,20.997577],[-101.858434,20.997674],[-101.858709,20.997778],[-101.858726,20.997785],[-101.858743,20.997791],[-101.85876,20.997798],[-101.858777,20.997805],[-101.858793,20.997812],[-101.85881,20.997819],[-101.858827,20.997826],[-101.858844,20.997833],[-101.858861,20.99784],[-101.858878,20.997847],[-101.858895,20.997854],[-101.858912,20.997861],[-101.858929,20.997868],[-101.858946,20.997875],[-101.858963,20.997882],[-101.85898,20.997889],[-101.858996,20.997896],[-101.859013,20.997903],[-101.85903,20.99791],[-101.859047,20.997917],[-101.859064,20.997924],[-101.859081,20.997932],[-101.859097,20.997939],[-101.859114,20.997946],[-101.859131,20.997953],[-101.859148,20.99796],[-101.863365,20.999749],[-101.863382,20.999756],[-101.863399,20.999764],[-101.863417,20.999771],[-101.863434,20.999778],[-101.863451,20.999786],[-101.863469,20.999793],[-101.863486,20.9998],[-101.863503,20.999808],[-101.863521,20.999815],[-101.863538,20.999822],[-101.863555,20.99983],[-101.863573,20.999837],[-101.86359,20.999844],[-101.863607,20.999851],[-101.863625,20.999859],[-101.863642,20.999866],[-101.863659,20.999873],[-101.863677,20.999881],[-101.863694,20.999888],[-101.863712,20.999895],[-101.863729,20.999902],[-101.863746,20.999909],[-101.863764,20.999917],[-101.863781,20.999924],[-101.863799,20.999931],[-101.863816,20.999938],[-101.863834,20.999945],[-101.863851,20.999952],[-101.863869,20.999959],[-101.863886,20.999966],[-101.863903,20.999973],[-101.863921,20.99998],[-101.863938,20.999987],[-101.863956,20.999994],[-101.863973,21.000001],[-101.863991,21.000008],[-101.864009,21.000015],[-101.864026,21.000022],[-101.864044,21.000029],[-101.864061,21.000036],[-101.864079,21.000043],[-101.864096,21.000049],[-101.864114,21.000056],[-101.864132,21.000063],[-101.864149,21.000069],[-101.864167,21.000076],[-101.864185,21.000083],[-101.864202,21.000089],[-101.864506,21.000197],[-101.864814,21.000294],[-101.865125,21.000382],[-101.865439,21.00046],[-101.865756,21.000528],[-101.866074,21.000586],[-101.866395,21.000634],[-101.866718,21.000671],[-101.867041,21.000698],[-101.867365,21.000715],[-101.86769,21.000722],[-101.868015,21.000718],[-101.868339,21.000704],[-101.868663,21.00068],[-101.868986,21.000646],[-101.869307,21.000601],[-101.869627,21.000546],[-101.869944,21.000481],[-101.870259,21.000406],[-101.870571,21.000321],[-101.870879,21.000226],[-101.871184,21.000122],[-101.871486,21.000007],[-101.871782,20.999884],[-101.872075,20.999751],[-101.872362,20.999608],[-101.872644,20.999457],[-101.87292,20.999297],[-101.872936,20.999287],[-101.872952,20.999278],[-101.872968,20.999268],[-101.872984,20.999258],[-101.873,20.999248],[-101.873016,20.999239],[-101.873032,20.999229],[-101.873048,20.999219],[-101.873064,20.999209],[-101.87308,20.999199],[-101.873095,20.999189],[-101.873111,20.999179],[-101.873127,20.999169],[-101.873143,20.99916],[-101.873159,20.99915],[-101.873174,20.999139],[-101.87319,20.999129],[-101.873206,20.999119],[-101.873222,20.999109],[-101.873237,20.999099],[-101.873253,20.999089],[-101.873269,20.999079],[-101.873284,20.999069],[-101.8733,20.999059],[-101.873315,20.999049],[-101.873331,20.999038],[-101.873347,20.999028],[-101.873362,20.999018],[-101.873378,20.999008],[-101.873394,20.998997],[-101.873409,20.998987],[-101.873425,20.998977],[-101.87344,20.998967],[-101.873456,20.998956],[-101.873471,20.998946],[-101.873487,20.998936],[-101.873502,20.998926],[-101.873518,20.998915],[-101.873533,20.998905],[-101.873549,20.998895],[-101.873565,20.998884],[-101.87358,20.998874],[-101.873596,20.998864],[-101.873611,20.998853],[-101.873627,20.998843],[-101.873642,20.998833],[-101.873658,20.998822],[-101.873673,20.998812],[-101.878047,20.995897],[-101.878063,20.995886],[-101.878078,20.995876],[-101.878094,20.995866],[-101.878109,20.995855],[-101.878124,20.995845],[-101.87814,20.995835],[-101.878155,20.995825],[-101.878171,20.995814],[-101.878186,20.995804],[-101.878202,20.995794],[-101.878217,20.995783],[-101.878232,20.995773],[-101.878248,20.995763],[-101.878263,20.995752],[-101.878279,20.995742],[-101.878294,20.995732],[-101.878309,20.995721],[-101.878325,20.995711],[-101.87834,20.995701],[-101.878356,20.99569],[-101.878371,20.99568],[-101.878386,20.99567],[-101.878402,20.995659],[-101.878417,20.995649],[-101.878432,20.995638],[-101.878448,20.995628],[-101.878463,20.995618],[-101.878478,20.995607],[-101.878494,20.995597],[-101.878509,20.995586],[-101.878524,20.995576],[-101.87854,20.995565],[-101.878555,20.995555],[-101.87857,20.995544],[-101.878586,20.995534],[-101.878601,20.995523],[-101.878616,20.995513],[-101.878631,20.995502],[-101.878647,20.995492],[-101.878662,20.995481],[-101.878677,20.995471],[-101.878692,20.99546],[-101.878707,20.995449],[-101.878722,20.995439],[-101.878738,20.995428],[-101.878753,20.995418],[-101.878768,20.995407],[-101.878783,20.995396],[-101.878798,20.995385],[-101.878813,20.995375],[-101.878828,20.995364],[-101.878843,20.995353],[-101.878858,20.995342],[-101.878873,20.995332],[-101.878889,20.995321],[-101.878904,20.99531],[-101.878918,20.995299],[-101.878933,20.995288],[-101.878948,20.995277],[-101.878963,20.995266],[-101.878978,20.995256],[-101.878993,20.995245],[-101.879008,20.995234],[-101.879023,20.995223],[-101.879038,20.995212],[-101.879053,20.995201],[-101.879365,20.994959],[-101.879668,20.994708],[-101.879961,20.994446],[-101.880245,20.994175],[-101.880518,20.993895],[-101.88078,20.993606],[-101.881032,20.993309],[-101.881272,20.993004],[-101.881501,20.99269],[-101.881718,20.99237],[-101.881922,20.992042],[-101.882115,20.991708],[-101.882295,20.991368],[-101.882462,20.991022],[-101.882616,20.990671],[-101.882757,20.990315],[-101.882884,20.989955],[-101.882998,20.98959],[-101.883098,20.989223],[-101.883185,20.988852],[-101.883257,20.988478],[-101.88326,20.98846],[-101.883263,20.988443],[-101.883266,20.988425],[-101.883269,20.988408],[-101.883272,20.98839],[-101.883275,20.988373],[-101.883278,20.988355],[-101.883281,20.988338],[-101.883284,20.98832],[-101.883287,20.988302],[-101.883289,20.988285],[-101.883292,20.988267],[-101.883295,20.98825],[-101.883298,20.988232],[-101.8833,20.988214],[-101.883303,20.988197],[-101.883305,20.988179],[-101.883308,20.988162],[-101.883311,20.988144],[-101.883313,20.988126],[-101.883316,20.988109],[-101.883318,20.988091],[-101.883321,20.988074],[-101.883323,20.988056],[-101.883326,20.988038],[-101.883328,20.988021],[-101.883331,20.988003],[-101.883333,20.987985],[-101.883335,20.987968],[-101.883338,20.98795],[-101.88334,20.987933],[-101.883342,20.987915],[-101.883345,20.987897],[-101.883347,20.98788],[-101.883349,20.987862],[-101.883352,20.987844],[-101.883354,20.987827],[-101.883356,20.987809],[-101.883358,20.987791],[-101.88336,20.987774],[-101.883363,20.987756],[-101.883365,20.987738],[-101.883367,20.987721],[-101.883369,20.987703],[-101.883371,20.987685],[-101.883374,20.987668],[-101.883376,20.98765],[-101.883378,20.987632],[-101.88338,20.987615],[-101.883382,20.987597],[-101.883384,20.987579],[-101.883386,20.987562],[-101.883388,20.987544],[-101.88339,20.987526],[-101.883393,20.987509],[-101.883395,20.987491],[-101.883397,20.987473],[-101.883399,20.987456],[-101.883401,20.987438],[-101.883403,20.98742],[-101.883405,20.987403],[-101.883407,20.987385],[-101.883409,20.987367],[-101.883411,20.98735],[-101.883413,20.987332],[-101.883415,20.987314],[-101.884084,20.981552],[-101.884087,20.981534],[-101.884089,20.981516],[-101.884091,20.981499],[-101.884093,20.981481],[-101.884095,20.981463],[-101.884097,20.981445],[-101.884099,20.981428],[-101.884101,20.98141],[-101.884103,20.981392],[-101.884105,20.981374],[-101.884107,20.981357],[-101.884109,20.981339],[-101.884111,20.981321],[-101.884113,20.981304],[-101.884116,20.981286],[-101.884118,20.981268],[-101.88412,20.98125],[-101.884122,20.981233],[-101.884124,20.981215],[-101.884126,20.981197],[-101.884128,20.981179],[-101.88413,20.981162],[-101.884132,20.981144],[-101.884135,20.981126],[-101.884137,20.981109],[-101.884139,20.981091],[-101.884141,20.981073],[-101.884143,20.981055],[-101.884145,20.981038],[-101.884148,20.98102],[-101.88415,20.981002],[-101.884152,20.980985],[-101.884154,20.980967],[-101.884156,20.980949],[-101.884159,20.980931],[-101.884161,20.980914],[-101.884163,20.980896],[-101.884165,20.980878],[-101.884168,20.980861],[-101.88417,20.980843],[-101.884172,20.980825],[-101.884175,20.980807],[-101.884177,20.98079],[-101.884286,20.980043],[-101.884418,20.979299],[-101.884571,20.978558],[-101.884747,20.977822],[-101.884751,20.977805],[-101.884756,20.977788],[-101.88476,20.97777],[-101.884765,20.977753],[-101.884769,20.977736],[-101.884774,20.977718],[-101.884778,20.977701],[-101.884783,20.977684],[-101.884787,20.977666],[-101.884792,20.977649],[-101.884796,20.977632],[-101.884801,20.977614],[-101.884805,20.977597],[-101.88481,20.97758],[-101.884814,20.977562],[-101.884819,20.977545],[-101.884823,20.977528],[-101.884828,20.97751],[-101.884833,20.977493],[-101.884837,20.977476],[-101.884842,20.977458],[-101.884846,20.977441],[-101.884851,20.977424],[-101.884856,20.977407],[-101.88486,20.977389],[-101.884865,20.977372],[-101.88487,20.977355],[-101.884874,20.977337],[-101.884879,20.97732],[-101.884883,20.977303],[-101.884888,20.977285],[-101.884893,20.977268],[-101.884897,20.977251],[-101.884902,20.977234],[-101.884907,20.977216],[-101.884911,20.977199],[-101.884916,20.977182],[-101.884921,20.977164],[-101.884925,20.977147],[-101.88493,20.97713],[-101.884935,20.977112],[-101.884939,20.977095],[-101.884944,20.977078],[-101.889374,20.960671],[-101.889379,20.960654],[-101.889383,20.960637],[-101.889388,20.96062],[-101.889393,20.960602],[-101.889397,20.960585],[-101.889402,20.960568],[-101.889407,20.960551],[-101.889411,20.960534],[-101.889416,20.960516],[-101.889421,20.960499],[-101.889425,20.960482],[-101.88943,20.960465],[-101.889435,20.960447],[-101.889439,20.96043],[-101.889444,20.960413],[-101.889449,20.960396],[-101.889453,20.960378],[-101.889458,20.960361],[-101.889463,20.960344],[-101.889467,20.960327],[-101.889472,20.96031],[-101.889477,20.960292],[-101.889482,20.960275],[-101.889486,20.960258],[-101.889491,20.960241],[-101.889496,20.960224],[-101.8895,20.960206],[-101.889505,20.960189],[-101.88951,20.960172],[-101.889515,20.960155],[-101.889519,20.960137],[-101.889524,20.96012],[-101.889529,20.960103],[-101.889534,20.960086],[-101.889538,20.960069],[-101.889543,20.960051],[-101.889548,20.960034],[-101.889553,20.960017],[-101.889557,20.96],[-101.889562,20.959983],[-101.889567,20.959965],[-101.889572,20.959948],[-101.889577,20.959931],[-101.889581,20.959914],[-101.889586,20.959897],[-101.889591,20.95988],[-101.889596,20.959862],[-101.889601,20.959845],[-101.889606,20.959828],[-101.889611,20.959811],[-101.889615,20.959794],[-101.88962,20.959776],[-101.889625,20.959759],[-101.88963,20.959742],[-101.889635,20.959725],[-101.88964,20.959708],[-101.889645,20.959691],[-101.88965,20.959673],[-101.889655,20.959656],[-101.88966,20.959639],[-101.889665,20.959622],[-101.88967,20.959605],[-101.889675,20.959588],[-101.88968,20.959571],[-101.889685,20.959553],[-101.88969,20.959536],[-101.88995,20.958705],[-101.890239,20.957881],[-101.890555,20.957067],[-101.890899,20.956263],[-101.891271,20.955469],[-101.891669,20.954687],[-101.892093,20.953918],[-101.892102,20.953902],[-101.892111,20.953887],[-101.89212,20.953871],[-101.892129,20.953855],[-101.892138,20.95384],[-101.892147,20.953824],[-101.892156,20.953808],[-101.892166,20.953793],[-101.892175,20.953777],[-101.892184,20.953762],[-101.892193,20.953746],[-101.892202,20.95373],[-101.892211,20.953715],[-101.89222,20.953699],[-101.892229,20.953684],[-101.892238,20.953668],[-101.892247,20.953653],[-101.892257,20.953637],[-101.892266,20.953621],[-101.892275,20.953606],[-101.892284,20.95359],[-101.892293,20.953575],[-101.892302,20.953559],[-101.892312,20.953544],[-101.892321,20.953528],[-101.89233,20.953513],[-101.892339,20.953497],[-101.892348,20.953482],[-101.892358,20.953466],[-101.892367,20.953451],[-101.892376,20.953435],[-101.892385,20.953419],[-101.892395,20.953404],[-101.892404,20.953388],[-101.892413,20.953373],[-101.892422,20.953357],[-101.892432,20.953342],[-101.892441,20.953326],[-101.89245,20.953311],[-101.892459,20.953295],[-101.892469,20.95328],[-101.892478,20.953265],[-101.892487,20.953249],[-101.892496,20.953234],[-101.892506,20.953218],[-101.892515,20.953203],[-101.892524,20.953187],[-101.892534,20.953172],[-101.892543,20.953156],[-101.892552,20.953141],[-101.892562,20.953125],[-101.892571,20.95311],[-101.89258,20.953094],[-101.89259,20.953079],[-101.892599,20.953063],[-101.892608,20.953048],[-101.892618,20.953032],[-101.892627,20.953017],[-101.892636,20.953001],[-101.892646,20.952986],[-101.892655,20.952971],[-101.892664,20.952955],[-101.892674,20.95294],[-101.892683,20.952924],[-101.892692,20.952909],[-101.892702,20.952893],[-101.917955,20.91104],[-101.917964,20.911025],[-101.917974,20.911009],[-101.917983,20.910993],[-101.917993,20.910978],[-101.918002,20.910962],[-101.918011,20.910947],[-101.918021,20.910931],[-101.91803,20.910915],[-101.91804,20.9109],[-101.918049,20.910884],[-101.918059,20.910869],[-101.918068,20.910853],[-101.918077,20.910837],[-101.918087,20.910822],[-101.918096,20.910806],[-101.918106,20.910791],[-101.918115,20.910775],[-101.918125,20.910759],[-101.918134,20.910744],[-101.918143,20.910728],[-101.918153,20.910713],[-101.918162,20.910697],[-101.918172,20.910681],[-101.918181,20.910666],[-101.918191,20.91065],[-101.9182,20.910635],[-101.91821,20.910619],[-101.918219,20.910603],[-101.918229,20.910588],[-101.918238,20.910572],[-101.918248,20.910557],[-101.918257,20.910541],[-101.918266,20.910525],[-101.918276,20.91051],[-101.918285,20.910494],[-101.918295,20.910479],[-101.918304,20.910463],[-101.918314,20.910448],[-101.918323,20.910432],[-101.918333,20.910416],[-101.918342,20.910401],[-101.918352,20.910385],[-101.918362,20.91037],[-101.918371,20.910354],[-101.918381,20.910339],[-101.91839,20.910323],[-101.9184,20.910308],[-101.918409,20.910292],[-101.918419,20.910277],[-101.918428,20.910261],[-101.918438,20.910246],[-101.918448,20.91023],[-101.918457,20.910214],[-101.918467,20.910199],[-101.918476,20.910183],[-101.918486,20.910168],[-101.918496,20.910152],[-101.918505,20.910137],[-101.918515,20.910121],[-101.918524,20.910106],[-101.918534,20.91009],[-101.918544,20.910075],[-101.918553,20.910059],[-101.918563,20.910044],[-101.918573,20.910029],[-101.918582,20.910013],[-101.918592,20.909998],[-101.918602,20.909982],[-101.918612,20.909967],[-101.918621,20.909951],[-101.918631,20.909936],[-101.918641,20.90992],[-101.91865,20.909905],[-101.91866,20.909889],[-101.91867,20.909874],[-101.91868,20.909859],[-101.91869,20.909843],[-101.918699,20.909828],[-101.918709,20.909812],[-101.918719,20.909797],[-101.918729,20.909782],[-101.918739,20.909766],[-101.918748,20.909751],[-101.918758,20.909735],[-101.918768,20.90972],[-101.918778,20.909705],[-101.918788,20.909689],[-101.918798,20.909674],[-101.919321,20.908893],[-101.919872,20.90813],[-101.92045,20.907384],[-101.921055,20.906658],[-101.921687,20.905951],[-101.922343,20.905265],[-101.923024,20.9046],[-101.923728,20.903957],[-101.924456,20.903338],[-101.925205,20.902742],[-101.925976,20.90217],[-101.926767,20.901623],[-101.927577,20.901102],[-101.928406,20.900608],[-101.929252,20.90014],[-101.930115,20.899699],[-101.930993,20.899286],[-101.931885,20.898902],[-101.932791,20.898546],[-101.93371,20.89822],[-101.934639,20.897923],[-101.935579,20.897656],[-101.936528,20.89742],[-101.937485,20.897214],[-101.938449,20.897038],[-101.939419,20.896894],[-101.940393,20.896781],[-101.941371,20.896699],[-101.942351,20.896648],[-101.943333,20.896629],[-101.944315,20.896641],[-101.945295,20.896685],[-101.945315,20.896686],[-101.945334,20.896687],[-101.945353,20.896689],[-101.945372,20.89669],[-101.945391,20.896691],[-101.94541,20.896692],[-101.945429,20.896693],[-101.945448,20.896695],[-101.945467,20.896696],[-101.945486,20.896697],[-101.945505,20.896698],[-101.945524,20.8967],[-101.945543,20.896701],[-101.945562,20.896702],[-101.945581,20.896704],[-101.9456,20.896705],[-101.945619,20.896706],[-101.945638,20.896708],[-101.945657,20.896709],[-101.945676,20.89671],[-101.945696,20.896712],[-101.945715,20.896713],[-101.945734,20.896714],[-101.945753,20.896716],[-101.945772,20.896717],[-101.945791,20.896719],[-101.94581,20.89672],[-101.945829,20.896721],[-101.945848,20.896723],[-101.945867,20.896724],[-101.945886,20.896726],[-101.945905,20.896727],[-101.945924,20.896729],[-101.945943,20.89673],[-101.945962,20.896732],[-101.945981,20.896733],[-101.946,20.896735],[-101.946019,20.896736],[-101.946038,20.896738],[-101.946057,20.896739],[-101.946076,20.896741],[-101.946095,20.896742],[-101.946114,20.896744],[-101.946133,20.896745],[-101.946152,20.896747],[-101.946171,20.896748],[-101.94619,20.89675],[-101.946209,20.896752],[-101.946228,20.896753],[-101.946247,20.896755],[-101.946266,20.896756],[-101.946285,20.896758],[-101.946304,20.896759],[-101.946324,20.896761],[-101.946343,20.896763],[-101.946362,20.896764],[-101.946381,20.896766],[-101.9464,20.896768],[-101.946419,20.896769],[-101.946438,20.896771],[-101.946457,20.896772],[-101.946476,20.896774],[-101.946495,20.896776],[-101.946514,20.896777],[-101.946533,20.896779],[-101.946552,20.896781],[-101.946571,20.896782],[-101.94659,20.896784],[-101.946609,20.896786],[-101.946628,20.896787],[-101.946647,20.896789],[-101.946666,20.89679],[-101.946685,20.896792],[-101.946704,20.896794],[-101.946723,20.896795],[-101.946742,20.896797],[-101.946761,20.896799],[-101.94678,20.8968],[-101.946799,20.896802],[-101.946818,20.896804],[-101.946837,20.896805],[-101.946856,20.896807],[-101.946875,20.896809],[-101.946894,20.89681],[-101.946913,20.896812],[-101.946932,20.896814],[-101.946951,20.896816],[-101.94697,20.896817],[-101.969221,20.898777],[-101.96924,20.898779],[-101.969259,20.89878],[-101.969278,20.898782],[-101.969297,20.898784],[-101.969316,20.898785],[-101.969335,20.898787],[-101.969354,20.898789],[-101.969373,20.89879],[-101.969392,20.898792],[-101.969412,20.898794],[-101.969431,20.898795],[-101.96945,20.898797],[-101.969469,20.898799],[-101.969488,20.8988],[-101.969507,20.898802],[-101.969526,20.898804],[-101.969545,20.898805],[-101.969564,20.898807],[-101.969583,20.898809],[-101.969602,20.89881],[-101.969621,20.898812],[-101.96964,20.898814],[-101.969659,20.898815],[-101.969678,20.898817],[-101.969697,20.898819],[-101.969716,20.89882],[-101.969735,20.898822],[-101.969754,20.898824],[-101.969773,20.898825],[-101.969792,20.898827],[-101.969811,20.898828],[-101.96983,20.89883],[-101.969849,20.898832],[-101.969868,20.898833],[-101.969887,20.898835],[-101.969906,20.898837],[-101.969925,20.898838],[-101.969944,20.89884],[-101.969963,20.898841],[-101.969982,20.898843],[-101.970001,20.898845],[-101.97002,20.898846],[-101.970039,20.898848],[-101.970058,20.898849],[-101.970077,20.898851],[-101.970096,20.898853],[-101.970115,20.898854],[-101.970134,20.898856],[-101.970154,20.898857],[-101.970173,20.898859],[-101.970192,20.89886],[-101.970211,20.898862],[-101.97023,20.898863],[-101.970249,20.898865],[-101.970268,20.898866],[-101.970287,20.898868],[-101.970306,20.89887],[-101.970325,20.898871],[-101.970344,20.898873],[-101.970363,20.898874],[-101.970382,20.898876],[-101.970401,20.898877],[-101.97042,20.898879],[-101.970439,20.89888],[-101.970458,20.898882],[-101.970477,20.898883],[-101.970496,20.898884],[-101.970515,20.898886],[-101.970534,20.898887],[-101.970553,20.898889],[-101.970572,20.89889],[-101.970591,20.898892],[-101.97061,20.898893],[-101.970629,20.898894],[-101.970649,20.898896],[-101.970668,20.898897],[-101.970687,20.898899],[-101.970706,20.8989],[-101.970725,20.898901],[-101.970744,20.898903],[-101.970763,20.898904],[-101.970782,20.898906],[-101.970801,20.898907],[-101.97082,20.898908],[-101.970839,20.89891],[-101.970858,20.898911],[-101.970877,20.898912],[-101.970896,20.898914],[-101.970915,20.898915],[-101.970934,20.898916],[-101.970953,20.898917],[-101.970972,20.898919],[-101.970991,20.89892],[-101.972283,20.898985],[-101.973575,20.899009],[-101.974868,20.898992],[-101.97616,20.898934],[-101.976179,20.898933],[-101.976198,20.898932],[-101.976217,20.898931],[-101.976236,20.898929],[-101.976255,20.898928],[-101.976274,20.898927],[-101.976293,20.898926],[-101.976312,20.898925],[-101.976332,20.898923],[-101.976351,20.898922],[-101.97637,20.898921],[-101.976389,20.89892],[-101.976408,20.898918],[-101.976427,20.898917],[-101.976446,20.898916],[-101.976465,20.898915],[-101.976484,20.898913],[-101.976503,20.898912],[-101.976522,20.898911],[-101.976541,20.898909],[-101.97656,20.898908],[-101.976579,20.898907],[-101.976598,20.898905],[-101.976617,20.898904],[-101.976636,20.898903],[-101.976655,20.898901],[-101.976675,20.8989],[-101.976694,20.898899],[-101.976713,20.898897],[-101.976732,20.898896],[-101.976751,20.898894],[-101.97677,20.898893],[-101.976789,20.898892],[-101.976808,20.89889],[-101.976827,20.898889],[-101.976846,20.898887],[-101.976865,20.898886],[-101.976884,20.898885],[-101.976903,20.898883],[-101.976922,20.898882],[-101.976941,20.89888],[-101.97696,20.898879],[-101.976979,20.898877],[-101.976998,20.898876],[-101.977017,20.898875],[-101.977036,20.898873],[-101.977055,20.898872],[-101.977074,20.89887],[-101.977093,20.898869],[-101.977113,20.898867],[-101.977132,20.898866],[-101.977151,20.898864],[-101.97717,20.898863],[-101.977189,20.898861],[-101.977208,20.89886],[-101.977227,20.898858],[-101.977246,20.898857],[-101.977265,20.898855],[-101.977284,20.898854],[-101.977303,20.898852],[-101.977322,20.898851],[-101.977341,20.898849],[-101.97736,20.898848],[-101.977379,20.898846],[-101.977398,20.898845],[-101.977417,20.898843],[-101.977436,20.898841],[-101.977455,20.89884],[-101.977474,20.898838],[-101.977493,20.898837],[-101.977512,20.898835],[-101.977531,20.898834],[-101.97755,20.898832],[-101.977569,20.898831],[-101.977588,20.898829],[-101.977607,20.898828],[-101.977626,20.898826],[-101.977646,20.898824],[-101.977665,20.898823],[-101.977684,20.898821],[-101.977703,20.89882],[-101.977722,20.898818],[-101.977741,20.898817],[-101.97776,20.898815],[-101.977779,20.898813],[-101.977798,20.898812],[-101.977817,20.89881],[-101.977836,20.898809],[-101.977855,20.898807],[-101.977874,20.898806],[-101.977893,20.898804],[-101.977912,20.898802],[-101.977931,20.898801],[-102.042986,20.893421],[-102.043005,20.89342],[-102.043024,20.893418],[-102.043043,20.893417],[-102.043062,20.893415],[-102.043081,20.893414],[-102.0431,20.893412],[-102.043119,20.89341],[-102.043138,20.893409],[-102.043157,20.893407],[-102.043176,20.893406],[-102.043195,20.893404],[-102.043214,20.893403],[-102.043233,20.893401],[-102.043252,20.893399],[-102.043271,20.893398],[-102.04329,20.893396],[-102.043309,20.893395],[-102.043328,20.893393],[-102.043347,20.893391],[-102.043366,20.89339],[-102.043385,20.893388],[-102.043404,20.893387],[-102.043423,20.893385],[-102.043442,20.893383],[-102.043461,20.893382],[-102.04348,20.89338],[-102.043499,20.893379],[-102.043517,20.893377],[-102.043536,20.893375],[-102.043555,20.893374],[-102.043574,20.893372],[-102.043593,20.893371],[-102.043612,20.893369],[-102.043631,20.893367],[-102.04365,20.893366],[-102.043669,20.893364],[-102.043688,20.893362],[-102.043707,20.893361],[-102.043726,20.893359],[-102.043745,20.893358],[-102.043764,20.893356],[-102.043783,20.893354],[-102.043802,20.893353],[-102.043821,20.893351],[-102.04384,20.893349],[-102.043859,20.893348],[-102.043878,20.893346],[-102.043897,20.893344],[-102.043916,20.893342],[-102.043935,20.893341],[-102.043954,20.893339],[-102.043973,20.893337],[-102.043992,20.893336],[-102.044011,20.893334],[-102.04403,20.893332],[-102.044049,20.893331],[-102.044068,20.893329],[-102.044086,20.893327],[-102.044105,20.893325],[-102.044124,20.893324],[-102.044143,20.893322],[-102.044162,20.89332],[-102.044181,20.893318],[-102.0442,20.893317],[-102.044219,20.893315],[-102.044238,20.893313],[-102.044257,20.893311],[-102.044276,20.893309],[-102.044295,20.893308],[-102.044314,20.893306],[-102.044333,20.893304],[-102.044352,20.893302],[-102.044371,20.8933],[-102.04439,20.893299],[-102.044409,20.893297],[-102.044428,20.893295],[-102.044447,20.893293],[-102.044466,20.893291],[-102.044484,20.893289],[-102.044503,20.893287],[-102.044522,20.893285],[-102.044541,20.893284],[-102.04456,20.893282],[-102.044579,20.89328],[-102.044598,20.893278],[-102.044617,20.893276],[-102.044636,20.893274],[-102.044655,20.893272],[-102.044674,20.89327],[-102.044693,20.893268],[-102.044712,20.893266],[-102.044731,20.893264],[-102.04475,20.893262],[-102.044769,20.89326],[-102.044787,20.893258],[-102.044806,20.893256],[-102.044825,20.893254],[-102.044844,20.893252],[-102.044863,20.89325],[-102.044882,20.893248],[-102.044901,20.893246],[-102.04492,20.893244],[-102.044939,20.893242],[-102.044958,20.89324],[-102.044977,20.893238],[-102.044996,20.893235],[-102.045015,20.893233],[-102.045033,20.893231],[-102.045052,20.893229],[-102.045071,20.893227],[-102.04509,20.893225],[-102.045109,20.893223],[-102.045128,20.89322],[-102.045147,20.893218],[-102.045166,20.893216],[-102.045185,20.893214],[-102.045204,20.893211],[-102.045222,20.893209],[-102.045241,20.893207],[-102.04526,20.893205],[-102.045279,20.893202],[-102.046265,20.893067],[-102.047246,20.892899],[-102.04822,20.8927],[-102.049186,20.892469],[-102.050142,20.892207],[-102.051089,20.891914],[-102.052024,20.89159],[-102.052947,20.891236],[-102.053856,20.890852],[-102.054751,20.890439],[-102.055629,20.889998],[-102.056491,20.889527],[-102.057336,20.889029],[-102.058161,20.888504],[-102.058966,20.887953],[-102.059751,20.887375],[-102.060514,20.886773],[-102.061254,20.886146],[-102.061971,20.885495],[-102.062664,20.884822],[-102.063331,20.884126],[-102.063972,20.883409],[-102.063984,20.883395],[-102.063996,20.883381],[-102.064008,20.883367],[-102.06402,20.883353],[-102.064032,20.883339],[-102.064044,20.883325],[-102.064056,20.883311],[-102.064068,20.883297],[-102.06408,20.883283],[-102.064092,20.883269],[-102.064104,20.883255],[-102.064115,20.883241],[-102.064127,20.883227],[-102.064139,20.883213],[-102.064151,20.883199],[-102.064163,20.883185],[-102.064175,20.883171],[-102.064187,20.883157],[-102.064198,20.883143],[-102.06421,20.883129],[-102.064222,20.883115],[-102.064234,20.883101],[-102.064246,20.883087],[-102.064258,20.883073],[-102.064269,20.883059],[-102.064281,20.883045],[-102.064293,20.883031],[-102.064305,20.883017],[-102.064316,20.883003],[-102.064328,20.882989],[-102.06434,20.882975],[-102.064352,20.88296],[-102.064363,20.882946],[-102.064375,20.882932],[-102.064387,20.882918],[-102.064398,20.882904],[-102.06441,20.88289],[-102.064422,20.882876],[-102.064433,20.882862],[-102.064445,20.882847],[-102.064457,20.882833],[-102.064469,20.882819],[-102.06448,20.882805],[-102.064492,20.882791],[-102.064503,20.882777],[-102.064515,20.882762],[-102.064527,20.882748],[-102.064538,20.882734],[-102.06455,20.88272],[-102.064562,20.882706],[-102.064573,20.882692],[-102.064585,20.882677],[-102.064596,20.882663],[-102.064608,20.882649],[-102.06462,20.882635],[-102.064631,20.882621],[-102.064643,20.882606],[-102.064654,20.882592],[-102.064666,20.882578],[-102.064677,20.882564],[-102.064689,20.882549],[-102.0647,20.882535],[-102.064712,20.882521],[-102.064724,20.882507],[-102.064735,20.882492],[-102.064747,20.882478],[-102.064758,20.882464],[-102.06477,20.88245],[-102.064781,20.882435],[-102.064793,20.882421],[-102.064804,20.882407],[-102.064816,20.882393],[-102.064827,20.882378],[-102.064839,20.882364],[-102.06485,20.88235],[-102.064862,20.882335],[-102.064873,20.882321],[-102.064885,20.882307],[-102.064896,20.882293],[-102.064908,20.882278],[-102.064919,20.882264],[-102.064931,20.88225],[-102.064942,20.882235],[-102.064953,20.882221],[-102.064965,20.882207],[-102.064976,20.882193],[-102.064988,20.882178],[-102.064999,20.882164],[-102.065011,20.88215],[-102.065022,20.882135],[-102.065034,20.882121],[-102.065045,20.882107],[-102.065056,20.882092],[-102.065068,20.882078],[-102.065079,20.882064],[-102.065091,20.882049],[-102.065102,20.882035],[-102.065114,20.882021],[-102.065125,20.882006],[-102.065136,20.881992],[-102.065148,20.881978],[-102.065159,20.881963],[-102.065171,20.881949],[-102.065182,20.881935],[-102.065193,20.88192],[-102.065205,20.881906],[-102.065216,20.881892],[-102.065228,20.881877],[-102.065239,20.881863],[-102.065251,20.881849],[-102.065262,20.881834],[-102.065273,20.88182],[-102.065285,20.881806],[-102.065296,20.881791],[-102.065308,20.881777],[-102.065319,20.881763],[-102.06533,20.881748],[-102.065342,20.881734],[-102.065353,20.88172],[-102.065365,20.881705],[-102.065376,20.881691],[-102.081873,20.860934],[-102.081884,20.860919],[-102.081895,20.860905],[-102.081907,20.860891],[-102.081918,20.860876],[-102.08193,20.860862],[-102.081941,20.860847],[-102.081953,20.860833],[-102.081964,20.860819],[-102.081975,20.860804],[-102.081987,20.86079],[-102.081998,20.860775],[-102.08201,20.860761],[-102.082021,20.860747],[-102.082033,20.860732],[-102.082044,20.860718],[-102.082055,20.860703],[-102.082067,20.860689],[-102.082078,20.860675],[-102.08209,20.86066],[-102.082101,20.860646],[-102.082112,20.860632],[-102.082124,20.860617],[-102.082135,20.860603],[-102.082147,20.860588],[-102.082158,20.860574],[-102.082169,20.86056],[-102.082181,20.860545],[-102.082192,20.860531],[-102.082204,20.860516],[-102.082215,20.860502],[-102.082226,20.860487],[-102.082238,20.860473],[-102.082249,20.860459],[-102.082261,20.860444],[-102.082272,20.86043],[-102.082283,20.860415],[-102.082295,20.860401],[-102.082306,20.860387],[-102.082318,20.860372],[-102.082329,20.860358],[-102.08234,20.860343],[-102.082352,20.860329],[-102.082363,20.860314],[-102.082374,20.8603],[-102.082386,20.860285],[-102.082397,20.860271],[-102.082408,20.860257],[-102.08242,20.860242],[-102.082431,20.860228],[-102.082442,20.860213],[-102.082454,20.860199],[-102.082465,20.860184],[-102.082476,20.86017],[-102.082488,20.860155],[-102.082499,20.860141],[-102.08251,20.860126],[-102.082522,20.860112],[-102.082533,20.860097],[-102.082544,20.860083],[-102.082555,20.860069],[-102.082567,20.860054],[-102.082578,20.86004],[-102.082589,20.860025],[-102.0826,20.860011],[-102.082612,20.859996],[-102.082623,20.859982],[-102.082634,20.859967],[-102.082645,20.859953],[-102.082657,20.859938],[-102.082668,20.859923],[-102.082679,20.859909],[-102.08269,20.859894],[-102.082702,20.85988],[-102.082713,20.859865],[-102.082724,20.859851],[-102.082735,20.859836],[-102.082746,20.859822],[-102.082758,20.859807],[-102.082769,20.859793],[-102.08278,20.859778],[-102.082791,20.859763],[-102.082802,20.859749],[-102.082813,20.859734],[-102.082825,20.85972],[-102.082836,20.859705],[-102.082847,20.859691],[-102.082858,20.859676],[-102.082869,20.859661],[-102.08288,20.859647],[-102.082891,20.859632],[-102.082902,20.859618],[-102.082913,20.859603],[-102.082925,20.859588],[-102.083545,20.858743],[-102.08414,20.857882],[-102.08415,20.857867],[-102.08416,20.857851],[-102.08417,20.857836],[-102.08418,20.857821],[-102.084191,20.857806],[-102.084201,20.85779],[-102.084211,20.857775],[-102.084221,20.85776],[-102.084231,20.857745],[-102.084241,20.85773],[-102.084251,20.857714],[-102.084261,20.857699],[-102.084271,20.857684],[-102.084281,20.857669],[-102.084292,20.857653],[-102.084302,20.857638],[-102.084312,20.857623],[-102.084322,20.857607],[-102.084332,20.857592],[-102.084342,20.857577],[-102.084352,20.857562],[-102.084362,20.857546],[-102.084372,20.857531],[-102.084382,20.857516],[-102.084392,20.8575],[-102.084402,20.857485],[-102.084412,20.85747],[-102.084422,20.857455],[-102.084432,20.857439],[-102.084442,20.857424],[-102.084452,20.857409],[-102.084462,20.857393],[-102.084472,20.857378],[-102.084482,20.857363],[-102.084491,20.857347],[-102.084501,20.857332],[-102.084511,20.857317],[-102.084521,20.857301],[-102.084531,20.857286],[-102.084541,20.857271],[-102.084551,20.857255],[-102.084561,20.85724],[-102.084571,20.857225],[-102.084581,20.857209],[-102.084591,20.857194],[-102.084601,20.857178],[-102.08461,20.857163],[-102.08462,20.857148],[-102.08463,20.857132],[-102.08464,20.857117],[-102.08465,20.857102],[-102.08466,20.857086],[-102.08467,20.857071],[-102.08468,20.857056],[-102.084689,20.85704],[-102.084699,20.857025],[-102.084709,20.857009],[-102.084719,20.856994],[-102.084729,20.856979],[-102.084739,20.856963],[-102.084748,20.856948],[-102.084758,20.856932],[-102.084768,20.856917],[-102.084778,20.856902],[-102.084788,20.856886],[-102.084798,20.856871],[-102.084807,20.856855],[-102.084817,20.85684],[-102.084827,20.856825],[-102.084837,20.856809],[-102.084847,20.856794],[-102.084857,20.856778],[-102.084866,20.856763],[-102.084876,20.856748],[-102.084886,20.856732],[-102.084896,20.856717],[-102.084906,20.856701],[-102.084915,20.856686],[-102.084925,20.856671],[-102.084935,20.856655],[-102.084945,20.85664],[-102.084955,20.856624],[-102.084964,20.856609],[-102.084974,20.856594],[-102.084984,20.856578],[-102.084994,20.856563],[-102.085004,20.856547],[-102.085013,20.856532],[-102.085023,20.856516],[-102.085033,20.856501],[-102.085043,20.856486],[-102.085053,20.85647],[-102.085062,20.856455],[-102.090674,20.847621],[-102.090684,20.847606],[-102.090693,20.847591],[-102.090703,20.847575],[-102.090713,20.84756],[-102.090723,20.847544],[-102.090732,20.847529],[-102.090742,20.847514],[-102.090752,20.847498],[-102.090762,20.847483],[-102.090771,20.847468],[-102.090781,20.847452],[-102.090791,20.847437],[-102.090801,20.847421],[-102.09081,20.847406],[-102.09082,20.847391],[-102.09083,20.847375],[-102.09084,20.84736],[-102.09085,20.847345],[-102.090859,20.847329],[-102.090869,20.847314],[-102.090879,20.847299],[-102.090889,20.847283],[-102.090898,20.847268],[-102.090908,20.847252],[-102.090918,20.847237],[-102.090928,20.847222],[-102.090938,20.847206],[-102.090947,20.847191],[-102.090957,20.847176],[-102.090967,20.84716],[-102.090977,20.847145],[-102.090987,20.84713],[-102.090996,20.847114],[-102.091006,20.847099],[-102.091016,20.847084],[-102.091026,20.847068],[-102.091036,20.847053],[-102.091046,20.847038],[-102.091055,20.847022],[-102.091065,20.847007],[-102.091075,20.846992],[-102.091085,20.846976],[-102.091095,20.846961],[-102.091105,20.846946],[-102.091114,20.84693],[-102.091124,20.846915],[-102.091134,20.8469],[-102.091144,20.846884],[-102.091154,20.846869],[-102.091164,20.846854],[-102.091174,20.846838],[-102.091184,20.846823],[-102.091193,20.846808],[-102.091203,20.846793],[-102.091213,20.846777],[-102.091223,20.846762],[-102.091233,20.846747],[-102.091243,20.846731],[-102.091253,20.846716],[-102.091263,20.846701],[-102.091273,20.846686],[-102.091283,20.84667],[-102.091293,20.846655],[-102.091302,20.84664],[-102.091312,20.846625],[-102.091322,20.846609],[-102.091332,20.846594],[-102.091342,20.846579],[-102.091352,20.846563],[-102.091362,20.846548],[-102.091372,20.846533],[-102.091382,20.846518],[-102.091392,20.846503],[-102.091402,20.846487],[-102.091412,20.846472],[-102.091422,20.846457],[-102.091432,20.846442],[-102.091442,20.846426],[-102.091452,20.846411],[-102.091462,20.846396],[-102.091472,20.846381],[-102.091483,20.846366],[-102.091493,20.84635],[-102.091503,20.846335],[-102.091513,20.84632],[-102.091523,20.846305],[-102.091533,20.84629],[-102.091543,20.846274],[-102.091553,20.846259],[-102.091563,20.846244],[-102.091573,20.846229],[-102.091584,20.846214],[-102.091594,20.846199],[-102.091604,20.846183],[-102.091614,20.846168],[-102.091624,20.846153],[-102.091634,20.846138],[-102.091644,20.846123],[-102.091655,20.846108],[-102.091665,20.846093],[-102.091675,20.846078],[-102.091685,20.846062],[-102.091696,20.846047],[-102.091706,20.846032],[-102.091716,20.846017],[-102.091726,20.846002],[-102.091737,20.845987],[-102.091747,20.845972],[-102.091757,20.845957],[-102.091767,20.845942],[-102.091778,20.845927],[-102.091788,20.845912],[-102.091798,20.845897],[-102.091809,20.845882],[-102.091819,20.845867],[-102.091829,20.845852],[-102.09184,20.845837],[-102.09185,20.845822],[-102.09186,20.845807],[-102.091871,20.845792],[-102.091881,20.845777],[-102.092423,20.845024],[-102.092992,20.844288],[-102.093587,20.843571],[-102.094207,20.842874],[-102.094851,20.842196],[-102.095519,20.841539],[-102.096211,20.840903],[-102.096924,20.840289],[-102.09766,20.839699],[-102.098415,20.839132],[-102.099191,20.838589],[-102.099986,20.838071],[-102.100002,20.838061],[-102.100017,20.838051],[-102.100033,20.838041],[-102.100049,20.838031],[-102.100065,20.838021],[-102.100081,20.838011],[-102.100097,20.838001],[-102.100113,20.837991],[-102.100129,20.837981],[-102.100144,20.837972],[-102.10016,20.837962],[-102.100176,20.837952],[-102.100192,20.837942],[-102.100208,20.837932],[-102.100224,20.837922],[-102.10024,20.837913],[-102.100256,20.837903],[-102.100272,20.837893],[-102.100288,20.837883],[-102.100304,20.837873],[-102.10032,20.837864],[-102.100336,20.837854],[-102.100352,20.837844],[-102.100368,20.837834],[-102.100383,20.837825],[-102.100399,20.837815],[-102.100415,20.837805],[-102.100431,20.837795],[-102.100447,20.837786],[-102.100463,20.837776],[-102.100479,20.837766],[-102.100496,20.837757],[-102.100512,20.837747],[-102.100528,20.837737],[-102.100544,20.837728],[-102.10056,20.837718],[-102.100576,20.837708],[-102.100592,20.837699],[-102.100608,20.837689],[-102.100624,20.837679],[-102.10064,20.83767],[-102.100656,20.83766],[-102.100672,20.837651],[-102.100688,20.837641],[-102.100704,20.837631],[-102.10072,20.837622],[-102.100736,20.837612],[-102.100752,20.837603],[-102.100768,20.837593],[-102.100785,20.837584],[-102.100801,20.837574],[-102.100817,20.837564],[-102.100833,20.837555],[-102.100849,20.837545],[-102.100865,20.837536],[-102.100881,20.837526],[-102.100897,20.837517],[-102.100914,20.837507],[-102.10093,20.837498],[-102.100946,20.837488],[-102.100962,20.837479],[-102.100978,20.837469],[-102.100994,20.83746],[-102.10101,20.83745],[-102.101026,20.837441],[-102.101043,20.837431],[-102.101059,20.837422],[-102.101075,20.837412],[-102.101091,20.837403],[-102.101107,20.837393],[-102.101123,20.837384],[-102.10114,20.837374],[-102.101156,20.837365],[-102.101172,20.837356],[-102.101188,20.837346],[-102.101204,20.837337],[-102.101221,20.837327],[-102.101237,20.837318],[-102.101253,20.837308],[-102.101269,20.837299],[-102.101285,20.83729],[-102.101301,20.83728],[-102.101318,20.837271],[-102.101334,20.837261],[-102.10135,20.837252],[-102.101366,20.837242],[-102.101382,20.837233],[-102.101399,20.837224],[-102.101415,20.837214],[-102.101431,20.837205],[-102.101447,20.837196],[-102.101464,20.837186],[-102.10148,20.837177],[-102.101496,20.837167],[-102.101512,20.837158],[-102.101528,20.837149],[-102.101545,20.837139],[-102.101561,20.83713],[-102.101577,20.83712],[-102.101593,20.837111],[-102.10161,20.837102],[-102.101626,20.837092],[-102.101642,20.837083],[-102.101658,20.837074],[-102.101674,20.837064],[-102.101691,20.837055],[-102.101707,20.837046],[-102.101723,20.837036],[-102.101739,20.837027],[-102.101756,20.837017],[-102.101772,20.837008],[-102.101788,20.836999],[-102.101804,20.836989],[-102.101821,20.83698],[-102.101837,20.836971],[-102.101853,20.836961],[-102.101869,20.836952],[-102.101886,20.836943],[-102.101902,20.836933],[-102.101918,20.836924],[-102.101934,20.836915],[-102.125224,20.823498],[-102.12524,20.823489],[-102.125257,20.823479],[-102.125273,20.82347],[-102.125289,20.82346],[-102.125306,20.823451],[-102.125322,20.823442],[-102.125338,20.823432],[-102.125354,20.823423],[-102.125371,20.823414],[-102.125387,20.823404],[-102.125403,20.823395],[-102.125419,20.823386],[-102.125436,20.823376],[-102.125452,20.823367],[-102.125468,20.823357],[-102.125484,20.823348],[-102.125501,20.823339],[-102.125517,20.823329],[-102.125533,20.82332],[-102.125549,20.823311],[-102.125566,20.823301],[-102.125582,20.823292],[-102.125598,20.823283],[-102.125615,20.823273],[-102.125631,20.823264],[-102.125647,20.823255],[-102.125663,20.823245],[-102.12568,20.823236],[-102.125696,20.823227],[-102.125712,20.823217],[-102.125728,20.823208],[-102.125745,20.823199],[-102.125761,20.823189],[-102.125777,20.82318],[-102.125794,20.823171],[-102.12581,20.823161],[-102.125826,20.823152],[-102.125843,20.823143],[-102.125859,20.823133],[-102.125875,20.823124],[-102.125891,20.823115],[-102.125908,20.823106],[-102.125924,20.823096],[-102.12594,20.823087],[-102.125957,20.823078],[-102.125973,20.823068],[-102.125989,20.823059],[-102.126006,20.82305],[-102.126022,20.823041],[-102.126038,20.823031],[-102.126055,20.823022],[-102.126071,20.823013],[-102.126087,20.823003],[-102.126104,20.822994],[-102.12612,20.822985],[-102.126136,20.822976],[-102.126153,20.822967],[-102.126169,20.822957],[-102.126185,20.822948],[-102.126202,20.822939],[-102.126218,20.82293],[-102.126234,20.82292],[-102.126251,20.822911],[-102.126267,20.822902],[-102.126283,20.822893],[-102.1263,20.822884],[-102.126316,20.822874],[-102.126333,20.822865],[-102.126349,20.822856],[-102.126365,20.822847],[-102.126382,20.822838],[-102.126398,20.822829],[-102.126415,20.822819],[-102.127826,20.822062],[-102.129264,20.821351],[-102.130727,20.820685],[-102.132213,20.820067],[-102.13372,20.819496],[-102.135247,20.818973],[-102.136792,20.818499],[-102.138353,20.818075],[-102.139928,20.8177],[-102.141516,20.817376],[-102.141535,20.817373],[-102.141554,20.817369],[-102.141572,20.817366],[-102.141591,20.817362],[-102.14161,20.817359],[-102.141628,20.817355],[-102.141647,20.817352],[-102.141666,20.817348],[-102.141685,20.817345],[-102.141703,20.817341],[-102.141722,20.817338],[-102.141741,20.817334],[-102.141759,20.817331],[-102.141778,20.817328],[-102.141797,20.817324],[-102.141816,20.817321],[-102.141834,20.817317],[-102.141853,20.817314],[-102.141872,20.817311],[-102.14189,20.817307],[-102.141909,20.817304],[-102.141928,20.8173],[-102.141947,20.817297],[-102.141965,20.817294],[-102.141984,20.81729],[-102.142003,20.817287],[-102.142022,20.817284],[-102.14204,20.81728],[-102.142059,20.817277],[-102.142078,20.817274],[-102.142097,20.81727],[-102.142115,20.817267],[-102.142134,20.817264],[-102.142153,20.81726],[-102.142171,20.817257],[-102.14219,20.817254],[-102.142209,20.81725],[-102.142228,20.817247],[-102.142246,20.817244],[-102.142265,20.81724],[-102.142284,20.817237],[-102.142303,20.817234],[-102.142321,20.81723],[-102.14234,20.817227],[-102.142359,20.817224],[-102.142378,20.817221],[-102.142396,20.817217],[-102.142415,20.817214],[-102.142434,20.817211],[-102.142453,20.817207],[-102.142471,20.817204],[-102.14249,20.817201],[-102.142509,20.817198],[-102.142528,20.817194],[-102.142546,20.817191],[-102.142565,20.817188],[-102.142584,20.817185],[-102.142603,20.817181],[-102.142621,20.817178],[-102.14264,20.817175],[-102.142659,20.817172],[-102.142678,20.817168],[-102.142696,20.817165],[-102.142715,20.817162],[-102.142734,20.817158],[-102.142753,20.817155],[-102.142771,20.817152],[-102.14279,20.817149],[-102.142809,20.817145],[-102.142828,20.817142],[-102.142846,20.817139],[-102.142865,20.817136],[-102.142884,20.817132],[-102.294077,20.790843],[-102.294095,20.79084],[-102.294114,20.790837],[-102.294133,20.790834],[-102.294151,20.790831],[-102.29417,20.790827],[-102.294188,20.790824],[-102.294207,20.790821],[-102.294225,20.790818],[-102.294244,20.790814],[-102.294263,20.790811],[-102.294281,20.790808],[-102.2943,20.790805],[-102.294318,20.790801],[-102.294337,20.790798],[-102.294355,20.790795],[-102.294374,20.790792],[-102.294393,20.790789],[-102.294411,20.790785],[-102.29443,20.790782],[-102.294448,20.790779],[-102.294467,20.790776],[-102.294485,20.790772],[-102.294504,20.790769],[-102.294523,20.790766],[-102.294541,20.790763],[-102.29456,20.79076],[-102.294578,20.790756],[-102.294597,20.790753],[-102.294615,20.79075],[-102.294634,20.790747],[-102.294653,20.790744],[-102.294671,20.79074],[-102.29469,20.790737],[-102.294708,20.790734],[-102.294727,20.790731],[-102.294745,20.790728],[-102.294764,20.790724],[-102.294783,20.790721],[-102.294801,20.790718],[-102.29482,20.790715],[-102.294838,20.790712],[-102.294857,20.790709],[-102.294876,20.790706],[-102.294894,20.790702],[-102.294913,20.790699],[-102.294931,20.790696],[-102.29495,20.790693],[-102.294968,20.79069],[-102.294987,20.790687],[-102.295006,20.790684],[-102.295024,20.79068],[-102.295043,20.790677],[-102.295061,20.790674],[-102.29508,20.790671],[-102.295099,20.790668],[-102.295117,20.790665],[-102.295136,20.790662],[-102.295154,20.790659],[-102.295173,20.790656],[-102.295192,20.790653],[-102.29521,20.79065],[-102.297133,20.790364],[-102.299065,20.79014],[-102.301004,20.789978],[-102.302948,20.789877],[-102.304894,20.789838],[-102.30684,20.789861],[-102.308785,20.789946],[-102.310725,20.790092],[-102.312659,20.7903],[-102.314585,20.790569],[-102.316499,20.7909],[-102.318401,20.791291],[-102.318419,20.791295],[-102.318438,20.791299],[-102.318456,20.791303],[-102.318474,20.791307],[-102.318493,20.791311],[-102.318511,20.791315],[-102.31853,20.791319],[-102.318548,20.791324],[-102.318566,20.791328],[-102.318585,20.791332],[-102.318603,20.791336],[-102.318621,20.79134],[-102.31864,20.791344],[-102.318658,20.791348],[-102.318677,20.791353],[-102.318695,20.791357],[-102.318713,20.791361],[-102.318732,20.791365],[-102.31875,20.791369],[-102.318768,20.791373],[-102.318787,20.791378],[-102.318805,20.791382],[-102.318823,20.791386],[-102.318842,20.79139],[-102.31886,20.791394],[-102.318878,20.791399],[-102.318897,20.791403],[-102.318915,20.791407],[-102.318933,20.791411],[-102.318952,20.791415],[-102.31897,20.79142],[-102.318988,20.791424],[-102.319007,20.791428],[-102.319025,20.791432],[-102.319044,20.791436],[-102.319062,20.791441],[-102.31908,20.791445],[-102.319099,20.791449],[-102.319117,20.791453],[-102.319135,20.791458],[-102.319154,20.791462],[-102.319172,20.791466],[-102.31919,20.79147],[-102.319209,20.791475],[-102.319227,20.791479],[-102.319245,20.791483],[-102.319264,20.791487],[-102.319282,20.791492],[-102.3193,20.791496],[-102.319319,20.7915],[-102.319337,20.791504],[-102.319355,20.791509],[-102.319374,20.791513],[-102.319392,20.791517],[-102.31941,20.791521],[-102.319429,20.791526],[-102.319447,20.79153],[-102.319465,20.791534],[-102.319484,20.791538],[-102.319502,20.791543],[-102.31952,20.791547],[-102.439187,20.819291],[-102.439206,20.819296],[-102.439224,20.8193],[-102.439242,20.819304],[-102.439261,20.819308],[-102.439279,20.819313],[-102.439298,20.819317],[-102.439316,20.819321],[-102.439335,20.819325],[-102.439353,20.81933],[-102.439371,20.819334],[-102.43939,20.819338],[-102.439408,20.819343],[-102.439427,20.819347],[-102.439445,20.819351],[-102.439463,20.819355],[-102.439482,20.81936],[-102.4395,20.819364],[-102.439519,20.819368],[-102.439537,20.819372],[-102.439555,20.819377],[-102.439574,20.819381],[-102.439592,20.819385],[-102.43961,20.81939],[-102.439629,20.819394],[-102.439647,20.819398],[-102.439666,20.819402],[-102.439684,20.819407],[-102.439702,20.819411],[-102.439721,20.819415],[-102.439739,20.81942],[-102.439758,20.819424],[-102.439776,20.819428],[-102.439794,20.819432],[-102.439813,20.819437],[-102.439831,20.819441],[-102.43985,20.819445],[-102.439868,20.81945],[-102.439886,20.819454],[-102.442769,20.820177],[-102.445627,20.820984],[-102.445645,20.820989],[-102.445663,20.820995],[-102.445681,20.821],[-102.445699,20.821005],[-102.445717,20.821011],[-102.445735,20.821016],[-102.445753,20.821022],[-102.445771,20.821027],[-102.445789,20.821032],[-102.445807,20.821038],[-102.445825,20.821043],[-102.445844,20.821049],[-102.445862,20.821054],[-102.44588,20.82106],[-102.445898,20.821065],[-102.445916,20.82107],[-102.445934,20.821076],[-102.445952,20.821081],[-102.44597,20.821087],[-102.445988,20.821092],[-102.446006,20.821098],[-102.446024,20.821103],[-102.446042,20.821108],[-102.44606,20.821114],[-102.446078,20.821119],[-102.446096,20.821125],[-102.446114,20.82113],[-102.446132,20.821136],[-102.44615,20.821141],[-102.446168,20.821147],[-102.446186,20.821152],[-102.446204,20.821157],[-102.446223,20.821163],[-102.446241,20.821168],[-102.446259,20.821174],[-102.446277,20.821179],[-102.446295,20.821185],[-102.446313,20.82119],[-102.559167,20.855251],[-102.559184,20.855256],[-102.559202,20.855261],[-102.559219,20.855267],[-102.559236,20.855272],[-102.559254,20.855277],[-102.559271,20.855282],[-102.559289,20.855288],[-102.559306,20.855293],[-102.559324,20.855298],[-102.559341,20.855303],[-102.559358,20.855309],[-102.559376,20.855314],[-102.559393,20.855319],[-102.559411,20.855325],[-102.559428,20.85533],[-102.559445,20.855335],[-102.559463,20.85534],[-102.55948,20.855346],[-102.559498,20.855351],[-102.559515,20.855356],[-102.559533,20.855361],[-102.560259,20.855583],[-102.560277,20.855588],[-102.560294,20.855593],[-102.560312,20.855599],[-102.560329,20.855604],[-102.560346,20.855609],[-102.560364,20.855615],[-102.560381,20.85562],[-102.560399,20.855625],[-102.560416,20.855631],[-102.560433,20.855636],[-102.560451,20.855641],[-102.560468,20.855647],[-102.560486,20.855652],[-102.560503,20.855657],[-102.56052,20.855663],[-102.560538,20.855668],[-102.560555,20.855674],[-102.560572,20.855679],[-102.56059,20.855684],[-102.560607,20.85569],[-102.560625,20.855695],[-102.567971,20.857955],[-102.567989,20.85796],[-102.568008,20.857966],[-102.568026,20.857971],[-102.568044,20.857977],[-102.568062,20.857983],[-102.56808,20.857988],[-102.568098,20.857994],[-102.568116,20.857999],[-102.568135,20.858005],[-102.568153,20.858011],[-102.568171,20.858016],[-102.568189,20.858022],[-102.568207,20.858027],[-102.568225,20.858033],[-102.568243,20.858038],[-102.568261,20.858044],[-102.56828,20.85805],[-102.568298,20.858055],[-102.568316,20.858061],[-102.568334,20.858066],[-102.568352,20.858072],[-102.56837,20.858077],[-102.568388,20.858083],[-102.568407,20.858088],[-102.568425,20.858094],[-102.568443,20.858099],[-102.568461,20.858105],[-102.568479,20.858111],[-102.568497,20.858116],[-102.568515,20.858122],[-102.568534,20.858127],[-102.568552,20.858133],[-102.56857,20.858138],[-102.568588,20.858144],[-102.568606,20.858149],[-102.568624,20.858155],[-102.568643,20.85816],[-102.568661,20.858166],[-102.568679,20.858171],[-102.568697,20.858177],[-102.568715,20.858182],[-102.568733,20.858188],[-102.568751,20.858193],[-102.56877,20.858199],[-102.568788,20.858204],[-102.568806,20.85821],[-102.568824,20.858215],[-102.568842,20.858221],[-102.56886,20.858226],[-102.568879,20.858232],[-102.568897,20.858237],[-102.568915,20.858243],[-102.568933,20.858248],[-102.568951,20.858253],[-102.56897,20.858259],[-102.568988,20.858264],[-102.569006,20.85827],[-102.569024,20.858275],[-102.569042,20.858281],[-102.56906,20.858286],[-102.569079,20.858291],[-102.569097,20.858297],[-102.569115,20.858302],[-102.569133,20.858308],[-102.569151,20.858313],[-102.56917,20.858318],[-102.569188,20.858324],[-102.569206,20.858329],[-102.569224,20.858335],[-102.569242,20.85834],[-102.569261,20.858345],[-102.569279,20.858351],[-102.569297,20.858356],[-102.570923,20.858802],[-102.572565,20.859194],[-102.57422,20.859532],[-102.575887,20.859814],[-102.575906,20.859817],[-102.575925,20.85982],[-102.575943,20.859822],[-102.575962,20.859825],[-102.575981,20.859828],[-102.576,20.859831],[-102.576019,20.859834],[-102.576038,20.859837],[-102.576056,20.859839],[-102.576075,20.859842],[-102.576094,20.859845],[-102.576113,20.859848],[-102.576132,20.859851],[-102.576151,20.859853],[-102.57617,20.859856],[-102.576188,20.859859],[-102.576207,20.859862],[-102.576226,20.859864],[-102.576245,20.859867],[-102.576264,20.85987],[-102.576283,20.859873],[-102.576302,20.859875],[-102.57632,20.859878],[-102.576339,20.859881],[-102.576358,20.859884],[-102.576377,20.859886],[-102.576396,20.859889],[-102.576415,20.859892],[-102.576434,20.859894],[-102.576452,20.859897],[-102.576471,20.8599],[-102.57649,20.859903],[-102.576509,20.859905],[-102.576528,20.859908],[-102.576547,20.859911],[-102.576566,20.859913],[-102.576584,20.859916],[-102.576603,20.859919],[-102.576622,20.859921],[-102.576641,20.859924],[-102.57666,20.859927],[-102.576679,20.859929],[-102.576698,20.859932],[-102.576717,20.859935],[-102.576735,20.859937],[-102.576754,20.85994],[-102.576773,20.859943],[-102.576792,20.859945],[-102.576811,20.859948],[-102.57683,20.85995],[-102.576849,20.859953],[-102.576867,20.859956],[-102.576886,20.859958],[-102.576905,20.859961],[-102.576924,20.859964],[-102.576943,20.859966],[-102.576962,20.859969],[-102.576981,20.859971],[-102.577,20.859974],[-102.577018,20.859977],[-102.577037,20.859979],[-102.577056,20.859982],[-102.577075,20.859985],[-102.577094,20.859987],[-102.577113,20.85999],[-102.577132,20.859992],[-102.577151,20.859995],[-102.577169,20.859998],[-102.577188,20.86],[-102.577207,20.860003],[-102.577226,20.860005],[-102.577245,20.860008],[-102.577264,20.860011],[-102.607578,20.864201],[-102.607597,20.864204],[-102.607616,20.864206],[-102.607635,20.864209],[-102.607654,20.864211],[-102.607672,20.864214],[-102.607691,20.864217],[-102.60771,20.864219],[-102.607729,20.864222],[-102.607748,20.864224],[-102.607767,20.864227],[-102.607786,20.86423],[-102.607805,20.864232],[-102.607824,20.864235],[-102.607842,20.864237],[-102.607861,20.86424],[-102.60788,20.864243],[-102.607899,20.864245],[-102.607918,20.864248],[-102.607937,20.86425],[-102.607956,20.864253],[-102.607975,20.864256],[-102.607993,20.864258],[-102.608012,20.864261],[-102.608031,20.864263],[-102.60805,20.864266],[-102.608069,20.864268],[-102.608088,20.864271],[-102.608107,20.864274],[-102.608126,20.864276],[-102.608144,20.864279],[-102.608163,20.864281],[-102.608182,20.864284],[-102.608201,20.864286],[-102.60822,20.864289],[-102.608239,20.864291],[-102.608258,20.864294],[-102.608277,20.864297],[-102.608296,20.864299],[-102.608314,20.864302],[-102.608333,20.864304],[-102.608352,20.864307],[-102.608371,20.864309],[-102.60839,20.864312],[-102.608409,20.864314],[-102.608428,20.864317],[-102.608447,20.864319],[-102.608466,20.864322],[-102.608484,20.864324],[-102.608503,20.864327],[-102.608522,20.864329],[-102.608541,20.864332],[-102.60856,20.864334],[-102.608579,20.864337],[-102.608598,20.864339],[-102.608617,20.864342],[-102.608636,20.864344],[-102.608655,20.864347],[-102.608673,20.864349],[-102.608692,20.864351],[-102.608711,20.864354],[-102.60873,20.864356],[-102.608749,20.864359],[-102.608768,20.864361],[-102.608787,20.864364],[-102.608806,20.864366],[-102.608825,20.864368],[-102.608844,20.864371],[-102.608863,20.864373],[-102.608881,20.864376],[-102.6089,20.864378],[-102.608919,20.86438],[-102.608938,20.864383],[-102.608957,20.864385],[-102.610158,20.86452],[-102.611362,20.864626],[-102.611381,20.864627],[-102.6114,20.864629],[-102.611419,20.86463],[-102.611438,20.864632],[-102.611457,20.864633],[-102.611476,20.864635],[-102.611495,20.864636],[-102.611514,20.864637],[-102.611533,20.864639],[-102.611552,20.86464],[-102.611571,20.864642],[-102.61159,20.864643],[-102.611609,20.864644],[-102.611628,20.864646],[-102.611647,20.864647],[-102.611666,20.864648],[-102.611685,20.86465],[-102.611704,20.864651],[-102.611723,20.864652],[-102.611742,20.864654],[-102.611761,20.864655],[-102.61178,20.864656],[-102.611799,20.864658],[-102.611818,20.864659],[-102.611837,20.86466],[-102.611856,20.864662],[-102.611875,20.864663],[-102.611894,20.864664],[-102.611913,20.864666],[-102.611933,20.864667],[-102.611952,20.864668],[-102.611971,20.864669],[-102.61199,20.864671],[-102.612009,20.864672],[-102.612028,20.864673],[-102.612047,20.864674],[-102.612066,20.864676],[-102.612085,20.864677],[-102.612104,20.864678],[-102.612123,20.864679],[-102.612142,20.864681],[-102.612161,20.864682],[-102.61218,20.864683],[-102.612199,20.864684],[-102.612218,20.864686],[-102.612237,20.864687],[-102.612256,20.864688],[-102.612275,20.864689],[-102.612294,20.864691],[-102.612313,20.864692],[-102.612332,20.864693],[-102.612351,20.864694],[-102.61237,20.864695],[-102.612389,20.864697],[-102.612408,20.864698],[-102.612427,20.864699],[-102.612446,20.8647],[-102.612465,20.864701],[-102.612485,20.864703],[-102.612504,20.864704],[-102.612523,20.864705],[-102.612542,20.864706],[-102.612561,20.864707],[-102.61258,20.864709],[-102.612599,20.86471],[-102.612618,20.864711],[-102.612637,20.864712],[-102.612656,20.864713],[-102.612675,20.864715],[-102.612694,20.864716],[-102.612713,20.864717],[-102.612732,20.864718],[-102.612751,20.864719],[-102.640008,20.866424],[-102.640027,20.866425],[-102.640046,20.866427],[-102.640065,20.866428],[-102.640084,20.866429],[-102.640103,20.86643],[-102.640122,20.866431],[-102.640141,20.866433],[-102.64016,20.866434],[-102.640179,20.866435],[-102.640198,20.866436],[-102.640217,20.866437],[-102.640236,20.866439],[-102.640255,20.86644],[-102.640274,20.866441],[-102.640293,20.866442],[-102.640312,20.866443],[-102.640332,20.866445],[-102.640351,20.866446],[-102.64037,20.866447],[-102.640389,20.866448],[-102.640408,20.866449],[-102.640427,20.866451],[-102.640446,20.866452],[-102.640465,20.866453],[-102.640484,20.866454],[-102.640503,20.866455],[-102.640522,20.866457],[-102.640541,20.866458],[-102.64056,20.866459],[-102.640579,20.86646],[-102.640598,20.866462],[-102.640617,20.866463],[-102.640636,20.866464],[-102.640655,20.866465],[-102.640674,20.866467],[-102.640693,20.866468],[-102.640712,20.866469],[-102.640731,20.86647],[-102.64075,20.866472],[-102.640769,20.866473],[-102.640788,20.866474],[-102.640807,20.866475],[-102.640826,20.866477],[-102.640845,20.866478],[-102.640864,20.866479],[-102.640884,20.866481],[-102.640903,20.866482],[-102.640922,20.866483],[-102.640941,20.866484],[-102.64096,20.866486],[-102.640979,20.866487],[-102.640998,20.866488],[-102.641017,20.86649],[-102.641036,20.866491],[-102.641055,20.866492],[-102.641074,20.866494],[-102.641093,20.866495],[-102.641112,20.866496],[-102.641131,20.866498],[-102.64115,20.866499],[-102.641169,20.8665],[-102.641188,20.866502],[-102.641207,20.866503],[-102.641226,20.866505],[-102.641245,20.866506],[-102.641264,20.866507],[-102.641283,20.866509],[-102.641302,20.86651],[-102.641321,20.866512],[-102.64134,20.866513],[-102.641359,20.866514],[-102.641378,20.866516],[-102.641397,20.866517],[-102.642882,20.866652],[-102.644362,20.86683],[-102.645835,20.867052],[-102.6473,20.867316],[-102.648756,20.867623],[-102.650201,20.867972],[-102.650219,20.867977],[-102.650238,20.867981],[-102.650256,20.867986],[-102.650274,20.867991],[-102.650293,20.867996],[-102.650311,20.868],[-102.65033,20.868005],[-102.650348,20.86801],[-102.650366,20.868015],[-102.650385,20.86802],[-102.650403,20.868024],[-102.650422,20.868029],[-102.65044,20.868034],[-102.650458,20.868039],[-102.650477,20.868044],[-102.650495,20.868048],[-102.650513,20.868053],[-102.650532,20.868058],[-102.65055,20.868063],[-102.650569,20.868068],[-102.650587,20.868073],[-102.650605,20.868078],[-102.650624,20.868082],[-102.650642,20.868087],[-102.65066,20.868092],[-102.650679,20.868097],[-102.650697,20.868102],[-102.650715,20.868107],[-102.650734,20.868112],[-102.650752,20.868117],[-102.65077,20.868122],[-102.650789,20.868126],[-102.650807,20.868131],[-102.650826,20.868136],[-102.650844,20.868141],[-102.650862,20.868146],[-102.650881,20.868151],[-102.650899,20.868156],[-102.650917,20.868161],[-102.650936,20.868166],[-102.650954,20.868171],[-102.650972,20.868176],[-102.650991,20.868181],[-102.651009,20.868186],[-102.651027,20.868191],[-102.651046,20.868195],[-102.651064,20.8682],[-102.651082,20.868205],[-102.651101,20.86821],[-102.651119,20.868215],[-102.651137,20.86822],[-102.651156,20.868225],[-102.651174,20.86823],[-102.651192,20.868235],[-102.651211,20.86824],[-102.651229,20.868245],[-102.651247,20.86825],[-102.651266,20.868255],[-102.651284,20.86826],[-102.651302,20.868265],[-102.651321,20.86827],[-102.651339,20.868275],[-102.651357,20.86828],[-102.651376,20.868285],[-102.651394,20.86829],[-102.651412,20.868295],[-102.651431,20.8683],[-102.651449,20.868305],[-102.651467,20.86831],[-102.651486,20.868315],[-102.651504,20.86832],[-102.651522,20.868325],[-102.651541,20.86833],[-102.683603,20.877046],[-102.683621,20.877051],[-102.68364,20.877056],[-102.683658,20.877061],[-102.683676,20.877066],[-102.683695,20.877071],[-102.683713,20.877076],[-102.683731,20.877081],[-102.68375,20.877086],[-102.683768,20.877091],[-102.683786,20.877096],[-102.683805,20.877101],[-102.683823,20.877106],[-102.683841,20.877111],[-102.68386,20.877116],[-102.683878,20.877121],[-102.683896,20.877126],[-102.683915,20.877131],[-102.683933,20.877136],[-102.683951,20.877141],[-102.68397,20.877146],[-102.683988,20.877151],[-102.684006,20.877156],[-102.684025,20.87716],[-102.684043,20.877165],[-102.684061,20.87717],[-102.68408,20.877175],[-102.684098,20.87718],[-102.684117,20.877185],[-102.684135,20.87719],[-102.684153,20.877195],[-102.684172,20.8772],[-102.68419,20.877205],[-102.684208,20.87721],[-102.684227,20.877215],[-102.684245,20.87722],[-102.684263,20.877225],[-102.684282,20.87723],[-102.6843,20.877235],[-102.684318,20.877239],[-102.684337,20.877244],[-102.684355,20.877249],[-102.684373,20.877254],[-102.684392,20.877259],[-102.68441,20.877264],[-102.684428,20.877269],[-102.684447,20.877274],[-102.684465,20.877279],[-102.684484,20.877283],[-102.684502,20.877288],[-102.68452,20.877293],[-102.684539,20.877298],[-102.684557,20.877303],[-102.684575,20.877308],[-102.684594,20.877313],[-102.684612,20.877317],[-102.684631,20.877322],[-102.684649,20.877327],[-102.684667,20.877332],[-102.684686,20.877337],[-102.684704,20.877342],[-102.684722,20.877346],[-102.684741,20.877351],[-102.684759,20.877356],[-102.684778,20.877361],[-102.684796,20.877366],[-102.684814,20.87737],[-102.684833,20.877375],[-102.684851,20.87738],[-102.68487,20.877385],[-102.684888,20.877389],[-102.684906,20.877394],[-102.684925,20.877399],[-102.684943,20.877404],[-102.686457,20.877768],[-102.687982,20.878086],[-102.689518,20.878357],[-102.691063,20.878581],[-102.692614,20.878757],[-102.69417,20.878886],[-102.695731,20.878968],[-102.69575,20.878968],[-102.695769,20.878969],[-102.695788,20.87897],[-102.695807,20.878971],[-102.695826,20.878971],[-102.695845,20.878972],[-102.695864,20.878972],[-102.695883,20.878973],[-102.695902,20.878974],[-102.695921,20.878974],[-102.69594,20.878975],[-102.695959,20.878976],[-102.695978,20.878976],[-102.695998,20.878977],[-102.696017,20.878978],[-102.696036,20.878978],[-102.696055,20.878979],[-102.696074,20.878979],[-102.696093,20.87898],[-102.696112,20.878981],[-102.696131,20.878981],[-102.69615,20.878982],[-102.696169,20.878982],[-102.696188,20.878983],[-102.696207,20.878983],[-102.696226,20.878984],[-102.696245,20.878984],[-102.696265,20.878985],[-102.696284,20.878986],[-102.696303,20.878986],[-102.696322,20.878987],[-102.696341,20.878987],[-102.69636,20.878988],[-102.696379,20.878988],[-102.696398,20.878989],[-102.696417,20.878989],[-102.696436,20.87899],[-102.696455,20.87899],[-102.696474,20.878991],[-102.696493,20.878991],[-102.696513,20.878992],[-102.696532,20.878992],[-102.696551,20.878993],[-102.69657,20.878993],[-102.696589,20.878994],[-102.696608,20.878994],[-102.696627,20.878995],[-102.696646,20.878995],[-102.696665,20.878996],[-102.696684,20.878996],[-102.696703,20.878996],[-102.696722,20.878997],[-102.696741,20.878997],[-102.696761,20.878998],[-102.69678,20.878998],[-102.696799,20.878999],[-102.696818,20.878999],[-102.696837,20.879],[-102.696856,20.879],[-102.696875,20.879001],[-102.696894,20.879001],[-102.696913,20.879001],[-102.696932,20.879002],[-102.696951,20.879002],[-102.69697,20.879003],[-102.696989,20.879003],[-102.697009,20.879004],[-102.697028,20.879004],[-102.697047,20.879005],[-102.697066,20.879005],[-102.697085,20.879005],[-102.697104,20.879006],[-102.697123,20.879006],[-102.724425,20.879637],[-102.724444,20.879638],[-102.724463,20.879638],[-102.724482,20.879639],[-102.724501,20.879639],[-102.72452,20.87964],[-102.72454,20.87964],[-102.724559,20.87964],[-102.724578,20.879641],[-102.724597,20.879641],[-102.724616,20.879642],[-102.724635,20.879642],[-102.724654,20.879643],[-102.724673,20.879643],[-102.724692,20.879643],[-102.724711,20.879644],[-102.724731,20.879644],[-102.72475,20.879645],[-102.724769,20.879645],[-102.724788,20.879646],[-102.724807,20.879646],[-102.724826,20.879646],[-102.724845,20.879647],[-102.724864,20.879647],[-102.724883,20.879648],[-102.724902,20.879648],[-102.724922,20.879648],[-102.724941,20.879649],[-102.72496,20.879649],[-102.724979,20.87965],[-102.724998,20.87965],[-102.725017,20.87965],[-102.725036,20.879651],[-102.725055,20.879651],[-102.725074,20.879651],[-102.725094,20.879652],[-102.725113,20.879652],[-102.725132,20.879652],[-102.725151,20.879653],[-102.72517,20.879653],[-102.725189,20.879653],[-102.725208,20.879654],[-102.725227,20.879654],[-102.725246,20.879654],[-102.725265,20.879655],[-102.725285,20.879655],[-102.725304,20.879655],[-102.725323,20.879656],[-102.725342,20.879656],[-102.725361,20.879656],[-102.72538,20.879656],[-102.725399,20.879657],[-102.725418,20.879657],[-102.725437,20.879657],[-102.725456,20.879658],[-102.725476,20.879658],[-102.725495,20.879658],[-102.725514,20.879658],[-102.725533,20.879658],[-102.725552,20.879659],[-102.725571,20.879659],[-102.72559,20.879659],[-102.725609,20.879659],[-102.725628,20.879659],[-102.725648,20.87966],[-102.725667,20.87966],[-102.725686,20.87966],[-102.725705,20.87966],[-102.725724,20.87966],[-102.725743,20.87966],[-102.725762,20.87966],[-102.725781,20.87966],[-102.7258,20.879661],[-102.725819,20.879661],[-102.725839,20.879661],[-102.725858,20.879661],[-102.725877,20.879661],[-102.725896,20.879661],[-102.725915,20.879661],[-102.725934,20.879661],[-102.725953,20.879661],[-102.725972,20.879661],[-102.725991,20.879661],[-102.726011,20.879661],[-102.72603,20.879661],[-102.726049,20.879661],[-102.726068,20.879661],[-102.726087,20.879661],[-102.726106,20.879661],[-102.727074,20.879641],[-102.728041,20.879591],[-102.729006,20.87951],[-102.729967,20.879399],[-102.730924,20.879258],[-102.731875,20.879087],[-102.732819,20.878885],[-102.733756,20.878654],[-102.734684,20.878394],[-102.735602,20.878104],[-102.736509,20.877785],[-102.737404,20.877438],[-102.738286,20.877063],[-102.739155,20.876661],[-102.740008,20.876231],[-102.740025,20.876222],[-102.740042,20.876213],[-102.740058,20.876204],[-102.740075,20.876196],[-102.740092,20.876187],[-102.740108,20.876178],[-102.740125,20.876169],[-102.740142,20.87616],[-102.740158,20.876151],[-102.740175,20.876143],[-102.740192,20.876134],[-102.740208,20.876125],[-102.740225,20.876116],[-102.740241,20.876107],[-102.740258,20.876098],[-102.740275,20.876089],[-102.740291,20.876081],[-102.740308,20.876072],[-102.740324,20.876063],[-102.740341,20.876054],[-102.740358,20.876045],[-102.740374,20.876036],[-102.740391,20.876027],[-102.740407,20.876018],[-102.740424,20.876009],[-102.74044,20.876],[-102.740457,20.875991],[-102.740473,20.875982],[-102.74049,20.875973],[-102.740507,20.875964],[-102.740523,20.875955],[-102.74054,20.875946],[-102.740556,20.875937],[-102.740573,20.875928],[-102.740589,20.875919],[-102.740606,20.87591],[-102.740622,20.875901],[-102.740639,20.875892],[-102.740655,20.875883],[-102.740672,20.875874],[-102.740688,20.875865],[-102.740705,20.875856],[-102.740721,20.875846],[-102.740738,20.875837],[-102.740754,20.875828],[-102.740771,20.875819],[-102.740787,20.87581],[-102.740803,20.875801],[-102.74082,20.875792],[-102.740836,20.875783],[-102.740853,20.875774],[-102.740869,20.875765],[-102.740886,20.875755],[-102.740902,20.875746],[-102.740919,20.875737],[-102.740935,20.875728],[-102.740952,20.875719],[-102.740968,20.87571],[-102.740984,20.875701],[-102.741001,20.875691],[-102.741017,20.875682],[-102.741034,20.875673],[-102.74105,20.875664],[-102.741067,20.875655],[-102.741083,20.875646],[-102.741099,20.875636],[-102.741116,20.875627],[-102.741132,20.875618],[-102.741149,20.875609],[-102.741165,20.8756],[-102.741182,20.875591],[-102.741198,20.875581],[-102.741214,20.875572],[-102.741231,20.875563],[-102.741247,20.875554],[-102.741264,20.875545],[-102.74128,20.875535],[-102.741296,20.875526],[-102.741313,20.875517],[-102.741329,20.875508],[-102.741346,20.875499],[-102.741362,20.875489],[-102.741379,20.87548],[-102.741395,20.875471],[-102.741411,20.875462],[-102.741428,20.875453],[-102.741444,20.875443],[-102.741461,20.875434],[-102.753053,20.868933],[-102.753069,20.868924],[-102.753085,20.868915],[-102.753102,20.868906],[-102.753118,20.868896],[-102.753135,20.868887],[-102.753151,20.868878],[-102.753167,20.868869],[-102.753184,20.86886],[-102.7532,20.868851],[-102.753216,20.868841],[-102.753233,20.868832],[-102.753249,20.868823],[-102.753265,20.868814],[-102.753282,20.868805],[-102.753298,20.868795],[-102.753315,20.868786],[-102.753331,20.868777],[-102.753347,20.868768],[-102.753364,20.868759],[-102.75338,20.868749],[-102.753396,20.86874],[-102.753413,20.868731],[-102.753429,20.868722],[-102.753445,20.868712],[-102.753462,20.868703],[-102.753478,20.868694],[-102.753494,20.868685],[-102.753511,20.868676],[-102.753527,20.868666],[-102.753543,20.868657],[-102.75356,20.868648],[-102.753576,20.868639],[-102.753592,20.868629],[-102.753609,20.86862],[-102.753625,20.868611],[-102.753641,20.868601],[-102.753657,20.868592],[-102.753674,20.868583],[-102.75369,20.868574],[-102.753706,20.868564],[-102.753723,20.868555],[-102.753739,20.868546],[-102.753755,20.868536],[-102.753771,20.868527],[-102.753788,20.868518],[-102.753804,20.868508],[-102.75382,20.868499],[-102.753836,20.86849],[-102.753853,20.86848],[-102.753869,20.868471],[-102.753885,20.868461],[-102.753901,20.868452],[-102.753918,20.868443],[-102.753934,20.868433],[-102.75395,20.868424],[-102.753966,20.868414],[-102.753983,20.868405],[-102.753999,20.868395],[-102.754015,20.868386],[-102.754031,20.868377],[-102.754047,20.868367],[-102.754063,20.868358],[-102.75408,20.868348],[-102.754821,20.867898],[-102.755546,20.867426],[-102.756257,20.866934],[-102.756951,20.866421],[-102.757627,20.865889],[-102.757642,20.865877],[-102.757656,20.865866],[-102.757671,20.865854],[-102.757685,20.865842],[-102.757699,20.86583],[-102.757714,20.865819],[-102.757728,20.865807],[-102.757743,20.865795],[-102.757757,20.865783],[-102.757771,20.865771],[-102.757786,20.86576],[-102.7578,20.865748],[-102.757814,20.865736],[-102.757829,20.865724],[-102.757843,20.865712],[-102.757857,20.865701],[-102.757872,20.865689],[-102.757886,20.865677],[-102.7579,20.865665],[-102.757915,20.865653],[-102.757929,20.865641],[-102.757943,20.86563],[-102.757957,20.865618],[-102.757972,20.865606],[-102.757986,20.865594],[-102.758,20.865582],[-102.758014,20.86557],[-102.758029,20.865558],[-102.758043,20.865546],[-102.758057,20.865534],[-102.758071,20.865523],[-102.758086,20.865511],[-102.7581,20.865499],[-102.758114,20.865487],[-102.758128,20.865475],[-102.758143,20.865463],[-102.758157,20.865451],[-102.758171,20.865439],[-102.758185,20.865427],[-102.758199,20.865415],[-102.758214,20.865403],[-102.758228,20.865391],[-102.758242,20.865379],[-102.758256,20.865367],[-102.75827,20.865355],[-102.758285,20.865343],[-102.758299,20.865331],[-102.758313,20.865319],[-102.758327,20.865307],[-102.758341,20.865296],[-102.758355,20.865284],[-102.75837,20.865272],[-102.758384,20.86526],[-102.758398,20.865248],[-102.758412,20.865236],[-102.758426,20.865224],[-102.758441,20.865212],[-102.758455,20.8652],[-102.758469,20.865188],[-102.758483,20.865176],[-102.758497,20.865164],[-102.758511,20.865152],[-102.758526,20.86514],[-102.781655,20.845569],[-102.78167,20.845557],[-102.781684,20.845545],[-102.781698,20.845533],[-102.781712,20.845521],[-102.781726,20.845509],[-102.78174,20.845497],[-102.781754,20.845485],[-102.781768,20.845473],[-102.781782,20.845461],[-102.781797,20.845449],[-102.781811,20.845437],[-102.781825,20.845425],[-102.781839,20.845413],[-102.781853,20.845401],[-102.781867,20.84539],[-102.781881,20.845378],[-102.781895,20.845366],[-102.781909,20.845354],[-102.781923,20.845342],[-102.781937,20.84533],[-102.781951,20.845318],[-102.781966,20.845306],[-102.78198,20.845294],[-102.781994,20.845282],[-102.782008,20.84527],[-102.782022,20.845258],[-102.782036,20.845246],[-102.78205,20.845234],[-102.782064,20.845222],[-102.782078,20.84521],[-102.782092,20.845198],[-102.782106,20.845185],[-102.78212,20.845173],[-102.782134,20.845161],[-102.782148,20.845149],[-102.782162,20.845137],[-102.782176,20.845125],[-102.78219,20.845113],[-102.782204,20.845101],[-102.782218,20.845089],[-102.782232,20.845077],[-102.782246,20.845065],[-102.78226,20.845053],[-102.782951,20.84443],[-102.78362,20.843786],[-102.784266,20.843122],[-102.784888,20.842438],[-102.785486,20.841735],[-102.786058,20.841014],[-102.786604,20.840275],[-102.787125,20.83952],[-102.787618,20.838748],[-102.788083,20.837962],[-102.788521,20.837162],[-102.78893,20.836348],[-102.788938,20.836332],[-102.788946,20.836316],[-102.788954,20.836299],[-102.788961,20.836283],[-102.788969,20.836267],[-102.788977,20.836251],[-102.788985,20.836234],[-102.788992,20.836218],[-102.789,20.836202],[-102.789008,20.836185],[-102.789016,20.836169],[-102.789023,20.836153],[-102.789031,20.836136],[-102.789039,20.83612],[-102.789046,20.836104],[-102.789054,20.836087],[-102.789062,20.836071],[-102.789069,20.836055],[-102.789077,20.836038],[-102.789085,20.836022],[-102.789092,20.836006],[-102.7891,20.835989],[-102.789108,20.835973],[-102.789115,20.835957],[-102.789123,20.83594],[-102.789131,20.835924],[-102.789138,20.835908],[-102.789146,20.835891],[-102.789153,20.835875],[-102.789161,20.835859],[-102.789169,20.835842],[-102.789176,20.835826],[-102.789184,20.83581],[-102.789191,20.835793],[-102.789199,20.835777],[-102.789207,20.835761],[-102.789214,20.835744],[-102.789222,20.835728],[-102.789229,20.835711],[-102.789237,20.835695],[-102.789245,20.835679],[-102.789252,20.835662],[-102.78926,20.835646],[-102.79178,20.830207],[-102.791787,20.83019],[-102.791795,20.830174],[-102.791802,20.830158],[-102.79181,20.830142],[-102.791817,20.830125],[-102.791825,20.830109],[-102.791832,20.830093],[-102.79184,20.830076],[-102.791847,20.83006],[-102.791855,20.830044],[-102.791862,20.830028],[-102.79187,20.830011],[-102.791877,20.829995],[-102.791885,20.829979],[-102.791892,20.829963],[-102.7919,20.829946],[-102.791907,20.82993],[-102.791915,20.829914],[-102.791922,20.829897],[-102.79193,20.829881],[-102.791937,20.829865],[-102.791945,20.829849],[-102.791952,20.829832],[-102.79196,20.829816],[-102.791967,20.8298],[-102.791974,20.829783],[-102.791982,20.829767],[-102.791989,20.829751],[-102.79224,20.829178],[-102.792476,20.828601],[-102.792482,20.828584],[-102.792489,20.828568],[-102.792496,20.828551],[-102.792502,20.828534],[-102.792509,20.828518],[-102.792515,20.828501],[-102.792522,20.828484],[-102.792528,20.828468],[-102.792535,20.828451],[-102.792541,20.828434],[-102.792548,20.828418],[-102.792554,20.828401],[-102.792561,20.828384],[-102.792567,20.828368],[-102.792573,20.828351],[-102.79258,20.828334],[-102.792586,20.828318],[-102.792593,20.828301],[-102.792599,20.828284],[-102.792606,20.828268],[-102.792612,20.828251],[-102.792618,20.828234],[-102.792625,20.828218],[-102.792631,20.828201],[-102.792638,20.828184],[-102.792644,20.828168],[-102.792651,20.828151],[-102.792657,20.828134],[-102.793417,20.826156],[-102.793424,20.826139],[-102.79343,20.826122],[-102.793437,20.826106],[-102.793443,20.826089],[-102.793449,20.826072],[-102.793456,20.826055],[-102.793462,20.826038],[-102.793469,20.826022],[-102.793475,20.826005],[-102.793482,20.825988],[-102.793488,20.825971],[-102.793495,20.825954],[-102.793501,20.825938],[-102.793508,20.825921],[-102.793514,20.825904],[-102.793521,20.825887],[-102.793528,20.825871],[-102.793534,20.825854],[-102.793541,20.825837],[-102.793547,20.82582],[-102.793554,20.825803],[-102.793561,20.825787],[-102.793567,20.82577],[-102.793574,20.825753],[-102.793581,20.825737],[-102.793587,20.82572],[-102.793594,20.825703],[-102.793601,20.825686],[-102.793608,20.82567],[-102.793614,20.825653],[-102.793621,20.825636],[-102.793628,20.82562],[-102.793635,20.825603],[-102.793642,20.825586],[-102.793649,20.82557],[-102.793655,20.825553],[-102.793662,20.825536],[-102.793669,20.82552],[-102.793676,20.825503],[-102.793683,20.825486],[-102.79369,20.82547],[-102.793698,20.825453],[-102.793705,20.825437],[-102.793712,20.82542],[-102.793719,20.825404],[-102.793726,20.825387],[-102.793733,20.825371],[-102.793741,20.825354],[-102.793861,20.825093],[-102.79399,20.824836],[-102.794128,20.824583],[-102.794274,20.824335],[-102.794428,20.82409],[-102.794591,20.823851],[-102.794761,20.823616],[-102.794772,20.823601],[-102.794783,20.823587],[-102.794794,20.823572],[-102.794805,20.823558],[-102.794816,20.823543],[-102.794828,20.823529],[-102.794839,20.823514],[-102.79485,20.8235],[-102.794861,20.823485],[-102.794872,20.823471],[-102.794884,20.823456],[-102.794895,20.823442],[-102.794906,20.823428],[-102.794917,20.823413],[-102.794929,20.823399],[-102.79494,20.823385],[-102.794951,20.82337],[-102.794963,20.823356],[-102.794974,20.823342],[-102.794986,20.823327],[-102.794997,20.823313],[-102.795009,20.823299],[-102.79502,20.823285],[-102.795032,20.82327],[-102.795043,20.823256],[-102.795055,20.823242],[-102.795066,20.823228],[-102.795078,20.823214],[-102.795089,20.823199],[-102.795101,20.823185],[-102.795112,20.823171],[-102.795124,20.823157],[-102.795136,20.823143],[-102.795147,20.823129],[-102.795159,20.823115],[-102.795171,20.8231],[-102.795182,20.823086],[-102.795194,20.823072],[-102.795206,20.823058],[-102.795217,20.823044],[-102.795229,20.82303],[-102.795241,20.823016],[-102.795252,20.823002],[-102.795264,20.822987],[-102.795276,20.822973],[-102.795287,20.822959],[-102.795299,20.822945],[-102.795311,20.822931],[-102.79983,20.817478],[-102.799842,20.817465],[-102.799853,20.817451],[-102.799865,20.817437],[-102.799876,20.817423],[-102.799888,20.817409],[-102.799899,20.817395],[-102.799911,20.817382],[-102.799922,20.817368],[-102.799934,20.817354],[-102.799945,20.81734],[-102.799956,20.817326],[-102.799968,20.817312],[-102.799979,20.817298],[-102.799991,20.817284],[-102.800002,20.817271],[-102.800014,20.817257],[-102.800025,20.817243],[-102.800037,20.817229],[-102.800881,20.816171],[-102.800892,20.816157],[-102.800903,20.816143],[-102.800914,20.816129],[-102.800925,20.816114],[-102.800936,20.8161],[-102.800947,20.816086],[-102.800958,20.816072],[-102.800969,20.816057],[-102.80098,20.816043],[-102.800991,20.816029],[-102.801002,20.816015],[-102.801013,20.816001],[-102.801024,20.815986],[-102.801034,20.815972],[-102.801045,20.815958],[-102.801056,20.815944],[-102.801067,20.815929],[-102.801078,20.815915],[-102.807711,20.807283],[-102.807722,20.807269],[-102.807733,20.807255],[-102.807744,20.807241],[-102.807755,20.807226],[-102.807765,20.807212],[-102.807776,20.807198],[-102.807787,20.807184],[-102.807798,20.80717],[-102.807809,20.807156],[-102.80782,20.807142],[-102.80783,20.807128],[-102.807841,20.807114],[-102.807852,20.8071],[-102.808967,20.805665],[-102.808978,20.805651],[-102.808989,20.805637],[-102.809,20.805623],[-102.809011,20.805609],[-102.809022,20.805595],[-102.809033,20.805581],[-102.809044,20.805567],[-102.809055,20.805553],[-102.809066,20.805539],[-102.809077,20.805525],[-102.809088,20.805511],[-102.809099,20.805497],[-102.80911,20.805483],[-102.82434,20.786113],[-102.824352,20.786099],[-102.824363,20.786085],[-102.824374,20.78607],[-102.824386,20.786056],[-102.824397,20.786041],[-102.824408,20.786027],[-102.82442,20.786013],[-102.824431,20.785998],[-102.824442,20.785984],[-102.824454,20.785969],[-102.824465,20.785955],[-102.824476,20.785941],[-102.824488,20.785926],[-102.824499,20.785912],[-102.82451,20.785897],[-102.824522,20.785883],[-102.824533,20.785869],[-102.824544,20.785854],[-102.824556,20.78584],[-102.824567,20.785825],[-102.824578,20.785811],[-102.82459,20.785797],[-102.824601,20.785782],[-102.824612,20.785768],[-102.824624,20.785754],[-102.824635,20.785739],[-102.824647,20.785725],[-102.824658,20.78571],[-102.824669,20.785696],[-102.824681,20.785682],[-102.824692,20.785667],[-102.824704,20.785653],[-102.824715,20.785639],[-102.824726,20.785624],[-102.824738,20.78561],[-102.824749,20.785596],[-102.824761,20.785581],[-102.824772,20.785567],[-102.824784,20.785553],[-102.824795,20.785538],[-102.824806,20.785524],[-102.824818,20.78551],[-102.824829,20.785495],[-102.824841,20.785481],[-102.824852,20.785467],[-102.824864,20.785453],[-102.824875,20.785438],[-102.824887,20.785424],[-102.824898,20.78541],[-102.82491,20.785395],[-102.824921,20.785381],[-102.824933,20.785367],[-102.824944,20.785353],[-102.824956,20.785338],[-102.824968,20.785324],[-102.824979,20.78531],[-102.824991,20.785296],[-102.825002,20.785281],[-102.825014,20.785267],[-102.825026,20.785253],[-102.825037,20.785239],[-102.825049,20.785225],[-102.82506,20.78521],[-102.825618,20.784553],[-102.826196,20.783912],[-102.826796,20.783288],[-102.827416,20.782682],[-102.828055,20.782095],[-102.828714,20.781526],[-102.829391,20.780977],[-102.830086,20.780448],[-102.830101,20.780437],[-102.830116,20.780426],[-102.830131,20.780415],[-102.830146,20.780404],[-102.830161,20.780393],[-102.830176,20.780382],[-102.830191,20.780371],[-102.830206,20.78036],[-102.830221,20.780349],[-102.830236,20.780338],[-102.830251,20.780327],[-102.830266,20.780316],[-102.830281,20.780305],[-102.830296,20.780294],[-102.830311,20.780283],[-102.830327,20.780272],[-102.830342,20.780261],[-102.830357,20.780251],[-102.830372,20.78024],[-102.830387,20.780229],[-102.830402,20.780218],[-102.830417,20.780207],[-102.830432,20.780196],[-102.830447,20.780185],[-102.830463,20.780174],[-102.830478,20.780163],[-102.830493,20.780153],[-102.830508,20.780142],[-102.830523,20.780131],[-102.830538,20.78012],[-102.830554,20.780109],[-102.830569,20.780098],[-102.830584,20.780088],[-102.830599,20.780077],[-102.830614,20.780066],[-102.830629,20.780055],[-102.830645,20.780044],[-102.83066,20.780033],[-102.830675,20.780023],[-102.83069,20.780012],[-102.830705,20.780001],[-102.830721,20.77999],[-102.830736,20.779979],[-102.830751,20.779969],[-102.830766,20.779958],[-102.830782,20.779947],[-102.830797,20.779936],[-102.830812,20.779926],[-102.830827,20.779915],[-102.830842,20.779904],[-102.830858,20.779893],[-102.830873,20.779882],[-102.830888,20.779872],[-102.830903,20.779861],[-102.830919,20.77985],[-102.830934,20.779839],[-102.830949,20.779829],[-102.830964,20.779818],[-102.830979,20.779807],[-102.830995,20.779796],[-102.83101,20.779786],[-102.831025,20.779775],[-102.83104,20.779764],[-102.856952,20.761454],[-102.856967,20.761443],[-102.856982,20.761433],[-102.856998,20.761422],[-102.857013,20.761411],[-102.857028,20.7614],[-102.857043,20.76139],[-102.857059,20.761379],[-102.857074,20.761368],[-102.857089,20.761357],[-102.857105,20.761346],[-102.85712,20.761336],[-102.857135,20.761325],[-102.85715,20.761314],[-102.857166,20.761303],[-102.857181,20.761292],[-102.857196,20.761282],[-102.857211,20.761271],[-102.857227,20.76126],[-102.857242,20.761249],[-102.857257,20.761239],[-102.857273,20.761228],[-102.857288,20.761217],[-102.857303,20.761206],[-102.857318,20.761196],[-102.857334,20.761185],[-102.857349,20.761174],[-102.857364,20.761163],[-102.85738,20.761153],[-102.857395,20.761142],[-102.85741,20.761131],[-102.857425,20.76112],[-102.857441,20.76111],[-102.857456,20.761099],[-102.857471,20.761088],[-102.857487,20.761077],[-102.857502,20.761067],[-102.857517,20.761056],[-102.857533,20.761045],[-102.857548,20.761035],[-102.857563,20.761024],[-102.857579,20.761013],[-102.857594,20.761002],[-102.857609,20.760992],[-102.857625,20.760981],[-102.85764,20.76097],[-102.857655,20.76096],[-102.857671,20.760949],[-102.857686,20.760938],[-102.857701,20.760928],[-102.857717,20.760917],[-102.857732,20.760906],[-102.857748,20.760896],[-102.857763,20.760885],[-102.857778,20.760875],[-102.857794,20.760864],[-102.857809,20.760853],[-102.857825,20.760843],[-102.85784,20.760832],[-102.857855,20.760821],[-102.857871,20.760811],[-102.857886,20.7608],[-102.857902,20.76079],[-102.857917,20.760779],[-102.857932,20.760769],[-102.857948,20.760758],[-102.857963,20.760747],[-102.857979,20.760737],[-102.857994,20.760726],[-102.85801,20.760716],[-102.858025,20.760705],[-102.858041,20.760695],[-102.858056,20.760684],[-102.858072,20.760674],[-102.858087,20.760663],[-102.858103,20.760653],[-102.858118,20.760642],[-102.858134,20.760632],[-102.858149,20.760621],[-102.858165,20.760611],[-102.85818,20.7606],[-102.858196,20.76059],[-102.858211,20.76058],[-102.858227,20.760569],[-102.858242,20.760559],[-102.858258,20.760548],[-102.858274,20.760538],[-102.858289,20.760528],[-102.858305,20.760517],[-102.85907,20.760026],[-102.859852,20.759557],[-102.860649,20.759113],[-102.861461,20.758693],[-102.862287,20.758298],[-102.862304,20.75829],[-102.862321,20.758282],[-102.862339,20.758274],[-102.862356,20.758267],[-102.862373,20.758259],[-102.86239,20.758251],[-102.862407,20.758243],[-102.862425,20.758235],[-102.862442,20.758228],[-102.862459,20.75822],[-102.862476,20.758212],[-102.862493,20.758204],[-102.862511,20.758196],[-102.862528,20.758189],[-102.862545,20.758181],[-102.862562,20.758173],[-102.86258,20.758166],[-102.862597,20.758158],[-102.862614,20.75815],[-102.862631,20.758142],[-102.862648,20.758135],[-102.862666,20.758127],[-102.862683,20.758119],[-102.8627,20.758112],[-102.862718,20.758104],[-102.862735,20.758096],[-102.862752,20.758089],[-102.862769,20.758081],[-102.862787,20.758074],[-102.862804,20.758066],[-102.862821,20.758058],[-102.862839,20.758051],[-102.862856,20.758043],[-102.862873,20.758035],[-102.86289,20.758028],[-102.862908,20.75802],[-102.862925,20.758013],[-102.862942,20.758005],[-102.86296,20.757998],[-102.862977,20.75799],[-102.862994,20.757983],[-102.863012,20.757975],[-102.863029,20.757967],[-102.863046,20.75796],[-102.863064,20.757952],[-102.863081,20.757945],[-102.863098,20.757937],[-102.863116,20.75793],[-102.863133,20.757922],[-102.86315,20.757915],[-102.863168,20.757907],[-102.863185,20.7579],[-102.863202,20.757892],[-102.86322,20.757885],[-102.863237,20.757877],[-102.863255,20.75787],[-102.863272,20.757862],[-102.863289,20.757855],[-102.863307,20.757848],[-102.863324,20.75784],[-102.863341,20.757833],[-102.863359,20.757825],[-102.863376,20.757818],[-102.863393,20.75781],[-102.863411,20.757803],[-102.863428,20.757795],[-102.863446,20.757788],[-102.863463,20.757781],[-102.86348,20.757773],[-102.863498,20.757766],[-102.863515,20.757758],[-102.863533,20.757751],[-102.86355,20.757743],[-102.863567,20.757736],[-102.863585,20.757729],[-102.863602,20.757721],[-102.863619,20.757714],[-102.863637,20.757706],[-102.863654,20.757699],[-102.863672,20.757691],[-102.863689,20.757684],[-102.863706,20.757677],[-102.863724,20.757669],[-102.863741,20.757662],[-102.863759,20.757654],[-102.863776,20.757647],[-102.863793,20.75764],[-102.863811,20.757632],[-102.910899,20.737563],[-102.910917,20.737556],[-102.910934,20.737549],[-102.910952,20.737541],[-102.910969,20.737534],[-102.910986,20.737526],[-102.911004,20.737519],[-102.911021,20.737511],[-102.911038,20.737504],[-102.911056,20.737497],[-102.911073,20.737489],[-102.911091,20.737482],[-102.911108,20.737474],[-102.911125,20.737467],[-102.911143,20.737459],[-102.91116,20.737452],[-102.911178,20.737445],[-102.911195,20.737437],[-102.911212,20.73743],[-102.91123,20.737422],[-102.911247,20.737415],[-102.911265,20.737407],[-102.911282,20.7374],[-102.911299,20.737393],[-102.911317,20.737385],[-102.911334,20.737378],[-102.911351,20.73737],[-102.911369,20.737363],[-102.911386,20.737355],[-102.911404,20.737348],[-102.911421,20.73734],[-102.911438,20.737333],[-102.911456,20.737326],[-102.911473,20.737318],[-102.91149,20.737311],[-102.911508,20.737303],[-102.911525,20.737296],[-102.911543,20.737288],[-102.91156,20.737281],[-102.911577,20.737273],[-102.911595,20.737266],[-102.911612,20.737258],[-102.911629,20.737251],[-102.911647,20.737243],[-102.911664,20.737236],[-102.911681,20.737228],[-102.911699,20.737221],[-102.911716,20.737213],[-102.911733,20.737206],[-102.911751,20.737198],[-102.911768,20.737191],[-102.911785,20.737183],[-102.911803,20.737176],[-102.91182,20.737168],[-102.911837,20.737161],[-102.911855,20.737153],[-102.911872,20.737145],[-102.911889,20.737138],[-102.911907,20.73713],[-102.911924,20.737123],[-102.911941,20.737115],[-102.911959,20.737108],[-102.911976,20.7371],[-102.911993,20.737092],[-102.912011,20.737085],[-102.912028,20.737077],[-102.912045,20.73707],[-102.912063,20.737062],[-102.91208,20.737054],[-102.912097,20.737047],[-102.912114,20.737039],[-102.912132,20.737032],[-102.912149,20.737024],[-102.912166,20.737016],[-102.912184,20.737009],[-102.912201,20.737001],[-102.912218,20.736993],[-102.912235,20.736986],[-102.912253,20.736978],[-102.91227,20.73697],[-102.912287,20.736963],[-102.912304,20.736955],[-102.912322,20.736947],[-102.912339,20.736939],[-102.912356,20.736932],[-102.912373,20.736924],[-102.912391,20.736916],[-102.912408,20.736909],[-102.912425,20.736901],[-102.912442,20.736893],[-102.91246,20.736885],[-102.912477,20.736878],[-102.912494,20.73687],[-102.912511,20.736862],[-102.913705,20.736297],[-102.914877,20.735693],[-102.916026,20.735052],[-102.917151,20.734373],[-102.918249,20.733657],[-102.918265,20.733647],[-102.91828,20.733636],[-102.918296,20.733626],[-102.918311,20.733615],[-102.918327,20.733605],[-102.918342,20.733594],[-102.918358,20.733584],[-102.918373,20.733573],[-102.918389,20.733563],[-102.918404,20.733552],[-102.91842,20.733542],[-102.918435,20.733531],[-102.918451,20.733521],[-102.918466,20.73351],[-102.918482,20.733499],[-102.918497,20.733489],[-102.918512,20.733478],[-102.918528,20.733468],[-102.918543,20.733457],[-102.918559,20.733446],[-102.918574,20.733436],[-102.918589,20.733425],[-102.918605,20.733415],[-102.91862,20.733404],[-102.918636,20.733393],[-102.918651,20.733383],[-102.918666,20.733372],[-102.918682,20.733361],[-102.918697,20.733351],[-102.918713,20.73334],[-102.918728,20.733329],[-102.918743,20.733319],[-102.918759,20.733308],[-102.918774,20.733297],[-102.918789,20.733287],[-102.918805,20.733276],[-102.91882,20.733265],[-102.918835,20.733255],[-102.918851,20.733244],[-102.918866,20.733233],[-102.918881,20.733223],[-102.918897,20.733212],[-102.918912,20.733201],[-102.918927,20.73319],[-102.918943,20.73318],[-102.918958,20.733169],[-102.918973,20.733158],[-102.918989,20.733148],[-102.919004,20.733137],[-102.919019,20.733126],[-102.919035,20.733115],[-102.91905,20.733105],[-102.919065,20.733094],[-102.91908,20.733083],[-102.919096,20.733072],[-102.919111,20.733062],[-102.919126,20.733051],[-102.919142,20.73304],[-102.919157,20.733029],[-102.919172,20.733019],[-102.919188,20.733008],[-102.919203,20.732997],[-102.919218,20.732986],[-102.919233,20.732975],[-102.919249,20.732965],[-102.919264,20.732954],[-102.919279,20.732943],[-102.919294,20.732932],[-102.91931,20.732921],[-102.919325,20.732911],[-102.91934,20.7329],[-102.919355,20.732889],[-102.919371,20.732878],[-102.919386,20.732868],[-102.919401,20.732857],[-102.919417,20.732846],[-102.919432,20.732835],[-102.919447,20.732824],[-102.919462,20.732813],[-102.919478,20.732803],[-102.919493,20.732792],[-102.919508,20.732781],[-102.919523,20.73277],[-102.919539,20.732759],[-102.919554,20.732749],[-102.919569,20.732738],[-102.919584,20.732727],[-102.9196,20.732716],[-102.919615,20.732705],[-102.91963,20.732695],[-102.919645,20.732684],[-102.919661,20.732673],[-102.919676,20.732662],[-102.933211,20.723064],[-102.933226,20.723053],[-102.933241,20.723042],[-102.933256,20.723031],[-102.933272,20.723021],[-102.933287,20.72301],[-102.933302,20.722999],[-102.933317,20.722988],[-102.933332,20.722977],[-102.933348,20.722967],[-102.933363,20.722956],[-102.933378,20.722945],[-102.933393,20.722934],[-102.933408,20.722924],[-102.933424,20.722913],[-102.933439,20.722902],[-102.933454,20.722891],[-102.933469,20.72288],[-102.933484,20.72287],[-102.9335,20.722859],[-102.933515,20.722848],[-102.93353,20.722837],[-102.933545,20.722827],[-102.933561,20.722816],[-102.933576,20.722805],[-102.933591,20.722794],[-102.933606,20.722784],[-102.933621,20.722773],[-102.933637,20.722762],[-102.933652,20.722751],[-102.933667,20.722741],[-102.933682,20.72273],[-102.933698,20.722719],[-102.933713,20.722708],[-102.933728,20.722698],[-102.933743,20.722687],[-102.933759,20.722676],[-102.933774,20.722665],[-102.933789,20.722655],[-102.933804,20.722644],[-102.93382,20.722633],[-102.933835,20.722623],[-102.93385,20.722612],[-102.933865,20.722601],[-102.933881,20.72259],[-102.933896,20.72258],[-102.933911,20.722569],[-102.933926,20.722558],[-102.933942,20.722548],[-102.933957,20.722537],[-102.933972,20.722526],[-102.933988,20.722516],[-102.934003,20.722505],[-102.934018,20.722494],[-102.934033,20.722484],[-102.934049,20.722473],[-102.934064,20.722462],[-102.934079,20.722452],[-102.934095,20.722441],[-102.93411,20.72243],[-102.934125,20.72242],[-102.934141,20.722409],[-102.934156,20.722398],[-102.934171,20.722388],[-102.934186,20.722377],[-102.934202,20.722366],[-102.934217,20.722356],[-102.934233,20.722345],[-102.934248,20.722335],[-102.934263,20.722324],[-102.934279,20.722313],[-102.934294,20.722303],[-102.934309,20.722292],[-102.934325,20.722282],[-102.93434,20.722271],[-102.934355,20.722261],[-102.934371,20.72225],[-102.934386,20.722239],[-102.934402,20.722229],[-102.934417,20.722218],[-102.934432,20.722208],[-102.934448,20.722197],[-102.934463,20.722187],[-102.934479,20.722176],[-102.934494,20.722166],[-102.934509,20.722155],[-102.934525,20.722145],[-102.93454,20.722134],[-102.934556,20.722124],[-102.934571,20.722113],[-102.934587,20.722103],[-102.934602,20.722092],[-102.934618,20.722082],[-102.934633,20.722071],[-102.934648,20.722061],[-102.934664,20.722051],[-102.934679,20.72204],[-102.934695,20.72203],[-102.93471,20.722019],[-102.934726,20.722009],[-102.934741,20.721999],[-102.934757,20.721988],[-102.934772,20.721978],[-102.934788,20.721967],[-102.934803,20.721957],[-102.934819,20.721947],[-102.934835,20.721936],[-102.93485,20.721926],[-102.934866,20.721916],[-102.934881,20.721905],[-102.934897,20.721895],[-102.934912,20.721885],[-102.934928,20.721875],[-102.934944,20.721864],[-102.934959,20.721854],[-102.934975,20.721844],[-102.93499,20.721833],[-102.935006,20.721823],[-102.935022,20.721813],[-102.935037,20.721803],[-102.935053,20.721793],[-102.935069,20.721782],[-102.935913,20.721252],[-102.936777,20.72075],[-102.936793,20.720741],[-102.93681,20.720732],[-102.936826,20.720723],[-102.936843,20.720714],[-102.936859,20.720705],[-102.936875,20.720696],[-102.936892,20.720687],[-102.936908,20.720678],[-102.936925,20.720669],[-102.936941,20.720659],[-102.936958,20.72065],[-102.936974,20.720641],[-102.93699,20.720632],[-102.937007,20.720623],[-102.937023,20.720614],[-102.93704,20.720605],[-102.937056,20.720596],[-102.937073,20.720587],[-102.937089,20.720578],[-102.937106,20.720569],[-102.937122,20.720561],[-102.937139,20.720552],[-102.937155,20.720543],[-102.937172,20.720534],[-102.937188,20.720525],[-102.937205,20.720516],[-102.937221,20.720507],[-102.937238,20.720498],[-102.937254,20.720489],[-102.937271,20.72048],[-102.937287,20.720472],[-102.937304,20.720463],[-102.937321,20.720454],[-102.937337,20.720445],[-102.937354,20.720436],[-102.93737,20.720427],[-102.937387,20.720418],[-102.937403,20.72041],[-102.93742,20.720401],[-102.937436,20.720392],[-102.937453,20.720383],[-102.93747,20.720374],[-102.937486,20.720366],[-102.937503,20.720357],[-102.937519,20.720348],[-102.937536,20.720339],[-102.937553,20.720331],[-102.937569,20.720322],[-102.937586,20.720313],[-102.937603,20.720304],[-102.937619,20.720296],[-102.937636,20.720287],[-102.937652,20.720278],[-102.937669,20.72027],[-102.937686,20.720261],[-102.937702,20.720252],[-102.937719,20.720243],[-102.937736,20.720235],[-102.937752,20.720226],[-102.937769,20.720217],[-102.937786,20.720209],[-102.937802,20.7202],[-102.937819,20.720191],[-102.937836,20.720183],[-102.937852,20.720174],[-102.937869,20.720165],[-102.937886,20.720157],[-102.937902,20.720148],[-102.937919,20.720139],[-102.937936,20.720131],[-102.937952,20.720122],[-102.937969,20.720114],[-102.937986,20.720105],[-102.938002,20.720096],[-102.938019,20.720088],[-102.938036,20.720079],[-102.938052,20.720071],[-102.938069,20.720062],[-102.938086,20.720053],[-102.938103,20.720045],[-102.938119,20.720036],[-102.938136,20.720028],[-102.938153,20.720019],[-102.938169,20.72001],[-102.938186,20.720002],[-102.938203,20.719993],[-102.93822,20.719985],[-102.938236,20.719976],[-102.938253,20.719968],[-102.93827,20.719959],[-102.938286,20.71995],[-102.938303,20.719942],[-102.93832,20.719933],[-102.938337,20.719925],[-102.938353,20.719916],[-102.93837,20.719908],[-102.938387,20.719899],[-102.938404,20.719891],[-102.93842,20.719882],[-102.938437,20.719874],[-102.938454,20.719865],[-102.938471,20.719857],[-102.938487,20.719848],[-102.938504,20.719839],[-102.938521,20.719831],[-102.938538,20.719822],[-102.938554,20.719814],[-102.938571,20.719805],[-102.938588,20.719797],[-102.938605,20.719788],[-102.938621,20.71978],[-102.938638,20.719771],[-102.938655,20.719763],[-102.938672,20.719754],[-102.938688,20.719746],[-102.938705,20.719737],[-102.938722,20.719729],[-102.938738,20.71972],[-102.938755,20.719712],[-102.938772,20.719703],[-102.938789,20.719695],[-102.943962,20.717064],[-102.943978,20.717056],[-102.943994,20.717048],[-102.94401,20.71704],[-102.944025,20.717032],[-102.944041,20.717024],[-102.944057,20.717016],[-102.944073,20.717008],[-102.944089,20.717],[-102.944105,20.716992],[-102.94412,20.716983],[-102.944136,20.716975],[-102.944152,20.716967],[-102.944168,20.716959],[-102.944184,20.716951],[-102.9442,20.716943],[-102.944215,20.716935],[-102.945592,20.716243],[-102.945608,20.716235],[-102.945624,20.716227],[-102.94564,20.716219],[-102.945656,20.716212],[-102.945671,20.716204],[-102.945687,20.716196],[-102.945703,20.716188],[-102.945719,20.71618],[-102.945735,20.716172],[-102.945751,20.716164],[-102.945767,20.716156],[-102.945783,20.716148],[-102.945799,20.71614],[-102.945815,20.716132],[-102.945831,20.716125],[-102.945847,20.716117],[-102.961202,20.708485],[-102.961219,20.708477],[-102.961235,20.708469],[-102.961252,20.708461],[-102.961269,20.708452],[-102.961285,20.708444],[-102.961302,20.708436],[-102.961318,20.708427],[-102.961335,20.708419],[-102.961352,20.708411],[-102.961368,20.708403],[-102.961385,20.708394],[-102.961401,20.708386],[-102.961418,20.708378],[-102.961435,20.70837],[-102.961451,20.708361],[-102.961468,20.708353],[-102.961484,20.708345],[-102.961501,20.708337],[-102.961518,20.708328],[-102.961534,20.70832],[-102.961551,20.708312],[-102.961567,20.708303],[-102.961584,20.708295],[-102.961601,20.708287],[-102.961617,20.708278],[-102.961634,20.70827],[-102.96165,20.708262],[-102.961667,20.708254],[-102.961683,20.708245],[-102.9617,20.708237],[-102.961716,20.708229],[-102.961733,20.70822],[-102.96175,20.708212],[-102.961766,20.708204],[-102.961783,20.708195],[-102.961799,20.708187],[-102.961816,20.708178],[-102.961832,20.70817],[-102.961849,20.708162],[-102.961865,20.708153],[-102.961882,20.708145],[-102.961898,20.708137],[-102.961915,20.708128],[-102.961931,20.70812],[-102.961948,20.708111],[-102.961964,20.708103],[-102.963093,20.707503],[-102.964199,20.706868],[-102.965282,20.706198],[-102.96634,20.705494],[-102.967372,20.704757],[-102.968377,20.703988],[-102.969354,20.703187],[-102.970302,20.702355],[-102.971219,20.701494],[-102.972105,20.700604],[-102.972118,20.700591],[-102.972131,20.700578],[-102.972143,20.700565],[-102.972156,20.700552],[-102.972168,20.700539],[-102.972181,20.700526],[-102.972193,20.700512],[-102.972206,20.700499],[-102.972219,20.700486],[-102.972231,20.700473],[-102.972244,20.70046],[-102.972256,20.700447],[-102.972269,20.700434],[-102.972281,20.70042],[-102.972294,20.700407],[-102.972306,20.700394],[-102.972319,20.700381],[-102.972331,20.700368],[-102.972344,20.700354],[-102.972356,20.700341],[-102.972369,20.700328],[-102.972381,20.700315],[-102.972394,20.700302],[-102.972406,20.700289],[-102.972419,20.700275],[-102.972431,20.700262],[-102.972444,20.700249],[-102.972456,20.700236],[-102.972469,20.700222],[-102.972481,20.700209],[-102.972494,20.700196],[-102.972506,20.700183],[-102.972519,20.70017],[-102.972531,20.700156],[-102.972543,20.700143],[-102.972556,20.70013],[-102.972568,20.700117],[-102.972581,20.700104],[-102.972593,20.70009],[-102.972606,20.700077],[-102.972618,20.700064],[-102.972631,20.700051],[-102.972643,20.700037],[-102.972656,20.700024],[-102.972668,20.700011],[-102.97268,20.699998],[-102.981858,20.690243],[-102.98187,20.69023],[-102.981883,20.690216],[-102.981895,20.690203],[-102.981908,20.69019],[-102.981921,20.690176],[-102.981933,20.690163],[-102.981946,20.69015],[-102.981958,20.690136],[-102.981971,20.690123],[-102.981984,20.690109],[-102.981996,20.690096],[-102.982009,20.690083],[-102.982021,20.690069],[-102.982034,20.690056],[-102.982047,20.690043],[-102.982059,20.690029],[-102.982072,20.690016],[-102.982084,20.690003],[-102.982097,20.689989],[-102.98211,20.689976],[-102.982122,20.689963],[-102.982135,20.689949],[-102.982147,20.689936],[-102.98216,20.689923],[-102.982173,20.689909],[-102.982185,20.689896],[-102.982198,20.689883],[-102.982211,20.689869],[-102.982223,20.689856],[-102.982236,20.689843],[-102.982249,20.68983],[-102.982261,20.689816],[-102.982274,20.689803],[-102.982287,20.68979],[-102.982299,20.689777],[-102.982312,20.689763],[-102.982325,20.68975],[-102.982338,20.689737],[-102.98235,20.689724],[-102.982363,20.68971],[-102.982376,20.689697],[-102.982389,20.689684],[-102.982401,20.689671],[-102.983088,20.688985],[-102.9838,20.688323],[-102.984536,20.687684],[-102.985295,20.68707],[-102.986076,20.686481],[-102.986879,20.685917],[-102.987702,20.685381],[-102.988544,20.684871],[-102.989404,20.68439],[-102.990282,20.683937],[-102.990299,20.683928],[-102.990316,20.68392],[-102.990332,20.683912],[-102.990349,20.683904],[-102.990366,20.683895],[-102.990383,20.683887],[-102.9904,20.683879],[-102.990417,20.68387],[-102.990433,20.683862],[-102.99045,20.683854],[-102.990467,20.683846],[-102.990484,20.683838],[-102.990501,20.683829],[-102.990518,20.683821],[-102.990534,20.683813],[-102.990551,20.683805],[-102.990568,20.683797],[-102.990585,20.683789],[-102.990602,20.68378],[-102.990619,20.683772],[-102.990636,20.683764],[-102.990653,20.683756],[-102.990669,20.683748],[-102.990686,20.68374],[-102.990703,20.683731],[-102.99072,20.683723],[-102.990737,20.683715],[-102.990754,20.683707],[-102.990771,20.683699],[-102.990788,20.683691],[-102.990805,20.683683],[-102.990822,20.683675],[-102.990838,20.683667],[-102.990855,20.683658],[-102.990872,20.68365],[-102.990889,20.683642],[-102.990906,20.683634],[-102.990923,20.683626],[-102.99094,20.683618],[-102.990957,20.68361],[-102.990974,20.683602],[-102.990991,20.683594],[-102.991008,20.683586],[-103.001383,20.678623],[-103.0014,20.678615],[-103.001417,20.678607],[-103.001433,20.678599],[-103.00145,20.678591],[-103.001467,20.678583],[-103.001484,20.678575],[-103.001501,20.678567],[-103.001518,20.678559],[-103.001534,20.678551],[-103.001551,20.678543],[-103.001568,20.678535],[-103.001585,20.678527],[-103.001602,20.678519],[-103.001619,20.67851],[-103.001635,20.678502],[-103.001652,20.678494],[-103.001669,20.678486],[-103.001686,20.678478],[-103.001703,20.67847],[-103.00172,20.678462],[-103.001736,20.678454],[-103.001753,20.678445],[-103.00177,20.678437],[-103.001787,20.678429],[-103.001804,20.678421],[-103.00182,20.678413],[-103.001837,20.678405],[-103.001854,20.678396],[-103.001871,20.678388],[-103.001887,20.67838],[-103.001904,20.678372],[-103.001921,20.678363],[-103.001938,20.678355],[-103.001954,20.678347],[-103.001971,20.678339],[-103.001988,20.67833],[-103.002004,20.678322],[-103.002021,20.678314],[-103.002038,20.678305],[-103.002055,20.678297],[-103.002071,20.678288],[-103.002088,20.67828],[-103.002105,20.678272],[-103.002121,20.678263],[-103.002138,20.678255],[-103.002154,20.678246],[-103.002171,20.678238],[-103.002188,20.678229],[-103.002204,20.678221],[-103.002221,20.678212],[-103.002237,20.678204],[-103.002254,20.678195],[-103.002271,20.678187],[-103.002287,20.678178],[-103.002304,20.678169],[-103.00232,20.678161],[-103.002337,20.678152],[-103.002353,20.678143],[-103.00237,20.678135],[-103.002386,20.678126],[-103.002402,20.678117],[-103.002419,20.678108],[-103.002435,20.678099],[-103.002452,20.678091],[-103.002468,20.678082],[-103.002484,20.678073],[-103.002822,20.677881],[-103.003153,20.677679],[-103.003477,20.677467],[-103.003792,20.677244],[-103.004099,20.677011],[-103.004397,20.676768],[-103.004687,20.676516],[-103.004967,20.676254],[-103.005237,20.675984],[-103.005497,20.675705],[-103.005747,20.675418],[-103.005987,20.675123],[-103.006216,20.674821],[-103.006433,20.674511],[-103.006639,20.674195],[-103.006833,20.673872],[-103.006842,20.673856],[-103.006851,20.67384],[-103.00686,20.673825],[-103.006869,20.673809],[-103.006878,20.673793],[-103.006887,20.673778],[-103.006896,20.673762],[-103.006905,20.673746],[-103.006914,20.673731],[-103.006923,20.673715],[-103.006931,20.673699],[-103.00694,20.673683],[-103.006949,20.673667],[-103.006957,20.673652],[-103.006966,20.673636],[-103.006975,20.67362],[-103.006983,20.673604],[-103.006992,20.673588],[-103.007001,20.673573],[-103.007009,20.673557],[-103.007018,20.673541],[-103.007026,20.673525],[-103.007035,20.673509],[-103.007043,20.673493],[-103.007052,20.673477],[-103.00706,20.673461],[-103.007069,20.673446],[-103.007077,20.67343],[-103.007086,20.673414],[-103.007094,20.673398],[-103.007102,20.673382],[-103.007111,20.673366],[-103.007119,20.67335],[-103.007127,20.673334],[-103.007136,20.673318],[-103.007144,20.673302],[-103.007152,20.673286],[-103.007161,20.67327],[-103.007169,20.673254],[-103.007177,20.673238],[-103.007186,20.673222],[-103.007194,20.673206],[-103.007202,20.67319],[-103.00721,20.673174],[-103.007218,20.673158],[-103.007227,20.673142],[-103.007235,20.673126],[-103.007243,20.67311],[-103.007251,20.673094],[-103.007259,20.673078],[-103.007268,20.673062],[-103.007276,20.673046],[-103.007284,20.67303],[-103.007292,20.673014],[-103.0073,20.672998],[-103.007308,20.672982],[-103.007317,20.672966],[-103.007325,20.672949],[-103.007333,20.672933],[-103.007341,20.672917],[-103.007349,20.672901],[-103.007357,20.672885],[-103.007365,20.672869],[-103.007373,20.672853],[-103.007382,20.672837],[-103.00739,20.672821],[-103.010484,20.666702],[-103.010492,20.666686],[-103.0105,20.666669],[-103.010508,20.666653],[-103.010516,20.666637],[-103.010524,20.666621],[-103.010532,20.666605],[-103.010541,20.666589],[-103.010549,20.666573],[-103.010557,20.666557],[-103.010565,20.666541],[-103.010573,20.666525],[-103.010581,20.666509],[-103.010589,20.666493],[-103.010598,20.666477],[-103.010606,20.666461],[-103.010614,20.666445],[-103.010622,20.666429],[-103.01063,20.666413],[-103.010638,20.666397],[-103.010647,20.666381],[-103.010655,20.666365],[-103.010663,20.666349],[-103.010671,20.666333],[-103.01068,20.666316],[-103.010688,20.6663],[-103.010696,20.666284],[-103.010704,20.666268],[-103.010713,20.666253],[-103.010721,20.666237],[-103.010729,20.666221],[-103.010738,20.666205],[-103.010746,20.666189],[-103.010754,20.666173],[-103.010763,20.666157],[-103.010771,20.666141],[-103.010779,20.666125],[-103.010788,20.666109],[-103.010796,20.666093],[-103.010805,20.666077],[-103.010813,20.666061],[-103.010822,20.666045],[-103.01083,20.666029],[-103.010839,20.666013],[-103.010847,20.665998],[-103.010856,20.665982],[-103.010864,20.665966],[-103.010873,20.66595],[-103.010881,20.665934],[-103.01089,20.665918],[-103.010899,20.665902],[-103.010907,20.665887],[-103.010916,20.665871],[-103.010925,20.665855],[-103.010933,20.665839],[-103.010942,20.665824],[-103.010951,20.665808],[-103.01096,20.665792],[-103.010968,20.665776],[-103.010977,20.665761],[-103.010986,20.665745],[-103.010995,20.665729],[-103.011004,20.665713],[-103.011013,20.665698],[-103.011022,20.665682],[-103.011031,20.665666],[-103.01104,20.665651],[-103.011238,20.665321],[-103.011449,20.664999],[-103.011671,20.664683],[-103.011905,20.664375],[-103.012151,20.664075],[-103.012407,20.663783],[-103.012674,20.663499],[-103.012951,20.663225],[-103.013239,20.66296],[-103.013536,20.662704],[-103.013842,20.662458],[-103.014158,20.662223],[-103.014481,20.661998],[-103.014813,20.661784],[-103.015153,20.661581],[-103.0155,20.661389],[-103.015854,20.661209],[-103.016215,20.661041],[-103.016232,20.661033],[-103.016249,20.661025],[-103.016266,20.661018],[-103.016283,20.66101],[-103.0163,20.661003],[-103.016317,20.660995],[-103.016334,20.660988],[-103.016352,20.66098],[-103.016369,20.660973],[-103.016386,20.660966],[-103.016403,20.660958],[-103.01642,20.660951],[-103.016437,20.660944],[-103.016455,20.660936],[-103.016472,20.660929],[-103.016489,20.660922],[-103.016506,20.660914],[-103.016524,20.660907],[-103.016541,20.6609],[-103.016558,20.660893],[-103.016576,20.660886],[-103.016593,20.660879],[-103.01661,20.660871],[-103.016628,20.660864],[-103.016645,20.660857],[-103.016662,20.66085],[-103.01668,20.660843],[-103.016697,20.660836],[-103.016714,20.660829],[-103.016732,20.660822],[-103.016749,20.660815],[-103.016766,20.660808],[-103.016784,20.660801],[-103.016801,20.660794],[-103.016819,20.660787],[-103.016836,20.66078],[-103.016853,20.660773],[-103.016871,20.660766],[-103.016888,20.660759],[-103.016906,20.660752],[-103.016923,20.660746],[-103.01694,20.660739],[-103.016958,20.660732],[-103.016975,20.660725],[-103.016993,20.660718],[-103.01701,20.660711],[-103.017028,20.660704],[-103.017045,20.660698],[-103.017063,20.660691],[-103.01708,20.660684],[-103.017098,20.660677],[-103.017115,20.66067],[-103.017132,20.660664],[-103.01715,20.660657],[-103.017167,20.66065],[-103.017185,20.660643],[-103.017202,20.660636],[-103.01722,20.66063],[-103.017237,20.660623],[-103.017255,20.660616],[-103.017272,20.660609],[-103.01729,20.660603],[-103.017307,20.660596],[-103.017325,20.660589],[-103.017342,20.660582],[-103.01736,20.660576],[-103.019442,20.659772],[-103.019459,20.659765],[-103.019476,20.659758],[-103.019494,20.659752],[-103.019511,20.659745],[-103.019528,20.659739],[-103.019545,20.659732],[-103.019562,20.659726],[-103.019579,20.659719],[-103.019596,20.659712],[-103.019613,20.659706],[-103.01963,20.659699],[-103.019647,20.659693],[-103.019664,20.659686],[-103.019681,20.659679],[-103.019698,20.659673],[-103.019716,20.659666],[-103.019733,20.65966],[-103.01975,20.659653],[-103.019767,20.659647],[-103.019784,20.65964],[-103.019801,20.659634],[-103.019818,20.659627],[-103.019835,20.659621],[-103.019852,20.659614],[-103.019869,20.659607],[-103.019886,20.659601],[-103.021417,20.659047],[-103.022966,20.658542],[-103.024533,20.658088],[-103.026116,20.657684],[-103.027712,20.657332],[-103.029321,20.657031],[-103.030939,20.656781],[-103.032565,20.656584],[-103.034197,20.65644],[-103.035834,20.656348],[-103.035853,20.656347],[-103.035871,20.656346],[-103.035889,20.656346],[-103.035908,20.656345],[-103.035926,20.656344],[-103.035945,20.656343],[-103.035963,20.656343],[-103.035982,20.656342],[-103.036,20.656341],[-103.036019,20.656341],[-103.036037,20.65634],[-103.036055,20.656339],[-103.036074,20.656339],[-103.036092,20.656338],[-103.036111,20.656337],[-103.036129,20.656337],[-103.036148,20.656336],[-103.036166,20.656335],[-103.036184,20.656335],[-103.036203,20.656334],[-103.036221,20.656333],[-103.03624,20.656333],[-103.036258,20.656332],[-103.036277,20.656331],[-103.036295,20.656331],[-103.036314,20.65633],[-103.038083,20.656267],[-103.038102,20.656267],[-103.038121,20.656266],[-103.03814,20.656265],[-103.038159,20.656265],[-103.038178,20.656264],[-103.038197,20.656263],[-103.038216,20.656263],[-103.038235,20.656262],[-103.038254,20.656261],[-103.038273,20.656261],[-103.038292,20.65626],[-103.03831,20.656259],[-103.038329,20.656259],[-103.038348,20.656258],[-103.038367,20.656257],[-103.038386,20.656257],[-103.038405,20.656256],[-103.038424,20.656255],[-103.038443,20.656254],[-103.038462,20.656254],[-103.038481,20.656253],[-103.0385,20.656252],[-103.038519,20.656251],[-103.038538,20.656251],[-103.038557,20.65625],[-103.038576,20.656249],[-103.038595,20.656248],[-103.038614,20.656248],[-103.038633,20.656247],[-103.038652,20.656246],[-103.038671,20.656245],[-103.038689,20.656244],[-103.038708,20.656244],[-103.038727,20.656243],[-103.038746,20.656242],[-103.038765,20.656241],[-103.038784,20.65624],[-103.038803,20.656239],[-103.038822,20.656239],[-103.038841,20.656238],[-103.03886,20.656237],[-103.038879,20.656236],[-103.038898,20.656235],[-103.038917,20.656234],[-103.038936,20.656233],[-103.038955,20.656232],[-103.038974,20.656231],[-103.038993,20.65623],[-103.039012,20.656229],[-103.03903,20.656228],[-103.039049,20.656227],[-103.039068,20.656226],[-103.039087,20.656225],[-103.039106,20.656224],[-103.039125,20.656223],[-103.039144,20.656222],[-103.039163,20.656221],[-103.039182,20.65622],[-103.039201,20.656218],[-103.03922,20.656217],[-103.039239,20.656216],[-103.039258,20.656215],[-103.039277,20.656214],[-103.039295,20.656213],[-103.039314,20.656211],[-103.039333,20.65621],[-103.039352,20.656209],[-103.039371,20.656207],[-103.03939,20.656206],[-103.039409,20.656205],[-103.039428,20.656203],[-103.039447,20.656202],[-103.039466,20.656201],[-103.039485,20.656199],[-103.039504,20.656198],[-103.039522,20.656196],[-103.039541,20.656195],[-103.03956,20.656193],[-103.039579,20.656192],[-103.039598,20.65619],[-103.039617,20.656189],[-103.039636,20.656187],[-103.039655,20.656186],[-103.039674,20.656184],[-103.039693,20.656182],[-103.039711,20.656181],[-103.040192,20.65613],[-103.040671,20.656065],[-103.041147,20.655984],[-103.041621,20.655888],[-103.04209,20.655777],[-103.042555,20.655652],[-103.043016,20.655511],[-103.043471,20.655357],[-103.04392,20.655188],[-103.044363,20.655005],[-103.0448,20.654808],[-103.045229,20.654597],[-103.04565,20.654373],[-103.046063,20.654135],[-103.046467,20.653885],[-103.046862,20.653622],[-103.047248,20.653347],[-103.047623,20.653059],[-103.047988,20.65276],[-103.048002,20.652748],[-103.048016,20.652736],[-103.04803,20.652724],[-103.048044,20.652712],[-103.048059,20.6527],[-103.048073,20.652688],[-103.048087,20.652676],[-103.0481,20.652664],[-103.048114,20.652652],[-103.048128,20.65264],[-103.048142,20.652628],[-103.048156,20.652615],[-103.04817,20.652603],[-103.048184,20.652591],[-103.048198,20.652579],[-103.048212,20.652567],[-103.048226,20.652555],[-103.048239,20.652542],[-103.048253,20.65253],[-103.048267,20.652518],[-103.048281,20.652506],[-103.048295,20.652493],[-103.048308,20.652481],[-103.048322,20.652469],[-103.048336,20.652456],[-103.04835,20.652444],[-103.048363,20.652432],[-103.048377,20.652419],[-103.048391,20.652407],[-103.048404,20.652395],[-103.048418,20.652382],[-103.048432,20.65237],[-103.048445,20.652358],[-103.048459,20.652345],[-103.048473,20.652333],[-103.048486,20.65232],[-103.0485,20.652308],[-103.048513,20.652295],[-103.048527,20.652283],[-103.04854,20.65227],[-103.048554,20.652258],[-103.048568,20.652245],[-103.048581,20.652233],[-103.048595,20.65222],[-103.048608,20.652208],[-103.048622,20.652195],[-103.048635,20.652183],[-103.048649,20.65217],[-103.048662,20.652158],[-103.048676,20.652145],[-103.048689,20.652133],[-103.048703,20.65212],[-103.048716,20.652108],[-103.04873,20.652095],[-103.048743,20.652082],[-103.048757,20.65207],[-103.04877,20.652057],[-103.048783,20.652045],[-103.048797,20.652032],[-103.04881,20.652019],[-103.048824,20.652007],[-103.048837,20.651994],[-103.04885,20.651982],[-103.048864,20.651969],[-103.048877,20.651956],[-103.048891,20.651944],[-103.048904,20.651931],[-103.048917,20.651918],[-103.048931,20.651906],[-103.048944,20.651893],[-103.048958,20.65188],[-103.048971,20.651868],[-103.048984,20.651855],[-103.048998,20.651842],[-103.049011,20.65183],[-103.049024,20.651817],[-103.049038,20.651804],[-103.049051,20.651792],[-103.049065,20.651779],[-103.049078,20.651766],[-103.049091,20.651754],[-103.049105,20.651741],[-103.049118,20.651728],[-103.049131,20.651716],[-103.049145,20.651703],[-103.049158,20.65169],[-103.049851,20.651032],[-103.049865,20.651019],[-103.049878,20.651006],[-103.049891,20.650994],[-103.049905,20.650981],[-103.049918,20.650968],[-103.049932,20.650956],[-103.049945,20.650943],[-103.049958,20.65093],[-103.049972,20.650918],[-103.049985,20.650905],[-103.049998,20.650892],[-103.050012,20.65088],[-103.050025,20.650867],[-103.050038,20.650854],[-103.050052,20.650842],[-103.050065,20.650829],[-103.050079,20.650816],[-103.050092,20.650804],[-103.050105,20.650791],[-103.050119,20.650778],[-103.050132,20.650766],[-103.050146,20.650753],[-103.050159,20.65074],[-103.050172,20.650728],[-103.050186,20.650715],[-103.050199,20.650703],[-103.050213,20.65069],[-103.050226,20.650677],[-103.050239,20.650665],[-103.050253,20.650652],[-103.050266,20.65064],[-103.05028,20.650627],[-103.050293,20.650614],[-103.050307,20.650602],[-103.05032,20.650589],[-103.050334,20.650577],[-103.050347,20.650564],[-103.050361,20.650552],[-103.050374,20.650539],[-103.050388,20.650527],[-103.050401,20.650514],[-103.050415,20.650501],[-103.050428,20.650489],[-103.050442,20.650476],[-103.050455,20.650464],[-103.050469,20.650452],[-103.050483,20.650439],[-103.050496,20.650427],[-103.05051,20.650414],[-103.050523,20.650402],[-103.050537,20.650389],[-103.050551,20.650377],[-103.050564,20.650364],[-103.050578,20.650352],[-103.050591,20.65034],[-103.050605,20.650327],[-103.050619,20.650315],[-103.050632,20.650303],[-103.050646,20.65029],[-103.05066,20.650278],[-103.050674,20.650266],[-103.050687,20.650253],[-103.050701,20.650241],[-103.050715,20.650229],[-103.050729,20.650216],[-103.050742,20.650204],[-103.050756,20.650192],[-103.05077,20.65018],[-103.050784,20.650167],[-103.050798,20.650155],[-103.050812,20.650143],[-103.050825,20.650131],[-103.050839,20.650119],[-103.050853,20.650106],[-103.050867,20.650094],[-103.050881,20.650082],[-103.050895,20.65007],[-103.050909,20.650058],[-103.050923,20.650046],[-103.050937,20.650034],[-103.050951,20.650022],[-103.050965,20.65001],[-103.050979,20.649998],[-103.050993,20.649986],[-103.051007,20.649974],[-103.051021,20.649962],[-103.051383,20.649665],[-103.051755,20.64938],[-103.052138,20.649107],[-103.052529,20.648845],[-103.05293,20.648596],[-103.052946,20.648587],[-103.052962,20.648577],[-103.052978,20.648568],[-103.052994,20.648558],[-103.05301,20.648549],[-103.053026,20.648539],[-103.053042,20.64853],[-103.053058,20.64852],[-103.053075,20.648511],[-103.053091,20.648502],[-103.053107,20.648492],[-103.053123,20.648483],[-103.053139,20.648473],[-103.053155,20.648464],[-103.053171,20.648455],[-103.053188,20.648446],[-103.053204,20.648436],[-103.05322,20.648427],[-103.053236,20.648418],[-103.053253,20.648409],[-103.053269,20.648399],[-103.053285,20.64839],[-103.053301,20.648381],[-103.053318,20.648372],[-103.053334,20.648363],[-103.05335,20.648353],[-103.053366,20.648344],[-103.053383,20.648335],[-103.053399,20.648326],[-103.053415,20.648317],[-103.053432,20.648308],[-103.053448,20.648299],[-103.053464,20.64829],[-103.053481,20.648281],[-103.053497,20.648272],[-103.053513,20.648263],[-103.05353,20.648254],[-103.053546,20.648245],[-103.053563,20.648236],[-103.053579,20.648227],[-103.053595,20.648218],[-103.053612,20.648209],[-103.053628,20.6482],[-103.053645,20.648191],[-103.053661,20.648182],[-103.053678,20.648173],[-103.053694,20.648164],[-103.05371,20.648155],[-103.053727,20.648146],[-103.053743,20.648138],[-103.05376,20.648129],[-103.053776,20.64812],[-103.053793,20.648111],[-103.053809,20.648102],[-103.053826,20.648093],[-103.053842,20.648085],[-103.053859,20.648076],[-103.053875,20.648067],[-103.053892,20.648058],[-103.053908,20.648049],[-103.053925,20.648041],[-103.053941,20.648032],[-103.053958,20.648023],[-103.053974,20.648014],[-103.053991,20.648005],[-103.054007,20.647997],[-103.054024,20.647988],[-103.05404,20.647979],[-103.054057,20.64797],[-103.054073,20.647962],[-103.05409,20.647953],[-103.054107,20.647944],[-103.054123,20.647935],[-103.05414,20.647927],[-103.054156,20.647918],[-103.054173,20.647909],[-103.054189,20.647901],[-103.054206,20.647892],[-103.054222,20.647883],[-103.054239,20.647874],[-103.054255,20.647866],[-103.054272,20.647857],[-103.054289,20.647848],[-103.054305,20.64784],[-103.054322,20.647831],[-103.054338,20.647822],[-103.089032,20.629558],[-103.089048,20.629549],[-103.089064,20.629541],[-103.08908,20.629532],[-103.089096,20.629524],[-103.089112,20.629515],[-103.089128,20.629507],[-103.089145,20.629498],[-103.089161,20.62949],[-103.089177,20.629481],[-103.089193,20.629473],[-103.089209,20.629464],[-103.089225,20.629456],[-103.089241,20.629447],[-103.089257,20.629439],[-103.089273,20.62943],[-103.089289,20.629422],[-103.089305,20.629413],[-103.089321,20.629405],[-103.089338,20.629396],[-103.089354,20.629388],[-103.08937,20.629379],[-103.089386,20.629371],[-103.089402,20.629362],[-103.089418,20.629353],[-103.089434,20.629345],[-103.08945,20.629336],[-103.090319,20.62885],[-103.091169,20.628336],[-103.092,20.627794],[-103.09281,20.627225],[-103.093598,20.626629],[-103.094364,20.626007],[-103.095106,20.625361],[-103.095823,20.624691],[-103.096515,20.623997],[-103.09718,20.623281],[-103.097819,20.622543],[-103.098429,20.621784],[-103.099011,20.621006],[-103.099563,20.620209],[-103.099573,20.620195],[-103.099583,20.62018],[-103.099593,20.620165],[-103.099603,20.620151],[-103.099612,20.620136],[-103.099622,20.620121],[-103.099632,20.620106],[-103.099642,20.620092],[-103.099651,20.620077],[-103.099661,20.620062],[-103.099671,20.620047],[-103.09968,20.620033],[-103.09969,20.620018],[-103.0997,20.620003],[-103.09971,20.619988],[-103.099719,20.619973],[-103.099729,20.619959],[-103.099739,20.619944],[-103.099748,20.619929],[-103.099758,20.619914],[-103.099768,20.6199],[-103.099777,20.619885],[-103.099787,20.61987],[-103.099797,20.619855],[-103.099806,20.61984],[-103.099816,20.619826],[-103.102583,20.615598],[-103.102593,20.615583],[-103.102603,20.615568],[-103.102613,20.615553],[-103.102623,20.615537],[-103.102633,20.615522],[-103.102643,20.615507],[-103.102653,20.615492],[-103.102663,20.615477],[-103.102673,20.615461],[-103.102683,20.615446],[-103.102693,20.615431],[-103.102703,20.615416],[-103.102713,20.615401],[-103.102723,20.615385],[-103.102733,20.61537],[-103.102743,20.615355],[-103.102753,20.61534],[-103.102763,20.615325],[-103.102773,20.61531],[-103.102783,20.615294],[-103.102793,20.615279],[-103.102803,20.615264],[-103.102813,20.615249],[-103.102823,20.615234],[-103.102833,20.615219],[-103.102843,20.615203],[-103.102853,20.615188],[-103.102863,20.615173],[-103.102873,20.615158],[-103.102883,20.615143],[-103.102893,20.615128],[-103.102903,20.615113],[-103.102913,20.615097],[-103.102923,20.615082],[-103.102933,20.615067],[-103.102944,20.615052],[-103.102954,20.615037],[-103.102964,20.615022],[-103.102974,20.615007],[-103.102984,20.614992],[-103.102994,20.614977],[-103.103004,20.614962],[-103.103015,20.614947],[-103.103025,20.614931],[-103.103035,20.614916],[-103.103045,20.614901],[-103.103055,20.614886],[-103.103066,20.614871],[-103.103076,20.614856],[-103.103086,20.614841],[-103.103096,20.614826],[-103.103107,20.614811],[-103.103117,20.614796],[-103.103127,20.614781],[-103.103137,20.614766],[-103.103148,20.614751],[-103.103158,20.614736],[-103.103168,20.614721],[-103.103179,20.614706],[-103.103189,20.614691],[-103.1032,20.614677],[-103.10321,20.614662],[-103.10322,20.614647],[-103.103231,20.614632],[-103.103241,20.614617],[-103.103252,20.614602],[-103.103262,20.614587],[-103.103273,20.614572],[-103.103283,20.614557],[-103.103294,20.614543],[-103.103304,20.614528],[-103.103315,20.614513],[-103.103326,20.614498],[-103.103336,20.614483],[-103.103347,20.614469],[-103.103357,20.614454],[-103.103368,20.614439],[-103.103379,20.614424],[-103.10339,20.61441],[-103.1034,20.614395],[-103.103411,20.61438],[-103.103422,20.614365],[-103.103433,20.614351],[-103.103443,20.614336],[-103.103454,20.614321],[-103.103465,20.614307],[-103.103752,20.613933],[-103.104053,20.613568],[-103.104366,20.613213],[-103.104693,20.612869],[-103.105031,20.612535],[-103.105381,20.612212],[-103.105743,20.611901],[-103.106116,20.611602],[-103.1065,20.611314],[-103.106893,20.611039],[-103.107297,20.610777],[-103.107709,20.610528],[-103.108131,20.610292],[-103.10856,20.61007],[-103.108998,20.609862],[-103.109443,20.609668],[-103.109894,20.609488],[-103.110352,20.609323],[-103.110815,20.609173],[-103.111284,20.609038],[-103.111757,20.608918],[-103.112235,20.608813],[-103.112715,20.608723],[-103.113199,20.608649],[-103.113685,20.60859],[-103.113704,20.608588],[-103.113723,20.608586],[-103.113742,20.608585],[-103.113761,20.608583],[-103.11378,20.608581],[-103.113798,20.608579],[-103.113817,20.608577],[-103.113836,20.608575],[-103.113855,20.608574],[-103.113874,20.608572],[-103.113893,20.60857],[-103.113912,20.608568],[-103.113931,20.608567],[-103.113949,20.608565],[-103.113968,20.608563],[-103.113987,20.608562],[-103.114006,20.60856],[-103.114025,20.608558],[-103.114044,20.608557],[-103.114063,20.608555],[-103.114082,20.608554],[-103.114101,20.608552],[-103.114119,20.608551],[-103.114138,20.608549],[-103.114157,20.608548],[-103.114176,20.608546],[-103.114195,20.608545],[-103.114214,20.608544],[-103.114233,20.608542],[-103.114252,20.608541],[-103.114271,20.608539],[-103.11429,20.608538],[-103.114308,20.608537],[-103.114327,20.608535],[-103.114346,20.608534],[-103.114365,20.608533],[-103.114384,20.608531],[-103.114403,20.60853],[-103.114422,20.608529],[-103.114441,20.608528],[-103.11446,20.608526],[-103.114479,20.608525],[-103.114498,20.608524],[-103.114516,20.608523],[-103.114535,20.608522],[-103.114554,20.60852],[-103.114573,20.608519],[-103.114592,20.608518],[-103.114611,20.608517],[-103.11463,20.608516],[-103.114649,20.608515],[-103.114668,20.608513],[-103.114687,20.608512],[-103.114706,20.608511],[-103.114725,20.60851],[-103.114744,20.608509],[-103.114763,20.608508],[-103.114781,20.608507],[-103.1148,20.608506],[-103.114819,20.608505],[-103.114838,20.608504],[-103.114857,20.608503],[-103.114876,20.608502],[-103.114895,20.608501],[-103.114914,20.6085],[-103.114933,20.608499],[-103.114952,20.608498],[-103.114971,20.608497],[-103.11499,20.608496],[-103.115009,20.608495],[-103.115028,20.608494],[-103.115046,20.608493],[-103.115065,20.608492],[-103.115084,20.608491],[-103.115103,20.60849],[-103.115122,20.608489],[-103.115141,20.608488],[-103.11516,20.608487],[-103.115179,20.608486],[-103.115198,20.608485],[-103.115217,20.608484],[-103.115236,20.608483],[-103.115255,20.608482],[-103.115274,20.608481],[-103.115293,20.60848],[-103.115312,20.608479],[-103.120947,20.608195],[-103.120966,20.608194],[-103.120985,20.608193],[-103.121004,20.608192],[-103.121023,20.608191],[-103.121042,20.60819],[-103.12106,20.608189],[-103.121079,20.608188],[-103.121098,20.608187],[-103.121117,20.608186],[-103.121136,20.608185],[-103.121155,20.608184],[-103.121174,20.608183],[-103.121193,20.608182],[-103.121212,20.608181],[-103.121231,20.60818],[-103.12125,20.60818],[-103.121268,20.608179],[-103.121287,20.608178],[-103.121306,20.608177],[-103.121325,20.608176],[-103.121344,20.608175],[-103.121363,20.608174],[-103.121382,20.608173],[-103.121401,20.608173],[-103.12142,20.608172],[-103.121439,20.608171],[-103.121458,20.60817],[-103.121476,20.608169],[-103.121495,20.608169],[-103.121514,20.608168],[-103.121533,20.608167],[-103.121552,20.608166],[-103.121571,20.608166],[-103.12159,20.608165],[-103.121609,20.608164],[-103.121628,20.608163],[-103.121647,20.608163],[-103.121666,20.608162],[-103.122361,20.608149],[-103.123057,20.608157],[-103.123751,20.608187],[-103.12377,20.608188],[-103.123789,20.60819],[-103.123808,20.608191],[-103.123827,20.608192],[-103.123846,20.608193],[-103.123865,20.608194],[-103.123884,20.608195],[-103.123902,20.608197],[-103.123921,20.608198],[-103.12394,20.608199],[-103.123959,20.6082],[-103.123978,20.608202],[-103.123997,20.608203],[-103.124016,20.608204],[-103.124035,20.608206],[-103.124054,20.608207],[-103.124072,20.608208],[-103.124091,20.608209],[-103.12411,20.608211],[-103.124129,20.608212],[-103.124148,20.608213],[-103.124167,20.608215],[-103.124186,20.608216],[-103.124205,20.608218],[-103.124223,20.608219],[-103.124242,20.60822],[-103.124261,20.608222],[-103.12428,20.608223],[-103.124299,20.608225],[-103.124318,20.608226],[-103.124337,20.608227],[-103.124356,20.608229],[-103.124374,20.60823],[-103.124393,20.608232],[-103.124412,20.608233],[-103.124431,20.608234],[-103.12445,20.608236],[-103.124469,20.608237],[-103.127667,20.608477],[-103.127686,20.608478],[-103.127704,20.608479],[-103.127723,20.608481],[-103.127742,20.608482],[-103.12776,20.608484],[-103.127779,20.608485],[-103.127798,20.608486],[-103.127816,20.608488],[-103.127835,20.608489],[-103.127854,20.60849],[-103.127872,20.608492],[-103.127891,20.608493],[-103.12791,20.608494],[-103.127928,20.608496],[-103.127947,20.608497],[-103.127966,20.608498],[-103.127984,20.6085],[-103.128003,20.608501],[-103.128022,20.608502],[-103.12804,20.608504],[-103.128059,20.608505],[-103.128078,20.608506],[-103.128096,20.608507],[-103.128115,20.608508],[-103.128134,20.60851],[-103.128152,20.608511],[-103.128171,20.608512],[-103.12819,20.608513],[-103.128208,20.608514],[-103.128227,20.608515],[-103.128246,20.608516],[-103.128265,20.608517],[-103.128283,20.608518],[-103.128302,20.608519],[-103.128321,20.60852],[-103.128339,20.608521],[-103.128358,20.608522],[-103.128377,20.608523],[-103.128395,20.608524],[-103.128414,20.608525],[-103.128433,20.608526],[-103.128834,20.608537],[-103.129236,20.608534],[-103.129637,20.608519],[-103.130037,20.60849],[-103.130437,20.608448],[-103.130834,20.608393],[-103.130852,20.60839],[-103.130871,20.608387],[-103.130889,20.608384],[-103.130908,20.608381],[-103.130926,20.608378],[-103.130945,20.608375],[-103.130963,20.608372],[-103.130982,20.608369],[-103.131,20.608366],[-103.131018,20.608363],[-103.131037,20.60836],[-103.131055,20.608357],[-103.131074,20.608354],[-103.131092,20.60835],[-103.13111,20.608347],[-103.131129,20.608344],[-103.131147,20.608341],[-103.131166,20.608337],[-103.131184,20.608334],[-103.131202,20.608331],[-103.131221,20.608328],[-103.131239,20.608324],[-103.131258,20.608321],[-103.131276,20.608318],[-103.131294,20.608314],[-103.131313,20.608311],[-103.131331,20.608308],[-103.131349,20.608304],[-103.131368,20.608301],[-103.131386,20.608297],[-103.131405,20.608294],[-103.131423,20.608291],[-103.131441,20.608287],[-103.13146,20.608284],[-103.131478,20.60828],[-103.131496,20.608277],[-103.131515,20.608273],[-103.131533,20.60827],[-103.131551,20.608266],[-103.13157,20.608263],[-103.131588,20.60826],[-103.136483,20.607341],[-103.136501,20.607338],[-103.136519,20.607334],[-103.136538,20.607331],[-103.136556,20.607327],[-103.136574,20.607324],[-103.136593,20.60732],[-103.136611,20.607317],[-103.13663,20.607313],[-103.136648,20.60731],[-103.136666,20.607306],[-103.136685,20.607303],[-103.136703,20.607299],[-103.136721,20.607296],[-103.13674,20.607292],[-103.136758,20.607289],[-103.136776,20.607285],[-103.136795,20.607281],[-103.136813,20.607278],[-103.136831,20.607274],[-103.136849,20.60727],[-103.136868,20.607267],[-103.136886,20.607263],[-103.136904,20.607259],[-103.136923,20.607255],[-103.136941,20.607251],[-103.136959,20.607248],[-103.136977,20.607244],[-103.136996,20.60724],[-103.137014,20.607236],[-103.137032,20.607232],[-103.13705,20.607228],[-103.137068,20.607223],[-103.137087,20.607219],[-103.137105,20.607215],[-103.137123,20.607211],[-103.137141,20.607206],[-103.137159,20.607202],[-103.137177,20.607198],[-103.137195,20.607193],[-103.137214,20.607189],[-103.137232,20.607184],[-103.137419,20.607134],[-103.137604,20.607077],[-103.137786,20.607014],[-103.137967,20.606946],[-103.138145,20.606872],[-103.13832,20.606793],[-103.138492,20.606708],[-103.138661,20.606617],[-103.138827,20.606521],[-103.138989,20.60642],[-103.139148,20.606314],[-103.139303,20.606203],[-103.139317,20.606192],[-103.139332,20.606181],[-103.139346,20.60617],[-103.139361,20.606159],[-103.139376,20.606148],[-103.13939,20.606137],[-103.139404,20.606125],[-103.139419,20.606114],[-103.139433,20.606103],[-103.139448,20.606092],[-103.139462,20.60608],[-103.139476,20.606069],[-103.139491,20.606058],[-103.139505,20.606046],[-103.139519,20.606035],[-103.139533,20.606023],[-103.139547,20.606012],[-103.139562,20.606],[-103.139576,20.605989],[-103.13959,20.605977],[-103.139604,20.605965],[-103.139618,20.605954],[-103.139632,20.605942],[-103.139646,20.60593],[-103.13966,20.605919],[-103.139674,20.605907],[-103.139688,20.605895],[-103.139702,20.605884],[-103.139716,20.605872],[-103.13973,20.60586],[-103.139744,20.605848],[-103.139758,20.605837],[-103.139772,20.605825],[-103.139786,20.605813],[-103.139799,20.605801],[-103.139813,20.605789],[-103.139827,20.605778],[-103.139841,20.605766],[-103.139855,20.605754],[-103.139869,20.605742],[-103.139883,20.60573],[-103.1408,20.604949],[-103.140814,20.604937],[-103.140827,20.604925],[-103.140841,20.604914],[-103.140855,20.604902],[-103.140868,20.60489],[-103.140882,20.604879],[-103.140896,20.604867],[-103.140909,20.604855],[-103.140923,20.604844],[-103.140937,20.604832],[-103.140951,20.604821],[-103.140964,20.604809],[-103.140978,20.604797],[-103.140992,20.604786],[-103.141006,20.604774],[-103.141019,20.604763],[-103.141033,20.604751],[-103.141047,20.60474],[-103.141061,20.604728],[-103.141075,20.604717],[-103.141088,20.604705],[-103.141102,20.604694],[-103.141116,20.604682],[-103.14113,20.604671],[-103.141144,20.60466],[-103.141158,20.604648],[-103.141403,20.604456],[-103.141654,20.604272],[-103.141912,20.604096],[-103.142176,20.603928],[-103.142446,20.603769],[-103.142721,20.603617],[-103.143001,20.603475],[-103.143286,20.603341],[-103.143576,20.603217],[-103.14387,20.603101],[-103.144168,20.602995],[-103.14447,20.602898],[-103.144487,20.602893],[-103.144505,20.602888],[-103.144522,20.602882],[-103.14454,20.602877],[-103.144557,20.602872],[-103.144575,20.602867],[-103.144593,20.602862],[-103.14461,20.602857],[-103.144628,20.602851],[-103.144646,20.602846],[-103.144663,20.602841],[-103.144681,20.602836],[-103.144699,20.602831],[-103.144716,20.602826],[-103.144734,20.602821],[-103.144752,20.602816],[-103.144769,20.602811],[-103.144787,20.602806],[-103.144805,20.602801],[-103.144822,20.602796],[-103.14484,20.602791],[-103.144858,20.602786],[-103.144875,20.602782],[-103.144893,20.602777],[-103.144911,20.602772],[-103.144928,20.602767],[-103.14797,20.601921],[-103.147988,20.601916],[-103.148005,20.601911],[-103.148023,20.601906],[-103.148041,20.601901],[-103.148059,20.601896],[-103.148077,20.601891],[-103.148095,20.601886],[-103.148113,20.601881],[-103.148131,20.601876],[-103.148149,20.601871],[-103.148167,20.601866],[-103.148185,20.601861],[-103.148203,20.601857],[-103.148221,20.601852],[-103.148239,20.601847],[-103.148257,20.601842],[-103.148275,20.601837],[-103.148293,20.601832],[-103.148311,20.601828],[-103.148329,20.601823],[-103.148347,20.601818],[-103.148365,20.601814],[-103.148383,20.601809],[-103.148401,20.601804],[-103.148419,20.6018],[-103.148437,20.601795],[-103.148456,20.601791],[-103.148474,20.601786],[-103.148492,20.601782],[-103.14851,20.601777],[-103.148528,20.601773],[-103.148546,20.601769],[-103.148564,20.601764],[-103.148583,20.60176],[-103.148601,20.601756],[-103.148619,20.601752],[-103.148637,20.601748],[-103.148655,20.601744],[-103.148674,20.60174],[-103.148692,20.601736],[-103.14871,20.601732],[-103.148904,20.601694],[-103.1491,20.601663],[-103.149296,20.601638],[-103.149493,20.601619],[-103.149691,20.601607],[-103.149889,20.601601],[-103.150087,20.601602],[-103.150285,20.601609],[-103.150483,20.601622],[-103.15068,20.601642],[-103.150877,20.601668],[-103.151072,20.601701],[-103.151266,20.60174],[-103.151458,20.601785],[-103.151649,20.601836],[-103.151837,20.601894],[-103.152023,20.601957],[-103.152207,20.602027],[-103.152225,20.602034],[-103.152242,20.602041],[-103.152259,20.602048],[-103.152276,20.602055],[-103.152293,20.602062],[-103.15231,20.602069],[-103.152328,20.602076],[-103.152345,20.602083],[-103.152362,20.602091],[-103.152379,20.602098],[-103.152396,20.602105],[-103.152413,20.602113],[-103.15243,20.60212],[-103.152447,20.602127],[-103.152464,20.602135],[-103.152481,20.602142],[-103.152497,20.60215],[-103.152514,20.602158],[-103.152531,20.602165],[-103.152548,20.602173],[-103.152565,20.60218],[-103.152582,20.602188],[-103.152599,20.602196],[-103.152615,20.602204],[-103.152632,20.602211],[-103.152649,20.602219],[-103.152666,20.602227],[-103.152683,20.602235],[-103.152699,20.602243],[-103.152716,20.60225],[-103.152733,20.602258],[-103.15275,20.602266],[-103.152766,20.602274],[-103.152783,20.602282],[-103.1528,20.60229],[-103.152817,20.602298],[-103.152833,20.602306],[-103.15285,20.602313],[-103.152867,20.602321],[-103.152884,20.602329],[-103.1529,20.602337],[-103.155674,20.603651],[-103.15569,20.603659],[-103.155707,20.603667],[-103.155724,20.603674],[-103.155741,20.603682],[-103.155757,20.60369],[-103.155774,20.603698],[-103.155791,20.603706],[-103.155808,20.603714],[-103.155824,20.603722],[-103.155841,20.60373],[-103.155858,20.603738],[-103.155875,20.603746],[-103.155892,20.603754],[-103.155908,20.603762],[-103.155925,20.603769],[-103.155942,20.603777],[-103.155959,20.603785],[-103.155976,20.603793],[-103.155993,20.603801],[-103.156009,20.603809],[-103.156026,20.603816],[-103.156043,20.603824],[-103.15606,20.603832],[-103.15646,20.604011],[-103.156864,20.604181],[-103.156881,20.604188],[-103.156898,20.604195],[-103.156916,20.604202],[-103.156933,20.604209],[-103.15695,20.604216],[-103.156967,20.604223],[-103.156985,20.60423],[-103.157002,20.604236],[-103.157019,20.604243],[-103.157037,20.60425],[-103.157054,20.604257],[-103.157071,20.604264],[-103.157088,20.604271],[-103.157106,20.604278],[-103.157123,20.604285],[-103.15714,20.604292],[-103.157158,20.604298],[-103.157175,20.604305],[-103.157192,20.604312],[-103.15721,20.604319],[-103.157227,20.604326],[-103.157244,20.604333],[-103.157261,20.604339],[-103.159465,20.60521],[-103.159481,20.605217],[-103.159498,20.605223],[-103.159514,20.605229],[-103.15953,20.605236],[-103.159546,20.605242],[-103.159562,20.605249],[-103.159578,20.605255],[-103.159594,20.605261],[-103.15961,20.605268],[-103.159626,20.605274],[-103.159642,20.60528],[-103.161598,20.60608],[-103.163535,20.606919],[-103.16355,20.606927],[-103.163566,20.606934],[-103.163582,20.606941],[-103.163598,20.606948],[-103.163613,20.606955],[-103.163629,20.606962],[-103.163645,20.606969],[-103.163661,20.606976],[-103.163676,20.606983],[-103.163692,20.60699],[-103.163708,20.606997],[-103.172322,20.610853],[-103.172339,20.61086],[-103.172356,20.610868],[-103.172373,20.610875],[-103.17239,20.610883],[-103.172407,20.61089],[-103.172424,20.610898],[-103.17244,20.610906],[-103.172457,20.610913],[-103.172474,20.610921],[-103.172491,20.610928],[-103.172508,20.610936],[-103.172525,20.610943],[-103.172542,20.610951],[-103.172559,20.610958],[-103.172576,20.610966],[-103.172593,20.610973],[-103.17261,20.610981],[-103.172627,20.610988],[-103.172644,20.610996],[-103.172661,20.611003],[-103.172678,20.611011],[-103.172695,20.611018],[-103.172712,20.611026],[-103.173289,20.611266],[-103.173874,20.611488],[-103.174466,20.611691],[-103.175065,20.611877],[-103.17567,20.612043],[-103.176281,20.612191],[-103.176896,20.61232],[-103.177516,20.61243],[-103.177534,20.612433],[-103.177553,20.612436],[-103.177571,20.612439],[-103.17759,20.612442],[-103.177608,20.612444],[-103.177627,20.612447],[-103.177645,20.61245],[-103.177664,20.612453],[-103.177682,20.612456],[-103.177701,20.612459],[-103.17772,20.612462],[-103.177738,20.612465],[-103.177757,20.612467],[-103.177775,20.61247],[-103.177794,20.612473],[-103.177812,20.612476],[-103.177831,20.612479],[-103.177849,20.612481],[-103.177868,20.612484],[-103.177886,20.612487],[-103.177905,20.61249],[-103.177923,20.612493],[-103.177942,20.612495],[-103.186047,20.613713],[-103.186065,20.613716],[-103.186084,20.613719],[-103.186102,20.613722],[-103.18612,20.613724],[-103.186138,20.613727],[-103.186156,20.61373],[-103.186175,20.613733],[-103.186193,20.613735],[-103.186211,20.613738],[-103.186229,20.613741],[-103.186247,20.613744],[-103.186266,20.613747],[-103.186284,20.613749],[-103.186302,20.613752],[-103.18632,20.613755],[-103.186338,20.613758],[-103.186357,20.613761],[-103.186375,20.613764],[-103.186393,20.613767],[-103.186411,20.61377],[-103.186429,20.613773],[-103.186448,20.613776],[-103.186466,20.613779],[-103.186484,20.613782],[-103.186502,20.613785],[-103.18652,20.613788],[-103.186828,20.613847],[-103.187133,20.613915],[-103.187436,20.613992],[-103.187736,20.614079],[-103.188033,20.614175],[-103.188326,20.61428],[-103.188616,20.614394],[-103.188901,20.614516],[-103.189182,20.614648],[-103.189458,20.614788],[-103.18973,20.614937],[-103.189996,20.615093],[-103.190011,20.615103],[-103.190027,20.615112],[-103.190042,20.615122],[-103.190057,20.615131],[-103.190073,20.615141],[-103.190088,20.615151],[-103.190104,20.61516],[-103.190119,20.61517],[-103.190134,20.61518],[-103.19015,20.615189],[-103.190165,20.615199],[-103.19018,20.615209],[-103.190196,20.615218],[-103.190211,20.615228],[-103.190226,20.615238],[-103.190241,20.615248],[-103.190257,20.615257],[-103.190272,20.615267],[-103.190287,20.615277],[-103.190302,20.615287],[-103.190318,20.615296],[-103.190333,20.615306],[-103.190348,20.615316],[-103.190363,20.615326],[-103.190378,20.615336],[-103.190394,20.615346],[-103.197162,20.619712],[-103.197177,20.619722],[-103.197193,20.619732],[-103.197208,20.619742],[-103.197224,20.619752],[-103.197239,20.619762],[-103.197254,20.619772],[-103.19727,20.619782],[-103.197285,20.619792],[-103.197301,20.619801],[-103.197316,20.619811],[-103.197332,20.619821],[-103.197347,20.619831],[-103.197363,20.619841],[-103.197378,20.61985],[-103.197394,20.61986],[-103.197409,20.61987],[-103.197425,20.619879],[-103.19744,20.619889],[-103.197456,20.619899],[-103.197472,20.619908],[-103.197487,20.619918],[-103.197503,20.619927],[-103.197519,20.619937],[-103.197535,20.619946],[-103.19755,20.619955],[-103.197566,20.619965],[-103.197582,20.619974],[-103.197598,20.619983],[-103.197614,20.619992],[-103.19763,20.620001],[-103.197646,20.62001],[-103.197662,20.620019],[-103.197678,20.620028],[-103.197694,20.620037],[-103.19771,20.620046],[-103.197727,20.620054],[-103.197842,20.620113],[-103.19796,20.620168],[-103.198079,20.620219],[-103.198201,20.620267],[-103.198324,20.62031],[-103.198448,20.62035],[-103.198574,20.620385],[-103.198701,20.620417],[-103.198829,20.620444],[-103.198958,20.620467],[-103.199088,20.620486],[-103.199218,20.620501],[-103.199349,20.620511],[-103.19948,20.620518],[-103.199499,20.620518],[-103.199518,20.620519],[-103.199536,20.620519],[-103.199555,20.620519],[-103.199574,20.62052],[-103.199592,20.62052],[-103.199611,20.62052],[-103.19963,20.62052],[-103.199648,20.62052],[-103.199667,20.62052],[-103.199685,20.62052],[-103.199704,20.620519],[-103.199723,20.620519],[-103.199741,20.620519],[-103.19976,20.620518],[-103.199779,20.620518],[-103.199797,20.620517],[-103.199816,20.620517],[-103.199835,20.620516],[-103.199853,20.620516],[-103.199872,20.620515],[-103.199891,20.620514],[-103.199909,20.620514],[-103.199928,20.620513],[-103.199947,20.620512],[-103.199965,20.620511],[-103.199984,20.62051],[-103.200002,20.62051],[-103.200021,20.620509],[-103.20004,20.620508],[-103.200058,20.620507],[-103.200077,20.620506],[-103.200096,20.620505],[-103.200114,20.620504],[-103.200133,20.620503],[-103.200151,20.620502],[-103.213629,20.619822],[-103.213647,20.619821],[-103.213666,20.619821],[-103.213684,20.61982],[-103.213703,20.619819],[-103.213721,20.619818],[-103.213739,20.619817],[-103.213758,20.619816],[-103.213776,20.619815],[-103.213795,20.619814],[-103.213813,20.619813],[-103.213832,20.619812],[-103.21385,20.619811],[-103.213868,20.61981],[-103.214399,20.619773],[-103.214928,20.619722],[-103.215455,20.619658],[-103.21598,20.61958],[-103.215999,20.619577],[-103.216017,20.619574],[-103.216035,20.619571],[-103.216053,20.619568],[-103.216071,20.619565],[-103.21609,20.619562],[-103.216108,20.619559],[-103.216126,20.619556],[-103.216144,20.619553],[-103.216162,20.61955],[-103.21618,20.619546],[-103.216199,20.619543],[-103.216217,20.61954],[-103.238618,20.615768],[-103.238636,20.615764],[-103.238654,20.615761],[-103.238673,20.615758],[-103.238691,20.615755],[-103.23871,20.615752],[-103.238728,20.615749],[-103.238747,20.615746],[-103.238765,20.615743],[-103.238783,20.61574],[-103.238802,20.615737],[-103.23882,20.615734],[-103.238839,20.61573],[-103.238857,20.615727],[-103.238876,20.615724],[-103.238894,20.615721],[-103.238912,20.615718],[-103.238931,20.615715],[-103.238949,20.615712],[-103.238968,20.615709],[-103.238986,20.615706],[-103.239005,20.615703],[-103.239023,20.6157],[-103.239042,20.615698],[-103.23906,20.615695],[-103.239079,20.615692],[-103.239097,20.615689],[-103.239116,20.615686],[-103.239134,20.615683],[-103.239152,20.61568],[-103.239171,20.615678],[-103.239189,20.615675],[-103.239208,20.615672],[-103.239226,20.615669],[-103.239245,20.615666],[-103.239263,20.615664],[-103.239282,20.615661],[-103.2393,20.615658],[-103.239319,20.615656],[-103.239337,20.615653],[-103.239356,20.615651],[-103.239374,20.615648],[-103.239769,20.615601],[-103.240165,20.615567],[-103.240563,20.615545],[-103.24096,20.615537],[-103.241358,20.615541],[-103.241756,20.615558],[-103.241774,20.615559],[-103.241793,20.615561],[-103.241812,20.615562],[-103.24183,20.615563],[-103.241849,20.615564],[-103.241868,20.615565],[-103.241886,20.615567],[-103.241905,20.615568],[-103.241924,20.615569],[-103.241942,20.615571],[-103.241961,20.615572],[-103.24198,20.615574],[-103.241998,20.615575],[-103.242017,20.615576],[-103.242036,20.615578],[-103.242054,20.615579],[-103.242073,20.615581],[-103.242092,20.615582],[-103.24211,20.615584],[-103.242129,20.615585],[-103.242148,20.615587],[-103.242166,20.615589],[-103.242185,20.61559],[-103.242204,20.615592],[-103.242222,20.615593],[-103.242241,20.615595],[-103.242259,20.615597],[-103.242278,20.615598],[-103.242297,20.6156],[-103.242315,20.615602],[-103.242334,20.615603],[-103.242353,20.615605],[-103.242371,20.615607],[-103.24239,20.615608],[-103.242409,20.61561],[-103.242427,20.615612],[-103.242446,20.615613],[-103.242464,20.615615],[-103.242483,20.615617],[-103.242502,20.615618],[-103.24252,20.61562],[-103.251449,20.616437],[-103.251467,20.616439],[-103.251486,20.616441],[-103.251505,20.616443],[-103.251524,20.616444],[-103.251542,20.616446],[-103.251561,20.616448],[-103.25158,20.616449],[-103.251599,20.616451],[-103.251618,20.616453],[-103.251636,20.616455],[-103.251655,20.616456],[-103.251674,20.616458],[-103.251693,20.61646],[-103.251711,20.616462],[-103.25173,20.616463],[-103.251749,20.616465],[-103.251768,20.616467],[-103.251786,20.616469],[-103.251805,20.61647],[-103.251824,20.616472],[-103.251843,20.616474],[-103.251861,20.616476],[-103.25188,20.616478],[-103.251899,20.616479],[-103.251917,20.616481],[-103.251936,20.616483],[-103.251955,20.616485],[-103.251974,20.616487],[-103.252569,20.616553],[-103.253163,20.61663],[-103.253182,20.616632],[-103.253201,20.616635],[-103.253219,20.616638],[-103.253238,20.61664],[-103.253256,20.616643],[-103.253275,20.616646],[-103.253294,20.616648],[-103.253312,20.616651],[-103.253331,20.616654],[-103.25335,20.616656],[-103.253368,20.616659],[-103.253387,20.616662],[-103.253405,20.616665],[-103.253424,20.616667],[-103.253443,20.61667],[-103.253461,20.616673],[-103.25348,20.616675],[-103.253499,20.616678],[-103.253517,20.616681],[-103.253536,20.616684],[-103.253554,20.616687],[-103.253573,20.616689],[-103.253592,20.616692],[-103.25361,20.616695],[-103.253629,20.616698],[-103.253648,20.6167],[-103.253666,20.616703],[-103.253685,20.616706],[-103.267707,20.618793],[-103.267726,20.618796],[-103.267744,20.618799],[-103.267763,20.618802],[-103.267782,20.618805],[-103.2678,20.618807],[-103.267819,20.61881],[-103.267838,20.618813],[-103.267856,20.618816],[-103.267875,20.618818],[-103.267894,20.618821],[-103.267912,20.618824],[-103.267931,20.618827],[-103.26795,20.61883],[-103.267968,20.618832],[-103.267987,20.618835],[-103.268006,20.618838],[-103.268024,20.618841],[-103.268043,20.618844],[-103.268061,20.618847],[-103.26808,20.61885],[-103.268099,20.618852],[-103.268117,20.618855],[-103.268136,20.618858],[-103.268155,20.618861],[-103.268173,20.618864],[-103.268192,20.618867],[-103.268211,20.61887],[-103.268229,20.618873],[-103.268248,20.618876],[-103.268267,20.618879],[-103.268285,20.618882],[-103.268304,20.618885],[-103.268322,20.618888],[-103.268341,20.618891],[-103.26836,20.618894],[-103.268378,20.618897],[-103.268397,20.6189],[-103.268416,20.618903],[-103.268434,20.618906],[-103.268453,20.618909],[-103.268471,20.618912],[-103.26849,20.618915],[-103.268509,20.618919],[-103.268527,20.618922],[-103.268546,20.618925],[-103.268564,20.618928],[-103.268583,20.618932],[-103.268601,20.618935],[-103.26862,20.618938],[-103.268639,20.618941],[-103.268657,20.618945],[-103.268676,20.618948],[-103.268694,20.618951],[-103.268713,20.618955],[-103.268731,20.618958],[-103.26875,20.618962],[-103.268768,20.618965],[-103.268787,20.618969],[-103.268805,20.618972],[-103.268824,20.618976],[-103.268842,20.618979],[-103.268861,20.618983],[-103.26888,20.618987],[-103.268898,20.61899],[-103.268916,20.618994],[-103.268935,20.618998],[-103.26924,20.619063],[-103.269543,20.619137],[-103.269844,20.619218],[-103.270143,20.619307],[-103.270161,20.619312],[-103.270179,20.619318],[-103.270196,20.619323],[-103.270214,20.619329],[-103.270232,20.619335],[-103.27025,20.619341],[-103.270268,20.619346],[-103.270286,20.619352],[-103.270304,20.619358],[-103.270322,20.619364],[-103.270339,20.61937],[-103.270357,20.619376],[-103.270375,20.619381],[-103.270393,20.619387],[-103.270411,20.619393],[-103.270429,20.619399],[-103.270446,20.619405],[-103.270464,20.619411],[-103.270482,20.619417],[-103.2705,20.619423],[-103.270517,20.619429],[-103.270535,20.619436],[-103.270553,20.619442],[-103.270571,20.619448],[-103.270588,20.619454],[-103.270606,20.61946],[-103.270624,20.619466],[-103.270642,20.619472],[-103.270659,20.619479],[-103.270677,20.619485],[-103.270695,20.619491],[-103.270712,20.619497],[-103.27073,20.619504],[-103.270748,20.61951],[-103.270765,20.619516],[-103.270783,20.619522],[-103.270801,20.619529],[-103.270818,20.619535],[-103.270836,20.619541],[-103.270854,20.619548],[-103.270871,20.619554],[-103.270889,20.619561],[-103.270907,20.619567],[-103.270924,20.619573],[-103.270942,20.61958],[-103.27096,20.619586],[-103.270977,20.619593],[-103.270995,20.619599],[-103.271012,20.619605],[-103.27103,20.619612],[-103.271048,20.619618],[-103.271065,20.619625],[-103.271083,20.619631],[-103.2711,20.619638],[-103.271118,20.619644],[-103.271136,20.619651],[-103.271153,20.619657],[-103.271171,20.619664],[-103.271188,20.61967],[-103.271206,20.619677],[-103.271224,20.619683],[-103.271241,20.61969],[-103.271259,20.619696],[-103.271276,20.619703],[-103.271294,20.619709],[-103.271312,20.619716],[-103.27603,20.621458],[-103.276048,20.621465],[-103.276065,20.621471],[-103.276083,20.621478],[-103.2761,20.621484],[-103.276118,20.621491],[-103.276135,20.621497],[-103.276153,20.621504],[-103.27617,20.62151],[-103.276188,20.621517],[-103.276205,20.621523],[-103.276223,20.62153],[-103.276241,20.621536],[-103.276258,20.621543],[-103.276276,20.621549],[-103.276293,20.621556],[-103.276311,20.621562],[-103.276328,20.621569],[-103.276346,20.621575],[-103.276363,20.621582],[-103.276381,20.621588],[-103.276398,20.621595],[-103.276416,20.621601],[-103.276433,20.621608],[-103.276451,20.621615],[-103.276468,20.621621],[-103.276486,20.621628],[-103.276503,20.621634],[-103.276521,20.621641],[-103.276923,20.621797],[-103.27694,20.621804],[-103.276957,20.621811],[-103.276975,20.621817],[-103.276992,20.621824],[-103.277009,20.621831],[-103.277027,20.621838],[-103.277044,20.621845],[-103.277061,20.621852],[-103.277079,20.621859],[-103.277096,20.621866],[-103.277113,20.621873],[-103.277131,20.62188],[-103.277148,20.621887],[-103.277165,20.621894],[-103.277183,20.621901],[-103.2772,20.621908],[-103.277217,20.621915],[-103.277235,20.621922],[-103.277252,20.621929],[-103.277269,20.621936],[-103.277287,20.621943],[-103.277304,20.62195],[-103.277321,20.621957],[-103.277339,20.621964],[-103.277356,20.621971],[-103.277373,20.621978],[-103.27739,20.621985],[-103.277408,20.621992],[-103.284865,20.62502],[-103.284882,20.625027],[-103.284899,20.625034],[-103.284916,20.625041],[-103.284932,20.625048],[-103.284949,20.625055],[-103.284966,20.625061],[-103.284983,20.625068],[-103.284999,20.625075],[-103.285016,20.625082],[-103.285033,20.625089],[-103.28505,20.625096],[-103.285067,20.625102],[-103.285083,20.625109],[-103.2851,20.625116],[-103.285117,20.625123],[-103.285134,20.62513],[-103.28515,20.625137],[-103.285167,20.625144],[-103.285184,20.625151],[-103.2852,20.625158],[-103.285217,20.625164],[-103.285975,20.625494],[-103.286721,20.625848],[-103.287452,20.626226],[-103.287468,20.626235],[-103.287484,20.626244],[-103.2875,20.626252],[-103.287516,20.626261],[-103.287532,20.626269],[-103.287547,20.626278],[-103.287563,20.626287],[-103.287579,20.626295],[-103.287595,20.626304],[-103.287611,20.626312],[-103.287626,20.626321],[-103.287642,20.62633],[-103.287658,20.626338],[-103.287674,20.626347],[-103.28769,20.626356],[-103.287705,20.626364],[-103.287721,20.626373],[-103.287737,20.626382],[-103.287753,20.62639],[-103.287769,20.626399],[-103.287784,20.626408],[-103.29076,20.62804],[-103.290776,20.628049],[-103.290792,20.628058],[-103.290809,20.628067],[-103.290825,20.628076],[-103.290842,20.628085],[-103.290858,20.628093],[-103.290874,20.628102],[-103.290891,20.628111],[-103.290907,20.62812],[-103.290923,20.628129],[-103.29094,20.628138],[-103.290956,20.628147],[-103.290973,20.628156],[-103.290989,20.628165],[-103.291006,20.628174],[-103.291022,20.628182],[-103.291038,20.628191],[-103.291055,20.6282],[-103.291071,20.628209],[-103.291088,20.628218],[-103.291104,20.628226],[-103.291121,20.628235],[-103.291138,20.628244],[-103.291154,20.628252],[-103.291171,20.628261],[-103.291187,20.628269],[-103.291204,20.628278],[-103.291221,20.628286],[-103.291237,20.628295],[-103.291254,20.628303],[-103.291271,20.628312],[-103.291287,20.62832],[-103.291304,20.628328],[-103.291321,20.628337],[-103.291338,20.628345],[-103.291354,20.628353],[-103.291371,20.628361],[-103.291388,20.628369],[-103.291582,20.628458],[-103.291779,20.628541],[-103.291979,20.628616],[-103.292182,20.628686],[-103.292387,20.628749],[-103.292594,20.628805],[-103.292803,20.628854],[-103.293014,20.628896],[-103.293226,20.628932],[-103.29344,20.628961],[-103.293654,20.628982],[-103.293869,20.628997],[-103.294085,20.629004],[-103.2943,20.629005],[-103.294516,20.628999],[-103.294731,20.628985],[-103.294946,20.628965],[-103.295159,20.628938],[-103.295372,20.628903],[-103.295583,20.628862],[-103.295792,20.628814],[-103.296,20.628759],[-103.296205,20.628698],[-103.296223,20.628692],[-103.296241,20.628686],[-103.296259,20.62868],[-103.296277,20.628674],[-103.296295,20.628669],[-103.296313,20.628663],[-103.296331,20.628657],[-103.296348,20.628651],[-103.296366,20.628644],[-103.296384,20.628638],[-103.296402,20.628632],[-103.29642,20.628626],[-103.296437,20.62862],[-103.296455,20.628614],[-103.296473,20.628607],[-103.29649,20.628601],[-103.296508,20.628595],[-103.296526,20.628588],[-103.296543,20.628582],[-103.296561,20.628575],[-103.296579,20.628569],[-103.296596,20.628562],[-103.296614,20.628556],[-103.296632,20.628549],[-103.296649,20.628543],[-103.296667,20.628536],[-103.296684,20.62853],[-103.296702,20.628523],[-103.29672,20.628516],[-103.296737,20.62851],[-103.296755,20.628503],[-103.296772,20.628497],[-103.29679,20.62849],[-103.296808,20.628483],[-103.296825,20.628477],[-103.296843,20.62847],[-103.29686,20.628463],[-103.296878,20.628457],[-103.307993,20.62424],[-103.30801,20.624233],[-103.308028,20.624227],[-103.308045,20.62422],[-103.308062,20.624213],[-103.308079,20.624207],[-103.308096,20.6242],[-103.308114,20.624194],[-103.308131,20.624187],[-103.308148,20.624181],[-103.308165,20.624174],[-103.308183,20.624168],[-103.3082,20.624161],[-103.308217,20.624155],[-103.308234,20.624148],[-103.308252,20.624142],[-103.308269,20.624135],[-103.308286,20.624129],[-103.308303,20.624123],[-103.308321,20.624116],[-103.308338,20.62411],[-103.308355,20.624103],[-103.308373,20.624097],[-103.30839,20.624091],[-103.308407,20.624084],[-103.308424,20.624078],[-103.308442,20.624072],[-103.308459,20.624065],[-103.308476,20.624059],[-103.308494,20.624053],[-103.308511,20.624047],[-103.308528,20.62404],[-103.308972,20.623889],[-103.309421,20.623752],[-103.309874,20.623629],[-103.310331,20.62352],[-103.310792,20.623425],[-103.311256,20.623344],[-103.311722,20.623278],[-103.31219,20.623226],[-103.31266,20.623188],[-103.313132,20.623165],[-103.313603,20.623157],[-103.314075,20.623163],[-103.314546,20.623184],[-103.314564,20.623185],[-103.314583,20.623186],[-103.314602,20.623187],[-103.31462,20.623188],[-103.314639,20.623189],[-103.314657,20.623191],[-103.314676,20.623192],[-103.314694,20.623193],[-103.314713,20.623194],[-103.314731,20.623196],[-103.31475,20.623197],[-103.314768,20.623198],[-103.314787,20.6232],[-103.314805,20.623201],[-103.314824,20.623202],[-103.314842,20.623204],[-103.314861,20.623205],[-103.314879,20.623206],[-103.314898,20.623208],[-103.314916,20.623209],[-103.314935,20.623211],[-103.314953,20.623212],[-103.314972,20.623213],[-103.31499,20.623215],[-103.315009,20.623216],[-103.315027,20.623218],[-103.315046,20.623219],[-103.315064,20.623221],[-103.315083,20.623222],[-103.315101,20.623223],[-103.31512,20.623225],[-103.319665,20.62358],[-103.319683,20.623582],[-103.319701,20.623583],[-103.319719,20.623585],[-103.319737,20.623586],[-103.319755,20.623587],[-103.319773,20.623589],[-103.31979,20.62359],[-103.319808,20.623592],[-103.319826,20.623593],[-103.319844,20.623595],[-103.319862,20.623596],[-103.31988,20.623598],[-103.319898,20.623599],[-103.319916,20.623601],[-103.319934,20.623602],[-103.319952,20.623604],[-103.320544,20.623663],[-103.321134,20.623739],[-103.321721,20.623833],[-103.322305,20.623944],[-103.322323,20.623948],[-103.32234,20.623951],[-103.322358,20.623955],[-103.322376,20.623959],[-103.322393,20.623962],[-103.322411,20.623966],[-103.322428,20.62397],[-103.322446,20.623973],[-103.322463,20.623977],[-103.322481,20.623981],[-103.322498,20.623984],[-103.322516,20.623988],[-103.322534,20.623992],[-103.322551,20.623996],[-103.322569,20.623999],[-103.322586,20.624003],[-103.325931,20.624714],[-103.325949,20.624718],[-103.325967,20.624722],[-103.325985,20.624726],[-103.326004,20.624729],[-103.326022,20.624733],[-103.32604,20.624737],[-103.326058,20.624741],[-103.326076,20.624745],[-103.326094,20.624749],[-103.326113,20.624753],[-103.326131,20.624757],[-103.326149,20.624761],[-103.326167,20.624765],[-103.326185,20.624769],[-103.326203,20.624773],[-103.326222,20.624777],[-103.32624,20.624782],[-103.326258,20.624786],[-103.326506,20.624848],[-103.326751,20.624918],[-103.326994,20.624996],[-103.327234,20.625081],[-103.32747,20.625173],[-103.327704,20.625274],[-103.327933,20.625381],[-103.328159,20.625496],[-103.328381,20.625617],[-103.328598,20.625746],[-103.328613,20.625755],[-103.328629,20.625765],[-103.328644,20.625775],[-103.32866,20.625784],[-103.328675,20.625794],[-103.328691,20.625804],[-103.328706,20.625814],[-103.328722,20.625823],[-103.328737,20.625833],[-103.328753,20.625843],[-103.328768,20.625853],[-103.328784,20.625863],[-103.328799,20.625873],[-103.328815,20.625883],[-103.32883,20.625892],[-103.328845,20.625902],[-103.328861,20.625912],[-103.328876,20.625922],[-103.333426,20.628851],[-103.333441,20.628861],[-103.333457,20.628871],[-103.333472,20.628881],[-103.333487,20.628891],[-103.333503,20.628901],[-103.333518,20.628911],[-103.333533,20.628921],[-103.333549,20.628931],[-103.333564,20.628941],[-103.333579,20.628951],[-103.333595,20.628961],[-103.33361,20.628972],[-103.333625,20.628982],[-103.33364,20.628992],[-103.333655,20.629002],[-103.33367,20.629013],[-103.333685,20.629023],[-103.3337,20.629034],[-103.333791,20.629101],[-103.333879,20.629172],[-103.333965,20.629245],[-103.334048,20.629321],[-103.334129,20.6294],[-103.334206,20.629481],[-103.33428,20.629564],[-103.334351,20.62965],[-103.334419,20.629739],[-103.334484,20.629829],[-103.334546,20.629921],[-103.334604,20.630016],[-103.334658,20.630112],[-103.334709,20.63021],[-103.334756,20.630309],[-103.3348,20.63041],[-103.33484,20.630513],[-103.334876,20.630616],[-103.334908,20.630721],[-103.334937,20.630827],[-103.334961,20.630933],[-103.334982,20.63104],[-103.334985,20.631058],[-103.334988,20.631075],[-103.334991,20.631093],[-103.334993,20.63111],[-103.334996,20.631127],[-103.334999,20.631145],[-103.335001,20.631162],[-103.335003,20.63118],[-103.335006,20.631197],[-103.335008,20.631214],[-103.33501,20.631232],[-103.335013,20.631249],[-103.335015,20.631267],[-103.335017,20.631284],[-103.335019,20.631302],[-103.335021,20.631319],[-103.335023,20.631337],[-103.335025,20.631354],[-103.335055,20.631603],[-103.335057,20.631621],[-103.335059,20.631638],[-103.335061,20.631655],[-103.335064,20.631673],[-103.335066,20.63169],[-103.335068,20.631708],[-103.33507,20.631725],[-103.335072,20.631743],[-103.335075,20.63176],[-103.335077,20.631778],[-103.335079,20.631795],[-103.335082,20.631812],[-103.335084,20.63183],[-103.335087,20.631847],[-103.33509,20.631865],[-103.335093,20.631882],[-103.335095,20.631899],[-103.335098,20.631917],[-103.335118,20.63202],[-103.335142,20.632122],[-103.335169,20.632224],[-103.335199,20.632325],[-103.335234,20.632425],[-103.335271,20.632524],[-103.335312,20.632621],[-103.335357,20.632718],[-103.335405,20.632812],[-103.335456,20.632906],[-103.335465,20.632921],[-103.335474,20.632936],[-103.335483,20.632952],[-103.335492,20.632967],[-103.335501,20.632982],[-103.335511,20.632998],[-103.33552,20.633013],[-103.335529,20.633028],[-103.335539,20.633043],[-103.335548,20.633058],[-103.335558,20.633073],[-103.335567,20.633088],[-103.335577,20.633103],[-103.335587,20.633119],[-103.335596,20.633134],[-103.335606,20.633149],[-103.335615,20.633164],[-103.335625,20.633179],[-103.338329,20.637384],[-103.338338,20.637398],[-103.338347,20.637412],[-103.338356,20.637426],[-103.338365,20.63744],[-103.338374,20.637454],[-103.338383,20.637468],[-103.338392,20.637482],[-103.338401,20.637496],[-103.33841,20.63751],[-103.338419,20.637524],[-103.338428,20.637539],[-103.338818,20.638138],[-103.338827,20.638152],[-103.338836,20.638166],[-103.338845,20.63818],[-103.338854,20.638194],[-103.338864,20.638208],[-103.338873,20.638222],[-103.338882,20.638236],[-103.338891,20.63825],[-103.3389,20.638264],[-103.338909,20.638278],[-103.338919,20.638291],[-103.344546,20.646853],[-103.344555,20.646867],[-103.344564,20.646881],[-103.344573,20.646895],[-103.344582,20.646909],[-103.344592,20.646923],[-103.344601,20.646937],[-103.34461,20.646951],[-103.344619,20.646965],[-103.344628,20.646979],[-103.344638,20.646993],[-103.344647,20.647007],[-103.345589,20.648434],[-103.345598,20.648448],[-103.345608,20.648462],[-103.345617,20.648476],[-103.345626,20.64849],[-103.345635,20.648504],[-103.345645,20.648518],[-103.345654,20.648532],[-103.345663,20.648546],[-103.345672,20.64856],[-103.345682,20.648574],[-103.345691,20.648588],[-103.348687,20.653104],[-103.348697,20.653119],[-103.348707,20.653134],[-103.348717,20.653149],[-103.348727,20.653164],[-103.348737,20.653179],[-103.348747,20.653194],[-103.348757,20.653209],[-103.348767,20.653224],[-103.348777,20.653239],[-103.348787,20.653254],[-103.348797,20.653269],[-103.348807,20.653284],[-103.348817,20.653299],[-103.348827,20.653314],[-103.348837,20.653329],[-103.348847,20.653344],[-103.348858,20.653359],[-103.348868,20.653374],[-103.348878,20.653389],[-103.348888,20.653404],[-103.348898,20.653418],[-103.348909,20.653433],[-103.348919,20.653448],[-103.348929,20.653463],[-103.348939,20.653478],[-103.34895,20.653493],[-103.34896,20.653507],[-103.348971,20.653522],[-103.348981,20.653537],[-103.348992,20.653552],[-103.349002,20.653566],[-103.349013,20.653581],[-103.349023,20.653595],[-103.349034,20.65361],[-103.349045,20.653625],[-103.349055,20.653639],[-103.349066,20.653654],[-103.349077,20.653668],[-103.349088,20.653683],[-103.349099,20.653697],[-103.34911,20.653712],[-103.349121,20.653726],[-103.349132,20.65374],[-103.349143,20.653755],[-103.349154,20.653769],[-103.349165,20.653783],[-103.349176,20.653797],[-103.349188,20.653811],[-103.349199,20.653825],[-103.349211,20.65384],[-103.349222,20.653854],[-103.349323,20.653973],[-103.349429,20.654089],[-103.349539,20.654201],[-103.349652,20.65431],[-103.34977,20.654415],[-103.349891,20.654516],[-103.350015,20.654614],[-103.350144,20.654707],[-103.350275,20.654797],[-103.35041,20.654882],[-103.350425,20.654891],[-103.350441,20.654901],[-103.350457,20.65491],[-103.350473,20.65492],[-103.350489,20.654929],[-103.350505,20.654938],[-103.350521,20.654948],[-103.350537,20.654957],[-103.350553,20.654966],[-103.350569,20.654975],[-103.350586,20.654984],[-103.350602,20.654993],[-103.350618,20.655002],[-103.350634,20.655011],[-103.35065,20.65502],[-103.350667,20.655029],[-103.350683,20.655038],[-103.350699,20.655047],[-103.350716,20.655055],[-103.350732,20.655064],[-103.350749,20.655073],[-103.350765,20.655081],[-103.350782,20.65509],[-103.350798,20.655098],[-103.350814,20.655107],[-103.350831,20.655115],[-103.350848,20.655124],[-103.350864,20.655132],[-103.350881,20.655141],[-103.350897,20.655149],[-103.350914,20.655157],[-103.35093,20.655166],[-103.350947,20.655174],[-103.350964,20.655182],[-103.35098,20.655191],[-103.350997,20.655199],[-103.351014,20.655207],[-103.35103,20.655215],[-103.351047,20.655223],[-103.351064,20.655232],[-103.35108,20.65524],[-103.351097,20.655248],[-103.351114,20.655256],[-103.351131,20.655264],[-103.351147,20.655272],[-103.351164,20.65528],[-103.351181,20.655289],[-103.351197,20.655297],[-103.351214,20.655305],[-103.351231,20.655313],[-103.351248,20.655321],[-103.356715,20.657965],[-103.356731,20.657973],[-103.356747,20.657981],[-103.356763,20.657989],[-103.35678,20.657997],[-103.356796,20.658005],[-103.356812,20.658012],[-103.356828,20.65802],[-103.356845,20.658028],[-103.356861,20.658036],[-103.356877,20.658044],[-103.356894,20.658052],[-103.35691,20.658059],[-103.356926,20.658067],[-103.356943,20.658075],[-103.356959,20.658083],[-103.356975,20.65809],[-103.356992,20.658098],[-103.357008,20.658106],[-103.357024,20.658113],[-103.357041,20.658121],[-103.357057,20.658129],[-103.357318,20.658246],[-103.357581,20.658357],[-103.357598,20.658364],[-103.357615,20.65837],[-103.357632,20.658377],[-103.357649,20.658384],[-103.357665,20.658391],[-103.357682,20.658397],[-103.357699,20.658404],[-103.357716,20.658411],[-103.357733,20.658417],[-103.35775,20.658424],[-103.357767,20.658431],[-103.357783,20.658437],[-103.3578,20.658444],[-103.357817,20.65845],[-103.357834,20.658457],[-103.357851,20.658464],[-103.357868,20.65847],[-103.357885,20.658477],[-103.357902,20.658483],[-103.357919,20.65849],[-103.357935,20.658496],[-103.379781,20.666974],[-103.379797,20.666981],[-103.379813,20.666987],[-103.379829,20.666993],[-103.379845,20.666999],[-103.379861,20.667006],[-103.379878,20.667012],[-103.379894,20.667018],[-103.37991,20.667025],[-103.379926,20.667031],[-103.379942,20.667037],[-103.379958,20.667043],[-103.380789,20.66736],[-103.380805,20.667366],[-103.380821,20.667373],[-103.380837,20.667379],[-103.380854,20.667385],[-103.38087,20.667391],[-103.380886,20.667397],[-103.380902,20.667403],[-103.380918,20.667409],[-103.380935,20.667415],[-103.380951,20.667421],[-103.380967,20.667427],[-103.423375,20.683348],[-103.423392,20.683355],[-103.423409,20.683361],[-103.423426,20.683368],[-103.423444,20.683374],[-103.423461,20.68338],[-103.423478,20.683387],[-103.423495,20.683393],[-103.423512,20.6834],[-103.423529,20.683406],[-103.423546,20.683413],[-103.423563,20.68342],[-103.42358,20.683426],[-103.423598,20.683433],[-103.423615,20.683439],[-103.423632,20.683446],[-103.423649,20.683453],[-103.423666,20.68346],[-103.423683,20.683466],[-103.4237,20.683473],[-103.423717,20.68348],[-103.423733,20.683487],[-103.42375,20.683494],[-103.423767,20.683501],[-103.423784,20.683508],[-103.423801,20.683515],[-103.423818,20.683522],[-103.42395,20.683582],[-103.42408,20.683645],[-103.424208,20.683711],[-103.424334,20.683782],[-103.424457,20.683856],[-103.424579,20.683933],[-103.424594,20.683943],[-103.424609,20.683953],[-103.424624,20.683963],[-103.424639,20.683974],[-103.424654,20.683984],[-103.424668,20.683994],[-103.424683,20.684004],[-103.424698,20.684015],[-103.424713,20.684025],[-103.424728,20.684035],[-103.424742,20.684046],[-103.424757,20.684056],[-103.424772,20.684067],[-103.424787,20.684077],[-103.424801,20.684088],[-103.424816,20.684099],[-103.424831,20.684109],[-103.424845,20.68412],[-103.42486,20.68413],[-103.424874,20.684141],[-103.424889,20.684152],[-103.424904,20.684162],[-103.424918,20.684173],[-103.424933,20.684184],[-103.424947,20.684194],[-103.424962,20.684205],[-103.425353,20.684492],[-103.425367,20.684503],[-103.425382,20.684513],[-103.425396,20.684524],[-103.425411,20.684535],[-103.425426,20.684545],[-103.42544,20.684556],[-103.425455,20.684567],[-103.425469,20.684577],[-103.425484,20.684588],[-103.425499,20.684599],[-103.425513,20.684609],[-103.425528,20.68462],[-103.425542,20.68463],[-103.425557,20.684641],[-103.425572,20.684651],[-103.425587,20.684662],[-103.425601,20.684672],[-103.425616,20.684683],[-103.425631,20.684693],[-103.425646,20.684703],[-103.425661,20.684714],[-103.425675,20.684724],[-103.42569,20.684734],[-103.425705,20.684745],[-103.42572,20.684755],[-103.425735,20.684765],[-103.425873,20.684855],[-103.426013,20.684941],[-103.426156,20.685023],[-103.426302,20.685101],[-103.426318,20.685109],[-103.426334,20.685118],[-103.42635,20.685126],[-103.426367,20.685134],[-103.426383,20.685142],[-103.426399,20.685151],[-103.426415,20.685159],[-103.426432,20.685167],[-103.426448,20.685175],[-103.426465,20.685183],[-103.426481,20.685191],[-103.426497,20.685199],[-103.426514,20.685207],[-103.42653,20.685215],[-103.426547,20.685222],[-103.426563,20.68523],[-103.42658,20.685238],[-103.426596,20.685246],[-103.426613,20.685254],[-103.426629,20.685262],[-103.426646,20.685269],[-103.426662,20.685277],[-103.426679,20.685285],[-103.426695,20.685293],[-103.426712,20.6853],[-103.426728,20.685308],[-103.436122,20.689718],[-103.436137,20.689725],[-103.436153,20.689733],[-103.436169,20.68974],[-103.436184,20.689747],[-103.4362,20.689755],[-103.436215,20.689762],[-103.436231,20.689769],[-103.436247,20.689776],[-103.436262,20.689784],[-103.436278,20.689791],[-103.436294,20.689798],[-103.436722,20.689996],[-103.436738,20.690003],[-103.436754,20.69001],[-103.43677,20.690018],[-103.436785,20.690025],[-103.436801,20.690032],[-103.436817,20.690039],[-103.436832,20.690046],[-103.436848,20.690053],[-103.436864,20.69006],[-103.43688,20.690068],[-103.436895,20.690075],[-103.445072,20.693779],[-103.445089,20.693787],[-103.445106,20.693795],[-103.445123,20.693802],[-103.445139,20.69381],[-103.445156,20.693817],[-103.445173,20.693825],[-103.44519,20.693833],[-103.445207,20.69384],[-103.445224,20.693848],[-103.445241,20.693856],[-103.445257,20.693863],[-103.445274,20.693871],[-103.445291,20.693879],[-103.445308,20.693887],[-103.445325,20.693894],[-103.445342,20.693902],[-103.445359,20.69391],[-103.445375,20.693917],[-103.445392,20.693925],[-103.445409,20.693933],[-103.445426,20.693941],[-103.445443,20.693949],[-103.445459,20.693956],[-103.445476,20.693964],[-103.445493,20.693972],[-103.44551,20.69398],[-103.445526,20.693988],[-103.445543,20.693996],[-103.44556,20.694004],[-103.445577,20.694011],[-103.445593,20.694019],[-103.44561,20.694027],[-103.445627,20.694035],[-103.445644,20.694043],[-103.44566,20.694051],[-103.445677,20.694059],[-103.445694,20.694067],[-103.44571,20.694075],[-103.445727,20.694084],[-103.445743,20.694092],[-103.44576,20.6941],[-103.446114,20.694281],[-103.44646,20.694475],[-103.4468,20.694679],[-103.447131,20.694894],[-103.447454,20.695121],[-103.447769,20.695357],[-103.448075,20.695604],[-103.448089,20.695616],[-103.448103,20.695628],[-103.448117,20.695639],[-103.44813,20.695651],[-103.448144,20.695663],[-103.448158,20.695675],[-103.448172,20.695687],[-103.448186,20.695698],[-103.4482,20.69571],[-103.448214,20.695722],[-103.448227,20.695734],[-103.448241,20.695746],[-103.448255,20.695758],[-103.448269,20.69577],[-103.448283,20.695782],[-103.448296,20.695794],[-103.44831,20.695806],[-103.448324,20.695818],[-103.448337,20.69583],[-103.448351,20.695842],[-103.448365,20.695854],[-103.448378,20.695866],[-103.448392,20.695878],[-103.448406,20.69589],[-103.448419,20.695902],[-103.448433,20.695914],[-103.448447,20.695926],[-103.44846,20.695938],[-103.448474,20.695951],[-103.448488,20.695963],[-103.448501,20.695975],[-103.448515,20.695987],[-103.448528,20.695999],[-103.448542,20.696011],[-103.448556,20.696023],[-103.448569,20.696035],[-103.448583,20.696048],[-103.448596,20.69606],[-103.44861,20.696072],[-103.448623,20.696084],[-103.448637,20.696096],[-103.454259,20.701125],[-103.454272,20.701137],[-103.454285,20.701149],[-103.454299,20.701161],[-103.454312,20.701173],[-103.454326,20.701185],[-103.454339,20.701197],[-103.454352,20.701209],[-103.454366,20.701221],[-103.454379,20.701233],[-103.454392,20.701245],[-103.454406,20.701257],[-103.454419,20.701269],[-103.454433,20.701281],[-103.454446,20.701293],[-103.454459,20.701305],[-103.454473,20.701317],[-103.454486,20.701329],[-103.454499,20.701341],[-103.454513,20.701353],[-103.454526,20.701365],[-103.454539,20.701377],[-103.454553,20.701389],[-103.454566,20.701401],[-103.454579,20.701413],[-103.454592,20.701425],[-103.454606,20.701437],[-103.454912,20.701719],[-103.454926,20.701731],[-103.454939,20.701743],[-103.454952,20.701756],[-103.454965,20.701768],[-103.454978,20.70178],[-103.454991,20.701792],[-103.455004,20.701805],[-103.455017,20.701817],[-103.45503,20.701829],[-103.455043,20.701841],[-103.455056,20.701854],[-103.455069,20.701866],[-103.455083,20.701878],[-103.455096,20.70189],[-103.455109,20.701903],[-103.455122,20.701915],[-103.455135,20.701927],[-103.455148,20.70194],[-103.455161,20.701952],[-103.455174,20.701964],[-103.455187,20.701977],[-103.4552,20.701989],[-103.455213,20.702001],[-103.455226,20.702013],[-103.455239,20.702026],[-103.455252,20.702038],[-103.466132,20.71231],[-103.466145,20.712323],[-103.466159,20.712336],[-103.466172,20.712348],[-103.466185,20.712361],[-103.466199,20.712373],[-103.466212,20.712386],[-103.466226,20.712399],[-103.466239,20.712411],[-103.466252,20.712424],[-103.466266,20.712436],[-103.466279,20.712449],[-103.466292,20.712461],[-103.466306,20.712474],[-103.466319,20.712487],[-103.466332,20.712499],[-103.466346,20.712512],[-103.466359,20.712524],[-103.466373,20.712537],[-103.466386,20.712549],[-103.466399,20.712562],[-103.466413,20.712574],[-103.466426,20.712587],[-103.46644,20.7126],[-103.466453,20.712612],[-103.466467,20.712625],[-103.46648,20.712637],[-103.466494,20.71265],[-103.466507,20.712662],[-103.466521,20.712675],[-103.466534,20.712687],[-103.466548,20.712699],[-103.466561,20.712712],[-103.466575,20.712724],[-103.466588,20.712737],[-103.466602,20.712749],[-103.466615,20.712762],[-103.466629,20.712774],[-103.466642,20.712786],[-103.466656,20.712799],[-103.46667,20.712811],[-103.466683,20.712823],[-103.466697,20.712836],[-103.46671,20.712848],[-103.466724,20.71286],[-103.466738,20.712873],[-103.466751,20.712885],[-103.466765,20.712897],[-103.466779,20.712909],[-103.466793,20.712922],[-103.466806,20.712934],[-103.46682,20.712946],[-103.466834,20.712958],[-103.466848,20.71297],[-103.466862,20.712983],[-103.466875,20.712995],[-103.466889,20.713007],[-103.466903,20.713019],[-103.466917,20.713031],[-103.466931,20.713043],[-103.466945,20.713055],[-103.466959,20.713067],[-103.466973,20.713079],[-103.466987,20.713091],[-103.467001,20.713103],[-103.467015,20.713115],[-103.467029,20.713127],[-103.467317,20.713363],[-103.467614,20.71359],[-103.467919,20.713808],[-103.468231,20.714017],[-103.46855,20.714215],[-103.468877,20.714403],[-103.469209,20.714581],[-103.469548,20.714749],[-103.469892,20.714905],[-103.470242,20.715051],[-103.470597,20.715186],[-103.470615,20.715193],[-103.470632,20.715199],[-103.47065,20.715205],[-103.470668,20.715212],[-103.470685,20.715218],[-103.470703,20.715224],[-103.470721,20.71523],[-103.470738,20.715236],[-103.470756,20.715243],[-103.470774,20.715249],[-103.470792,20.715255],[-103.470809,20.715261],[-103.470827,20.715267],[-103.470845,20.715273],[-103.470863,20.715279],[-103.470881,20.715285],[-103.470898,20.715291],[-103.470916,20.715297],[-103.470934,20.715303],[-103.470952,20.715309],[-103.47097,20.715315],[-103.470988,20.715321],[-103.471005,20.715327],[-103.471023,20.715333],[-103.471041,20.715339],[-103.471059,20.715344],[-103.471077,20.71535],[-103.471095,20.715356],[-103.471113,20.715362],[-103.471131,20.715367],[-103.471148,20.715373],[-103.471166,20.715379],[-103.471184,20.715385],[-103.471202,20.71539],[-103.47122,20.715396],[-103.471238,20.715402],[-103.471256,20.715407],[-103.471274,20.715413],[-103.471292,20.715419],[-103.47131,20.715424],[-103.471328,20.71543],[-103.471346,20.715436],[-103.471364,20.715441],[-103.471381,20.715447],[-103.471399,20.715452],[-103.471417,20.715458],[-103.471435,20.715464],[-103.471453,20.715469],[-103.471471,20.715475],[-103.471489,20.71548],[-103.471507,20.715486],[-103.471525,20.715491],[-103.471543,20.715497],[-103.471561,20.715502],[-103.471579,20.715508],[-103.471597,20.715513],[-103.471615,20.715519],[-103.471633,20.715524],[-103.471651,20.71553],[-103.471669,20.715535],[-103.471687,20.715541],[-103.471705,20.715546],[-103.471723,20.715552],[-103.471741,20.715557],[-103.471759,20.715563],[-103.471777,20.715568],[-103.489948,20.721107],[-103.489965,20.721112],[-103.489982,20.721117],[-103.489998,20.721122],[-103.490015,20.721127],[-103.490031,20.721132],[-103.490048,20.721137],[-103.490065,20.721142],[-103.490081,20.721147],[-103.490098,20.721152],[-103.490114,20.721157],[-103.490131,20.721163],[-103.490586,20.721302],[-103.490603,20.721307],[-103.49062,20.721312],[-103.490636,20.721317],[-103.490653,20.721323],[-103.490669,20.721328],[-103.490686,20.721333],[-103.490703,20.721338],[-103.490719,20.721343],[-103.490736,20.721348],[-103.490752,20.721353],[-103.490769,20.721358],[-103.503468,20.725274]]}},{"type":"Feature","properties":{"nombre":"kml_2"},"geometry":{"type":"LineString","coordinates":[[-103.080663,20.633965],[-103.088885,20.629635],[-103.088902,20.629626],[-103.088918,20.629618],[-103.088935,20.629609],[-103.088951,20.6296],[-103.088968,20.629591],[-103.088984,20.629583],[-103.089001,20.629574],[-103.089018,20.629565],[-103.089034,20.629557],[-103.089051,20.629548],[-103.089067,20.629539],[-103.089084,20.62953],[-103.0891,20.629522],[-103.089117,20.629513],[-103.089133,20.629504],[-103.08915,20.629495],[-103.089166,20.629487],[-103.089183,20.629478],[-103.089199,20.629469],[-103.089216,20.62946],[-103.089233,20.629452],[-103.089249,20.629443],[-103.089266,20.629434],[-103.089282,20.629425],[-103.089299,20.629417],[-103.089315,20.629408],[-103.089332,20.629399],[-103.089348,20.62939],[-103.089365,20.629381],[-103.089381,20.629373],[-103.089398,20.629364],[-103.089414,20.629355],[-103.089431,20.629346],[-103.089447,20.629337],[-103.089463,20.629328],[-103.08948,20.629319],[-103.089496,20.629311],[-103.089513,20.629302],[-103.089529,20.629293],[-103.089546,20.629284],[-103.089562,20.629275],[-103.089579,20.629266],[-103.089595,20.629257],[-103.089722,20.629188],[-103.089849,20.629117],[-103.089975,20.629047],[-103.090101,20.628975],[-103.090226,20.628903],[-103.090352,20.628831],[-103.090476,20.628757],[-103.090601,20.628684],[-103.090725,20.628609],[-103.090848,20.628534],[-103.090971,20.628459],[-103.091094,20.628383],[-103.091216,20.628306],[-103.091338,20.628228],[-103.09146,20.62815],[-103.091581,20.628072],[-103.091701,20.627993],[-103.091821,20.627913],[-103.091941,20.627833],[-103.09206,20.627752],[-103.092179,20.627671],[-103.092298,20.627589],[-103.092416,20.627506],[-103.092533,20.627423],[-103.09265,20.627339],[-103.092767,20.627255],[-103.092883,20.62717],[-103.092999,20.627085],[-103.093114,20.626999],[-103.093229,20.626913],[-103.093343,20.626826],[-103.093457,20.626738],[-103.09357,20.62665],[-103.093683,20.626561],[-103.093795,20.626472],[-103.093907,20.626383],[-103.094019,20.626292],[-103.09413,20.626201],[-103.09424,20.62611],[-103.09435,20.626018],[-103.094459,20.625926],[-103.094568,20.625833],[-103.094677,20.62574],[-103.094785,20.625646],[-103.094892,20.625551],[-103.094999,20.625456],[-103.095105,20.625361],[-103.095211,20.625265],[-103.095316,20.625168],[-103.095421,20.625071],[-103.095525,20.624974],[-103.095629,20.624876],[-103.095732,20.624777],[-103.095835,20.624678],[-103.095937,20.624579],[-103.096039,20.624479],[-103.09614,20.624378],[-103.09624,20.624277],[-103.09634,20.624176],[-103.09644,20.624074],[-103.096538,20.623971],[-103.096637,20.623868],[-103.096734,20.623765],[-103.096832,20.623661],[-103.096928,20.623557],[-103.097024,20.623452],[-103.09712,20.623347],[-103.097215,20.623241],[-103.097309,20.623135],[-103.097403,20.623029],[-103.097496,20.622922],[-103.097588,20.622814],[-103.09768,20.622706],[-103.097772,20.622598],[-103.097863,20.622489],[-103.097953,20.62238],[-103.098043,20.62227],[-103.098132,20.62216],[-103.09822,20.62205],[-103.098308,20.621939],[-103.098395,20.621827],[-103.098482,20.621715],[-103.098568,20.621603],[-103.098653,20.621491],[-103.098738,20.621378],[-103.098822,20.621264],[-103.098906,20.62115],[-103.098989,20.621036],[-103.099071,20.620922],[-103.099153,20.620807],[-103.099234,20.620691],[-103.099314,20.620575],[-103.099394,20.620459],[-103.099473,20.620343],[-103.099483,20.620328],[-103.099494,20.620312],[-103.099504,20.620297],[-103.099514,20.620282],[-103.099524,20.620267],[-103.099534,20.620252],[-103.099544,20.620237],[-103.099554,20.620222],[-103.099564,20.620207],[-103.099575,20.620192],[-103.099585,20.620177],[-103.099595,20.620161],[-103.099605,20.620146],[-103.099615,20.620131],[-103.099625,20.620116],[-103.099635,20.620101],[-103.099645,20.620086],[-103.099655,20.620071],[-103.099665,20.620055],[-103.099675,20.62004],[-103.099685,20.620025],[-103.099695,20.62001],[-103.099705,20.619995],[-103.099715,20.61998],[-103.099725,20.619964],[-103.099735,20.619949],[-103.099745,20.619934],[-103.099755,20.619919],[-103.099765,20.619904],[-103.099775,20.619888],[-103.099785,20.619873],[-103.099795,20.619858],[-103.099805,20.619843],[-103.099815,20.619828],[-103.099825,20.619813],[-103.099835,20.619797],[-103.099845,20.619782],[-103.099855,20.619767],[-103.099865,20.619752],[-103.099874,20.619737],[-103.099884,20.619721],[-103.099894,20.619706],[-103.099904,20.619691],[-103.102596,20.615579],[-103.102606,20.615563],[-103.102616,20.615548],[-103.102626,20.615533],[-103.102636,20.615518],[-103.102646,20.615502],[-103.102656,20.615487],[-103.102666,20.615472],[-103.102676,20.615456],[-103.102686,20.615441],[-103.102696,20.615426],[-103.102706,20.615411],[-103.102716,20.615395],[-103.102726,20.61538],[-103.102736,20.615365],[-103.102746,20.61535],[-103.102756,20.615334],[-103.102766,20.615319],[-103.102776,20.615304],[-103.102787,20.615289],[-103.102797,20.615273],[-103.102807,20.615258],[-103.102817,20.615243],[-103.102827,20.615228],[-103.102837,20.615212],[-103.102847,20.615197],[-103.102857,20.615182],[-103.102867,20.615167],[-103.102877,20.615151],[-103.102887,20.615136],[-103.102897,20.615121],[-103.102908,20.615106],[-103.102918,20.61509],[-103.102928,20.615075],[-103.102938,20.61506],[-103.102948,20.615045],[-103.102958,20.61503],[-103.102969,20.615014],[-103.102979,20.614999],[-103.102989,20.614984],[-103.102999,20.614969],[-103.103009,20.614954],[-103.10302,20.614939],[-103.10303,20.614924],[-103.10304,20.614908],[-103.10305,20.614893],[-103.103061,20.614878],[-103.103071,20.614863],[-103.103081,20.614848],[-103.103091,20.614833],[-103.103102,20.614818],[-103.103112,20.614803],[-103.103122,20.614787],[-103.103133,20.614772],[-103.103143,20.614757],[-103.103154,20.614742],[-103.103164,20.614727],[-103.103174,20.614712],[-103.103185,20.614697],[-103.103195,20.614682],[-103.103206,20.614667],[-103.103216,20.614652],[-103.103227,20.614637],[-103.103237,20.614622],[-103.103248,20.614607],[-103.103258,20.614592],[-103.103269,20.614577],[-103.103279,20.614562],[-103.10329,20.614547],[-103.103301,20.614532],[-103.103311,20.614518],[-103.103322,20.614503],[-103.103333,20.614488],[-103.103343,20.614473],[-103.103354,20.614458],[-103.103365,20.614443],[-103.103375,20.614428],[-103.103386,20.614414],[-103.103397,20.614399],[-103.103408,20.614384],[-103.103418,20.614369],[-103.103429,20.614354],[-103.10344,20.61434],[-103.103451,20.614325],[-103.103511,20.614244],[-103.103571,20.614164],[-103.103632,20.614085],[-103.103694,20.614006],[-103.103756,20.613927],[-103.103819,20.613849],[-103.103883,20.613771],[-103.103947,20.613693],[-103.104011,20.613616],[-103.104076,20.61354],[-103.104142,20.613464],[-103.104209,20.613388],[-103.104276,20.613313],[-103.104343,20.613238],[-103.104411,20.613164],[-103.10448,20.61309],[-103.104549,20.613016],[-103.104619,20.612944],[-103.10469,20.612871],[-103.104761,20.612799],[-103.104832,20.612728],[-103.104904,20.612657],[-103.104977,20.612586],[-103.10505,20.612516],[-103.105124,20.612447],[-103.105198,20.612378],[-103.105273,20.61231],[-103.105348,20.612242],[-103.105424,20.612174],[-103.1055,20.612107],[-103.105577,20.612041],[-103.105654,20.611975],[-103.105732,20.61191],[-103.10581,20.611845],[-103.105889,20.611781],[-103.105968,20.611717],[-103.106048,20.611654],[-103.106128,20.611591],[-103.106209,20.611529],[-103.10629,20.611468],[-103.106372,20.611407],[-103.106454,20.611346],[-103.106537,20.611287],[-103.10662,20.611227],[-103.106704,20.611169],[-103.106788,20.61111],[-103.106872,20.611053],[-103.106957,20.610996],[-103.107042,20.610939],[-103.107128,20.610884],[-103.107214,20.610828],[-103.107301,20.610774],[-103.107388,20.61072],[-103.107475,20.610666],[-103.107563,20.610613],[-103.107652,20.610561],[-103.10774,20.610509],[-103.107829,20.610458],[-103.107919,20.610408],[-103.108009,20.610358],[-103.108099,20.610309],[-103.108189,20.61026],[-103.10828,20.610212],[-103.108372,20.610165],[-103.108463,20.610118],[-103.108555,20.610072],[-103.108648,20.610027],[-103.10874,20.609982],[-103.108834,20.609938],[-103.108927,20.609894],[-103.109021,20.609851],[-103.109115,20.609809],[-103.109209,20.609767],[-103.109304,20.609726],[-103.109399,20.609686],[-103.109494,20.609646],[-103.10959,20.609607],[-103.109686,20.609569],[-103.109782,20.609531],[-103.109879,20.609494],[-103.109975,20.609457],[-103.110073,20.609422],[-103.11017,20.609386],[-103.110268,20.609352],[-103.110365,20.609318],[-103.110464,20.609285],[-103.110562,20.609253],[-103.110661,20.609221],[-103.11076,20.60919],[-103.110859,20.609159],[-103.110958,20.60913],[-103.111058,20.609101],[-103.111157,20.609072],[-103.111257,20.609045],[-103.111358,20.609018],[-103.111458,20.608991],[-103.111559,20.608966],[-103.11166,20.608941],[-103.111761,20.608916],[-103.111862,20.608893],[-103.111963,20.60887],[-103.112065,20.608848],[-103.112166,20.608826],[-103.112268,20.608805],[-103.11237,20.608785],[-103.112473,20.608766],[-103.112575,20.608747],[-103.112677,20.608729],[-103.11278,20.608712],[-103.112883,20.608695],[-103.112986,20.608679],[-103.113089,20.608664],[-103.113192,20.608649],[-103.113295,20.608636],[-103.113398,20.608623],[-103.113502,20.60861],[-103.113605,20.608598],[-103.113709,20.608587],[-103.113728,20.608586],[-103.113747,20.608584],[-103.113766,20.608582],[-103.113785,20.60858],[-103.113804,20.608578],[-103.113823,20.608576],[-103.113842,20.608574],[-103.113861,20.608573],[-103.11388,20.608571],[-103.113899,20.608569],[-103.113918,20.608567],[-103.113937,20.608566],[-103.113956,20.608564],[-103.113975,20.608562],[-103.113994,20.608561],[-103.114013,20.608559],[-103.114032,20.608558],[-103.114051,20.608556],[-103.11407,20.608554],[-103.114089,20.608553],[-103.114108,20.608551],[-103.114127,20.60855],[-103.114146,20.608548],[-103.114165,20.608547],[-103.114184,20.608545],[-103.114203,20.608544],[-103.114222,20.608543],[-103.114241,20.608541],[-103.11426,20.60854],[-103.114279,20.608538],[-103.114298,20.608537],[-103.114317,20.608536],[-103.114336,20.608534],[-103.114355,20.608533],[-103.114374,20.608532],[-103.114393,20.608531],[-103.114412,20.608529],[-103.114431,20.608528],[-103.11445,20.608527],[-103.114469,20.608526],[-103.114488,20.608524],[-103.114507,20.608523],[-103.114526,20.608522],[-103.114545,20.608521],[-103.114564,20.60852],[-103.114583,20.608518],[-103.114602,20.608517],[-103.114621,20.608516],[-103.11464,20.608515],[-103.114659,20.608514],[-103.114678,20.608513],[-103.114697,20.608512],[-103.114716,20.608511],[-103.114735,20.608509],[-103.114754,20.608508],[-103.114773,20.608507],[-103.114792,20.608506],[-103.114811,20.608505],[-103.11483,20.608504],[-103.114849,20.608503],[-103.114868,20.608502],[-103.114888,20.608501],[-103.114907,20.6085],[-103.114926,20.608499],[-103.114945,20.608498],[-103.114964,20.608497],[-103.114983,20.608496],[-103.115002,20.608495],[-103.115021,20.608494],[-103.11504,20.608493],[-103.115059,20.608492],[-103.115078,20.608491],[-103.115097,20.60849],[-103.115116,20.608489],[-103.115135,20.608488],[-103.115154,20.608487],[-103.115173,20.608486],[-103.115192,20.608485],[-103.115211,20.608484],[-103.11523,20.608483],[-103.115249,20.608482],[-103.115268,20.608481],[-103.115287,20.60848],[-103.120947,20.608195],[-103.120966,20.608194],[-103.120985,20.608193],[-103.121004,20.608192],[-103.121023,20.608191],[-103.121042,20.60819],[-103.12106,20.608189],[-103.121079,20.608188],[-103.121098,20.608187],[-103.121117,20.608186],[-103.121136,20.608185],[-103.121155,20.608184],[-103.121174,20.608183],[-103.121193,20.608182],[-103.121212,20.608181],[-103.121231,20.60818],[-103.12125,20.60818],[-103.121268,20.608179],[-103.121287,20.608178],[-103.121306,20.608177],[-103.121325,20.608176],[-103.121344,20.608175],[-103.121363,20.608174],[-103.121382,20.608173],[-103.121401,20.608173],[-103.12142,20.608172],[-103.121439,20.608171],[-103.121458,20.60817],[-103.121476,20.608169],[-103.121495,20.608169],[-103.121514,20.608168],[-103.121533,20.608167],[-103.121552,20.608166],[-103.121571,20.608166],[-103.12159,20.608165],[-103.121609,20.608164],[-103.121628,20.608163],[-103.121647,20.608163],[-103.121666,20.608162],[-103.121781,20.608158],[-103.121897,20.608155],[-103.122013,20.608153],[-103.122129,20.608151],[-103.122245,20.60815],[-103.122361,20.608149],[-103.122477,20.608149],[-103.122593,20.608149],[-103.122709,20.60815],[-103.122825,20.608152],[-103.122941,20.608154],[-103.123057,20.608157],[-103.123172,20.608161],[-103.123288,20.608165],[-103.123404,20.60817],[-103.12352,20.608175],[-103.123636,20.608181],[-103.123751,20.608187],[-103.12377,20.608188],[-103.123789,20.60819],[-103.123808,20.608191],[-103.123827,20.608192],[-103.123846,20.608193],[-103.123865,20.608194],[-103.123884,20.608195],[-103.123902,20.608197],[-103.123921,20.608198],[-103.12394,20.608199],[-103.123959,20.6082],[-103.123978,20.608202],[-103.123997,20.608203],[-103.124016,20.608204],[-103.124035,20.608206],[-103.124054,20.608207],[-103.124072,20.608208],[-103.124091,20.608209],[-103.12411,20.608211],[-103.124129,20.608212],[-103.124148,20.608213],[-103.124167,20.608215],[-103.124186,20.608216],[-103.124205,20.608218],[-103.124223,20.608219],[-103.124242,20.60822],[-103.124261,20.608222],[-103.12428,20.608223],[-103.124299,20.608225],[-103.124318,20.608226],[-103.124337,20.608227],[-103.124356,20.608229],[-103.124374,20.60823],[-103.124393,20.608232],[-103.124412,20.608233],[-103.124431,20.608234],[-103.12445,20.608236],[-103.124469,20.608237],[-103.127667,20.608477],[-103.127686,20.608478],[-103.127704,20.608479],[-103.127723,20.608481],[-103.127742,20.608482],[-103.12776,20.608484],[-103.127779,20.608485],[-103.127798,20.608486],[-103.127816,20.608488],[-103.127835,20.608489],[-103.127854,20.60849],[-103.127872,20.608492],[-103.127891,20.608493],[-103.12791,20.608494],[-103.127928,20.608496],[-103.127947,20.608497],[-103.127966,20.608498],[-103.127984,20.6085],[-103.128003,20.608501],[-103.128022,20.608502],[-103.12804,20.608504],[-103.128059,20.608505],[-103.128078,20.608506],[-103.128096,20.608507],[-103.128115,20.608508],[-103.128134,20.60851],[-103.128152,20.608511],[-103.128171,20.608512],[-103.12819,20.608513],[-103.128208,20.608514],[-103.128227,20.608515],[-103.128246,20.608516],[-103.128265,20.608517],[-103.128283,20.608518],[-103.128302,20.608519],[-103.128321,20.60852],[-103.128339,20.608521],[-103.128358,20.608522],[-103.128377,20.608523],[-103.128395,20.608524],[-103.128414,20.608525],[-103.128433,20.608526],[-103.128525,20.608529],[-103.128618,20.608532],[-103.128711,20.608535],[-103.128803,20.608536],[-103.128896,20.608537],[-103.128989,20.608537],[-103.129081,20.608537],[-103.129174,20.608535],[-103.129267,20.608533],[-103.129359,20.608531],[-103.129452,20.608527],[-103.129545,20.608523],[-103.129637,20.608519],[-103.12973,20.608513],[-103.129822,20.608507],[-103.129914,20.6085],[-103.130007,20.608492],[-103.130099,20.608484],[-103.130191,20.608475],[-103.130283,20.608466],[-103.130375,20.608455],[-103.130467,20.608444],[-103.130559,20.608432],[-103.130651,20.60842],[-103.130742,20.608407],[-103.130834,20.608393],[-103.130852,20.60839],[-103.130871,20.608387],[-103.130889,20.608384],[-103.130908,20.608381],[-103.130926,20.608378],[-103.130945,20.608375],[-103.130963,20.608372],[-103.130982,20.608369],[-103.131,20.608366],[-103.131018,20.608363],[-103.131037,20.60836],[-103.131055,20.608357],[-103.131074,20.608354],[-103.131092,20.60835],[-103.13111,20.608347],[-103.131129,20.608344],[-103.131147,20.608341],[-103.131166,20.608337],[-103.131184,20.608334],[-103.131202,20.608331],[-103.131221,20.608328],[-103.131239,20.608324],[-103.131258,20.608321],[-103.131276,20.608318],[-103.131294,20.608314],[-103.131313,20.608311],[-103.131331,20.608308],[-103.131349,20.608304],[-103.131368,20.608301],[-103.131386,20.608297],[-103.131405,20.608294],[-103.131423,20.608291],[-103.131441,20.608287],[-103.13146,20.608284],[-103.131478,20.60828],[-103.131496,20.608277],[-103.131515,20.608273],[-103.131533,20.60827],[-103.131551,20.608266],[-103.13157,20.608263],[-103.131588,20.60826],[-103.136483,20.607341],[-103.136501,20.607338],[-103.136519,20.607334],[-103.136538,20.607331],[-103.136556,20.607327],[-103.136574,20.607324],[-103.136593,20.60732],[-103.136611,20.607317],[-103.13663,20.607313],[-103.136648,20.60731],[-103.136666,20.607306],[-103.136685,20.607303],[-103.136703,20.607299],[-103.136721,20.607296],[-103.13674,20.607292],[-103.136758,20.607289],[-103.136776,20.607285],[-103.136795,20.607281],[-103.136813,20.607278],[-103.136831,20.607274],[-103.136849,20.60727],[-103.136868,20.607267],[-103.136886,20.607263],[-103.136904,20.607259],[-103.136923,20.607255],[-103.136941,20.607251],[-103.136959,20.607248],[-103.136977,20.607244],[-103.136996,20.60724],[-103.137014,20.607236],[-103.137032,20.607232],[-103.13705,20.607228],[-103.137068,20.607223],[-103.137087,20.607219],[-103.137105,20.607215],[-103.137123,20.607211],[-103.137141,20.607206],[-103.137159,20.607202],[-103.137177,20.607198],[-103.137195,20.607193],[-103.137214,20.607189],[-103.137232,20.607184],[-103.137294,20.607168],[-103.137356,20.607151],[-103.137419,20.607134],[-103.13748,20.607115],[-103.137542,20.607096],[-103.137604,20.607077],[-103.137665,20.607057],[-103.137726,20.607036],[-103.137786,20.607014],[-103.137847,20.606992],[-103.137907,20.60697],[-103.137967,20.606946],[-103.138027,20.606922],[-103.138086,20.606898],[-103.138145,20.606872],[-103.138204,20.606846],[-103.138262,20.60682],[-103.13832,20.606793],[-103.138378,20.606765],[-103.138435,20.606737],[-103.138492,20.606708],[-103.138549,20.606678],[-103.138605,20.606648],[-103.138661,20.606617],[-103.138717,20.606586],[-103.138772,20.606554],[-103.138827,20.606521],[-103.138882,20.606488],[-103.138936,20.606455],[-103.138989,20.60642],[-103.139043,20.606385],[-103.139096,20.60635],[-103.139148,20.606314],[-103.1392,20.606278],[-103.139251,20.606241],[-103.139303,20.606203],[-103.139317,20.606192],[-103.139332,20.606181],[-103.139346,20.60617],[-103.139361,20.606159],[-103.139376,20.606148],[-103.13939,20.606137],[-103.139404,20.606125],[-103.139419,20.606114],[-103.139433,20.606103],[-103.139448,20.606092],[-103.139462,20.60608],[-103.139476,20.606069],[-103.139491,20.606058],[-103.139505,20.606046],[-103.139519,20.606035],[-103.139533,20.606023],[-103.139547,20.606012],[-103.139562,20.606],[-103.139576,20.605989],[-103.13959,20.605977],[-103.139604,20.605965],[-103.139618,20.605954],[-103.139632,20.605942],[-103.139646,20.60593],[-103.13966,20.605919],[-103.139674,20.605907],[-103.139688,20.605895],[-103.139702,20.605884],[-103.139716,20.605872],[-103.13973,20.60586],[-103.139744,20.605848],[-103.139758,20.605837],[-103.139772,20.605825],[-103.139786,20.605813],[-103.139799,20.605801],[-103.139813,20.605789],[-103.139827,20.605778],[-103.139841,20.605766],[-103.139855,20.605754],[-103.139869,20.605742],[-103.139883,20.60573],[-103.1408,20.604949],[-103.140814,20.604937],[-103.140827,20.604925],[-103.140841,20.604914],[-103.140855,20.604902],[-103.140868,20.60489],[-103.140882,20.604879],[-103.140896,20.604867],[-103.140909,20.604855],[-103.140923,20.604844],[-103.140937,20.604832],[-103.140951,20.604821],[-103.140964,20.604809],[-103.140978,20.604797],[-103.140992,20.604786],[-103.141006,20.604774],[-103.141019,20.604763],[-103.141033,20.604751],[-103.141047,20.60474],[-103.141061,20.604728],[-103.141075,20.604717],[-103.141088,20.604705],[-103.141102,20.604694],[-103.141116,20.604682],[-103.14113,20.604671],[-103.141144,20.60466],[-103.141158,20.604648],[-103.141221,20.604597],[-103.141285,20.604547],[-103.141349,20.604497],[-103.141414,20.604448],[-103.141479,20.6044],[-103.141544,20.604351],[-103.14161,20.604304],[-103.141677,20.604257],[-103.141743,20.60421],[-103.141811,20.604164],[-103.141878,20.604119],[-103.141946,20.604074],[-103.142015,20.604029],[-103.142084,20.603986],[-103.142153,20.603942],[-103.142223,20.6039],[-103.142293,20.603858],[-103.142363,20.603816],[-103.142434,20.603775],[-103.142505,20.603735],[-103.142577,20.603695],[-103.142649,20.603656],[-103.142721,20.603617],[-103.142794,20.603579],[-103.142867,20.603542],[-103.14294,20.603505],[-103.143014,20.603469],[-103.143088,20.603433],[-103.143162,20.603398],[-103.143237,20.603364],[-103.143311,20.60333],[-103.143387,20.603297],[-103.143462,20.603265],[-103.143538,20.603233],[-103.143614,20.603201],[-103.143691,20.603171],[-103.143767,20.60314],[-103.143844,20.603111],[-103.143922,20.603082],[-103.143999,20.603054],[-103.144077,20.603026],[-103.144155,20.603],[-103.144233,20.602973],[-103.144312,20.602948],[-103.144391,20.602923],[-103.14447,20.602898],[-103.144487,20.602893],[-103.144505,20.602888],[-103.144522,20.602882],[-103.14454,20.602877],[-103.144557,20.602872],[-103.144575,20.602867],[-103.144593,20.602862],[-103.14461,20.602857],[-103.144628,20.602851],[-103.144646,20.602846],[-103.144663,20.602841],[-103.144681,20.602836],[-103.144699,20.602831],[-103.144716,20.602826],[-103.144734,20.602821],[-103.144752,20.602816],[-103.144769,20.602811],[-103.144787,20.602806],[-103.144805,20.602801],[-103.144822,20.602796],[-103.14484,20.602791],[-103.144858,20.602786],[-103.144875,20.602782],[-103.144893,20.602777],[-103.144911,20.602772],[-103.144928,20.602767],[-103.14797,20.601921],[-103.147988,20.601916],[-103.148005,20.601911],[-103.148023,20.601906],[-103.148041,20.601901],[-103.148059,20.601896],[-103.148077,20.601891],[-103.148095,20.601886],[-103.148113,20.601881],[-103.148131,20.601876],[-103.148149,20.601871],[-103.148167,20.601866],[-103.148185,20.601861],[-103.148203,20.601857],[-103.148221,20.601852],[-103.148239,20.601847],[-103.148257,20.601842],[-103.148275,20.601837],[-103.148293,20.601832],[-103.148311,20.601828],[-103.148329,20.601823],[-103.148347,20.601818],[-103.148365,20.601814],[-103.148383,20.601809],[-103.148401,20.601804],[-103.148419,20.6018],[-103.148437,20.601795],[-103.148456,20.601791],[-103.148474,20.601786],[-103.148492,20.601782],[-103.14851,20.601777],[-103.148528,20.601773],[-103.148546,20.601769],[-103.148564,20.601764],[-103.148583,20.60176],[-103.148601,20.601756],[-103.148619,20.601752],[-103.148637,20.601748],[-103.148655,20.601744],[-103.148674,20.60174],[-103.148692,20.601736],[-103.14871,20.601732],[-103.148775,20.601718],[-103.148839,20.601706],[-103.148904,20.601694],[-103.148969,20.601683],[-103.149034,20.601672],[-103.1491,20.601663],[-103.149165,20.601654],[-103.14923,20.601645],[-103.149296,20.601638],[-103.149362,20.601631],[-103.149427,20.601625],[-103.149493,20.601619],[-103.149559,20.601614],[-103.149625,20.60161],[-103.149691,20.601607],[-103.149757,20.601604],[-103.149823,20.601602],[-103.149889,20.601601],[-103.149955,20.6016],[-103.150021,20.601601],[-103.150087,20.601602],[-103.150153,20.601603],[-103.150219,20.601606],[-103.150285,20.601609],[-103.150351,20.601612],[-103.150417,20.601617],[-103.150483,20.601622],[-103.150549,20.601628],[-103.150615,20.601635],[-103.15068,20.601642],[-103.150746,20.60165],[-103.150811,20.601659],[-103.150877,20.601668],[-103.150942,20.601678],[-103.151007,20.601689],[-103.151072,20.601701],[-103.151137,20.601713],[-103.151201,20.601726],[-103.151266,20.60174],[-103.15133,20.601754],[-103.151394,20.601769],[-103.151458,20.601785],[-103.151522,20.601801],[-103.151585,20.601818],[-103.151649,20.601836],[-103.151712,20.601855],[-103.151774,20.601874],[-103.151837,20.601894],[-103.151899,20.601914],[-103.151962,20.601936],[-103.152023,20.601957],[-103.152085,20.60198],[-103.152146,20.602003],[-103.152207,20.602027],[-103.152225,20.602034],[-103.152242,20.602041],[-103.152259,20.602048],[-103.152276,20.602055],[-103.152293,20.602062],[-103.15231,20.602069],[-103.152328,20.602076],[-103.152345,20.602083],[-103.152362,20.602091],[-103.152379,20.602098],[-103.152396,20.602105],[-103.152413,20.602113],[-103.15243,20.60212],[-103.152447,20.602127],[-103.152464,20.602135],[-103.152481,20.602142],[-103.152497,20.60215],[-103.152514,20.602158],[-103.152531,20.602165],[-103.152548,20.602173],[-103.152565,20.60218],[-103.152582,20.602188],[-103.152599,20.602196],[-103.152615,20.602204],[-103.152632,20.602211],[-103.152649,20.602219],[-103.152666,20.602227],[-103.152683,20.602235],[-103.152699,20.602243],[-103.152716,20.60225],[-103.152733,20.602258],[-103.15275,20.602266],[-103.152766,20.602274],[-103.152783,20.602282],[-103.1528,20.60229],[-103.152817,20.602298],[-103.152833,20.602306],[-103.15285,20.602313],[-103.152867,20.602321],[-103.152884,20.602329],[-103.1529,20.602337],[-103.155674,20.603651],[-103.15569,20.603659],[-103.155707,20.603667],[-103.155724,20.603674],[-103.155741,20.603682],[-103.155757,20.60369],[-103.155774,20.603698],[-103.155791,20.603706],[-103.155808,20.603714],[-103.155824,20.603722],[-103.155841,20.60373],[-103.155858,20.603738],[-103.155875,20.603746],[-103.155892,20.603754],[-103.155908,20.603762],[-103.155925,20.603769],[-103.155942,20.603777],[-103.155959,20.603785],[-103.155976,20.603793],[-103.155993,20.603801],[-103.156009,20.603809],[-103.156026,20.603816],[-103.156043,20.603824],[-103.15606,20.603832],[-103.156159,20.603877],[-103.156259,20.603922],[-103.156359,20.603967],[-103.15646,20.604011],[-103.15656,20.604054],[-103.156661,20.604097],[-103.156763,20.604139],[-103.156864,20.604181],[-103.156881,20.604188],[-103.156898,20.604195],[-103.156916,20.604202],[-103.156933,20.604209],[-103.15695,20.604216],[-103.156967,20.604223],[-103.156985,20.60423],[-103.157002,20.604236],[-103.157019,20.604243],[-103.157037,20.60425],[-103.157054,20.604257],[-103.157071,20.604264],[-103.157088,20.604271],[-103.157106,20.604278],[-103.157123,20.604285],[-103.15714,20.604292],[-103.157158,20.604298],[-103.157175,20.604305],[-103.157192,20.604312],[-103.15721,20.604319],[-103.157227,20.604326],[-103.157244,20.604333],[-103.157261,20.604339],[-103.159465,20.60521],[-103.159481,20.605217],[-103.159498,20.605223],[-103.159514,20.605229],[-103.15953,20.605236],[-103.159546,20.605242],[-103.159562,20.605249],[-103.159578,20.605255],[-103.159594,20.605261],[-103.15961,20.605268],[-103.159626,20.605274],[-103.159642,20.60528],[-103.159888,20.605378],[-103.160133,20.605476],[-103.160378,20.605575],[-103.160622,20.605675],[-103.160867,20.605775],[-103.161111,20.605876],[-103.161355,20.605977],[-103.161598,20.60608],[-103.161841,20.606182],[-103.162084,20.606286],[-103.162327,20.60639],[-103.162569,20.606494],[-103.162811,20.6066],[-103.163052,20.606706],[-103.163294,20.606812],[-103.163535,20.606919],[-103.16355,20.606927],[-103.163566,20.606934],[-103.163582,20.606941],[-103.163598,20.606948],[-103.163613,20.606955],[-103.163629,20.606962],[-103.163645,20.606969],[-103.163661,20.606976],[-103.163676,20.606983],[-103.163692,20.60699],[-103.163708,20.606997],[-103.172322,20.610853],[-103.172339,20.61086],[-103.172356,20.610868],[-103.172373,20.610875],[-103.17239,20.610883],[-103.172407,20.61089],[-103.172424,20.610898],[-103.17244,20.610906],[-103.172457,20.610913],[-103.172474,20.610921],[-103.172491,20.610928],[-103.172508,20.610936],[-103.172525,20.610943],[-103.172542,20.610951],[-103.172559,20.610958],[-103.172576,20.610966],[-103.172593,20.610973],[-103.17261,20.610981],[-103.172627,20.610988],[-103.172644,20.610996],[-103.172661,20.611003],[-103.172678,20.611011],[-103.172695,20.611018],[-103.172712,20.611026],[-103.172822,20.611073],[-103.172931,20.611119],[-103.173041,20.611165],[-103.173151,20.61121],[-103.173261,20.611255],[-103.173372,20.611298],[-103.173483,20.611342],[-103.173594,20.611384],[-103.173706,20.611426],[-103.173818,20.611467],[-103.17393,20.611508],[-103.174042,20.611548],[-103.174155,20.611587],[-103.174268,20.611625],[-103.174381,20.611663],[-103.174494,20.611701],[-103.174608,20.611737],[-103.174722,20.611773],[-103.174836,20.611808],[-103.17495,20.611843],[-103.175065,20.611877],[-103.17518,20.61191],[-103.175295,20.611942],[-103.17541,20.611974],[-103.175526,20.612005],[-103.175641,20.612036],[-103.175757,20.612066],[-103.175873,20.612095],[-103.175989,20.612123],[-103.176106,20.612151],[-103.176222,20.612178],[-103.176339,20.612204],[-103.176456,20.61223],[-103.176573,20.612255],[-103.176691,20.612279],[-103.176808,20.612303],[-103.176926,20.612326],[-103.177043,20.612348],[-103.177161,20.612369],[-103.177279,20.61239],[-103.177398,20.61241],[-103.177516,20.61243],[-103.177534,20.612433],[-103.177553,20.612436],[-103.177571,20.612439],[-103.17759,20.612442],[-103.177608,20.612444],[-103.177627,20.612447],[-103.177645,20.61245],[-103.177664,20.612453],[-103.177682,20.612456],[-103.177701,20.612459],[-103.17772,20.612462],[-103.177738,20.612465],[-103.177757,20.612467],[-103.177775,20.61247],[-103.177794,20.612473],[-103.177812,20.612476],[-103.177831,20.612479],[-103.177849,20.612481],[-103.177868,20.612484],[-103.177886,20.612487],[-103.177905,20.61249],[-103.177923,20.612493],[-103.177942,20.612495],[-103.186047,20.613713],[-103.186065,20.613716],[-103.186084,20.613719],[-103.186102,20.613722],[-103.18612,20.613724],[-103.186138,20.613727],[-103.186156,20.61373],[-103.186175,20.613733],[-103.186193,20.613735],[-103.186211,20.613738],[-103.186229,20.613741],[-103.186247,20.613744],[-103.186266,20.613747],[-103.186284,20.613749],[-103.186302,20.613752],[-103.18632,20.613755],[-103.186338,20.613758],[-103.186357,20.613761],[-103.186375,20.613764],[-103.186393,20.613767],[-103.186411,20.61377],[-103.186429,20.613773],[-103.186448,20.613776],[-103.186466,20.613779],[-103.186484,20.613782],[-103.186502,20.613785],[-103.18652,20.613788],[-103.186604,20.613803],[-103.186688,20.613819],[-103.186772,20.613835],[-103.186856,20.613853],[-103.186939,20.61387],[-103.187022,20.613889],[-103.187105,20.613908],[-103.187188,20.613928],[-103.187271,20.613949],[-103.187354,20.61397],[-103.187436,20.613992],[-103.187518,20.614015],[-103.1876,20.614038],[-103.187682,20.614062],[-103.187763,20.614087],[-103.187844,20.614113],[-103.187925,20.614139],[-103.188006,20.614166],[-103.188086,20.614193],[-103.188167,20.614221],[-103.188247,20.61425],[-103.188326,20.61428],[-103.188406,20.61431],[-103.188485,20.614341],[-103.188563,20.614372],[-103.188642,20.614404],[-103.18872,20.614437],[-103.188798,20.614471],[-103.188875,20.614505],[-103.188953,20.61454],[-103.189029,20.614575],[-103.189106,20.614611],[-103.189182,20.614648],[-103.189258,20.614685],[-103.189333,20.614723],[-103.189409,20.614762],[-103.189483,20.614801],[-103.189558,20.614841],[-103.189632,20.614882],[-103.189705,20.614923],[-103.189779,20.614964],[-103.189851,20.615007],[-103.189924,20.61505],[-103.189996,20.615093],[-103.190011,20.615103],[-103.190027,20.615112],[-103.190042,20.615122],[-103.190057,20.615131],[-103.190073,20.615141],[-103.190088,20.615151],[-103.190104,20.61516],[-103.190119,20.61517],[-103.190134,20.61518],[-103.19015,20.615189],[-103.190165,20.615199],[-103.19018,20.615209],[-103.190196,20.615218],[-103.190211,20.615228],[-103.190226,20.615238],[-103.190241,20.615248],[-103.190257,20.615257],[-103.190272,20.615267],[-103.190287,20.615277],[-103.190302,20.615287],[-103.190318,20.615296],[-103.190333,20.615306],[-103.190348,20.615316],[-103.190363,20.615326],[-103.190378,20.615336],[-103.190394,20.615346],[-103.197162,20.619712],[-103.197177,20.619722],[-103.197193,20.619732],[-103.197208,20.619742],[-103.197224,20.619752],[-103.197239,20.619762],[-103.197254,20.619772],[-103.19727,20.619782],[-103.197285,20.619792],[-103.197301,20.619801],[-103.197316,20.619811],[-103.197332,20.619821],[-103.197347,20.619831],[-103.197363,20.619841],[-103.197378,20.61985],[-103.197394,20.61986],[-103.197409,20.61987],[-103.197425,20.619879],[-103.19744,20.619889],[-103.197456,20.619899],[-103.197472,20.619908],[-103.197487,20.619918],[-103.197503,20.619927],[-103.197519,20.619937],[-103.197535,20.619946],[-103.19755,20.619955],[-103.197566,20.619965],[-103.197582,20.619974],[-103.197598,20.619983],[-103.197614,20.619992],[-103.19763,20.620001],[-103.197646,20.62001],[-103.197662,20.620019],[-103.197678,20.620028],[-103.197694,20.620037],[-103.19771,20.620046],[-103.197727,20.620054],[-103.197774,20.620079],[-103.197822,20.620103],[-103.19787,20.620126],[-103.197918,20.620149],[-103.197967,20.620171],[-103.198016,20.620193],[-103.198065,20.620214],[-103.198115,20.620234],[-103.198165,20.620253],[-103.198215,20.620272],[-103.198265,20.62029],[-103.198316,20.620308],[-103.198367,20.620325],[-103.198419,20.620341],[-103.19847,20.620356],[-103.198522,20.620371],[-103.198574,20.620385],[-103.198626,20.620399],[-103.198678,20.620411],[-103.198731,20.620423],[-103.198784,20.620435],[-103.198837,20.620445],[-103.19889,20.620455],[-103.198943,20.620465],[-103.198996,20.620473],[-103.19905,20.620481],[-103.199103,20.620488],[-103.199157,20.620494],[-103.199211,20.6205],[-103.199264,20.620505],[-103.199318,20.620509],[-103.199372,20.620513],[-103.199426,20.620515],[-103.19948,20.620518],[-103.199499,20.620518],[-103.199518,20.620519],[-103.199536,20.620519],[-103.199555,20.620519],[-103.199574,20.62052],[-103.199592,20.62052],[-103.199611,20.62052],[-103.19963,20.62052],[-103.199648,20.62052],[-103.199667,20.62052],[-103.199685,20.62052],[-103.199704,20.620519],[-103.199723,20.620519],[-103.199741,20.620519],[-103.19976,20.620518],[-103.199779,20.620518],[-103.199797,20.620517],[-103.199816,20.620517],[-103.199835,20.620516],[-103.199853,20.620516],[-103.199872,20.620515],[-103.199891,20.620514],[-103.199909,20.620514],[-103.199928,20.620513],[-103.199947,20.620512],[-103.199965,20.620511],[-103.199984,20.62051],[-103.200002,20.62051],[-103.200021,20.620509],[-103.20004,20.620508],[-103.200058,20.620507],[-103.200077,20.620506],[-103.200096,20.620505],[-103.200114,20.620504],[-103.200133,20.620503],[-103.200151,20.620502],[-103.213629,20.619822],[-103.213647,20.619821],[-103.213666,20.619821],[-103.213684,20.61982],[-103.213703,20.619819],[-103.213721,20.619818],[-103.213739,20.619817],[-103.213758,20.619816],[-103.213776,20.619815],[-103.213795,20.619814],[-103.213813,20.619813],[-103.213832,20.619812],[-103.21385,20.619811],[-103.213868,20.61981],[-103.213986,20.619803],[-103.214104,20.619795],[-103.214222,20.619787],[-103.21434,20.619778],[-103.214458,20.619768],[-103.214575,20.619758],[-103.214693,20.619747],[-103.21481,20.619735],[-103.214928,20.619722],[-103.215045,20.619709],[-103.215162,20.619695],[-103.21528,20.619681],[-103.215397,20.619666],[-103.215514,20.61965],[-103.215631,20.619633],[-103.215747,20.619616],[-103.215864,20.619598],[-103.21598,20.61958],[-103.215999,20.619577],[-103.216017,20.619574],[-103.216035,20.619571],[-103.216053,20.619568],[-103.216071,20.619565],[-103.21609,20.619562],[-103.216108,20.619559],[-103.216126,20.619556],[-103.216144,20.619553],[-103.216162,20.61955],[-103.21618,20.619546],[-103.216199,20.619543],[-103.216217,20.61954],[-103.238618,20.615768],[-103.238636,20.615764],[-103.238654,20.615761],[-103.238673,20.615758],[-103.238691,20.615755],[-103.23871,20.615752],[-103.238728,20.615749],[-103.238747,20.615746],[-103.238765,20.615743],[-103.238783,20.61574],[-103.238802,20.615737],[-103.23882,20.615734],[-103.238839,20.61573],[-103.238857,20.615727],[-103.238876,20.615724],[-103.238894,20.615721],[-103.238912,20.615718],[-103.238931,20.615715],[-103.238949,20.615712],[-103.238968,20.615709],[-103.238986,20.615706],[-103.239005,20.615703],[-103.239023,20.6157],[-103.239042,20.615698],[-103.23906,20.615695],[-103.239079,20.615692],[-103.239097,20.615689],[-103.239116,20.615686],[-103.239134,20.615683],[-103.239152,20.61568],[-103.239171,20.615678],[-103.239189,20.615675],[-103.239208,20.615672],[-103.239226,20.615669],[-103.239245,20.615666],[-103.239263,20.615664],[-103.239282,20.615661],[-103.2393,20.615658],[-103.239319,20.615656],[-103.239337,20.615653],[-103.239356,20.615651],[-103.239374,20.615648],[-103.239465,20.615636],[-103.239556,20.615625],[-103.239648,20.615614],[-103.239739,20.615604],[-103.23983,20.615595],[-103.239921,20.615586],[-103.240013,20.615578],[-103.240104,20.615571],[-103.240196,20.615564],[-103.240288,20.615559],[-103.240379,20.615553],[-103.240471,20.615549],[-103.240563,20.615545],[-103.240654,20.615542],[-103.240746,20.61554],[-103.240838,20.615538],[-103.24093,20.615537],[-103.241022,20.615536],[-103.241113,20.615537],[-103.241205,20.615538],[-103.241297,20.615539],[-103.241389,20.615542],[-103.241481,20.615545],[-103.241572,20.615549],[-103.241664,20.615553],[-103.241756,20.615558],[-103.241774,20.615559],[-103.241793,20.615561],[-103.241812,20.615562],[-103.24183,20.615563],[-103.241849,20.615564],[-103.241868,20.615565],[-103.241886,20.615567],[-103.241905,20.615568],[-103.241924,20.615569],[-103.241942,20.615571],[-103.241961,20.615572],[-103.24198,20.615574],[-103.241998,20.615575],[-103.242017,20.615576],[-103.242036,20.615578],[-103.242054,20.615579],[-103.242073,20.615581],[-103.242092,20.615582],[-103.24211,20.615584],[-103.242129,20.615585],[-103.242148,20.615587],[-103.242166,20.615589],[-103.242185,20.61559],[-103.242204,20.615592],[-103.242222,20.615593],[-103.242241,20.615595],[-103.242259,20.615597],[-103.242278,20.615598],[-103.242297,20.6156],[-103.242315,20.615602],[-103.242334,20.615603],[-103.242353,20.615605],[-103.242371,20.615607],[-103.24239,20.615608],[-103.242409,20.61561],[-103.242427,20.615612],[-103.242446,20.615613],[-103.242464,20.615615],[-103.242483,20.615617],[-103.242502,20.615618],[-103.24252,20.61562],[-103.251449,20.616437],[-103.251467,20.616439],[-103.251486,20.616441],[-103.251505,20.616443],[-103.251524,20.616444],[-103.251542,20.616446],[-103.251561,20.616448],[-103.25158,20.616449],[-103.251599,20.616451],[-103.251618,20.616453],[-103.251636,20.616455],[-103.251655,20.616456],[-103.251674,20.616458],[-103.251693,20.61646],[-103.251711,20.616462],[-103.25173,20.616463],[-103.251749,20.616465],[-103.251768,20.616467],[-103.251786,20.616469],[-103.251805,20.61647],[-103.251824,20.616472],[-103.251843,20.616474],[-103.251861,20.616476],[-103.25188,20.616478],[-103.251899,20.616479],[-103.251917,20.616481],[-103.251936,20.616483],[-103.251955,20.616485],[-103.251974,20.616487],[-103.252093,20.616499],[-103.252212,20.616512],[-103.252331,20.616525],[-103.25245,20.616538],[-103.252569,20.616553],[-103.252688,20.616567],[-103.252807,20.616582],[-103.252926,20.616597],[-103.253045,20.616613],[-103.253163,20.61663],[-103.253182,20.616632],[-103.253201,20.616635],[-103.253219,20.616638],[-103.253238,20.61664],[-103.253256,20.616643],[-103.253275,20.616646],[-103.253294,20.616648],[-103.253312,20.616651],[-103.253331,20.616654],[-103.25335,20.616656],[-103.253368,20.616659],[-103.253387,20.616662],[-103.253405,20.616665],[-103.253424,20.616667],[-103.253443,20.61667],[-103.253461,20.616673],[-103.25348,20.616675],[-103.253499,20.616678],[-103.253517,20.616681],[-103.253536,20.616684],[-103.253554,20.616687],[-103.253573,20.616689],[-103.253592,20.616692],[-103.25361,20.616695],[-103.253629,20.616698],[-103.253648,20.6167],[-103.253666,20.616703],[-103.253685,20.616706],[-103.267707,20.618793],[-103.267726,20.618796],[-103.267744,20.618799],[-103.267763,20.618802],[-103.267782,20.618805],[-103.2678,20.618807],[-103.267819,20.61881],[-103.267838,20.618813],[-103.267856,20.618816],[-103.267875,20.618818],[-103.267894,20.618821],[-103.267912,20.618824],[-103.267931,20.618827],[-103.26795,20.61883],[-103.267968,20.618832],[-103.267987,20.618835],[-103.268006,20.618838],[-103.268024,20.618841],[-103.268043,20.618844],[-103.268061,20.618847],[-103.26808,20.61885],[-103.268099,20.618852],[-103.268117,20.618855],[-103.268136,20.618858],[-103.268155,20.618861],[-103.268173,20.618864],[-103.268192,20.618867],[-103.268211,20.61887],[-103.268229,20.618873],[-103.268248,20.618876],[-103.268267,20.618879],[-103.268285,20.618882],[-103.268304,20.618885],[-103.268322,20.618888],[-103.268341,20.618891],[-103.26836,20.618894],[-103.268378,20.618897],[-103.268397,20.6189],[-103.268416,20.618903],[-103.268434,20.618906],[-103.268453,20.618909],[-103.268471,20.618912],[-103.26849,20.618915],[-103.268509,20.618919],[-103.268527,20.618922],[-103.268546,20.618925],[-103.268564,20.618928],[-103.268583,20.618932],[-103.268601,20.618935],[-103.26862,20.618938],[-103.268639,20.618941],[-103.268657,20.618945],[-103.268676,20.618948],[-103.268694,20.618951],[-103.268713,20.618955],[-103.268731,20.618958],[-103.26875,20.618962],[-103.268768,20.618965],[-103.268787,20.618969],[-103.268805,20.618972],[-103.268824,20.618976],[-103.268842,20.618979],[-103.268861,20.618983],[-103.26888,20.618987],[-103.268898,20.61899],[-103.268916,20.618994],[-103.268935,20.618998],[-103.269022,20.619016],[-103.26911,20.619034],[-103.269197,20.619053],[-103.269284,20.619073],[-103.26937,20.619094],[-103.269457,20.619115],[-103.269543,20.619137],[-103.269629,20.619159],[-103.269716,20.619182],[-103.269801,20.619206],[-103.269887,20.61923],[-103.269972,20.619255],[-103.270058,20.61928],[-103.270143,20.619307],[-103.270161,20.619312],[-103.270179,20.619318],[-103.270196,20.619323],[-103.270214,20.619329],[-103.270232,20.619335],[-103.27025,20.619341],[-103.270268,20.619346],[-103.270286,20.619352],[-103.270304,20.619358],[-103.270322,20.619364],[-103.270339,20.61937],[-103.270357,20.619376],[-103.270375,20.619381],[-103.270393,20.619387],[-103.270411,20.619393],[-103.270429,20.619399],[-103.270446,20.619405],[-103.270464,20.619411],[-103.270482,20.619417],[-103.2705,20.619423],[-103.270517,20.619429],[-103.270535,20.619436],[-103.270553,20.619442],[-103.270571,20.619448],[-103.270588,20.619454],[-103.270606,20.61946],[-103.270624,20.619466],[-103.270642,20.619472],[-103.270659,20.619479],[-103.270677,20.619485],[-103.270695,20.619491],[-103.270712,20.619497],[-103.27073,20.619504],[-103.270748,20.61951],[-103.270765,20.619516],[-103.270783,20.619522],[-103.270801,20.619529],[-103.270818,20.619535],[-103.270836,20.619541],[-103.270854,20.619548],[-103.270871,20.619554],[-103.270889,20.619561],[-103.270907,20.619567],[-103.270924,20.619573],[-103.270942,20.61958],[-103.27096,20.619586],[-103.270977,20.619593],[-103.270995,20.619599],[-103.271012,20.619605],[-103.27103,20.619612],[-103.271048,20.619618],[-103.271065,20.619625],[-103.271083,20.619631],[-103.2711,20.619638],[-103.271118,20.619644],[-103.271136,20.619651],[-103.271153,20.619657],[-103.271171,20.619664],[-103.271188,20.61967],[-103.271206,20.619677],[-103.271224,20.619683],[-103.271241,20.61969],[-103.271259,20.619696],[-103.271276,20.619703],[-103.271294,20.619709],[-103.271312,20.619716],[-103.27603,20.621458],[-103.276048,20.621465],[-103.276065,20.621471],[-103.276083,20.621478],[-103.2761,20.621484],[-103.276118,20.621491],[-103.276135,20.621497],[-103.276153,20.621504],[-103.27617,20.62151],[-103.276188,20.621517],[-103.276205,20.621523],[-103.276223,20.62153],[-103.276241,20.621536],[-103.276258,20.621543],[-103.276276,20.621549],[-103.276293,20.621556],[-103.276311,20.621562],[-103.276328,20.621569],[-103.276346,20.621575],[-103.276363,20.621582],[-103.276381,20.621588],[-103.276398,20.621595],[-103.276416,20.621601],[-103.276433,20.621608],[-103.276451,20.621615],[-103.276468,20.621621],[-103.276486,20.621628],[-103.276503,20.621634],[-103.276521,20.621641],[-103.276621,20.621679],[-103.276722,20.621718],[-103.276822,20.621757],[-103.276923,20.621797],[-103.27694,20.621804],[-103.276957,20.621811],[-103.276975,20.621817],[-103.276992,20.621824],[-103.277009,20.621831],[-103.277027,20.621838],[-103.277044,20.621845],[-103.277061,20.621852],[-103.277079,20.621859],[-103.277096,20.621866],[-103.277113,20.621873],[-103.277131,20.62188],[-103.277148,20.621887],[-103.277165,20.621894],[-103.277183,20.621901],[-103.2772,20.621908],[-103.277217,20.621915],[-103.277235,20.621922],[-103.277252,20.621929],[-103.277269,20.621936],[-103.277287,20.621943],[-103.277304,20.62195],[-103.277321,20.621957],[-103.277339,20.621964],[-103.277356,20.621971],[-103.277373,20.621978],[-103.27739,20.621985],[-103.277408,20.621992],[-103.284865,20.62502],[-103.284882,20.625027],[-103.284899,20.625034],[-103.284916,20.625041],[-103.284932,20.625048],[-103.284949,20.625055],[-103.284966,20.625061],[-103.284983,20.625068],[-103.284999,20.625075],[-103.285016,20.625082],[-103.285033,20.625089],[-103.28505,20.625096],[-103.285067,20.625102],[-103.285083,20.625109],[-103.2851,20.625116],[-103.285117,20.625123],[-103.285134,20.62513],[-103.28515,20.625137],[-103.285167,20.625144],[-103.285184,20.625151],[-103.2852,20.625158],[-103.285217,20.625164],[-103.285332,20.625212],[-103.285446,20.625261],[-103.28556,20.62531],[-103.285673,20.625359],[-103.285787,20.625409],[-103.2859,20.62546],[-103.286013,20.625511],[-103.286125,20.625563],[-103.286238,20.625615],[-103.286349,20.625668],[-103.286461,20.625721],[-103.286572,20.625775],[-103.286684,20.62583],[-103.286794,20.625885],[-103.286905,20.62594],[-103.287015,20.625997],[-103.287125,20.626053],[-103.287234,20.62611],[-103.287343,20.626168],[-103.287452,20.626226],[-103.287468,20.626235],[-103.287484,20.626244],[-103.2875,20.626252],[-103.287516,20.626261],[-103.287532,20.626269],[-103.287547,20.626278],[-103.287563,20.626287],[-103.287579,20.626295],[-103.287595,20.626304],[-103.287611,20.626312],[-103.287626,20.626321],[-103.287642,20.62633],[-103.287658,20.626338],[-103.287674,20.626347],[-103.28769,20.626356],[-103.287705,20.626364],[-103.287721,20.626373],[-103.287737,20.626382],[-103.287753,20.62639],[-103.287769,20.626399],[-103.287784,20.626408],[-103.29076,20.62804],[-103.290776,20.628049],[-103.290792,20.628058],[-103.290809,20.628067],[-103.290825,20.628076],[-103.290842,20.628085],[-103.290858,20.628093],[-103.290874,20.628102],[-103.290891,20.628111],[-103.290907,20.62812],[-103.290923,20.628129],[-103.29094,20.628138],[-103.290956,20.628147],[-103.290973,20.628156],[-103.290989,20.628165],[-103.291006,20.628174],[-103.291022,20.628182],[-103.291038,20.628191],[-103.291055,20.6282],[-103.291071,20.628209],[-103.291088,20.628218],[-103.291104,20.628226],[-103.291121,20.628235],[-103.291138,20.628244],[-103.291154,20.628252],[-103.291171,20.628261],[-103.291187,20.628269],[-103.291204,20.628278],[-103.291221,20.628286],[-103.291237,20.628295],[-103.291254,20.628303],[-103.291271,20.628312],[-103.291287,20.62832],[-103.291304,20.628328],[-103.291321,20.628337],[-103.291338,20.628345],[-103.291354,20.628353],[-103.291371,20.628361],[-103.291388,20.628369],[-103.29145,20.628398],[-103.291512,20.628427],[-103.291574,20.628455],[-103.291637,20.628482],[-103.291699,20.628508],[-103.291763,20.628534],[-103.291826,20.628559],[-103.29189,20.628584],[-103.291954,20.628607],[-103.292018,20.62863],[-103.292083,20.628653],[-103.292148,20.628675],[-103.292213,20.628696],[-103.292278,20.628716],[-103.292344,20.628736],[-103.29241,20.628755],[-103.292476,20.628774],[-103.292542,20.628791],[-103.292609,20.628808],[-103.292675,20.628825],[-103.292742,20.62884],[-103.292809,20.628855],[-103.292876,20.628869],[-103.292944,20.628883],[-103.293011,20.628896],[-103.293079,20.628908],[-103.293147,20.628919],[-103.293215,20.62893],[-103.293283,20.62894],[-103.293351,20.628949],[-103.293419,20.628958],[-103.293487,20.628966],[-103.293556,20.628973],[-103.293624,20.62898],[-103.293693,20.628985],[-103.293762,20.62899],[-103.29383,20.628995],[-103.293899,20.628998],[-103.293968,20.629001],[-103.294037,20.629003],[-103.294106,20.629005],[-103.294175,20.629006],[-103.294243,20.629006],[-103.294312,20.629005],[-103.294381,20.629004],[-103.29445,20.629001],[-103.294519,20.628999],[-103.294588,20.628995],[-103.294656,20.628991],[-103.294725,20.628986],[-103.294794,20.62898],[-103.294862,20.628974],[-103.294931,20.628967],[-103.294999,20.628959],[-103.295067,20.62895],[-103.295136,20.628941],[-103.295204,20.628931],[-103.295272,20.62892],[-103.295339,20.628909],[-103.295407,20.628897],[-103.295475,20.628884],[-103.295542,20.628871],[-103.295609,20.628856],[-103.295676,20.628842],[-103.295743,20.628826],[-103.29581,20.62881],[-103.295876,20.628793],[-103.295942,20.628775],[-103.296009,20.628757],[-103.296074,20.628738],[-103.29614,20.628718],[-103.296205,20.628698],[-103.296223,20.628692],[-103.296241,20.628686],[-103.296259,20.62868],[-103.296277,20.628674],[-103.296295,20.628669],[-103.296313,20.628663],[-103.296331,20.628657],[-103.296348,20.628651],[-103.296366,20.628644],[-103.296384,20.628638],[-103.296402,20.628632],[-103.29642,20.628626],[-103.296437,20.62862],[-103.296455,20.628614],[-103.296473,20.628607],[-103.29649,20.628601],[-103.296508,20.628595],[-103.296526,20.628588],[-103.296543,20.628582],[-103.296561,20.628575],[-103.296579,20.628569],[-103.296596,20.628562],[-103.296614,20.628556],[-103.296632,20.628549],[-103.296649,20.628543],[-103.296667,20.628536],[-103.296684,20.62853],[-103.296702,20.628523],[-103.29672,20.628516],[-103.296737,20.62851],[-103.296755,20.628503],[-103.296772,20.628497],[-103.29679,20.62849],[-103.296808,20.628483],[-103.296825,20.628477],[-103.296843,20.62847],[-103.29686,20.628463],[-103.296878,20.628457],[-103.307993,20.62424],[-103.30801,20.624233],[-103.308028,20.624227],[-103.308045,20.62422],[-103.308062,20.624213],[-103.308079,20.624207],[-103.308096,20.6242],[-103.308114,20.624194],[-103.308131,20.624187],[-103.308148,20.624181],[-103.308165,20.624174],[-103.308183,20.624168],[-103.3082,20.624161],[-103.308217,20.624155],[-103.308234,20.624148],[-103.308252,20.624142],[-103.308269,20.624135],[-103.308286,20.624129],[-103.308303,20.624123],[-103.308321,20.624116],[-103.308338,20.62411],[-103.308355,20.624103],[-103.308373,20.624097],[-103.30839,20.624091],[-103.308407,20.624084],[-103.308424,20.624078],[-103.308442,20.624072],[-103.308459,20.624065],[-103.308476,20.624059],[-103.308494,20.624053],[-103.308511,20.624047],[-103.308528,20.62404],[-103.308624,20.624007],[-103.30872,20.623973],[-103.308816,20.623941],[-103.308913,20.623909],[-103.309009,20.623877],[-103.309106,20.623847],[-103.309203,20.623817],[-103.309301,20.623788],[-103.309398,20.623759],[-103.309496,20.623731],[-103.309594,20.623703],[-103.309692,20.623677],[-103.30979,20.623651],[-103.309889,20.623625],[-103.309988,20.6236],[-103.310087,20.623576],[-103.310186,20.623553],[-103.310285,20.62353],[-103.310385,20.623508],[-103.310484,20.623487],[-103.310584,20.623466],[-103.310684,20.623446],[-103.310784,20.623426],[-103.310884,20.623408],[-103.310985,20.623389],[-103.311085,20.623372],[-103.311186,20.623355],[-103.311287,20.623339],[-103.311388,20.623324],[-103.311489,20.623309],[-103.31159,20.623295],[-103.311691,20.623282],[-103.311792,20.623269],[-103.311894,20.623257],[-103.311995,20.623246],[-103.312097,20.623235],[-103.312198,20.623225],[-103.3123,20.623216],[-103.312402,20.623207],[-103.312504,20.623199],[-103.312606,20.623192],[-103.312708,20.623185],[-103.31281,20.623179],[-103.312912,20.623174],[-103.313014,20.62317],[-103.313116,20.623166],[-103.313218,20.623163],[-103.31332,20.62316],[-103.313422,20.623158],[-103.313524,20.623157],[-103.313627,20.623157],[-103.313729,20.623157],[-103.313831,20.623158],[-103.313933,20.62316],[-103.314035,20.623162],[-103.314138,20.623165],[-103.31424,20.623169],[-103.314342,20.623173],[-103.314444,20.623178],[-103.314546,20.623184],[-103.314564,20.623185],[-103.314583,20.623186],[-103.314602,20.623187],[-103.31462,20.623188],[-103.314639,20.623189],[-103.314657,20.623191],[-103.314676,20.623192],[-103.314694,20.623193],[-103.314713,20.623194],[-103.314731,20.623196],[-103.31475,20.623197],[-103.314768,20.623198],[-103.314787,20.6232],[-103.314805,20.623201],[-103.314824,20.623202],[-103.314842,20.623204],[-103.314861,20.623205],[-103.314879,20.623206],[-103.314898,20.623208],[-103.314916,20.623209],[-103.314935,20.623211],[-103.314953,20.623212],[-103.314972,20.623213],[-103.31499,20.623215],[-103.315009,20.623216],[-103.315027,20.623218],[-103.315046,20.623219],[-103.315064,20.623221],[-103.315083,20.623222],[-103.315101,20.623223],[-103.31512,20.623225],[-103.319665,20.62358],[-103.319683,20.623582],[-103.319701,20.623583],[-103.319719,20.623585],[-103.319737,20.623586],[-103.319755,20.623587],[-103.319773,20.623589],[-103.31979,20.62359],[-103.319808,20.623592],[-103.319826,20.623593],[-103.319844,20.623595],[-103.319862,20.623596],[-103.31988,20.623598],[-103.319898,20.623599],[-103.319916,20.623601],[-103.319934,20.623602],[-103.319952,20.623604],[-103.32007,20.623614],[-103.320189,20.623625],[-103.320307,20.623637],[-103.320426,20.62365],[-103.320544,20.623663],[-103.320662,20.623677],[-103.32078,20.623691],[-103.320898,20.623707],[-103.321016,20.623723],[-103.321134,20.623739],[-103.321252,20.623757],[-103.321369,20.623775],[-103.321487,20.623794],[-103.321604,20.623813],[-103.321721,20.623833],[-103.321838,20.623854],[-103.321955,20.623875],[-103.322072,20.623898],[-103.322189,20.623921],[-103.322305,20.623944],[-103.322323,20.623948],[-103.32234,20.623951],[-103.322358,20.623955],[-103.322376,20.623959],[-103.322393,20.623962],[-103.322411,20.623966],[-103.322428,20.62397],[-103.322446,20.623973],[-103.322463,20.623977],[-103.322481,20.623981],[-103.322498,20.623984],[-103.322516,20.623988],[-103.322534,20.623992],[-103.322551,20.623996],[-103.322569,20.623999],[-103.322586,20.624003],[-103.325931,20.624714],[-103.325949,20.624718],[-103.325967,20.624722],[-103.325985,20.624726],[-103.326004,20.624729],[-103.326022,20.624733],[-103.32604,20.624737],[-103.326058,20.624741],[-103.326076,20.624745],[-103.326094,20.624749],[-103.326113,20.624753],[-103.326131,20.624757],[-103.326149,20.624761],[-103.326167,20.624765],[-103.326185,20.624769],[-103.326203,20.624773],[-103.326222,20.624777],[-103.32624,20.624782],[-103.326258,20.624786],[-103.326331,20.624803],[-103.326404,20.624821],[-103.326476,20.62484],[-103.326549,20.62486],[-103.326621,20.62488],[-103.326693,20.624901],[-103.326765,20.624922],[-103.326837,20.624944],[-103.326908,20.624967],[-103.32698,20.624991],[-103.32705,20.625015],[-103.327121,20.62504],[-103.327191,20.625065],[-103.327262,20.625091],[-103.327331,20.625118],[-103.327401,20.625145],[-103.32747,20.625173],[-103.327539,20.625202],[-103.327608,20.625231],[-103.327676,20.625261],[-103.327744,20.625292],[-103.327812,20.625323],[-103.32788,20.625355],[-103.327947,20.625388],[-103.328013,20.625421],[-103.32808,20.625454],[-103.328146,20.625489],[-103.328212,20.625524],[-103.328277,20.625559],[-103.328342,20.625595],[-103.328406,20.625632],[-103.32847,20.625669],[-103.328534,20.625707],[-103.328598,20.625746],[-103.328613,20.625755],[-103.328629,20.625765],[-103.328644,20.625775],[-103.32866,20.625784],[-103.328675,20.625794],[-103.328691,20.625804],[-103.328706,20.625814],[-103.328722,20.625823],[-103.328737,20.625833],[-103.328753,20.625843],[-103.328768,20.625853],[-103.328784,20.625863],[-103.328799,20.625873],[-103.328815,20.625883],[-103.32883,20.625892],[-103.328845,20.625902],[-103.328861,20.625912],[-103.328876,20.625922],[-103.333426,20.628851],[-103.333441,20.628861],[-103.333457,20.628871],[-103.333472,20.628881],[-103.333487,20.628891],[-103.333503,20.628901],[-103.333518,20.628911],[-103.333533,20.628921],[-103.333549,20.628931],[-103.333564,20.628941],[-103.333579,20.628951],[-103.333595,20.628961],[-103.33361,20.628972],[-103.333625,20.628982],[-103.33364,20.628992],[-103.333655,20.629002],[-103.33367,20.629013],[-103.333685,20.629023],[-103.3337,20.629034],[-103.333739,20.629062],[-103.333777,20.629091],[-103.333815,20.62912],[-103.333852,20.62915],[-103.333889,20.62918],[-103.333926,20.629211],[-103.333962,20.629242],[-103.333997,20.629274],[-103.334032,20.629306],[-103.334067,20.629339],[-103.334101,20.629372],[-103.334135,20.629406],[-103.334168,20.62944],[-103.3342,20.629474],[-103.334232,20.629509],[-103.334263,20.629545],[-103.334294,20.629581],[-103.334324,20.629617],[-103.334354,20.629654],[-103.334383,20.629691],[-103.334412,20.629728],[-103.33444,20.629766],[-103.334467,20.629804],[-103.334494,20.629843],[-103.33452,20.629882],[-103.334546,20.629921],[-103.334571,20.629961],[-103.334595,20.630001],[-103.334619,20.630041],[-103.334642,20.630082],[-103.334664,20.630123],[-103.334686,20.630164],[-103.334707,20.630206],[-103.334728,20.630248],[-103.334748,20.63029],[-103.334767,20.630333],[-103.334785,20.630375],[-103.334803,20.630418],[-103.33482,20.630461],[-103.334837,20.630505],[-103.334853,20.630548],[-103.334868,20.630592],[-103.334883,20.630636],[-103.334896,20.630681],[-103.33491,20.630725],[-103.334922,20.63077],[-103.334934,20.630814],[-103.334945,20.630859],[-103.334955,20.630904],[-103.334965,20.63095],[-103.334974,20.630995],[-103.334982,20.63104],[-103.334985,20.631058],[-103.334988,20.631075],[-103.334991,20.631093],[-103.334993,20.63111],[-103.334996,20.631127],[-103.334999,20.631145],[-103.335001,20.631162],[-103.335003,20.63118],[-103.335006,20.631197],[-103.335008,20.631214],[-103.33501,20.631232],[-103.335013,20.631249],[-103.335015,20.631267],[-103.335017,20.631284],[-103.335019,20.631302],[-103.335021,20.631319],[-103.335023,20.631337],[-103.335025,20.631354],[-103.335055,20.631603],[-103.335057,20.631621],[-103.335059,20.631638],[-103.335061,20.631655],[-103.335064,20.631673],[-103.335066,20.63169],[-103.335068,20.631708],[-103.33507,20.631725],[-103.335072,20.631743],[-103.335075,20.63176],[-103.335077,20.631778],[-103.335079,20.631795],[-103.335082,20.631812],[-103.335084,20.63183],[-103.335087,20.631847],[-103.33509,20.631865],[-103.335093,20.631882],[-103.335095,20.631899],[-103.335098,20.631917],[-103.335107,20.631964],[-103.335116,20.632011],[-103.335126,20.632057],[-103.335137,20.632104],[-103.335149,20.63215],[-103.335161,20.632197],[-103.335174,20.632243],[-103.335188,20.632289],[-103.335202,20.632334],[-103.335218,20.63238],[-103.335234,20.632425],[-103.33525,20.63247],[-103.335268,20.632515],[-103.335286,20.632559],[-103.335305,20.632604],[-103.335324,20.632648],[-103.335344,20.632691],[-103.335365,20.632735],[-103.335387,20.632778],[-103.335409,20.632821],[-103.335432,20.632863],[-103.335456,20.632906],[-103.335465,20.632921],[-103.335474,20.632936],[-103.335483,20.632952],[-103.335492,20.632967],[-103.335501,20.632982],[-103.335511,20.632998],[-103.33552,20.633013],[-103.335529,20.633028],[-103.335539,20.633043],[-103.335548,20.633058],[-103.335558,20.633073],[-103.335567,20.633088],[-103.335577,20.633103],[-103.335587,20.633119],[-103.335596,20.633134],[-103.335606,20.633149],[-103.335615,20.633164],[-103.335625,20.633179],[-103.338341,20.637403],[-103.33835,20.637418],[-103.33836,20.637432],[-103.338369,20.637447],[-103.338378,20.637461],[-103.338388,20.637476],[-103.338397,20.63749],[-103.338406,20.637505],[-103.338416,20.637519],[-103.338519,20.637679],[-103.338622,20.637839],[-103.338726,20.637998],[-103.33883,20.638157],[-103.33884,20.638171],[-103.338849,20.638186],[-103.338859,20.6382],[-103.338868,20.638215],[-103.338878,20.638229],[-103.338887,20.638243],[-103.338897,20.638258],[-103.338906,20.638272],[-103.344558,20.646872],[-103.344568,20.646887],[-103.344577,20.646901],[-103.344587,20.646916],[-103.344596,20.64693],[-103.344606,20.646944],[-103.344615,20.646959],[-103.344625,20.646973],[-103.344634,20.646988],[-103.344634,20.646988],[-103.344875,20.647354],[-103.345117,20.647721],[-103.345359,20.648087],[-103.345602,20.648453],[-103.345611,20.648468],[-103.345621,20.648482],[-103.345631,20.648497],[-103.34564,20.648511],[-103.34565,20.648525],[-103.345659,20.64854],[-103.345669,20.648554],[-103.345678,20.648568],[-103.348687,20.653104],[-103.348697,20.653119],[-103.348707,20.653134],[-103.348717,20.653149],[-103.348727,20.653164],[-103.348737,20.653179],[-103.348747,20.653194],[-103.348757,20.653209],[-103.348767,20.653224],[-103.348777,20.653239],[-103.348787,20.653254],[-103.348797,20.653269],[-103.348807,20.653284],[-103.348817,20.653299],[-103.348827,20.653314],[-103.348837,20.653329],[-103.348847,20.653344],[-103.348858,20.653359],[-103.348868,20.653374],[-103.348878,20.653389],[-103.348888,20.653404],[-103.348898,20.653418],[-103.348909,20.653433],[-103.348919,20.653448],[-103.348929,20.653463],[-103.348939,20.653478],[-103.34895,20.653493],[-103.34896,20.653507],[-103.348971,20.653522],[-103.348981,20.653537],[-103.348992,20.653552],[-103.349002,20.653566],[-103.349013,20.653581],[-103.349023,20.653595],[-103.349034,20.65361],[-103.349045,20.653625],[-103.349055,20.653639],[-103.349066,20.653654],[-103.349077,20.653668],[-103.349088,20.653683],[-103.349099,20.653697],[-103.34911,20.653712],[-103.349121,20.653726],[-103.349132,20.65374],[-103.349143,20.653755],[-103.349154,20.653769],[-103.349165,20.653783],[-103.349176,20.653797],[-103.349188,20.653811],[-103.349199,20.653825],[-103.349211,20.65384],[-103.349222,20.653854],[-103.349258,20.653897],[-103.349294,20.653939],[-103.349331,20.653981],[-103.349368,20.654023],[-103.349406,20.654064],[-103.349444,20.654105],[-103.349483,20.654145],[-103.349523,20.654185],[-103.349563,20.654225],[-103.349603,20.654264],[-103.349644,20.654302],[-103.349685,20.65434],[-103.349727,20.654378],[-103.34977,20.654415],[-103.349812,20.654452],[-103.349856,20.654488],[-103.3499,20.654523],[-103.349944,20.654559],[-103.349988,20.654593],[-103.350034,20.654627],[-103.350079,20.654661],[-103.350125,20.654694],[-103.350171,20.654727],[-103.350218,20.654759],[-103.350266,20.65479],[-103.350313,20.654821],[-103.350361,20.654852],[-103.35041,20.654882],[-103.350425,20.654891],[-103.350441,20.654901],[-103.350457,20.65491],[-103.350473,20.65492],[-103.350489,20.654929],[-103.350505,20.654938],[-103.350521,20.654948],[-103.350537,20.654957],[-103.350553,20.654966],[-103.350569,20.654975],[-103.350586,20.654984],[-103.350602,20.654993],[-103.350618,20.655002],[-103.350634,20.655011],[-103.35065,20.65502],[-103.350667,20.655029],[-103.350683,20.655038],[-103.350699,20.655047],[-103.350716,20.655055],[-103.350732,20.655064],[-103.350749,20.655073],[-103.350765,20.655081],[-103.350782,20.65509],[-103.350798,20.655098],[-103.350814,20.655107],[-103.350831,20.655115],[-103.350848,20.655124],[-103.350864,20.655132],[-103.350881,20.655141],[-103.350897,20.655149],[-103.350914,20.655157],[-103.35093,20.655166],[-103.350947,20.655174],[-103.350964,20.655182],[-103.35098,20.655191],[-103.350997,20.655199],[-103.351014,20.655207],[-103.35103,20.655215],[-103.351047,20.655223],[-103.351064,20.655232],[-103.35108,20.65524],[-103.351097,20.655248],[-103.351114,20.655256],[-103.351131,20.655264],[-103.351147,20.655272],[-103.351164,20.65528],[-103.351181,20.655289],[-103.351197,20.655297],[-103.351214,20.655305],[-103.351231,20.655313],[-103.351248,20.655321],[-103.356715,20.657965],[-103.356731,20.657973],[-103.356747,20.657981],[-103.356763,20.657989],[-103.35678,20.657997],[-103.356796,20.658005],[-103.356812,20.658012],[-103.356828,20.65802],[-103.356845,20.658028],[-103.356861,20.658036],[-103.356877,20.658044],[-103.356894,20.658052],[-103.35691,20.658059],[-103.356926,20.658067],[-103.356943,20.658075],[-103.356959,20.658083],[-103.356975,20.65809],[-103.356992,20.658098],[-103.357008,20.658106],[-103.357024,20.658113],[-103.357041,20.658121],[-103.357057,20.658129],[-103.357122,20.658158],[-103.357187,20.658188],[-103.357252,20.658217],[-103.357318,20.658246],[-103.357383,20.658274],[-103.357449,20.658302],[-103.357515,20.65833],[-103.357581,20.658357],[-103.357598,20.658364],[-103.357615,20.65837],[-103.357632,20.658377],[-103.357649,20.658384],[-103.357665,20.658391],[-103.357682,20.658397],[-103.357699,20.658404],[-103.357716,20.658411],[-103.357733,20.658417],[-103.35775,20.658424],[-103.357767,20.658431],[-103.357783,20.658437],[-103.3578,20.658444],[-103.357817,20.65845],[-103.357834,20.658457],[-103.357851,20.658464],[-103.357868,20.65847],[-103.357885,20.658477],[-103.357902,20.658483],[-103.357919,20.65849],[-103.357935,20.658496],[-103.379803,20.666983],[-103.37982,20.66699],[-103.379836,20.666996],[-103.379853,20.667002],[-103.379869,20.667009],[-103.379886,20.667015],[-103.379903,20.667022],[-103.379919,20.667028],[-103.379936,20.667035],[-103.380154,20.667119],[-103.380373,20.667203],[-103.380592,20.667286],[-103.380811,20.667369],[-103.380828,20.667375],[-103.380844,20.667381],[-103.380861,20.667388],[-103.380878,20.667394],[-103.380895,20.6674],[-103.380911,20.667406],[-103.380928,20.667413],[-103.380945,20.667419],[-103.423353,20.68334],[-103.42337,20.683346],[-103.423388,20.683353],[-103.423405,20.68336],[-103.423423,20.683366],[-103.42344,20.683373],[-103.423458,20.683379],[-103.423475,20.683386],[-103.423493,20.683393],[-103.42351,20.683399],[-103.423528,20.683406],[-103.423545,20.683413],[-103.423563,20.683419],[-103.42358,20.683426],[-103.423597,20.683433],[-103.423615,20.68344],[-103.423632,20.683447],[-103.42365,20.683453],[-103.423667,20.68346],[-103.423684,20.683467],[-103.423702,20.683474],[-103.423719,20.683481],[-103.423736,20.683489],[-103.423753,20.683496],[-103.423771,20.683503],[-103.423788,20.68351],[-103.423805,20.683517],[-103.423822,20.683525],[-103.423839,20.683532],[-103.423893,20.683556],[-103.423946,20.68358],[-103.423999,20.683606],[-103.424052,20.683631],[-103.424104,20.683657],[-103.424156,20.683684],[-103.424208,20.683712],[-103.424259,20.68374],[-103.42431,20.683769],[-103.424361,20.683798],[-103.424411,20.683828],[-103.42446,20.683858],[-103.42451,20.683889],[-103.424559,20.683921],[-103.424574,20.683931],[-103.42459,20.683941],[-103.424605,20.683951],[-103.42462,20.683962],[-103.424636,20.683972],[-103.424651,20.683982],[-103.424666,20.683993],[-103.424681,20.684003],[-103.424696,20.684014],[-103.424712,20.684024],[-103.424727,20.684035],[-103.424742,20.684046],[-103.424757,20.684056],[-103.424772,20.684067],[-103.424787,20.684078],[-103.424802,20.684089],[-103.424817,20.684099],[-103.424832,20.68411],[-103.424847,20.684121],[-103.424862,20.684132],[-103.424877,20.684143],[-103.424891,20.684154],[-103.424906,20.684164],[-103.424921,20.684175],[-103.424936,20.684186],[-103.424951,20.684197],[-103.424966,20.684208],[-103.424981,20.684219],[-103.425353,20.684492],[-103.425367,20.684503],[-103.425382,20.684513],[-103.425396,20.684524],[-103.425411,20.684535],[-103.425426,20.684545],[-103.42544,20.684556],[-103.425455,20.684567],[-103.425469,20.684577],[-103.425484,20.684588],[-103.425499,20.684599],[-103.425513,20.684609],[-103.425528,20.68462],[-103.425542,20.68463],[-103.425557,20.684641],[-103.425572,20.684651],[-103.425587,20.684662],[-103.425601,20.684672],[-103.425616,20.684683],[-103.425631,20.684693],[-103.425646,20.684703],[-103.425661,20.684714],[-103.425675,20.684724],[-103.42569,20.684734],[-103.425705,20.684745],[-103.42572,20.684755],[-103.425735,20.684765],[-103.425781,20.684795],[-103.425827,20.684825],[-103.425873,20.684855],[-103.425919,20.684884],[-103.425966,20.684912],[-103.426013,20.684941],[-103.426061,20.684969],[-103.426108,20.684996],[-103.426156,20.685023],[-103.426204,20.685049],[-103.426253,20.685075],[-103.426302,20.685101],[-103.426318,20.685109],[-103.426334,20.685118],[-103.42635,20.685126],[-103.426367,20.685134],[-103.426383,20.685142],[-103.426399,20.685151],[-103.426415,20.685159],[-103.426432,20.685167],[-103.426448,20.685175],[-103.426465,20.685183],[-103.426481,20.685191],[-103.426497,20.685199],[-103.426514,20.685207],[-103.42653,20.685215],[-103.426547,20.685222],[-103.426563,20.68523],[-103.42658,20.685238],[-103.426596,20.685246],[-103.426613,20.685254],[-103.426629,20.685262],[-103.426646,20.685269],[-103.426662,20.685277],[-103.426679,20.685285],[-103.426695,20.685293],[-103.426712,20.6853],[-103.426728,20.685308],[-103.436143,20.689728],[-103.436159,20.689736],[-103.436175,20.689743],[-103.436192,20.689751],[-103.436208,20.689758],[-103.436224,20.689766],[-103.43624,20.689773],[-103.436256,20.689781],[-103.436272,20.689788],[-103.43639,20.689843],[-103.436508,20.689898],[-103.436626,20.689952],[-103.436744,20.690006],[-103.43676,20.690013],[-103.436776,20.690021],[-103.436793,20.690028],[-103.436809,20.690035],[-103.436825,20.690043],[-103.436841,20.69005],[-103.436857,20.690058],[-103.436874,20.690065],[-103.445072,20.693779],[-103.445089,20.693787],[-103.445106,20.693795],[-103.445123,20.693802],[-103.445139,20.69381],[-103.445156,20.693817],[-103.445173,20.693825],[-103.44519,20.693833],[-103.445207,20.69384],[-103.445224,20.693848],[-103.445241,20.693856],[-103.445257,20.693863],[-103.445274,20.693871],[-103.445291,20.693879],[-103.445308,20.693887],[-103.445325,20.693894],[-103.445342,20.693902],[-103.445359,20.69391],[-103.445375,20.693917],[-103.445392,20.693925],[-103.445409,20.693933],[-103.445426,20.693941],[-103.445443,20.693949],[-103.445459,20.693956],[-103.445476,20.693964],[-103.445493,20.693972],[-103.44551,20.69398],[-103.445526,20.693988],[-103.445543,20.693996],[-103.44556,20.694004],[-103.445577,20.694011],[-103.445593,20.694019],[-103.44561,20.694027],[-103.445627,20.694035],[-103.445644,20.694043],[-103.44566,20.694051],[-103.445677,20.694059],[-103.445694,20.694067],[-103.44571,20.694075],[-103.445727,20.694084],[-103.445743,20.694092],[-103.44576,20.6941],[-103.445843,20.694141],[-103.445926,20.694183],[-103.446008,20.694226],[-103.44609,20.694269],[-103.446172,20.694313],[-103.446253,20.694357],[-103.446334,20.694402],[-103.446414,20.694448],[-103.446495,20.694494],[-103.446574,20.694541],[-103.446653,20.694589],[-103.446732,20.694637],[-103.446811,20.694686],[-103.446889,20.694735],[-103.446966,20.694785],[-103.447043,20.694836],[-103.44712,20.694887],[-103.447196,20.694939],[-103.447272,20.694991],[-103.447347,20.695044],[-103.447422,20.695097],[-103.447497,20.695151],[-103.447571,20.695206],[-103.447644,20.695261],[-103.447717,20.695317],[-103.44779,20.695373],[-103.447862,20.69543],[-103.447933,20.695488],[-103.448004,20.695546],[-103.448075,20.695604],[-103.448089,20.695616],[-103.448103,20.695628],[-103.448117,20.695639],[-103.44813,20.695651],[-103.448144,20.695663],[-103.448158,20.695675],[-103.448172,20.695687],[-103.448186,20.695698],[-103.4482,20.69571],[-103.448214,20.695722],[-103.448227,20.695734],[-103.448241,20.695746],[-103.448255,20.695758],[-103.448269,20.69577],[-103.448283,20.695782],[-103.448296,20.695794],[-103.44831,20.695806],[-103.448324,20.695818],[-103.448337,20.69583],[-103.448351,20.695842],[-103.448365,20.695854],[-103.448378,20.695866],[-103.448392,20.695878],[-103.448406,20.69589],[-103.448419,20.695902],[-103.448433,20.695914],[-103.448447,20.695926],[-103.44846,20.695938],[-103.448474,20.695951],[-103.448488,20.695963],[-103.448501,20.695975],[-103.448515,20.695987],[-103.448528,20.695999],[-103.448542,20.696011],[-103.448556,20.696023],[-103.448569,20.696035],[-103.448583,20.696048],[-103.448596,20.69606],[-103.44861,20.696072],[-103.448623,20.696084],[-103.448637,20.696096],[-103.454259,20.701125],[-103.454272,20.701137],[-103.454285,20.701149],[-103.454299,20.701161],[-103.454312,20.701173],[-103.454326,20.701185],[-103.454339,20.701197],[-103.454352,20.701209],[-103.454366,20.701221],[-103.454379,20.701233],[-103.454392,20.701245],[-103.454406,20.701257],[-103.454419,20.701269],[-103.454433,20.701281],[-103.454446,20.701293],[-103.454459,20.701305],[-103.454473,20.701317],[-103.454486,20.701329],[-103.454499,20.701341],[-103.454513,20.701353],[-103.454526,20.701365],[-103.454539,20.701377],[-103.454553,20.701389],[-103.454566,20.701401],[-103.454579,20.701413],[-103.454592,20.701425],[-103.454606,20.701437],[-103.454683,20.701507],[-103.45476,20.701577],[-103.454836,20.701648],[-103.454912,20.701719],[-103.454926,20.701731],[-103.454939,20.701743],[-103.454952,20.701756],[-103.454965,20.701768],[-103.454978,20.70178],[-103.454991,20.701792],[-103.455004,20.701805],[-103.455017,20.701817],[-103.45503,20.701829],[-103.455043,20.701841],[-103.455056,20.701854],[-103.455069,20.701866],[-103.455083,20.701878],[-103.455096,20.70189],[-103.455109,20.701903],[-103.455122,20.701915],[-103.455135,20.701927],[-103.455148,20.70194],[-103.455161,20.701952],[-103.455174,20.701964],[-103.455187,20.701977],[-103.4552,20.701989],[-103.455213,20.702001],[-103.455226,20.702013],[-103.455239,20.702026],[-103.455252,20.702038],[-103.466132,20.71231],[-103.466145,20.712323],[-103.466159,20.712336],[-103.466172,20.712348],[-103.466185,20.712361],[-103.466199,20.712373],[-103.466212,20.712386],[-103.466226,20.712399],[-103.466239,20.712411],[-103.466252,20.712424],[-103.466266,20.712436],[-103.466279,20.712449],[-103.466292,20.712461],[-103.466306,20.712474],[-103.466319,20.712487],[-103.466332,20.712499],[-103.466346,20.712512],[-103.466359,20.712524],[-103.466373,20.712537],[-103.466386,20.712549],[-103.466399,20.712562],[-103.466413,20.712574],[-103.466426,20.712587],[-103.46644,20.7126],[-103.466453,20.712612],[-103.466467,20.712625],[-103.46648,20.712637],[-103.466494,20.71265],[-103.466507,20.712662],[-103.466521,20.712675],[-103.466534,20.712687],[-103.466548,20.712699],[-103.466561,20.712712],[-103.466575,20.712724],[-103.466588,20.712737],[-103.466602,20.712749],[-103.466615,20.712762],[-103.466629,20.712774],[-103.466642,20.712786],[-103.466656,20.712799],[-103.46667,20.712811],[-103.466683,20.712823],[-103.466697,20.712836],[-103.46671,20.712848],[-103.466724,20.71286],[-103.466738,20.712873],[-103.466751,20.712885],[-103.466765,20.712897],[-103.466779,20.712909],[-103.466793,20.712922],[-103.466806,20.712934],[-103.46682,20.712946],[-103.466834,20.712958],[-103.466848,20.71297],[-103.466862,20.712983],[-103.466875,20.712995],[-103.466889,20.713007],[-103.466903,20.713019],[-103.466917,20.713031],[-103.466931,20.713043],[-103.466945,20.713055],[-103.466959,20.713067],[-103.466973,20.713079],[-103.466987,20.713091],[-103.467001,20.713103],[-103.467015,20.713115],[-103.467029,20.713127],[-103.467097,20.713184],[-103.467166,20.713241],[-103.467235,20.713297],[-103.467305,20.713353],[-103.467375,20.713408],[-103.467445,20.713463],[-103.467517,20.713517],[-103.467588,20.713571],[-103.46766,20.713624],[-103.467732,20.713677],[-103.467805,20.713729],[-103.467879,20.71378],[-103.467952,20.713831],[-103.468027,20.713882],[-103.468101,20.713932],[-103.468176,20.713981],[-103.468252,20.71403],[-103.468327,20.714078],[-103.468404,20.714126],[-103.46848,20.714173],[-103.468557,20.714219],[-103.468635,20.714265],[-103.468713,20.71431],[-103.468791,20.714355],[-103.468869,20.714399],[-103.468948,20.714443],[-103.469028,20.714486],[-103.469107,20.714528],[-103.469187,20.71457],[-103.469268,20.714611],[-103.469348,20.714652],[-103.469429,20.714691],[-103.469511,20.714731],[-103.469593,20.71477],[-103.469675,20.714808],[-103.469757,20.714845],[-103.46984,20.714882],[-103.469923,20.714918],[-103.470006,20.714954],[-103.470089,20.714989],[-103.470173,20.715024],[-103.470258,20.715057],[-103.470342,20.71509],[-103.470427,20.715123],[-103.470512,20.715155],[-103.470597,20.715186],[-103.470615,20.715193],[-103.470632,20.715199],[-103.47065,20.715205],[-103.470668,20.715212],[-103.470685,20.715218],[-103.470703,20.715224],[-103.470721,20.71523],[-103.470738,20.715236],[-103.470756,20.715243],[-103.470774,20.715249],[-103.470792,20.715255],[-103.470809,20.715261],[-103.470827,20.715267],[-103.470845,20.715273],[-103.470863,20.715279],[-103.470881,20.715285],[-103.470898,20.715291],[-103.470916,20.715297],[-103.470934,20.715303],[-103.470952,20.715309],[-103.47097,20.715315],[-103.470988,20.715321],[-103.471005,20.715327],[-103.471023,20.715333],[-103.471041,20.715339],[-103.471059,20.715344],[-103.471077,20.71535],[-103.471095,20.715356],[-103.471113,20.715362],[-103.471131,20.715367],[-103.471148,20.715373],[-103.471166,20.715379],[-103.471184,20.715385],[-103.471202,20.71539],[-103.47122,20.715396],[-103.471238,20.715402],[-103.471256,20.715407],[-103.471274,20.715413],[-103.471292,20.715419],[-103.47131,20.715424],[-103.471328,20.71543],[-103.471346,20.715436],[-103.471364,20.715441],[-103.471381,20.715447],[-103.471399,20.715452],[-103.471417,20.715458],[-103.471435,20.715464],[-103.471453,20.715469],[-103.471471,20.715475],[-103.471489,20.71548],[-103.471507,20.715486],[-103.471525,20.715491],[-103.471543,20.715497],[-103.471561,20.715502],[-103.471579,20.715508],[-103.471597,20.715513],[-103.471615,20.715519],[-103.471633,20.715524],[-103.471651,20.71553],[-103.471669,20.715535],[-103.471687,20.715541],[-103.471705,20.715546],[-103.471723,20.715552],[-103.471741,20.715557],[-103.471759,20.715563],[-103.471777,20.715568],[-103.489948,20.721107],[-103.489965,20.721112],[-103.489982,20.721117],[-103.489998,20.721122],[-103.490015,20.721127],[-103.490031,20.721132],[-103.490048,20.721137],[-103.490065,20.721142],[-103.490081,20.721147],[-103.490098,20.721152],[-103.490114,20.721157],[-103.490131,20.721163],[-103.490359,20.721232],[-103.490586,20.721302],[-103.490603,20.721307],[-103.49062,20.721312],[-103.490636,20.721317],[-103.490653,20.721323],[-103.490669,20.721328],[-103.490686,20.721333],[-103.490703,20.721338],[-103.490719,20.721343],[-103.490736,20.721348],[-103.490752,20.721353],[-103.490769,20.721358],[-103.503468,20.725274]]}}]}