<?xml version="1.0" encoding="UTF-8"?>

<kml xmlns="http://www.opengis.net/kml/2.2" xmlns:atom="http://www.w3.org/2005/Atom" xmlns:gx="http://www.google.com/kml/ext/2.2" xmlns:xsd="http://www.w3.org/2001/XMLSchema">
<Document>
<name>IRO - GDL_V16_100426</name>
<visibility>1</visibility>
<Folder id="kml_ft_IRO_-_GDL_V16_100426">
<name>IRO - GDL_V16_100426</name>
<Placemark id="kml_1">
<name>kml_1</name>
<Style>
<LineStyle>
<color>ff0000ff</color>
</LineStyle>
</Style>
<LineString>
<coordinates>-101.343080931677,20.6830036094603,0.0 -101.344673080213,20.6863860185274,0.0 -101.344680475356,20.6864017265454,0.0 -101.344687875547,20.6864174324584,0.0 -101.34469528583,20.6864331341572,0.0 -101.344702711245,20.686448829524,0.0 -101.344710156826,20.686464516428,0.0 -101.344717627599,20.6864801927214,0.0 -101.344725128581,20.6864958562347,0.0 -101.344732664774,20.6865115047727,0.0 -101.344740241166,20.6865271361105,0.0 -101.344747862731,20.6865427479886,0.0 -101.344755534419,20.6865583381092,0.0 -101.344763261163,20.6865739041322,0.0 -101.344771047871,20.6865894436703,0.0 -101.344778899423,20.6866049542859,0.0 -101.344786820671,20.686620433486,0.0 -101.344794816436,20.686635878719,0.0 -101.344802891505,20.6866512873703,0.0 -101.344811050627,20.6866666567585,0.0 -101.344819298511,20.6866819841315,0.0 -101.344827639824,20.6866972666626,0.0 -101.344836079184,20.686712501447,0.0 -101.344873885777,20.6867780241393,0.0 -101.344913596366,20.6868425417512,0.0 -101.344955180806,20.6869060052995,0.0 -101.344998607526,20.6869683666012,0.0 -101.345008870992,20.6869825753038,0.0 -101.345019225575,20.6869967253459,0.0 -101.345029666367,20.6870108191814,0.0 -101.345040188514,20.6870248593393,0.0 -101.34505078721,20.68703884842,0.0 -101.345061457697,20.6870527890901,0.0 -101.345072195261,20.6870666840792,0.0 -101.345082995231,20.6870805361746,0.0 -101.345093852977,20.6870943482179,0.0 -101.345104763905,20.6871081231007,0.0 -101.345115723459,20.6871218637601,0.0 -101.345126727111,20.6871355731756,0.0 -101.345137770367,20.6871492543643,0.0 -101.345148848758,20.6871629103774,0.0 -101.345159957839,20.6871765442963,0.0 -101.345171093187,20.6871901592286,0.0 -101.345182250395,20.6872037583043,0.0 -101.345193425075,20.6872173446725,0.0 -101.345204612847,20.6872309214967,0.0 -101.345215809343,20.687244491952,0.0 -101.345227010201,20.6872580592207,0.0 -101.34608022301,20.6882914150988,0.0 -101.346091424016,20.6883049823328,0.0 -101.346102620664,20.6883185527525,0.0 -101.346113808592,20.6883321295403,0.0 -101.346124983431,20.6883457158712,0.0 -101.346136140802,20.688359314909,0.0 -101.346147276317,20.6883729298024,0.0 -101.346158385568,20.6883865636817,0.0 -101.346169464133,20.6884002196545,0.0 -101.346180507567,20.6884139008022,0.0 -101.346191511401,20.6884276101761,0.0 -101.346202471139,20.6884413507934,0.0 -101.346213382256,20.6884551256334,0.0 -101.346224240194,20.6884689376334,0.0 -101.346235040359,20.6884827896851,0.0 -101.346245778122,20.68849668463,0.0 -101.346256448811,20.6885106252556,0.0 -101.346267047712,20.6885246142914,0.0 -101.346277570067,20.6885386544043,0.0 -101.346288011071,20.6885527481944,0.0 -101.346298365867,20.6885668981911,0.0 -101.346308629551,20.688581106848,0.0 -101.346352799826,20.6886445675978,0.0 -101.346395062345,20.6887091685875,0.0 -101.346435383889,20.688774859044,0.0 -101.346473732764,20.6888415873378,0.0 -101.34648214119,20.6888568373483,0.0 -101.346490451472,20.6888721349282,0.0 -101.346498668236,20.688887477181,0.0 -101.346506796153,20.6889028612885,0.0 -101.34651483994,20.6889182845071,0.0 -101.34652280435,20.6889337441639,0.0 -101.346530694175,20.688949237653,0.0 -101.346538514242,20.6889647624315,0.0 -101.346546269407,20.6889803160154,0.0 -101.346553964557,20.6889958959755,0.0 -101.346561604604,20.6890114999338,0.0 -101.346569194484,20.6890271255587,0.0 -101.346576739155,20.6890427705616,0.0 -101.346584243593,20.6890584326921,0.0 -101.346591712791,20.689074109734,0.0 -101.346599151757,20.6890897995012,0.0 -101.346606565512,20.6891054998334,0.0 -101.346613959085,20.6891212085918,0.0 -101.346621337516,20.6891369236547,0.0 -101.346628705848,20.6891526429133,0.0 -101.346636069131,20.6891683642676,0.0 -101.346850099518,20.6896254019393,0.0 -101.346857461156,20.6896411239885,0.0 -101.346864817744,20.6896568481313,0.0 -101.346872164228,20.6896725764569,0.0 -101.34687949555,20.6896883110461,0.0 -101.346886806646,20.6897040539666,0.0 -101.346894092444,20.6897198072688,0.0 -101.346901347863,20.6897355729818,0.0 -101.346908567809,20.6897513531082,0.0 -101.346915747174,20.6897671496208,0.0 -101.346922880836,20.6897829644572,0.0 -101.346929963655,20.6897987995162,0.0 -101.346936990471,20.6898146566528,0.0 -101.346943956104,20.6898305376741,0.0 -101.346950855353,20.6898464443344,0.0 -101.346957682991,20.6898623783313,0.0 -101.346964433767,20.6898783413005,0.0 -101.346971102405,20.6898943348117,0.0 -101.3469776836,20.6899103603635,0.0 -101.346984172018,20.6899264193794,0.0 -101.346990562297,20.6899425132024,0.0 -101.346996849043,20.6899586430906,0.0 -101.34702832292,20.690044662031,0.0 -101.347056706224,20.6901316279739,0.0 -101.347081966868,20.6902194426194,0.0 -101.347104076293,20.6903080067082,0.0 -101.347123009502,20.6903972201338,0.0 -101.347138745089,20.6904869820553,0.0 -101.347141357065,20.6905039859009,0.0 -101.347143859731,20.6905210043008,0.0 -101.347146258466,20.690538035951,0.0 -101.347148558669,20.6905550796357,0.0 -101.347150765749,20.6905721342228,0.0 -101.347152885132,20.6905891986595,0.0 -101.347154922254,20.6906062719674,0.0 -101.347156882561,20.6906233532383,0.0 -101.347158771507,20.6906404416295,0.0 -101.347160594557,20.6906575363588,0.0 -101.347162357181,20.6906746367006,0.0 -101.347164064855,20.6906917419803,0.0 -101.34716572306,20.6907088515705,0.0 -101.347167337283,20.690725964886,0.0 -101.347168913014,20.6907430813789,0.0 -101.347170455745,20.6907602005343,0.0 -101.347171970974,20.6907773218654,0.0 -101.347173464198,20.6907944449089,0.0 -101.347174940917,20.6908115692203,0.0 -101.347176406631,20.6908286943691,0.0 -101.347177866844,20.6908458199343,0.0 -101.347212076824,20.6912472928902,0.0 -101.347213537037,20.6912644184556,0.0 -101.347215002752,20.6912815436047,0.0 -101.347216479471,20.6912986679163,0.0 -101.347217972695,20.6913157909601,0.0 -101.347219487924,20.6913329122916,0.0 -101.347221030656,20.6913500314473,0.0 -101.347222606388,20.6913671479406,0.0 -101.347224220612,20.6913842612565,0.0 -101.347225878819,20.6914013708472,0.0 -101.347227586494,20.6914184761274,0.0 -101.34722934912,20.6914355764697,0.0 -101.347231172172,20.6914526711996,0.0 -101.347233061122,20.6914697595915,0.0 -101.347235021432,20.6914868408631,0.0 -101.347237058558,20.6915039141718,0.0 -101.347239177947,20.6915209786093,0.0 -101.347241385033,20.6915380331973,0.0 -101.347243685243,20.691555076883,0.0 -101.347246083987,20.6915721085343,0.0 -101.347248586662,20.6915891269354,0.0 -101.347251198649,20.6916061307822,0.0 -101.347266966312,20.6916960578443,0.0 -101.347285943421,20.6917854342,0.0 -101.347308108453,20.6918741584508,0.0 -101.347333436267,20.6919621299377,0.0 -101.347361898134,20.6920492488558,0.0 -101.347393461769,20.6921354163671,0.0 -101.347428091368,20.6922205347127,0.0 -101.347434958218,20.6922364538121,0.0 -101.34744192724,20.6922523335496,0.0 -101.347448993089,20.6922681753554,0.0 -101.347456150454,20.6922839807436,0.0 -101.347463394055,20.6922997513077,0.0 -101.347470718646,20.6923154887153,0.0 -101.347478119009,20.6923311947044,0.0 -101.347485589956,20.6923468710781,0.0 -101.347493126325,20.6923625197,0.0 -101.347500722981,20.6923781424905,0.0 -101.347508374811,20.6923937414215,0.0 -101.347516076728,20.6924093185122,0.0 -101.347523823661,20.692424875825,0.0 -101.347531610562,20.6924404154605,0.0 -101.347539432397,20.692455939554,0.0 -101.347547284148,20.6924714502703,0.0 -101.34755516081,20.6924869497998,0.0 -101.347563057387,20.6925024403546,0.0 -101.347570968894,20.6925179241632,0.0 -101.34757889035,20.6925334034673,0.0 -101.347586816782,20.692548880517,0.0 -101.349240332938,20.6957770359633,0.0 -101.349247900063,20.6957918091616,0.0 -101.349255466671,20.6958065825952,0.0 -101.349263032242,20.6958213564994,0.0 -101.349270596258,20.6958361311094,0.0 -101.349278158198,20.6958509066603,0.0 -101.349285717544,20.695865683387,0.0 -101.349293273777,20.6958804615242,0.0 -101.349300826376,20.6958952413062,0.0 -101.349308374823,20.695910022967,0.0 -101.349315918597,20.6959248067403,0.0 -101.349323457178,20.6959395928593,0.0 -101.349911837867,20.6971388906373,0.0 -101.350462647963,20.6983538878746,0.0 -101.350975414079,20.6995835425105,0.0 -101.3509815391,20.6995988961287,0.0 -101.350987658728,20.6996142516512,0.0 -101.350993773502,20.6996296088863,0.0 -101.35099988396,20.6996449676424,0.0 -101.351005990642,20.6996603277286,0.0 -101.351012094087,20.6996756889542,0.0 -101.351018194835,20.6996910511288,0.0 -101.351024293425,20.6997064140623,0.0 -101.351030390397,20.6997217775648,0.0 -101.35103648629,20.6997371414465,0.0 -101.351042581644,20.6997525055178,0.0 -101.352137625493,20.7025126990809,0.0 -101.352144144444,20.7025291300512,0.0 -101.352150664654,20.7025455605796,0.0 -101.35215718738,20.702561990224,0.0 -101.352163713879,20.702578418542,0.0 -101.352170245409,20.7025948450902,0.0 -101.352176783225,20.7026112694242,0.0 -101.352183328585,20.7026276910984,0.0 -101.352189882742,20.7026441096657,0.0 -101.352196446953,20.702660524677,0.0 -101.35220302247,20.7026769356815,0.0 -101.352209610548,20.7026933422258,0.0 -101.352216212437,20.702709743854,0.0 -101.352222829388,20.7027261401076,0.0 -101.352229462652,20.7027425305247,0.0 -101.352236113476,20.7027589146405,0.0 -101.352242783107,20.7027752919864,0.0 -101.35224947279,20.7027916620898,0.0 -101.352256183769,20.7028080244744,0.0 -101.352374984155,20.703087826685,0.0 -101.352500377288,20.7033650702231,0.0 -101.352507877648,20.7033811262456,0.0 -101.352515398895,20.7033971736157,0.0 -101.35252293979,20.7034132128206,0.0 -101.352530499095,20.7034292443513,0.0 -101.352538075576,20.7034452687023,0.0 -101.352545667999,20.703461286372,0.0 -101.352553275132,20.7034772978619,0.0 -101.352560895744,20.7034933036764,0.0 -101.352568528606,20.7035093043227,0.0 -101.35257617249,20.7035253003106,0.0 -101.352583826167,20.703541292152,0.0 -101.352591488413,20.7035572803607,0.0 -101.352599158002,20.7035732654527,0.0 -101.352606833709,20.7035892479449,0.0 -101.35261451431,20.7036052283558,0.0 -101.352622198582,20.7036212072049,0.0 -101.352629885301,20.7036371850122,0.0 -101.352637573244,20.7036531622986,0.0 -101.354685704598,20.7079093993673,0.0 -101.354693357803,20.7079253028552,0.0 -101.354701011714,20.7079412060433,0.0 -101.354708667033,20.7079571086317,0.0 -101.354716324463,20.7079730103203,0.0 -101.354723984709,20.707988910809,0.0 -101.354731648473,20.7080048097973,0.0 -101.354739316458,20.708020706984,0.0 -101.354746989367,20.7080366020678,0.0 -101.354754667902,20.7080524947465,0.0 -101.354762352765,20.7080683847175,0.0 -101.354770044658,20.7080842716773,0.0 -101.354777744283,20.7081001553215,0.0 -101.35478545234,20.7081160353451,0.0 -101.354793169529,20.7081319114418,0.0 -101.354800896551,20.7081477833044,0.0 -101.354808634105,20.7081636506244,0.0 -101.354816382889,20.7081795130922,0.0 -101.354824143602,20.7081953703969,0.0 -101.35483191694,20.708211222226,0.0 -101.354839703602,20.7082270682658,0.0 -101.354847504281,20.7082429082008,0.0 -101.354855319674,20.7082587417139,0.0 -101.354863150475,20.7082745684865,0.0 -101.354870997377,20.708290388198,0.0 -101.354878861072,20.7083062005258,0.0 -101.354886742251,20.7083220051455,0.0 -101.354894641605,20.7083378017308,0.0 -101.354902559823,20.7083535899529,0.0 -101.354910497593,20.7083693694811,0.0 -101.354918455603,20.7083851399823,0.0 -101.354926434536,20.708400901121,0.0 -101.355109635274,20.7087492278572,0.0 -101.355303394215,20.7090924598232,0.0 -101.35531234266,20.7091077531323,0.0 -101.355321311396,20.7091230359158,0.0 -101.355330299734,20.7091383085017,0.0 -101.355339306985,20.7091535712208,0.0 -101.355348332461,20.7091688244056,0.0 -101.355357375478,20.7091840683911,0.0 -101.355366435351,20.7091993035143,0.0 -101.355375511396,20.7092145301142,0.0 -101.355384602931,20.7092297485315,0.0 -101.355393709275,20.709244959109,0.0 -101.355402829747,20.7092601621912,0.0 -101.355411963669,20.7092753581241,0.0 -101.355421110363,20.7092905472555,0.0 -101.35543026915,20.7093057299345,0.0 -101.355439439354,20.7093209065118,0.0 -101.3554486203,20.7093360773393,0.0 -101.355457811313,20.7093512427703,0.0 -101.355467011719,20.7093664031592,0.0 -101.355476220843,20.7093815588615,0.0 -101.355485438013,20.7093967102338,0.0 -101.355494662557,20.7094118576335,0.0 -101.355503893803,20.709427001419,0.0 -101.355513131079,20.7094421419495,0.0 -101.355522373714,20.7094572795848,0.0 -101.355531621038,20.7094724146855,0.0 -101.355540872381,20.7094875476124,0.0 -101.355550127073,20.7095026787273,0.0 -101.355559384444,20.7095178083919,0.0 -101.355568643824,20.7095329369685,0.0 -101.355577904544,20.7095480648196,0.0 -101.355587165935,20.7095631923077,0.0 -101.356118057202,20.7104303272917,0.0 -101.356127318691,20.7104454547654,0.0 -101.356136579512,20.7104605826016,0.0 -101.356145838997,20.7104757111628,0.0 -101.356155096475,20.7104908408116,0.0 -101.356164351278,20.71050597191,0.0 -101.356173602735,20.7105211048202,0.0 -101.356182850177,20.7105362399035,0.0 -101.356192092934,20.710551377521,0.0 -101.356201330334,20.7105665180332,0.0 -101.356210561707,20.7105816618,0.0 -101.356219786382,20.7105968091805,0.0 -101.356229003687,20.7106119605331,0.0 -101.356238212949,20.7106271162152,0.0 -101.356247413495,20.7106422765835,0.0 -101.356256604652,20.7106574419935,0.0 -101.356265785745,20.7106726127995,0.0 -101.3562749561,20.7106877893549,0.0 -101.356284115041,20.7107029720116,0.0 -101.356293261892,20.7107181611201,0.0 -101.356302395974,20.7107333570299,0.0 -101.35631151661,20.7107485600884,0.0 -101.35632062312,20.7107637706419,0.0 -101.356329714825,20.7107789890349,0.0 -101.356338791043,20.7107942156099,0.0 -101.356347851092,20.7108094507079,0.0 -101.356356894288,20.7108246946678,0.0 -101.356365919947,20.7108399478267,0.0 -101.356374927383,20.7108552105194,0.0 -101.356383915909,20.7108704830787,0.0 -101.356392884837,20.7108857658351,0.0 -101.356401833477,20.7109010591169,0.0 -101.356606255136,20.7112638811257,0.0 -101.356798880811,20.7116323730145,0.0 -101.356806805531,20.711648158456,0.0 -101.356814709295,20.7116639531958,0.0 -101.356822592793,20.7116797569004,0.0 -101.35683045671,20.711695569239,0.0 -101.356838301738,20.7117113898827,0.0 -101.356846128565,20.7117272185052,0.0 -101.356853937884,20.7117430547821,0.0 -101.356861730386,20.7117588983911,0.0 -101.356869506766,20.7117747490117,0.0 -101.356877267718,20.7117906063256,0.0 -101.356885013936,20.7118064700161,0.0 -101.356892746118,20.7118223397683,0.0 -101.356900464959,20.7118382152689,0.0 -101.356908171158,20.7118540962063,0.0 -101.356915865414,20.7118699822701,0.0 -101.356923548425,20.7118858731515,0.0 -101.35693122089,20.7119017685431,0.0 -101.356938883512,20.7119176681385,0.0 -101.356946536989,20.7119335716327,0.0 -101.356954182025,20.7119494787215,0.0 -101.35696181932,20.711965389102,0.0 -101.356969449578,20.711981302472,0.0 -101.356977073501,20.7119972185302,0.0 -101.356984691791,20.712013136976,0.0 -101.356992305154,20.7120290575094,0.0 -101.356999914292,20.7120449798313,0.0 -101.357007519909,20.7120609036426,0.0 -101.357015122709,20.712076828645,0.0 -101.357022723398,20.7120927545405,0.0 -101.357030322678,20.712108681031,0.0 -101.357037921256,20.7121246078191,0.0 -101.357670036933,20.7134495505088,0.0 -101.357677635391,20.7134654773857,0.0 -101.357685233145,20.71348140456,0.0 -101.357692829492,20.7134973323292,0.0 -101.357700423727,20.7135132609906,0.0 -101.357708015143,20.7135291908413,0.0 -101.357715603038,20.713545122178,0.0 -101.357723186705,20.713561055297,0.0 -101.357730765439,20.7135769904942,0.0 -101.357738338534,20.7135929280648,0.0 -101.357745905284,20.7136088683033,0.0 -101.357753464984,20.7136248115036,0.0 -101.357761016925,20.7136407579587,0.0 -101.357768560402,20.7136567079607,0.0 -101.357776094706,20.7136726618007,0.0 -101.357783619128,20.7136886197687,0.0 -101.357791132962,20.7137045821535,0.0 -101.357798635496,20.7137205492427,0.0 -101.357806126022,20.7137365213227,0.0 -101.357813603828,20.7137524986783,0.0 -101.357821068204,20.7137684815928,0.0 -101.357828518437,20.7137844703481,0.0 -101.357835953814,20.7138004652243,0.0 -101.357843373623,20.7138164664996,0.0 -101.357850777149,20.7138324744508,0.0 -101.357858163675,20.7138484893523,0.0 -101.357865532487,20.7138645114768,0.0 -101.357872882867,20.7138805410948,0.0 -101.357880214098,20.7138965784747,0.0 -101.357887525459,20.7139126238826,0.0 -101.357894816231,20.7139286775821,0.0 -101.357902085692,20.7139447398346,0.0 -101.358025216338,20.7142260278593,0.0 -101.358141594587,20.7145098494205,0.0 -101.3581480671,20.7145262106924,0.0 -101.358154517895,20.7145425795559,0.0 -101.358160947686,20.7145589557336,0.0 -101.358167357189,20.7145753389508,0.0 -101.35817374712,20.7145917289348,0.0 -101.358180118196,20.7146081254156,0.0 -101.358186471135,20.7146245281251,0.0 -101.358192806658,20.7146409367975,0.0 -101.358199125482,20.714657351169,0.0 -101.35820542833,20.7146737709777,0.0 -101.358211715922,20.7146901959635,0.0 -101.35821798898,20.7147066258684,0.0 -101.358224248227,20.7147230604358,0.0 -101.358230494387,20.7147394994108,0.0 -101.358236728183,20.7147559425401,0.0 -101.35824295034,20.7147723895717,0.0 -101.358249161582,20.7147888402553,0.0 -101.358255362636,20.7148052943414,0.0 -101.358261554228,20.7148217515822,0.0 -101.358267737083,20.7148382117305,0.0 -101.358273911928,20.7148546745406,0.0 -101.358280079491,20.7148711397674,0.0 -101.358286240498,20.7148876071669,0.0 -101.358292395679,20.7149040764956,0.0 -101.35829854576,20.7149205475109,0.0 -101.35830469147,20.7149370199708,0.0 -101.358310833537,20.7149534936337,0.0 -101.358316972691,20.7149699682585,0.0 -101.358323109658,20.7149864436043,0.0 -101.358329245169,20.7150029194307,0.0 -101.358335379952,20.7150193954974,0.0 -101.358860041462,20.7164284891302,0.0 -101.358866176337,20.7164449651927,0.0 -101.358872311943,20.716461441015,0.0 -101.358878449007,20.7164779163566,0.0 -101.358884588259,20.716494390977,0.0 -101.358890730428,20.7165108646354,0.0 -101.358896876241,20.7165273370908,0.0 -101.358903026428,20.7165438081014,0.0 -101.358909181716,20.7165602774254,0.0 -101.358915342833,20.71657674482,0.0 -101.358921510508,20.7165932100418,0.0 -101.358927685468,20.7166096728468,0.0 -101.358933868439,20.7166261329899,0.0 -101.358940060149,20.7166425902253,0.0 -101.358946261324,20.716659044306,0.0 -101.35895247269,20.716675494984,0.0 -101.358958694973,20.7166919420099,0.0 -101.358964928897,20.7167083851334,0.0 -101.358971175187,20.7167248241024,0.0 -101.358977434567,20.7167412586637,0.0 -101.35898370776,20.7167576885623,0.0 -101.35898999549,20.7167741135417,0.0 -101.358996298477,20.7167905333439,0.0 -101.359002617444,20.7168069477086,0.0 -101.359008953111,20.7168233563742,0.0 -101.359015306198,20.7168397590767,0.0 -101.359021677424,20.7168561555503,0.0 -101.359028067507,20.716872545527,0.0 -101.359034477165,20.7168889287366,0.0 -101.359040907113,20.7169053049066,0.0 -101.359047358068,20.7169216737622,0.0 -101.359053830744,20.716938035026,0.0 -101.359183016858,20.7172519623659,0.0 -101.359320464649,20.7175627685744,0.0 -101.35932781613,20.7175787978394,0.0 -101.359335188881,20.7175948184551,0.0 -101.359342582182,20.717610830686,0.0 -101.359349995313,20.717626834799,0.0 -101.359357427558,20.7176428310637,0.0 -101.3593648782,20.7176588197514,0.0 -101.359372346522,20.717674801136,0.0 -101.359379831811,20.7176907754933,0.0 -101.359387333352,20.7177067431012,0.0 -101.359394850432,20.7177227042394,0.0 -101.359402382339,20.7177386591894,0.0 -101.359409928362,20.7177546082347,0.0 -101.35941748779,20.7177705516602,0.0 -101.359425059913,20.7177864897524,0.0 -101.359432644023,20.7178024227996,0.0 -101.35944023941,20.717818351091,0.0 -101.359447845367,20.7178342749176,0.0 -101.359455461188,20.7178501945714,0.0 -101.359463086164,20.7178661103455,0.0 -101.35947071959,20.7178820225343,0.0 -101.35947836076,20.7178979314331,0.0 -101.359486008969,20.7179138373381,0.0 -101.359493663512,20.7179297405461,0.0 -101.359501323684,20.7179456413551,0.0 -101.359508988782,20.7179615400635,0.0 -101.359516658101,20.7179774369702,0.0 -101.359524330937,20.7179933323747,0.0 -101.359532006588,20.718009226577,0.0 -101.35953968435,20.7180251198773,0.0 -101.359547363519,20.718041012576,0.0 -101.359555043393,20.7180569049739,0.0 -101.368535798836,20.7366388964034,0.0 -101.368543542835,20.7366549178335,0.0 -101.368551286431,20.7366709394369,0.0 -101.368559029218,20.7366869613868,0.0 -101.36856677079,20.7367029838565,0.0 -101.368574510743,20.7367190070192,0.0 -101.36858224867,20.7367350310479,0.0 -101.368589984167,20.7367510561156,0.0 -101.368597716828,20.7367670823951,0.0 -101.368605446247,20.7367831100589,0.0 -101.368613172018,20.7367991392794,0.0 -101.368620893736,20.7368151702287,0.0 -101.368628610995,20.7368312030787,0.0 -101.368636323388,20.7368472380009,0.0 -101.36864403051,20.7368632751665,0.0 -101.368651731953,20.7368793147465,0.0 -101.368659427312,20.7368953569112,0.0 -101.368667116179,20.7369114018308,0.0 -101.368674798147,20.7369274496749,0.0 -101.368682472809,20.7369435006127,0.0 -101.368690139758,20.7369595548128,0.0 -101.368697798586,20.7369756124435,0.0 -101.368705448884,20.7369916736723,0.0 -101.368713090245,20.7370077386663,0.0 -101.368720722261,20.737023807592,0.0 -101.368728344521,20.7370398806151,0.0 -101.368735956617,20.7370559579008,0.0 -101.36874355814,20.7370720396136,0.0 -101.368751148679,20.7370881259173,0.0 -101.368758727825,20.7371042169748,0.0 -101.368766295168,20.7371203129485,0.0 -101.368773850295,20.7371364139997,0.0 -101.368781392796,20.7371525202892,0.0 -101.36878892226,20.7371686319767,0.0 -101.368796438274,20.7371847492212,0.0 -101.368803940425,20.7372008721805,0.0 -101.368811428301,20.7372170010119,0.0 -101.36881890149,20.7372331358714,0.0 -101.368826359575,20.737249276914,0.0 -101.368833802145,20.737265424294,0.0 -101.368841228783,20.7372815781644,0.0 -101.368848639075,20.737297738677,0.0 -101.369085437002,20.7378388248431,0.0 -101.369303457483,20.7383868508794,0.0 -101.369502470937,20.7389412402489,0.0 -101.369682267772,20.7395014097131,0.0 -101.369842658608,20.740066769945,0.0 -101.369983474477,20.7406367261492,0.0 -101.370104566999,20.7412106786879,0.0 -101.370205808543,20.7417880237111,0.0 -101.370208544932,20.7418054344061,0.0 -101.370211263704,20.7418228475434,0.0 -101.370213965296,20.7418402630467,0.0 -101.370216650148,20.7418576808409,0.0 -101.370219318696,20.7418751008521,0.0 -101.370221971381,20.7418925230073,0.0 -101.370224608641,20.7419099472347,0.0 -101.370227230915,20.7419273734636,0.0 -101.370229838641,20.7419448016243,0.0 -101.37023243226,20.7419622316478,0.0 -101.37023501221,20.7419796634664,0.0 -101.370237578931,20.741997097013,0.0 -101.370240132864,20.7420145322218,0.0 -101.370242674447,20.7420319690274,0.0 -101.370245204121,20.7420494073655,0.0 -101.370247722326,20.7420668471725,0.0 -101.370250229502,20.7420842883858,0.0 -101.37025272609,20.7421017309431,0.0 -101.370255212529,20.7421191747832,0.0 -101.370257689261,20.7421366198453,0.0 -101.370260156726,20.7421540660696,0.0 -101.370262615364,20.7421715133966,0.0 -101.370265065617,20.7421889617675,0.0 -101.370267507926,20.7422064111241,0.0 -101.370269942731,20.7422238614086,0.0 -101.370272370473,20.7422413125639,0.0 -101.370274791594,20.7422587645334,0.0 -101.370277206535,20.7422762172605,0.0 -101.370279615736,20.7422936706897,0.0 -101.37028201964,20.7423111247652,0.0 -101.370284418687,20.7423285794322,0.0 -101.37028681332,20.7423460346356,0.0 -101.370289203978,20.7423634903211,0.0 -101.370291591104,20.7423809464344,0.0 -101.37029397514,20.7423984029215,0.0 -101.370296356526,20.7424158597287,0.0 -101.370298735705,20.7424333168023,0.0 -101.370301113117,20.7424507740889,0.0 -101.370303489205,20.742468231535,0.0 -101.37030586441,20.7424856890876,0.0 -101.370308239174,20.7425031466933,0.0 -101.379463089534,20.8097935800372,0.0 -101.37946549922,20.8098112877558,0.0 -101.379467909683,20.8098289953809,0.0 -101.379470321699,20.8098467028191,0.0 -101.379472736045,20.8098644099767,0.0 -101.379475153497,20.8098821167596,0.0 -101.379477574832,20.8098998230735,0.0 -101.379480000826,20.8099175288236,0.0 -101.379482432254,20.8099352339146,0.0 -101.379484869894,20.8099529382506,0.0 -101.379487314522,20.8099706417347,0.0 -101.379489766913,20.8099883442695,0.0 -101.379492227842,20.8100060457567,0.0 -101.379494698087,20.8100237460968,0.0 -101.379497178423,20.8100414451892,0.0 -101.379499669624,20.8100591429325,0.0 -101.379502172466,20.8100768392236,0.0 -101.379504687724,20.8100945339583,0.0 -101.379507216173,20.8101122270308,0.0 -101.379509758587,20.810129918334,0.0 -101.379512315741,20.8101476077589,0.0 -101.379514888408,20.8101652951949,0.0 -101.379517477363,20.8101829805298,0.0 -101.379520083379,20.8102006636491,0.0 -101.37952270723,20.8102183444366,0.0 -101.379525349687,20.810236022774,0.0 -101.379528011524,20.8102536985408,0.0 -101.379530693513,20.8102713716142,0.0 -101.379533396426,20.8102890418691,0.0 -101.379536121033,20.8103067091781,0.0 -101.379538868107,20.8103243734111,0.0 -101.379541638417,20.8103420344354,0.0 -101.379544432734,20.8103596921157,0.0 -101.379547251827,20.8103773463139,0.0 -101.379550096466,20.8103949968889,0.0 -101.379552967419,20.8104126436968,0.0 -101.379555865454,20.8104302865906,0.0 -101.379558791338,20.8104479254201,0.0 -101.379561745839,20.8104655600318,0.0 -101.379564729722,20.8104831902691,0.0 -101.379567743754,20.8105008159719,0.0 -101.379570788699,20.8105184369765,0.0 -101.379573865321,20.8105360531157,0.0 -101.379576974385,20.8105536642188,0.0 -101.379580116652,20.8105712701109,0.0 -101.379583292885,20.8105888706137,0.0 -101.379586503844,20.8106064655448,0.0 -101.379589750291,20.8106240547177,0.0 -101.379593032984,20.8106416379419,0.0 -101.379645852567,20.8109007431463,0.0 -101.37970670875,20.8111582850699,0.0 -101.379775549515,20.8114140433886,0.0 -101.379852316011,20.8116677993027,0.0 -101.379936942605,20.8119193357245,0.0 -101.379942950875,20.8119362703714,0.0 -101.379948994039,20.8119531940385,0.0 -101.379955071332,20.811970106898,0.0 -101.37996118199,20.8119870091259,0.0 -101.379967325253,20.8120039009022,0.0 -101.379973500359,20.8120207824107,0.0 -101.37997970655,20.812037653839,0.0 -101.379985943067,20.8120545153783,0.0 -101.379992209154,20.8120713672233,0.0 -101.379998504055,20.8120882095722,0.0 -101.380004827015,20.8121050426266,0.0 -101.380011177281,20.8121218665915,0.0 -101.380017554101,20.8121386816749,0.0 -101.380023956725,20.8121554880879,0.0 -101.380030384401,20.8121722860448,0.0 -101.380036836382,20.8121890757627,0.0 -101.380043311919,20.8122058574616,0.0 -101.380049810265,20.8122226313642,0.0 -101.380056330676,20.812239397696,0.0 -101.380062872404,20.8122561566848,0.0 -101.380069434708,20.8122729085611,0.0 -101.380076016843,20.8122896535579,0.0 -101.380082618068,20.8123063919103,0.0 -101.380089237641,20.8123231238557,0.0 -101.380095874822,20.8123398496336,0.0 -101.380102528871,20.8123565694857,0.0 -101.380109199049,20.8123732836555,0.0 -101.380115884618,20.8123899923885,0.0 -101.380122584841,20.8124066959319,0.0 -101.38012929898,20.8124233945347,0.0 -101.380136026299,20.8124400884474,0.0 -101.380142766063,20.8124567779222,0.0 -101.380149517537,20.8124734632126,0.0 -101.380156279987,20.8124901445736,0.0 -101.380163052678,20.8125068222613,0.0 -101.380169834877,20.8125234965331,0.0 -101.380176625851,20.8125401676476,0.0 -101.380183424867,20.8125568358642,0.0 -101.380190231193,20.8125735014434,0.0 -101.380197044098,20.8125901646466,0.0 -101.380203862849,20.8126068257357,0.0 -101.380210686716,20.8126234849736,0.0 -101.380217514967,20.8126401426236,0.0 -101.380224346872,20.8126567989496,0.0 -101.380231181699,20.8126734542158,0.0 -101.380238018719,20.8126901086868,0.0 -101.380244857201,20.8127067626276,0.0 -101.380251696414,20.8127234163032,0.0 -101.392930810622,20.8435914145075,0.0 -101.392937095868,20.8436067133697,0.0 -101.392943381654,20.8436220120365,0.0 -101.392949668516,20.8436373103125,0.0 -101.392955956993,20.8436526080022,0.0 -101.392962247623,20.8436679049101,0.0 -101.392968540943,20.8436832008402,0.0 -101.392974837492,20.8436984955965,0.0 -101.392981137807,20.8437137889826,0.0 -101.392987442425,20.8437290808018,0.0 -101.392993751884,20.8437443708569,0.0 -101.39300006672,20.8437596589503,0.0 -101.393346114945,20.8445734777727,0.0 -101.393708923551,20.8453808214307,0.0 -101.393715871306,20.8453958650039,0.0 -101.393722824352,20.845410906417,0.0 -101.39372978216,20.8454259458847,0.0 -101.393736744199,20.845440983622,0.0 -101.393743709941,20.8454560198444,0.0 -101.393750678857,20.8454710547676,0.0 -101.393757650418,20.8454860886077,0.0 -101.393764624094,20.845501121581,0.0 -101.393771599358,20.8455161539039,0.0 -101.39377857568,20.8455311857932,0.0 -101.393785552532,20.8455462174656,0.0 -101.395169731822,20.8485283430646,0.0 -101.395176708912,20.8485433747163,0.0 -101.395183685474,20.8485584065846,0.0 -101.395190660979,20.8485734388865,0.0 -101.3951976349,20.8485884718385,0.0 -101.395204606708,20.848603505657,0.0 -101.395211575873,20.8486185405586,0.0 -101.395218541867,20.8486335767591,0.0 -101.39522550416,20.8486486144744,0.0 -101.395232462224,20.8486636539199,0.0 -101.395239415528,20.8486786953106,0.0 -101.395246363544,20.8486937388611,0.0 -101.395940463588,20.8502791416884,0.0 -101.395946792739,20.8502944246912,0.0 -101.395953116515,20.8503097096599,0.0 -101.395959435454,20.8503249963964,0.0 -101.395965750094,20.8503402847033,0.0 -101.395972060971,20.8503555743832,0.0 -101.395978368622,20.8503708652394,0.0 -101.395984673586,20.8503861570755,0.0 -101.3959909764,20.850401449695,0.0 -101.395997277601,20.8504167429019,0.0 -101.396003577728,20.8504320365004,0.0 -101.396009877318,20.8504473302946,0.0 -101.410721901027,20.8861577286336,0.0 -101.410728203002,20.8861730223017,0.0 -101.410734504933,20.8861883159861,0.0 -101.410740806776,20.886203609703,0.0 -101.410747108485,20.8862189034688,0.0 -101.410753410016,20.8862341972998,0.0 -101.410759711324,20.8862494912123,0.0 -101.410766012364,20.8862647852226,0.0 -101.410772313091,20.8862800793471,0.0 -101.41077861346,20.8862953736019,0.0 -101.410784913427,20.8863106680035,0.0 -101.410791212947,20.8863259625681,0.0 -101.410912224046,20.8866200313893,0.0 -101.410918513627,20.8866353295725,0.0 -101.410924802761,20.8866506279185,0.0 -101.410931091492,20.886665926411,0.0 -101.410937379865,20.8866812250336,0.0 -101.410943667926,20.8866965237701,0.0 -101.410949955718,20.8867118226042,0.0 -101.410956243287,20.8867271215196,0.0 -101.410962530678,20.8867424205001,0.0 -101.410968817936,20.8867577195294,0.0 -101.410975105105,20.8867730185911,0.0 -101.41098139223,20.886788317669,0.0 -101.429942915753,20.9329172345032,0.0 -101.42994920664,20.9329325331693,0.0 -101.429955500893,20.9329478306139,0.0 -101.429961801875,20.9329631256134,0.0 -101.429968112948,20.9329784169405,0.0 -101.42997443747,20.932993703362,0.0 -101.4299807788,20.9330089836367,0.0 -101.429987140287,20.9330242565138,0.0 -101.429993525281,20.9330395207307,0.0 -101.429999937122,20.9330547750111,0.0 -101.430006379145,20.9330700180632,0.0 -101.430012854677,20.9330852485776,0.0 -101.430080224993,20.9332381002854,0.0 -101.430151307414,20.9333894608576,0.0 -101.430158554259,20.9334043815392,0.0 -101.430165833904,20.9334192881226,0.0 -101.430173143043,20.9334341819632,0.0 -101.430180478376,20.9334490644335,0.0 -101.430187836613,20.9334639369216,0.0 -101.430195214471,20.9334788008286,0.0 -101.430202608671,20.9334936575673,0.0 -101.430210015938,20.9335085085599,0.0 -101.430217433004,20.9335233552363,0.0 -101.4302248566,20.9335381990318,0.0 -101.430232283462,20.933553041386,0.0 -101.430539874327,20.9341676948762,0.0 -101.430547301244,20.9341825372247,0.0 -101.430554724897,20.9341973810143,0.0 -101.430562142022,20.9342122276844,0.0 -101.430569549352,20.9342270786705,0.0 -101.430576943616,20.9342419354025,0.0 -101.430584321541,20.9342567993025,0.0 -101.430591679848,20.9342716717834,0.0 -101.430599015253,20.9342865542464,0.0 -101.430606324465,20.9343014480794,0.0 -101.430613604186,20.9343163546549,0.0 -101.430620851111,20.9343312753285,0.0 -101.430690803254,20.9344801516351,0.0 -101.430757164326,20.934630472024,0.0 -101.430763652119,20.934645697968,0.0 -101.430770106414,20.9346609364733,0.0 -101.430776530538,20.9346761862281,0.0 -101.430782927825,20.9346914459382,0.0 -101.430789301615,20.9347067143249,0.0 -101.430795655254,20.9347219901234,0.0 -101.430801992094,20.9347372720803,0.0 -101.430808315489,20.9347525589522,0.0 -101.430814628798,20.9347678495036,0.0 -101.430820935383,20.9347831425046,0.0 -101.430827238605,20.9347984367294,0.0 -101.432899670022,20.9398273825063,0.0 -101.432906410377,20.939843739157,0.0 -101.43291314852,20.9398600966122,0.0 -101.432919882239,20.9398764556758,0.0 -101.432926609319,20.9398928171498,0.0 -101.432933327546,20.9399091818342,0.0 -101.432940034704,20.9399255505257,0.0 -101.432946728574,20.9399419240168,0.0 -101.432953406939,20.9399583030957,0.0 -101.432960067575,20.9399746885445,0.0 -101.432966708258,20.9399910811395,0.0 -101.432973326761,20.9400074816493,0.0 -101.432979920854,20.940023890835,0.0 -101.432986488302,20.9400403094486,0.0 -101.432993026868,20.9400567382328,0.0 -101.43299953431,20.9400731779197,0.0 -101.433006008381,20.9400896292304,0.0 -101.433012446832,20.9401060928739,0.0 -101.433018847407,20.9401225695464,0.0 -101.433072939907,20.9402667638707,0.0 -101.4331239613,20.9404119427687,0.0 -101.433129617596,20.9404286580515,0.0 -101.433135235438,20.9404453847759,0.0 -101.433140817066,20.9404621221977,0.0 -101.433146364721,20.9404788695854,0.0 -101.433151880649,20.9404956262197,0.0 -101.433157367103,20.9405123913926,0.0 -101.433162826335,20.9405291644067,0.0 -101.433168260603,20.9405459445742,0.0 -101.433173672168,20.9405627312165,0.0 -101.433179063292,20.9405795236629,0.0 -101.43318443624,20.94059632125,0.0 -101.433189793281,20.9406131233209,0.0 -101.433195136683,20.9406299292246,0.0 -101.433200468718,20.9406467383148,0.0 -101.433205791657,20.9406635499493,0.0 -101.433211107774,20.9406803634891,0.0 -101.433216419343,20.9406971782978,0.0 -101.433221728638,20.9407139937406,0.0 -101.433640385094,20.9420400440735,0.0 -101.433645635971,20.9420566747699,0.0 -101.433650888228,20.9420733050822,0.0 -101.433656143242,20.9420899346259,0.0 -101.433661402391,20.942106563016,0.0 -101.433666667054,20.9421231898666,0.0 -101.433671938607,20.9421398147905,0.0 -101.433677218427,20.9421564373992,0.0 -101.433682507891,20.942173057302,0.0 -101.433687808373,20.9421896741066,0.0 -101.43369312125,20.9422062874177,0.0 -101.433698447895,20.9422228968378,0.0 -101.43370378968,20.9422395019661,0.0 -101.433709147979,20.9422561023985,0.0 -101.43371452416,20.9422726977274,0.0 -101.433719919595,20.9422892875412,0.0 -101.433725335651,20.942305871424,0.0 -101.433730773694,20.9423224489556,0.0 -101.433736235089,20.9423390197108,0.0 -101.4337417212,20.9423555832593,0.0 -101.433747233389,20.9423721391656,0.0 -101.433752773013,20.9423886869882,0.0 -101.433758341431,20.9424052262797,0.0 -101.433763939998,20.9424217565866,0.0 -101.433769570066,20.9424382774485,0.0 -101.433775232987,20.9424547883983,0.0 -101.433780930107,20.9424712889617,0.0 -101.433894962164,20.9427802750688,0.0 -101.433901359969,20.942796547426,0.0 -101.433907791479,20.9428128080539,0.0 -101.433914255321,20.9428290573637,0.0 -101.433920750129,20.9428452957738,0.0 -101.433927274536,20.9428615237093,0.0 -101.433933827179,20.9428777416019,0.0 -101.433940406697,20.9428939498896,0.0 -101.433947011732,20.9429101490162,0.0 -101.433953640928,20.9429263394311,0.0 -101.43396029293,20.9429425215892,0.0 -101.433966966386,20.9429586959501,0.0 -101.433973659947,20.9429748629785,0.0 -101.433980372262,20.9429910231433,0.0 -101.433987101987,20.9430071769175,0.0 -101.433993847776,20.943023324778,0.0 -101.434000608284,20.9430394672053,0.0 -101.434007382171,20.9430556046829,0.0 -101.434014168093,20.9430717376975,0.0 -101.434020964713,20.9430878667383,0.0 -101.434027770689,20.9431039922969,0.0 -101.434034584685,20.9431201148669,0.0 -101.434041405362,20.9431362349437,0.0 -101.434048231385,20.9431523530242,0.0 -101.434055061416,20.9431684696064,0.0 -101.434061894119,20.9431845851892,0.0 -101.43406872816,20.9432007002721,0.0 -101.434199717059,20.9435095678307,0.0 -101.434206486472,20.9435255292723,0.0 -101.434213257171,20.943541490233,0.0 -101.434220030439,20.9435574502319,0.0 -101.434226807561,20.9435734087874,0.0 -101.43423358982,20.9435893654172,0.0 -101.434240378499,20.9436053196378,0.0 -101.43424717488,20.9436212709644,0.0 -101.434253980246,20.9436372189104,0.0 -101.434260795877,20.9436531629876,0.0 -101.434267623053,20.9436691027052,0.0 -101.434274463053,20.9436850375704,0.0 -101.434281317156,20.9437009670874,0.0 -101.434288186638,20.9437168907573,0.0 -101.434295072773,20.9437328080782,0.0 -101.434301976835,20.9437487185445,0.0 -101.434308900096,20.9437646216469,0.0 -101.434315843827,20.9437805168717,0.0 -101.434322809294,20.9437964037014,0.0 -101.434329797765,20.9438122816134,0.0 -101.434336810503,20.9438281500804,0.0 -101.43434384877,20.9438440085699,0.0 -101.434488563834,20.9441555209048,0.0 -101.43464361901,20.9444626113955,0.0 -101.434808861481,20.9447649772465,0.0 -101.43498412838,20.9450623203184,0.0 -101.435169246955,20.9453543474223,0.0 -101.435364034735,20.9456407706088,0.0 -101.435568299713,20.9459213074521,0.0 -101.435781840534,20.9461956813284,0.0 -101.435792877195,20.946209382279,0.0 -101.435803935893,20.9462230675404,0.0 -101.435815015503,20.9462367378679,0.0 -101.435826114903,20.9462503940216,0.0 -101.435837232976,20.9462640367655,0.0 -101.435848368607,20.946277666868,0.0 -101.435859520682,20.946291285101,0.0 -101.435870688094,20.9463048922399,0.0 -101.435881869735,20.9463184890636,0.0 -101.435893064502,20.9463320763537,0.0 -101.435904271293,20.9463456548949,0.0 -101.435915489008,20.9463592254744,0.0 -101.43592671655,20.9463727888816,0.0 -101.435937952822,20.9463863459082,0.0 -101.435949196731,20.9463998973476,0.0 -101.435960447182,20.9464134439949,0.0 -101.435971703085,20.9464269866465,0.0 -101.435982963347,20.9464405261002,0.0 -101.43599422688,20.9464540631544,0.0 -101.436005492593,20.9464675986085,0.0 -101.436016759396,20.9464811332621,0.0 -101.444891031223,20.9571405181287,0.0 -101.444902408012,20.9571541824772,0.0 -101.444913784266,20.9571678472205,0.0 -101.444925159446,20.9571815127536,0.0 -101.444936533014,20.9571951794716,0.0 -101.444947904431,20.9572088477694,0.0 -101.444959273159,20.9572225180417,0.0 -101.44497063866,20.9572361906827,0.0 -101.444982000395,20.9572498660865,0.0 -101.444993357823,20.9572635446468,0.0 -101.445004710406,20.9572772267567,0.0 -101.445016057604,20.957290912809,0.0 -101.445027398876,20.9573046031956,0.0 -101.44503873368,20.9573182983082,0.0 -101.445316944226,20.9576587640264,0.0 -101.445328097962,20.9576725897155,0.0 -101.445339245167,20.9576864200523,0.0 -101.445350386384,20.9577002546472,0.0 -101.445361522155,20.9577140931111,0.0 -101.445372653024,20.9577279350553,0.0 -101.445383779535,20.9577417800918,0.0 -101.445394902232,20.957755627833,0.0 -101.445406021659,20.9577694778918,0.0 -101.445417138362,20.9577833298813,0.0 -101.445428252885,20.9577971834149,0.0 -101.445439365773,20.9578110381063,0.0 -101.445450477573,20.9578248935693,0.0 -101.445461588829,20.9578387494178,0.0 -101.447713888096,20.9606473654725,0.0 -101.447725237825,20.9606615181622,0.0 -101.447736587908,20.9606756706021,0.0 -101.447747938698,20.9606898225429,0.0 -101.447759290547,20.9607039737352,0.0 -101.447770643808,20.9607181239296,0.0 -101.447781998831,20.9607322728765,0.0 -101.44779335597,20.9607464203264,0.0 -101.447804715576,20.9607605660293,0.0 -101.447816078002,20.9607747097353,0.0 -101.447827443598,20.9607888511944,0.0 -101.447838812716,20.9608029901561,0.0 -101.447850185708,20.9608171263699,0.0 -101.447861562925,20.9608312595849,0.0 -101.447872944717,20.9608453895501,0.0 -101.447884331435,20.9608595160139,0.0 -101.44789572343,20.9608736387247,0.0 -101.447907121052,20.9608877574304,0.0 -101.44791852465,20.9609018718785,0.0 -101.447929934574,20.9609159818162,0.0 -101.447941351173,20.9609300869902,0.0 -101.447952774795,20.9609441871468,0.0 -101.44796420579,20.9609582820318,0.0 -101.447975644505,20.9609723713907,0.0 -101.447987091288,20.9609864549681,0.0 -101.447998546486,20.9610005325085,0.0 -101.448010010446,20.9610146037556,0.0 -101.448021483514,20.9610286684525,0.0 -101.448032966035,20.9610427263419,0.0 -101.448301713353,20.9613664163932,0.0 -101.448313431181,20.9613803019346,0.0 -101.448325158343,20.9613941805235,0.0 -101.448336894487,20.961408052412,0.0 -101.448348639266,20.9614219178529,0.0 -101.448360392328,20.9614357770997,0.0 -101.448372153327,20.9614496304064,0.0 -101.448383921914,20.9614634780275,0.0 -101.448395697742,20.9614773202179,0.0 -101.448407480462,20.9614911572331,0.0 -101.448419269728,20.961504989329,0.0 -101.448431065193,20.9615188167621,0.0 -101.448442866512,20.9615326397891,0.0 -101.448454673338,20.961546458667,0.0 -101.448466485326,20.9615602736536,0.0 -101.448478302131,20.9615740850065,0.0 -101.448490123406,20.9615878929841,0.0 -101.448501948809,20.9616016978447,0.0 -101.448513777994,20.9616154998471,0.0 -101.448525610616,20.9616292992503,0.0 -101.448537446332,20.9616430963135,0.0 -101.448549284798,20.9616568912962,0.0 -101.44856112567,20.961670684458,0.0 -101.448572968604,20.9616844760585,0.0 -101.448584813257,20.9616982663578,0.0 -101.448596659285,20.9617120556158,0.0 -101.448608506346,20.9617258440927,0.0 -101.448620354095,20.9617396320485,0.0 -101.448632202189,20.9617534197436,0.0 -101.451445912373,20.9650276397019,0.0 -101.451457641292,20.965041287998,0.0 -101.451469369898,20.9650549365316,0.0 -101.451481097879,20.9650685855407,0.0 -101.45149282492,20.9650822352632,0.0 -101.451504550707,20.965095885937,0.0 -101.451516274927,20.9651095378001,0.0 -101.451527997264,20.96512319109,0.0 -101.451539717404,20.9651368460444,0.0 -101.451551435034,20.9651505029008,0.0 -101.451563149839,20.9651641618966,0.0 -101.451574861504,20.9651778232687,0.0 -101.451586569713,20.9651914872544,0.0 -101.451598274153,20.9652051540902,0.0 -101.451609974508,20.9652188240126,0.0 -101.451621670463,20.9652324972581,0.0 -101.451633361701,20.9652461740626,0.0 -101.451645047907,20.9652598546617,0.0 -101.451656728766,20.965273539291,0.0 -101.451849249714,20.9655006678193,0.0 -101.451860830995,20.965514426933,0.0 -101.451872406897,20.9655281900406,0.0 -101.451883977735,20.9655419569055,0.0 -101.451895543825,20.9655557272914,0.0 -101.451907105482,20.965569500962,0.0 -101.451918663022,20.9655832776817,0.0 -101.451930216761,20.965597057215,0.0 -101.451941767015,20.9656108393264,0.0 -101.451953314101,20.9656246237809,0.0 -101.451964858335,20.9656384103436,0.0 -101.451976400034,20.9656521987798,0.0 -101.451987939515,20.9656659888548,0.0 -101.451999477095,20.9656797803342,0.0 -101.452011013091,20.9656935729837,0.0 -101.452022547819,20.9657073665691,0.0 -101.452034081598,20.9657211608562,0.0 -101.452045614744,20.9657349556109,0.0 -101.452057147575,20.9657487505992,0.0 -101.454503175679,20.9686745206504,0.0 -101.45451395997,20.9686874198065,0.0 -101.454524744187,20.968700319018,0.0 -101.454535528255,20.9687132183406,0.0 -101.454546312098,20.9687261178303,0.0 -101.454557095639,20.9687390175427,0.0 -101.454567878804,20.9687519175337,0.0 -101.454578661517,20.9687648178591,0.0 -101.454589443702,20.9687777185747,0.0 -101.454600225283,20.9687906197361,0.0 -101.454611006185,20.9688035213993,0.0 -101.454621786332,20.96881642362,0.0 -101.454949441488,20.9692093457739,0.0 -101.45496019553,20.969222267227,0.0 -101.454970948816,20.9692351892361,0.0 -101.454981701421,20.9692481117456,0.0 -101.454992453422,20.9692610346999,0.0 -101.455003204893,20.9692739580432,0.0 -101.455013955912,20.9692868817198,0.0 -101.455024706553,20.9692998056742,0.0 -101.455035456893,20.9693127298508,0.0 -101.455046207007,20.9693256541937,0.0 -101.455056956972,20.9693385786475,0.0 -101.455067706862,20.9693515031565,0.0 -101.47057497044,20.9879931149852,0.0 -101.470585722882,20.9880060388868,0.0 -101.47059647525,20.9880189628436,0.0 -101.470607227468,20.9880318869112,0.0 -101.470617979461,20.9880448111453,0.0 -101.470628731152,20.9880577356015,0.0 -101.470639482466,20.9880706603354,0.0 -101.470650233326,20.9880835854027,0.0 -101.470660983658,20.9880965108589,0.0 -101.470671733384,20.9881094367597,0.0 -101.47068248243,20.9881223631606,0.0 -101.47069323072,20.9881352901173,0.0 -101.471087931906,20.9886111160218,0.0 -101.471098648747,20.9886240660199,0.0 -101.471109364829,20.9886370165721,0.0 -101.471120080229,20.9886499676228,0.0 -101.471130795023,20.9886629191167,0.0 -101.471141509288,20.9886758709982,0.0 -101.471152223098,20.9886888232119,0.0 -101.471162936529,20.9887017757023,0.0 -101.471173649659,20.9887147284141,0.0 -101.471184362562,20.9887276812917,0.0 -101.471195075316,20.9887406342798,0.0 -101.471205787995,20.9887535873228,0.0 -101.485605569887,21.0061625191577,0.0 -101.485617254957,21.0061766439741,0.0 -101.485628940673,21.006190768321,0.0 -101.485640627676,21.0062048917296,0.0 -101.485652316609,21.0062190137307,0.0 -101.485664008115,21.0062331338548,0.0 -101.485675702836,21.0062472516325,0.0 -101.485687401413,21.0062613665936,0.0 -101.485699104487,21.0062754782676,0.0 -101.485710812701,21.0062895861834,0.0 -101.485722526694,21.0063036898694,0.0 -101.485734247106,21.0063177888531,0.0 -101.485745974577,21.0063318826615,0.0 -101.485757709744,21.0063459708206,0.0 -101.485769453246,21.0063600528554,0.0 -101.48578120572,21.00637412829,0.0 -101.485792967801,21.0063881966474,0.0 -101.485804740125,21.0064022574494,0.0 -101.485816523325,21.0064163102168,0.0 -101.485828318035,21.0064303544688,0.0 -101.485840124886,21.0064443897233,0.0 -101.485851944509,21.0064584154968,0.0 -101.485863777533,21.0064724313043,0.0 -101.485875624586,21.0064864366591,0.0 -101.485887486294,21.0065004310728,0.0 -101.485899363282,21.0065144140555,0.0 -101.485911256173,21.0065283851151,0.0 -101.485923165589,21.0065423437579,0.0 -101.48593509215,21.0065562894881,0.0 -101.485947036474,21.0065702218077,0.0 -101.485958999178,21.006584140217,0.0 -101.485970980875,21.0065980442136,0.0 -101.485982982178,21.0066119332933,0.0 -101.485995003698,21.0066258069493,0.0 -101.486007046042,21.0066396646724,0.0 -101.486019109817,21.006653505951,0.0 -101.486031195626,21.0066673302709,0.0 -101.48604330407,21.0066811371154,0.0 -101.486055435749,21.0066949259649,0.0 -101.486067591258,21.0067086962973,0.0 -101.486079771191,21.0067224475876,0.0 -101.48609197614,21.0067361793078,0.0 -101.486104206692,21.006749890927,0.0 -101.486116463434,21.0067635819113,0.0 -101.486128746948,21.0067772517238,0.0 -101.486141057813,21.0067908998243,0.0 -101.486153396606,21.0068045256694,0.0 -101.4861657639,21.0068181287126,0.0 -101.486178160266,21.0068317084039,0.0 -101.486190586271,21.0068452641898,0.0 -101.486203042477,21.0068587955135,0.0 -101.486215529446,21.0068723018148,0.0 -101.486228047733,21.0068857825295,0.0 -101.486240597891,21.0068992370901,0.0 -101.48625318047,21.0069126649252,0.0 -101.486265796015,21.0069260654599,0.0 -101.486278445067,21.0069394381151,0.0 -101.486291128163,21.0069527823082,0.0 -101.486303845838,21.0069660974522,0.0 -101.486483057458,21.007146939938,0.0 -101.486668755908,21.0073219167388,0.0 -101.486860723605,21.0074908228074,0.0 -101.487058735618,21.0076534602096,0.0 -101.48726255993,21.0078096383562,0.0 -101.487471957709,21.0079591742262,0.0 -101.487686683593,21.0081018925816,0.0 -101.48790648597,21.0082376261727,0.0 -101.488131107278,21.0083662159342,0.0 -101.488360284307,21.0084875111717,0.0 -101.488593748504,21.0086013697384,0.0 -101.488831226291,21.0087076582017,0.0 -101.489072439384,21.0088062519997,0.0 -101.489317105119,21.0088970355871,0.0 -101.489564936785,21.008979902571,0.0 -101.489815643958,21.0090547558353,0.0 -101.490068932844,21.0091215076547,0.0 -101.490324506619,21.0091800797976,0.0 -101.490343091044,21.0091840011498,0.0 -101.490361685586,21.0091878799831,0.0 -101.490380289962,21.0091917170211,0.0 -101.490398903891,21.0091955129886,0.0 -101.490417527101,21.0091992686119,0.0 -101.490436159322,21.0092029846187,0.0 -101.490454800292,21.0092066617379,0.0 -101.490473449754,21.0092103006997,0.0 -101.490492107454,21.0092139022353,0.0 -101.490510773146,21.0092174670774,0.0 -101.490529446586,21.0092209959596,0.0 -101.490548127539,21.0092244896166,0.0 -101.490566815769,21.0092279487842,0.0 -101.490585511051,21.0092313741992,0.0 -101.490604213159,21.0092347665993,0.0 -101.490622921875,21.0092381267233,0.0 -101.490641636985,21.0092414553107,0.0 -101.490660358278,21.0092447531021,0.0 -101.490679085548,21.0092480208387,0.0 -101.490697818592,21.0092512592627,0.0 -101.490716557214,21.009254469117,0.0 -101.490735301217,21.0092576511451,0.0 -101.490754050413,21.0092608060916,0.0 -101.490772804614,21.0092639347014,0.0 -101.490791563637,21.0092670377203,0.0 -101.490810327303,21.0092701158945,0.0 -101.490829095435,21.0092731699711,0.0 -101.49084786786,21.0092762006976,0.0 -101.490866644409,21.0092792088222,0.0 -101.490885424914,21.0092821950933,0.0 -101.490904209212,21.0092851602602,0.0 -101.490922997142,21.0092881050726,0.0 -101.490941788546,21.0092910302804,0.0 -101.490960583268,21.0092939366342,0.0 -101.490979381156,21.0092968248851,0.0 -101.490998182059,21.0092996957842,0.0 -101.491016985828,21.0093025500835,0.0 -101.49103579232,21.0093053885349,0.0 -101.491054601388,21.009308211891,0.0 -101.491073412893,21.0093110209044,0.0 -101.491092226694,21.0093138163283,0.0 -101.491111042654,21.0093165989159,0.0 -101.491129860637,21.0093193694209,0.0 -101.491148680508,21.0093221285972,0.0 -101.491167502135,21.0093248771988,0.0 -101.491186325386,21.0093276159801,0.0 -101.491205150131,21.0093303456955,0.0 -101.491223976242,21.0093330670998,0.0 -101.49124280359,21.0093357809478,0.0 -101.491261632049,21.0093384879945,0.0 -101.491280461494,21.0093411889951,0.0 -101.4912992918,21.0093438847047,0.0 -101.491318122842,21.0093465758788,0.0 -101.491336954497,21.0093492632729,0.0 -101.491355786642,21.0093519476424,0.0 -101.491374619154,21.009354629743,0.0 -101.491393451911,21.0093573103302,0.0 -101.491412284791,21.0093599901597,0.0 -101.526699662853,21.0143772178028,0.0 -101.526718349942,21.0143798728533,0.0 -101.526737036961,21.0143825283371,0.0 -101.52675572384,21.0143851846896,0.0 -101.52677441051,21.0143878423458,0.0 -101.5267930969,21.0143905017412,0.0 -101.52681178294,21.014393163311,0.0 -101.526830468559,21.0143958274903,0.0 -101.526849153685,21.0143984947143,0.0 -101.526867838248,21.0144011654183,0.0 -101.526886522177,21.0144038400372,0.0 -101.5269052054,21.0144065190062,0.0 -101.526923887844,21.0144092027603,0.0 -101.526942569438,21.0144118917343,0.0 -101.526961250108,21.0144145863633,0.0 -101.526979929781,21.0144172870821,0.0 -101.526998608384,21.0144199943254,0.0 -101.527017285842,21.0144227085278,0.0 -101.52703596208,21.0144254301241,0.0 -101.527054637023,21.0144281595487,0.0 -101.527073310595,21.0144308972361,0.0 -101.527091982719,21.0144336436205,0.0 -101.527110653317,21.0144363991363,0.0 -101.527129322312,21.0144391642174,0.0 -101.527147989625,21.014441939298,0.0 -101.527166655176,21.0144447248119,0.0 -101.527185318885,21.0144475211929,0.0 -101.52720398067,21.0144503288745,0.0 -101.527222640449,21.0144531482903,0.0 -101.527241298139,21.0144559798736,0.0 -101.527259953655,21.0144588240576,0.0 -101.527278606913,21.0144616812753,0.0 -101.527297257827,21.0144645519595,0.0 -101.527315906308,21.014467436543,0.0 -101.52733455227,21.0144703354583,0.0 -101.527353195621,21.0144732491377,0.0 -101.527371836273,21.0144761780133,0.0 -101.527390474133,21.014479122517,0.0 -101.527409109107,21.0144820830806,0.0 -101.527427741102,21.0144850601357,0.0 -101.527446370021,21.0144880541133,0.0 -101.527464995769,21.0144910654448,0.0 -101.527483618246,21.0144940945607,0.0 -101.527502237353,21.0144971418918,0.0 -101.527520852988,21.0145002078683,0.0 -101.527539465049,21.0145032929203,0.0 -101.527558073432,21.0145063974775,0.0 -101.527576678031,21.0145095219695,0.0 -101.527595278739,21.0145126668255,0.0 -101.527613875446,21.0145158324743,0.0 -101.527632468043,21.0145190193446,0.0 -101.527651056416,21.0145222278646,0.0 -101.527669640453,21.0145254584623,0.0 -101.527688220036,21.0145287115653,0.0 -101.52770679505,21.0145319876009,0.0 -101.527725365375,21.014535286996,0.0 -101.527743930889,21.014538610177,0.0 -101.527762491469,21.0145419575702,0.0 -101.527781046991,21.0145453296014,0.0 -101.527799597328,21.0145487266958,0.0 -101.527818142351,21.0145521492784,0.0 -101.527836681929,21.0145555977738,0.0 -101.528260576177,21.0146419668448,0.0 -101.528681021459,21.0147421039604,0.0 -101.52909751076,21.0148558883836,0.0 -101.52950954183,21.0149831829198,0.0 -101.529916617792,21.0151238340819,0.0 -101.530318247738,21.015277672275,0.0 -101.530713947323,21.0154445120013,0.0 -101.531103239346,21.0156241520829,0.0 -101.531485654328,21.0158163759047,0.0 -101.531860731079,21.0160209516753,0.0 -101.531876899358,21.0160301420312,0.0 -101.531893053052,21.0160393549721,0.0 -101.531909192371,21.0160485901018,0.0 -101.531925317523,21.0160578470248,0.0 -101.531941428721,21.0160671253467,0.0 -101.531957526179,21.0160764246741,0.0 -101.531973610111,21.0160857446143,0.0 -101.531989680734,21.0160950847757,0.0 -101.532005738267,21.0161044447674,0.0 -101.53202178293,21.0161138241997,0.0 -101.532037814944,21.0161232226834,0.0 -101.532053834533,21.0161326398303,0.0 -101.53206984192,21.0161420752531,0.0 -101.532085837334,21.0161515285654,0.0 -101.532101821,21.0161609993813,0.0 -101.532117793147,21.016170487316,0.0 -101.532133754007,21.0161799919854,0.0 -101.532149703811,21.0161895130061,0.0 -101.532165642791,21.0161990499955,0.0 -101.532181571183,21.0162086025718,0.0 -101.532197489221,21.0162181703537,0.0 -101.532213397142,21.0162277529608,0.0 -101.532229295184,21.0162373500135,0.0 -101.532245183586,21.0162469611326,0.0 -101.532261062589,21.0162565859398,0.0 -101.532276932433,21.0162662240573,0.0 -101.532292793361,21.0162758751078,0.0 -101.532308645617,21.0162855387151,0.0 -101.532324489444,21.016295214503,0.0 -101.532340325088,21.0163049020963,0.0 -101.532356152795,21.0163146011202,0.0 -101.532371972812,21.0163243112005,0.0 -101.532387785389,21.0163340319635,0.0 -101.532403590772,21.016343763036,0.0 -101.532419389213,21.0163535040452,0.0 -101.532435180961,21.0163632546191,0.0 -101.532450966268,21.0163730143859,0.0 -101.532466745386,21.0163827829742,0.0 -101.532482518568,21.0163925600133,0.0 -101.532498286067,21.0164023451326,0.0 -101.532514048137,21.0164121379621,0.0 -101.532529805033,21.0164219381322,0.0 -101.53254555701,21.0164317452735,0.0 -101.532561304323,21.016441559017,0.0 -101.53257704723,21.0164513789941,0.0 -101.532592785987,21.0164612048364,0.0 -101.53260852085,21.0164710361759,0.0 -101.532624252079,21.0164808726448,0.0 -101.53263997993,21.0164907138756,0.0 -101.532655704663,21.016500559501,0.0 -101.532671426537,21.0165104091538,0.0 -101.532687145809,21.0165202624673,0.0 -101.532702862741,21.0165301190746,0.0 -101.532718577591,21.0165399786094,0.0 -101.53273429062,21.0165498407052,0.0 -101.532750002087,21.0165597049956,0.0 -101.532765712254,21.0165695711147,0.0 -101.53278142138,21.0165794386963,0.0 -101.532797129726,21.0165893073744,0.0 -101.532812837553,21.0165991767832,0.0 -101.532828545121,21.0166090465566,0.0 -101.541551853785,21.0220899483851,0.0 -101.541567562577,21.0220998175034,0.0 -101.541583271633,21.0221096862547,0.0 -101.541598981211,21.0221195542729,0.0 -101.541614691574,21.0221294211923,0.0 -101.541630402982,21.0221392866467,0.0 -101.541646115696,21.02214915027,0.0 -101.541661829975,21.0221590116962,0.0 -101.541677546079,21.022168870559,0.0 -101.54169326427,21.0221787264919,0.0 -101.541708984806,21.0221885791283,0.0 -101.541724707947,21.0221984281016,0.0 -101.541740433952,21.022208273045,0.0 -101.541756163079,21.0222181135911,0.0 -101.541771895588,21.0222279493729,0.0 -101.541787631737,21.0222377800227,0.0 -101.541803371782,21.0222476051727,0.0 -101.541819115982,21.0222574244548,0.0 -101.541834864593,21.0222672375007,0.0 -101.541850617872,21.0222770439417,0.0 -101.541866376074,21.0222868434089,0.0 -101.541882139454,21.0222966355328,0.0 -101.541897908267,21.0223064199438,0.0 -101.541913682768,21.0223161962718,0.0 -101.541929463209,21.0223259641463,0.0 -101.541945249843,21.0223357231964,0.0 -101.541961042922,21.022345473051,0.0 -101.541976842698,21.022355213338,0.0 -101.541992649421,21.0223649436855,0.0 -101.542008463341,21.0223746637206,0.0 -101.542024284706,21.0223843730701,0.0 -101.542040113765,21.0223940713604,0.0 -101.542055950765,21.0224037582172,0.0 -101.542071795952,21.0224134332657,0.0 -101.542087649572,21.0224230961305,0.0 -101.542103511868,21.0224327464357,0.0 -101.542119383084,21.0224423838047,0.0 -101.542135263463,21.0224520078605,0.0 -101.542151153246,21.0224616182252,0.0 -101.542167052672,21.0224712145203,0.0 -101.542182961982,21.0224807963669,0.0 -101.542198881412,21.0224903633851,0.0 -101.542214811199,21.0224999151945,0.0 -101.54223075158,21.0225094514139,0.0 -101.542246702788,21.0225189716615,0.0 -101.542262665056,21.0225284755545,0.0 -101.542278638615,21.0225379627097,0.0 -101.542294623697,21.0225474327428,0.0 -101.54231062053,21.022556885269,0.0 -101.542326629341,21.0225663199024,0.0 -101.542342650357,21.0225757362567,0.0 -101.542358683803,21.0225851339444,0.0 -101.5423747299,21.0225945125772,0.0 -101.542390788872,21.0226038717662,0.0 -101.542406860938,21.0226132111214,0.0 -101.542422946316,21.022622530252,0.0 -101.542439045223,21.0226318287664,0.0 -101.542455157875,21.0226411062718,0.0 -101.542471284485,21.0226503623748,0.0 -101.542487425265,21.0226595966809,0.0 -101.542503580424,21.0226688087947,0.0 -101.54251975017,21.0226779983198,0.0 -101.542887068449,21.0228784690967,0.0 -101.543261436849,21.0230670937301,0.0 -101.543642422169,21.0232436539236,0.0 -101.544029583544,21.0234079453411,0.0 -101.544422472957,21.023559777843,0.0 -101.544820635754,21.0236989757068,0.0 -101.545223611177,21.0238253778305,0.0 -101.545630932892,21.0239388379191,0.0 -101.546042129532,21.0240392246542,0.0 -101.54645672524,21.0241264218462,0.0 -101.546874240223,21.0242003285688,0.0 -101.547294191304,21.0242608592758,0.0 -101.547312921846,21.0242632401529,0.0 -101.547331656143,21.0242655948494,0.0 -101.547350394091,21.0242679237964,0.0 -101.54736913559,21.0242702274256,0.0 -101.54738788054,21.0242725061687,0.0 -101.547406628845,21.024274760458,0.0 -101.547425380409,21.0242769907257,0.0 -101.547444135139,21.0242791974045,0.0 -101.547462892945,21.0242813809274,0.0 -101.547481653735,21.0242835417277,0.0 -101.547500417423,21.0242856802386,0.0 -101.547519183922,21.024287796894,0.0 -101.547537953149,21.0242898921277,0.0 -101.54755672502,21.0242919663738,0.0 -101.547575499456,21.0242940200668,0.0 -101.547594276376,21.0242960536411,0.0 -101.547613055703,21.0242980675315,0.0 -101.547631837361,21.0243000621729,0.0 -101.547650621276,21.0243020380006,0.0 -101.547669407373,21.0243039954498,0.0 -101.547688195583,21.0243059349559,0.0 -101.547706985833,21.0243078569547,0.0 -101.547725778056,21.0243097618819,0.0 -101.547744572184,21.0243116501735,0.0 -101.547763368152,21.0243135222656,0.0 -101.547782165893,21.0243153785945,0.0 -101.547800965344,21.0243172195966,0.0 -101.547819766443,21.0243190457083,0.0 -101.547838569129,21.0243208573664,0.0 -101.547857373342,21.0243226550076,0.0 -101.547876179022,21.0243244390688,0.0 -101.547894986112,21.0243262099869,0.0 -101.547913794555,21.0243279681991,0.0 -101.547932604295,21.0243297141426,0.0 -101.547951415277,21.0243314482547,0.0 -101.547970227447,21.0243331709727,0.0 -101.547989040752,21.0243348827342,0.0 -101.54800785514,21.0243365839766,0.0 -101.54802667056,21.0243382751378,0.0 -101.54804548696,21.0243399566552,0.0 -101.548064304292,21.0243416289668,0.0 -101.548083122506,21.0243432925105,0.0 -101.548101941553,21.024344947724,0.0 -101.548120761387,21.0243465950454,0.0 -101.54813958196,21.0243482349128,0.0 -101.548158403225,21.0243498677642,0.0 -101.548177225137,21.0243514940377,0.0 -101.54819604765,21.0243531141716,0.0 -101.548214870719,21.024354728604,0.0 -101.5482336943,21.0243563377733,0.0 -101.548252518349,21.0243579421177,0.0 -101.548271342821,21.0243595420756,0.0 -101.548290167675,21.0243611380853,0.0 -101.548308992866,21.0243627305853,0.0 -101.548327818352,21.0243643200138,0.0 -101.548346644091,21.0243659068095,0.0 -101.54836547004,21.0243674914107,0.0 -101.548384296157,21.0243690742559,0.0 -101.5484031224,21.0243706557836,0.0 -101.548421948727,21.0243722364322,0.0 -101.548440775097,21.0243738166404,0.0 -101.561933014272,21.0255057078109,0.0 -101.561951841159,21.0255072865578,0.0 -101.561970668006,21.0255088657412,0.0 -101.56198949477,21.0255104457996,0.0 -101.562008321409,21.0255120271714,0.0 -101.562027147882,21.0255136102953,0.0 -101.562045974146,21.0255151956095,0.0 -101.56206480016,21.0255167835527,0.0 -101.56208362588,21.0255183745632,0.0 -101.562102451264,21.0255199690795,0.0 -101.562121276269,21.0255215675399,0.0 -101.562140100852,21.0255231703829,0.0 -101.56215892497,21.0255247780468,0.0 -101.562177748577,21.0255263909699,0.0 -101.56219657163,21.0255280095905,0.0 -101.562215394084,21.0255296343468,0.0 -101.562234215894,21.0255312656771,0.0 -101.562253037013,21.0255329040193,0.0 -101.562271857395,21.0255345498118,0.0 -101.562290676994,21.0255362034924,0.0 -101.56230949576,21.0255378654993,0.0 -101.562328313647,21.0255395362703,0.0 -101.562347130606,21.0255412162432,0.0 -101.562365946585,21.025542905856,0.0 -101.562384761535,21.0255446055463,0.0 -101.562403575406,21.0255463157517,0.0 -101.562422388143,21.0255480369099,0.0 -101.562441199695,21.0255497694583,0.0 -101.562460010007,21.0255515138343,0.0 -101.562478819026,21.0255532704753,0.0 -101.562497626694,21.0255550398185,0.0 -101.562516432955,21.0255568223009,0.0 -101.562535237751,21.0255586183596,0.0 -101.562554041024,21.0255604284315,0.0 -101.562572842713,21.0255622529533,0.0 -101.562591642756,21.0255640923617,0.0 -101.562610441093,21.0255659470933,0.0 -101.562629237659,21.0255678175844,0.0 -101.562648032389,21.0255697042714,0.0 -101.562666825217,21.0255716075903,0.0 -101.562685616075,21.0255735279772,0.0 -101.562704404896,21.0255754658677,0.0 -101.562723191608,21.0255774216978,0.0 -101.562741976141,21.0255793959027,0.0 -101.562760758421,21.0255813889179,0.0 -101.562779538373,21.0255834011784,0.0 -101.562798315922,21.0255854331194,0.0 -101.56281709099,21.0255874851754,0.0 -101.562835863498,21.0255895577812,0.0 -101.562854633364,21.025591651371,0.0 -101.562873400507,21.025593766379,0.0 -101.562892164843,21.0255959032392,0.0 -101.562910926285,21.0255980623851,0.0 -101.562929684745,21.0256002442504,0.0 -101.562948440135,21.0256024492682,0.0 -101.562967192362,21.0256046778715,0.0 -101.562985941335,21.0256069304929,0.0 -101.563004686957,21.025609207565,0.0 -101.563023429132,21.0256115095197,0.0 -101.563042167761,21.025613836789,0.0 -101.563060902742,21.0256161898045,0.0 -101.563079633974,21.0256185689973,0.0 -101.563499373602,21.0256790244033,0.0 -101.563916682518,21.0257528397725,0.0 -101.564331078512,21.0258399298262,0.0 -101.56474208274,21.025940193946,0.0 -101.56514922027,21.0260535162904,0.0 -101.565552020637,21.0261797659282,0.0 -101.565950018382,21.0263187969896,0.0 -101.56634275359,21.0264704488347,0.0 -101.566729772423,21.0266345462391,0.0 -101.567110627644,21.0268108995956,0.0 -101.567484879131,21.0269993051339,0.0 -101.567501376539,21.0270079676719,0.0 -101.567517860199,21.0270166532538,0.0 -101.567534330303,21.0270253614767,0.0 -101.567550787047,21.0270340919386,0.0 -101.567567230629,21.0270428442385,0.0 -101.567583661246,21.0270516179763,0.0 -101.567600079101,21.0270604127526,0.0 -101.567616484395,21.0270692281689,0.0 -101.567632877332,21.0270780638276,0.0 -101.567649258118,21.0270869193319,0.0 -101.56766562696,21.0270957942858,0.0 -101.567681984067,21.0271046882942,0.0 -101.567698329649,21.0271136009627,0.0 -101.567714663918,21.0271225318976,0.0 -101.567730987088,21.0271314807061,0.0 -101.567747299373,21.0271404469961,0.0 -101.567763600989,21.0271494303763,0.0 -101.567779892154,21.0271584304561,0.0 -101.567796173086,21.0271674468454,0.0 -101.567812444006,21.0271764791551,0.0 -101.567828705135,21.0271855269967,0.0 -101.567844956696,21.0271945899822,0.0 -101.567861198913,21.0272036677245,0.0 -101.56787743201,21.027212759837,0.0 -101.567893656214,21.0272218659337,0.0 -101.567909871752,21.0272309856292,0.0 -101.567926078852,21.0272401185388,0.0 -101.567942277745,21.0272492642784,0.0 -101.567958468659,21.0272584224643,0.0 -101.567974651828,21.0272675927135,0.0 -101.567990827483,21.0272767746435,0.0 -101.568006995857,21.0272859678721,0.0 -101.568023157185,21.0272951720181,0.0 -101.568039311703,21.0273043867002,0.0 -101.568055459645,21.027313611538,0.0 -101.568071601248,21.0273228461514,0.0 -101.568087736751,21.0273320901607,0.0 -101.568103866391,21.0273413431866,0.0 -101.568119990408,21.0273506048505,0.0 -101.568136109041,21.0273598747738,0.0 -101.56815222253,21.0273691525784,0.0 -101.568168331117,21.0273784378868,0.0 -101.568184435043,21.0273877303214,0.0 -101.56820053455,21.0273970295053,0.0 -101.568216629881,21.0274063350618,0.0 -101.568232721279,21.0274156466143,0.0 -101.568248808987,21.0274249637868,0.0 -101.56826489325,21.0274342862033,0.0 -101.568280974312,21.0274436134882,0.0 -101.568297052419,21.027452945266,0.0 -101.568313127814,21.0274622811614,0.0 -101.568329200745,21.0274716207995,0.0 -101.568345271457,21.0274809638053,0.0 -101.568361340195,21.0274903098041,0.0 -101.568377407207,21.0274996584214,0.0 -101.568393472739,21.0275090092826,0.0 -101.568409537037,21.0275183620134,0.0 -101.568425600349,21.0275277162396,0.0 -101.568441662922,21.0275370715869,0.0 -101.568457725003,21.0275464276811,0.0 -101.568473786838,21.0275557841482,0.0 -101.587015198936,21.0383550986312,0.0 -101.587030902811,21.0383642438128,0.0 -101.587046606716,21.0383733889497,0.0 -101.58706231068,21.0383825339981,0.0 -101.587078014734,21.0383916789145,0.0 -101.587093718904,21.0384008236552,0.0 -101.587109423221,21.0384099681765,0.0 -101.587125127713,21.038419112435,0.0 -101.587140832408,21.0384282563869,0.0 -101.587156537336,21.0384373999887,0.0 -101.587172242526,21.0384465431966,0.0 -101.587187948005,21.0384556859671,0.0 -101.587203653804,21.0384648282566,0.0 -101.58721935995,21.0384739700213,0.0 -101.590474119911,21.0403514983425,0.0 -101.590489903766,21.0403605217784,0.0 -101.590505687964,21.040369544687,0.0 -101.590521472477,21.0403785671121,0.0 -101.590537257277,21.0403875890976,0.0 -101.590553042334,21.0403966106873,0.0 -101.590568827621,21.0404056319249,0.0 -101.590584613109,21.0404146528545,0.0 -101.59060039877,21.0404236735198,0.0 -101.590616184575,21.0404326939646,0.0 -101.590631970495,21.0404417142328,0.0 -101.590647756503,21.0404507343683,0.0 -101.59066354257,21.0404597544149,0.0 -101.590679328667,21.0404687744164,0.0 -101.608690628567,21.0507586631891,0.0 -101.608706022295,21.0507674563305,0.0 -101.608721416002,21.0507762495045,0.0 -101.608736809668,21.0507850427452,0.0 -101.60875220327,21.0507938360863,0.0 -101.608767596786,21.0508026295617,0.0 -101.608782990195,21.0508114232053,0.0 -101.608798383473,21.050820217051,0.0 -101.6088137766,21.0508290111325,0.0 -101.608829169553,21.0508378054839,0.0 -101.60884456231,21.0508466001388,0.0 -101.60885995485,21.0508553951313,0.0 -101.60887534715,21.0508641904952,0.0 -101.608890739189,21.0508729862642,0.0 -101.608906130944,21.0508817824724,0.0 -101.608921522393,21.0508905791535,0.0 -101.608936913515,21.0508993763414,0.0 -101.610576588094,21.0518408246624,0.0 -101.610591941472,21.0518496799764,0.0 -101.610607294521,21.0518585357961,0.0 -101.610622647263,21.0518673920874,0.0 -101.610637999718,21.0518762488167,0.0 -101.610653351911,21.0518851059502,0.0 -101.610668703862,21.0518939634541,0.0 -101.610684055594,21.0519028212946,0.0 -101.610699407129,21.0519116794379,0.0 -101.610714758488,21.0519205378503,0.0 -101.610730109695,21.0519293964979,0.0 -101.610745460772,21.0519382553471,0.0 -101.610760811739,21.0519471143639,0.0 -101.61077616262,21.0519559735147,0.0 -101.610791513437,21.0519648327657,0.0 -101.610806864211,21.0519736920831,0.0 -101.610822214965,21.0519825514331,0.0 -101.656683136557,21.0784400090351,0.0 -101.656698493153,21.0784488649325,0.0 -101.656713849774,21.0784577207949,0.0 -101.65672920644,21.0784665765887,0.0 -101.656744563175,21.0784754322799,0.0 -101.656759920001,21.0784842878349,0.0 -101.656775276939,21.0784931432197,0.0 -101.656790634011,21.0785019984008,0.0 -101.65680599124,21.0785108533442,0.0 -101.656821348648,21.0785197080162,0.0 -101.656836706257,21.078528562383,0.0 -101.656852064089,21.0785374164108,0.0 -101.656867422167,21.0785462700658,0.0 -101.656882780511,21.0785551233142,0.0 -101.656898139145,21.0785639761223,0.0 -101.65691349809,21.0785728284562,0.0 -101.656928857369,21.0785816802822,0.0 -101.657744874259,21.0790508934182,0.0 -101.657760252736,21.0790597159311,0.0 -101.657775631546,21.0790685379355,0.0 -101.657791010666,21.079077359465,0.0 -101.657806390075,21.0790861805536,0.0 -101.65782176975,21.079095001235,0.0 -101.657837149669,21.0791038215432,0.0 -101.657852529811,21.0791126415118,0.0 -101.657867910152,21.0791214611748,0.0 -101.657883290672,21.079130280566,0.0 -101.657898671348,21.0791390997191,0.0 -101.657914052158,21.0791479186681,0.0 -101.65792943308,21.0791567374468,0.0 -101.657944814092,21.079165556089,0.0 -101.657960195172,21.0791743746285,0.0 -101.657975576298,21.0791831930991,0.0 -101.657990957448,21.0791920115348,0.0 -101.664039852481,21.08265982913,0.0 -101.664055628789,21.0826688732394,0.0 -101.664071404956,21.0826779175667,0.0 -101.66408718084,21.0826869623308,0.0 -101.664102956299,21.0826960077507,0.0 -101.664118731189,21.0827050540455,0.0 -101.664134505369,21.082714101434,0.0 -101.664150278695,21.0827231501354,0.0 -101.664166051024,21.0827322003684,0.0 -101.664181822215,21.082741252352,0.0 -101.664197592123,21.0827503063049,0.0 -101.664213360606,21.0827593624459,0.0 -101.66422912752,21.0827684209938,0.0 -101.664244892723,21.0827774821671,0.0 -101.664849458967,21.0831279230586,0.0 -101.664865150625,21.0831370960667,0.0 -101.66488084055,21.0831462716877,0.0 -101.664896528886,21.0831554497036,0.0 -101.664912215777,21.0831646298962,0.0 -101.664927901368,21.0831738120477,0.0 -101.664943585803,21.0831829959402,0.0 -101.664959269227,21.0831921813556,0.0 -101.664974951784,21.0832013680763,0.0 -101.664990633619,21.0832105558844,0.0 -101.665006314877,21.0832197445622,0.0 -101.665021995703,21.0832289338919,0.0 -101.665037676241,21.0832381236558,0.0 -101.665053356636,21.0832473136362,0.0 -101.673287053074,21.0880726187034,0.0 -101.673303172181,21.0880820644952,0.0 -101.673319291444,21.0880915100539,0.0 -101.673335411017,21.0881009551477,0.0 -101.673351531055,21.0881103995447,0.0 -101.673367651712,21.0881198430132,0.0 -101.673383773143,21.0881292853211,0.0 -101.6733998955,21.0881387262367,0.0 -101.673416018939,21.088148165528,0.0 -101.673432143612,21.0881576029629,0.0 -101.673448269675,21.0881670383093,0.0 -101.67346439728,21.0881764713353,0.0 -101.673480526581,21.0881859018086,0.0 -101.673496657732,21.0881953294969,0.0 -101.673512790886,21.088204754168,0.0 -101.673528926196,21.0882141755893,0.0 -101.673545063815,21.0882235935285,0.0 -101.673561203896,21.0882330077528,0.0 -101.673577346592,21.0882424180296,0.0 -101.673593492056,21.088251824126,0.0 -101.673609640438,21.088261225809,0.0 -101.673625791893,21.0882706228457,0.0 -101.673641946571,21.0882800150028,0.0 -101.673658104623,21.088289402047,0.0 -101.673674266202,21.0882987837447,0.0 -101.673690431459,21.0883081598623,0.0 -101.673706600544,21.0883175301661,0.0 -101.673722773607,21.088326894422,0.0 -101.6737389508,21.0883362523959,0.0 -101.673755132272,21.0883456038535,0.0 -101.673771318172,21.0883549485604,0.0 -101.67378750865,21.0883642862818,0.0 -101.673803703854,21.0883736167829,0.0 -101.673819903934,21.0883829398285,0.0 -101.673836109037,21.0883922551834,0.0 -101.673852319312,21.0884015626121,0.0 -101.673868534905,21.0884108618788,0.0 -101.673884755965,21.0884201527476,0.0 -101.673900982636,21.0884294349823,0.0 -101.673917215067,21.0884387083465,0.0 -101.673933453401,21.0884479726035,0.0 -101.673949697786,21.0884572275164,0.0 -101.673965948364,21.088466472848,0.0 -101.673982205282,21.0884757083608,0.0 -101.673998468683,21.0884849338172,0.0 -101.674014738709,21.0884941489792,0.0 -101.674031015505,21.0885033536084,0.0 -101.674047299213,21.0885125474663,0.0 -101.674063589973,21.0885217303142,0.0 -101.674079887929,21.0885309019127,0.0 -101.674096193219,21.0885400620226,0.0 -101.674112505986,21.0885492104039,0.0 -101.674128826367,21.0885583468167,0.0 -101.674145154503,21.0885674710205,0.0 -101.674161490531,21.0885765827746,0.0 -101.674177834589,21.088585681838,0.0 -101.674194186816,21.0885947679692,0.0 -101.674210547346,21.0886038409266,0.0 -101.674226916316,21.0886129004679,0.0 -101.674243293861,21.0886219463509,0.0 -101.674259680116,21.0886309783326,0.0 -101.674276075214,21.08863999617,0.0 -101.674292479289,21.0886489996194,0.0 -101.674308892473,21.088657988437,0.0 -101.674325314898,21.0886669623785,0.0 -101.674341746695,21.0886759211992,0.0 -101.674358187994,21.0886848646541,0.0 -101.674374638924,21.0886937924976,0.0 -101.674391099615,21.088702704484,0.0 -101.674407570193,21.0887116003669,0.0 -101.674424050787,21.0887204798997,0.0 -101.674440541522,21.0887293428353,0.0 -101.674457042524,21.0887381889263,0.0 -101.674473553917,21.0887470179246,0.0 -101.674490075826,21.0887558295819,0.0 -101.674506608373,21.0887646236495,0.0 -101.67452315168,21.0887733998781,0.0 -101.674539705869,21.088782158018,0.0 -101.674556271059,21.0887908978192,0.0 -101.67457284737,21.0887996190311,0.0 -101.674589434921,21.0888083214026,0.0 -101.674606033828,21.0888170046824,0.0 -101.674622644209,21.0888256686184,0.0 -101.674639266179,21.0888343129583,0.0 -101.674655899852,21.0888429374493,0.0 -101.674672545342,21.0888515418379,0.0 -101.674689202762,21.0888601258704,0.0 -101.675106724224,21.0890666839358,0.0 -101.675531226105,21.0892603069916,0.0 -101.675962253575,21.0894407875517,0.0 -101.676399344805,21.0896079322113,0.0 -101.676842031462,21.089761561854,0.0 -101.677289839214,21.089901511844,0.0 -101.677742288233,21.0900276322028,0.0 -101.678198893716,21.0901397877701,0.0 -101.678217357339,21.0901440091454,0.0 -101.678235826806,21.0901482079454,0.0 -101.678254302018,21.0901523844289,0.0 -101.678272782877,21.0901565388546,0.0 -101.678291269285,21.0901606714818,0.0 -101.678309761145,21.0901647825697,0.0 -101.678328258363,21.0901688723781,0.0 -101.678346760845,21.0901729411669,0.0 -101.678365268496,21.0901769891963,0.0 -101.678383781225,21.0901810167268,0.0 -101.678402298941,21.090185024019,0.0 -101.678420821553,21.0901890113338,0.0 -101.678439348972,21.0901929789326,0.0 -101.678457881111,21.0901969270765,0.0 -101.67847641788,21.0902008560274,0.0 -101.678494959195,21.0902047660471,0.0 -101.678513504969,21.0902086573976,0.0 -101.678532055119,21.0902125303412,0.0 -101.678550609559,21.0902163851404,0.0 -101.678569168208,21.0902202220579,0.0 -101.678587730984,21.0902240413567,0.0 -101.678606297806,21.0902278432998,0.0 -101.678624868592,21.0902316281506,0.0 -101.678643443265,21.0902353961724,0.0 -101.678662021745,21.0902391476291,0.0 -101.678680603955,21.0902428827843,0.0 -101.678699189817,21.0902466019022,0.0 -101.678717779255,21.0902503052469,0.0 -101.678736372195,21.0902539930828,0.0 -101.678754968561,21.0902576656744,0.0 -101.67877356828,21.0902613232864,0.0 -101.678792171278,21.0902649661836,0.0 -101.678810777482,21.0902685946309,0.0 -101.678829386822,21.0902722088937,0.0 -101.678847999226,21.090275809237,0.0 -101.678866614623,21.0902793959264,0.0 -101.678885232945,21.0902829692274,0.0 -101.678903854121,21.0902865294057,0.0 -101.678922478083,21.0902900767271,0.0 -101.678941104764,21.0902936114576,0.0 -101.678959734097,21.0902971338632,0.0 -101.678978366015,21.0903006442101,0.0 -101.678997000451,21.0903041427647,0.0 -101.679015637341,21.0903076297934,0.0 -101.679034276619,21.0903111055627,0.0 -101.679052918222,21.0903145703392,0.0 -101.679071562086,21.0903180243897,0.0 -101.679090208147,21.0903214679811,0.0 -101.679108856342,21.0903249013803,0.0 -101.67912750661,21.0903283248543,0.0 -101.679146158888,21.0903317386703,0.0 -101.679164813116,21.0903351430956,0.0 -101.679183469233,21.0903385383973,0.0 -101.679202127177,21.090341924843,0.0 -101.679220786891,21.0903453027001,0.0 -101.679239448312,21.0903486722361,0.0 -101.679258111384,21.0903520337187,0.0 -101.679276776047,21.0903553874157,0.0 -101.679295442242,21.0903587335947,0.0 -101.679314109912,21.0903620725236,0.0 -101.679332778999,21.0903654044703,0.0 -101.679351449446,21.0903687297029,0.0 -101.679370121196,21.0903720484893,0.0 -101.679388794192,21.0903753610975,0.0 -101.679407468378,21.0903786677959,0.0 -101.679426143699,21.0903819688525,0.0 -101.679444820097,21.0903852645356,0.0 -101.679463497518,21.0903885551134,0.0 -101.679482175907,21.0903918408544,0.0 -101.679500855208,21.0903951220269,0.0 -101.679519535368,21.0903983988993,0.0 -101.67953821633,21.0904016717401,0.0 -101.679556898041,21.0904049408177,0.0 -101.679575580447,21.0904082064007,0.0 -101.679594263493,21.0904114687576,0.0 -101.679612947126,21.090414728157,0.0 -101.679631631293,21.0904179848675,0.0 -101.679650315939,21.0904212391578,0.0 -101.67966900101,21.0904244912965,0.0 -101.679687686455,21.0904277415522,0.0 -101.679706372219,21.0904309901936,0.0 -101.67972505825,21.0904342374895,0.0 -101.679743744493,21.0904374837085,0.0 -101.679762430897,21.0904407291194,0.0 -101.679781117407,21.0904439739909,0.0 -101.679799803972,21.0904472185917,0.0 -101.685898585829,21.091506037193,0.0 -101.68591676543,21.0915091930352,0.0 -101.685934945035,21.0915123488586,0.0 -101.685953124647,21.0915155046465,0.0 -101.685971304271,21.0915186603821,0.0 -101.685989483909,21.0915218160486,0.0 -101.686007663565,21.091524971629,0.0 -101.686025843242,21.0915281271067,0.0 -101.686044022942,21.0915312824647,0.0 -101.686062202671,21.0915344376863,0.0 -101.68608038243,21.0915375927546,0.0 -101.686098562224,21.0915407476528,0.0 -101.686116742055,21.091543902364,0.0 -101.686134921927,21.0915470568715,0.0 -101.686568166753,21.0916221645304,0.0 -101.686586347719,21.091625313566,0.0 -101.686604528725,21.0916284623978,0.0 -101.68662270977,21.0916316110427,0.0 -101.686640890848,21.0916347595174,0.0 -101.686659071957,21.0916379078389,0.0 -101.686677253094,21.0916410560239,0.0 -101.686695434255,21.0916442040892,0.0 -101.686713615437,21.0916473520517,0.0 -101.686731796636,21.0916504999282,0.0 -101.68674997785,21.0916536477356,0.0 -101.686768159074,21.0916567954906,0.0 -101.686786340307,21.0916599432102,0.0 -101.686804521543,21.091663090911,0.0 -101.693589111123,21.0928375574713,0.0 -101.693606301019,21.0928405328653,0.0 -101.693623490864,21.0928435085243,0.0 -101.693640680605,21.0928464847149,0.0 -101.693657870189,21.0928494617038,0.0 -101.693675059565,21.0928524397576,0.0 -101.693692248679,21.092855419143,0.0 -101.69370943748,21.0928584001265,0.0 -101.693726625913,21.0928613829747,0.0 -101.693743813927,21.0928643679543,0.0 -101.693761001469,21.0928673553317,0.0 -101.693778188485,21.0928703453736,0.0 -101.694421443029,21.0929844340892,0.0 -101.694438607406,21.0929875366687,0.0 -101.694455771238,21.092990641909,0.0 -101.694472934578,21.0929937495439,0.0 -101.694490097481,21.0929968593069,0.0 -101.694507260001,21.0929999709319,0.0 -101.694524422194,21.0930030841526,0.0 -101.694541584113,21.0930061987028,0.0 -101.694558745814,21.0930093143161,0.0 -101.694575907351,21.0930124307264,0.0 -101.694593068779,21.0930155476674,0.0 -101.694610230154,21.0930186648731,0.0 -101.708494158826,21.0955399923469,0.0 -101.708512874471,21.0955433901807,0.0 -101.708531590272,21.0955467872621,0.0 -101.708550306384,21.0955501828405,0.0 -101.70856902296,21.0955535761651,0.0 -101.708587740155,21.0955569664855,0.0 -101.708606458123,21.0955603530509,0.0 -101.708625177017,21.0955637351105,0.0 -101.708643896989,21.0955671119132,0.0 -101.708662618191,21.0955704827082,0.0 -101.708681340774,21.0955738467441,0.0 -101.708700064888,21.0955772032697,0.0 -101.708718790683,21.0955805515333,0.0 -101.708737518306,21.0955838907832,0.0 -101.708756247903,21.0955872202674,0.0 -101.708774979621,21.0955905392338,0.0 -101.708793713603,21.0955938469299,0.0 -101.708812449992,21.0955971426029,0.0 -101.708831188927,21.0956004254999,0.0 -101.708849930549,21.0956036948675,0.0 -101.708868674995,21.0956069499521,0.0 -101.708887422399,21.0956101899998,0.0 -101.708906172894,21.0956134142563,0.0 -101.708924926613,21.0956166219669,0.0 -101.708943683682,21.0956198123766,0.0 -101.70896244423,21.0956229847299,0.0 -101.708981208379,21.0956261382711,0.0 -101.708999976251,21.095629272244,0.0 -101.709018747964,21.0956323858919,0.0 -101.709037523635,21.0956354784576,0.0 -101.709056303376,21.0956385491837,0.0 -101.709075087297,21.0956415973122,0.0 -101.709093875506,21.0956446220846,0.0 -101.709112668105,21.0956476227421,0.0 -101.709131465195,21.0956505985251,0.0 -101.709150266874,21.0956535486738,0.0 -101.709169073234,21.0956564724278,0.0 -101.709187884365,21.0956593690263,0.0 -101.709206700354,21.0956622377076,0.0 -101.709225521283,21.0956650777101,0.0 -101.70924434723,21.0956678882712,0.0 -101.709263178269,21.0956706686279,0.0 -101.709282014471,21.0956734180167,0.0 -101.709300855902,21.0956761356737,0.0 -101.709319702623,21.0956788208343,0.0 -101.709338554691,21.0956814727334,0.0 -101.709357412158,21.0956840906055,0.0 -101.709376275074,21.0956866736843,0.0 -101.709395143481,21.0956892212033,0.0 -101.709414017416,21.0956917323953,0.0 -101.709432896914,21.0956942064927,0.0 -101.709451782003,21.0956966427272,0.0 -101.709470672704,21.0956990403302,0.0 -101.709489569037,21.0957013985325,0.0 -101.709508471014,21.0957037165645,0.0 -101.70952737864,21.095705993656,0.0 -101.709546291918,21.0957082290365,0.0 -101.709565210842,21.095710421935,0.0 -101.709584135403,21.0957125715799,0.0 -101.709848816131,21.095737976546,0.0 -101.710114274936,21.0957547748235,0.0 -101.710380194118,21.0957629463024,0.0 -101.710646255429,21.0957624811972,0.0 -101.710912140449,21.0957533800583,0.0 -101.711177530968,21.095735653772,0.0 -101.71144210937,21.0957093235468,0.0 -101.711705559008,21.0956744208886,0.0 -101.711967564587,21.0956309875625,0.0 -101.712227812542,21.0955790755433,0.0 -101.71248599141,21.095518746953,0.0 -101.712741792206,21.0954500739865,0.0 -101.712994908793,21.0953731388253,0.0 -101.713245038244,21.095288033539,0.0 -101.713491881211,21.0951948599751,0.0 -101.713735142279,21.0950937296372,0.0 -101.713974530323,21.0949847635514,0.0 -101.714209758852,21.0948680921214,0.0 -101.714226444486,21.0948594412598,0.0 -101.714243107617,21.0948507522815,0.0 -101.714259748542,21.0948420259054,0.0 -101.714276367565,21.094833262848,0.0 -101.714292964996,21.0948244638232,0.0 -101.714309541147,21.0948156295427,0.0 -101.714326096339,21.0948067607157,0.0 -101.714342630894,21.094797858049,0.0 -101.714359145141,21.0947889222471,0.0 -101.714375639412,21.0947799540124,0.0 -101.714392114046,21.0947709540447,0.0 -101.714408569384,21.0947619230419,0.0 -101.714425005773,21.0947528616995,0.0 -101.714441423563,21.0947437707108,0.0 -101.714457823108,21.0947346507673,0.0 -101.714474204767,21.0947255025579,0.0 -101.714490568902,21.09471632677,0.0 -101.714506915881,21.0947071240885,0.0 -101.714523246073,21.0946978951966,0.0 -101.714539559851,21.0946886407755,0.0 -101.714555857593,21.0946793615044,0.0 -101.714572139679,21.0946700580608,0.0 -101.714588406494,21.0946607311202,0.0 -101.714604658425,21.0946513813564,0.0 -101.714620895862,21.0946420094416,0.0 -101.714637119198,21.094632616046,0.0 -101.714653328831,21.0946232018385,0.0 -101.714669525159,21.094613767486,0.0 -101.714685708584,21.0946043136542,0.0 -101.714701879511,21.0945948410071,0.0 -101.714718038348,21.0945853502072,0.0 -101.714734185503,21.0945758419156,0.0 -101.714750321391,21.0945663167921,0.0 -101.714766446424,21.0945567754951,0.0 -101.71478256102,21.0945472186816,0.0 -101.714798665598,21.0945376470076,0.0 -101.714814760578,21.0945280611278,0.0 -101.714830846384,21.0945184616957,0.0 -101.71484692344,21.0945088493637,0.0 -101.714862992173,21.0944992247832,0.0 -101.714879053011,21.0944895886048,0.0 -101.714895106383,21.0944799414777,0.0 -101.714911152722,21.0944702840507,0.0 -101.714927192459,21.0944606169714,0.0 -101.714943226029,21.0944509408869,0.0 -101.714959253867,21.0944412564432,0.0 -101.714975276409,21.094431564286,0.0 -101.714991294092,21.0944218650601,0.0 -101.715007307356,21.0944121594098,0.0 -101.71502331664,21.0944024479789,0.0 -101.715039322383,21.0943927314107,0.0 -101.715055325026,21.0943830103481,0.0 -101.715071325011,21.0943732854336,0.0 -101.71508732278,21.0943635573093,0.0 -101.715103318774,21.0943538266171,0.0 -101.715119313438,21.0943440939988,0.0 -101.715135307213,21.0943343600959,0.0 -101.715151300542,21.0943246255498,0.0 -101.741894508063,21.078042595525,0.0 -101.741910349024,21.0780329485379,0.0 -101.741926189743,21.0780233012013,0.0 -101.741942029979,21.0780136531676,0.0 -101.741957869492,21.0780040040892,0.0 -101.741973708042,21.0779943536185,0.0 -101.741989545387,21.0779847014081,0.0 -101.742005381287,21.0779750471104,0.0 -101.742021215501,21.0779653903782,0.0 -101.742037047788,21.0779557308641,0.0 -101.742052877907,21.0779460682212,0.0 -101.742068705616,21.0779364021024,0.0 -101.742084530674,21.077926732161,0.0 -101.742100352838,21.0779170580503,0.0 -101.742116171865,21.0779073794239,0.0 -101.742131987515,21.0778976959356,0.0 -101.742147799542,21.0778880072393,0.0 -101.742163607703,21.0778783129894,0.0 -101.742179411756,21.0778686128402,0.0 -101.742195211455,21.0778589064467,0.0 -101.742211006556,21.0778491934637,0.0 -101.742226796813,21.0778394735467,0.0 -101.74224258198,21.0778297463513,0.0 -101.742258361812,21.0778200115336,0.0 -101.742274136061,21.0778102687499,0.0 -101.74228990448,21.077800517657,0.0 -101.742305666821,21.0777907579119,0.0 -101.742321422834,21.0777809891723,0.0 -101.742337172271,21.077771211096,0.0 -101.743107576573,21.0772755390747,0.0 -101.74386047012,21.076756707723,0.0 -101.744595062964,21.0762152614639,0.0 -101.745310584383,21.0756517684501,0.0 -101.746006283694,21.0750668199673,0.0 -101.746681431038,21.0744610298123,0.0 -101.747335318148,21.0738350336492,0.0 -101.747967259092,21.0731894883406,0.0 -101.74857659099,21.0725250712584,0.0 -101.749162674715,21.0718424795716,0.0 -101.749724895558,21.0711424295145,0.0 -101.749736011247,21.071128102386,0.0 -101.749747117294,21.071113768672,0.0 -101.749758214052,21.0710994286217,0.0 -101.749769301874,21.0710850824839,0.0 -101.749780381114,21.0710707305064,0.0 -101.749791452127,21.071056372937,0.0 -101.749802515266,21.0710420100226,0.0 -101.749813570887,21.0710276420095,0.0 -101.749824619346,21.0710132691439,0.0 -101.749835660998,21.0709988916711,0.0 -101.749846696199,21.0709845098363,0.0 -101.749857725306,21.0709701238839,0.0 -101.749868748675,21.0709557340584,0.0 -101.749879766664,21.0709413406035,0.0 -101.749890779629,21.0709269437627,0.0 -101.749901787929,21.0709125437791,0.0 -101.749912791922,21.0708981408957,0.0 -101.749923791964,21.0708837353549,0.0 -101.749934788416,21.0708693273991,0.0 -101.749945781634,21.0708549172704,0.0 -101.749956771977,21.0708405052107,0.0 -101.749967759805,21.0708260914615,0.0 -101.749978745476,21.0708116762644,0.0 -101.749989729349,21.0707972598609,0.0 -101.750000711783,21.070782842492,0.0 -101.750011693137,21.070768424399,0.0 -101.750022673771,21.070754005823,0.0 -101.750033654043,21.0707395870049,0.0 -101.762357546169,21.0545537770066,0.0 -101.762368554188,21.0545393173342,0.0 -101.762379562572,21.0545248579076,0.0 -101.76239057169,21.0545103989734,0.0 -101.762401581909,21.0544959407784,0.0 -101.762412593596,21.0544814835695,0.0 -101.76242360712,21.0544670275937,0.0 -101.762434622847,21.0544525730981,0.0 -101.762445641145,21.0544381203298,0.0 -101.762456662382,21.0544236695363,0.0 -101.762467686923,21.0544092209652,0.0 -101.762478715138,21.0543947748644,0.0 -101.762489747391,21.0543803314818,0.0 -101.762500784049,21.0543658910659,0.0 -101.76251182548,21.0543514538653,0.0 -101.762522872048,21.0543370201289,0.0 -101.76253392412,21.054322590106,0.0 -101.762544982061,21.0543081640464,0.0 -101.762556046236,21.0542937422001,0.0 -101.76256711701,21.0542793248176,0.0 -101.762578194748,21.0542649121498,0.0 -101.762589279814,21.0542505044482,0.0 -101.762600372572,21.0542361019645,0.0 -101.762611473384,21.0542217049513,0.0 -101.762622582615,21.0542073136614,0.0 -101.762633700626,21.0541929283484,0.0 -101.762644827779,21.0541785492664,0.0 -101.762655964437,21.0541641766701,0.0 -101.76266711096,21.0541498108148,0.0 -101.762678267709,21.0541354519566,0.0 -101.762689435044,21.0541211003521,0.0 -101.762700613324,21.0541067562588,0.0 -101.762711802908,21.0540924199347,0.0 -101.762723004155,21.0540780916388,0.0 -101.763234402235,21.0534479551914,0.0 -101.763769050426,21.0528350611497,0.0 -101.764326289337,21.0522401651484,0.0 -101.764905431749,21.0516640006274,0.0 -101.765505763463,21.0511072779287,0.0 -101.766126544184,21.0505706834214,0.0 -101.766767008427,21.050054878656,0.0 -101.767426366467,21.0495604995502,0.0 -101.767441368984,21.0495496590213,0.0 -101.767456380317,21.0495388292538,0.0 -101.767471400181,21.0495280099175,0.0 -101.767486428295,21.0495172006814,0.0 -101.767501464376,21.0495064012141,0.0 -101.767516508142,21.0494956111835,0.0 -101.767531559312,21.0494848302572,0.0 -101.767546617606,21.049474058102,0.0 -101.767561682744,21.0494632943846,0.0 -101.767576754448,21.049452538771,0.0 -101.767591832439,21.0494417909266,0.0 -101.76760691644,21.0494310505168,0.0 -101.767622006173,21.0494203172062,0.0 -101.767637101362,21.0494095906593,0.0 -101.76765220173,21.04939887054,0.0 -101.767667307003,21.049388156512,0.0 -101.767682416905,21.0493774482385,0.0 -101.76769753116,21.0493667453827,0.0 -101.767712649496,21.0493560476072,0.0 -101.767727771639,21.0493453545744,0.0 -101.767742897313,21.0493346659466,0.0 -101.767758026247,21.0493239813857,0.0 -101.767773158168,21.0493133005534,0.0 -101.767788292803,21.0493026231112,0.0 -101.767803429879,21.0492919487205,0.0 -101.767818569125,21.0492812770425,0.0 -101.767833710268,21.0492706077382,0.0 -101.767848853037,21.0492599404684,0.0 -101.767863997161,21.0492492748941,0.0 -101.767879142367,21.0492386106758,0.0 -101.767894288385,21.0492279474743,0.0 -101.767909434944,21.04921728495,0.0 -101.767924581771,21.0492066227636,0.0 -101.79528602621,21.029941389074,0.0 -101.795301127773,21.0299307533311,0.0 -101.795316229598,21.0299201179181,0.0 -101.795331331952,21.0299094831666,0.0 -101.795346435097,21.0298988494082,0.0 -101.795361539301,21.0298882169746,0.0 -101.795376644826,21.0298775861975,0.0 -101.795391751937,21.0298669574088,0.0 -101.7954068609,21.0298563309403,0.0 -101.795421971977,21.029845707124,0.0 -101.795437085433,21.0298350862923,0.0 -101.795452201533,21.0298244687773,0.0 -101.795467320538,21.0298138549117,0.0 -101.795482442714,21.0298032450281,0.0 -101.795497568322,21.0297926394595,0.0 -101.795512697625,21.029782038539,0.0 -101.795527830885,21.0297714425999,0.0 -101.795542968365,21.029760851976,0.0 -101.795558110326,21.0297502670011,0.0 -101.79557325703,21.0297396880095,0.0 -101.795588408735,21.0297291153356,0.0 -101.795603565704,21.0297185493144,0.0 -101.795618728195,21.029707990281,0.0 -101.795633896469,21.029697438571,0.0 -101.795649070782,21.0296868945203,0.0 -101.795664251394,21.0296763584653,0.0 -101.795679438561,21.0296658307428,0.0 -101.795694632542,21.0296553116898,0.0 -101.795709833591,21.0296448016441,0.0 -101.795725041964,21.0296343009436,0.0 -101.795740257916,21.029623809927,0.0 -101.795755481702,21.0296133289334,0.0 -101.795770713574,21.0296028583023,0.0 -101.795785953784,21.0295923983738,0.0 -101.795801202586,21.0295819494884,0.0 -101.795816460229,21.0295715119876,0.0 -101.795831726963,21.0295610862129,0.0 -101.795847003039,21.0295506725069,0.0 -101.795862288703,21.0295402712123,0.0 -101.795877584204,21.029529882673,0.0 -101.795892889787,21.0295195072329,0.0 -101.795908205698,21.0295091452372,0.0 -101.795923532181,21.0294987970313,0.0 -101.795938869481,21.0294884629614,0.0 -101.795954217838,21.0294781433745,0.0 -101.795969577494,21.0294678386183,0.0 -101.795984948689,21.0294575490411,0.0 -101.796000331662,21.029447274992,0.0 -101.796015726651,21.0294370168209,0.0 -101.796031133891,21.0294267748785,0.0 -101.79604655362,21.0294165495163,0.0 -101.796061986069,21.0294063410864,0.0 -101.796077431473,21.0293961499419,0.0 -101.796092890062,21.0293859764366,0.0 -101.796108362068,21.0293758209255,0.0 -101.796123847717,21.0293656837639,0.0 -101.796139347238,21.0293555653083,0.0 -101.796419785906,21.0291772891022,0.0 -101.796435547822,21.0291675345121,0.0 -101.796451323086,21.0291577989612,0.0 -101.796467111429,21.029148082119,0.0 -101.796482912585,21.0291383836542,0.0 -101.796498726288,21.0291287032343,0.0 -101.796514552275,21.0291190405263,0.0 -101.796530390282,21.0291093951962,0.0 -101.796546240048,21.0290997669091,0.0 -101.796562101314,21.0290901553294,0.0 -101.796577973819,21.0290805601209,0.0 -101.796593857306,21.0290709809463,0.0 -101.79660975152,21.0290614174678,0.0 -101.796625656203,21.0290518693468,0.0 -101.796641571103,21.0290423362439,0.0 -101.796657495965,21.0290328178191,0.0 -101.796673430538,21.0290233137319,0.0 -101.796689374571,21.0290138236408,0.0 -101.796705327813,21.0290043472039,0.0 -101.796721290017,21.0289948840787,0.0 -101.796737260933,21.0289854339219,0.0 -101.796753240315,21.0289759963899,0.0 -101.796769227917,21.0289665711382,0.0 -101.796785223494,21.028957157822,0.0 -101.796801226801,21.028947756096,0.0 -101.796817237595,21.028938365614,0.0 -101.796833255633,21.0289289860299,0.0 -101.796849280674,21.0289196169966,0.0 -101.796865312477,21.0289102581668,0.0 -101.796881350801,21.0289009091926,0.0 -101.796897395407,21.0288915697258,0.0 -101.796913446056,21.0288822394177,0.0 -101.79692950251,21.0288729179193,0.0 -101.796945564532,21.028863604881,0.0 -101.796961631885,21.0288542999531,0.0 -101.796977704332,21.0288450027854,0.0 -101.796993781638,21.0288357130273,0.0 -101.797009863569,21.028826430328,0.0 -101.797025949888,21.0288171543364,0.0 -101.797042040363,21.0288078847009,0.0 -101.79705813476,21.02879862107,0.0 -101.797074232845,21.0287893630916,0.0 -101.797090334387,21.0287801104135,0.0 -101.797106439152,21.0287708626832,0.0 -101.797122546908,21.0287616195482,0.0 -101.797138657425,21.0287523806555,0.0 -101.797154770471,21.028743145652,0.0 -101.797170885814,21.0287339141847,0.0 -101.797187003225,21.0287246859001,0.0 -101.797203122472,21.0287154604448,0.0 -101.797219243326,21.0287062374651,0.0 -101.797235365555,21.0286970166072,0.0 -101.797251488932,21.0286877975175,0.0 -101.797267613224,21.028678579842,0.0 -101.797283738204,21.0286693632268,0.0 -101.797299863641,21.0286601473178,0.0 -101.797315989305,21.028650931761,0.0 -101.813491789792,21.0194053681041,0.0 -101.813507958016,21.0193961253491,0.0 -101.813524125994,21.0193868822147,0.0 -101.813540293481,21.0193776383234,0.0 -101.813556460231,21.0193683932978,0.0 -101.813572625999,21.0193591467603,0.0 -101.813588790541,21.0193498983336,0.0 -101.813604953611,21.0193406476405,0.0 -101.813621114964,21.0193313943037,0.0 -101.813637274354,21.0193221379462,0.0 -101.813653431535,21.0193128781909,0.0 -101.813669586261,21.0193036146613,0.0 -101.813685738285,21.0192943469806,0.0 -101.813701887362,21.0192850747725,0.0 -101.813718033243,21.0192757976607,0.0 -101.81373417568,21.0192665152693,0.0 -101.813750314427,21.0192572272225,0.0 -101.813766449235,21.0192479331449,0.0 -101.813782579854,21.0192386326612,0.0 -101.813798706035,21.0192293253965,0.0 -101.813814827529,21.0192200109763,0.0 -101.813830944085,21.0192106890263,0.0 -101.813847055451,21.0192013591725,0.0 -101.813863161377,21.0191920210415,0.0 -101.813879261609,21.0191826742599,0.0 -101.813895355895,21.0191733184552,0.0 -101.81391144398,21.0191639532549,0.0 -101.813927525611,21.019154578287,0.0 -101.813943600531,21.0191451931803,0.0 -101.813959668486,21.0191357975636,0.0 -101.813975729217,21.0191263910666,0.0 -101.813991782468,21.0191169733191,0.0 -101.814007827979,21.0191075439518,0.0 -101.81402386549,21.0190981025959,0.0 -101.814039894742,21.0190886488828,0.0 -101.814055915472,21.0190791824451,0.0 -101.814071927419,21.0190697029153,0.0 -101.814087930318,21.0190602099272,0.0 -101.814103923905,21.0190507031148,0.0 -101.814119907915,21.0190411821129,0.0 -101.81413588208,21.019031646557,0.0 -101.814151846132,21.0190220960833,0.0 -101.814167799802,21.0190125303286,0.0 -101.81418374282,21.0190029489308,0.0 -101.814199674914,21.0189933515281,0.0 -101.814215595812,21.0189837377597,0.0 -101.814231505239,21.0189741072658,0.0 -101.81424740292,21.018964459687,0.0 -101.814263288578,21.0189547946651,0.0 -101.814279161934,21.0189451118426,0.0 -101.81429502271,21.018935410863,0.0 -101.814310870624,21.0189256913705,0.0 -101.814326705393,21.0189159530105,0.0 -101.814342526735,21.0189061954291,0.0 -101.814358334363,21.0188964182736,0.0 -101.81437412799,21.0188866211921,0.0 -101.814389907328,21.0188768038339,0.0 -101.814405672087,21.0188669658491,0.0 -101.814421421976,21.0188571068891,0.0 -101.8144371567,21.0188472266062,0.0 -101.814452875964,21.018837324654,0.0 -101.814468579473,21.0188274006871,0.0 -101.814484266928,21.0188174543611,0.0 -101.814499938027,21.0188074853332,0.0 -101.814515592471,21.0187974932614,0.0 -101.814531229954,21.0187874778052,0.0 -101.814546850172,21.018777438625,0.0 -101.814857493765,21.0185702697641,0.0 -101.815160677933,21.0183535775117,0.0 -101.815456071665,21.0181275984604,0.0 -101.815743352459,21.0178925793422,0.0 -101.815757406559,21.0178806732293,0.0 -101.81577144014,21.0178687457982,0.0 -101.815785453483,21.0178567974076,0.0 -101.815799446868,21.0178448284144,0.0 -101.81581342058,21.0178328391744,0.0 -101.815827374902,21.0178208300418,0.0 -101.815841310121,21.0178088013697,0.0 -101.815855226525,21.0177967535099,0.0 -101.815869124404,21.0177846868129,0.0 -101.81588300405,21.0177726016279,0.0 -101.815896865754,21.0177604983029,0.0 -101.815910709811,21.0177483771845,0.0 -101.815924536517,21.0177362386185,0.0 -101.815938346169,21.0177240829491,0.0 -101.815952139064,21.0177119105196,0.0 -101.815965915503,21.017699721672,0.0 -101.815979675788,21.0176875167472,0.0 -101.815993420219,21.0176752960852,0.0 -101.816007149102,21.0176630600245,0.0 -101.81602086274,21.017650808903,0.0 -101.816034561441,21.0176385430572,0.0 -101.816048245511,21.0176262628227,0.0 -101.816061915259,21.0176139685341,0.0 -101.816075570995,21.0176016605251,0.0 -101.816089213029,21.0175893391282,0.0 -101.816102841673,21.0175770046751,0.0 -101.81611645724,21.0175646574967,0.0 -101.816130060044,21.0175522979228,0.0 -101.816143650399,21.0175399262824,0.0 -101.816157228623,21.0175275429036,0.0 -101.816170795031,21.0175151481136,0.0 -101.816184349941,21.017502742239,0.0 -101.816197893671,21.0174903256054,0.0 -101.816211426543,21.0174778985378,0.0 -101.816224948874,21.0174654613602,0.0 -101.816238460987,21.017453014396,0.0 -101.816251963204,21.017440557968,0.0 -101.816265455848,21.0174280923982,0.0 -101.81627893924,21.0174156180078,0.0 -101.816292413707,21.0174031351177,0.0 -101.816305879572,21.0173906440478,0.0 -101.816319337161,21.0173781451177,0.0 -101.8163327868,21.0173656386463,0.0 -101.816346228816,21.0173531249519,0.0 -101.816359663535,21.0173406043523,0.0 -101.816373091287,21.0173280771649,0.0 -101.816386512398,21.0173155437064,0.0 -101.816399927198,21.0173030042932,0.0 -101.816413336016,21.0172904592413,0.0 -101.816426739182,21.0172779088661,0.0 -101.816440137026,21.0172653534827,0.0 -101.816453529879,21.0172527934059,0.0 -101.816466918071,21.01724022895,0.0 -101.816480301933,21.0172276604291,0.0 -101.816493681798,21.0172150881571,0.0 -101.816507057998,21.0172025124472,0.0 -101.816520430864,21.0171899336128,0.0 -101.816533800728,21.0171773519668,0.0 -101.816547167925,21.0171647678221,0.0 -101.816560532785,21.0171521814911,0.0 -101.816573895643,21.0171395932864,0.0 -101.816587256832,21.0171270035202,0.0 -101.816600616684,21.0171144125046,0.0 -101.816613975533,21.0171018205519,0.0 -101.816627333714,21.0170892279738,0.0 -101.816640691558,21.0170766350825,0.0 -101.820116633888,21.0137996015415,0.0 -101.820129865875,21.0137871264628,0.0 -101.820143098386,21.0137746518756,0.0 -101.820156331949,21.0137621782726,0.0 -101.820169567091,21.0137497061468,0.0 -101.820182804337,21.0137372359912,0.0 -101.820196044214,21.0137247682993,0.0 -101.820209287248,21.0137123035646,0.0 -101.820222533964,21.0136998422812,0.0 -101.820235784888,21.0136873849434,0.0 -101.820249040545,21.0136749320462,0.0 -101.820262301457,21.0136624840849,0.0 -101.82027556815,21.0136500415554,0.0 -101.820288841145,21.0136376049545,0.0 -101.820302120965,21.0136251747795,0.0 -101.820315408131,21.0136127515284,0.0 -101.820328703162,21.0136003357001,0.0 -101.820342006579,21.0135879277946,0.0 -101.8203553189,21.0135755283124,0.0 -101.820368640643,21.0135631377553,0.0 -101.820381972322,21.013550756626,0.0 -101.820395314454,21.0135383854284,0.0 -101.820408667551,21.0135260246676,0.0 -101.820422032127,21.0135136748498,0.0 -101.820435408692,21.0135013364825,0.0 -101.820448797756,21.0134890100745,0.0 -101.820462199826,21.0134766961361,0.0 -101.82047561541,21.013464395179,0.0 -101.820489045011,21.0134521077163,0.0 -101.820502489133,21.0134398342628,0.0 -101.820515948277,21.0134275753348,0.0 -101.820529422943,21.0134153314502,0.0 -101.820542913627,21.0134031031287,0.0 -101.820556420826,21.0133908908919,0.0 -101.820569945032,21.0133786952631,0.0 -101.820583486736,21.0133665167673,0.0 -101.820597046429,21.0133543559316,0.0 -101.820610624596,21.0133422132851,0.0 -101.820624221722,21.0133300893589,0.0 -101.820637838289,21.0133179846862,0.0 -101.820651474776,21.0133058998022,0.0 -101.820665131661,21.0132938352443,0.0 -101.820933162175,21.0130647741551,0.0 -101.821208725356,21.0128437343472,0.0 -101.821223181578,21.0128325209769,0.0 -101.821237656724,21.0128213291525,0.0 -101.821252150286,21.0128101583625,0.0 -101.821266661759,21.0127990080932,0.0 -101.821281190639,21.0127878778288,0.0 -101.821295736425,21.0127767670517,0.0 -101.82131029862,21.0127656752423,0.0 -101.821324876728,21.0127546018789,0.0 -101.821339470255,21.0127435464383,0.0 -101.821354078711,21.0127325083953,0.0 -101.821368701606,21.0127214872233,0.0 -101.821383338453,21.0127104823938,0.0 -101.821397988767,21.0126994933768,0.0 -101.821412652066,21.0126885196408,0.0 -101.821427327869,21.0126775606527,0.0 -101.821442015697,21.0126666158782,0.0 -101.821456715072,21.0126556847816,0.0 -101.821471425519,21.0126447668257,0.0 -101.821486146563,21.0126338614722,0.0 -101.821500877733,21.0126229681816,0.0 -101.821515618558,21.0126120864134,0.0 -101.821530368568,21.0126012156256,0.0 -101.821545127296,21.0125903552756,0.0 -101.821559894274,21.0125795048196,0.0 -101.821574669038,21.0125686637129,0.0 -101.821589451123,21.01255783141,0.0 -101.821604240066,21.0125470073645,0.0 -101.821619035405,21.0125361910293,0.0 -101.821633836679,21.0125253818564,0.0 -101.821648643427,21.0125145792974,0.0 -101.821663455191,21.0125037828032,0.0 -101.821678271512,21.012492991824,0.0 -101.821693091931,21.0124822058096,0.0 -101.821707915992,21.0124714242093,0.0 -101.821722743239,21.0124606464721,0.0 -101.821737573214,21.0124498720466,0.0 -101.821752405462,21.012439100381,0.0 -101.821767239527,21.0124283309233,0.0 -101.821782074955,21.0124175631213,0.0 -101.821796911291,21.0124067964226,0.0 -101.821811748079,21.0123960302749,0.0 -101.843032595629,20.9969944261093,0.0 -101.843047310065,20.9969837448154,0.0 -101.843062025386,20.9969730645983,0.0 -101.843076742481,20.9969623865368,0.0 -101.843091462235,20.9969517117099,0.0 -101.843106185536,20.9969410411972,0.0 -101.843120913267,20.9969303760791,0.0 -101.843135646312,20.996919717437,0.0 -101.843150385553,20.9969090663534,0.0 -101.843165131871,20.9968984239123,0.0 -101.843179886144,20.996887791199,0.0 -101.843194649246,20.9968771693008,0.0 -101.843209422051,20.9968665593068,0.0 -101.843224205428,20.9968559623083,0.0 -101.843239000245,20.9968453793988,0.0 -101.843253807363,20.9968348116744,0.0 -101.843268627643,20.9968242602339,0.0 -101.84328346194,20.9968137261789,0.0 -101.843298311104,20.9968032106141,0.0 -101.843313175981,20.9967927146474,0.0 -101.843328057413,20.9967822393901,0.0 -101.843342956236,20.9967717859573,0.0 -101.843357873281,20.9967613554675,0.0 -101.843372809372,20.9967509490434,0.0 -101.843387765328,20.9967405678118,0.0 -101.843402741961,20.9967302129037,0.0 -101.843417740078,20.9967198854547,0.0 -101.843432760476,20.9967095866049,0.0 -101.843447803948,20.9966993174991,0.0 -101.843462871278,20.9966890792872,0.0 -101.843477963243,20.9966788731242,0.0 -101.843493080609,20.9966687001703,0.0 -101.843713092747,20.9965263793554,0.0 -101.843938237861,20.9963913235497,0.0 -101.844168244041,20.9962636958601,0.0 -101.844402833508,20.9961436504226,0.0 -101.844641722948,20.9960313322163,0.0 -101.844884623857,20.9959268768885,0.0 -101.845131242888,20.9958304105906,0.0 -101.845381282206,20.9957420498259,0.0 -101.845634439845,20.9956619013091,0.0 -101.845890410077,20.9955900618375,0.0 -101.846148883776,20.9955266181736,0.0 -101.846409548794,20.995471646941,0.0 -101.846672090338,20.9954252145315,0.0 -101.846936191349,20.9953873770251,0.0 -101.847201532885,20.9953581801221,0.0 -101.847467794507,20.995337659088,0.0 -101.847734654663,20.9953258387109,0.0 -101.84800179108,20.9953227332717,0.0 -101.848268881151,20.9953283465266,0.0 -101.848535602322,20.9953426717024,0.0 -101.848801632487,20.9953656915053,0.0 -101.849066650373,20.995397378141,0.0 -101.849330335926,20.9954376933486,0.0 -101.849592370704,20.9954865884468,0.0 -101.84961054156,20.9954903098009,0.0 -101.84962870309,20.9954940710954,0.0 -101.84964685551,20.9954978709794,0.0 -101.849664999045,20.9955017081035,0.0 -101.849683133933,20.9955055811205,0.0 -101.849701260415,20.9955094886846,0.0 -101.849719378746,20.9955134294518,0.0 -101.849737489187,20.9955174020799,0.0 -101.849755592007,20.9955214052282,0.0 -101.849773687482,20.9955254375575,0.0 -101.849791775897,20.9955294977303,0.0 -101.849809857544,20.9955335844104,0.0 -101.849827932719,20.9955376962633,0.0 -101.849846001726,20.9955418319556,0.0 -101.849864064876,20.9955459901552,0.0 -101.849882122485,20.9955501695315,0.0 -101.849900174872,20.9955543687549,0.0 -101.849918222365,20.9955585864969,0.0 -101.849936265292,20.9955628214301,0.0 -101.84995430399,20.9955670722282,0.0 -101.849972338797,20.9955713375656,0.0 -101.849990370055,20.9955756161177,0.0 -101.85000839811,20.9955799065606,0.0 -101.85002642331,20.9955842075711,0.0 -101.850044446007,20.9955885178267,0.0 -101.850062466553,20.9955928360055,0.0 -101.850080485306,20.9955971607857,0.0 -101.850098502621,20.9956014908464,0.0 -101.850116518858,20.9956058248667,0.0 -101.850134534375,20.9956101615259,0.0 -101.850152549533,20.9956144995038,0.0 -101.857126649919,20.9972937683688,0.0 -101.85714454998,20.997298078278,0.0 -101.857162449702,20.9973023894286,0.0 -101.857180348747,20.997306703064,0.0 -101.857198246773,20.9973110204273,0.0 -101.857216143439,20.9973153427614,0.0 -101.857234038403,20.9973196713087,0.0 -101.857251931322,20.9973240073116,0.0 -101.857269821848,20.9973283520119,0.0 -101.857287709635,20.9973327066509,0.0 -101.857305594332,20.9973370724694,0.0 -101.857323475587,20.9973414507073,0.0 -101.857341353044,20.997345842604,0.0 -101.857359226344,20.9973502493982,0.0 -101.857377095125,20.9973546723276,0.0 -101.857394959021,20.9973591126287,0.0 -101.85741281766,20.9973635715374,0.0 -101.85743067067,20.9973680502881,0.0 -101.857448517669,20.9973725501143,0.0 -101.857466358274,20.997377072248,0.0 -101.857484192096,20.99738161792,0.0 -101.857502018739,20.9973861883595,0.0 -101.857519837801,20.9973907847942,0.0 -101.857537648877,20.9973954084502,0.0 -101.857555451552,20.9974000605517,0.0 -101.857573245406,20.9974047423213,0.0 -101.857591030013,20.9974094549796,0.0 -101.857874807717,20.9974893824293,0.0 -101.858155827067,20.997577486855,0.0 -101.858433820962,20.9976736845241,0.0 -101.858708525175,20.997777884011,0.0 -101.858725543804,20.9977846456967,0.0 -101.858742549091,20.9977914369215,0.0 -101.858759541516,20.9977982564821,0.0 -101.858776521565,20.9978051031775,0.0 -101.858793489729,20.9978119758094,0.0 -101.858810446507,20.9978188731817,0.0 -101.858827392403,20.9978257941009,0.0 -101.858844327928,20.9978327373755,0.0 -101.858861253595,20.9978397018162,0.0 -101.858878169926,20.9978466862356,0.0 -101.858895077445,20.9978536894484,0.0 -101.858911976682,20.997860710271,0.0 -101.85892886817,20.9978677475215,0.0 -101.858945752446,20.9978748000196,0.0 -101.858962630052,20.9978818665866,0.0 -101.858979501532,20.997888946045,0.0 -101.858996367433,20.9978960372187,0.0 -101.859013228305,20.9979031389326,0.0 -101.859030084702,20.9979102500129,0.0 -101.859046937177,20.9979173692866,0.0 -101.859063786288,20.9979244955813,0.0 -101.859080632594,20.9979316277256,0.0 -101.859097476653,20.9979387645487,0.0 -101.859114319028,20.99794590488,0.0 -101.859131160279,20.9979530475494,0.0 -101.85914800097,20.9979601913871,0.0 -101.863364569108,20.99974885221,0.0 -101.863381901408,20.9997562041172,0.0 -101.863399234032,20.9997635553518,0.0 -101.863416567303,20.9997709052425,0.0 -101.863433901545,20.9997782531181,0.0 -101.863451237079,20.9997855983074,0.0 -101.863468574226,20.9997929401387,0.0 -101.86348591331,20.9998002779405,0.0 -101.863503254649,20.9998076110408,0.0 -101.863520598566,20.9998149387674,0.0 -101.863537945379,20.9998222604479,0.0 -101.863555295407,20.9998295754096,0.0 -101.863572648968,20.9998368829791,0.0 -101.86359000638,20.999844182483,0.0 -101.863607367957,20.9998514732472,0.0 -101.863624734015,20.9998587545972,0.0 -101.863642104868,20.999866025858,0.0 -101.863659480826,20.999873286354,0.0 -101.863676862202,20.999880535409,0.0 -101.863694249304,20.9998877723463,0.0 -101.86371164244,20.9998949964883,0.0 -101.863729041916,20.9999022071571,0.0 -101.863746448036,20.9999094036736,0.0 -101.863763861102,20.9999165853583,0.0 -101.863781281415,20.9999237515307,0.0 -101.863798709273,20.9999309015096,0.0 -101.863816144972,20.9999380346129,0.0 -101.863833588806,20.9999451501576,0.0 -101.863851041067,20.9999522474597,0.0 -101.863868502044,20.9999593258343,0.0 -101.863885972023,20.9999663845956,0.0 -101.863903451288,20.9999734230568,0.0 -101.863920940122,20.9999804405298,0.0 -101.863938438802,20.9999874363256,0.0 -101.863955947604,20.9999944097542,0.0 -101.863973466801,21.0000013601242,0.0 -101.863990996663,21.0000082867432,0.0 -101.864008537456,21.0000151889178,0.0 -101.864026089444,21.0000220659529,0.0 -101.864043652887,21.0000289171526,0.0 -101.864061228041,21.0000357418195,0.0 -101.864078815158,21.0000425392551,0.0 -101.86409641449,21.0000493087593,0.0 -101.864114026281,21.0000560496309,0.0 -101.864131650772,21.0000627611672,0.0 -101.864149288203,21.0000694426643,0.0 -101.864166938807,21.0000760934167,0.0 -101.864184602814,21.0000827127175,0.0 -101.86420228045,21.0000892998585,0.0 -101.864506266546,21.0001967047487,0.0 -101.864813944727,21.000294400698,0.0 -101.865124963453,21.0003822760726,0.0 -101.865438967365,21.0004602304593,0.0 -101.865755597688,21.0005281747803,0.0 -101.866074492648,21.0005860313947,0.0 -101.86639528788,21.0006337341875,0.0 -101.866717616843,21.0006712286453,0.0 -101.867041111248,21.0006984719188,0.0 -101.867365401467,21.0007154328712,0.0 -101.867690116965,21.0007220921145,0.0 -101.86801488672,21.0007184420315,0.0 -101.868339339647,21.0007044867844,0.0 -101.868663105021,21.0006802423101,0.0 -101.868985812906,21.0006457363022,0.0 -101.86930709457,21.0006010081793,0.0 -101.869626582915,21.0005461090398,0.0 -101.86994391289,21.0004811016039,0.0 -101.870258721911,21.0004060601415,0.0 -101.870570650278,21.0003210703876,0.0 -101.870879341579,21.0002262294442,0.0 -101.871184443107,21.0001216456696,0.0 -101.871485606255,21.0000074385539,0.0 -101.87178248692,20.9998837385834,0.0 -101.872074745891,20.9997506870905,0.0 -101.872362049244,20.9996084360929,0.0 -101.872644068717,20.9994571481192,0.0 -101.872920482088,20.9992969960239,0.0 -101.872936486611,20.9992873478125,0.0 -101.872952471192,20.9992776704915,0.0 -101.872968436196,20.9992679647154,0.0 -101.872984381994,20.9992582311366,0.0 -101.873000308958,20.9992484704053,0.0 -101.873016217468,20.9992386831695,0.0 -101.873032107902,20.9992288700754,0.0 -101.873047980646,20.9992190317669,0.0 -101.873063836088,20.9992091688861,0.0 -101.873079674617,20.9991992820731,0.0 -101.873095496629,20.999189371966,0.0 -101.873111302521,20.9991794392013,0.0 -101.873127092694,20.9991694844134,0.0 -101.873142867549,20.9991595082351,0.0 -101.873158627494,20.9991495112974,0.0 -101.873174372937,20.9991394942295,0.0 -101.87319010429,20.9991294576592,0.0 -101.873205821967,20.9991194022125,0.0 -101.873221526385,20.9991093285139,0.0 -101.873237217962,20.9990992371865,0.0 -101.87325289712,20.9990891288517,0.0 -101.873268564284,20.9990790041296,0.0 -101.873284219877,20.999068863639,0.0 -101.87329986433,20.9990587079973,0.0 -101.87331549807,20.9990485378206,0.0 -101.873331121531,20.9990383537239,0.0 -101.873346735146,20.9990281563207,0.0 -101.873362339351,20.9990179462238,0.0 -101.873377934582,20.9990077240447,0.0 -101.873393521279,20.9989974903937,0.0 -101.873409099881,20.9989872458804,0.0 -101.87342467083,20.9989769911134,0.0 -101.87344023457,20.9989667267002,0.0 -101.873455791545,20.9989564532478,0.0 -101.8734713422,20.9989461713621,0.0 -101.873486886981,20.9989358816486,0.0 -101.873502426337,20.9989255847118,0.0 -101.873517960717,20.9989152811558,0.0 -101.873533490568,20.998904971584,0.0 -101.873549016343,20.9988946565992,0.0 -101.873564538491,20.998884336804,0.0 -101.873580057465,20.9988740128004,0.0 -101.873595573717,20.9988636851899,0.0 -101.873611087699,20.998853354574,0.0 -101.873626599865,20.9988430215538,0.0 -101.873642110667,20.9988326867299,0.0 -101.873657620559,20.9988223507033,0.0 -101.873673129996,20.9988120140744,0.0 -101.878047282464,20.9958965928591,0.0 -101.878062716997,20.9958863050507,0.0 -101.878078151255,20.9958760168802,0.0 -101.878093584967,20.995865727987,0.0 -101.878109017859,20.9958554380109,0.0 -101.878124449659,20.9958451465914,0.0 -101.878139880094,20.9958348533682,0.0 -101.878155308892,20.9958245579812,0.0 -101.878170735778,20.9958142600703,0.0 -101.87818616048,20.9958039592755,0.0 -101.878201582725,20.9957936552371,0.0 -101.878217002239,20.9957833475955,0.0 -101.878232418747,20.9957730359912,0.0 -101.878247831975,20.9957627200651,0.0 -101.878263241649,20.9957523994581,0.0 -101.878278647494,20.9957420738116,0.0 -101.878294049234,20.995731742767,0.0 -101.878309446593,20.9957214059663,0.0 -101.878324839294,20.9957110630514,0.0 -101.878340227062,20.995700713665,0.0 -101.878355609618,20.9956903574498,0.0 -101.878370986686,20.995679994049,0.0 -101.878386357985,20.9956696231062,0.0 -101.878401723238,20.9956592442652,0.0 -101.878417082164,20.9956488571706,0.0 -101.878432434484,20.9956384614672,0.0 -101.878447779916,20.9956280568002,0.0 -101.878463118179,20.9956176428155,0.0 -101.878478448989,20.9956072191594,0.0 -101.878493772064,20.9955967854786,0.0 -101.878509087121,20.9955863414207,0.0 -101.878524393873,20.9955758866334,0.0 -101.878539692035,20.9955654207654,0.0 -101.878554981322,20.9955549434657,0.0 -101.878570261444,20.9955444543842,0.0 -101.878585532115,20.9955339531712,0.0 -101.878600793044,20.9955234394779,0.0 -101.878616043941,20.995512912956,0.0 -101.878631284515,20.995502373258,0.0 -101.878646514474,20.9954918200371,0.0 -101.878661733523,20.9954812529473,0.0 -101.878676941369,20.9954706716435,0.0 -101.878692137716,20.995460075781,0.0 -101.878707322267,20.9954494650164,0.0 -101.878722494724,20.9954388390069,0.0 -101.878737654788,20.9954281974104,0.0 -101.878752802158,20.9954175398861,0.0 -101.878767936533,20.9954068660937,0.0 -101.878783057611,20.9953961756941,0.0 -101.878798165085,20.9953854683491,0.0 -101.878813258652,20.9953747437214,0.0 -101.878828338005,20.9953640014747,0.0 -101.878843402834,20.9953532412739,0.0 -101.87885845283,20.9953424627848,0.0 -101.878873487683,20.9953316656741,0.0 -101.878888507079,20.99532084961,0.0 -101.878903510705,20.9953100142614,0.0 -101.878918498245,20.9952991592987,0.0 -101.878933469382,20.9952882843933,0.0 -101.878948423798,20.9952773892177,0.0 -101.878963361171,20.9952664734457,0.0 -101.878978281181,20.9952555367524,0.0 -101.878993183504,20.9952445788141,0.0 -101.879008067814,20.9952335993084,0.0 -101.879022933786,20.9952225979142,0.0 -101.879037781091,20.9952115743117,0.0 -101.879052609398,20.9952005281826,0.0 -101.879364765087,20.9949590958367,0.0 -101.879667712927,20.9947075321686,0.0 -101.879961080283,20.9944461466336,0.0 -101.880244506312,20.9941752607685,0.0 -101.880517642406,20.993895207796,0.0 -101.88078015262,20.9936063322144,0.0 -101.881031714084,20.9933089893738,0.0 -101.881272017406,20.9930035450389,0.0 -101.881500767045,20.9926903749385,0.0 -101.881717681679,20.9923698643035,0.0 -101.881922494549,20.9920424073926,0.0 -101.882114953789,20.9917084070073,0.0 -101.882294822733,20.991368273996,0.0 -101.882461880206,20.9910224267489,0.0 -101.8826159208,20.9906712906825,0.0 -101.88275675512,20.9903152977169,0.0 -101.882884210022,20.9899548857436,0.0 -101.882998128821,20.9895904980872,0.0 -101.883098371488,20.9892225829598,0.0 -101.883184814819,20.9888515929097,0.0 -101.883257352584,20.9884779842641,0.0 -101.883260405313,20.9884604425682,0.0 -101.883263427843,20.9884428962604,0.0 -101.883266420629,20.9884253454565,0.0 -101.883269384131,20.9884077902702,0.0 -101.883272318804,20.9883902308132,0.0 -101.883275225108,20.988372667195,0.0 -101.883278103501,20.9883550995233,0.0 -101.883280954442,20.9883375279039,0.0 -101.883283778391,20.9883199524404,0.0 -101.883286575806,20.9883023732348,0.0 -101.883289347148,20.9882847903872,0.0 -101.883292092877,20.9882672039958,0.0 -101.883294813455,20.988249614157,0.0 -101.883297509341,20.9882320209656,0.0 -101.883300180998,20.9882144245144,0.0 -101.883302828886,20.9881968248948,0.0 -101.883305453468,20.9881792221963,0.0 -101.883308055206,20.988161616507,0.0 -101.883310634563,20.9881440079132,0.0 -101.883313192,20.9881263964998,0.0 -101.883315727982,20.9881087823501,0.0 -101.883318242971,20.9880911655458,0.0 -101.883320737431,20.9880735461672,0.0 -101.883323211825,20.9880559242934,0.0 -101.883325666617,20.9880383000016,0.0 -101.883328102272,20.9880206733681,0.0 -101.883330519253,20.9880030444677,0.0 -101.883332918026,20.9879854133737,0.0 -101.883335299054,20.9879677801584,0.0 -101.883337662803,20.9879501448928,0.0 -101.883340009739,20.9879325076466,0.0 -101.883342340325,20.9879148684883,0.0 -101.883344655028,20.9878972274855,0.0 -101.883346954313,20.9878795847043,0.0 -101.883349238646,20.9878619402101,0.0 -101.883351508492,20.987844294067,0.0 -101.883353764318,20.9878266463382,0.0 -101.88335600659,20.9878089970858,0.0 -101.883358235774,20.9877913463712,0.0 -101.883360452336,20.9877736942547,0.0 -101.883362656743,20.9877560407957,0.0 -101.883364849462,20.9877383860527,0.0 -101.883367030958,20.9877207300836,0.0 -101.8833692017,20.9877030729454,0.0 -101.883371362154,20.9876854146943,0.0 -101.883373512787,20.9876677553857,0.0 -101.883375654066,20.9876500950746,0.0 -101.883377786458,20.9876324338151,0.0 -101.88337991043,20.9876147716607,0.0 -101.883382026451,20.9875971086644,0.0 -101.883384134986,20.9875794448786,0.0 -101.883386236504,20.9875617803552,0.0 -101.883388331472,20.9875441151456,0.0 -101.883390420358,20.9875264493006,0.0 -101.883392503629,20.9875087828709,0.0 -101.883394581754,20.9874911159064,0.0 -101.883396655198,20.987473448457,0.0 -101.883398724432,20.987455780572,0.0 -101.883400789921,20.9874381123007,0.0 -101.883402852135,20.9874204436918,0.0 -101.88340491154,20.9874027747939,0.0 -101.883406968605,20.9873851056556,0.0 -101.883409023798,20.9873674363251,0.0 -101.883411077586,20.9873497668504,0.0 -101.883413130438,20.9873320972798,0.0 -101.883415182821,20.9873144276611,0.0 -101.884084461187,20.981551812965,0.0 -101.884086520628,20.9815340800863,0.0 -101.884088580358,20.9815163472372,0.0 -101.884090640666,20.9814986144472,0.0 -101.884092701841,20.9814808817461,0.0 -101.884094764172,20.9814631491636,0.0 -101.884096827949,20.9814454167294,0.0 -101.884098893462,20.9814276844734,0.0 -101.884100960999,20.9814099524254,0.0 -101.884103030849,20.9813922206155,0.0 -101.884105103303,20.9813744890738,0.0 -101.884107178649,20.9813567578304,0.0 -101.884109257176,20.9813390269157,0.0 -101.884111339174,20.9813212963601,0.0 -101.884113424932,20.9813035661943,0.0 -101.88411551474,20.9812858364491,0.0 -101.884117608885,20.9812681071553,0.0 -101.884119707658,20.9812503783442,0.0 -101.884121811347,20.981232650047,0.0 -101.884123920242,20.9812149222954,0.0 -101.884126034632,20.981197195121,0.0 -101.884128154806,20.981179468556,0.0 -101.884130281052,20.9811617426325,0.0 -101.884132413661,20.9811440173832,0.0 -101.88413455292,20.9811262928407,0.0 -101.884136699118,20.9811085690382,0.0 -101.884138852546,20.9810908460091,0.0 -101.88414101349,20.9810731237871,0.0 -101.884143182241,20.9810554024061,0.0 -101.884145359086,20.9810376819007,0.0 -101.884147544315,20.9810199623053,0.0 -101.884149738217,20.9810022436553,0.0 -101.884151941079,20.9809845259858,0.0 -101.884154153191,20.9809668093329,0.0 -101.88415637484,20.9809490937328,0.0 -101.884158606317,20.980931379222,0.0 -101.884160847907,20.9809136658377,0.0 -101.884163099901,20.9808959536173,0.0 -101.884165362587,20.9808782425988,0.0 -101.884167636252,20.9808605328207,0.0 -101.884169921185,20.9808428243217,0.0 -101.884172217674,20.9808251171413,0.0 -101.884174526006,20.9808074113194,0.0 -101.884176846471,20.9807897068963,0.0 -101.884286309218,20.9800425421121,0.0 -101.884417888863,20.9792985308106,0.0 -101.884571482978,20.9785582503604,0.0 -101.884746972055,20.9778222752269,0.0 -101.884751386409,20.9778049256605,0.0 -101.88475581265,20.9777875787657,0.0 -101.884760250493,20.9777702344858,0.0 -101.884764699653,20.9777528927637,0.0 -101.884769159846,20.9777355535416,0.0 -101.884773630787,20.9777182167615,0.0 -101.884778112191,20.9777008823646,0.0 -101.884782603775,20.977683550292,0.0 -101.884787105254,20.9776662204841,0.0 -101.884791616345,20.9776488928809,0.0 -101.884796136763,20.9776315674221,0.0 -101.884800666225,20.977614244047,0.0 -101.884805204447,20.9775969226944,0.0 -101.884809751145,20.9775796033028,0.0 -101.884814306036,20.9775622858102,0.0 -101.884818868836,20.9775449701544,0.0 -101.884823439263,20.9775276562729,0.0 -101.884828017033,20.9775103441026,0.0 -101.884832601862,20.9774930335804,0.0 -101.884837193468,20.9774757246428,0.0 -101.884841791568,20.9774584172258,0.0 -101.884846395878,20.9774411112654,0.0 -101.884851006116,20.9774238066971,0.0 -101.884855622,20.9774065034564,0.0 -101.884860243245,20.9773892014783,0.0 -101.884864869571,20.9773719006978,0.0 -101.884869500693,20.9773546010494,0.0 -101.88487413633,20.9773373024677,0.0 -101.884878776199,20.9773200048869,0.0 -101.884883420018,20.9773027082411,0.0 -101.884888067504,20.9772854124642,0.0 -101.884892718375,20.9772681174899,0.0 -101.884897372348,20.9772508232519,0.0 -101.884902029142,20.9772335296836,0.0 -101.884906688473,20.9772162367183,0.0 -101.884911350061,20.9771989442893,0.0 -101.884916013621,20.9771816523298,0.0 -101.884920678874,20.9771643607727,0.0 -101.884925345535,20.9771470695511,0.0 -101.884930013324,20.9771297785979,0.0 -101.884934681957,20.977112487846,0.0 -101.884939351154,20.9770951972282,0.0 -101.884944020631,20.9770779066772,0.0 -101.889374177468,20.9606713392678,0.0 -101.889378829107,20.9606541101004,0.0 -101.889383480927,20.9606368809762,0.0 -101.889388133111,20.9606196519386,0.0 -101.88939278584,20.9606024230312,0.0 -101.889397439298,20.9605851942974,0.0 -101.889402093668,20.9605679657807,0.0 -101.88940674913,20.9605507375248,0.0 -101.889411405869,20.9605335095731,0.0 -101.889416064066,20.9605162819693,0.0 -101.889420723903,20.960499054757,0.0 -101.889425385564,20.9604818279799,0.0 -101.88943004923,20.9604646016818,0.0 -101.889434715084,20.9604473759065,0.0 -101.889439383308,20.9604301506978,0.0 -101.889444054085,20.9604129260997,0.0 -101.889448727597,20.9603957021562,0.0 -101.889453404026,20.9603784789113,0.0 -101.889458083555,20.9603612564093,0.0 -101.889462766365,20.9603440346943,0.0 -101.889467452639,20.9603268138108,0.0 -101.889472142559,20.960309593803,0.0 -101.889476836308,20.9602923747157,0.0 -101.889481534067,20.9602751565934,0.0 -101.889486236019,20.9602579394809,0.0 -101.889490942346,20.9602407234231,0.0 -101.889495653229,20.9602235084649,0.0 -101.889500368851,20.9602062946516,0.0 -101.889505089394,20.9601890820283,0.0 -101.889509815039,20.9601718706405,0.0 -101.889514545969,20.9601546605337,0.0 -101.889519282365,20.9601374517535,0.0 -101.88952402441,20.9601202443459,0.0 -101.889528772284,20.9601030383568,0.0 -101.889533526171,20.9600858338325,0.0 -101.88953828625,20.9600686308191,0.0 -101.889543052705,20.9600514293633,0.0 -101.889547825717,20.9600342295117,0.0 -101.889552605466,20.9600170313112,0.0 -101.889557392135,20.9599998348089,0.0 -101.889562185905,20.9599826400519,0.0 -101.889566986958,20.9599654470878,0.0 -101.889571795474,20.9599482559642,0.0 -101.889576611635,20.9599310667289,0.0 -101.889581435622,20.9599138794301,0.0 -101.889586267617,20.959896694116,0.0 -101.889591107799,20.9598795108351,0.0 -101.889595956351,20.9598623296363,0.0 -101.889600813454,20.9598451505684,0.0 -101.889605679287,20.9598279736807,0.0 -101.889610554032,20.9598107990227,0.0 -101.889615437869,20.9597936266441,0.0 -101.88962033098,20.9597764565948,0.0 -101.889625233545,20.9597592889251,0.0 -101.889630145743,20.9597421236855,0.0 -101.889635067756,20.9597249609267,0.0 -101.889639999764,20.9597078006998,0.0 -101.889644941948,20.959690643056,0.0 -101.889649894486,20.9596734880471,0.0 -101.88965485756,20.9596563357248,0.0 -101.889659831349,20.9596391861414,0.0 -101.889664816033,20.9596220393494,0.0 -101.889669811792,20.9596048954015,0.0 -101.889674818806,20.9595877543508,0.0 -101.889679837254,20.9595706162508,0.0 -101.889684867316,20.9595534811552,0.0 -101.889689909171,20.959536349118,0.0 -101.889950275734,20.9587047700301,0.0 -101.890238847048,20.9578814459063,0.0 -101.890555326911,20.9570672205957,0.0 -101.890899390531,20.95626292861,0.0 -101.891270684865,20.9554693942693,0.0 -101.891668828981,20.9546874308577,0.0 -101.892093414449,20.9539178397903,0.0 -101.892102394245,20.9539021942139,0.0 -101.892111384807,20.9538865540945,0.0 -101.892120385966,20.9538709193543,0.0 -101.892129397552,20.9538552899156,0.0 -101.892138419396,20.9538396657002,0.0 -101.89214745133,20.9538240466296,0.0 -101.892156493185,20.9538084326251,0.0 -101.892165544793,20.9537928236076,0.0 -101.892174605984,20.9537772194979,0.0 -101.892183676591,20.9537616202163,0.0 -101.892192756445,20.9537460256831,0.0 -101.89220184538,20.9537304358182,0.0 -101.892210943226,20.9537148505412,0.0 -101.892220049817,20.9536992697714,0.0 -101.892229164985,20.9536836934281,0.0 -101.892238288562,20.9536681214302,0.0 -101.892247420382,20.9536525536963,0.0 -101.892256560277,20.9536369901448,0.0 -101.89226570808,20.9536214306941,0.0 -101.892274863625,20.953605875262,0.0 -101.892284026744,20.9535903237663,0.0 -101.892293197272,20.9535747761246,0.0 -101.892302375041,20.9535592322543,0.0 -101.892311559886,20.9535436920725,0.0 -101.89232075164,20.9535281554962,0.0 -101.892329950137,20.953512622442,0.0 -101.892339155211,20.9534970928266,0.0 -101.892348366696,20.9534815665663,0.0 -101.892357584427,20.9534660435774,0.0 -101.892366808238,20.9534505237758,0.0 -101.892376037963,20.9534350070774,0.0 -101.892385273436,20.9534194933979,0.0 -101.892394514493,20.9534039826529,0.0 -101.892403760968,20.9533884747576,0.0 -101.892413012696,20.9533729696273,0.0 -101.892422269512,20.9533574671771,0.0 -101.89243153125,20.9533419673219,0.0 -101.892440797746,20.9533264699765,0.0 -101.892450068835,20.9533109750555,0.0 -101.892459344352,20.9532954824735,0.0 -101.892468624132,20.9532799921448,0.0 -101.892477908012,20.9532645039837,0.0 -101.892487195825,20.9532490179044,0.0 -101.892496487408,20.953233533821,0.0 -101.892505782597,20.9532180516474,0.0 -101.892515081226,20.9532025712975,0.0 -101.892524383131,20.9531870926849,0.0 -101.892533688149,20.9531716157234,0.0 -101.892542996115,20.9531561403265,0.0 -101.892552306865,20.9531406664077,0.0 -101.892561620235,20.9531251938805,0.0 -101.89257093606,20.9531097226581,0.0 -101.892580254177,20.9530942526539,0.0 -101.892589574422,20.9530787837809,0.0 -101.89259889663,20.9530633159525,0.0 -101.892608220638,20.9530478490816,0.0 -101.892617546282,20.9530323830814,0.0 -101.892626873397,20.9530169178647,0.0 -101.892636201821,20.9530014533446,0.0 -101.892645531389,20.9529859894339,0.0 -101.892654861938,20.9529705260456,0.0 -101.892664193304,20.9529550630925,0.0 -101.892673525322,20.9529396004874,0.0 -101.892682857829,20.9529241381432,0.0 -101.892692190662,20.9529086759726,0.0 -101.892701523657,20.9528932138885,0.0 -101.917954954608,20.9110402892644,0.0 -101.917964371727,20.9110246764164,0.0 -101.917973788968,20.9110090636341,0.0 -101.917983206458,20.9109934509845,0.0 -101.917992624321,20.9109778385339,0.0 -101.918002042683,20.9109622263493,0.0 -101.918011461669,20.9109466144972,0.0 -101.918020881403,20.9109310030443,0.0 -101.918030302011,20.9109153920574,0.0 -101.918039723618,20.9108997816031,0.0 -101.91804914635,20.9108841717483,0.0 -101.91805857033,20.9108685625596,0.0 -101.918067995685,20.9108529541039,0.0 -101.91807742254,20.9108373464481,0.0 -101.918086851019,20.910821739659,0.0 -101.918096281247,20.9108061338034,0.0 -101.91810571335,20.9107905289484,0.0 -101.918115147452,20.9107749251608,0.0 -101.918124583678,20.9107593225077,0.0 -101.918134022154,20.9107437210562,0.0 -101.918143463004,20.9107281208734,0.0 -101.918152906353,20.9107125220264,0.0 -101.918162352325,20.9106969245825,0.0 -101.918171801047,20.9106813286088,0.0 -101.918181252641,20.9106657341728,0.0 -101.918190707234,20.9106501413418,0.0 -101.91820016495,20.9106345501833,0.0 -101.918209625913,20.9106189607648,0.0 -101.918219090248,20.9106033731538,0.0 -101.91822855808,20.9105877874181,0.0 -101.918238029532,20.9105722036253,0.0 -101.918247504731,20.9105566218433,0.0 -101.918256983799,20.91054104214,0.0 -101.918266466861,20.9105254645832,0.0 -101.918275954042,20.9105098892412,0.0 -101.918285445466,20.910494316182,0.0 -101.918294941257,20.9104787454738,0.0 -101.91830444154,20.910463177185,0.0 -101.918313946437,20.910447611384,0.0 -101.918323456074,20.9104320481393,0.0 -101.918332970575,20.9104164875196,0.0 -101.918342490062,20.9104009295935,0.0 -101.918352014661,20.9103853744298,0.0 -101.918361544494,20.9103698220976,0.0 -101.918371079686,20.9103542726659,0.0 -101.91838062036,20.9103387262037,0.0 -101.91839016664,20.9103231827804,0.0 -101.918399718649,20.9103076424655,0.0 -101.91840927651,20.9102921053283,0.0 -101.918418840348,20.9102765714385,0.0 -101.918428410284,20.910261040866,0.0 -101.918437986443,20.9102455136806,0.0 -101.918447568948,20.9102299899522,0.0 -101.918457157921,20.9102144697512,0.0 -101.918466753485,20.9101989531477,0.0 -101.918476355763,20.9101834402123,0.0 -101.918485964878,20.9101679310154,0.0 -101.918495580953,20.9101524256279,0.0 -101.91850520411,20.9101369241206,0.0 -101.918514834472,20.9101214265644,0.0 -101.918524472161,20.9101059330307,0.0 -101.918534117299,20.9100904435906,0.0 -101.918543770008,20.9100749583157,0.0 -101.918553430411,20.9100594772777,0.0 -101.918563098629,20.9100440005483,0.0 -101.918572774784,20.9100285281996,0.0 -101.918582458999,20.9100130603035,0.0 -101.918592151394,20.9099975969326,0.0 -101.918601852091,20.9099821381591,0.0 -101.918611561213,20.9099666840559,0.0 -101.918621278879,20.9099512346957,0.0 -101.918631005211,20.9099357901516,0.0 -101.91864074033,20.9099203504967,0.0 -101.918650484358,20.9099049158044,0.0 -101.918660237414,20.9098894861483,0.0 -101.91866999962,20.9098740616022,0.0 -101.918679771097,20.90985864224,0.0 -101.918689551964,20.9098432281359,0.0 -101.918699342342,20.9098278193641,0.0 -101.918709142351,20.9098124159994,0.0 -101.918718952112,20.9097970181163,0.0 -101.918728771743,20.9097816257899,0.0 -101.918738601366,20.9097662390953,0.0 -101.9187484411,20.9097508581078,0.0 -101.918758291063,20.9097354829032,0.0 -101.918768151376,20.9097201135571,0.0 -101.918778022157,20.9097047501456,0.0 -101.918787903527,20.909689392745,0.0 -101.918797795603,20.9096740414316,0.0 -101.919320857693,20.908893246372,0.0 -101.919871923793,20.9081296491302,0.0 -101.920450353768,20.9073841362225,0.0 -101.921055475744,20.9066575731614,0.0 -101.921686586888,20.9059508034512,0.0 -101.92234295423,20.9052646476106,0.0 -101.923023815509,20.9045999022203,0.0 -101.923728380058,20.9039573389999,0.0 -101.924455829728,20.9033377039125,0.0 -101.92520531983,20.9027417163002,0.0 -101.92597598012,20.9021700680493,0.0 -101.926766915811,20.9016234227886,0.0 -101.927577208602,20.9011024151196,0.0 -101.928405917754,20.9006076498808,0.0 -101.929252081174,20.900139701446,0.0 -101.930114716533,20.8996991130588,0.0 -101.930992822408,20.8992863962025,0.0 -101.931885379436,20.8989020300067,0.0 -101.932791351504,20.898546460692,0.0 -101.933709686944,20.8982201010527,0.0 -101.934639319755,20.8979233299776,0.0 -101.935579170839,20.8976564920109,0.0 -101.936528149249,20.8974198969526,0.0 -101.937485153458,20.897213819499,0.0 -101.938449072629,20.8970384989241,0.0 -101.939418787909,20.8968941388021,0.0 -101.940393173723,20.8967809067707,0.0 -101.941371099075,20.8966989343372,0.0 -101.942351428865,20.8966483167249,0.0 -101.943333025199,20.8966291127632,0.0 -101.944314748712,20.8966413448186,0.0 -101.945295459884,20.8966849987684,0.0 -101.94531451755,20.8966861590873,0.0 -101.945333574403,20.8966873311404,0.0 -101.945352630444,20.8966885147922,0.0 -101.945371685676,20.8966897099074,0.0 -101.9453907401,20.8966909163507,0.0 -101.945409793717,20.8966921339866,0.0 -101.945428846532,20.8966933626798,0.0 -101.945447898546,20.896694602295,0.0 -101.945466949762,20.8966958526969,0.0 -101.945486000184,20.8966971137502,0.0 -101.945505049814,20.8966983853196,0.0 -101.945524098657,20.8966996672698,0.0 -101.945543146716,20.8967009594655,0.0 -101.945562193997,20.8967022617715,0.0 -101.945581240502,20.8967035740525,0.0 -101.945600286237,20.8967048961734,0.0 -101.945619331207,20.8967062279989,0.0 -101.945638375417,20.8967075693938,0.0 -101.945657418873,20.8967089202229,0.0 -101.945676461579,20.8967102803511,0.0 -101.945695503542,20.8967116496431,0.0 -101.945714544768,20.896713027964,0.0 -101.945733585263,20.8967144151784,0.0 -101.945752625033,20.8967158111514,0.0 -101.945771664086,20.8967172157478,0.0 -101.945790702428,20.8967186288325,0.0 -101.945809740066,20.8967200502704,0.0 -101.945828777008,20.8967214799265,0.0 -101.945847813261,20.8967229176657,0.0 -101.945866848833,20.8967243633529,0.0 -101.945885883731,20.8967258168532,0.0 -101.945904917965,20.8967272780316,0.0 -101.945923951541,20.896728746753,0.0 -101.945942984469,20.8967302228824,0.0 -101.945962016757,20.896731706285,0.0 -101.945981048414,20.8967331968256,0.0 -101.946000079449,20.8967346943694,0.0 -101.946019109871,20.8967361987814,0.0 -101.946038139689,20.8967377099266,0.0 -101.946057168913,20.8967392276703,0.0 -101.946076197553,20.8967407518775,0.0 -101.946095225618,20.8967422824132,0.0 -101.946114253118,20.8967438191426,0.0 -101.946133280063,20.8967453619309,0.0 -101.946152306464,20.8967469106431,0.0 -101.946171332331,20.8967484651445,0.0 -101.946190357674,20.8967500253002,0.0 -101.946209382504,20.8967515909753,0.0 -101.946228406832,20.8967531620351,0.0 -101.946247430669,20.8967547383447,0.0 -101.946266454026,20.8967563197694,0.0 -101.946285476913,20.8967579061744,0.0 -101.946304499343,20.8967594974248,0.0 -101.946323521326,20.896761093386,0.0 -101.946342542874,20.8967626939231,0.0 -101.946361563999,20.8967642989015,0.0 -101.946380584713,20.8967659081863,0.0 -101.946399605026,20.8967675216429,0.0 -101.946418624952,20.8967691391365,0.0 -101.946437644503,20.8967707605324,0.0 -101.946456663689,20.896772385696,0.0 -101.946475682525,20.8967740144924,0.0 -101.946494701021,20.896775646787,0.0 -101.94651371919,20.8967772824452,0.0 -101.946532737045,20.8967789213322,0.0 -101.946551754598,20.8967805633134,0.0 -101.946570771863,20.8967822082541,0.0 -101.94658978885,20.8967838560197,0.0 -101.946608805575,20.8967855064755,0.0 -101.946627822048,20.8967871594868,0.0 -101.946646838283,20.896788814919,0.0 -101.946665854293,20.8967904726375,0.0 -101.946684870092,20.8967921325076,0.0 -101.946703885691,20.8967937943948,0.0 -101.946722901104,20.8967954581643,0.0 -101.946741916345,20.8967971236816,0.0 -101.946760931426,20.896798790812,0.0 -101.946779946361,20.896800459421,0.0 -101.946798961162,20.8968021293739,0.0 -101.946817975844,20.8968038005361,0.0 -101.946836990419,20.896805472773,0.0 -101.946856004902,20.8968071459501,0.0 -101.946875019304,20.8968088199326,0.0 -101.94689403364,20.8968104945861,0.0 -101.946913047923,20.8968121697759,0.0 -101.946932062166,20.8968138453674,0.0 -101.946951076384,20.896815521226,0.0 -101.946970090588,20.8968171972171,0.0 -101.969221305426,20.8987770774474,0.0 -101.969240326308,20.898778751536,0.0 -101.969259347201,20.898780425527,0.0 -101.969278368114,20.8987820993247,0.0 -101.969297389056,20.8987837728336,0.0 -101.969316410037,20.8987854459581,0.0 -101.969335431066,20.8987871186027,0.0 -101.969354452153,20.8987887906717,0.0 -101.969373473308,20.8987904620695,0.0 -101.969392494539,20.8987921327006,0.0 -101.969411515856,20.8987938024694,0.0 -101.969430537269,20.8987954712803,0.0 -101.969449558788,20.8987971390377,0.0 -101.96946858042,20.8987988056461,0.0 -101.969487602177,20.8988004710097,0.0 -101.969506624067,20.8988021350331,0.0 -101.9695256461,20.8988037976207,0.0 -101.969544668285,20.8988054586768,0.0 -101.969563690631,20.8988071181058,0.0 -101.969582713147,20.8988087758122,0.0 -101.969601735844,20.8988104317003,0.0 -101.969620758729,20.8988120856745,0.0 -101.969639781813,20.8988137376393,0.0 -101.969658805104,20.8988153874989,0.0 -101.969677828612,20.8988170351579,0.0 -101.969696852345,20.8988186805205,0.0 -101.969715876313,20.8988203234911,0.0 -101.969734900525,20.8988219639742,0.0 -101.969753924989,20.8988236018741,0.0 -101.969772949714,20.8988252370951,0.0 -101.96979197471,20.8988268695416,0.0 -101.969810999985,20.898828499118,0.0 -101.969830025548,20.8988301257287,0.0 -101.969849051408,20.8988317492779,0.0 -101.969868077572,20.89883336967,0.0 -101.969887104051,20.8988349868094,0.0 -101.969906130852,20.8988366006004,0.0 -101.969925157984,20.8988382109474,0.0 -101.969944185456,20.8988398177546,0.0 -101.969963213275,20.8988414209263,0.0 -101.96998224145,20.898843020367,0.0 -101.97000126999,20.8988446159809,0.0 -101.970020298902,20.8988462076722,0.0 -101.970039328195,20.8988477953454,0.0 -101.970058357876,20.8988493789047,0.0 -101.970077387954,20.8988509582545,0.0 -101.970096418437,20.8988525332988,0.0 -101.970115449332,20.8988541039422,0.0 -101.970134480647,20.8988556700888,0.0 -101.970153512391,20.8988572316428,0.0 -101.970172544569,20.8988587885087,0.0 -101.970191577191,20.8988603405905,0.0 -101.970210610262,20.8988618877926,0.0 -101.970229643792,20.8988634300192,0.0 -101.970248677787,20.8988649671746,0.0 -101.970267712254,20.8988664991628,0.0 -101.9702867472,20.8988680258883,0.0 -101.970305782633,20.8988695472552,0.0 -101.970324818559,20.8988710631676,0.0 -101.970343854985,20.8988725735299,0.0 -101.970362891918,20.8988740782462,0.0 -101.970381929364,20.8988755772206,0.0 -101.97040096733,20.8988770703574,0.0 -101.970420005823,20.8988785575608,0.0 -101.970439044848,20.8988800387348,0.0 -101.970458084412,20.8988815137837,0.0 -101.970477124522,20.8988829826116,0.0 -101.970496165183,20.8988844451226,0.0 -101.9705152064,20.898885901221,0.0 -101.970534248181,20.8988873508107,0.0 -101.97055329053,20.898888793796,0.0 -101.970572333453,20.8988902300808,0.0 -101.970591376956,20.8988916595695,0.0 -101.970610421043,20.898893082166,0.0 -101.970629465721,20.8988944977744,0.0 -101.970648510994,20.8988959062988,0.0 -101.970667556868,20.8988973076433,0.0 -101.970686603346,20.898898701712,0.0 -101.970705650435,20.8989000884088,0.0 -101.970724698137,20.898901467638,0.0 -101.970743746459,20.8989028393034,0.0 -101.970762795404,20.8989042033091,0.0 -101.970781844977,20.8989055595592,0.0 -101.970800895181,20.8989069079577,0.0 -101.970819946021,20.8989082484085,0.0 -101.970838997501,20.8989095808158,0.0 -101.970858049623,20.8989109050834,0.0 -101.970877102393,20.8989122211153,0.0 -101.970896155812,20.8989135288157,0.0 -101.970915209885,20.8989148280883,0.0 -101.970934264614,20.8989161188372,0.0 -101.970953320003,20.8989174009663,0.0 -101.970972376053,20.8989186743796,0.0 -101.970991432769,20.8989199389809,0.0 -101.972282644685,20.8989848158165,0.0 -101.973575450619,20.8990088099453,0.0 -101.974868384757,20.898991894034,0.0 -101.976159981128,20.8989340871337,0.0 -101.976179045443,20.898932926878,0.0 -101.976198109148,20.8989317578068,0.0 -101.976217172245,20.8989305800162,0.0 -101.976236234737,20.8989293936023,0.0 -101.976255296625,20.898928198661,0.0 -101.976274357914,20.8989269952885,0.0 -101.976293418604,20.8989257835808,0.0 -101.976312478699,20.898924563634,0.0 -101.976331538203,20.898923335544,0.0 -101.976350597117,20.898922099407,0.0 -101.976369655446,20.8989208553189,0.0 -101.976388713192,20.8989196033757,0.0 -101.976407770359,20.8989183436734,0.0 -101.976426826951,20.8989170763081,0.0 -101.976445882972,20.8989158013757,0.0 -101.976464938425,20.8989145189722,0.0 -101.976483993315,20.8989132291936,0.0 -101.976503047645,20.8989119321358,0.0 -101.97652210142,20.8989106278948,0.0 -101.976541154644,20.8989093165666,0.0 -101.976560207322,20.898907998247,0.0 -101.976579259458,20.8989066730322,0.0 -101.976598311058,20.8989053410178,0.0 -101.976617362126,20.8989040023,0.0 -101.976636412666,20.8989026569746,0.0 -101.976655462685,20.8989013051375,0.0 -101.976674512187,20.8988999468847,0.0 -101.976693561178,20.8988985823119,0.0 -101.976712609662,20.8988972115152,0.0 -101.976731657647,20.8988958345903,0.0 -101.976750705136,20.8988944516333,0.0 -101.976769752137,20.8988930627398,0.0 -101.976788798654,20.8988916680059,0.0 -101.976807844694,20.8988902675273,0.0 -101.976826890263,20.8988888613998,0.0 -101.976845935367,20.8988874497195,0.0 -101.976864980012,20.898886032582,0.0 -101.976884024204,20.8988846100832,0.0 -101.976903067951,20.898883182319,0.0 -101.976922111257,20.8988817493851,0.0 -101.976941154131,20.8988803113773,0.0 -101.976960196579,20.8988788683915,0.0 -101.976979238606,20.8988774205235,0.0 -101.976998280222,20.898875967869,0.0 -101.977017321431,20.8988745105238,0.0 -101.977036362241,20.8988730485838,0.0 -101.97705540266,20.8988715821447,0.0 -101.977074442695,20.8988701113022,0.0 -101.977093482352,20.8988686361521,0.0 -101.977112521639,20.8988671567902,0.0 -101.977131560564,20.8988656733123,0.0 -101.977150599133,20.898864185814,0.0 -101.977169637355,20.8988626943912,0.0 -101.977188675237,20.8988611991395,0.0 -101.977207712786,20.8988597001547,0.0 -101.977226750011,20.8988581975325,0.0 -101.977245786919,20.8988566913687,0.0 -101.977264823518,20.898855181759,0.0 -101.977283859816,20.898853668799,0.0 -101.977302895821,20.8988521525845,0.0 -101.977321931541,20.8988506332112,0.0 -101.977340966984,20.8988491107748,0.0 -101.977360002157,20.898847585371,0.0 -101.97737903707,20.8988460570954,0.0 -101.977398071731,20.8988445260438,0.0 -101.977417106147,20.8988429923119,0.0 -101.977436140327,20.8988414559953,0.0 -101.97745517428,20.8988399171898,0.0 -101.977474208014,20.8988383759909,0.0 -101.977493241537,20.8988368324944,0.0 -101.977512274857,20.8988352867959,0.0 -101.977531307984,20.8988337389911,0.0 -101.977550340925,20.8988321891757,0.0 -101.97756937369,20.8988306374453,0.0 -101.977588406287,20.8988290838955,0.0 -101.977607438725,20.8988275286221,0.0 -101.977626471012,20.8988259717207,0.0 -101.977645503157,20.8988244132869,0.0 -101.977664535169,20.8988228534163,0.0 -101.977683567057,20.8988212922047,0.0 -101.977702598829,20.8988197297477,0.0 -101.977721630494,20.8988181661409,0.0 -101.977740662061,20.8988166014799,0.0 -101.977759693539,20.8988150358604,0.0 -101.977778724936,20.898813469378,0.0 -101.977797756262,20.8988119021284,0.0 -101.977816787526,20.8988103342072,0.0 -101.977835818736,20.89880876571,0.0 -101.977854849901,20.8988071967325,0.0 -101.97787388103,20.8988056273703,0.0 -101.977892912133,20.8988040577191,0.0 -101.977911943217,20.8988024878743,0.0 -101.977930974293,20.8988009179318,0.0 -102.042986214638,20.8934214719209,0.0 -102.043005190073,20.8934198990996,0.0 -102.0430241655,20.8934183261787,0.0 -102.043043140907,20.8934167530608,0.0 -102.043062116287,20.8934151796484,0.0 -102.043081091631,20.8934136058441,0.0 -102.043100066928,20.8934120315505,0.0 -102.043119042171,20.8934104566701,0.0 -102.043138017349,20.8934088811056,0.0 -102.043156992454,20.8934073047593,0.0 -102.043175967476,20.893405727534,0.0 -102.043194942407,20.8934041493323,0.0 -102.043213917236,20.8934025700566,0.0 -102.043232891955,20.8934009896095,0.0 -102.043251866554,20.8933994078937,0.0 -102.043270841025,20.8933978248117,0.0 -102.043289815357,20.893396240266,0.0 -102.043308789541,20.8933946541593,0.0 -102.043327763569,20.8933930663942,0.0 -102.04334673743,20.8933914768732,0.0 -102.043365711115,20.8933898854989,0.0 -102.043384684615,20.893388292174,0.0 -102.043403657921,20.8933866968009,0.0 -102.043422631022,20.8933850992823,0.0 -102.043441603909,20.8933834995209,0.0 -102.043460576572,20.8933818974191,0.0 -102.043479549002,20.8933802928797,0.0 -102.04349852119,20.8933786858052,0.0 -102.043517493125,20.8933770760982,0.0 -102.043536464797,20.8933754636614,0.0 -102.043555436197,20.8933738483973,0.0 -102.043574407315,20.8933722302087,0.0 -102.043593378141,20.8933706089981,0.0 -102.043612348665,20.8933689846681,0.0 -102.043631318876,20.8933673571215,0.0 -102.043650288766,20.8933657262609,0.0 -102.043669258323,20.8933640919888,0.0 -102.043688227538,20.893362454208,0.0 -102.043707196399,20.8933608128212,0.0 -102.043726164898,20.8933591677309,0.0 -102.043745133023,20.8933575188399,0.0 -102.043764100764,20.8933558660508,0.0 -102.04378306811,20.8933542092664,0.0 -102.043802035051,20.8933525483893,0.0 -102.043821001576,20.8933508833222,0.0 -102.043839967674,20.8933492139678,0.0 -102.043858933335,20.8933475402289,0.0 -102.043877898547,20.8933458620081,0.0 -102.0438968633,20.8933441792081,0.0 -102.043915827583,20.8933424917318,0.0 -102.043934791384,20.8933407994818,0.0 -102.043953754692,20.8933391023609,0.0 -102.043972717496,20.8933374002719,0.0 -102.043991679784,20.8933356931174,0.0 -102.044010641546,20.8933339808004,0.0 -102.044029602768,20.8933322632235,0.0 -102.044048563441,20.8933305402896,0.0 -102.044067523551,20.8933288119014,0.0 -102.044086483088,20.8933270779617,0.0 -102.044105442038,20.8933253383735,0.0 -102.044124400391,20.8933235930394,0.0 -102.044143358134,20.8933218418624,0.0 -102.044162315254,20.8933200847453,0.0 -102.04418127174,20.8933183215909,0.0 -102.044200227578,20.8933165523021,0.0 -102.044219182757,20.8933147767818,0.0 -102.044238137264,20.8933129949329,0.0 -102.044257091085,20.8933112066582,0.0 -102.044276044208,20.8933094118607,0.0 -102.04429499662,20.8933076104434,0.0 -102.044313948307,20.8933058023091,0.0 -102.044332899258,20.8933039873607,0.0 -102.044351849457,20.8933021655013,0.0 -102.044370798892,20.8933003366339,0.0 -102.044389747549,20.8932985006613,0.0 -102.044408695414,20.8932966574866,0.0 -102.044427642474,20.8932948070129,0.0 -102.044446588714,20.893292949143,0.0 -102.044465534121,20.8932910837802,0.0 -102.044484478679,20.8932892108274,0.0 -102.044503422376,20.8932873301876,0.0 -102.044522365195,20.8932854417641,0.0 -102.044541307123,20.8932835454598,0.0 -102.044560248145,20.8932816411779,0.0 -102.044579188246,20.8932797288215,0.0 -102.04459812741,20.8932778082938,0.0 -102.044617065623,20.8932758794979,0.0 -102.04463600287,20.893273942337,0.0 -102.044654939133,20.8932719967142,0.0 -102.0446738744,20.8932700425329,0.0 -102.044692808652,20.8932680796962,0.0 -102.044711741874,20.8932661081073,0.0 -102.044730674051,20.8932641276696,0.0 -102.044749605166,20.8932621382863,0.0 -102.044768535203,20.8932601398606,0.0 -102.044787464144,20.8932581322961,0.0 -102.044806391974,20.8932561154959,0.0 -102.044825318675,20.8932540893634,0.0 -102.04484424423,20.893252053802,0.0 -102.044863168623,20.8932500087151,0.0 -102.044882091835,20.8932479540061,0.0 -102.04490101385,20.8932458895785,0.0 -102.044919934649,20.8932438153357,0.0 -102.044938854215,20.8932417311812,0.0 -102.044957772529,20.8932396370185,0.0 -102.044976689574,20.8932375327512,0.0 -102.044995605331,20.8932354182827,0.0 -102.045014519781,20.8932332935167,0.0 -102.045033432905,20.8932311583567,0.0 -102.045052344685,20.8932290127064,0.0 -102.045071255102,20.8932268564694,0.0 -102.045090164136,20.8932246895494,0.0 -102.045109071768,20.8932225118501,0.0 -102.045127977977,20.8932203232752,0.0 -102.045146882745,20.8932181237285,0.0 -102.045165786051,20.8932159131136,0.0 -102.045184687875,20.8932136913345,0.0 -102.045203588196,20.893211458295,0.0 -102.045222486994,20.8932092138988,0.0 -102.045241384247,20.8932069580499,0.0 -102.045260279936,20.8932046906522,0.0 -102.045279174038,20.8932024116097,0.0 -102.046265330113,20.8930668129219,0.0 -102.047245904177,20.8928992367176,0.0 -102.04821972224,20.8926998835525,0.0 -102.049185618408,20.8924689920281,0.0 -102.050142436279,20.8922068385056,0.0 -102.051089030334,20.8919137367749,0.0 -102.052024267308,20.8915900376787,0.0 -102.052947027549,20.8912361286923,0.0 -102.053856206362,20.8908524334587,0.0 -102.054750715329,20.8904394112817,0.0 -102.05562948362,20.889997556575,0.0 -102.05649145927,20.8895273982697,0.0 -102.057335610447,20.8890294991805,0.0 -102.058160926682,20.8885044553312,0.0 -102.058966420082,20.8879528952401,0.0 -102.059751126517,20.8873754791672,0.0 -102.060514106768,20.8867728983224,0.0 -102.06125444766,20.8861458740373,0.0 -102.06197126315,20.8854951569007,0.0 -102.062663695388,20.8848215258593,0.0 -102.063330915749,20.8841257872837,0.0 -102.063972125819,20.8834087740022,0.0 -102.063984122291,20.8833948688114,0.0 -102.063996109057,20.8833809562299,0.0 -102.064008086193,20.8833670363252,0.0 -102.064020053773,20.8833531091647,0.0 -102.064032011875,20.8833391748157,0.0 -102.064043960575,20.883325233345,0.0 -102.064055899948,20.8833112848198,0.0 -102.064067830072,20.8832973293066,0.0 -102.064079751022,20.8832833668723,0.0 -102.064091662876,20.8832693975831,0.0 -102.06410356571,20.8832554215056,0.0 -102.064115459602,20.883241438706,0.0 -102.064127344627,20.8832274492502,0.0 -102.064139220864,20.8832134532044,0.0 -102.06415108839,20.8831994506342,0.0 -102.064162947282,20.8831854416054,0.0 -102.064174797617,20.8831714261835,0.0 -102.064186639473,20.883157404434,0.0 -102.064198472929,20.8831433764221,0.0 -102.064210298061,20.8831293422131,0.0 -102.064222114948,20.8831153018719,0.0 -102.064233923668,20.8831012554635,0.0 -102.064245724298,20.8830872030527,0.0 -102.064257516918,20.8830731447042,0.0 -102.064269301606,20.8830590804824,0.0 -102.06428107844,20.8830450104519,0.0 -102.064292847498,20.8830309346769,0.0 -102.06430460886,20.8830168532216,0.0 -102.064316362605,20.8830027661502,0.0 -102.06432810881,20.8829886735265,0.0 -102.064339847555,20.8829745754144,0.0 -102.06435157892,20.8829604718776,0.0 -102.064363302983,20.8829463629798,0.0 -102.064375019824,20.8829322487844,0.0 -102.064386729522,20.8829181293549,0.0 -102.064398432157,20.8829040047546,0.0 -102.064410127808,20.8828898750466,0.0 -102.064421816555,20.8828757402939,0.0 -102.064433498477,20.8828616005597,0.0 -102.064445173654,20.8828474559066,0.0 -102.064456842167,20.8828333063976,0.0 -102.064468504096,20.8828191520952,0.0 -102.064480159519,20.882804993062,0.0 -102.064491808518,20.8827908293604,0.0 -102.064503451174,20.8827766610529,0.0 -102.064515087565,20.8827624882017,0.0 -102.064526717773,20.882748310869,0.0 -102.064538341878,20.8827341291168,0.0 -102.064549959961,20.8827199430071,0.0 -102.064561572102,20.8827057526018,0.0 -102.064573178382,20.8826915579628,0.0 -102.064584778882,20.8826773591516,0.0 -102.064596373683,20.88266315623,0.0 -102.064607962866,20.8826489492594,0.0 -102.064619546511,20.8826347383014,0.0 -102.0646311247,20.8826205234172,0.0 -102.064642697514,20.8826063046682,0.0 -102.064654265035,20.8825920821156,0.0 -102.064665827343,20.8825778558204,0.0 -102.06467738452,20.8825636258437,0.0 -102.064688936647,20.8825493922465,0.0 -102.064700483806,20.8825351550896,0.0 -102.064712026079,20.8825209144338,0.0 -102.064723563546,20.8825066703399,0.0 -102.06473509629,20.8824924228686,0.0 -102.064746624393,20.8824781720803,0.0 -102.064758147936,20.8824639180357,0.0 -102.064769667,20.8824496607951,0.0 -102.064781181669,20.882435400419,0.0 -102.064792692024,20.8824211369676,0.0 -102.064804198147,20.8824068705012,0.0 -102.064815700119,20.8823926010799,0.0 -102.064827198024,20.8823783287639,0.0 -102.064838691943,20.8823640536132,0.0 -102.064850181959,20.8823497756877,0.0 -102.064861668153,20.8823354950475,0.0 -102.064873150609,20.8823212117524,0.0 -102.064884629408,20.8823069258622,0.0 -102.064896104633,20.8822926374367,0.0 -102.064907576366,20.8822783465355,0.0 -102.064919044691,20.8822640532183,0.0 -102.064930509688,20.8822497575446,0.0 -102.064941971442,20.8822354595742,0.0 -102.064953430034,20.8822211593663,0.0 -102.064964885547,20.8822068569805,0.0 -102.064976338065,20.8821925524762,0.0 -102.064987787669,20.8821782459127,0.0 -102.064999234442,20.8821639373493,0.0 -102.065010678468,20.8821496268453,0.0 -102.065022119829,20.8821353144599,0.0 -102.065033558608,20.8821210002523,0.0 -102.065044994888,20.8821066842816,0.0 -102.065056428752,20.8820923666069,0.0 -102.065067860282,20.8820780472874,0.0 -102.065079289562,20.8820637263819,0.0 -102.065090716675,20.8820494039495,0.0 -102.065102141704,20.8820350800492,0.0 -102.065113564732,20.8820207547399,0.0 -102.065124985842,20.8820064280805,0.0 -102.065136405117,20.8819921001298,0.0 -102.06514782264,20.8819777709468,0.0 -102.065159238495,20.8819634405901,0.0 -102.065170652765,20.8819491091187,0.0 -102.065182065532,20.8819347765912,0.0 -102.065193476881,20.8819204430664,0.0 -102.065204886893,20.881906108603,0.0 -102.065216295654,20.8818917732597,0.0 -102.065227703245,20.8818774370952,0.0 -102.06523910975,20.8818631001682,0.0 -102.065250515253,20.8818487625372,0.0 -102.065261919837,20.881834424261,0.0 -102.065273323585,20.881820085398,0.0 -102.06528472658,20.881805746007,0.0 -102.065296128906,20.8817914061466,0.0 -102.065307530646,20.8817770658752,0.0 -102.065318931884,20.8817627252515,0.0 -102.065330332702,20.881748384334,0.0 -102.065341733185,20.8817340431813,0.0 -102.065353133415,20.8817197018519,0.0 -102.065364533476,20.8817053604044,0.0 -102.065375933452,20.8816910188973,0.0 -102.081872560079,20.8609336805929,0.0 -102.081883989959,20.8609192957936,0.0 -102.081895419756,20.8609049109358,0.0 -102.081906849386,20.860890525962,0.0 -102.081918278769,20.8608761408149,0.0 -102.081929707822,20.8608617554369,0.0 -102.081941136464,20.8608473697706,0.0 -102.081952564613,20.8608329837587,0.0 -102.081963992186,20.8608185973436,0.0 -102.081975419102,20.860804210468,0.0 -102.08198684528,20.8607898230745,0.0 -102.081998270636,20.8607754351056,0.0 -102.08200969509,20.860761046504,0.0 -102.082021118559,20.8607466572123,0.0 -102.082032540962,20.8607322671732,0.0 -102.082043962216,20.8607178763293,0.0 -102.08205538224,20.8607034846233,0.0 -102.082066800952,20.8606890919979,0.0 -102.08207821827,20.8606746983958,0.0 -102.082089634111,20.8606603037598,0.0 -102.082101048394,20.8606459080326,0.0 -102.082112461036,20.860631511157,0.0 -102.082123871957,20.8606171130759,0.0 -102.082135281072,20.860602713732,0.0 -102.082146688302,20.8605883130681,0.0 -102.082158093563,20.8605739110273,0.0 -102.082169496773,20.8605595075525,0.0 -102.08218089785,20.8605451025865,0.0 -102.082192296712,20.8605306960724,0.0 -102.082203693277,20.8605162879531,0.0 -102.082215087462,20.8605018781718,0.0 -102.082226479186,20.8604874666716,0.0 -102.082237868366,20.8604730533954,0.0 -102.082249254919,20.8604586382866,0.0 -102.082260638763,20.8604442212883,0.0 -102.082272019817,20.8604298023438,0.0 -102.082283397997,20.8604153813963,0.0 -102.082294773221,20.8604009583892,0.0 -102.082306145406,20.8603865332658,0.0 -102.082317514471,20.8603721059696,0.0 -102.082328880332,20.8603576764441,0.0 -102.082340242906,20.8603432446327,0.0 -102.082351602112,20.860328810479,0.0 -102.082362957867,20.8603143739267,0.0 -102.082374310087,20.8602999349194,0.0 -102.082385658691,20.8602854934008,0.0 -102.082397003595,20.8602710493147,0.0 -102.082408344716,20.8602566026049,0.0 -102.082419681972,20.8602421532154,0.0 -102.082431015279,20.8602277010901,0.0 -102.082442344555,20.860213246173,0.0 -102.082453669716,20.8601987884081,0.0 -102.08246499068,20.8601843277396,0.0 -102.082476307364,20.8601698641116,0.0 -102.082487619683,20.8601553974686,0.0 -102.082498927556,20.8601409277547,0.0 -102.082510230898,20.8601264549143,0.0 -102.082521529627,20.860111978892,0.0 -102.082532823659,20.8600974996322,0.0 -102.08254411291,20.8600830170796,0.0 -102.082555397298,20.8600685311788,0.0 -102.082566676737,20.8600540418746,0.0 -102.082577951146,20.8600395491117,0.0 -102.08258922044,20.8600250528352,0.0 -102.082600484535,20.86001055299,0.0 -102.082611743349,20.8599960495211,0.0 -102.082622996796,20.8599815423737,0.0 -102.082634244792,20.8599670314929,0.0 -102.082645487255,20.8599525168242,0.0 -102.0826567241,20.8599379983128,0.0 -102.082667955243,20.8599234759043,0.0 -102.082679180599,20.8599089495441,0.0 -102.082690400085,20.859894419178,0.0 -102.082701613616,20.8598798847517,0.0 -102.082712821107,20.859865346211,0.0 -102.082724022475,20.8598508035018,0.0 -102.082735217635,20.8598362565701,0.0 -102.082746406502,20.859821705362,0.0 -102.082757588991,20.8598071498237,0.0 -102.082768765018,20.8597925899016,0.0 -102.082779934498,20.8597780255419,0.0 -102.082791097347,20.8597634566913,0.0 -102.082802253478,20.8597488832962,0.0 -102.082813402808,20.8597343053034,0.0 -102.082824545251,20.8597197226597,0.0 -102.082835680722,20.859705135312,0.0 -102.082846809135,20.8596905432073,0.0 -102.082857930406,20.8596759462927,0.0 -102.082869044448,20.8596613445155,0.0 -102.082880151177,20.8596467378229,0.0 -102.082891250507,20.8596321261624,0.0 -102.082902342351,20.8596175094816,0.0 -102.082913426625,20.8596028877282,0.0 -102.082924503243,20.8595882608499,0.0 -102.083545099618,20.8587431213565,0.0 -102.084139865096,20.8578817297465,0.0 -102.084150030709,20.8578665296885,0.0 -102.084160188364,20.8578513249307,0.0 -102.084170338144,20.8578361155277,0.0 -102.084180480133,20.857820901534,0.0 -102.084190614416,20.8578056830041,0.0 -102.084200741077,20.8577904599925,0.0 -102.0842108602,20.8577752325532,0.0 -102.084220971869,20.8577600007405,0.0 -102.08423107617,20.8577447646083,0.0 -102.084241173187,20.8577295242106,0.0 -102.084251263004,20.8577142796011,0.0 -102.084261345707,20.8576990308335,0.0 -102.08427142138,20.8576837779614,0.0 -102.084281490108,20.8576685210383,0.0 -102.084291551976,20.8576532601176,0.0 -102.084301607069,20.8576379952524,0.0 -102.084311655473,20.8576227264961,0.0 -102.084321697271,20.8576074539015,0.0 -102.084331732551,20.8575921775218,0.0 -102.084341761396,20.8575768974097,0.0 -102.084351783893,20.8575616136181,0.0 -102.084361800126,20.8575463261995,0.0 -102.084371810182,20.8575310352067,0.0 -102.084381814145,20.8575157406921,0.0 -102.084391812102,20.857500442708,0.0 -102.084401804139,20.8574851413069,0.0 -102.08441179034,20.8574698365409,0.0 -102.084421770792,20.857454528462,0.0 -102.08443174558,20.8574392171225,0.0 -102.084441714791,20.8574239025743,0.0 -102.084451678511,20.8574085848691,0.0 -102.084461636825,20.8573932640589,0.0 -102.08447158982,20.8573779401953,0.0 -102.084481537581,20.85736261333,0.0 -102.084491480195,20.8573472835145,0.0 -102.084501417749,20.8573319508003,0.0 -102.084511350327,20.8573166152388,0.0 -102.084521278018,20.8573012768813,0.0 -102.084531200907,20.8572859357791,0.0 -102.08454111908,20.8572705919833,0.0 -102.084551032625,20.8572552455451,0.0 -102.084560941627,20.8572398965156,0.0 -102.084570846173,20.8572245449456,0.0 -102.08458074635,20.8572091908861,0.0 -102.084590642245,20.8571938343879,0.0 -102.084600533944,20.8571784755018,0.0 -102.084610421533,20.8571631142785,0.0 -102.0846203051,20.8571477507687,0.0 -102.084630184732,20.857132385023,0.0 -102.084640060515,20.8571170170918,0.0 -102.084649932536,20.8571016470257,0.0 -102.084659800883,20.857086274875,0.0 -102.084669665641,20.8570709006902,0.0 -102.084679526899,20.8570555245215,0.0 -102.084689384743,20.8570401464192,0.0 -102.08469923926,20.8570247664335,0.0 -102.084709090537,20.8570093846145,0.0 -102.084718938662,20.8569940010124,0.0 -102.084728783721,20.8569786156772,0.0 -102.084738625802,20.8569632286589,0.0 -102.084748464993,20.8569478400075,0.0 -102.084758301379,20.8569324497729,0.0 -102.084768135049,20.8569170580049,0.0 -102.08477796609,20.8569016647535,0.0 -102.084787794589,20.8568862700684,0.0 -102.084797620634,20.8568708739994,0.0 -102.084807444311,20.8568554765962,0.0 -102.084817265709,20.8568400779085,0.0 -102.084827084915,20.8568246779859,0.0 -102.084836902015,20.8568092768781,0.0 -102.084846717099,20.8567938746346,0.0 -102.084856530252,20.8567784713051,0.0 -102.084866341563,20.856763066939,0.0 -102.084876151119,20.8567476615858,0.0 -102.084885959008,20.8567322552951,0.0 -102.084895765317,20.8567168481162,0.0 -102.084905570134,20.8567014400986,0.0 -102.084915373546,20.8566860312917,0.0 -102.084925175641,20.8566706217449,0.0 -102.084934976507,20.8566552115076,0.0 -102.084944776231,20.856639800629,0.0 -102.0849545749,20.8566243891585,0.0 -102.084964372603,20.8566089771455,0.0 -102.084974169427,20.8565935646392,0.0 -102.08498396546,20.8565781516889,0.0 -102.084993760789,20.8565627383439,0.0 -102.085003555503,20.8565473246534,0.0 -102.085013349688,20.8565319106667,0.0 -102.085023143432,20.8565164964331,0.0 -102.085032936823,20.8565010820017,0.0 -102.08504272995,20.8564856674218,0.0 -102.085052522899,20.8564702527426,0.0 -102.085062315757,20.8564548380134,0.0 -102.090673763535,20.8476212727736,0.0 -102.090683526736,20.847605902335,0.0 -102.090693290025,20.8475905319458,0.0 -102.09070305349,20.847575161656,0.0 -102.090712817222,20.8475597915158,0.0 -102.090722581308,20.8475444215755,0.0 -102.090732345839,20.8475290518851,0.0 -102.090742110904,20.8475136824948,0.0 -102.090751876592,20.8474983134548,0.0 -102.090761642993,20.8474829448153,0.0 -102.090771410196,20.8474675766265,0.0 -102.090781178289,20.8474522089386,0.0 -102.090790947364,20.8474368418018,0.0 -102.090800717508,20.8474214752664,0.0 -102.090810488811,20.8474061093825,0.0 -102.090820261362,20.8473907442006,0.0 -102.090830035251,20.8473753797708,0.0 -102.090839810566,20.8473600161435,0.0 -102.090849587398,20.8473446533691,0.0 -102.090859365835,20.8473292914978,0.0 -102.090869145966,20.8473139305801,0.0 -102.090878927881,20.8472985706664,0.0 -102.090888711668,20.847283211807,0.0 -102.090898497418,20.8472678540526,0.0 -102.090908285218,20.8472524974535,0.0 -102.090918075159,20.8472371420604,0.0 -102.090927867328,20.8472217879236,0.0 -102.090937661816,20.847206435094,0.0 -102.090947458712,20.847191083622,0.0 -102.090957258103,20.8471757335584,0.0 -102.09096706008,20.8471603849539,0.0 -102.090976864731,20.8471450378591,0.0 -102.090986672145,20.847129692325,0.0 -102.090996482411,20.8471143484023,0.0 -102.091006295619,20.8470990061418,0.0 -102.091016111856,20.8470836655946,0.0 -102.091025931211,20.8470683268116,0.0 -102.091035753774,20.8470529898437,0.0 -102.091045579633,20.8470376547421,0.0 -102.091055408878,20.8470223215579,0.0 -102.091065241595,20.8470069903422,0.0 -102.091075077875,20.8469916611463,0.0 -102.091084917806,20.8469763340214,0.0 -102.091094761476,20.8469610090189,0.0 -102.091104608975,20.8469456861901,0.0 -102.091114460389,20.8469303655864,0.0 -102.091124315809,20.8469150472595,0.0 -102.091134175322,20.8468997312609,0.0 -102.091144039017,20.8468844176421,0.0 -102.091153906983,20.846869106455,0.0 -102.091163779306,20.8468537977512,0.0 -102.091173656076,20.8468384915825,0.0 -102.091183537382,20.846823188001,0.0 -102.09119342331,20.8468078870585,0.0 -102.091203313949,20.8467925888071,0.0 -102.091213209388,20.8467772932988,0.0 -102.091223109714,20.846762000586,0.0 -102.091233015016,20.8467467107207,0.0 -102.091242925381,20.8467314237555,0.0 -102.091252840896,20.8467161397426,0.0 -102.091262761651,20.8467008587345,0.0 -102.091272687733,20.846685580784,0.0 -102.091282619229,20.8466703059435,0.0 -102.091292556227,20.8466550342658,0.0 -102.091302498815,20.8466397658038,0.0 -102.09131244708,20.8466245006104,0.0 -102.091322401109,20.8466092387385,0.0 -102.091332360991,20.8465939802413,0.0 -102.091342326813,20.8465787251718,0.0 -102.091352298661,20.8465634735834,0.0 -102.091362276624,20.8465482255295,0.0 -102.091372260788,20.8465329810634,0.0 -102.09138225124,20.8465177402388,0.0 -102.091392248068,20.8465025031092,0.0 -102.091402251359,20.8464872697284,0.0 -102.091412261199,20.8464720401503,0.0 -102.091422277675,20.8464568144287,0.0 -102.091432300874,20.8464415926178,0.0 -102.091442330884,20.8464263747716,0.0 -102.091452367789,20.8464111609444,0.0 -102.091462411678,20.8463959511905,0.0 -102.091472462636,20.8463807455645,0.0 -102.091482520751,20.8463655441209,0.0 -102.091492586108,20.8463503469143,0.0 -102.091502658793,20.8463351539996,0.0 -102.091512738894,20.8463199654316,0.0 -102.091522826495,20.8463047812654,0.0 -102.091532921684,20.846289601556,0.0 -102.091543024545,20.8462744263588,0.0 -102.091553135166,20.8462592557291,0.0 -102.091563253631,20.8462440897224,0.0 -102.091573380027,20.8462289283942,0.0 -102.091583514439,20.8462137718003,0.0 -102.091593656953,20.8461986199965,0.0 -102.091603807654,20.8461834730388,0.0 -102.091613966628,20.8461683309834,0.0 -102.091624133959,20.8461531938863,0.0 -102.091634309734,20.846138061804,0.0 -102.091644494037,20.8461229347929,0.0 -102.091654686953,20.8461078129096,0.0 -102.091664888568,20.8460926962109,0.0 -102.091675098965,20.8460775847536,0.0 -102.091685318231,20.8460624785947,0.0 -102.091695546449,20.8460473777914,0.0 -102.091705783704,20.846032282401,0.0 -102.09171603008,20.8460171924808,0.0 -102.091726285663,20.8460021080884,0.0 -102.091736550536,20.8459870292814,0.0 -102.091746824783,20.8459719561178,0.0 -102.091757108488,20.8459568886555,0.0 -102.091767401736,20.8459418269525,0.0 -102.09177770461,20.8459267710673,0.0 -102.091788017194,20.8459117210581,0.0 -102.091798339572,20.8458966769835,0.0 -102.091808671827,20.8458816389023,0.0 -102.091819014042,20.8458666068732,0.0 -102.091829366302,20.8458515809554,0.0 -102.091839728688,20.8458365612078,0.0 -102.091850101285,20.84582154769,0.0 -102.091860484176,20.8458065404612,0.0 -102.091870877442,20.8457915395812,0.0 -102.091881281167,20.8457765451097,0.0 -102.092423402976,20.8450236871426,0.0 -102.092992099668,20.8442883594245,0.0 -102.093586730022,20.8435713906357,0.0 -102.094206623619,20.8428735887595,0.0 -102.0948510816,20.8421957401721,0.0 -102.095519377454,20.8415386087579,0.0 -102.096210757837,20.8409029350492,0.0 -102.096924443417,20.8402894353927,0.0 -102.09765962976,20.8396988011435,0.0 -102.098415488229,20.8391316978861,0.0 -102.09919116692,20.8385887646862,0.0 -102.099985791624,20.8380706133706,0.0 -102.100001622402,20.83806066345,0.0 -102.100017460115,20.8380507232881,0.0 -102.100033304698,20.8380407928077,0.0 -102.100049156087,20.8380308719317,0.0 -102.100065014217,20.8380209605827,0.0 -102.100080879024,20.8380110586832,0.0 -102.100096750445,20.8380011661557,0.0 -102.100112628415,20.8379912829226,0.0 -102.100128512872,20.837981408906,0.0 -102.100144403751,20.8379715440282,0.0 -102.100160300991,20.8379616882111,0.0 -102.100176204526,20.8379518413767,0.0 -102.100192114296,20.8379420034468,0.0 -102.100208030236,20.8379321743432,0.0 -102.100223952284,20.8379223539875,0.0 -102.100239880378,20.8379125423011,0.0 -102.100255814456,20.8379027392056,0.0 -102.100271754455,20.8378929446223,0.0 -102.100287700313,20.8378831584725,0.0 -102.100303651968,20.8378733806773,0.0 -102.100319609359,20.8378636111577,0.0 -102.100335572424,20.8378538498349,0.0 -102.100351541102,20.8378440966295,0.0 -102.100367515331,20.8378343514625,0.0 -102.10038349505,20.8378246142545,0.0 -102.100399480198,20.8378148849262,0.0 -102.100415470714,20.8378051633981,0.0 -102.100431466537,20.8377954495906,0.0 -102.100447467608,20.8377857434242,0.0 -102.100463473864,20.837776044819,0.0 -102.100479485246,20.8377663536954,0.0 -102.100495501694,20.8377566699734,0.0 -102.100511523148,20.8377469935731,0.0 -102.100527549547,20.8377373244144,0.0 -102.100543580832,20.8377276624172,0.0 -102.100559616942,20.8377180075013,0.0 -102.100575657819,20.8377083595866,0.0 -102.100591703403,20.8376987185925,0.0 -102.100607753634,20.8376890844387,0.0 -102.100623808453,20.8376794570448,0.0 -102.100639867802,20.83766983633,0.0 -102.10065593162,20.8376602222139,0.0 -102.10067199985,20.8376506146158,0.0 -102.100688072432,20.8376410134547,0.0 -102.100704149307,20.83763141865,0.0 -102.100720230418,20.8376218301206,0.0 -102.100736315705,20.8376122477857,0.0 -102.10075240511,20.8376026715642,0.0 -102.100768498576,20.8375931013749,0.0 -102.100784596043,20.8375835371367,0.0 -102.100800697454,20.8375739787684,0.0 -102.100816802751,20.8375644261887,0.0 -102.100832911875,20.8375548793163,0.0 -102.10084902477,20.8375453380696,0.0 -102.100865141378,20.8375358023673,0.0 -102.100881261641,20.8375262721278,0.0 -102.100897385501,20.8375167472696,0.0 -102.100913512902,20.8375072277109,0.0 -102.100929643785,20.8374977133702,0.0 -102.100945778094,20.8374882041656,0.0 -102.100961915772,20.8374787000153,0.0 -102.100978056762,20.8374692008375,0.0 -102.100994201006,20.8374597065503,0.0 -102.101010348448,20.8374502170717,0.0 -102.101026499032,20.8374407323197,0.0 -102.1010426527,20.8374312522122,0.0 -102.101058809396,20.8374217766671,0.0 -102.101074969063,20.8374123056024,0.0 -102.101091131646,20.8374028389357,0.0 -102.101107297087,20.8373933765849,0.0 -102.10112346533,20.8373839184676,0.0 -102.10113963632,20.8373744645015,0.0 -102.101155809999,20.8373650146043,0.0 -102.101171986313,20.8373555686935,0.0 -102.101188165204,20.8373461266866,0.0 -102.101204346618,20.8373366885012,0.0 -102.101220530498,20.8373272540547,0.0 -102.101236716788,20.8373178232646,0.0 -102.101252905433,20.8373083960482,0.0 -102.101269096377,20.8372989723229,0.0 -102.101285289564,20.837289552006,0.0 -102.101301484939,20.8372801350148,0.0 -102.101317682447,20.8372707212665,0.0 -102.101333882031,20.8372613106784,0.0 -102.101350083637,20.8372519031675,0.0 -102.101366287209,20.8372424986512,0.0 -102.101382492693,20.8372330970464,0.0 -102.101398700032,20.8372236982703,0.0 -102.101414909171,20.83721430224,0.0 -102.101431120057,20.8372049088724,0.0 -102.101447332632,20.8371955180846,0.0 -102.101463546843,20.8371861297936,0.0 -102.101479762634,20.8371767439163,0.0 -102.101495979951,20.8371673603696,0.0 -102.101512198738,20.8371579790705,0.0 -102.10152841894,20.8371485999358,0.0 -102.101544640504,20.8371392228824,0.0 -102.101560863374,20.8371298478272,0.0 -102.101577087495,20.8371204746869,0.0 -102.101593312812,20.8371111033784,0.0 -102.101609539271,20.8371017338184,0.0 -102.101625766818,20.8370923659237,0.0 -102.101641995397,20.8370829996111,0.0 -102.101658224954,20.8370736347973,0.0 -102.101674455434,20.8370642713989,0.0 -102.101690686783,20.8370549093328,0.0 -102.101706918947,20.8370455485156,0.0 -102.10172315187,20.837036188864,0.0 -102.101739385498,20.8370268302946,0.0 -102.101755619778,20.8370174727241,0.0 -102.101771854653,20.8370081160692,0.0 -102.101788090071,20.8369987602465,0.0 -102.101804325976,20.8369894051725,0.0 -102.101820562314,20.836980050764,0.0 -102.101836799031,20.8369706969375,0.0 -102.101853036072,20.8369613436096,0.0 -102.101869273384,20.8369519906971,0.0 -102.10188551091,20.8369426381163,0.0 -102.101901748598,20.836933285784,0.0 -102.101917986393,20.8369239336167,0.0 -102.10193422424,20.8369145815311,0.0 -102.125224214481,20.8234979313123,0.0 -102.125240472811,20.8234885633432,0.0 -102.125256731194,20.8234791954554,0.0 -102.125272989682,20.8234698277323,0.0 -102.125289248332,20.8234604602568,0.0 -102.125305507197,20.8234510931124,0.0 -102.12532176633,20.8234417263821,0.0 -102.125338025788,20.8234323601491,0.0 -102.125354285622,20.8234229944967,0.0 -102.125370545889,20.8234136295081,0.0 -102.125386806641,20.8234042652664,0.0 -102.125403067934,20.8233949018549,0.0 -102.125419329821,20.8233855393568,0.0 -102.125435592356,20.8233761778554,0.0 -102.125451855594,20.8233668174339,0.0 -102.125468119588,20.8233574581756,0.0 -102.125484384393,20.8233481001637,0.0 -102.125500650063,20.8233387434815,0.0 -102.125516916651,20.8233293882124,0.0 -102.125533184212,20.8233200344395,0.0 -102.1255494528,20.8233106822464,0.0 -102.125565722468,20.8233013317162,0.0 -102.125581993272,20.8232919829324,0.0 -102.125598265263,20.8232826359784,0.0 -102.125614538497,20.8232732909374,0.0 -102.125630813027,20.823263947893,0.0 -102.125647088907,20.8232546069286,0.0 -102.12566336619,20.8232452681276,0.0 -102.125679644931,20.8232359315735,0.0 -102.125695925183,20.8232265973498,0.0 -102.125712207,20.8232172655401,0.0 -102.125728490435,20.8232079362278,0.0 -102.125744775542,20.8231986094965,0.0 -102.125761062375,20.8231892854299,0.0 -102.125777350986,20.8231799641115,0.0 -102.125793641429,20.8231706456251,0.0 -102.125809933758,20.8231613300542,0.0 -102.125826228026,20.8231520174825,0.0 -102.125842524287,20.823142707994,0.0 -102.125858822592,20.8231334016722,0.0 -102.125875122996,20.8231240986009,0.0 -102.125891425552,20.8231147988641,0.0 -102.125907730312,20.8231055025456,0.0 -102.12592403733,20.8230962097292,0.0 -102.125940346659,20.8230869204989,0.0 -102.125956658351,20.8230776349387,0.0 -102.125972972459,20.8230683531326,0.0 -102.125989289036,20.8230590751645,0.0 -102.126005608135,20.8230498011187,0.0 -102.126021929808,20.8230405310791,0.0 -102.126038254108,20.82303126513,0.0 -102.126054581086,20.8230220033555,0.0 -102.126070910797,20.8230127458399,0.0 -102.126087243291,20.8230034926675,0.0 -102.126103578621,20.8229942439225,0.0 -102.126119916839,20.8229849996894,0.0 -102.126136257998,20.8229757600525,0.0 -102.126152602149,20.8229665250963,0.0 -102.126168949344,20.8229572949053,0.0 -102.126185299635,20.8229480695639,0.0 -102.126201653074,20.822938849157,0.0 -102.126218009712,20.8229296337689,0.0 -102.126234369602,20.8229204234846,0.0 -102.126250732793,20.8229112183885,0.0 -102.126267099339,20.8229020185657,0.0 -102.126283469289,20.8228928241008,0.0 -102.126299842696,20.8228836350789,0.0 -102.126316219611,20.8228744515847,0.0 -102.126332600084,20.8228652737034,0.0 -102.126348984166,20.8228561015199,0.0 -102.126365371908,20.8228469351194,0.0 -102.126381763362,20.822837774587,0.0 -102.126398158576,20.822828620008,0.0 -102.126414557603,20.8228194714675,0.0 -102.127826081306,20.8220624365904,0.0 -102.129264039257,20.8213507441326,0.0 -102.130726784463,20.820685209271,0.0 -102.132212641601,20.820066594321,0.0 -102.133719908939,20.8194956078644,0.0 -102.135246860275,20.8189729039396,0.0 -102.136791746909,20.818499081294,0.0 -102.138352799647,20.8180746826988,0.0 -102.139928230814,20.8177001943285,0.0 -102.141516236303,20.8173760452048,0.0 -102.141534936885,20.8173725420548,0.0 -102.141553638925,20.8173690457923,0.0 -102.141572342399,20.8173655563219,0.0 -102.141591047285,20.8173620735485,0.0 -102.14160975356,20.8173585973769,0.0 -102.141628461202,20.8173551277119,0.0 -102.141647170187,20.8173516644581,0.0 -102.141665880493,20.8173482075204,0.0 -102.141684592098,20.8173447568035,0.0 -102.14170330498,20.817341312212,0.0 -102.141722019116,20.8173378736505,0.0 -102.141740734484,20.8173344410238,0.0 -102.141759451062,20.8173310142365,0.0 -102.141778168829,20.8173275931931,0.0 -102.141796887763,20.8173241777983,0.0 -102.141815607841,20.8173207679566,0.0 -102.141834329044,20.8173173635726,0.0 -102.141853051348,20.8173139645508,0.0 -102.141871774732,20.8173105707957,0.0 -102.141890499176,20.8173071822118,0.0 -102.141909224658,20.8173037987036,0.0 -102.141927951158,20.8173004201756,0.0 -102.141946678653,20.8172970465322,0.0 -102.141965407123,20.8172936776778,0.0 -102.141984136547,20.8172903135169,0.0 -102.142002866905,20.8172869539539,0.0 -102.142021598176,20.8172835988931,0.0 -102.142040330338,20.817280248239,0.0 -102.142059063373,20.8172769018959,0.0 -102.142077797258,20.817273559768,0.0 -102.142096531974,20.8172702217599,0.0 -102.1421152675,20.8172668877758,0.0 -102.142134003817,20.8172635577199,0.0 -102.142152740903,20.8172602314966,0.0 -102.14217147874,20.8172569090103,0.0 -102.142190217306,20.817253590165,0.0 -102.142208956582,20.8172502748652,0.0 -102.142227696547,20.817246963015,0.0 -102.142246437183,20.8172436545187,0.0 -102.142265178469,20.8172403492806,0.0 -102.142283920386,20.8172370472047,0.0 -102.142302662913,20.8172337481955,0.0 -102.142321406031,20.8172304521569,0.0 -102.142340149721,20.8172271589934,0.0 -102.142358893963,20.8172238686089,0.0 -102.142377638737,20.8172205809077,0.0 -102.142396384024,20.817217295794,0.0 -102.142415129805,20.8172140131718,0.0 -102.14243387606,20.8172107329455,0.0 -102.14245262277,20.817207455019,0.0 -102.142471369916,20.8172041792966,0.0 -102.142490117478,20.8172009056823,0.0 -102.142508865438,20.8171976340803,0.0 -102.142527613775,20.8171943643947,0.0 -102.142546362472,20.8171910965296,0.0 -102.142565111508,20.8171878303891,0.0 -102.142583860865,20.8171845658773,0.0 -102.142602610523,20.8171813028983,0.0 -102.142621360465,20.8171780413562,0.0 -102.14264011067,20.817174781155,0.0 -102.142658861119,20.8171715221989,0.0 -102.142677611795,20.8171682643919,0.0 -102.142696362677,20.8171650076382,0.0 -102.142715113747,20.8171617518416,0.0 -102.142733864987,20.8171584969065,0.0 -102.142752616376,20.8171552427367,0.0 -102.142771367897,20.8171519892364,0.0 -102.14279011953,20.8171487363096,0.0 -102.142808871256,20.8171454838603,0.0 -102.142827623058,20.8171422317927,0.0 -102.142846374915,20.8171389800108,0.0 -102.14286512681,20.8171357284187,0.0 -102.142883878722,20.8171324769203,0.0 -102.294076923484,20.7908434852132,0.0 -102.294095490768,20.7908402478553,0.0 -102.29411405807,20.7908370105892,0.0 -102.294132625408,20.7908337735086,0.0 -102.294151192802,20.7908305367075,0.0 -102.294169760268,20.7908273002797,0.0 -102.294188327827,20.790824064319,0.0 -102.294206895496,20.7908208289193,0.0 -102.294225463294,20.7908175941745,0.0 -102.294244031239,20.7908143601784,0.0 -102.29426259935,20.7908111270249,0.0 -102.294281167646,20.7908078948077,0.0 -102.294299736144,20.7908046636209,0.0 -102.294318304863,20.7908014335583,0.0 -102.294336873821,20.7907982047136,0.0 -102.294355443037,20.7907949771809,0.0 -102.294374012529,20.7907917510539,0.0 -102.294392582316,20.7907885264267,0.0 -102.294411152415,20.7907853033929,0.0 -102.294429722845,20.7907820820466,0.0 -102.294448293625,20.7907788624817,0.0 -102.294466864772,20.7907756447919,0.0 -102.294485436304,20.7907724290714,0.0 -102.29450400824,20.7907692154138,0.0 -102.294522580598,20.7907660039133,0.0 -102.294541153396,20.7907627946637,0.0 -102.294559726651,20.7907595877588,0.0 -102.294578300383,20.7907563832928,0.0 -102.294596874608,20.7907531813595,0.0 -102.294615449345,20.7907499820528,0.0 -102.294634024611,20.7907467854668,0.0 -102.294652600425,20.7907435916954,0.0 -102.294671176803,20.7907404008326,0.0 -102.294689753765,20.7907372129723,0.0 -102.294708331327,20.7907340282086,0.0 -102.294726909507,20.7907308466354,0.0 -102.294745488323,20.7907276683468,0.0 -102.294764067791,20.7907244934369,0.0 -102.294782647931,20.7907213219995,0.0 -102.294801228758,20.7907181541288,0.0 -102.29481981029,20.7907149899189,0.0 -102.294838392545,20.7907118294637,0.0 -102.294856975539,20.7907086728574,0.0 -102.294875559291,20.790705520194,0.0 -102.294894143815,20.7907023715677,0.0 -102.294912729131,20.7906992270726,0.0 -102.294931315255,20.7906960868026,0.0 -102.294949902203,20.7906929508521,0.0 -102.294968489992,20.7906898193152,0.0 -102.294987078639,20.7906866922859,0.0 -102.295005668161,20.7906835698585,0.0 -102.295024258574,20.7906804521272,0.0 -102.295042849895,20.7906773391861,0.0 -102.295061442139,20.7906742311294,0.0 -102.295080035324,20.7906711280515,0.0 -102.295098629465,20.7906680300464,0.0 -102.295117224579,20.7906649372085,0.0 -102.295135820681,20.790661849632,0.0 -102.295154417788,20.7906587674113,0.0 -102.295173015916,20.7906556906405,0.0 -102.295191615079,20.790652619414,0.0 -102.295210215294,20.7906495538262,0.0 -102.297133045527,20.7903643407066,0.0 -102.299065023264,20.7901403731802,0.0 -102.301003943984,20.7899779070712,0.0 -102.302947595252,20.7898771280272,0.0 -102.304893759235,20.7898381513064,0.0 -102.306840215221,20.7898610216457,0.0 -102.308784742149,20.7899457132082,0.0 -102.310725121131,20.790092129612,0.0 -102.31265913798,20.7903001040378,0.0 -102.314584585729,20.7905693994184,0.0 -102.316499267136,20.7908997087066,0.0 -102.318400997191,20.7912906552236,0.0 -102.318419374173,20.7912947430934,0.0 -102.318437749754,20.7912988365343,0.0 -102.318456123954,20.791302935453,0.0 -102.318474496796,20.7913070397563,0.0 -102.318492868301,20.7913111493508,0.0 -102.318511238492,20.7913152641433,0.0 -102.318529607389,20.7913193840406,0.0 -102.318547975015,20.7913235089495,0.0 -102.318566341392,20.7913276387768,0.0 -102.318584706542,20.7913317734295,0.0 -102.318603070487,20.7913359128142,0.0 -102.31862143325,20.791340056838,0.0 -102.318639794853,20.7913442054076,0.0 -102.318658155318,20.79134835843,0.0 -102.318676514668,20.7913525158122,0.0 -102.318694872926,20.7913566774611,0.0 -102.318713230115,20.7913608432835,0.0 -102.318731586256,20.7913650131866,0.0 -102.318749941373,20.7913691870773,0.0 -102.318768295489,20.7913733648626,0.0 -102.318786648627,20.7913775464496,0.0 -102.31880500081,20.7913817317452,0.0 -102.31882335206,20.7913859206565,0.0 -102.318841702402,20.7913901130906,0.0 -102.318860051858,20.7913943089546,0.0 -102.318878400451,20.7913985081555,0.0 -102.318896748206,20.7914027106005,0.0 -102.318915095144,20.7914069161966,0.0 -102.318933441291,20.7914111248511,0.0 -102.318951786668,20.791415336471,0.0 -102.3189701313,20.7914195509635,0.0 -102.318988475211,20.7914237682358,0.0 -102.319006818424,20.7914279881951,0.0 -102.319025160962,20.7914322107484,0.0 -102.31904350285,20.7914364358031,0.0 -102.319061844111,20.7914406632663,0.0 -102.319080184769,20.7914448930453,0.0 -102.319098524848,20.7914491250472,0.0 -102.319116864371,20.7914533591793,0.0 -102.319135203364,20.7914575953489,0.0 -102.319153541849,20.7914618334632,0.0 -102.31917187985,20.7914660734294,0.0 -102.319190217393,20.7914703151548,0.0 -102.3192085545,20.7914745585467,0.0 -102.319226891196,20.7914788035124,0.0 -102.319245227505,20.7914830499592,0.0 -102.319263563451,20.7914872977942,0.0 -102.319281899059,20.7914915469249,0.0 -102.319300234352,20.7914957972586,0.0 -102.319318569354,20.7915000487025,0.0 -102.319336904091,20.7915043011639,0.0 -102.319355238586,20.7915085545502,0.0 -102.319373572863,20.7915128087687,0.0 -102.319391906947,20.7915170637267,0.0 -102.319410240862,20.7915213193316,0.0 -102.319428574632,20.7915255754905,0.0 -102.319446908282,20.791529832111,0.0 -102.319465241835,20.7915340891003,0.0 -102.319483575317,20.7915383463657,0.0 -102.319501908752,20.7915426038146,0.0 -102.319520242164,20.7915468613544,0.0 -102.43918729043,20.8192913626686,0.0 -102.439205692337,20.8192956220887,0.0 -102.439224094221,20.8192998815969,0.0 -102.43924249606,20.8193041412829,0.0 -102.439260897829,20.8193084012366,0.0 -102.439279299506,20.8193126615478,0.0 -102.439297701066,20.8193169223065,0.0 -102.439316102486,20.8193211836026,0.0 -102.439334503742,20.8193254455257,0.0 -102.439352904812,20.8193297081659,0.0 -102.43937130567,20.8193339716129,0.0 -102.439389706295,20.8193382359566,0.0 -102.439408106661,20.8193425012869,0.0 -102.439426506746,20.8193467676935,0.0 -102.439444906526,20.8193510352664,0.0 -102.439463305977,20.8193553040953,0.0 -102.439481705076,20.8193595742701,0.0 -102.439500103798,20.8193638458806,0.0 -102.43951850212,20.8193681190167,0.0 -102.439536900019,20.819372393768,0.0 -102.439555297469,20.8193766702245,0.0 -102.439573694449,20.8193809484759,0.0 -102.439592090934,20.8193852286121,0.0 -102.439610486899,20.8193895107227,0.0 -102.439628882322,20.8193937948977,0.0 -102.439647277177,20.8193980812267,0.0 -102.439665671442,20.8194023697995,0.0 -102.439684065092,20.8194066607058,0.0 -102.439702458103,20.8194109540355,0.0 -102.439720850451,20.8194152498782,0.0 -102.439739242112,20.8194195483236,0.0 -102.439757633061,20.8194238494615,0.0 -102.439776023275,20.8194281533816,0.0 -102.439794412729,20.8194324601736,0.0 -102.439812801399,20.8194367699271,0.0 -102.439831189261,20.8194410827318,0.0 -102.439849576289,20.8194453986773,0.0 -102.439867962461,20.8194497178534,0.0 -102.43988634775,20.8194540403496,0.0 -102.442769224258,20.8201770045648,0.0 -102.445626853328,20.8209837884168,0.0 -102.445644916917,20.8209891789353,0.0 -102.445662979405,20.8209945727158,0.0 -102.445681040821,20.8209999696697,0.0 -102.445699101195,20.8210053697088,0.0 -102.445717160556,20.8210107727446,0.0 -102.445735218933,20.8210161786888,0.0 -102.445753276356,20.8210215874531,0.0 -102.445771332854,20.8210269989491,0.0 -102.445789388457,20.8210324130885,0.0 -102.445807443193,20.821037829783,0.0 -102.445825497092,20.8210432489444,0.0 -102.445843550185,20.8210486704844,0.0 -102.445861602501,20.8210540943146,0.0 -102.445879654068,20.8210595203469,0.0 -102.445897704918,20.821064948493,0.0 -102.445915755079,20.8210703786647,0.0 -102.445933804582,20.8210758107738,0.0 -102.445951853456,20.8210812447321,0.0 -102.445969901731,20.8210866804513,0.0 -102.445987949436,20.8210921178432,0.0 -102.446005996603,20.8210975568198,0.0 -102.44602404326,20.8211029972927,0.0 -102.446042089438,20.821108439174,0.0 -102.446060135166,20.8211138823753,0.0 -102.446078180475,20.8211193268085,0.0 -102.446096225394,20.8211247723855,0.0 -102.446114269954,20.8211302190182,0.0 -102.446132314184,20.8211356666183,0.0 -102.446150358115,20.8211411150979,0.0 -102.446168401776,20.8211465643687,0.0 -102.446186445198,20.8211520143426,0.0 -102.446204488411,20.8211574649315,0.0 -102.446222531444,20.8211629160473,0.0 -102.446240574329,20.8211683676019,0.0 -102.446258617094,20.8211738195072,0.0 -102.446276659771,20.821179271675,0.0 -102.446294702389,20.8211847240172,0.0 -102.446312744978,20.8211901764458,0.0 -102.559166738452,20.8552509504506,0.0 -102.559184160002,20.8552562017843,0.0 -102.559201581529,20.8552614531905,0.0 -102.559219003007,20.8552667047437,0.0 -102.55923642441,20.855271956518,0.0 -102.559253845713,20.8552772085877,0.0 -102.559271266891,20.8552824610271,0.0 -102.559288687918,20.8552877139104,0.0 -102.559306108769,20.8552929673119,0.0 -102.559323529418,20.8552982213059,0.0 -102.559340949841,20.8553034759666,0.0 -102.559358370012,20.8553087313682,0.0 -102.559375789905,20.855313987585,0.0 -102.559393209495,20.8553192446913,0.0 -102.559410628757,20.8553245027613,0.0 -102.559428047665,20.8553297618693,0.0 -102.559445466194,20.8553350220894,0.0 -102.559462884318,20.8553402834959,0.0 -102.559480302012,20.855345546163,0.0 -102.55949771925,20.855350810165,0.0 -102.559515136007,20.855356075576,0.0 -102.559532552257,20.8553613424703,0.0 -102.560259469687,20.8555827055765,0.0 -102.56027686304,20.8555880390085,0.0 -102.56029425588,20.8555933739218,0.0 -102.560311648232,20.8555987102421,0.0 -102.560329040122,20.8556040478954,0.0 -102.560346431576,20.8556093868074,0.0 -102.560363822619,20.8556147269039,0.0 -102.560381213277,20.8556200681108,0.0 -102.560398603575,20.855625410354,0.0 -102.56041599354,20.8556307535593,0.0 -102.560433383196,20.8556360976525,0.0 -102.560450772571,20.8556414425594,0.0 -102.560468161689,20.855646788206,0.0 -102.560485550576,20.8556521345181,0.0 -102.560502939258,20.8556574814216,0.0 -102.560520327761,20.8556628288424,0.0 -102.560537716111,20.8556681767062,0.0 -102.560555104333,20.855673524939,0.0 -102.560572492453,20.8556788734666,0.0 -102.560589880498,20.855684222215,0.0 -102.560607268492,20.85568957111,0.0 -102.560624656461,20.8556949200774,0.0 -102.56797135056,20.8579547633772,0.0 -102.5679894835,20.8579603405928,0.0 -102.568007616474,20.8579659177139,0.0 -102.568025749514,20.8579714946476,0.0 -102.568043882653,20.8579770713014,0.0 -102.568062015922,20.8579826475823,0.0 -102.568080149354,20.8579882233976,0.0 -102.568098282982,20.8579937986546,0.0 -102.568116416837,20.8579993732604,0.0 -102.568134550951,20.8580049471225,0.0 -102.568152685358,20.8580105201478,0.0 -102.568170820088,20.8580160922438,0.0 -102.568188955175,20.8580216633175,0.0 -102.568207090651,20.8580272332763,0.0 -102.568225226547,20.8580328020273,0.0 -102.568243362896,20.8580383694777,0.0 -102.56826149973,20.8580439355347,0.0 -102.568279637081,20.8580495001055,0.0 -102.568297774981,20.8580550630973,0.0 -102.568315913463,20.8580606244173,0.0 -102.568334052557,20.8580661839726,0.0 -102.568352192297,20.8580717416703,0.0 -102.568370332714,20.8580772974176,0.0 -102.56838847384,20.8580828511217,0.0 -102.568406615707,20.8580884026896,0.0 -102.568424758346,20.8580939520285,0.0 -102.56844290179,20.8580994990454,0.0 -102.56846104607,20.8581050436475,0.0 -102.568479191219,20.8581105857419,0.0 -102.568497337267,20.8581161252355,0.0 -102.568515484246,20.8581216620354,0.0 -102.568533632189,20.8581271960487,0.0 -102.568551781126,20.8581327271823,0.0 -102.568569931089,20.8581382553433,0.0 -102.568588082109,20.8581437804387,0.0 -102.568606234218,20.8581493023755,0.0 -102.568624387447,20.8581548210605,0.0 -102.568642541828,20.8581603364007,0.0 -102.568660697391,20.858165848303,0.0 -102.568678854168,20.8581713566744,0.0 -102.568697012189,20.8581768614218,0.0 -102.568715171487,20.8581823624519,0.0 -102.568733332091,20.8581878596716,0.0 -102.568751494034,20.8581933529878,0.0 -102.568769657344,20.8581988423072,0.0 -102.568787822054,20.8582043275367,0.0 -102.568805988194,20.8582098085829,0.0 -102.568824155795,20.8582152853527,0.0 -102.568842324887,20.8582207577528,0.0 -102.568860495501,20.8582262256898,0.0 -102.568878667666,20.8582316890704,0.0 -102.568896841414,20.8582371478013,0.0 -102.568915016775,20.8582426017891,0.0 -102.568933193778,20.8582480509404,0.0 -102.568951372454,20.8582534951617,0.0 -102.568969552832,20.8582589343597,0.0 -102.568987734944,20.8582643684408,0.0 -102.569005918818,20.8582697973116,0.0 -102.569024104484,20.8582752208784,0.0 -102.569042291972,20.8582806390479,0.0 -102.569060481311,20.8582860517263,0.0 -102.56907867253,20.85829145882,0.0 -102.56909686566,20.8582968602355,0.0 -102.56911506073,20.8583022558791,0.0 -102.569133257767,20.858307645657,0.0 -102.569151456802,20.8583130294756,0.0 -102.569169657864,20.858318407241,0.0 -102.56918786098,20.8583237788596,0.0 -102.569206066181,20.8583291442374,0.0 -102.569224273494,20.8583345032806,0.0 -102.569242482948,20.8583398558954,0.0 -102.569260694571,20.8583452019878,0.0 -102.569278908392,20.8583505414639,0.0 -102.569297124439,20.8583558742298,0.0 -102.570923007056,20.8588021100125,0.0 -102.572564629106,20.8591941639765,0.0 -102.574219947203,20.8595315479113,0.0 -102.575886900854,20.8598138416539,0.0 -102.575905735249,20.8598167061763,0.0 -102.575924570837,20.8598195637599,0.0 -102.5759434076,20.8598224145007,0.0 -102.575962245517,20.8598252584945,0.0 -102.57598108457,20.8598280958374,0.0 -102.57599992474,20.8598309266253,0.0 -102.576018766007,20.8598337509542,0.0 -102.576037608354,20.8598365689201,0.0 -102.57605645176,20.859839380619,0.0 -102.576075296209,20.859842186147,0.0 -102.57609414168,20.8598449856,0.0 -102.576112988156,20.8598477790743,0.0 -102.576131835618,20.8598505666658,0.0 -102.576150684049,20.8598533484707,0.0 -102.57616953343,20.8598561245851,0.0 -102.576188383743,20.8598588951052,0.0 -102.576207234971,20.8598616601271,0.0 -102.576226087095,20.8598644197468,0.0 -102.576244940097,20.8598671740608,0.0 -102.576263793961,20.859869923165,0.0 -102.576282648669,20.8598726671558,0.0 -102.576301504203,20.8598754061293,0.0 -102.576320360545,20.8598781401819,0.0 -102.57633921768,20.8598808694096,0.0 -102.576358075589,20.8598835939089,0.0 -102.576376934255,20.8598863137759,0.0 -102.576395793662,20.8598890291069,0.0 -102.576414653792,20.8598917399983,0.0 -102.576433514629,20.8598944465463,0.0 -102.576452376155,20.8598971488473,0.0 -102.576471238355,20.8598998469976,0.0 -102.576490101211,20.8599025410935,0.0 -102.576508964707,20.8599052312314,0.0 -102.576527828827,20.8599079175076,0.0 -102.576546693554,20.8599106000185,0.0 -102.576565558871,20.8599132788605,0.0 -102.576584424763,20.85991595413,0.0 -102.576603291212,20.8599186259233,0.0 -102.576622158204,20.8599212943369,0.0 -102.576641025722,20.8599239594672,0.0 -102.576659893749,20.8599266214106,0.0 -102.57667876227,20.8599292802635,0.0 -102.576697631269,20.8599319361224,0.0 -102.57671650073,20.8599345890837,0.0 -102.576735370637,20.8599372392439,0.0 -102.576754240974,20.8599398866993,0.0 -102.576773111726,20.8599425315466,0.0 -102.576791982876,20.8599451738821,0.0 -102.57681085441,20.8599478138024,0.0 -102.576829726311,20.8599504514039,0.0 -102.576848598565,20.8599530867831,0.0 -102.576867471154,20.8599557200365,0.0 -102.576886344065,20.8599583512606,0.0 -102.576905217281,20.8599609805519,0.0 -102.576924090787,20.8599636080069,0.0 -102.576942964567,20.8599662337222,0.0 -102.576961838607,20.8599688577942,0.0 -102.576980712891,20.8599714803195,0.0 -102.576999587403,20.8599741013946,0.0 -102.577018462129,20.859976721116,0.0 -102.577037337053,20.8599793395803,0.0 -102.577056212159,20.859981956884,0.0 -102.577075087433,20.8599845731236,0.0 -102.577093962859,20.8599871883957,0.0 -102.577112838422,20.8599898027968,0.0 -102.577131714108,20.8599924164235,0.0 -102.5771505899,20.8599950293722,0.0 -102.577169465783,20.8599976417397,0.0 -102.577188341744,20.8600002536223,0.0 -102.577207217765,20.8600028651168,0.0 -102.577226093833,20.8600054763195,0.0 -102.577244969932,20.8600080873271,0.0 -102.577263846047,20.8600106982362,0.0 -102.607578090569,20.8642009160646,0.0 -102.607596968098,20.8642035236919,0.0 -102.607615845643,20.8642061312206,0.0 -102.60763472322,20.8642087385541,0.0 -102.607653600842,20.8642113455959,0.0 -102.607672478526,20.8642139522495,0.0 -102.607691356286,20.8642165584183,0.0 -102.607710234138,20.8642191640056,0.0 -102.607729112096,20.864221768915,0.0 -102.607747990175,20.86422437305,0.0 -102.607766868391,20.8642269763138,0.0 -102.607785746759,20.86422957861,0.0 -102.607804625293,20.8642321798419,0.0 -102.607823504009,20.8642347799131,0.0 -102.607842382921,20.8642373787269,0.0 -102.607861262044,20.8642399761868,0.0 -102.607880141395,20.8642425721961,0.0 -102.607899020986,20.8642451666583,0.0 -102.607917900833,20.8642477594768,0.0 -102.607936780952,20.8642503505549,0.0 -102.607955661356,20.8642529397962,0.0 -102.607974542061,20.864255527104,0.0 -102.607993423081,20.8642581123816,0.0 -102.608012304432,20.8642606955326,0.0 -102.608031186127,20.8642632764602,0.0 -102.608050068181,20.8642658550678,0.0 -102.608068950609,20.8642684312588,0.0 -102.608087833426,20.8642710049366,0.0 -102.608106716646,20.8642735760046,0.0 -102.608125600283,20.864276144366,0.0 -102.608144484352,20.8642787099243,0.0 -102.608163368867,20.8642812725827,0.0 -102.608182253843,20.8642838322447,0.0 -102.608201139293,20.8642863888135,0.0 -102.608220025233,20.8642889421925,0.0 -102.608238911676,20.8642914922849,0.0 -102.608257798636,20.8642940389942,0.0 -102.608276686127,20.8642965822235,0.0 -102.608295574164,20.8642991218761,0.0 -102.60831446276,20.8643016578555,0.0 -102.608333351928,20.8643041900647,0.0 -102.608352241684,20.8643067184072,0.0 -102.60837113204,20.864309242786,0.0 -102.608390023011,20.8643117631046,0.0 -102.608408914609,20.8643142792661,0.0 -102.608427806849,20.8643167911738,0.0 -102.608446699743,20.8643192987308,0.0 -102.608465593306,20.8643218018404,0.0 -102.608484487549,20.8643243004058,0.0 -102.608503382488,20.8643267943302,0.0 -102.608522278134,20.8643292835167,0.0 -102.608541174501,20.8643317678686,0.0 -102.608560071601,20.8643342472889,0.0 -102.608578969448,20.8643367216808,0.0 -102.608597868054,20.8643391909475,0.0 -102.608616767433,20.8643416549921,0.0 -102.608635667596,20.8643441137176,0.0 -102.608654568556,20.8643465670273,0.0 -102.608673470326,20.8643490148241,0.0 -102.608692372917,20.8643514570112,0.0 -102.608711276343,20.8643538934917,0.0 -102.608730180615,20.8643563241684,0.0 -102.608749085745,20.8643587489447,0.0 -102.608767991745,20.8643611677233,0.0 -102.608786898627,20.8643635804075,0.0 -102.608805806403,20.8643659869,0.0 -102.608824715085,20.8643683871041,0.0 -102.608843624683,20.8643707809226,0.0 -102.608862535209,20.8643731682584,0.0 -102.608881446674,20.8643755490147,0.0 -102.608900359091,20.8643779230942,0.0 -102.608919272468,20.8643802903999,0.0 -102.608938186819,20.8643826508347,0.0 -102.608957102152,20.8643850043015,0.0 -102.610157806407,20.8645197337214,0.0 -102.611361741395,20.8646260007751,0.0 -102.611380759476,20.8646274490501,0.0 -102.61139977816,20.8646288903189,0.0 -102.611418797435,20.8646303246786,0.0 -102.611437817291,20.8646317522262,0.0 -102.611456837717,20.864633173059,0.0 -102.611475858701,20.8646345872738,0.0 -102.611494880233,20.864635994968,0.0 -102.611513902303,20.8646373962385,0.0 -102.611532924899,20.8646387911825,0.0 -102.611551948011,20.864640179897,0.0 -102.61157097163,20.8646415624794,0.0 -102.611589995744,20.8646429390266,0.0 -102.611609020344,20.8646443096359,0.0 -102.61162804542,20.8646456744043,0.0 -102.611647070961,20.8646470334292,0.0 -102.611666096959,20.8646483868076,0.0 -102.611685123403,20.8646497346367,0.0 -102.611704150283,20.8646510770138,0.0 -102.611723177591,20.864652414036,0.0 -102.611742205316,20.8646537458005,0.0 -102.61176123345,20.8646550724046,0.0 -102.611780261983,20.8646563939455,0.0 -102.611799290906,20.8646577105203,0.0 -102.61181832021,20.8646590222264,0.0 -102.611837349886,20.864660329161,0.0 -102.611856379926,20.8646616314212,0.0 -102.611875410319,20.8646629291045,0.0 -102.611894441058,20.8646642223079,0.0 -102.611913472134,20.8646655111289,0.0 -102.611932503539,20.8646667956645,0.0 -102.611951535263,20.8646680760122,0.0 -102.611970567298,20.8646693522693,0.0 -102.611989599637,20.8646706245329,0.0 -102.61200863227,20.8646718929003,0.0 -102.61202766519,20.864673157469,0.0 -102.612046698388,20.8646744183361,0.0 -102.612065731857,20.8646756755989,0.0 -102.612084765588,20.8646769293549,0.0 -102.612103799573,20.8646781797012,0.0 -102.612122833804,20.8646794267352,0.0 -102.612141868274,20.8646806705543,0.0 -102.612160902975,20.8646819112556,0.0 -102.612179937898,20.8646831489367,0.0 -102.612198973037,20.8646843836947,0.0 -102.612218008383,20.8646856156271,0.0 -102.61223704393,20.8646868448311,0.0 -102.612256079669,20.8646880714041,0.0 -102.612275115593,20.8646892954435,0.0 -102.612294151694,20.8646905170465,0.0 -102.612313187966,20.8646917363106,0.0 -102.6123322244,20.864692953333,0.0 -102.61235126099,20.8646941682112,0.0 -102.612370297728,20.8646953810425,0.0 -102.612389334606,20.8646965919242,0.0 -102.612408371619,20.8646978009538,0.0 -102.612427408758,20.8646990082285,0.0 -102.612446446016,20.8647002138457,0.0 -102.612465483386,20.8647014179029,0.0 -102.612484520861,20.8647026204973,0.0 -102.612503558435,20.8647038217263,0.0 -102.612522596099,20.8647050216874,0.0 -102.612541633847,20.8647062204778,0.0 -102.612560671672,20.864707418195,0.0 -102.612579709566,20.8647086149363,0.0 -102.612598747524,20.8647098107991,0.0 -102.612617785537,20.8647110058807,0.0 -102.6126368236,20.8647122002787,0.0 -102.612655861704,20.8647133940902,0.0 -102.612674899844,20.8647145874128,0.0 -102.612693938012,20.8647157803437,0.0 -102.612712976201,20.8647169729805,0.0 -102.612732014404,20.8647181654203,0.0 -102.612751052615,20.8647193577607,0.0 -102.640007844409,20.8664242148886,0.0 -102.640026883378,20.8664254042312,0.0 -102.640045922341,20.8664265936691,0.0 -102.640064961291,20.8664277832996,0.0 -102.640084000221,20.8664289732203,0.0 -102.640103039124,20.8664301635283,0.0 -102.640122077992,20.8664313543212,0.0 -102.64014111682,20.8664325456963,0.0 -102.6401601556,20.866433737751,0.0 -102.640179194326,20.8664349305826,0.0 -102.640198232989,20.8664361242886,0.0 -102.640217271585,20.8664373189663,0.0 -102.640236310104,20.8664385147131,0.0 -102.640255348541,20.8664397116263,0.0 -102.640274386889,20.8664409098035,0.0 -102.640293425139,20.8664421093418,0.0 -102.640312463286,20.8664433103387,0.0 -102.640331501322,20.8664445128916,0.0 -102.640350539241,20.8664457170978,0.0 -102.640369577034,20.8664469230547,0.0 -102.640388614695,20.8664481308597,0.0 -102.640407652217,20.8664493406101,0.0 -102.640426689591,20.8664505524033,0.0 -102.640445726812,20.8664517663366,0.0 -102.640464763872,20.8664529825074,0.0 -102.640483800763,20.8664542010131,0.0 -102.640502837478,20.866455421951,0.0 -102.64052187401,20.8664566454185,0.0 -102.64054091035,20.8664578715128,0.0 -102.640559946493,20.8664591003314,0.0 -102.640578982429,20.8664603319715,0.0 -102.640598018151,20.8664615665306,0.0 -102.640617053652,20.8664628041059,0.0 -102.640636088925,20.8664640447948,0.0 -102.64065512396,20.8664652886946,0.0 -102.640674158751,20.8664665359026,0.0 -102.640693193289,20.8664677865162,0.0 -102.640712227566,20.8664690406326,0.0 -102.640731261576,20.8664702983492,0.0 -102.640750295308,20.8664715597632,0.0 -102.640769328756,20.866472824972,0.0 -102.640788361911,20.8664740940729,0.0 -102.640807394765,20.8664753671631,0.0 -102.640826427309,20.86647664434,0.0 -102.640845459535,20.8664779257008,0.0 -102.640864491435,20.8664792113429,0.0 -102.640883523,20.8664805013633,0.0 -102.640902554221,20.8664817958596,0.0 -102.64092158509,20.8664830949288,0.0 -102.640940615598,20.8664843986683,0.0 -102.640959645736,20.8664857071753,0.0 -102.640978675494,20.8664870205471,0.0 -102.640997704865,20.8664883388808,0.0 -102.641016733839,20.8664896622737,0.0 -102.641035762407,20.8664909908231,0.0 -102.641054790558,20.8664923246262,0.0 -102.641073818285,20.8664936637801,0.0 -102.641092845577,20.8664950083821,0.0 -102.641111872425,20.8664963585294,0.0 -102.64113089882,20.8664977143191,0.0 -102.641149924751,20.8664990758484,0.0 -102.641168950208,20.8665004432146,0.0 -102.641187975182,20.8665018165148,0.0 -102.641206999663,20.866503195846,0.0 -102.641226023639,20.8665045813056,0.0 -102.641245047102,20.8665059729906,0.0 -102.641264070041,20.8665073709982,0.0 -102.641283092444,20.8665087754254,0.0 -102.641302114303,20.8665101863695,0.0 -102.641321135605,20.8665116039274,0.0 -102.641340156339,20.8665130281963,0.0 -102.641359176496,20.8665144592734,0.0 -102.641378196064,20.8665158972556,0.0 -102.641397215031,20.86651734224,0.0 -102.642882141215,20.8666522796368,0.0 -102.64436189725,20.8668304843072,0.0 -102.645835056816,20.8670517846039,0.0 -102.647300199922,20.8673159673384,0.0 -102.648755914277,20.8676227779848,0.0 -102.650200796648,20.8679719209244,0.0 -102.650219199986,20.8679766590793,0.0 -102.650237601348,20.8679814040095,0.0 -102.65025600076,20.86798615562,0.0 -102.650274398246,20.867990913816,0.0 -102.650292793831,20.8679956785028,0.0 -102.65031118754,20.8680004495856,0.0 -102.650329579399,20.8680052269696,0.0 -102.650347969432,20.8680100105602,0.0 -102.650366357666,20.8680148002627,0.0 -102.650384744124,20.8680195959825,0.0 -102.650403128834,20.8680243976249,0.0 -102.65042151182,20.8680292050954,0.0 -102.650439893109,20.8680340182993,0.0 -102.650458272726,20.8680388371423,0.0 -102.650476650698,20.8680436615296,0.0 -102.650495027049,20.8680484913669,0.0 -102.650513401808,20.8680533265597,0.0 -102.650531774999,20.8680581670135,0.0 -102.650550146649,20.868063012634,0.0 -102.650568516785,20.8680678633267,0.0 -102.650586885433,20.8680727189972,0.0 -102.650605252619,20.8680775795513,0.0 -102.650623618372,20.8680824448945,0.0 -102.650641982716,20.8680873149326,0.0 -102.650660345679,20.8680921895713,0.0 -102.650678707289,20.8680970687164,0.0 -102.650697067571,20.8681019522735,0.0 -102.650715426554,20.8681068401485,0.0 -102.650733784264,20.8681117322471,0.0 -102.650752140728,20.8681166284753,0.0 -102.650770495974,20.8681215287387,0.0 -102.65078885003,20.8681264329433,0.0 -102.650807202922,20.868131340995,0.0 -102.650825554679,20.8681362527996,0.0 -102.650843905328,20.868141168263,0.0 -102.650862254896,20.8681460872912,0.0 -102.650880603411,20.8681510097901,0.0 -102.650898950901,20.8681559356656,0.0 -102.650917297395,20.8681608648237,0.0 -102.650935642919,20.8681657971705,0.0 -102.650953987501,20.8681707326119,0.0 -102.650972331171,20.8681756710539,0.0 -102.650990673955,20.8681806124026,0.0 -102.651009015881,20.868185556564,0.0 -102.651027356979,20.8681905034441,0.0 -102.651045697277,20.8681954529491,0.0 -102.651064036801,20.868200404985,0.0 -102.651082375582,20.8682053594578,0.0 -102.651100713646,20.8682103162738,0.0 -102.651119051023,20.8682152753391,0.0 -102.651137387741,20.8682202365596,0.0 -102.651155723828,20.8682251998417,0.0 -102.651174059313,20.8682301650913,0.0 -102.651192394224,20.8682351322148,0.0 -102.65121072859,20.8682401011182,0.0 -102.65122906244,20.8682450717078,0.0 -102.651247395801,20.8682500438896,0.0 -102.651265728704,20.8682550175699,0.0 -102.651284061175,20.8682599926549,0.0 -102.651302393245,20.8682649690508,0.0 -102.651320724942,20.8682699466638,0.0 -102.651339056294,20.8682749254001,0.0 -102.65135738733,20.8682799051659,0.0 -102.65137571808,20.8682848858675,0.0 -102.651394048571,20.868289867411,0.0 -102.651412378833,20.8682948497027,0.0 -102.651430708894,20.8682998326489,0.0 -102.651449038784,20.8683048161558,0.0 -102.651467368531,20.8683098001295,0.0 -102.651485698164,20.8683147844765,0.0 -102.651504027712,20.8683197691028,0.0 -102.651522357203,20.8683247539148,0.0 -102.651540686667,20.8683297388187,0.0 -102.68360311197,20.877046082507,0.0 -102.683621443889,20.8770510641638,0.0 -102.683639775838,20.8770560457249,0.0 -102.683658107846,20.8770610270967,0.0 -102.683676439942,20.8770660081853,0.0 -102.683694772155,20.8770709888971,0.0 -102.683713104514,20.8770759691381,0.0 -102.683731437046,20.8770809488148,0.0 -102.683749769782,20.8770859278332,0.0 -102.68376810275,20.8770909060997,0.0 -102.683786435979,20.8770958835204,0.0 -102.683804769498,20.8771008600016,0.0 -102.683823103335,20.8771058354494,0.0 -102.683841437518,20.8771108097702,0.0 -102.683859772078,20.8771157828701,0.0 -102.683878107042,20.8771207546553,0.0 -102.683896442439,20.8771257250319,0.0 -102.683914778299,20.8771306939063,0.0 -102.683933114648,20.8771356611845,0.0 -102.683951451517,20.8771406267728,0.0 -102.683969788933,20.8771455905772,0.0 -102.683988126925,20.8771505525041,0.0 -102.684006465522,20.8771555124594,0.0 -102.684024804752,20.8771604703493,0.0 -102.684043144643,20.8771654260801,0.0 -102.684061485224,20.8771703795577,0.0 -102.684079826524,20.8771753306883,0.0 -102.68409816857,20.877180279378,0.0 -102.684116511391,20.8771852255329,0.0 -102.684134855016,20.877190169059,0.0 -102.684153199471,20.8771951098625,0.0 -102.684171544786,20.8772000478493,0.0 -102.684189890988,20.8772049829255,0.0 -102.684208238106,20.8772099149971,0.0 -102.684226586167,20.8772148439702,0.0 -102.6842449352,20.8772197697507,0.0 -102.684263285232,20.8772246922445,0.0 -102.684281636291,20.8772296113578,0.0 -102.684299988405,20.8772345269963,0.0 -102.684318341602,20.8772394390661,0.0 -102.684336695909,20.877244347473,0.0 -102.684355051354,20.877249252123,0.0 -102.684373407964,20.877254152922,0.0 -102.684391765766,20.8772590497757,0.0 -102.684410124789,20.8772639425901,0.0 -102.684428485059,20.877268831271,0.0 -102.684446846604,20.8772737157241,0.0 -102.684465209451,20.8772785958553,0.0 -102.684483573626,20.8772834715704,0.0 -102.684501939157,20.877288342775,0.0 -102.684520306071,20.877293209375,0.0 -102.684538674395,20.8772980712759,0.0 -102.684557044155,20.8773029283836,0.0 -102.684575415378,20.8773077806037,0.0 -102.684593788091,20.8773126278418,0.0 -102.68461216232,20.8773174700035,0.0 -102.684630538092,20.8773223069945,0.0 -102.684648915433,20.8773271387203,0.0 -102.684667294368,20.8773319650864,0.0 -102.684685674925,20.8773367859984,0.0 -102.68470405713,20.8773416013618,0.0 -102.684722441008,20.8773464110821,0.0 -102.684740826584,20.8773512150647,0.0 -102.684759213886,20.8773560132151,0.0 -102.684777602939,20.8773608054386,0.0 -102.684795993767,20.8773655916406,0.0 -102.684814386397,20.8773703717265,0.0 -102.684832780854,20.8773751456016,0.0 -102.684851177163,20.8773799131712,0.0 -102.68486957535,20.8773846743405,0.0 -102.684887975438,20.8773894290149,0.0 -102.684906377454,20.8773941770994,0.0 -102.684924781422,20.8773989184993,0.0 -102.684943187366,20.8774036531198,0.0 -102.686456923096,20.8777679634522,0.0 -102.687982473536,20.878085795984,0.0 -102.689518223154,20.8783568139871,0.0 -102.691062545577,20.8785807303075,0.0 -102.692613805323,20.8787573076707,0.0 -102.69417035953,20.8788863589345,0.0 -102.695730559706,20.8789677472877,0.0 -102.695749628432,20.8789684462205,0.0 -102.695768697449,20.8789691381293,0.0 -102.695787766749,20.8789698231114,0.0 -102.695806836326,20.8789705012642,0.0 -102.695825906173,20.8789711726852,0.0 -102.695844976283,20.8789718374718,0.0 -102.69586404665,20.8789724957215,0.0 -102.695883117268,20.8789731475317,0.0 -102.695902188131,20.8789737929999,0.0 -102.695921259232,20.8789744322235,0.0 -102.695940330565,20.8789750653,0.0 -102.695959402125,20.8789756923268,0.0 -102.695978473906,20.8789763134015,0.0 -102.695997545902,20.8789769286215,0.0 -102.696016618108,20.8789775380842,0.0 -102.696035690517,20.8789781418872,0.0 -102.696054763126,20.878978740128,0.0 -102.696073835927,20.878979332904,0.0 -102.696092908918,20.8789799203127,0.0 -102.696111982091,20.8789805024517,0.0 -102.696131055443,20.8789810794184,0.0 -102.696150128967,20.8789816513103,0.0 -102.696169202661,20.878982218225,0.0 -102.696188276518,20.8789827802599,0.0 -102.696207350535,20.8789833375125,0.0 -102.696226424706,20.8789838900805,0.0 -102.696245499027,20.8789844380612,0.0 -102.696264573493,20.8789849815523,0.0 -102.696283648102,20.8789855206512,0.0 -102.696302722847,20.8789860554554,0.0 -102.696321797726,20.8789865860625,0.0 -102.696340872733,20.8789871125701,0.0 -102.696359947865,20.8789876350756,0.0 -102.696379023118,20.8789881536766,0.0 -102.696398098488,20.8789886684706,0.0 -102.696417173972,20.8789891795552,0.0 -102.696436249564,20.8789896870278,0.0 -102.696455325263,20.8789901909861,0.0 -102.696474401064,20.8789906915276,0.0 -102.696493476963,20.8789911887498,0.0 -102.696512552957,20.8789916827503,0.0 -102.696531629043,20.8789921736266,0.0 -102.696550705217,20.8789926614763,0.0 -102.696569781476,20.8789931463969,0.0 -102.696588857817,20.878993628486,0.0 -102.696607934236,20.8789941078411,0.0 -102.69662701073,20.8789945845598,0.0 -102.696646087295,20.8789950587397,0.0 -102.69666516393,20.8789955304782,0.0 -102.69668424063,20.878995999873,0.0 -102.696703317393,20.8789964670217,0.0 -102.696722394216,20.8789969320217,0.0 -102.696741471096,20.8789973949706,0.0 -102.696760548029,20.8789978559661,0.0 -102.696779625013,20.8789983151057,0.0 -102.696798702046,20.8789987724868,0.0 -102.696817779123,20.8789992282072,0.0 -102.696836856244,20.8789996823643,0.0 -102.696855933404,20.8790001350558,0.0 -102.6968750106,20.8790005863791,0.0 -102.696894087832,20.879001036432,0.0 -102.696913165094,20.8790014853118,0.0 -102.696932242386,20.8790019331163,0.0 -102.696951319704,20.8790023799429,0.0 -102.696970397045,20.8790028258893,0.0 -102.696989474408,20.879003271053,0.0 -102.697008551789,20.8790037155316,0.0 -102.697027629185,20.8790041594226,0.0 -102.697046706595,20.8790046028237,0.0 -102.697065784015,20.8790050458323,0.0 -102.697084861444,20.8790054885461,0.0 -102.697103938878,20.8790059310627,0.0 -102.697123016314,20.8790063734795,0.0 -102.7244249669,20.8796373174919,0.0 -102.724444067243,20.8796377573498,0.0 -102.724463167591,20.8796381970703,0.0 -102.724482267945,20.8796386365182,0.0 -102.724501368311,20.8796390755583,0.0 -102.724520468691,20.8796395140555,0.0 -102.724539569089,20.8796399518744,0.0 -102.724558669508,20.8796403888799,0.0 -102.724577769953,20.8796408249366,0.0 -102.724596870425,20.8796412599095,0.0 -102.724615970929,20.8796416936633,0.0 -102.724635071468,20.8796421260628,0.0 -102.724654172046,20.8796425569727,0.0 -102.724673272665,20.8796429862577,0.0 -102.724692373329,20.8796434137828,0.0 -102.724711474041,20.8796438394127,0.0 -102.724730574805,20.879644263012,0.0 -102.724749675623,20.8796446844457,0.0 -102.724768776499,20.8796451035784,0.0 -102.724787877436,20.879645520275,0.0 -102.724806978436,20.8796459344002,0.0 -102.724826079502,20.8796463458188,0.0 -102.724845180638,20.8796467543955,0.0 -102.724864281846,20.8796471599951,0.0 -102.724883383129,20.8796475624824,0.0 -102.724902484489,20.8796479617221,0.0 -102.724921585929,20.879648357579,0.0 -102.724940687452,20.8796487499178,0.0 -102.724959789059,20.8796491386033,0.0 -102.724978890754,20.8796495235003,0.0 -102.724997992538,20.8796499044735,0.0 -102.725017094413,20.8796502813876,0.0 -102.725036196382,20.8796506541075,0.0 -102.725055298446,20.8796510224978,0.0 -102.725074400607,20.8796513864233,0.0 -102.725093502867,20.8796517457487,0.0 -102.725112605228,20.8796521003388,0.0 -102.725131707691,20.8796524500583,0.0 -102.725150810256,20.879652794772,0.0 -102.725169912927,20.8796531343446,0.0 -102.725189015703,20.8796534686409,0.0 -102.725208118585,20.8796537975255,0.0 -102.725227221575,20.8796541208632,0.0 -102.725246324673,20.8796544385187,0.0 -102.72526542788,20.8796547503568,0.0 -102.725284531196,20.8796550562421,0.0 -102.725303634622,20.8796553560395,0.0 -102.725322738157,20.8796556496136,0.0 -102.725341841803,20.8796559368291,0.0 -102.725360945557,20.8796562175508,0.0 -102.725380049421,20.8796564916434,0.0 -102.725399153394,20.8796567589716,0.0 -102.725418257474,20.8796570194001,0.0 -102.725437361662,20.8796572727936,0.0 -102.725456465957,20.8796575190169,0.0 -102.725475570357,20.8796577579346,0.0 -102.72549467486,20.8796579894115,0.0 -102.725513779467,20.8796582133123,0.0 -102.725532884174,20.8796584295017,0.0 -102.72555198898,20.8796586378443,0.0 -102.725571093883,20.879658838205,0.0 -102.72559019888,20.8796590304484,0.0 -102.72560930397,20.8796592144391,0.0 -102.725628409149,20.879659390042,0.0 -102.725647514415,20.8796595571218,0.0 -102.725666619765,20.879659715543,0.0 -102.725685725196,20.8796598651705,0.0 -102.725704830703,20.879660005869,0.0 -102.725723936284,20.8796601375031,0.0 -102.725743041934,20.8796602599376,0.0 -102.72576214765,20.8796603730372,0.0 -102.725781253426,20.8796604766665,0.0 -102.72580035926,20.8796605706903,0.0 -102.725819465145,20.8796606549734,0.0 -102.725838571076,20.8796607293803,0.0 -102.725857677049,20.879660793776,0.0 -102.725876783058,20.8796608480249,0.0 -102.725895889097,20.879660891992,0.0 -102.72591499516,20.8796609255419,0.0 -102.725934101241,20.8796609485393,0.0 -102.725953207333,20.879660960849,0.0 -102.72597231343,20.8796609623356,0.0 -102.725991419525,20.8796609528641,0.0 -102.72601052561,20.879660932299,0.0 -102.726029631678,20.8796609005051,0.0 -102.726048737721,20.8796608573472,0.0 -102.72606784373,20.8796608026901,0.0 -102.726086949698,20.8796607363984,0.0 -102.726106055616,20.879660658337,0.0 -102.72707424203,20.8796411094842,0.0 -102.728041183222,20.8795909981163,0.0 -102.729005787055,20.8795103807785,0.0 -102.729966964031,20.8793993484721,0.0 -102.730923628525,20.8792580265512,0.0 -102.731874700012,20.8790865745815,0.0 -102.732819104292,20.8788851861602,0.0 -102.733755774704,20.8786540886966,0.0 -102.734683653331,20.8783935431559,0.0 -102.735601692198,20.8781038437632,0.0 -102.73650885446,20.877785317672,0.0 -102.737404115569,20.8774383245935,0.0 -102.738286464438,20.8770632563902,0.0 -102.739154904582,20.8766605366329,0.0 -102.740008455244,20.8762306201217,0.0 -102.740025138143,20.8762218682342,0.0 -102.740041814933,20.8762131060713,0.0 -102.740058485678,20.8762043337547,0.0 -102.740075150442,20.8761955514063,0.0 -102.740091809288,20.8761867591475,0.0 -102.74010846228,20.8761779570996,0.0 -102.740125109483,20.8761691453842,0.0 -102.740141750959,20.8761603241222,0.0 -102.740158386775,20.8761514934348,0.0 -102.740175016995,20.8761426534428,0.0 -102.740191641684,20.8761338042673,0.0 -102.740208260907,20.8761249460287,0.0 -102.74022487473,20.8761160788478,0.0 -102.740241483218,20.8761072028451,0.0 -102.740258086437,20.8760983181409,0.0 -102.740274684454,20.8760894248554,0.0 -102.740291277334,20.8760805231089,0.0 -102.740307865145,20.8760716130214,0.0 -102.740324447952,20.8760626947129,0.0 -102.740341025824,20.8760537683032,0.0 -102.740357598826,20.876044833912,0.0 -102.740374167027,20.876035891659,0.0 -102.740390730494,20.8760269416637,0.0 -102.740407289294,20.8760179840456,0.0 -102.740423843496,20.876009018924,0.0 -102.740440393167,20.8760000464181,0.0 -102.740456938376,20.8759910666472,0.0 -102.740473479191,20.8759820797303,0.0 -102.740490015681,20.8759730857863,0.0 -102.740506547915,20.8759640849342,0.0 -102.740523075961,20.8759550772927,0.0 -102.740539599888,20.8759460629805,0.0 -102.740556119766,20.8759370421162,0.0 -102.740572635665,20.8759280148185,0.0 -102.740589147653,20.8759189812056,0.0 -102.740605655801,20.8759099413961,0.0 -102.740622160178,20.8759008955081,0.0 -102.740638660854,20.87589184366,0.0 -102.7406551579,20.8758827859697,0.0 -102.740671651386,20.8758737225555,0.0 -102.740688141382,20.8758646535351,0.0 -102.740704627959,20.8758555790267,0.0 -102.740721111187,20.8758464991479,0.0 -102.740737591138,20.8758374140165,0.0 -102.740754067882,20.8758283237504,0.0 -102.740770541491,20.875819228467,0.0 -102.740787012035,20.8758101282839,0.0 -102.740803479586,20.8758010233186,0.0 -102.740819944216,20.8757919136886,0.0 -102.740836405995,20.8757827995113,0.0 -102.740852864996,20.8757736809039,0.0 -102.740869321291,20.8757645579837,0.0 -102.740885774951,20.8757554308678,0.0 -102.740902226048,20.8757462996735,0.0 -102.740918674654,20.8757371645179,0.0 -102.740935120842,20.8757280255178,0.0 -102.740951564683,20.8757188827904,0.0 -102.740968006251,20.8757097364526,0.0 -102.740984445617,20.8757005866212,0.0 -102.741000882854,20.8756914334131,0.0 -102.741017318035,20.8756822769451,0.0 -102.741033751232,20.8756731173339,0.0 -102.741050182519,20.8756639546962,0.0 -102.741066611967,20.8756547891487,0.0 -102.74108303965,20.8756456208081,0.0 -102.74109946564,20.8756364497908,0.0 -102.741115890012,20.8756272762136,0.0 -102.741132312837,20.8756181001928,0.0 -102.74114873419,20.875608921845,0.0 -102.741165154143,20.8755997412866,0.0 -102.741181572769,20.8755905586341,0.0 -102.741197990142,20.8755813740039,0.0 -102.741214406335,20.8755721875122,0.0 -102.741230821422,20.8755629992756,0.0 -102.741247235476,20.8755538094102,0.0 -102.74126364857,20.8755446180325,0.0 -102.741280060779,20.8755354252586,0.0 -102.741296472175,20.8755262312049,0.0 -102.741312882832,20.8755170359876,0.0 -102.741329292824,20.8755078397228,0.0 -102.741345702224,20.875498642527,0.0 -102.741362111107,20.8754894445161,0.0 -102.741378519545,20.8754802458065,0.0 -102.741394927613,20.8754710465143,0.0 -102.741411335384,20.8754618467556,0.0 -102.741427742932,20.8754526466467,0.0 -102.74144415033,20.8754434463038,0.0 -102.741460557653,20.8754342458429,0.0 -102.753052701723,20.8689331865695,0.0 -102.753069070474,20.868924005678,0.0 -102.75308543912,20.8689148246233,0.0 -102.753101807558,20.8689056432438,0.0 -102.753118175688,20.868896461378,0.0 -102.753134543405,20.8688872788645,0.0 -102.753150910608,20.8688780955417,0.0 -102.753167277193,20.8688689112482,0.0 -102.753183643058,20.8688597258225,0.0 -102.7532000081,20.8688505391032,0.0 -102.753216372217,20.868841350929,0.0 -102.753232735306,20.8688321611384,0.0 -102.753249097264,20.8688229695701,0.0 -102.753265457988,20.8688137760627,0.0 -102.753281817374,20.8688045804551,0.0 -102.753298175321,20.868795382586,0.0 -102.753314531725,20.8687861822941,0.0 -102.753330886482,20.8687769794184,0.0 -102.75334723949,20.8687677737977,0.0 -102.753363590645,20.8687585652711,0.0 -102.753379939843,20.8687493536774,0.0 -102.753396286981,20.8687401388558,0.0 -102.753412631956,20.8687309206455,0.0 -102.753428974663,20.8687216988855,0.0 -102.753445314999,20.8687124734152,0.0 -102.753461652859,20.8687032440739,0.0 -102.75347798814,20.8686940107009,0.0 -102.753494320737,20.8686847731359,0.0 -102.753510650545,20.8686755312183,0.0 -102.753526977461,20.8686662847878,0.0 -102.753543301379,20.8686570336841,0.0 -102.753559622194,20.8686477777471,0.0 -102.753575939802,20.8686385168165,0.0 -102.753592254097,20.8686292507326,0.0 -102.753608564973,20.8686199793353,0.0 -102.753624872326,20.8686107024648,0.0 -102.753641176049,20.8686014199616,0.0 -102.753657476037,20.8685921316659,0.0 -102.753673772183,20.8685828374184,0.0 -102.753690064381,20.8685735370596,0.0 -102.753706352524,20.8685642304304,0.0 -102.753722636507,20.8685549173716,0.0 -102.75373891622,20.8685455977242,0.0 -102.753755191559,20.8685362713295,0.0 -102.753771462414,20.8685269380285,0.0 -102.753787728679,20.8685175976628,0.0 -102.753803990246,20.8685082500739,0.0 -102.753820247006,20.8684988951034,0.0 -102.753836498852,20.8684895325933,0.0 -102.753852745673,20.8684801623854,0.0 -102.753868987363,20.8684707843218,0.0 -102.753885223811,20.868461398245,0.0 -102.753901454908,20.8684520039972,0.0 -102.753917680544,20.8684426014211,0.0 -102.75393390061,20.8684331903594,0.0 -102.753950114996,20.8684237706551,0.0 -102.75396632359,20.8684143421513,0.0 -102.753982526281,20.8684049046912,0.0 -102.75399872296,20.8683954581183,0.0 -102.754014913514,20.8683860022762,0.0 -102.754031097832,20.8683765370087,0.0 -102.754047275801,20.8683670621599,0.0 -102.75406344731,20.8683575775738,0.0 -102.754079612245,20.8683480830951,0.0 -102.754820568554,20.8678975838619,0.0 -102.755546499229,20.8674259711046,0.0 -102.756256723509,20.8669336871408,0.0 -102.756950575383,20.8664211936739,0.0 -102.757627404214,20.8658889713596,0.0 -102.757641830863,20.8658772616349,0.0 -102.757656249398,20.8658655430853,0.0 -102.757670659944,20.8658538158582,0.0 -102.757685062626,20.8658420801004,0.0 -102.75769945757,20.8658303359586,0.0 -102.757713844901,20.8658185835794,0.0 -102.757728224744,20.8658068231089,0.0 -102.757742597228,20.8657950546931,0.0 -102.757756962477,20.865783278478,0.0 -102.757771320619,20.865771494609,0.0 -102.757785671781,20.8657597032317,0.0 -102.757800016091,20.8657479044911,0.0 -102.757814353675,20.8657360985323,0.0 -102.757828684662,20.8657242855001,0.0 -102.75784300918,20.865712465539,0.0 -102.757857327357,20.8657006387935,0.0 -102.757871639322,20.8656888054078,0.0 -102.757885945203,20.8656769655259,0.0 -102.757900245129,20.8656651192918,0.0 -102.75791453923,20.865653266849,0.0 -102.757928827634,20.8656414083411,0.0 -102.757943110473,20.8656295439115,0.0 -102.757957387874,20.8656176737034,0.0 -102.757971659969,20.8656057978597,0.0 -102.757985926888,20.8655939165234,0.0 -102.75800018876,20.8655820298371,0.0 -102.758014445717,20.8655701379434,0.0 -102.75802869789,20.8655582409848,0.0 -102.758042945408,20.8655463391035,0.0 -102.758057188403,20.8655344324418,0.0 -102.758071427007,20.8655225211415,0.0 -102.75808566135,20.8655106053446,0.0 -102.758099891565,20.8654986851928,0.0 -102.758114117783,20.8654867608279,0.0 -102.758128340135,20.8654748323912,0.0 -102.758142558754,20.8654629000242,0.0 -102.758156773772,20.8654509638682,0.0 -102.758170985321,20.8654390240644,0.0 -102.758185193534,20.8654270807539,0.0 -102.758199398542,20.8654151340777,0.0 -102.758213600479,20.8654031841766,0.0 -102.758227799476,20.8653912311914,0.0 -102.758241995668,20.865379275263,0.0 -102.758256189186,20.8653673165318,0.0 -102.758270380164,20.8653553551385,0.0 -102.758284568735,20.8653433912235,0.0 -102.758298755032,20.8653314249273,0.0 -102.758312939188,20.8653194563902,0.0 -102.758327121336,20.8653074857524,0.0 -102.75834130161,20.8652955131542,0.0 -102.758355480143,20.8652835387357,0.0 -102.758369657069,20.8652715626371,0.0 -102.758383832522,20.8652595849984,0.0 -102.758398006634,20.8652476059597,0.0 -102.75841217954,20.8652356256609,0.0 -102.758426351373,20.8652236442419,0.0 -102.758440522267,20.8652116618427,0.0 -102.758454692356,20.8651996786032,0.0 -102.758468861773,20.8651876946631,0.0 -102.758483030653,20.8651757101625,0.0 -102.758497199129,20.865163725241,0.0 -102.758511367335,20.8651517400385,0.0 -102.758525535405,20.8651397546949,0.0 -102.781655453154,20.8455687841399,0.0 -102.781669564828,20.8455568410702,0.0 -102.781683676306,20.8455448977959,0.0 -102.781697787393,20.8455329541137,0.0 -102.781711897893,20.8455210098203,0.0 -102.781726007612,20.8455090647125,0.0 -102.781740116355,20.8454971185872,0.0 -102.781754223928,20.8454851712411,0.0 -102.781768330135,20.8454732224711,0.0 -102.781782434782,20.8454612720743,0.0 -102.781796537673,20.8454493198477,0.0 -102.781810638613,20.8454373655883,0.0 -102.781824737407,20.8454254090934,0.0 -102.78183883386,20.8454134501602,0.0 -102.781852927776,20.8454014885861,0.0 -102.78186701896,20.8453895241686,0.0 -102.781881107216,20.8453775567053,0.0 -102.781895192348,20.845365585994,0.0 -102.78190927416,20.8453536118326,0.0 -102.781923352456,20.8453416340189,0.0 -102.78193742704,20.8453296523513,0.0 -102.781951497714,20.845317666628,0.0 -102.781965564282,20.8453056766476,0.0 -102.781979626548,20.8452936822087,0.0 -102.781993684313,20.8452816831101,0.0 -102.782007737381,20.845269679151,0.0 -102.782021785554,20.8452576701306,0.0 -102.782035828633,20.8452456558484,0.0 -102.782049866422,20.845233636104,0.0 -102.782063898721,20.8452216106974,0.0 -102.782077925331,20.8452095794288,0.0 -102.782091946055,20.8451975420985,0.0 -102.782105960691,20.8451854985073,0.0 -102.782119969042,20.845173448456,0.0 -102.782133970906,20.8451613917459,0.0 -102.782147966084,20.8451493281784,0.0 -102.782161954375,20.8451372575553,0.0 -102.782175935579,20.8451251796787,0.0 -102.782189909493,20.845113094351,0.0 -102.782203875917,20.8451010013749,0.0 -102.782217834648,20.8450889005533,0.0 -102.782231785484,20.8450767916898,0.0 -102.782245728222,20.8450646745879,0.0 -102.782259662659,20.8450525490517,0.0 -102.782951049679,20.8444301417592,0.0 -102.78362005811,20.8437864872562,0.0 -102.784265949651,20.8431222960878,0.0 -102.784888011549,20.842438301464,0.0 -102.785485557387,20.8417352584496,0.0 -102.786057927836,20.8410139431292,0.0 -102.786604491389,20.8402751517503,0.0 -102.787124645053,20.8395196998428,0.0 -102.787617815013,20.8387484213186,0.0 -102.78808345727,20.8379621675494,0.0 -102.788521058235,20.8371618064269,0.0 -102.788930135294,20.8363482214032,0.0 -102.788937957548,20.8363319567462,0.0 -102.788945768664,20.8363156873594,0.0 -102.788953568904,20.8362994133616,0.0 -102.78896135853,20.8362831348716,0.0 -102.788969137804,20.8362668520076,0.0 -102.78897690699,20.8362505648873,0.0 -102.78898466635,20.836234273628,0.0 -102.788992416148,20.8362179783466,0.0 -102.789000156646,20.8362016791595,0.0 -102.789007888108,20.8361853761828,0.0 -102.789015610798,20.8361690695322,0.0 -102.78902332498,20.836152759323,0.0 -102.789031030918,20.8361364456701,0.0 -102.789038728876,20.8361201286881,0.0 -102.789046419118,20.8361038084913,0.0 -102.789054101909,20.8360874851934,0.0 -102.789061777514,20.8360711589082,0.0 -102.789069446198,20.8360548297488,0.0 -102.789077108225,20.8360384978282,0.0 -102.789084763861,20.8360221632592,0.0 -102.78909241337,20.8360058261541,0.0 -102.789100057019,20.8359894866251,0.0 -102.789107695073,20.835973144784,0.0 -102.789115327797,20.8359568007425,0.0 -102.789122955458,20.8359404546121,0.0 -102.78913057832,20.8359241065038,0.0 -102.789138196651,20.8359077565288,0.0 -102.789145810715,20.8358914047978,0.0 -102.789153420779,20.8358750514213,0.0 -102.78916102711,20.83585869651,0.0 -102.789168629973,20.8358423401739,0.0 -102.789176229635,20.8358259825234,0.0 -102.789183826362,20.8358096236682,0.0 -102.789191420421,20.8357932637184,0.0 -102.789199012078,20.8357769027836,0.0 -102.789206601599,20.8357605409735,0.0 -102.789214189252,20.8357441783977,0.0 -102.789221775303,20.8357278151656,0.0 -102.789229360018,20.8357114513866,0.0 -102.789236943665,20.83569508717,0.0 -102.78924452651,20.8356787226253,0.0 -102.789252108819,20.8356623578615,0.0 -102.78925969086,20.835645992988,0.0 -102.791779704286,20.830206583827,0.0 -102.791787237838,20.8301903218783,0.0 -102.791794770983,20.8301740597635,0.0 -102.791802303318,20.830157797317,0.0 -102.791809834438,20.8301415343732,0.0 -102.791817363937,20.8301252707667,0.0 -102.791824891412,20.8301090063322,0.0 -102.791832416458,20.8300927409044,0.0 -102.791839938671,20.8300764743182,0.0 -102.791847457644,20.8300602064089,0.0 -102.791854972974,20.8300439370117,0.0 -102.791862484255,20.8300276659622,0.0 -102.791869991082,20.8300113930964,0.0 -102.79187749305,20.8299951182502,0.0 -102.791884989754,20.8299788412603,0.0 -102.791892480787,20.8299625619634,0.0 -102.791899965744,20.8299462801967,0.0 -102.791907444219,20.8299299957977,0.0 -102.791914915807,20.8299137086046,0.0 -102.791922380099,20.8298974184557,0.0 -102.791929836691,20.8298811251901,0.0 -102.791937285175,20.8298648286472,0.0 -102.791944725144,20.8298485286669,0.0 -102.79195215619,20.8298322250899,0.0 -102.791959577907,20.8298159177573,0.0 -102.791966989886,20.8297996065109,0.0 -102.791974391719,20.829783291193,0.0 -102.791981782998,20.8297669716468,0.0 -102.791989163314,20.829750647716,0.0 -102.792239514397,20.8291783335807,0.0 -102.792475893144,20.8286007920228,0.0 -102.792482461191,20.8285841642006,0.0 -102.792489018068,20.8285675324826,0.0 -102.792495564187,20.8285508970193,0.0 -102.792502099959,20.8285342579604,0.0 -102.792508625796,20.8285176154553,0.0 -102.792515142109,20.8285009696524,0.0 -102.792521649311,20.8284843206996,0.0 -102.792528147814,20.828467668744,0.0 -102.792534638032,20.8284510139325,0.0 -102.792541120376,20.8284343564112,0.0 -102.792547595261,20.8284176963257,0.0 -102.792554063099,20.8284010338212,0.0 -102.792560524303,20.8283843690423,0.0 -102.792566979289,20.8283677021333,0.0 -102.792573428468,20.828351033238,0.0 -102.792579872256,20.8283343624999,0.0 -102.792586311066,20.828317690062,0.0 -102.792592745313,20.8283010160672,0.0 -102.79259917541,20.8282843406578,0.0 -102.792605601773,20.8282676639761,0.0 -102.792612024816,20.8282509861641,0.0 -102.792618444954,20.8282343073634,0.0 -102.792624862601,20.8282176277156,0.0 -102.792631278171,20.828200947362,0.0 -102.792637692081,20.828184266444,0.0 -102.792644104744,20.8281675851025,0.0 -102.792650516576,20.8281509034787,0.0 -102.792656927992,20.8281342217136,0.0 -102.7934171858,20.8261560623895,0.0 -102.79342364565,20.8261392542176,0.0 -102.793430106236,20.8261224462958,0.0 -102.793436568294,20.8261056388745,0.0 -102.793443032562,20.8260888322045,0.0 -102.793449499777,20.8260720265366,0.0 -102.793455970675,20.8260552221223,0.0 -102.793462445993,20.8260384192132,0.0 -102.793468926468,20.8260216180615,0.0 -102.793475412836,20.8260048189201,0.0 -102.793481905832,20.8259880220425,0.0 -102.793488406193,20.825971227683,0.0 -102.793494914653,20.8259544360967,0.0 -102.793501431948,20.8259376475398,0.0 -102.793507958812,20.8259208622693,0.0 -102.79351449598,20.8259040805435,0.0 -102.793521044185,20.8258873026218,0.0 -102.79352760416,20.8258705287648,0.0 -102.793534176637,20.8258537592348,0.0 -102.793540762349,20.8258369942951,0.0 -102.793547362028,20.8258202342109,0.0 -102.793553976403,20.8258034792489,0.0 -102.793560606205,20.8257867296774,0.0 -102.793567252164,20.8257699857665,0.0 -102.793573915008,20.8257532477885,0.0 -102.793580595464,20.8257365160172,0.0 -102.79358729426,20.8257197907288,0.0 -102.793594012122,20.8257030722013,0.0 -102.793600749776,20.8256863607153,0.0 -102.793607507944,20.8256696565533,0.0 -102.793614287351,20.8256529600005,0.0 -102.793621088719,20.8256362713444,0.0 -102.793627912768,20.8256195908749,0.0 -102.79363476022,20.8256029188849,0.0 -102.793641631792,20.8255862556696,0.0 -102.793648528203,20.8255696015273,0.0 -102.793655450168,20.8255529567591,0.0 -102.793662398404,20.8255363216688,0.0 -102.793669373623,20.8255196965637,0.0 -102.793676376539,20.8255030817537,0.0 -102.793683407862,20.8254864775523,0.0 -102.793690468302,20.8254698842761,0.0 -102.793697558566,20.825453302245,0.0 -102.793704679362,20.8254367317825,0.0 -102.793711831394,20.8254201732156,0.0 -102.793719015365,20.8254036268746,0.0 -102.793726231978,20.825387093094,0.0 -102.79373348193,20.8253705722115,0.0 -102.793740765921,20.825354064569,0.0 -102.793861243809,20.8250934252026,0.0 -102.793990385243,20.8248364791368,0.0 -102.794128062283,20.824583480847,0.0 -102.794274138536,20.8243346808978,0.0 -102.794428469293,20.8240903256947,0.0 -102.794590901673,20.8238506572406,0.0 -102.794761274774,20.8236159128955,0.0 -102.794772250032,20.823601320976,0.0 -102.794783255344,20.82358674908,0.0 -102.794794290032,20.8235721968343,0.0 -102.794805353417,20.8235576638624,0.0 -102.794816444826,20.8235431497844,0.0 -102.794827563586,20.823528654217,0.0 -102.794838709027,20.8235141767736,0.0 -102.794849880482,20.8234997170646,0.0 -102.794861077286,20.8234852746972,0.0 -102.794872298774,20.8234708492758,0.0 -102.794883544288,20.8234564404016,0.0 -102.794894813167,20.8234420476731,0.0 -102.794906104754,20.8234276706861,0.0 -102.794917418396,20.8234133090337,0.0 -102.794928753439,20.8233989623063,0.0 -102.794940109233,20.823384630092,0.0 -102.794951485129,20.8233703119762,0.0 -102.794962880479,20.823356007542,0.0 -102.794974294638,20.8233417163705,0.0 -102.794985726962,20.8233274380401,0.0 -102.79499717681,20.8233131721275,0.0 -102.795008643542,20.8232989182072,0.0 -102.795020126517,20.8232846758516,0.0 -102.7950316251,20.8232704446313,0.0 -102.795043138653,20.8232562241151,0.0 -102.795054666544,20.8232420138701,0.0 -102.795066208138,20.8232278134615,0.0 -102.795077762803,20.8232136224531,0.0 -102.79508932991,20.8231994404072,0.0 -102.795100908828,20.8231852668844,0.0 -102.79511249893,20.8231711014442,0.0 -102.795124099587,20.8231569436447,0.0 -102.795135710174,20.8231427930426,0.0 -102.795147330066,20.8231286491937,0.0 -102.795158958638,20.8231145116525,0.0 -102.795170595265,20.8231003799728,0.0 -102.795182239327,20.823086253707,0.0 -102.795193890199,20.823072132407,0.0 -102.795205547262,20.8230580156238,0.0 -102.795217209893,20.8230439029077,0.0 -102.795228877473,20.8230297938083,0.0 -102.795240549381,20.8230156878746,0.0 -102.795252224999,20.8230015846551,0.0 -102.795263903707,20.8229874836981,0.0 -102.795275584886,20.8229733845511,0.0 -102.795287267918,20.8229592867618,0.0 -102.795298952184,20.8229451898773,0.0 -102.795310637066,20.8229310934448,0.0 -102.799830290645,20.8174784638917,0.0 -102.799841769729,20.8174646144143,0.0 -102.799853248491,20.8174507647028,0.0 -102.799864726616,20.817436914524,0.0 -102.799876203783,20.8174230636447,0.0 -102.799887679675,20.817409211832,0.0 -102.799899153973,20.8173953588528,0.0 -102.799910626359,20.8173815044742,0.0 -102.799922096514,20.8173676484636,0.0 -102.79993356412,20.8173537905881,0.0 -102.799945028858,20.8173399306155,0.0 -102.799956490408,20.8173260683133,0.0 -102.799967948452,20.8173122034495,0.0 -102.79997940267,20.8172983357922,0.0 -102.799990852743,20.8172844651096,0.0 -102.800002298352,20.8172705911705,0.0 -102.800013739175,20.8172567137436,0.0 -102.800025174894,20.8172428325982,0.0 -102.800036605187,20.8172289475037,0.0 -102.800881015796,20.8161711157878,0.0 -102.800892002694,20.8161569178458,0.0 -102.800902984043,20.8161427161097,0.0 -102.800913960168,20.8161285108044,0.0 -102.800924931393,20.8161143021545,0.0 -102.800935898046,20.8161000903842,0.0 -102.80094686045,20.8160858757175,0.0 -102.800957818932,20.8160716583781,0.0 -102.800968773819,20.8160574385895,0.0 -102.800979725435,20.8160432165751,0.0 -102.800990674108,20.8160289925578,0.0 -102.801001620164,20.8160147667605,0.0 -102.801012563929,20.816000539406,0.0 -102.801023505731,20.8159863107169,0.0 -102.801034445896,20.8159720809156,0.0 -102.801045384751,20.8159578502245,0.0 -102.801056322622,20.8159436188659,0.0 -102.801067259838,20.8159293870621,0.0 -102.801078196724,20.8159151550352,0.0 -102.807711378479,20.8072827422134,0.0 -102.80772219387,20.8072686660157,0.0 -102.80773300937,20.8072545898922,0.0 -102.80774382509,20.8072405139184,0.0 -102.807754641139,20.8072264381693,0.0 -102.807765457629,20.8072123627202,0.0 -102.807776274671,20.8071982876464,0.0 -102.807787092375,20.8071842130231,0.0 -102.807797910852,20.8071701389256,0.0 -102.807808730213,20.8071560654291,0.0 -102.807819550568,20.807141992609,0.0 -102.807830372027,20.8071279205406,0.0 -102.807841194703,20.8071138492992,0.0 -102.807852018704,20.8070997789602,0.0 -102.808967322711,20.805665014944,0.0 -102.808978294613,20.8056510463103,0.0 -102.808989267831,20.8056370785914,0.0 -102.809000242256,20.8056231117111,0.0 -102.809011217777,20.8056091455933,0.0 -102.809022194285,20.8055951801615,0.0 -102.80903317167,20.8055812153396,0.0 -102.809044149821,20.8055672510512,0.0 -102.80905512863,20.8055532872201,0.0 -102.809066107985,20.8055393237698,0.0 -102.809077087778,20.8055253606241,0.0 -102.809088067899,20.8055113977065,0.0 -102.809099048236,20.8054974349408,0.0 -102.809110028682,20.8054834722506,0.0 -102.824340228849,20.7861134417209,0.0 -102.824351554944,20.7860990345081,0.0 -102.824362881198,20.7860846274062,0.0 -102.824374207772,20.786070220527,0.0 -102.824385534826,20.7860558139822,0.0 -102.824396862521,20.7860414078839,0.0 -102.824408191018,20.7860270023437,0.0 -102.824419520477,20.7860125974737,0.0 -102.82443085106,20.7859981933857,0.0 -102.824442182927,20.7859837901917,0.0 -102.824453516239,20.7859693880037,0.0 -102.824464851156,20.7859549869336,0.0 -102.824476187839,20.7859405870937,0.0 -102.824487526449,20.7859261885959,0.0 -102.824498867146,20.7859117915526,0.0 -102.824510210091,20.785897396076,0.0 -102.824521555444,20.7858830022783,0.0 -102.824532903365,20.7858686102719,0.0 -102.824544254016,20.7858542201694,0.0 -102.824555607555,20.7858398320833,0.0 -102.824566964143,20.7858254461262,0.0 -102.824578323941,20.7858110624108,0.0 -102.824589687109,20.78579668105,0.0 -102.824601053805,20.7857823021566,0.0 -102.824612424191,20.7857679258437,0.0 -102.824623798426,20.7857535522244,0.0 -102.82463517667,20.7857391814119,0.0 -102.824646559082,20.7857248135197,0.0 -102.824657945822,20.7857104486612,0.0 -102.82466933705,20.78569608695,0.0 -102.824680732923,20.7856817284998,0.0 -102.824692133603,20.7856673734246,0.0 -102.824703539247,20.7856530218383,0.0 -102.824714950016,20.7856386738552,0.0 -102.824726366066,20.7856243295896,0.0 -102.824737787559,20.7856099891559,0.0 -102.824749214651,20.7855956526688,0.0 -102.824760647501,20.7855813202431,0.0 -102.824772086269,20.7855669919937,0.0 -102.824783531111,20.7855526680358,0.0 -102.824794982186,20.7855383484848,0.0 -102.824806439652,20.7855240334562,0.0 -102.824817903666,20.7855097230656,0.0 -102.824829374386,20.7854954174289,0.0 -102.82484085197,20.7854811166623,0.0 -102.824852336575,20.7854668208821,0.0 -102.824863828357,20.7854525302046,0.0 -102.824875327474,20.7854382447468,0.0 -102.824886834083,20.7854239646254,0.0 -102.82489834834,20.7854096899577,0.0 -102.824909870401,20.7853954208609,0.0 -102.824921400422,20.7853811574528,0.0 -102.82493293856,20.7853668998511,0.0 -102.82494448497,20.785352648174,0.0 -102.824956039809,20.7853384025397,0.0 -102.82496760323,20.7853241630668,0.0 -102.82497917539,20.7853099298741,0.0 -102.824990756443,20.7852957030808,0.0 -102.825002346545,20.7852814828062,0.0 -102.825013945849,20.7852672691698,0.0 -102.82502555451,20.7852530622915,0.0 -102.825037172682,20.7852388622915,0.0 -102.825048800519,20.7852246692902,0.0 -102.825060438174,20.7852104834084,0.0 -102.825617701302,20.7845530080611,0.0 -102.826196386613,20.7839121099933,0.0 -102.826795936658,20.7832884063292,0.0 -102.827415773924,20.7826824976314,0.0 -102.828055301379,20.7820949673232,0.0 -102.828713903058,20.7815263811275,0.0 -102.82939094465,20.7809772865225,0.0 -102.830085774109,20.7804482122155,0.0 -102.830100768878,20.7804371597789,0.0 -102.830115771291,20.7804261165217,0.0 -102.830130781219,20.7804150823004,0.0 -102.830145798531,20.7804040569713,0.0 -102.8301608231,20.7803930403904,0.0 -102.830175854797,20.7803820324135,0.0 -102.830190893493,20.7803710328962,0.0 -102.83020593906,20.780360041694,0.0 -102.83022099137,20.780349058662,0.0 -102.830236050297,20.7803380836551,0.0 -102.830251115712,20.7803271165282,0.0 -102.830266187488,20.7803161571359,0.0 -102.8302812655,20.7803052053326,0.0 -102.83029634962,20.7802942609724,0.0 -102.830311439722,20.7802833239095,0.0 -102.83032653568,20.7802723939976,0.0 -102.830341637369,20.7802614710904,0.0 -102.830356744662,20.7802505550415,0.0 -102.830371857435,20.7802396457041,0.0 -102.830386975563,20.7802287429315,0.0 -102.83040209892,20.7802178465767,0.0 -102.830417227382,20.7802069564925,0.0 -102.830432360825,20.7801960725316,0.0 -102.830447499124,20.7801851945465,0.0 -102.830462642155,20.7801743223898,0.0 -102.830477789795,20.7801634559136,0.0 -102.830492941919,20.7801525949701,0.0 -102.830508098405,20.7801417394113,0.0 -102.830523259129,20.780130889089,0.0 -102.830538423968,20.780120043855,0.0 -102.830553592799,20.7801092035609,0.0 -102.830568765499,20.7800983680583,0.0 -102.830583941946,20.7800875371984,0.0 -102.830599122017,20.7800767108327,0.0 -102.83061430559,20.7800658888121,0.0 -102.830629492543,20.7800550709879,0.0 -102.830644682754,20.7800442572109,0.0 -102.8306598761,20.780033447332,0.0 -102.83067507246,20.7800226412021,0.0 -102.830690271713,20.7800118386717,0.0 -102.830705473736,20.7800010395915,0.0 -102.830720678409,20.779990243812,0.0 -102.830735885611,20.7799794511836,0.0 -102.830751095219,20.7799686615567,0.0 -102.830766307114,20.7799578747815,0.0 -102.830781521173,20.7799470907084,0.0 -102.830796737276,20.7799363091874,0.0 -102.830811955303,20.7799255300686,0.0 -102.830827175132,20.7799147532021,0.0 -102.830842396644,20.7799039784379,0.0 -102.830857619716,20.7798932056259,0.0 -102.83087284423,20.779882434616,0.0 -102.830888070063,20.779871665258,0.0 -102.830903297097,20.7798608974018,0.0 -102.83091852521,20.779850130897,0.0 -102.830933754283,20.7798393655936,0.0 -102.830948984195,20.779828601341,0.0 -102.830964214825,20.7798178379892,0.0 -102.830979446054,20.7798070753876,0.0 -102.830994677762,20.7797963133861,0.0 -102.831009909828,20.7797855518341,0.0 -102.831025142132,20.7797747905813,0.0 -102.831040374554,20.7797640294774,0.0 -102.856951861526,20.761454253624,0.0 -102.856967125015,20.7614434654549,0.0 -102.856982388589,20.7614326773923,0.0 -102.856997652334,20.7614218895445,0.0 -102.857012916335,20.7614111020195,0.0 -102.857028180681,20.7614003149256,0.0 -102.857043445455,20.7613895283708,0.0 -102.857058710747,20.7613787424634,0.0 -102.85707397664,20.7613679573116,0.0 -102.857089243223,20.7613571730235,0.0 -102.857104510581,20.7613463897074,0.0 -102.8571197788,20.7613356074714,0.0 -102.857135047967,20.7613248264239,0.0 -102.857150318167,20.761314046673,0.0 -102.857165589488,20.7613032683271,0.0 -102.857180862015,20.7612924914945,0.0 -102.857196135835,20.7612817162835,0.0 -102.857211411033,20.7612709428025,0.0 -102.857226687696,20.7612601711599,0.0 -102.857241965909,20.7612494014641,0.0 -102.857257245758,20.7612386338234,0.0 -102.85727252733,20.7612278683466,0.0 -102.857287810711,20.761217105142,0.0 -102.857303095985,20.7612063443183,0.0 -102.857318383239,20.761195585984,0.0 -102.857333672559,20.7611848302478,0.0 -102.857348964029,20.7611740772183,0.0 -102.857364257736,20.7611633270044,0.0 -102.857379553766,20.7611525797148,0.0 -102.857394852203,20.7611418354584,0.0 -102.857410153133,20.761131094344,0.0 -102.857425456641,20.7611203564805,0.0 -102.857440762812,20.761109621977,0.0 -102.857456071732,20.7610988909425,0.0 -102.857471383485,20.7610881634861,0.0 -102.857486698157,20.761077439717,0.0 -102.857502015831,20.7610667197444,0.0 -102.857517336594,20.7610560036776,0.0 -102.85753266053,20.761045291626,0.0 -102.857547987723,20.761034583699,0.0 -102.857563318257,20.761023880006,0.0 -102.857578652218,20.7610131806568,0.0 -102.857593989688,20.7610024857607,0.0 -102.857609330754,20.7609917954277,0.0 -102.857624675498,20.7609811097675,0.0 -102.857640024004,20.76097042889,0.0 -102.857655376357,20.760959752905,0.0 -102.857670732639,20.7609490819227,0.0 -102.857686092935,20.7609384160531,0.0 -102.857701457328,20.7609277554064,0.0 -102.857716825902,20.7609171000929,0.0 -102.857732198739,20.760906450223,0.0 -102.857747575922,20.7608958059072,0.0 -102.857762957535,20.7608851672559,0.0 -102.857778343661,20.7608745343799,0.0 -102.857793734381,20.7608639073898,0.0 -102.857809129779,20.7608532863966,0.0 -102.857824529937,20.760842671511,0.0 -102.857839934936,20.7608320628443,0.0 -102.85785534486,20.7608214605074,0.0 -102.85787075979,20.7608108646117,0.0 -102.857886179808,20.7608002752684,0.0 -102.857901604995,20.7607896925891,0.0 -102.857917035434,20.7607791166853,0.0 -102.857932471204,20.7607685476687,0.0 -102.857947912387,20.760757985651,0.0 -102.857963359065,20.7607474307442,0.0 -102.857978811318,20.7607368830602,0.0 -102.857994269226,20.7607263427111,0.0 -102.85800973287,20.7607158098094,0.0 -102.858025202331,20.7607052844671,0.0 -102.858040677688,20.760694766797,0.0 -102.858056159021,20.7606842569116,0.0 -102.85807164641,20.7606737549235,0.0 -102.858087139934,20.7606632609458,0.0 -102.858102639673,20.7606527750913,0.0 -102.858118145705,20.7606422974732,0.0 -102.85813365811,20.7606318282047,0.0 -102.858149176967,20.7606213673992,0.0 -102.858164702353,20.7606109151703,0.0 -102.858180234347,20.7606004716316,0.0 -102.858195773027,20.7605900368968,0.0 -102.858211318472,20.76057961108,0.0 -102.858226870758,20.7605691942951,0.0 -102.858242429963,20.7605587866564,0.0 -102.858257996164,20.7605483882782,0.0 -102.858273569439,20.7605379992751,0.0 -102.858289149863,20.7605276197617,0.0 -102.858304737514,20.7605172498527,0.0 -102.85907002339,20.7600256573793,0.0 -102.859851722626,20.7595574726158,0.0 -102.86064902623,20.7591131800539,0.0 -102.861461109081,20.7586932394606,0.0 -102.862287130788,20.7582980854025,0.0 -102.862304288345,20.7582902082414,0.0 -102.862321451384,20.7582823416563,0.0 -102.862338619836,20.7582744855288,0.0 -102.862355793631,20.7582666397407,0.0 -102.862372972698,20.7582588041735,0.0 -102.862390156969,20.7582509787084,0.0 -102.862407346374,20.7582431632269,0.0 -102.862424540844,20.7582353576099,0.0 -102.86244174031,20.7582275617386,0.0 -102.862458944704,20.758219775494,0.0 -102.862476153956,20.7582119987567,0.0 -102.862493368,20.7582042314076,0.0 -102.862510586767,20.7581964733273,0.0 -102.862527810189,20.7581887243962,0.0 -102.862545038199,20.7581809844948,0.0 -102.86256227073,20.7581732535034,0.0 -102.862579507714,20.7581655313022,0.0 -102.862596749085,20.7581578177713,0.0 -102.862613994777,20.7581501127907,0.0 -102.862631244722,20.7581424162403,0.0 -102.862648498854,20.758134728,0.0 -102.862665757108,20.7581270479496,0.0 -102.862683019418,20.7581193759685,0.0 -102.862700285717,20.7581117119365,0.0 -102.862717555941,20.758104055733,0.0 -102.862734830024,20.7580964072373,0.0 -102.862752107902,20.7580887663288,0.0 -102.862769389509,20.7580811328867,0.0 -102.86278667478,20.7580735067901,0.0 -102.862803963651,20.7580658879182,0.0 -102.862821256058,20.7580582761498,0.0 -102.862838551937,20.7580506713639,0.0 -102.862855851222,20.7580430734393,0.0 -102.862873153852,20.7580354822548,0.0 -102.862890459761,20.7580278976891,0.0 -102.862907768886,20.7580203196207,0.0 -102.862925081165,20.7580127479283,0.0 -102.862942396533,20.7580051824902,0.0 -102.862959714927,20.757997623185,0.0 -102.862977036285,20.7579900698909,0.0 -102.862994360544,20.7579825224863,0.0 -102.863011687641,20.7579749808493,0.0 -102.863029017514,20.7579674448581,0.0 -102.8630463501,20.7579599143908,0.0 -102.863063685337,20.7579523893255,0.0 -102.863081023163,20.7579448695401,0.0 -102.863098363516,20.7579373549126,0.0 -102.863115706334,20.7579298453208,0.0 -102.863133051555,20.7579223406426,0.0 -102.863150399117,20.7579148407557,0.0 -102.86316774896,20.7579073455378,0.0 -102.863185101021,20.7578998548667,0.0 -102.86320245524,20.7578923686199,0.0 -102.863219811555,20.757884886675,0.0 -102.863237169905,20.7578774089095,0.0 -102.863254530229,20.757869935201,0.0 -102.863271892466,20.7578624654268,0.0 -102.863289256556,20.7578549994645,0.0 -102.863306622437,20.7578475371912,0.0 -102.86332399005,20.7578400784845,0.0 -102.863341359333,20.7578326232215,0.0 -102.863358730226,20.7578251712795,0.0 -102.863376102669,20.7578177225357,0.0 -102.863393476602,20.7578102768674,0.0 -102.863410851963,20.7578028341517,0.0 -102.863428228694,20.7577953942656,0.0 -102.863445606734,20.7577879570864,0.0 -102.863462986022,20.7577805224909,0.0 -102.8634803665,20.7577730903565,0.0 -102.863497748107,20.7577656605599,0.0 -102.863515130783,20.7577582329782,0.0 -102.863532514469,20.7577508074884,0.0 -102.863549899104,20.7577433839675,0.0 -102.86356728463,20.7577359622923,0.0 -102.863584670986,20.7577285423397,0.0 -102.863602058113,20.7577211239867,0.0 -102.863619445951,20.7577137071101,0.0 -102.863636834441,20.7577062915868,0.0 -102.863654223523,20.7576988772936,0.0 -102.863671613138,20.7576914641074,0.0 -102.863689003226,20.7576840519049,0.0 -102.863706393728,20.7576766405631,0.0 -102.863723784585,20.7576692299586,0.0 -102.863741175737,20.7576618199683,0.0 -102.863758567124,20.757654410469,0.0 -102.863775958689,20.7576470013374,0.0 -102.86379335037,20.7576395924504,0.0 -102.863810742109,20.7576321836847,0.0 -102.91089935998,20.7375633554079,0.0 -102.910916752837,20.737555939189,0.0 -102.910934145651,20.7375485228806,0.0 -102.910951538379,20.7375411063954,0.0 -102.910968930978,20.7375336896458,0.0 -102.910986323408,20.7375262725443,0.0 -102.911003715625,20.7375188550034,0.0 -102.911021107588,20.7375114369357,0.0 -102.911038499254,20.7375040182536,0.0 -102.91105589058,20.7374965988697,0.0 -102.911073281526,20.7374891786966,0.0 -102.911090672049,20.7374817576467,0.0 -102.911108062105,20.7374743356325,0.0 -102.911125451654,20.7374669125668,0.0 -102.911142840653,20.7374594883619,0.0 -102.911160229059,20.7374520629305,0.0 -102.911177616831,20.7374446361851,0.0 -102.911195003925,20.7374372080384,0.0 -102.9112123903,20.7374297784028,0.0 -102.911229775913,20.7374223471911,0.0 -102.911247160722,20.7374149143158,0.0 -102.911264544684,20.7374074796896,0.0 -102.911281927757,20.7374000432251,0.0 -102.911299309899,20.7373926048349,0.0 -102.911316691066,20.7373851644317,0.0 -102.911334071216,20.7373777219282,0.0 -102.911351450307,20.7373702772371,0.0 -102.911368828296,20.7373628302712,0.0 -102.911386205141,20.7373553809431,0.0 -102.911403580797,20.7373479291655,0.0 -102.911420955224,20.7373404748514,0.0 -102.911438328378,20.7373330179133,0.0 -102.911455700216,20.7373255582642,0.0 -102.911473070695,20.7373180958169,0.0 -102.911490439772,20.7373106304842,0.0 -102.911507807405,20.737303162179,0.0 -102.91152517355,20.7372956908141,0.0 -102.911542538164,20.7372882163025,0.0 -102.911559901205,20.7372807385571,0.0 -102.911577262628,20.7372732574908,0.0 -102.911594622391,20.7372657730168,0.0 -102.911611980449,20.7372582850478,0.0 -102.911629336761,20.7372507934971,0.0 -102.911646691282,20.7372432982775,0.0 -102.91166404397,20.7372357993024,0.0 -102.911681394779,20.7372282964846,0.0 -102.911698743667,20.7372207897374,0.0 -102.91171609059,20.737213278974,0.0 -102.911733435505,20.7372057641076,0.0 -102.911750778367,20.7371982450513,0.0 -102.911768119132,20.7371907217185,0.0 -102.911785457757,20.7371831940225,0.0 -102.911802794197,20.7371756618765,0.0 -102.911820128409,20.737168125194,0.0 -102.911837460348,20.7371605838883,0.0 -102.91185478997,20.7371530378728,0.0 -102.91187211723,20.7371454870611,0.0 -102.911889442084,20.7371379313666,0.0 -102.911906764488,20.7371303707029,0.0 -102.911924084396,20.7371228049835,0.0 -102.911941401765,20.7371152341221,0.0 -102.911958716549,20.7371076580323,0.0 -102.911976028704,20.7371000766278,0.0 -102.911993338184,20.7370924898223,0.0 -102.912010644944,20.7370848975296,0.0 -102.91202794894,20.7370772996636,0.0 -102.912045250126,20.737069696138,0.0 -102.912062548457,20.7370620868668,0.0 -102.912079843887,20.7370544717639,0.0 -102.912097136371,20.7370468507434,0.0 -102.912114425862,20.7370392237192,0.0 -102.912131712317,20.7370315906054,0.0 -102.912148995687,20.7370239513161,0.0 -102.912166275928,20.7370163057656,0.0 -102.912183552994,20.7370086538681,0.0 -102.912200826838,20.7370009955377,0.0 -102.912218097414,20.7369933306889,0.0 -102.912235364676,20.736985659236,0.0 -102.912252628577,20.7369779810934,0.0 -102.91226988907,20.7369702961757,0.0 -102.912287146109,20.7369626043972,0.0 -102.912304399647,20.7369549056727,0.0 -102.912321649638,20.7369471999167,0.0 -102.912338896033,20.736939487044,0.0 -102.912356138786,20.7369317669692,0.0 -102.912373377849,20.7369240396073,0.0 -102.912390613175,20.7369163048729,0.0 -102.912407844717,20.7369085626811,0.0 -102.912425072426,20.7369008129468,0.0 -102.912442296255,20.7368930555851,0.0 -102.912459516156,20.7368852905111,0.0 -102.912476732081,20.7368775176398,0.0 -102.912493943982,20.7368697368866,0.0 -102.912511151809,20.7368619481667,0.0 -102.913704881716,20.7362970088393,0.0 -102.914876984646,20.7356933287241,0.0 -102.916026040408,20.7350516393082,0.0 -102.917150656791,20.7343727181349,0.0 -102.918249471245,20.73365738786,0.0 -102.918264979547,20.7336469062851,0.0 -102.918280482363,20.7336364175325,0.0 -102.91829597975,20.7336259216825,0.0 -102.918311471763,20.7336154188156,0.0 -102.91832695846,20.7336049090122,0.0 -102.918342439895,20.7335943923526,0.0 -102.918357916126,20.7335838689168,0.0 -102.918373387209,20.733573338785,0.0 -102.9183888532,20.7335628020373,0.0 -102.918404314157,20.7335522587536,0.0 -102.918419770136,20.7335417090138,0.0 -102.918435221194,20.7335311528977,0.0 -102.918450667388,20.733520590485,0.0 -102.918466108776,20.7335100218554,0.0 -102.918481545414,20.7334994470884,0.0 -102.918496977361,20.7334888662637,0.0 -102.918512404672,20.7334782794606,0.0 -102.918527827407,20.7334676867586,0.0 -102.918543245623,20.7334570882369,0.0 -102.918558659378,20.7334464839747,0.0 -102.918574068729,20.7334358740514,0.0 -102.918589473734,20.7334252585459,0.0 -102.918604874452,20.7334146375374,0.0 -102.918620270941,20.7334040111048,0.0 -102.918635663259,20.733393379327,0.0 -102.918651051464,20.733382742283,0.0 -102.918666435615,20.7333721000514,0.0 -102.918681815771,20.7333614527111,0.0 -102.91869719199,20.7333508003407,0.0 -102.91871256433,20.7333401430189,0.0 -102.918727932851,20.7333294808241,0.0 -102.918743297612,20.7333188138349,0.0 -102.918758658671,20.7333081421299,0.0 -102.918774016087,20.7332974657872,0.0 -102.91878936992,20.7332867848854,0.0 -102.918804720229,20.7332760995026,0.0 -102.918820067073,20.7332654097171,0.0 -102.918835410512,20.7332547156071,0.0 -102.918850750604,20.7332440172507,0.0 -102.91886608741,20.7332333147261,0.0 -102.918881420989,20.7332226081111,0.0 -102.918896751401,20.7332118974839,0.0 -102.918912078704,20.7332011829223,0.0 -102.918927402961,20.7331904645042,0.0 -102.918942724229,20.7331797423075,0.0 -102.918958042569,20.73316901641,0.0 -102.918973358041,20.7331582868894,0.0 -102.918988670704,20.7331475538234,0.0 -102.91900398062,20.7331368172898,0.0 -102.919019287848,20.7331260773661,0.0 -102.919034592449,20.7331153341298,0.0 -102.919049894482,20.7331045876587,0.0 -102.919065194008,20.7330938380301,0.0 -102.919080491088,20.7330830853216,0.0 -102.919095785782,20.7330723296105,0.0 -102.91911107815,20.7330615709744,0.0 -102.919126368252,20.7330508094904,0.0 -102.919141656151,20.7330400452361,0.0 -102.919156941905,20.7330292782886,0.0 -102.919172225576,20.7330185087252,0.0 -102.919187507225,20.7330077366232,0.0 -102.919202786912,20.7329969620598,0.0 -102.919218064698,20.732986185112,0.0 -102.919233340644,20.7329754058572,0.0 -102.91924861481,20.7329646243724,0.0 -102.919263887259,20.7329538407346,0.0 -102.91927915805,20.7329430550211,0.0 -102.919294427245,20.7329322673086,0.0 -102.919309694905,20.7329214776744,0.0 -102.919324961091,20.7329106861954,0.0 -102.919340225863,20.7328998929486,0.0 -102.919355489284,20.7328890980109,0.0 -102.919370751414,20.7328783014592,0.0 -102.919386012314,20.7328675033704,0.0 -102.919401272046,20.7328567038215,0.0 -102.919416530671,20.7328459028894,0.0 -102.919431788249,20.7328351006507,0.0 -102.919447044844,20.7328242971825,0.0 -102.919462300515,20.7328134925615,0.0 -102.919477555324,20.7328026868646,0.0 -102.919492809332,20.7327918801684,0.0 -102.919508062601,20.7327810725499,0.0 -102.919523315192,20.7327702640859,0.0 -102.919538567167,20.7327594548529,0.0 -102.919553818586,20.7327486449279,0.0 -102.919569069512,20.7327378343876,0.0 -102.919584320006,20.7327270233086,0.0 -102.919599570129,20.7327162117678,0.0 -102.919614819942,20.7327053998419,0.0 -102.919630069507,20.7326945876076,0.0 -102.919645318886,20.7326837751415,0.0 -102.91966056814,20.7326729625205,0.0 -102.919675817331,20.7326621498212,0.0 -102.933210779728,20.7230637337437,0.0 -102.933225982768,20.7230529510695,0.0 -102.933241185868,20.723042168472,0.0 -102.933256389091,20.7230313860292,0.0 -102.9332715925,20.7230206038193,0.0 -102.933286796158,20.7230098219206,0.0 -102.933302000126,20.7229990404111,0.0 -102.933317204468,20.722988259369,0.0 -102.933332409246,20.7229774788725,0.0 -102.933347614523,20.7229666989998,0.0 -102.933362820362,20.722955919829,0.0 -102.933378026824,20.7229451414384,0.0 -102.933393233973,20.7229343639062,0.0 -102.933408441871,20.7229235873106,0.0 -102.93342365058,20.7229128117299,0.0 -102.933438860163,20.7229020372421,0.0 -102.933454070683,20.7228912639257,0.0 -102.933469282202,20.7228804918589,0.0 -102.933484494782,20.72286972112,0.0 -102.933499708486,20.7228589517872,0.0 -102.933514923376,20.722848183939,0.0 -102.933530139515,20.7228374176536,0.0 -102.933545356964,20.7228266530093,0.0 -102.933560575787,20.7228158900847,0.0 -102.933575796046,20.722805128958,0.0 -102.933591017802,20.7227943697077,0.0 -102.933606241118,20.7227836124122,0.0 -102.933621466056,20.72277285715,0.0 -102.933636692678,20.7227621039997,0.0 -102.933651921047,20.7227513530396,0.0 -102.933667151224,20.7227406043484,0.0 -102.933682383272,20.7227298580046,0.0 -102.933697617253,20.7227191140869,0.0 -102.933712853227,20.7227083726738,0.0 -102.933728091258,20.722697633844,0.0 -102.933743331408,20.7226868976763,0.0 -102.933758573737,20.7226761642493,0.0 -102.933773818308,20.7226654336418,0.0 -102.933789065183,20.7226547059326,0.0 -102.933804314422,20.7226439812005,0.0 -102.933819566089,20.7226332595244,0.0 -102.933834820243,20.7226225409832,0.0 -102.933850076948,20.7226118256559,0.0 -102.933865336264,20.7226011136214,0.0 -102.933880598253,20.7225904049588,0.0 -102.933895862975,20.722579699747,0.0 -102.933911130493,20.7225689980653,0.0 -102.933926400867,20.7225582999927,0.0 -102.933941674159,20.7225476056085,0.0 -102.93395695043,20.7225369149918,0.0 -102.93397222974,20.722526228222,0.0 -102.933987512151,20.7225155453784,0.0 -102.934002797724,20.7225048665404,0.0 -102.934018086519,20.7224941917874,0.0 -102.934033378597,20.7224835211988,0.0 -102.934048674019,20.7224728548543,0.0 -102.934063972845,20.7224621928333,0.0 -102.934079275137,20.7224515352155,0.0 -102.934094580953,20.7224408820806,0.0 -102.934109890355,20.7224302335082,0.0 -102.934125203403,20.7224195895783,0.0 -102.934140520158,20.7224089503706,0.0 -102.934155840678,20.7223983159651,0.0 -102.934171165025,20.7223876864416,0.0 -102.934186493258,20.7223770618803,0.0 -102.934201825438,20.7223664423612,0.0 -102.934217161623,20.7223558279644,0.0 -102.934232501874,20.7223452187701,0.0 -102.93424784625,20.7223346148587,0.0 -102.934263194811,20.7223240163103,0.0 -102.934278547615,20.7223134232054,0.0 -102.934293904723,20.7223028356245,0.0 -102.934309266194,20.7222922536481,0.0 -102.934324632087,20.7222816773567,0.0 -102.93434000246,20.722271106831,0.0 -102.934355377373,20.7222605421518,0.0 -102.934370756884,20.7222499833997,0.0 -102.934386141052,20.7222394306558,0.0 -102.934401529937,20.7222288840008,0.0 -102.934416923595,20.7222183435158,0.0 -102.934432322086,20.7222078092819,0.0 -102.934447725468,20.7221972813802,0.0 -102.934463133799,20.7221867598919,0.0 -102.934478547138,20.7221762448984,0.0 -102.934493965541,20.722165736481,0.0 -102.934509389067,20.7221552347212,0.0 -102.934524817774,20.7221447397004,0.0 -102.934540251719,20.7221342515003,0.0 -102.93455569096,20.7221237702026,0.0 -102.934571135553,20.722113295889,0.0 -102.934586585557,20.7221028286414,0.0 -102.934602041028,20.7220923685417,0.0 -102.934617502024,20.7220819156719,0.0 -102.934632968601,20.7220714701141,0.0 -102.934648440815,20.7220610319505,0.0 -102.934663918724,20.7220506012634,0.0 -102.934679402384,20.722040178135,0.0 -102.934694891851,20.7220297626479,0.0 -102.934710387181,20.7220193548845,0.0 -102.934725888431,20.7220089549275,0.0 -102.934741395657,20.7219985628595,0.0 -102.934756908913,20.7219881787634,0.0 -102.934772428256,20.721977802722,0.0 -102.934787953742,20.7219674348183,0.0 -102.934803485425,20.7219570751354,0.0 -102.93481902336,20.7219467237564,0.0 -102.934834567604,20.7219363807646,0.0 -102.93485011821,20.7219260462433,0.0 -102.934865675234,20.721915720276,0.0 -102.93488123873,20.7219054029461,0.0 -102.934896808753,20.7218950943374,0.0 -102.934912385357,20.7218847945335,0.0 -102.934927968595,20.7218745036183,0.0 -102.934943558523,20.7218642216757,0.0 -102.934959155193,20.7218539487897,0.0 -102.93497475866,20.7218436850446,0.0 -102.934990368977,20.7218334305244,0.0 -102.935005986197,20.7218231853135,0.0 -102.935021610374,20.7218129494964,0.0 -102.93503724156,20.7218027231577,0.0 -102.935052879808,20.7217925063818,0.0 -102.935068525172,20.7217822992537,0.0 -102.935913105978,20.7212521606475,0.0 -102.936777020418,20.7207503583991,0.0 -102.936793397535,20.7207412237659,0.0 -102.936809781013,20.7207320992359,0.0 -102.936826170792,20.7207229847288,0.0 -102.936842566812,20.7207138801641,0.0 -102.936858969013,20.7207047854612,0.0 -102.936875377336,20.7206957005397,0.0 -102.936891791722,20.7206866253186,0.0 -102.936908212111,20.7206775597173,0.0 -102.936924638445,20.7206685036547,0.0 -102.936941070664,20.7206594570498,0.0 -102.936957508711,20.7206504198216,0.0 -102.936973952526,20.7206413918887,0.0 -102.936990402052,20.72063237317,0.0 -102.93700685723,20.720623363584,0.0 -102.937023318002,20.7206143630492,0.0 -102.93703978431,20.720605371484,0.0 -102.937056256097,20.7205963888068,0.0 -102.937072733305,20.7205874149359,0.0 -102.937089215876,20.7205784497893,0.0 -102.937105703755,20.7205694932852,0.0 -102.937122196882,20.7205605453416,0.0 -102.937138695202,20.7205516058764,0.0 -102.937155198658,20.7205426748073,0.0 -102.937171707192,20.7205337520522,0.0 -102.937188220749,20.7205248375287,0.0 -102.937204739273,20.7205159311544,0.0 -102.937221262706,20.7205070328468,0.0 -102.937237790993,20.7204981425233,0.0 -102.937254324077,20.7204892601013,0.0 -102.937270861904,20.7204803854981,0.0 -102.937287404418,20.7204715186308,0.0 -102.937303951562,20.7204626594166,0.0 -102.937320503281,20.7204538077725,0.0 -102.937337059521,20.7204449636155,0.0 -102.937353620226,20.7204361268625,0.0 -102.937370185341,20.7204272974304,0.0 -102.937386754811,20.7204184752359,0.0 -102.937403328581,20.7204096601958,0.0 -102.937419906597,20.7204008522266,0.0 -102.937436488804,20.7203920512449,0.0 -102.937453075148,20.7203832571672,0.0 -102.937469665575,20.7203744699099,0.0 -102.93748626003,20.7203656893895,0.0 -102.937502858459,20.7203569155222,0.0 -102.937519460808,20.7203481482243,0.0 -102.937536067024,20.7203393874119,0.0 -102.937552677053,20.7203306330012,0.0 -102.937569290841,20.7203218849082,0.0 -102.937585908335,20.720313143049,0.0 -102.937602529481,20.7203044073394,0.0 -102.937619154226,20.7202956776954,0.0 -102.937635782518,20.7202869540328,0.0 -102.937652414302,20.7202782362673,0.0 -102.937669049526,20.7202695243147,0.0 -102.937685688137,20.7202608180907,0.0 -102.937702330082,20.7202521175109,0.0 -102.93771897531,20.7202434224907,0.0 -102.937735623766,20.7202347329458,0.0 -102.937752275399,20.7202260487916,0.0 -102.937768930156,20.7202173699435,0.0 -102.937785587985,20.7202086963168,0.0 -102.937802248833,20.720200027827,0.0 -102.93781891265,20.7201913643891,0.0 -102.937835579382,20.7201827059185,0.0 -102.937852248978,20.7201740523304,0.0 -102.937868921385,20.7201654035398,0.0 -102.937885596553,20.7201567594619,0.0 -102.937902274429,20.7201481200116,0.0 -102.937918954962,20.720139485104,0.0 -102.9379356381,20.7201308546541,0.0 -102.937952323792,20.7201222285768,0.0 -102.937969011987,20.7201136067868,0.0 -102.937985702633,20.7201049891992,0.0 -102.938002395679,20.7200963757286,0.0 -102.938019091073,20.7200877662899,0.0 -102.938035788766,20.7200791607978,0.0 -102.938052488705,20.7200705591669,0.0 -102.93806919084,20.7200619613119,0.0 -102.938085895119,20.7200533671475,0.0 -102.938102601493,20.7200447765882,0.0 -102.938119309911,20.7200361895486,0.0 -102.938136020321,20.7200276059433,0.0 -102.938152732673,20.7200190256866,0.0 -102.938169446916,20.7200104486931,0.0 -102.938186163001,20.7200018748772,0.0 -102.938202880876,20.7199933041533,0.0 -102.938219600491,20.7199847364358,0.0 -102.938236321795,20.7199761716391,0.0 -102.93825304474,20.7199676096774,0.0 -102.938269769273,20.7199590504651,0.0 -102.938286495345,20.7199504939164,0.0 -102.938303222907,20.7199419399457,0.0 -102.938319951907,20.719933388467,0.0 -102.938336682295,20.7199248393947,0.0 -102.938353414022,20.7199162926429,0.0 -102.938370147038,20.7199077481258,0.0 -102.938386881293,20.7198992057575,0.0 -102.938403616736,20.7198906654522,0.0 -102.938420353318,20.7198821271239,0.0 -102.938437090989,20.7198735906867,0.0 -102.9384538297,20.7198650560548,0.0 -102.9384705694,20.7198565231421,0.0 -102.938487310039,20.7198479918628,0.0 -102.938504051569,20.7198394621308,0.0 -102.938520793939,20.7198309338601,0.0 -102.938537537099,20.7198224069648,0.0 -102.938554281001,20.7198138813588,0.0 -102.938571025594,20.7198053569562,0.0 -102.938587770829,20.7197968336708,0.0 -102.938604516656,20.7197883114167,0.0 -102.938621263025,20.7197797901077,0.0 -102.938638009888,20.7197712696579,0.0 -102.938654757195,20.7197627499811,0.0 -102.938671504895,20.7197542309913,0.0 -102.93868825294,20.7197457126023,0.0 -102.93870500128,20.7197371947282,0.0 -102.938721749865,20.7197286772828,0.0 -102.938738498647,20.7197201601799,0.0 -102.938755247575,20.7197116433336,0.0 -102.938771996601,20.7197031266578,0.0 -102.938788745674,20.7196946100662,0.0 -102.94396204801,20.7170639590141,0.0 -102.943977880618,20.7170559076754,0.0 -102.943993713274,20.7170478564224,0.0 -102.944009546028,20.7170398053424,0.0 -102.944025378932,20.7170317545226,0.0 -102.944041212035,20.7170237040503,0.0 -102.944057045386,20.7170156540129,0.0 -102.944072879037,20.7170076044976,0.0 -102.944088713037,20.7169995555917,0.0 -102.944104547437,20.7169915073825,0.0 -102.944120382286,20.7169834599574,0.0 -102.944136217634,20.7169754134036,0.0 -102.944152053533,20.7169673678085,0.0 -102.94416789003,20.7169593232594,0.0 -102.944183727178,20.7169512798436,0.0 -102.944199565025,20.7169432376486,0.0 -102.944215403622,20.7169351967617,0.0 -102.945591923468,20.7162432194259,0.0 -102.945607831657,20.7162353011849,0.0 -102.945623740584,20.7162273842578,0.0 -102.9456396502,20.716219468557,0.0 -102.945655560455,20.7162115539948,0.0 -102.9456714713,20.7162036404835,0.0 -102.945687382685,20.7161957279354,0.0 -102.945703294561,20.7161878162629,0.0 -102.94571920688,20.7161799053783,0.0 -102.945735119591,20.7161719951939,0.0 -102.945751032645,20.7161640856219,0.0 -102.945766945993,20.7161561765746,0.0 -102.945782859586,20.7161482679644,0.0 -102.945798773375,20.7161403597035,0.0 -102.945814687309,20.7161324517041,0.0 -102.945830601341,20.7161245438786,0.0 -102.94584651542,20.7161166361392,0.0 -102.961202213412,20.7084852620543,0.0 -102.961218817835,20.7084770088574,0.0 -102.961235422164,20.7084687554927,0.0 -102.961252026304,20.708460501794,0.0 -102.961268630162,20.7084522475951,0.0 -102.961285233646,20.7084439927301,0.0 -102.961301836662,20.7084357370326,0.0 -102.961318439116,20.7084274803368,0.0 -102.961335040915,20.7084192224765,0.0 -102.961351641966,20.7084109632857,0.0 -102.961368242175,20.7084027025983,0.0 -102.961384841449,20.7083944402484,0.0 -102.961401439694,20.7083861760699,0.0 -102.961418036816,20.708377909897,0.0 -102.961434632722,20.7083696415637,0.0 -102.961451227318,20.7083613709042,0.0 -102.96146782051,20.7083530977525,0.0 -102.961484412204,20.7083448219431,0.0 -102.961501002306,20.70833654331,0.0 -102.961517590722,20.7083282616877,0.0 -102.961534177358,20.7083199769104,0.0 -102.961550762119,20.7083116888126,0.0 -102.961567344912,20.7083033972287,0.0 -102.96158392564,20.7082951019933,0.0 -102.961600504211,20.7082868029409,0.0 -102.961617080528,20.7082784999062,0.0 -102.961633654497,20.7082701927239,0.0 -102.961650226022,20.7082618812288,0.0 -102.96166679501,20.7082535652558,0.0 -102.961683361363,20.7082452446398,0.0 -102.961699924987,20.7082369192159,0.0 -102.961716485786,20.708228588819,0.0 -102.961733043664,20.7082202532845,0.0 -102.961749598525,20.7082119124476,0.0 -102.961766150272,20.7082035661436,0.0 -102.96178269881,20.7081952142081,0.0 -102.961799244041,20.7081868564765,0.0 -102.96181578587,20.7081784927846,0.0 -102.961832324198,20.7081701229681,0.0 -102.961848858928,20.7081617468629,0.0 -102.961865389964,20.7081533643048,0.0 -102.961881917207,20.7081449751302,0.0 -102.96189844056,20.708136579175,0.0 -102.961914959925,20.7081281762757,0.0 -102.961931475202,20.7081197662687,0.0 -102.961947986295,20.7081113489906,0.0 -102.961964493103,20.708102924278,0.0 -102.963092834313,20.7075032902948,0.0 -102.964199016291,20.706868159876,0.0 -102.965281778197,20.7061982570206,0.0 -102.966339885936,20.7054943453635,0.0 -102.967372133565,20.7047572273031,0.0 -102.96837734467,20.7039877430856,0.0 -102.969354373706,20.7031867698455,0.0 -102.970302107305,20.7023552206043,0.0 -102.971219465546,20.701494043228,0.0 -102.972105403185,20.7006042193448,0.0 -102.972118004943,20.7005911197511,0.0 -102.972130600036,20.7005780144838,0.0 -102.972143188609,20.700564903672,0.0 -102.972155770808,20.7005517874444,0.0 -102.972168346778,20.7005386659296,0.0 -102.972180916666,20.700525539256,0.0 -102.972193480616,20.7005124075517,0.0 -102.972206038776,20.7004992709448,0.0 -102.972218591292,20.7004861295632,0.0 -102.97223113831,20.7004729835344,0.0 -102.972243679976,20.7004598329862,0.0 -102.972256216439,20.7004466780458,0.0 -102.972268747844,20.7004335188404,0.0 -102.972281274338,20.700420355497,0.0 -102.97229379607,20.7004071881427,0.0 -102.972306313186,20.700394016904,0.0 -102.972318825834,20.7003808419078,0.0 -102.972331334162,20.7003676632804,0.0 -102.972343838317,20.7003544811483,0.0 -102.972356338448,20.7003412956376,0.0 -102.972368834701,20.7003281068745,0.0 -102.972381327227,20.700314914985,0.0 -102.972393816171,20.7003017200949,0.0 -102.972406301684,20.7002885223302,0.0 -102.972418783913,20.7002753218163,0.0 -102.972431263007,20.700262118679,0.0 -102.972443739114,20.7002489130437,0.0 -102.972456212384,20.7002357050358,0.0 -102.972468682964,20.7002224947806,0.0 -102.972481151005,20.7002092824034,0.0 -102.972493616654,20.7001960680293,0.0 -102.972506080061,20.7001828517834,0.0 -102.972518541375,20.7001696337906,0.0 -102.972531000744,20.7001564141761,0.0 -102.972543458319,20.7001431930646,0.0 -102.972555914248,20.700129970581,0.0 -102.97256836868,20.7001167468501,0.0 -102.972580821766,20.7001035219967,0.0 -102.972593273653,20.7000902961454,0.0 -102.972605724492,20.700077069421,0.0 -102.972618174432,20.700063841948,0.0 -102.972630623623,20.7000506138511,0.0 -102.972643072213,20.7000373852548,0.0 -102.972655520353,20.7000241562839,0.0 -102.972667968191,20.7000109270627,0.0 -102.972680415878,20.6999976977158,0.0 -102.981857764349,20.6902430864532,0.0 -102.981870339076,20.6902297195592,0.0 -102.981882914018,20.6902163528454,0.0 -102.981895489394,20.6902029864932,0.0 -102.98190806542,20.6901896206839,0.0 -102.981920642314,20.6901762555988,0.0 -102.981933220295,20.6901628914195,0.0 -102.981945799578,20.6901495283273,0.0 -102.981958380383,20.6901361665038,0.0 -102.981970962926,20.6901228061306,0.0 -102.981983547425,20.6901094473894,0.0 -102.981996134097,20.6900960904619,0.0 -102.982008723158,20.6900827355299,0.0 -102.982021314827,20.6900693827754,0.0 -102.982033909321,20.6900560323805,0.0 -102.982046506855,20.6900426845273,0.0 -102.982059107647,20.6900293393982,0.0 -102.982071711913,20.6900159971756,0.0 -102.982084319871,20.6900026580421,0.0 -102.982096931735,20.6899893221804,0.0 -102.982109547723,20.6899759897736,0.0 -102.98212216805,20.6899626610047,0.0 -102.982134792932,20.689949336057,0.0 -102.982147422584,20.6899360151141,0.0 -102.982160057223,20.6899226983595,0.0 -102.982172697063,20.6899093859773,0.0 -102.98218534232,20.6898960781516,0.0 -102.982197993207,20.6898827750667,0.0 -102.98221064994,20.6898694769073,0.0 -102.982223312733,20.6898561838582,0.0 -102.9822359818,20.6898428961046,0.0 -102.982248657354,20.6898296138319,0.0 -102.98226133961,20.6898163372257,0.0 -102.982274028781,20.689803066472,0.0 -102.982286725078,20.6897898017571,0.0 -102.982299428716,20.6897765432676,0.0 -102.982312139907,20.6897632911904,0.0 -102.982324858862,20.6897500457126,0.0 -102.982337585793,20.6897368070218,0.0 -102.982350320911,20.6897235753059,0.0 -102.982363064429,20.6897103507532,0.0 -102.982375816555,20.6896971335522,0.0 -102.982388577501,20.689683923892,0.0 -102.982401347477,20.6896707219618,0.0 -102.983088275267,20.6889853453729,0.0 -102.983800104244,20.6883228545477,0.0 -102.984535973728,20.6876840502712,0.0 -102.985294994018,20.6870697046912,0.0 -102.986076247459,20.6864805603861,0.0 -102.986878789558,20.6859173294687,0.0 -102.98770165012,20.685380692726,0.0 -102.988543834424,20.6848712987975,0.0 -102.989404324422,20.6843897633921,0.0 -102.990282079967,20.6839366685448,0.0 -102.990298871286,20.6839283615183,0.0 -102.990315668281,20.6839200646616,0.0 -102.99033247081,20.6839117777357,0.0 -102.990349278732,20.6839035005015,0.0 -102.990366091906,20.6838952327198,0.0 -102.990382910191,20.6838869741509,0.0 -102.990399733447,20.683878724555,0.0 -102.990416561535,20.6838704836922,0.0 -102.990433394315,20.6838622513221,0.0 -102.990450231649,20.6838540272044,0.0 -102.990467073398,20.6838458110984,0.0 -102.990483919425,20.6838376027632,0.0 -102.990500769591,20.6838294019579,0.0 -102.99051762376,20.6838212084413,0.0 -102.990534481795,20.683813021972,0.0 -102.99055134356,20.6838048423085,0.0 -102.990568208917,20.683796669209,0.0 -102.990585077731,20.6837885024317,0.0 -102.990601949867,20.6837803417346,0.0 -102.99061882519,20.6837721868756,0.0 -102.990635703563,20.6837640376122,0.0 -102.990652584854,20.6837558937022,0.0 -102.990669468927,20.683747754903,0.0 -102.990686355647,20.6837396209718,0.0 -102.990703244882,20.683731491666,0.0 -102.990720136498,20.6837233667426,0.0 -102.99073703036,20.6837152459585,0.0 -102.990753926335,20.6837071290708,0.0 -102.990770824291,20.6836990158362,0.0 -102.990787724095,20.6836909060114,0.0 -102.990804625613,20.6836827993532,0.0 -102.990821528714,20.6836746956179,0.0 -102.990838433263,20.6836665945623,0.0 -102.990855339131,20.6836584959426,0.0 -102.990872246183,20.6836503995153,0.0 -102.990889154288,20.6836423050367,0.0 -102.990906063314,20.6836342122631,0.0 -102.990922973128,20.6836261209508,0.0 -102.9909398836,20.6836180308558,0.0 -102.990956794597,20.6836099417346,0.0 -102.990973705988,20.6836018533431,0.0 -102.99099061764,20.6835937654375,0.0 -102.991007529422,20.683585677774,0.0 -103.001382847813,20.6786234627031,0.0 -103.001399698261,20.678615402736,0.0 -103.001416548495,20.6786073423728,0.0 -103.001433398301,20.678599281219,0.0 -103.001450247466,20.6785912188804,0.0 -103.001467095778,20.6785831549625,0.0 -103.001483943022,20.6785750890713,0.0 -103.001500788985,20.6785670208125,0.0 -103.001517633454,20.6785589497921,0.0 -103.001534476215,20.6785508756161,0.0 -103.001551317053,20.6785427978906,0.0 -103.001568155754,20.678534716222,0.0 -103.001584992103,20.6785266302167,0.0 -103.001601825886,20.6785185394814,0.0 -103.001618656887,20.6785104436227,0.0 -103.00163548489,20.6785023422478,0.0 -103.001652309679,20.6784942349637,0.0 -103.001669131036,20.6784861213779,0.0 -103.001685948746,20.6784780010982,0.0 -103.001702762589,20.6784698737323,0.0 -103.001719572348,20.6784617388885,0.0 -103.001736377804,20.6784535961753,0.0 -103.001753178737,20.6784454452015,0.0 -103.001769974927,20.6784372855762,0.0 -103.001786766153,20.6784291169087,0.0 -103.001803552193,20.678420938809,0.0 -103.001820332825,20.6784127508872,0.0 -103.001837107827,20.6784045527538,0.0 -103.001853876973,20.6783963440198,0.0 -103.00187064004,20.6783881242965,0.0 -103.001887396801,20.6783798931957,0.0 -103.00190414703,20.6783716503297,0.0 -103.0019208905,20.6783633953112,0.0 -103.001937626981,20.6783551277533,0.0 -103.001954356246,20.6783468472698,0.0 -103.001971078063,20.6783385534749,0.0 -103.0019877922,20.6783302459832,0.0 -103.002004498426,20.6783219244101,0.0 -103.002021196506,20.6783135883715,0.0 -103.002037886206,20.6783052374837,0.0 -103.00205456729,20.6782968713638,0.0 -103.00207123952,20.6782884896295,0.0 -103.002087902658,20.678280091899,0.0 -103.002104556464,20.6782716777913,0.0 -103.002121200698,20.6782632469261,0.0 -103.002137835117,20.6782547989236,0.0 -103.002154459478,20.6782463334048,0.0 -103.002171073535,20.6782378499916,0.0 -103.002187677042,20.6782293483064,0.0 -103.002204269752,20.6782208279724,0.0 -103.002220851414,20.6782122886138,0.0 -103.002237421778,20.6782037298553,0.0 -103.002253980593,20.6781951513227,0.0 -103.002270527603,20.6781865526425,0.0 -103.002287062553,20.678177933442,0.0 -103.002303585187,20.6781692933496,0.0 -103.002320095246,20.6781606319943,0.0 -103.002336592469,20.6781519490063,0.0 -103.002353076595,20.6781432440166,0.0 -103.002369547359,20.6781345166571,0.0 -103.002386004496,20.678125766561,0.0 -103.002402447739,20.6781169933621,0.0 -103.002418876818,20.6781081966955,0.0 -103.002435291464,20.6780993761973,0.0 -103.002451691402,20.6780905315045,0.0 -103.002468076359,20.6780816622554,0.0 -103.002484446057,20.6780727680893,0.0 -103.002822431558,20.6778814394656,0.0 -103.003153255725,20.6776793295759,0.0 -103.003476530419,20.6774666755552,0.0 -103.003791876363,20.6772437269094,0.0 -103.004098923586,20.6770107452227,0.0 -103.004397311859,20.6767680038503,0.0 -103.004686691119,20.6765157875978,0.0 -103.004966721878,20.6762543923866,0.0 -103.005237075618,20.6759841249069,0.0 -103.005497435185,20.6757053022572,0.0 -103.005747495152,20.6754182515726,0.0 -103.005986962185,20.6751233096405,0.0 -103.006215555379,20.6748208225054,0.0 -103.006433006595,20.6745111450628,0.0 -103.00663906077,20.6741946406425,0.0 -103.006833476219,20.6738716805822,0.0 -103.00684249672,20.6738560483377,0.0 -103.006851490356,20.6738404023895,0.0 -103.006860457518,20.6738247429882,0.0 -103.006869398596,20.6738090703828,0.0 -103.006878313984,20.6737933848205,0.0 -103.006887204076,20.6737776865467,0.0 -103.006896069265,20.6737619758049,0.0 -103.006904909948,20.6737462528371,0.0 -103.006913726522,20.6737305178835,0.0 -103.006922519383,20.6737147711826,0.0 -103.006931288932,20.6736990129714,0.0 -103.006940035567,20.673683243485,0.0 -103.00694875969,20.6736674629573,0.0 -103.006957461702,20.6736516716203,0.0 -103.006966142005,20.6736358697047,0.0 -103.006974801002,20.6736200574396,0.0 -103.006983439099,20.6736042350525,0.0 -103.0069920567,20.6735884027696,0.0 -103.00700065421,20.6735725608158,0.0 -103.007009232037,20.6735567094142,0.0 -103.007017790588,20.673540848787,0.0 -103.007026330271,20.6735249791547,0.0 -103.007034851494,20.6735091007367,0.0 -103.007043354669,20.6734932137509,0.0 -103.007051840204,20.6734773184143,0.0 -103.007060308511,20.6734614149422,0.0 -103.007068760001,20.6734455035492,0.0 -103.007077195088,20.6734295844482,0.0 -103.007085614183,20.6734136578515,0.0 -103.007094017701,20.6733977239698,0.0 -103.007102406055,20.673381783013,0.0 -103.00711077966,20.6733658351899,0.0 -103.007119138932,20.6733498807083,0.0 -103.007127484286,20.6733339197747,0.0 -103.007135816139,20.6733179525951,0.0 -103.007144134907,20.6733019793743,0.0 -103.007152441008,20.673286000316,0.0 -103.00716073486,20.6732700156234,0.0 -103.00716901688,20.6732540254987,0.0 -103.007177287488,20.673238030143,0.0 -103.007185547102,20.6732220297571,0.0 -103.007193796143,20.6732060245405,0.0 -103.007202035029,20.6731900146925,0.0 -103.007210264182,20.6731740004112,0.0 -103.007218484021,20.6731579818943,0.0 -103.007226694968,20.6731419593388,0.0 -103.007234897444,20.673125932941,0.0 -103.007243091871,20.6731099028967,0.0 -103.007251278671,20.6730938694011,0.0 -103.007259458264,20.6730778326489,0.0 -103.007267631075,20.6730617928341,0.0 -103.007275797526,20.6730457501505,0.0 -103.007283958039,20.6730297047914,0.0 -103.007292113038,20.6730136569494,0.0 -103.007300262946,20.6729976068171,0.0 -103.007308408186,20.6729815545866,0.0 -103.007316549182,20.6729655004495,0.0 -103.007324686358,20.6729494445973,0.0 -103.007332820138,20.6729333872213,0.0 -103.007340950945,20.6729173285123,0.0 -103.007349079204,20.672901268661,0.0 -103.00735720534,20.6728852078581,0.0 -103.007365329776,20.6728691462939,0.0 -103.007373452937,20.6728530841588,0.0 -103.007381575247,20.6728370216428,0.0 -103.007389697131,20.6728209589362,0.0 -103.0104836956,20.6667015676611,0.0 -103.010491816785,20.6666855047443,0.0 -103.010499938392,20.666669442017,0.0 -103.010508060847,20.6666533796694,0.0 -103.010516184573,20.6666373178916,0.0 -103.010524309994,20.666621256874,0.0 -103.010532437536,20.666605196807,0.0 -103.010540567622,20.666589137881,0.0 -103.010548700677,20.6665730802868,0.0 -103.010556837124,20.6665570242153,0.0 -103.010564977388,20.6665409698577,0.0 -103.010573121892,20.6665249174054,0.0 -103.010581271059,20.6665088670502,0.0 -103.010589425314,20.6664928189841,0.0 -103.01059758508,20.6664767733996,0.0 -103.010605750779,20.6664607304894,0.0 -103.010613922834,20.6664446904468,0.0 -103.010622101669,20.6664286534655,0.0 -103.010630287705,20.6664126197395,0.0 -103.010638481364,20.6663965894635,0.0 -103.010646683069,20.6663805628328,0.0 -103.010654893241,20.666364540043,0.0 -103.010663112302,20.6663485212906,0.0 -103.010671340671,20.6663325067724,0.0 -103.010679578771,20.666316496686,0.0 -103.01068782702,20.6663004912299,0.0 -103.010696085839,20.6662844906029,0.0 -103.010704355648,20.6662684950049,0.0 -103.010712636865,20.6662525046364,0.0 -103.01072092991,20.6662365196986,0.0 -103.010729235199,20.6662205403938,0.0 -103.010737553152,20.6662045669249,0.0 -103.010745884185,20.6661885994958,0.0 -103.010754228716,20.6661726383113,0.0 -103.01076258716,20.6661566835772,0.0 -103.010770959933,20.6661407355002,0.0 -103.010779347451,20.666124794288,0.0 -103.010787750128,20.6661088601493,0.0 -103.010796168379,20.6660929332941,0.0 -103.010804602616,20.6660770139331,0.0 -103.010813053253,20.6660611022784,0.0 -103.010821520703,20.6660451985431,0.0 -103.010830005376,20.6660293029417,0.0 -103.010838507684,20.6660134156895,0.0 -103.010847028037,20.6659975370034,0.0 -103.010855566845,20.6659816671014,0.0 -103.010864124516,20.6659658062029,0.0 -103.010872701459,20.6659499545283,0.0 -103.010881298081,20.6659341122997,0.0 -103.010889914789,20.6659182797404,0.0 -103.010898551989,20.6659024570751,0.0 -103.010907210084,20.6658866445301,0.0 -103.010915889481,20.6658708423327,0.0 -103.010924590582,20.6658550507123,0.0 -103.010933313789,20.6658392698993,0.0 -103.010942059504,20.6658235001259,0.0 -103.010950828128,20.6658077416257,0.0 -103.010959620061,20.665791994634,0.0 -103.0109684357,20.6657762593878,0.0 -103.010977275444,20.6657605361254,0.0 -103.01098613969,20.6657448250872,0.0 -103.010995028834,20.665729126515,0.0 -103.011003943269,20.6657134406524,0.0 -103.01101288339,20.6656977677447,0.0 -103.011021849589,20.6656821080392,0.0 -103.011030842258,20.6656664617846,0.0 -103.011039861787,20.6656508292318,0.0 -103.011238345036,20.6653213370006,0.0 -103.011448939601,20.664998573529,0.0 -103.011671388207,20.6646829330167,0.0 -103.011905419107,20.6643748009619,0.0 -103.012150746413,20.6640745536911,0.0 -103.012407070446,20.6637825578989,0.0 -103.012674078104,20.6634991702012,0.0 -103.012951443239,20.6632247366991,0.0 -103.013238827062,20.662959592557,0.0 -103.013535878552,20.6627040615927,0.0 -103.013842234888,20.6624584558831,0.0 -103.01415752189,20.6622230753823,0.0 -103.014481354474,20.6619982075559,0.0 -103.01481333713,20.6617841270301,0.0 -103.015153064394,20.6615810952563,0.0 -103.015500121352,20.6613893601921,0.0 -103.015854084143,20.6612091559985,0.0 -103.016214520475,20.6610407027541,0.0 -103.016231599343,20.6610330840436,0.0 -103.016248691272,20.6610254913267,0.0 -103.016265796018,20.6610179242228,0.0 -103.016282913338,20.6610103823504,0.0 -103.016300042992,20.661002865327,0.0 -103.01631718474,20.6609953727693,0.0 -103.016334338347,20.6609879042931,0.0 -103.016351503577,20.660980459513,0.0 -103.016368680198,20.6609730380431,0.0 -103.016385867977,20.6609656394965,0.0 -103.016403066686,20.6609582634855,0.0 -103.016420276097,20.6609509096215,0.0 -103.016437495984,20.6609435775152,0.0 -103.016454726122,20.6609362667766,0.0 -103.01647196629,20.6609289770147,0.0 -103.016489216266,20.6609217078379,0.0 -103.016506475832,20.660914458854,0.0 -103.016523744768,20.66090722967,0.0 -103.01654102286,20.660900019892,0.0 -103.016558309892,20.6608928291258,0.0 -103.016575605652,20.6608856569763,0.0 -103.016592909927,20.6608785030478,0.0 -103.016610222508,20.6608713669441,0.0 -103.016627543186,20.6608642482682,0.0 -103.016644871753,20.6608571466227,0.0 -103.016662208004,20.6608500616094,0.0 -103.016679551732,20.6608429928299,0.0 -103.016696902736,20.6608359398849,0.0 -103.016714260812,20.6608289023748,0.0 -103.01673162576,20.6608218798993,0.0 -103.01674899738,20.6608148720578,0.0 -103.016766375472,20.6608078784491,0.0 -103.01678375984,20.6608008986715,0.0 -103.016801150287,20.6607939323231,0.0 -103.016818546617,20.6607869790012,0.0 -103.016835948636,20.660780038303,0.0 -103.016853356151,20.660773109825,0.0 -103.016870768969,20.6607661931636,0.0 -103.016888186899,20.6607592879146,0.0 -103.01690560975,20.6607523936735,0.0 -103.016923037332,20.6607455100355,0.0 -103.016940469457,20.6607386365955,0.0 -103.016957905936,20.6607317729479,0.0 -103.016975346582,20.6607249186869,0.0 -103.016992791208,20.6607180734065,0.0 -103.01701023963,20.6607112367002,0.0 -103.01702769166,20.6607044081614,0.0 -103.017045147116,20.6606975873832,0.0 -103.017062605812,20.6606907739585,0.0 -103.017080067566,20.6606839674798,0.0 -103.017097532195,20.6606771675396,0.0 -103.017114999516,20.6606703737301,0.0 -103.017132469348,20.6606635856433,0.0 -103.01714994151,20.660656802871,0.0 -103.01716741582,20.6606500250049,0.0 -103.017184892098,20.6606432516366,0.0 -103.017202370164,20.6606364823573,0.0 -103.017219849837,20.6606297167584,0.0 -103.01723733094,20.660622954431,0.0 -103.017254813291,20.6606161949662,0.0 -103.017272296712,20.6606094379548,0.0 -103.017289781025,20.6606026829879,0.0 -103.01730726605,20.6605959296561,0.0 -103.017324751609,20.6605891775503,0.0 -103.017342237523,20.6605824262613,0.0 -103.017359723614,20.6605756753796,0.0 -103.01944231721,20.6597716372957,0.0 -103.01945938931,20.6597650460811,0.0 -103.019476461513,20.6597584551024,0.0 -103.019493533921,20.6597518645973,0.0 -103.019510606638,20.6597452748035,0.0 -103.019527679769,20.6597386859588,0.0 -103.019544753416,20.6597320983007,0.0 -103.019561827682,20.6597255120673,0.0 -103.019578902672,20.6597189274961,0.0 -103.019595978488,20.6597123448252,0.0 -103.019613055234,20.6597057642922,0.0 -103.019630133013,20.6596991861351,0.0 -103.019647211927,20.6596926105918,0.0 -103.01966429208,20.6596860379004,0.0 -103.019681373574,20.6596794682989,0.0 -103.019698456512,20.6596729020252,0.0 -103.019715540997,20.6596663393177,0.0 -103.019732627129,20.6596597804145,0.0 -103.019749715013,20.659653225554,0.0 -103.019766804748,20.6596466749743,0.0 -103.019783896438,20.6596401289141,0.0 -103.019800990183,20.6596335876118,0.0 -103.019818086086,20.659627051306,0.0 -103.019835184246,20.6596205202355,0.0 -103.019852284764,20.6596139946389,0.0 -103.019869387742,20.6596074747553,0.0 -103.019886493279,20.6596009608234,0.0 -103.021416881422,20.6590469322277,0.0 -103.022966481023,20.6585424344881,0.0 -103.024533483489,20.6580880565101,0.0 -103.026116059957,20.6576843287053,0.0 -103.027712363426,20.6573317223732,0.0 -103.029320530908,20.6570306491521,0.0 -103.030938685597,20.6567814605392,0.0 -103.03256493905,20.6565844474809,0.0 -103.034197393391,20.6564398400335,0.0 -103.035834143514,20.656347807095,0.0 -103.035852579245,20.656347071004,0.0 -103.035871015263,20.6563463413284,0.0 -103.035889451556,20.6563456178116,0.0 -103.035907888109,20.6563449001969,0.0 -103.035926324909,20.6563441882277,0.0 -103.035944761943,20.6563434816474,0.0 -103.035963199199,20.6563427801993,0.0 -103.035981636663,20.6563420836269,0.0 -103.036000074324,20.6563413916733,0.0 -103.036018512169,20.656340704082,0.0 -103.036036950187,20.6563400205963,0.0 -103.036055388365,20.6563393409594,0.0 -103.036073826692,20.6563386649147,0.0 -103.036092265158,20.6563379922056,0.0 -103.036110703749,20.6563373225751,0.0 -103.036129142457,20.6563366557668,0.0 -103.036147581269,20.6563359915238,0.0 -103.036166020174,20.6563353295895,0.0 -103.036184459163,20.656334669707,0.0 -103.036202898225,20.6563340116198,0.0 -103.036221337348,20.6563333550709,0.0 -103.036239776523,20.6563326998038,0.0 -103.036258215739,20.6563320455617,0.0 -103.036276654986,20.6563313920878,0.0 -103.036295094254,20.6563307391254,0.0 -103.036313533532,20.6563300864177,0.0 -103.038083033577,20.6562674451013,0.0 -103.038101987441,20.6562667739791,0.0 -103.038120941294,20.6562661025814,0.0 -103.038139895126,20.6562654306349,0.0 -103.038158848925,20.6562647578662,0.0 -103.03817780268,20.6562640840018,0.0 -103.03819675638,20.6562634087685,0.0 -103.038215710014,20.6562627318929,0.0 -103.038234663571,20.6562620531016,0.0 -103.038253617039,20.6562613721213,0.0 -103.038272570408,20.6562606886785,0.0 -103.038291523665,20.6562600025,0.0 -103.038310476798,20.6562593133124,0.0 -103.038329429797,20.6562586208424,0.0 -103.038348382649,20.6562579248166,0.0 -103.038367335342,20.6562572249616,0.0 -103.038386287863,20.6562565210043,0.0 -103.038405240201,20.6562558126711,0.0 -103.038424192342,20.656255099689,0.0 -103.038443144273,20.6562543817845,0.0 -103.038462095981,20.6562536586843,0.0 -103.038481047453,20.6562529301153,0.0 -103.038499998675,20.656252195804,0.0 -103.038518949633,20.6562514554774,0.0 -103.038537900312,20.656250708862,0.0 -103.038556850698,20.6562499556847,0.0 -103.038575800777,20.6562491956723,0.0 -103.038594750532,20.6562484285516,0.0 -103.038613699949,20.6562476540493,0.0 -103.03863264901,20.6562468718924,0.0 -103.038651597701,20.6562460818076,0.0 -103.038670546003,20.6562452835218,0.0 -103.0386894939,20.6562444767619,0.0 -103.038708441375,20.6562436612548,0.0 -103.03872738841,20.6562428367274,0.0 -103.038746334985,20.6562420029067,0.0 -103.038765281082,20.6562411595196,0.0 -103.038784226682,20.6562403062931,0.0 -103.038803171766,20.6562394429543,0.0 -103.038822116311,20.6562385692301,0.0 -103.038841060299,20.6562376848476,0.0 -103.038860003707,20.6562367895339,0.0 -103.038878946514,20.6562358830162,0.0 -103.038897888696,20.6562349650216,0.0 -103.038916830232,20.6562340352772,0.0 -103.038935771098,20.6562330935104,0.0 -103.038954711269,20.6562321394483,0.0 -103.038973650721,20.6562311728182,0.0 -103.038992589428,20.6562301933475,0.0 -103.039011527365,20.6562292007635,0.0 -103.039030464504,20.6562281947936,0.0 -103.039049400819,20.6562271751653,0.0 -103.039068336282,20.6562261416061,0.0 -103.039087270863,20.6562250938435,0.0 -103.039106204534,20.656224031605,0.0 -103.039125137264,20.6562229546184,0.0 -103.039144069024,20.6562218626113,0.0 -103.03916299978,20.6562207553114,0.0 -103.039181929502,20.6562196324465,0.0 -103.039200858156,20.6562184937445,0.0 -103.039219785708,20.6562173389332,0.0 -103.039238712124,20.6562161677407,0.0 -103.039257637369,20.6562149798949,0.0 -103.039276561406,20.6562137751241,0.0 -103.039295484198,20.6562125531562,0.0 -103.039314405708,20.6562113137196,0.0 -103.039333325897,20.6562100565425,0.0 -103.039352244725,20.6562087813534,0.0 -103.039371162152,20.6562074878807,0.0 -103.039390078136,20.6562061758529,0.0 -103.039408992636,20.6562048449986,0.0 -103.039427905609,20.6562034950466,0.0 -103.039446817009,20.6562021257257,0.0 -103.039465726793,20.6562007367646,0.0 -103.039484634914,20.6561993278925,0.0 -103.039503541325,20.6561978988384,0.0 -103.039522445979,20.6561964493313,0.0 -103.039541348826,20.6561949791008,0.0 -103.039560249817,20.656193487876,0.0 -103.0395791489,20.6561919753865,0.0 -103.039598046024,20.6561904413619,0.0 -103.039616941136,20.656188885532,0.0 -103.039635834181,20.6561873076265,0.0 -103.039654725105,20.6561857073755,0.0 -103.03967361385,20.6561840845089,0.0 -103.039692500361,20.6561824387572,0.0 -103.039711384577,20.6561807698505,0.0 -103.040192340379,20.656130272588,0.0 -103.040671220387,20.656064583477,0.0 -103.04114748306,20.6559837767904,0.0 -103.04162058982,20.6558879438967,0.0 -103.042090005657,20.6557771931567,0.0 -103.042555199741,20.6556516498011,0.0 -103.043015646016,20.6555114557886,0.0 -103.0434708238,20.6553567696455,0.0 -103.043920218372,20.6551877662861,0.0 -103.044363321556,20.6550046368151,0.0 -103.044799632294,20.654807588311,0.0 -103.045228657214,20.654596843592,0.0 -103.04564991119,20.6543726409641,0.0 -103.046062917887,20.6541352339512,0.0 -103.046467210303,20.6538848910081,0.0 -103.046862331298,20.653621895217,0.0 -103.047247834107,20.6533465439674,0.0 -103.047623282849,20.6530591486191,0.0 -103.04798825302,20.6527600341503,0.0 -103.048002337715,20.6527480773739,0.0 -103.04801640585,20.6527361033386,0.0 -103.048030457597,20.6527241122673,0.0 -103.048044493127,20.6527121043824,0.0 -103.048058512615,20.6527000799055,0.0 -103.048072516233,20.6526880390575,0.0 -103.048086504156,20.6526759820588,0.0 -103.04810047656,20.652663909129,0.0 -103.048114433622,20.6526518204872,0.0 -103.048128375517,20.6526397163516,0.0 -103.048142302425,20.65262759694,0.0 -103.048156214524,20.6526154624695,0.0 -103.048170111994,20.6526033131567,0.0 -103.048183995013,20.6525911492173,0.0 -103.048197863765,20.6525789708666,0.0 -103.048211718429,20.6525667783192,0.0 -103.048225559188,20.6525545717893,0.0 -103.048239386226,20.6525423514904,0.0 -103.048253199726,20.6525301176352,0.0 -103.048266999872,20.6525178704362,0.0 -103.048280786849,20.6525056101052,0.0 -103.048294560844,20.6524933368532,0.0 -103.048308322043,20.6524810508911,0.0 -103.048322070632,20.6524687524289,0.0 -103.048335806798,20.6524564416761,0.0 -103.048349530732,20.652444118842,0.0 -103.04836324262,20.6524317841349,0.0 -103.048376942653,20.652419437763,0.0 -103.048390631021,20.6524070799337,0.0 -103.048404307913,20.6523947108541,0.0 -103.048417973522,20.6523823307308,0.0 -103.048431628039,20.6523699397697,0.0 -103.048445271656,20.6523575381766,0.0 -103.048458904565,20.6523451261564,0.0 -103.048472526961,20.652332703914,0.0 -103.048486139036,20.6523202716534,0.0 -103.048499740985,20.6523078295786,0.0 -103.048513333004,20.6522953778928,0.0 -103.048526915286,20.6522829167989,0.0 -103.048540488027,20.6522704464995,0.0 -103.048554051425,20.6522579671968,0.0 -103.048567605675,20.6522454790922,0.0 -103.048581150974,20.6522329823873,0.0 -103.048594687519,20.6522204772829,0.0 -103.04860821551,20.6522079639795,0.0 -103.048621735143,20.6521954426774,0.0 -103.048635246618,20.6521829135764,0.0 -103.048648750133,20.6521703768759,0.0 -103.048662245888,20.6521578327751,0.0 -103.048675734082,20.6521452814728,0.0 -103.048689214917,20.6521327231674,0.0 -103.048702688591,20.6521201580572,0.0 -103.048716155307,20.6521075863399,0.0 -103.048729615264,20.6520950082131,0.0 -103.048743068665,20.6520824238742,0.0 -103.048756515712,20.65206983352,0.0 -103.048769956605,20.6520572373473,0.0 -103.048783391549,20.6520446355524,0.0 -103.048796820744,20.6520320283317,0.0 -103.048810244395,20.6520194158811,0.0 -103.048823662704,20.6520067983961,0.0 -103.048837075874,20.6519941760724,0.0 -103.048850484109,20.6519815491051,0.0 -103.048863887614,20.6519689176893,0.0 -103.048877286591,20.6519562820198,0.0 -103.048890681246,20.6519436422912,0.0 -103.048904071782,20.6519309986981,0.0 -103.048917458405,20.6519183514346,0.0 -103.048930841319,20.6519057006948,0.0 -103.048944220729,20.6518930466728,0.0 -103.04895759684,20.6518803895622,0.0 -103.048970969858,20.6518677295568,0.0 -103.048984339988,20.6518550668501,0.0 -103.048997707435,20.6518424016353,0.0 -103.049011072406,20.6518297341059,0.0 -103.049024435106,20.651817064455,0.0 -103.049037795741,20.6518043928756,0.0 -103.049051154517,20.6517917195607,0.0 -103.04906451164,20.6517790447033,0.0 -103.049077867317,20.6517663684961,0.0 -103.049091221753,20.6517536911319,0.0 -103.049104575154,20.6517410128034,0.0 -103.049117927728,20.6517283337033,0.0 -103.049131279681,20.6517156540242,0.0 -103.049144631218,20.6517029739587,0.0 -103.049157982547,20.6516902936994,0.0 -103.049851443922,20.6510316793892,0.0 -103.049864795134,20.6510189990649,0.0 -103.049878146549,20.6510063189319,0.0 -103.049891498375,20.6509936391828,0.0 -103.049904850819,20.6509809600103,0.0 -103.049918204085,20.6509682816069,0.0 -103.049931558382,20.6509556041654,0.0 -103.049944913914,20.6509429278783,0.0 -103.049958270889,20.6509302529386,0.0 -103.049971629512,20.650917579539,0.0 -103.04998498999,20.6509049078724,0.0 -103.049998352528,20.6508922381318,0.0 -103.050011717332,20.6508795705102,0.0 -103.050025084609,20.6508669052008,0.0 -103.050038454564,20.650854242397,0.0 -103.050051827402,20.650841582292,0.0 -103.05006520333,20.6508289250793,0.0 -103.050078582551,20.6508162709527,0.0 -103.050091965272,20.6508036201059,0.0 -103.050105351698,20.6507909727329,0.0 -103.050118742033,20.6507783290277,0.0 -103.050132136481,20.6507656891846,0.0 -103.050145535248,20.650753053398,0.0 -103.050158938537,20.6507404218627,0.0 -103.050172346553,20.6507277947733,0.0 -103.0501857595,20.650715172325,0.0 -103.05019917758,20.650702554713,0.0 -103.050212600998,20.6506899421327,0.0 -103.050226029957,20.6506773347799,0.0 -103.050239464659,20.6506647328504,0.0 -103.050252905306,20.6506521365405,0.0 -103.050266352102,20.6506395460465,0.0 -103.050279805249,20.6506269615653,0.0 -103.050293264947,20.6506143832937,0.0 -103.050306731399,20.6506018114291,0.0 -103.050320204805,20.6505892461689,0.0 -103.050333685367,20.6505766877111,0.0 -103.050347173285,20.6505641362537,0.0 -103.050360668759,20.6505515919952,0.0 -103.050374171988,20.6505390551345,0.0 -103.050387683173,20.6505265258707,0.0 -103.050401202511,20.6505140044032,0.0 -103.050414730203,20.6505014909318,0.0 -103.050428266445,20.6504889856568,0.0 -103.050441811437,20.6504764887787,0.0 -103.050455365374,20.6504640004984,0.0 -103.050468928455,20.6504515210172,0.0 -103.050482500876,20.6504390505367,0.0 -103.050496082832,20.6504265892592,0.0 -103.050509674521,20.6504141373871,0.0 -103.050523276136,20.6504016951233,0.0 -103.050536887873,20.6503892626711,0.0 -103.050550509926,20.6503768402344,0.0 -103.050564142488,20.6503644280173,0.0 -103.050577785753,20.6503520262245,0.0 -103.050591439913,20.6503396350611,0.0 -103.050605105162,20.6503272547328,0.0 -103.050618781689,20.6503148854455,0.0 -103.050632469688,20.6503025274058,0.0 -103.050646169347,20.6502901808208,0.0 -103.050659880858,20.6502778458979,0.0 -103.050673604408,20.6502655228452,0.0 -103.050687340189,20.6502532118712,0.0 -103.050701088386,20.6502409131849,0.0 -103.050714849189,20.650228626996,0.0 -103.050728622784,20.6502163535145,0.0 -103.050742409358,20.6502040929511,0.0 -103.050756209095,20.650191845517,0.0 -103.050770022182,20.650179611424,0.0 -103.050783848803,20.6501673908843,0.0 -103.050797689141,20.6501551841109,0.0 -103.050811543379,20.6501429913173,0.0 -103.0508254117,20.6501308127175,0.0 -103.050839294285,20.6501186485261,0.0 -103.050853191315,20.6501064989585,0.0 -103.050867102971,20.6500943642304,0.0 -103.050881029431,20.6500822445583,0.0 -103.050894970875,20.6500701401593,0.0 -103.05090892748,20.6500580512512,0.0 -103.050922899424,20.6500459780523,0.0 -103.050936886883,20.6500339207815,0.0 -103.050950890031,20.6500218796586,0.0 -103.050964909045,20.6500098549038,0.0 -103.050978944098,20.649997846738,0.0 -103.050992995363,20.649985855383,0.0 -103.051007063011,20.649973881061,0.0 -103.051021147216,20.6499619239949,0.0 -103.051383135904,20.6496651526028,0.0 -103.051755436512,20.6493799085925,0.0 -103.052137634899,20.6491065092358,0.0 -103.052529305918,20.6488452586293,0.0 -103.052930013893,20.6485964473558,0.0 -103.052946024568,20.6485868765362,0.0 -103.052962048472,20.6485773253525,0.0 -103.052978085422,20.6485677935897,0.0 -103.052994135236,20.648558281032,0.0 -103.053010197734,20.6485487874631,0.0 -103.053026272736,20.6485393126662,0.0 -103.053042360064,20.6485298564238,0.0 -103.05305845954,20.6485204185179,0.0 -103.053074570986,20.6485109987299,0.0 -103.053090694227,20.6485015968407,0.0 -103.053106829088,20.6484922126307,0.0 -103.053122975395,20.6484828458798,0.0 -103.053139132972,20.6484734963671,0.0 -103.053155301649,20.6484641638716,0.0 -103.053171481253,20.6484548481716,0.0 -103.053187671613,20.6484455490447,0.0 -103.053203872559,20.6484362662685,0.0 -103.053220083921,20.6484269996197,0.0 -103.05323630553,20.6484177488746,0.0 -103.053252537219,20.6484085138093,0.0 -103.053268778821,20.6483992941991,0.0 -103.053285030168,20.6483900898191,0.0 -103.053301291096,20.648380900444,0.0 -103.053317561439,20.6483717258477,0.0 -103.053333841033,20.6483625658041,0.0 -103.053350129714,20.6483534200865,0.0 -103.05336642732,20.6483442884677,0.0 -103.053382733688,20.6483351707204,0.0 -103.053399048657,20.6483260666166,0.0 -103.053415372066,20.6483169759281,0.0 -103.053431703755,20.6483078984263,0.0 -103.053448043563,20.6482988338821,0.0 -103.053464391333,20.6482897820661,0.0 -103.053480746905,20.6482807427487,0.0 -103.053497110123,20.6482717156999,0.0 -103.053513480828,20.6482627006891,0.0 -103.053529858865,20.6482536974857,0.0 -103.053546244077,20.6482447058586,0.0 -103.053562636309,20.6482357255764,0.0 -103.053579035407,20.6482267564075,0.0 -103.053595441214,20.6482177981199,0.0 -103.053611853579,20.6482088504813,0.0 -103.053628272347,20.648199913259,0.0 -103.053644697367,20.6481909862204,0.0 -103.053661128484,20.6481820691322,0.0 -103.053677565549,20.648173161761,0.0 -103.053694008408,20.6481642638732,0.0 -103.053710456913,20.648155375235,0.0 -103.053726910911,20.648146495612,0.0 -103.053743370254,20.6481376247699,0.0 -103.053759834791,20.6481287624742,0.0 -103.053776304373,20.6481199084898,0.0 -103.053792778852,20.6481110625818,0.0 -103.053809258079,20.6481022245149,0.0 -103.053825741907,20.6480933940535,0.0 -103.053842230187,20.6480845709619,0.0 -103.053858722773,20.6480757550043,0.0 -103.053875219518,20.6480669459446,0.0 -103.053891720274,20.6480581435464,0.0 -103.053908224897,20.6480493475734,0.0 -103.053924733239,20.648040557789,0.0 -103.053941245156,20.6480317739563,0.0 -103.053957760502,20.6480229958384,0.0 -103.053974279131,20.6480142231983,0.0 -103.0539908009,20.6480054557987,0.0 -103.054007325663,20.6479966934023,0.0 -103.054023853277,20.6479879357716,0.0 -103.054040383597,20.647979182669,0.0 -103.05405691648,20.6479704338568,0.0 -103.054073451781,20.6479616890971,0.0 -103.054089989358,20.6479529481519,0.0 -103.054106529067,20.6479442107833,0.0 -103.054123070766,20.647935476753,0.0 -103.05413961431,20.647926745823,0.0 -103.054156159558,20.6479180177548,0.0 -103.054172706368,20.6479092923101,0.0 -103.054189254595,20.6479005692504,0.0 -103.054205804099,20.6478918483373,0.0 -103.054222354736,20.6478831293322,0.0 -103.054238906366,20.6478744119965,0.0 -103.054255458845,20.6478656960915,0.0 -103.054272012031,20.6478569813785,0.0 -103.054288565783,20.6478482676188,0.0 -103.054305119959,20.6478395545737,0.0 -103.054321674417,20.6478308420044,0.0 -103.054338229015,20.6478221296722,0.0 -103.089031848761,20.6295578178641,0.0 -103.089047950248,20.6295493384805,0.0 -103.089064051511,20.6295408587216,0.0 -103.089080152328,20.6295323782137,0.0 -103.089096252477,20.6295238965829,0.0 -103.089112351736,20.6295154134559,0.0 -103.089128449882,20.6295069284589,0.0 -103.089144546693,20.6294984412186,0.0 -103.089160641945,20.6294899513614,0.0 -103.089176735418,20.6294814585142,0.0 -103.089192826886,20.6294729623038,0.0 -103.089208916127,20.6294644623571,0.0 -103.089225002917,20.6294559583013,0.0 -103.089241087032,20.6294474497638,0.0 -103.089257168247,20.6294389363719,0.0 -103.089273246339,20.6294304177535,0.0 -103.089289321081,20.6294218935364,0.0 -103.089305392248,20.6294133633487,0.0 -103.089321459615,20.629404826819,0.0 -103.089337522954,20.6293962835757,0.0 -103.089353582038,20.629387733248,0.0 -103.08936963664,20.629379175465,0.0 -103.089385686531,20.6293706098563,0.0 -103.089401731484,20.6293620360518,0.0 -103.089417771267,20.6293534536816,0.0 -103.089433805652,20.6293448623765,0.0 -103.089449834406,20.6293362617674,0.0 -103.090318926652,20.628850345501,0.0 -103.091169352436,20.6283359941606,0.0 -103.092000062474,20.6277938424303,0.0 -103.092810031845,20.6272245592962,0.0 -103.09359826125,20.6266288472201,0.0 -103.094363778252,20.6260074412711,0.0 -103.095105638471,20.6253611082182,0.0 -103.095822926755,20.6246906455827,0.0 -103.096514758305,20.623996880653,0.0 -103.097180279768,20.6232806694627,0.0 -103.097818670291,20.6225428957332,0.0 -103.098429142533,20.6217844697823,0.0 -103.099010943631,20.6210063273996,0.0 -103.099563356136,20.6202094286907,0.0 -103.099573161014,20.6201947161656,0.0 -103.099582956256,20.6201799979529,0.0 -103.099592742244,20.6201652742853,0.0 -103.09960251936,20.6201505453949,0.0 -103.099612287986,20.6201358115132,0.0 -103.099622048507,20.6201210728711,0.0 -103.099631801305,20.6201063296989,0.0 -103.099641546764,20.6200915822264,0.0 -103.099651285269,20.6200768306829,0.0 -103.099661017203,20.6200620752972,0.0 -103.099670742953,20.6200473162976,0.0 -103.099680462902,20.6200325539121,0.0 -103.099690177436,20.620017788368,0.0 -103.099699886941,20.6200030198927,0.0 -103.099709591803,20.6199882487128,0.0 -103.099719292407,20.6199734750547,0.0 -103.09972898914,20.6199586991448,0.0 -103.099738682388,20.6199439212088,0.0 -103.099748372538,20.6199291414724,0.0 -103.099758059977,20.619914360161,0.0 -103.099767745091,20.6198995774999,0.0 -103.099777428268,20.6198847937142,0.0 -103.099787109894,20.6198700090288,0.0 -103.099796790356,20.6198552236685,0.0 -103.099806470042,20.6198404378582,0.0 -103.099816149339,20.6198256518224,0.0 -103.10258344398,20.6155981589685,0.0 -103.102593392797,20.6155829600745,0.0 -103.102603341859,20.6155677613233,0.0 -103.102613291414,20.6155525628584,0.0 -103.102623241709,20.6155373648235,0.0 -103.102633192992,20.615522167362,0.0 -103.102643145509,20.6155069706176,0.0 -103.102653099508,20.615491774734,0.0 -103.102663055236,20.6154765798551,0.0 -103.102673012941,20.6154613861245,0.0 -103.102682972869,20.6154461936863,0.0 -103.102692935268,20.6154310026845,0.0 -103.102702900384,20.6154158132631,0.0 -103.102712868464,20.6154006255664,0.0 -103.102722839756,20.6153854397388,0.0 -103.102732814506,20.6153702559248,0.0 -103.10274279296,20.615355074269,0.0 -103.102752775366,20.6153398949163,0.0 -103.102762761969,20.6153247180116,0.0 -103.102772753016,20.6153095437001,0.0 -103.102782748753,20.6152943721272,0.0 -103.102792749426,20.6152792034384,0.0 -103.102802755281,20.6152640377796,0.0 -103.102812766564,20.6152488752966,0.0 -103.10282278352,20.6152337161359,0.0 -103.102832806395,20.6152185604437,0.0 -103.102842835434,20.6152034083669,0.0 -103.102852870882,20.6151882600525,0.0 -103.102862912984,20.6151731156478,0.0 -103.102872961984,20.6151579753002,0.0 -103.102883018128,20.6151428391578,0.0 -103.102893081659,20.6151277073686,0.0 -103.102903152822,20.6151125800811,0.0 -103.10291323186,20.6150974574443,0.0 -103.102923319017,20.6150823396071,0.0 -103.102933414537,20.6150672267192,0.0 -103.102943518662,20.6150521189304,0.0 -103.102953631636,20.615037016391,0.0 -103.102963753701,20.6150219192515,0.0 -103.102973885099,20.6150068276631,0.0 -103.102984026073,20.6149917417771,0.0 -103.102994176865,20.6149766617453,0.0 -103.103004337715,20.61496158772,0.0 -103.103014508866,20.6149465198539,0.0 -103.103024690557,20.6149314583001,0.0 -103.103034883031,20.6149164032123,0.0 -103.103045086526,20.6149013547444,0.0 -103.103055301284,20.6148863130509,0.0 -103.103065527543,20.6148712782869,0.0 -103.103075765543,20.6148562506079,0.0 -103.103086015523,20.6148412301699,0.0 -103.103096277721,20.6148262171294,0.0 -103.103106552376,20.6148112116434,0.0 -103.103116839725,20.6147962138695,0.0 -103.103127140006,20.6147812239659,0.0 -103.103137453456,20.6147662420911,0.0 -103.103147780311,20.6147512684046,0.0 -103.103158120808,20.614736303066,0.0 -103.103168475183,20.6147213462357,0.0 -103.103178843671,20.6147063980749,0.0 -103.103189226507,20.614691458745,0.0 -103.103199623926,20.6146765284082,0.0 -103.10321003616,20.6146616072275,0.0 -103.103220463445,20.6146466953663,0.0 -103.103230906014,20.6146317929886,0.0 -103.103241364098,20.6146169002593,0.0 -103.10325183793,20.6146020173437,0.0 -103.103262327743,20.6145871444081,0.0 -103.103272833766,20.6145722816191,0.0 -103.10328335623,20.6145574291442,0.0 -103.103293895367,20.6145425871516,0.0 -103.103304451405,20.6145277558102,0.0 -103.103315024573,20.6145129352896,0.0 -103.1033256151,20.6144981257601,0.0 -103.103336223215,20.6144833273927,0.0 -103.103346849143,20.6144685403594,0.0 -103.103357493113,20.6144537648326,0.0 -103.10336815535,20.6144390009857,0.0 -103.10337883608,20.6144242489928,0.0 -103.103389535528,20.6144095090288,0.0 -103.103400253918,20.6143947812693,0.0 -103.103410991475,20.614380065891,0.0 -103.103421748421,20.6143653630711,0.0 -103.103432524979,20.6143506729876,0.0 -103.103443321371,20.6143359958196,0.0 -103.103454137818,20.6143213317468,0.0 -103.103464974541,20.6143066809499,0.0 -103.103752167603,20.613932691242,0.0 -103.104052722204,20.6135681274704,0.0 -103.104366289546,20.6132134126145,0.0 -103.104692505742,20.6128689582244,0.0 -103.105030992236,20.6125351639438,0.0 -103.105381356246,20.6122124170466,0.0 -103.105743191215,20.6119010919878,0.0 -103.106116077285,20.6116015499689,0.0 -103.106499581785,20.6113141385199,0.0 -103.106893259732,20.6110391910955,0.0 -103.107296654348,20.610777026689,0.0 -103.107709297586,20.610527949462,0.0 -103.108130710678,20.6102922483922,0.0 -103.108560404689,20.610070196938,0.0 -103.10899788108,20.6098620527214,0.0 -103.109442632292,20.6096680572295,0.0 -103.10989414233,20.6094884355344,0.0 -103.110351887364,20.6093233960322,0.0 -103.110815336333,20.6091731302015,0.0 -103.111283951566,20.6090378123811,0.0 -103.1117571894,20.6089175995681,0.0 -103.112234500814,20.6088126312359,0.0 -103.112715332062,20.6087230291723,0.0 -103.11319912532,20.608648897338,0.0 -103.113685319327,20.6085903217469,0.0 -103.113704167693,20.6085883692891,0.0 -103.113723018744,20.6085864399455,0.0 -103.113741872416,20.6085845334476,0.0 -103.113760728649,20.6085826495262,0.0 -103.11377958738,20.6085807879126,0.0 -103.113798448551,20.6085789483373,0.0 -103.113817312103,20.6085771305312,0.0 -103.113836177978,20.6085753342247,0.0 -103.113855046119,20.6085735591483,0.0 -103.113873916472,20.6085718050322,0.0 -103.113892788981,20.6085700716067,0.0 -103.113911663594,20.6085683586016,0.0 -103.113930540257,20.608566665747,0.0 -103.113949418919,20.6085649927727,0.0 -103.11396829953,20.6085633394083,0.0 -103.113987182041,20.6085617053835,0.0 -103.114006066402,20.6085600904276,0.0 -103.114024952565,20.6085584942701,0.0 -103.114043840485,20.6085569166403,0.0 -103.114062730115,20.6085553572673,0.0 -103.11408162141,20.6085538158802,0.0 -103.114100514326,20.608552292208,0.0 -103.11411940882,20.6085507859796,0.0 -103.114138304849,20.6085492969239,0.0 -103.114157202372,20.6085478247695,0.0 -103.114176101348,20.6085463692452,0.0 -103.114195001738,20.6085449300795,0.0 -103.114213903501,20.608543507001,0.0 -103.114232806601,20.608542099738,0.0 -103.114251710998,20.6085407080189,0.0 -103.114270616657,20.6085393315721,0.0 -103.114289523541,20.6085379701257,0.0 -103.114308431615,20.608536623408,0.0 -103.114327340844,20.608535291147,0.0 -103.114346251194,20.6085339730708,0.0 -103.114365162633,20.6085326689073,0.0 -103.114384075127,20.6085313783845,0.0 -103.114402988645,20.6085301012303,0.0 -103.114421903156,20.6085288371726,0.0 -103.114440818628,20.608527585939,0.0 -103.114459735033,20.6085263472573,0.0 -103.11447865234,20.6085251208552,0.0 -103.11449757052,20.6085239064603,0.0 -103.114516489547,20.6085227038003,0.0 -103.114535409391,20.6085215126026,0.0 -103.114554330027,20.6085203325949,0.0 -103.114573251427,20.6085191635045,0.0 -103.114592173565,20.6085180050589,0.0 -103.114611096417,20.6085168569855,0.0 -103.114630019957,20.6085157190116,0.0 -103.114648944161,20.6085145908647,0.0 -103.114667869005,20.608513472272,0.0 -103.114686794465,20.6085123629608,0.0 -103.114705720518,20.6085112626582,0.0 -103.114724647142,20.6085101710916,0.0 -103.114743574314,20.6085090879881,0.0 -103.114762502013,20.6085080130749,0.0 -103.114781430218,20.6085069460792,0.0 -103.114800358907,20.6085058867279,0.0 -103.11481928806,20.6085048347483,0.0 -103.114838217656,20.6085037898673,0.0 -103.114857147676,20.6085027518121,0.0 -103.1148760781,20.6085017203097,0.0 -103.114895008909,20.608500695087,0.0 -103.114913940085,20.6084996758711,0.0 -103.114932871607,20.608498662389,0.0 -103.114951803458,20.6084976543676,0.0 -103.11497073562,20.6084966515338,0.0 -103.114989668075,20.6084956536147,0.0 -103.115008600806,20.608494660337,0.0 -103.115027533794,20.6084936714278,0.0 -103.115046467024,20.6084926866139,0.0 -103.115065400477,20.6084917056222,0.0 -103.115084334138,20.6084907281796,0.0 -103.115103267989,20.608489754013,0.0 -103.115122202014,20.6084887828491,0.0 -103.115141136196,20.6084878144149,0.0 -103.115160070521,20.6084868484373,0.0 -103.115179004971,20.6084858846429,0.0 -103.11519793953,20.6084849227587,0.0 -103.115216874184,20.6084839625116,0.0 -103.115235808915,20.6084830036282,0.0 -103.115254743709,20.6084820458355,0.0 -103.11527367855,20.6084810888603,0.0 -103.115292613421,20.6084801324293,0.0 -103.115311548308,20.6084791762695,0.0 -103.120947014417,20.6081945210912,0.0 -103.120965919983,20.6081935659026,0.0 -103.120984825573,20.6081926111321,0.0 -103.121003731211,20.6081916572,0.0 -103.12102263692,20.6081907045266,0.0 -103.121041542725,20.608189753532,0.0 -103.121060448649,20.6081888046366,0.0 -103.121079354715,20.6081878582606,0.0 -103.121098260947,20.6081869148243,0.0 -103.121117167368,20.608185974748,0.0 -103.121136074001,20.608185038452,0.0 -103.121154980868,20.6081841063565,0.0 -103.121173887991,20.6081831788819,0.0 -103.121192795392,20.6081822564486,0.0 -103.121211703094,20.6081813394769,0.0 -103.121230611116,20.6081804283872,0.0 -103.121249519479,20.6081795235999,0.0 -103.121268428204,20.6081786255354,0.0 -103.12128733731,20.6081777346142,0.0 -103.121306246817,20.6081768512568,0.0 -103.121325156743,20.6081759758835,0.0 -103.121344067105,20.6081751089151,0.0 -103.121362977921,20.6081742507719,0.0 -103.121381889209,20.6081734018747,0.0 -103.121400800983,20.6081725626439,0.0 -103.121419713259,20.6081717335003,0.0 -103.121438626051,20.6081709148644,0.0 -103.121457539374,20.6081701071571,0.0 -103.121476453239,20.608169310799,0.0 -103.121495367659,20.6081685262109,0.0 -103.121514282646,20.6081677538136,0.0 -103.121533198209,20.6081669940279,0.0 -103.121552114357,20.6081662472746,0.0 -103.121571031099,20.6081655139747,0.0 -103.121589948442,20.6081647945491,0.0 -103.121608866392,20.6081640894187,0.0 -103.121627784954,20.6081633990045,0.0 -103.121646704133,20.6081627237276,0.0 -103.121665623931,20.6081620640089,0.0 -103.122361037623,20.6081489049633,0.0 -103.123056534453,20.6081573273624,0.0 -103.123751359206,20.6081873220833,0.0 -103.123770254747,20.6081884397435,0.0 -103.123789149245,20.6081895729418,0.0 -103.123808042714,20.6081907212575,0.0 -103.123826935169,20.6081918842697,0.0 -103.123845826626,20.6081930615578,0.0 -103.123864717105,20.6081942527011,0.0 -103.123883606622,20.6081954572789,0.0 -103.123902495199,20.6081966748708,0.0 -103.123921382856,20.6081979050563,0.0 -103.123940269614,20.6081991474148,0.0 -103.123959155496,20.6082004015261,0.0 -103.123978040526,20.6082016669697,0.0 -103.123996924728,20.6082029433255,0.0 -103.124015808127,20.6082042301731,0.0 -103.124034690749,20.6082055270924,0.0 -103.124053572621,20.6082068336633,0.0 -103.12407245377,20.6082081494657,0.0 -103.124091334225,20.6082094740796,0.0 -103.124110214013,20.6082108070849,0.0 -103.124129093166,20.6082121480617,0.0 -103.124147971711,20.6082134965901,0.0 -103.124166849681,20.6082148522503,0.0 -103.124185727106,20.6082162146223,0.0 -103.124204604018,20.6082175832865,0.0 -103.12422348045,20.608218957823,0.0 -103.124242356432,20.6082203378121,0.0 -103.124261232,20.6082217228341,0.0 -103.124280107185,20.6082231124694,0.0 -103.124298982022,20.6082245062982,0.0 -103.124317856544,20.6082259039009,0.0 -103.124336730786,20.608227304858,0.0 -103.124355604782,20.6082287087499,0.0 -103.124374478568,20.6082301151569,0.0 -103.124393352178,20.6082315236596,0.0 -103.124412225647,20.6082329338384,0.0 -103.12443109901,20.6082343452737,0.0 -103.124449972303,20.608235757546,0.0 -103.124468845561,20.6082371702357,0.0 -103.127667154643,20.6084765501012,0.0 -103.127685813176,20.6084779463216,0.0 -103.127704471769,20.6084793418432,0.0 -103.127723130479,20.6084807359695,0.0 -103.127741789366,20.6084821280035,0.0 -103.127760448488,20.6084835172487,0.0 -103.127779107903,20.6084849030081,0.0 -103.127797767667,20.6084862845851,0.0 -103.127816427839,20.6084876612827,0.0 -103.127835088475,20.608489032404,0.0 -103.127853749629,20.6084903972521,0.0 -103.127872411358,20.6084917551299,0.0 -103.127891073714,20.6084931053405,0.0 -103.127909736751,20.6084944471867,0.0 -103.127928400521,20.6084957799712,0.0 -103.127947065074,20.6084971029968,0.0 -103.12796573046,20.6084984155661,0.0 -103.127984396728,20.6084997169816,0.0 -103.128003063924,20.6085010065458,0.0 -103.128021732093,20.6085022835609,0.0 -103.128040401279,20.6085035473293,0.0 -103.128059071525,20.6085047971531,0.0 -103.12807774287,20.6085060323343,0.0 -103.128096415353,20.6085072521747,0.0 -103.128115089011,20.6085084559763,0.0 -103.128133763877,20.6085096430406,0.0 -103.128152439984,20.6085108126692,0.0 -103.128171117363,20.6085119641636,0.0 -103.128189796042,20.6085130968251,0.0 -103.128208476044,20.6085142099548,0.0 -103.128227157395,20.6085153028538,0.0 -103.128245840114,20.6085163748231,0.0 -103.128264524219,20.6085174251634,0.0 -103.128283209725,20.6085184531755,0.0 -103.128301896644,20.6085194581599,0.0 -103.128320584986,20.6085204394171,0.0 -103.128339274756,20.6085213962474,0.0 -103.128357965959,20.608522327951,0.0 -103.128376658594,20.6085232338281,0.0 -103.128395352659,20.6085241131786,0.0 -103.128414048145,20.6085249653025,0.0 -103.128432745044,20.6085257894996,0.0 -103.128834188129,20.6085365769019,0.0 -103.129235786645,20.6085341719825,0.0 -103.129637051665,20.6085185776612,0.0 -103.130037494666,20.6084898129153,0.0 -103.130436628126,20.6084479127568,0.0 -103.130833966118,20.608392928189,0.0 -103.130852431796,20.6083900477572,0.0 -103.130870892598,20.6083871397464,0.0 -103.1308893486,20.6083842048532,0.0 -103.130907799882,20.6083812437735,0.0 -103.13092624653,20.6083782572028,0.0 -103.13094468863,20.6083752458362,0.0 -103.130963126272,20.6083722103684,0.0 -103.130981559549,20.6083691514934,0.0 -103.130999988559,20.608366069905,0.0 -103.131018413399,20.6083629662965,0.0 -103.131036834172,20.6083598413606,0.0 -103.131055250983,20.6083566957898,0.0 -103.131073663939,20.6083535302761,0.0 -103.13109207315,20.608350345511,0.0 -103.131110478727,20.6083471421858,0.0 -103.131128880786,20.6083439209913,0.0 -103.131147279443,20.6083406826179,0.0 -103.131165674818,20.6083374277557,0.0 -103.131184067031,20.6083341570943,0.0 -103.131202456206,20.6083308713233,0.0 -103.131220842468,20.6083275711315,0.0 -103.131239225942,20.6083242572078,0.0 -103.131257606759,20.6083209302406,0.0 -103.131275985048,20.608317590918,0.0 -103.131294360942,20.6083142399279,0.0 -103.131312734572,20.6083108779578,0.0 -103.131331106075,20.6083075056952,0.0 -103.131349475585,20.6083041238271,0.0 -103.13136784324,20.6083007330404,0.0 -103.131386209179,20.6082973340219,0.0 -103.131404573541,20.6082939274579,0.0 -103.131422936466,20.608290514035,0.0 -103.131441298094,20.6082870944391,0.0 -103.131459658569,20.6082836693563,0.0 -103.131478018033,20.6082802394726,0.0 -103.131496376629,20.6082768054737,0.0 -103.1315147345,20.6082733680452,0.0 -103.131533091792,20.6082699278728,0.0 -103.131551448648,20.608266485642,0.0 -103.131569805213,20.6082630420383,0.0 -103.131588161632,20.6082595977472,0.0 -103.136482713196,20.6073411047008,0.0 -103.136501069365,20.6073376595275,0.0 -103.136519425243,20.6073342129814,0.0 -103.13653778054,20.6073307636916,0.0 -103.136556134964,20.6073273102875,0.0 -103.136574488222,20.6073238513987,0.0 -103.136592840022,20.607320385655,0.0 -103.136611190066,20.6073169116864,0.0 -103.136629538059,20.6073134281236,0.0 -103.136647883699,20.6073099335975,0.0 -103.136666226685,20.6073064267397,0.0 -103.13668456671,20.6073029061822,0.0 -103.136702903464,20.6072993705579,0.0 -103.136721236636,20.6072958185003,0.0 -103.136739565906,20.6072922486438,0.0 -103.136757890954,20.6072886596236,0.0 -103.136776211454,20.607285050076,0.0 -103.136794527072,20.6072814186382,0.0 -103.136812837472,20.6072777639486,0.0 -103.136831142311,20.6072740846468,0.0 -103.136849441239,20.6072703793738,0.0 -103.1368677339,20.6072666467718,0.0 -103.136886019932,20.6072628854846,0.0 -103.136904298963,20.6072590941575,0.0 -103.136922570618,20.6072552714376,0.0 -103.136940834509,20.6072514159735,0.0 -103.136959090244,20.6072475264159,0.0 -103.13697733742,20.6072436014173,0.0 -103.136995575625,20.6072396396324,0.0 -103.137013804439,20.607235639718,0.0 -103.137032023432,20.6072316003331,0.0 -103.137050232163,20.6072275201394,0.0 -103.137068430183,20.6072233978009,0.0 -103.13708661703,20.6072192319842,0.0 -103.137104792233,20.6072150213588,0.0 -103.137122955308,20.6072107645972,0.0 -103.137141105762,20.6072064603748,0.0 -103.137159243086,20.6072021073703,0.0 -103.137177366763,20.6071977042656,0.0 -103.137195476261,20.6071932497462,0.0 -103.137213571036,20.6071887425013,0.0 -103.137231650531,20.6071841812237,0.0 -103.137418575055,20.6071335121315,0.0 -103.137603574223,20.6070769245569,0.0 -103.137786436709,20.6070144831387,0.0 -103.13796695363,20.6069462592023,0.0 -103.138144918785,20.6068723306786,0.0 -103.138320128885,20.6067927820149,0.0 -103.138492383791,20.6067077040783,0.0 -103.138661486741,20.6066171940518,0.0 -103.138827244573,20.6065213553236,0.0 -103.138989467948,20.6064202973684,0.0 -103.139147971565,20.606314135623,0.0 -103.139302574373,20.6062029913539,0.0 -103.139317238131,20.6061920390983,0.0 -103.139331864907,20.6061810430918,0.0 -103.139346455485,20.6061700045346,0.0 -103.139361010658,20.6061589246193,0.0 -103.139375531232,20.6061478045311,0.0 -103.13939001802,20.6061366454475,0.0 -103.139404471849,20.606125448539,0.0 -103.139418893553,20.6061142149688,0.0 -103.139433283976,20.6061029458934,0.0 -103.139447643973,20.6060916424623,0.0 -103.139461974406,20.6060803058186,0.0 -103.139476276146,20.6060689370989,0.0 -103.139490550072,20.6060575374335,0.0 -103.139504797072,20.6060461079467,0.0 -103.13951901804,20.6060346497569,0.0 -103.13953321388,20.6060231639768,0.0 -103.1395473855,20.6060116517135,0.0 -103.139561533817,20.606000114069,0.0 -103.139575659754,20.6059885521399,0.0 -103.139589764239,20.6059769670181,0.0 -103.139603848208,20.6059653597907,0.0 -103.139617912601,20.6059537315401,0.0 -103.139631958364,20.6059420833446,0.0 -103.139645986448,20.6059304162782,0.0 -103.139659997808,20.6059187314111,0.0 -103.139673993406,20.6059070298097,0.0 -103.139687974205,20.605895312537,0.0 -103.139701941174,20.6058835806525,0.0 -103.139715895286,20.6058718352129,0.0 -103.139729837516,20.6058600772718,0.0 -103.139743768843,20.6058483078803,0.0 -103.139757690249,20.605836528087,0.0 -103.139771602718,20.6058247389382,0.0 -103.139785507238,20.6058129414784,0.0 -103.139799404796,20.6058011367502,0.0 -103.139813296383,20.6057893257946,0.0 -103.139827182993,20.6057775096514,0.0 -103.139841065618,20.6057656893591,0.0 -103.139854945254,20.6057538659555,0.0 -103.139868822895,20.6057420404776,0.0 -103.139882699538,20.6057302139621,0.0 -103.140799859797,20.6049485267773,0.0 -103.140813536144,20.6049368707395,0.0 -103.140827213405,20.6049252156529,0.0 -103.140840892494,20.6049135624702,0.0 -103.140854574328,20.6049019121444,0.0 -103.14086825982,20.6048902656292,0.0 -103.140881949883,20.604878623879,0.0 -103.14089564543,20.6048669878491,0.0 -103.140909347371,20.6048553584961,0.0 -103.140923056616,20.6048437367776,0.0 -103.140936774073,20.6048321236532,0.0 -103.140950500647,20.6048205200838,0.0 -103.14096423724,20.6048089270324,0.0 -103.140977984755,20.604797345464,0.0 -103.140991744088,20.6047857763461,0.0 -103.141005516135,20.6047742206483,0.0 -103.141019301788,20.604762679343,0.0 -103.141033101936,20.6047511534056,0.0 -103.141046917462,20.6047396438142,0.0 -103.141060749249,20.6047281515503,0.0 -103.141074598173,20.6047166775988,0.0 -103.141088465106,20.6047052229479,0.0 -103.141102350916,20.6046937885897,0.0 -103.141116256467,20.6046823755202,0.0 -103.141130182617,20.6046709847394,0.0 -103.141144130218,20.6046596172516,0.0 -103.141158100117,20.6046482740655,0.0 -103.141402942576,20.6044564196725,0.0 -103.141654414888,20.6042723249607,0.0 -103.141912239772,20.6040961929077,0.0 -103.142176132945,20.6039282177113,0.0 -103.142445803433,20.6037685845756,0.0 -103.1427209539,20.6036174695068,0.0 -103.143001280967,20.6034750391194,0.0 -103.143286475551,20.6033414504522,0.0 -103.143576223204,20.6032168507956,0.0 -103.143870204462,20.603101377529,0.0 -103.144168095195,20.6029951579696,0.0 -103.144469566962,20.602898309232,0.0 -103.144487127495,20.6028929899651,0.0 -103.144504698444,20.6028877012795,0.0 -103.144522279335,20.6028824419687,0.0 -103.144539869702,20.6028772108243,0.0 -103.144557469085,20.6028720066358,0.0 -103.144575077031,20.6028668281907,0.0 -103.144592693093,20.6028616742745,0.0 -103.144610316829,20.6028565436713,0.0 -103.144627947803,20.6028514351633,0.0 -103.144645585584,20.6028463475311,0.0 -103.144663229747,20.6028412795541,0.0 -103.144680879869,20.60283623001,0.0 -103.144698535534,20.6028311976755,0.0 -103.14471619633,20.6028261813261,0.0 -103.144733861846,20.6028211797361,0.0 -103.144751531677,20.6028161916789,0.0 -103.144769205421,20.6028112159268,0.0 -103.144786882677,20.6028062512515,0.0 -103.14480456305,20.602801296424,0.0 -103.144822246144,20.6027963502143,0.0 -103.144839931567,20.6027914113922,0.0 -103.144857618927,20.6027864787269,0.0 -103.144875307835,20.602781550987,0.0 -103.144892997903,20.6027766269411,0.0 -103.144910688744,20.6027717053572,0.0 -103.14492837997,20.6027667850036,0.0 -103.147969593238,20.6019209567862,0.0 -103.147987543322,20.6019159645257,0.0 -103.148005493824,20.6019109736038,0.0 -103.148023445167,20.6019059853612,0.0 -103.148041397768,20.6019010011388,0.0 -103.148059352047,20.6018960222778,0.0 -103.148077308421,20.6018910501197,0.0 -103.148095267304,20.6018860860065,0.0 -103.148113229111,20.6018811312808,0.0 -103.148131194252,20.6018761872859,0.0 -103.148149163136,20.6018712553655,0.0 -103.148167136168,20.6018663368646,0.0 -103.148185113749,20.6018614331289,0.0 -103.148203096278,20.6018565455051,0.0 -103.14822108415,20.601851675341,0.0 -103.148239077752,20.6018468239856,0.0 -103.148257077471,20.6018419927891,0.0 -103.148275083686,20.6018371831032,0.0 -103.148293096771,20.6018323962808,0.0 -103.148311117095,20.6018276336766,0.0 -103.14832914502,20.6018228966465,0.0 -103.148347180902,20.6018181865483,0.0 -103.14836522509,20.6018135047414,0.0 -103.148383277926,20.6018088525871,0.0 -103.148401339745,20.6018042314485,0.0 -103.148419410873,20.6017996426905,0.0 -103.148437491627,20.6017950876801,0.0 -103.148455582319,20.6017905677863,0.0 -103.148473683248,20.6017860843801,0.0 -103.148491794707,20.6017816388347,0.0 -103.148509916976,20.6017772325254,0.0 -103.148528050329,20.6017728668299,0.0 -103.148546195026,20.6017685431279,0.0 -103.148564351319,20.6017642628016,0.0 -103.148582519448,20.6017600272353,0.0 -103.14860069964,20.6017558378159,0.0 -103.148618892114,20.6017516959324,0.0 -103.148637097072,20.6017476029765,0.0 -103.148655314709,20.601743560342,0.0 -103.148673545202,20.6017395694252,0.0 -103.148691788718,20.6017356316249,0.0 -103.14871004541,20.6017317483423,0.0 -103.148904185858,20.6016940573206,0.0 -103.149099589571,20.6016626833273,0.0 -103.149296024782,20.6016376635766,0.0 -103.149493258503,20.6016190277461,0.0 -103.149691056796,20.6016067979415,0.0 -103.149889185056,20.6016009886703,0.0 -103.150087408283,20.6016016068247,0.0 -103.150285491369,20.6016086516734,0.0 -103.150483199369,20.6016221148625,0.0 -103.150680297782,20.6016419804253,0.0 -103.150876552833,20.6016682248012,0.0 -103.151071731743,20.601700816864,0.0 -103.151265603011,20.601739717958,0.0 -103.151457936687,20.6017848819447,0.0 -103.151648504642,20.601836255257,0.0 -103.151837080842,20.6018937769629,0.0 -103.152023441615,20.6019573788375,0.0 -103.152207365913,20.6020269854442,0.0 -103.152224597876,20.6020338646206,0.0 -103.152241806574,20.6020407952387,0.0 -103.152258992423,20.6020477759453,0.0 -103.15227615585,20.6020548053917,0.0 -103.152293297295,20.602061882234,0.0 -103.152310417211,20.6020690051325,0.0 -103.152327516062,20.6020761727524,0.0 -103.152344594323,20.6020833837628,0.0 -103.152361652482,20.6020906368375,0.0 -103.152378691037,20.6020979306542,0.0 -103.152395710495,20.6021052638949,0.0 -103.152412711374,20.6021126352457,0.0 -103.152429694202,20.6021200433964,0.0 -103.152446659516,20.6021274870409,0.0 -103.152463607864,20.6021349648767,0.0 -103.152480539799,20.6021424756049,0.0 -103.152497455886,20.6021500179305,0.0 -103.152514356695,20.6021575905614,0.0 -103.152531242805,20.6021651922091,0.0 -103.152548114805,20.6021728215884,0.0 -103.152564973286,20.602180477417,0.0 -103.152581818849,20.6021881584155,0.0 -103.152598652102,20.6021958633075,0.0 -103.152615473656,20.6022035908192,0.0 -103.15263228413,20.6022113396794,0.0 -103.152649084149,20.6022191086194,0.0 -103.152665874341,20.6022268963727,0.0 -103.15268265534,20.6022347016752,0.0 -103.152699427784,20.6022425232644,0.0 -103.152716192316,20.6022503598802,0.0 -103.152732949582,20.6022582102639,0.0 -103.152749700231,20.6022660731586,0.0 -103.152766444917,20.6022739473088,0.0 -103.152783184295,20.6022818314604,0.0 -103.152799919022,20.6022897243604,0.0 -103.152816649761,20.6022976247569,0.0 -103.152833377172,20.6023055313988,0.0 -103.15285010192,20.6023134430359,0.0 -103.152866824671,20.6023213584185,0.0 -103.152883546089,20.6023292762974,0.0 -103.152900266842,20.6023371954235,0.0 -103.155673540322,20.6036506577626,0.0 -103.155690306767,20.6036585982549,0.0 -103.155707073572,20.6036665380743,0.0 -103.155723841097,20.6036744765492,0.0 -103.155740609699,20.603682413008,0.0 -103.155757379736,20.6036903467791,0.0 -103.155774151567,20.6036982771904,0.0 -103.155790925549,20.60370620357,0.0 -103.155807702038,20.6037141252454,0.0 -103.15582448139,20.6037220415439,0.0 -103.155841263962,20.6037299517926,0.0 -103.155858050107,20.603737855318,0.0 -103.15587484018,20.6037457514464,0.0 -103.155891634532,20.6037536395034,0.0 -103.155908433516,20.6037615188142,0.0 -103.155925237482,20.6037693887034,0.0 -103.155942046778,20.6037772484951,0.0 -103.155958861754,20.6037850975128,0.0 -103.155975682754,20.603792935079,0.0 -103.155992510124,20.6038007605159,0.0 -103.156009344207,20.6038085731447,0.0 -103.156026185343,20.6038163722859,0.0 -103.156043033874,20.6038241572589,0.0 -103.156059890135,20.6038319273827,0.0 -103.156459818482,20.6040107005099,0.0 -103.15686402241,20.6041807363489,0.0 -103.156881248729,20.6041877502473,0.0 -103.156898482013,20.604194748964,0.0 -103.156915721931,20.604201733183,0.0 -103.156932968155,20.6042087035897,0.0 -103.156950220357,20.6042156608698,0.0 -103.156967478213,20.60422260571,0.0 -103.156984741399,20.6042295387974,0.0 -103.157002009594,20.6042364608202,0.0 -103.157019282478,20.6042433724667,0.0 -103.157036559731,20.604250274426,0.0 -103.157053841036,20.6042571673879,0.0 -103.157071126078,20.6042640520424,0.0 -103.15708841454,20.6042709290801,0.0 -103.157105706109,20.604277799192,0.0 -103.157123000472,20.6042846630695,0.0 -103.157140297315,20.6042915214041,0.0 -103.157157596329,20.604298374888,0.0 -103.157174897201,20.6043052242133,0.0 -103.157192199621,20.6043120700726,0.0 -103.15720950328,20.6043189131585,0.0 -103.157226807867,20.6043257541639,0.0 -103.157244113075,20.6043325937815,0.0 -103.157261418593,20.6043394327046,0.0 -103.159465349498,20.6052103625379,0.0 -103.159481431622,20.6052167176417,0.0 -103.159497513635,20.6052230729944,0.0 -103.159513595427,20.6052294288463,0.0 -103.159529676885,20.6052357854475,0.0 -103.159545757899,20.6052421430485,0.0 -103.159561838356,20.6052485018994,0.0 -103.159577918144,20.6052548622504,0.0 -103.159593997152,20.6052612243517,0.0 -103.159610075268,20.6052675884534,0.0 -103.15962615238,20.6052739548056,0.0 -103.159642228375,20.6052803236584,0.0 -103.16159805262,20.606079546441,0.0 -103.163534551027,20.6069194788073,0.0 -103.163550309604,20.6069265162965,0.0 -103.163566066947,20.6069335562368,0.0 -103.16358182318,20.6069405983827,0.0 -103.163597578424,20.6069476424889,0.0 -103.163613332804,20.60695468831,0.0 -103.163629086444,20.6069617356009,0.0 -103.163644839467,20.6069687841163,0.0 -103.163660591996,20.606975833611,0.0 -103.163676344155,20.6069828838397,0.0 -103.163692096069,20.6069899345575,0.0 -103.16370784786,20.606996985519,0.0 -103.172321790537,20.6108525618996,0.0 -103.17233874178,20.6108601484924,0.0 -103.172355693368,20.6108677344049,0.0 -103.172372645642,20.6108753189581,0.0 -103.172389598946,20.6108829014731,0.0 -103.172406553622,20.6108904812709,0.0 -103.172423510011,20.6108980576721,0.0 -103.172440468455,20.6109056299973,0.0 -103.172457429295,20.6109131975668,0.0 -103.17247439287,20.6109207597007,0.0 -103.17249135952,20.6109283157186,0.0 -103.172508329584,20.6109358649399,0.0 -103.172525303399,20.6109434066834,0.0 -103.172542281303,20.6109509402676,0.0 -103.172559263629,20.6109584650105,0.0 -103.172576250714,20.6109659802295,0.0 -103.172593242889,20.6109734852416,0.0 -103.172610240487,20.6109809793629,0.0 -103.172627243837,20.6109884619091,0.0 -103.172644253268,20.6109959321952,0.0 -103.172661269107,20.6110033895353,0.0 -103.17267829168,20.6110108332429,0.0 -103.172695321309,20.6110182626307,0.0 -103.172712358317,20.6110256770105,0.0 -103.17328906476,20.6112655934673,0.0 -103.173873834417,20.6114875375174,0.0 -103.174466035627,20.6116912693893,0.0 -103.175065028689,20.6118765689838,0.0 -103.175670166558,20.6120432361119,0.0 -103.176280795544,20.6121910907119,0.0 -103.176896256015,20.6123199730433,0.0 -103.177515883116,20.6124297438603,0.0 -103.177534384674,20.6124327173702,0.0 -103.17755288918,20.6124356745771,0.0 -103.177571396485,20.6124386162196,0.0 -103.177589906442,20.6124415430364,0.0 -103.177608418906,20.6124444557668,0.0 -103.177626933735,20.6124473551505,0.0 -103.177645450786,20.612450241927,0.0 -103.17766396992,20.6124531168367,0.0 -103.177682490999,20.6124559806198,0.0 -103.177701013887,20.6124588340169,0.0 -103.17771953845,20.6124616777688,0.0 -103.177738064552,20.6124645126166,0.0 -103.177756592061,20.6124673393014,0.0 -103.177775120847,20.6124701585646,0.0 -103.177793650779,20.6124729711478,0.0 -103.177812181727,20.6124757777926,0.0 -103.177830713562,20.6124785792407,0.0 -103.177849246157,20.6124813762342,0.0 -103.177867779385,20.612484169515,0.0 -103.177886313117,20.6124869598251,0.0 -103.177904847229,20.6124897479067,0.0 -103.177923381593,20.6124925345019,0.0 -103.177941916084,20.612495320353,0.0 -103.186047140591,20.6137133333811,0.0 -103.186065358599,20.613716070865,0.0 -103.186083576392,20.6137188096157,0.0 -103.186101793756,20.6137215509019,0.0 -103.186120010474,20.6137242959919,0.0 -103.186138226329,20.6137270461542,0.0 -103.186156441104,20.6137298026569,0.0 -103.186174654578,20.6137325667682,0.0 -103.18619286653,20.6137353397556,0.0 -103.186211076738,20.6137381228865,0.0 -103.186229284974,20.6137409174279,0.0 -103.186247491011,20.6137437246466,0.0 -103.186265694616,20.6137465458084,0.0 -103.186283895555,20.6137493821792,0.0 -103.18630209359,20.6137522350239,0.0 -103.186320288479,20.6137551056069,0.0 -103.186338479974,20.613757995192,0.0 -103.186356667825,20.6137609050422,0.0 -103.186374851776,20.6137638364198,0.0 -103.186393031566,20.613766790586,0.0 -103.18641120693,20.6137697688013,0.0 -103.186429377595,20.6137727723253,0.0 -103.186447543284,20.6137758024164,0.0 -103.186465703712,20.613778860332,0.0 -103.18648385859,20.6137819473281,0.0 -103.186502007619,20.6137850646598,0.0 -103.186520150496,20.6137882135806,0.0 -103.186827737221,20.6138467979004,0.0 -103.187133124448,20.6139148223353,0.0 -103.187435985437,20.6139922141089,0.0 -103.187735996147,20.6140788904227,0.0 -103.188032835585,20.614174758544,0.0 -103.188326186149,20.6142797159054,0.0 -103.188615733968,20.6143936502143,0.0 -103.188901169238,20.614516439573,0.0 -103.189182186551,20.6146479526093,0.0 -103.189458485225,20.6147880486165,0.0 -103.189729769624,20.6149365777042,0.0 -103.189995749473,20.6150933809586,0.0 -103.190011214037,20.6151028524147,0.0 -103.190026659973,20.6151123507761,0.0 -103.190042087979,20.615121874936,0.0 -103.190057498755,20.6151314237912,0.0 -103.19007289301,20.6151409962422,0.0 -103.190088271455,20.6151505911927,0.0 -103.19010363481,20.6151602075497,0.0 -103.190118983798,20.6151698442233,0.0 -103.190134319148,20.6151795001267,0.0 -103.190149641592,20.6151891741758,0.0 -103.190164951867,20.615198865289,0.0 -103.190180250714,20.6152085723876,0.0 -103.190195538879,20.6152182943949,0.0 -103.190210817111,20.6152280302366,0.0 -103.190226086159,20.6152377788405,0.0 -103.190241346781,20.6152475391362,0.0 -103.190256599733,20.6152573100551,0.0 -103.190271845774,20.6152670905302,0.0 -103.190287085669,20.6152768794959,0.0 -103.19030232018,20.6152866758879,0.0 -103.190317550074,20.6152964786431,0.0 -103.190332776118,20.6153062866993,0.0 -103.190347999082,20.615316098995,0.0 -103.190363219734,20.6153259144695,0.0 -103.190378438847,20.6153357320626,0.0 -103.19039365719,20.6153455507142,0.0 -103.197162030765,20.6197122731856,0.0 -103.197177419215,20.6197222002419,0.0 -103.197192809091,20.6197321253406,0.0 -103.197208201815,20.6197420465248,0.0 -103.197223598809,20.6197519618364,0.0 -103.197239001491,20.6197618693157,0.0 -103.197254411276,20.6197717670011,0.0 -103.197269829576,20.6197816529279,0.0 -103.197285257796,20.6197915251284,0.0 -103.197300697336,20.619801381631,0.0 -103.19731614959,20.6198112204601,0.0 -103.197331615943,20.6198210396348,0.0 -103.197347097773,20.6198308371693,0.0 -103.197362596447,20.6198406110717,0.0 -103.197378113322,20.6198503593437,0.0 -103.197393649746,20.6198600799804,0.0 -103.197409207052,20.6198697709693,0.0 -103.197424786563,20.6198794302901,0.0 -103.197440389586,20.6198890559143,0.0 -103.197456017415,20.6198986458046,0.0 -103.197471671328,20.6199081979142,0.0 -103.197487352586,20.619917710187,0.0 -103.197503062433,20.6199271805563,0.0 -103.197518802094,20.6199366069453,0.0 -103.197534572777,20.6199459872659,0.0 -103.197550375668,20.6199553194188,0.0 -103.197566211932,20.6199646012928,0.0 -103.197582082712,20.6199738307646,0.0 -103.19759798913,20.6199830056984,0.0 -103.197613932282,20.6199921239454,0.0 -103.197629913238,20.6200011833438,0.0 -103.197645933046,20.6200101817183,0.0 -103.197661992723,20.6200191168795,0.0 -103.19767809326,20.6200279866243,0.0 -103.19769423562,20.6200367887348,0.0 -103.197710420734,20.6200455209789,0.0 -103.197726649504,20.6200541811095,0.0 -103.197842162118,20.620113046965,0.0 -103.197959746985,20.6201681564915,0.0 -103.198079266342,20.6202194451205,0.0 -103.19820058016,20.6202668527603,0.0 -103.198323546305,20.6203103238659,0.0 -103.198448020707,20.6203498075046,0.0 -103.198573857531,20.6203852574155,0.0 -103.198700909342,20.6204166320635,0.0 -103.198829027283,20.6204438946883,0.0 -103.198958061248,20.6204670133474,0.0 -103.199087860055,20.6204859609532,0.0 -103.199218271628,20.6205007153054,0.0 -103.199349143173,20.6205112591163,0.0 -103.199480321356,20.6205175800318,0.0 -103.199498966523,20.6205181351582,0.0 -103.19951761427,20.6205186073167,0.0 -103.199536264124,20.6205189988677,0.0 -103.199554915647,20.6205193121739,0.0 -103.199573568435,20.6205195496005,0.0 -103.199592222117,20.6205197135144,0.0 -103.199610876352,20.620519806284,0.0 -103.19962953083,20.6205198302794,0.0 -103.199648185273,20.6205197878716,0.0 -103.199666839428,20.6205196814326,0.0 -103.199685493073,20.6205195133353,0.0 -103.199704146009,20.6205192859529,0.0 -103.199722798065,20.6205190016593,0.0 -103.199741449094,20.6205186628283,0.0 -103.199760098973,20.6205182718342,0.0 -103.199778747599,20.6205178310512,0.0 -103.199797394894,20.6205173428533,0.0 -103.199816040798,20.6205168096144,0.0 -103.19983468527,20.6205162337083,0.0 -103.199853328289,20.6205156175083,0.0 -103.199871969852,20.6205149633875,0.0 -103.199890609969,20.6205142737187,0.0 -103.199909248669,20.6205135508741,0.0 -103.199927885992,20.6205127972255,0.0 -103.199946521994,20.6205120151445,0.0 -103.199965156742,20.6205112070019,0.0 -103.199983790314,20.6205103751684,0.0 -103.200002422799,20.6205095220143,0.0 -103.200021054294,20.6205086499092,0.0 -103.200039684906,20.6205077612226,0.0 -103.200058314746,20.6205068583236,0.0 -103.200076943935,20.6205059435812,0.0 -103.200095572597,20.6205050193638,0.0 -103.200114200859,20.6205040880399,0.0 -103.200132828854,20.6205031519777,0.0 -103.200151456714,20.6205022135455,0.0 -103.213628900967,20.6198224299627,0.0 -103.213647324047,20.6198214997865,0.0 -103.213665747053,20.6198205683254,0.0 -103.213684169912,20.6198196342967,0.0 -103.213702592551,20.6198186964173,0.0 -103.213721014895,20.6198177534045,0.0 -103.213739436866,20.6198168039757,0.0 -103.213757858388,20.6198158468481,0.0 -103.213776279381,20.6198148807391,0.0 -103.213794699763,20.6198139043665,0.0 -103.213813119451,20.6198129164477,0.0 -103.213831538358,20.6198119157008,0.0 -103.213849956393,20.6198109008436,0.0 -103.213868373464,20.6198098705944,0.0 -103.214398738636,20.6197730155237,0.0 -103.214927815008,20.6197223349934,0.0 -103.215455196002,20.6196578679392,0.0 -103.215980476344,20.619579663891,0.0 -103.215998656278,20.6195767052824,0.0 -103.216016833415,20.6195737314814,0.0 -103.216035007976,20.6195707437561,0.0 -103.216053180184,20.6195677433738,0.0 -103.216071350266,20.6195647316014,0.0 -103.216089518451,20.6195617097053,0.0 -103.216107684972,20.6195586789517,0.0 -103.216125850062,20.6195556406062,0.0 -103.216144013956,20.6195525959344,0.0 -103.216162176892,20.6195495462013,0.0 -103.216180339109,20.6195464926721,0.0 -103.216198500845,20.6195434366114,0.0 -103.21621666234,20.6195403792841,0.0 -103.238617572948,20.6157675467052,0.0 -103.238635999484,20.6157644420774,0.0 -103.238654426149,20.6157613381357,0.0 -103.238672853076,20.6157582355679,0.0 -103.238691280394,20.6157551350623,0.0 -103.238709708233,20.6157520373068,0.0 -103.238728136724,20.6157489429898,0.0 -103.238746565996,20.6157458527993,0.0 -103.238764996178,20.6157427674238,0.0 -103.238783427398,20.6157396875517,0.0 -103.238801859784,20.6157366138715,0.0 -103.238820293462,20.6157335470718,0.0 -103.23883872856,20.6157304878416,0.0 -103.2388571652,20.6157274368697,0.0 -103.238875603509,20.6157243948454,0.0 -103.238894043608,20.615721362458,0.0 -103.238912485619,20.6157183403969,0.0 -103.238930929663,20.6157153293519,0.0 -103.238949375858,20.6157123300131,0.0 -103.238967824322,20.6157093430705,0.0 -103.238986275171,20.6157063692147,0.0 -103.239004728519,20.6157034091363,0.0 -103.239023184478,20.6157004635263,0.0 -103.239041643159,20.615697533076,0.0 -103.239060104672,20.6156946184769,0.0 -103.239078569121,20.6156917204209,0.0 -103.239097036613,20.6156888396002,0.0 -103.23911550725,20.6156859767072,0.0 -103.239133981132,20.6156831324348,0.0 -103.239152458356,20.6156803074761,0.0 -103.239170939019,20.6156775025247,0.0 -103.239189423212,20.6156747182744,0.0 -103.239207911027,20.6156719554196,0.0 -103.23922640255,20.6156692146547,0.0 -103.239244897867,20.6156664966748,0.0 -103.239263397059,20.6156638021754,0.0 -103.239281900205,20.6156611318521,0.0 -103.239300407382,20.6156584864011,0.0 -103.239318918661,20.6156558665191,0.0 -103.239337434112,20.6156532729029,0.0 -103.239355953801,20.61565070625,0.0 -103.239374477791,20.6156481672582,0.0 -103.239769188287,20.6156009127961,0.0 -103.240165397359,20.6155665274726,0.0 -103.240562631828,20.6155450523605,0.0 -103.240960417286,20.6155365131142,0.0 -103.241358278669,20.6155409199393,0.0 -103.241755740823,20.6155582675802,0.0 -103.241774421278,20.615559401997,0.0 -103.241793099798,20.6155605643104,0.0 -103.241811776388,20.61556175382,0.0 -103.241830451052,20.6155629698258,0.0 -103.241849123802,20.6155642116278,0.0 -103.24186779465,20.6155654785262,0.0 -103.241886463613,20.6155667698213,0.0 -103.24190513071,20.6155680848136,0.0 -103.241923795964,20.6155694228038,0.0 -103.2419424594,20.6155707830928,0.0 -103.241961121046,20.6155721649816,0.0 -103.241979780933,20.6155735677713,0.0 -103.241998439094,20.6155749907634,0.0 -103.242017095566,20.6155764332592,0.0 -103.242035750388,20.6155778945606,0.0 -103.2420544036,20.6155793739693,0.0 -103.242073055245,20.6155808707874,0.0 -103.242091705369,20.6155823843169,0.0 -103.24211035402,20.6155839138603,0.0 -103.242129001247,20.61558545872,0.0 -103.242147647101,20.6155870181986,0.0 -103.242166291636,20.615588591599,0.0 -103.242184934907,20.6155901782238,0.0 -103.242203576971,20.6155917773764,0.0 -103.242222217886,20.6155933883596,0.0 -103.242240857713,20.615595010477,0.0 -103.242259496511,20.6155966430318,0.0 -103.242278134345,20.6155982853276,0.0 -103.242296771277,20.6155999366681,0.0 -103.242315407373,20.6156015963568,0.0 -103.242334042699,20.6156032636977,0.0 -103.242352677322,20.6156049379947,0.0 -103.24237131131,20.6156066185516,0.0 -103.24238994473,20.6156083046726,0.0 -103.242408577654,20.6156099956617,0.0 -103.24242721015,20.6156116908232,0.0 -103.242445842289,20.6156133894612,0.0 -103.242464474142,20.61561509088,0.0 -103.242483105781,20.6156167943839,0.0 -103.242501737277,20.6156184992771,0.0 -103.242520368702,20.615620204864,0.0 -103.251448698268,20.6164373580603,0.0 -103.251467454716,20.6164390742967,0.0 -103.251486211122,20.6164407909439,0.0 -103.251504967444,20.6164425084151,0.0 -103.251523723638,20.6164442271231,0.0 -103.251542479662,20.6164459474808,0.0 -103.251561235473,20.6164476699011,0.0 -103.251579991027,20.616449394797,0.0 -103.251598746282,20.6164511225813,0.0 -103.251617501194,20.6164528536669,0.0 -103.251636255719,20.6164545884667,0.0 -103.251655009813,20.6164563273933,0.0 -103.251673763432,20.6164580708597,0.0 -103.251692516531,20.6164598192786,0.0 -103.251711269066,20.6164615730627,0.0 -103.25173002099,20.6164633326246,0.0 -103.251748772258,20.6164650983771,0.0 -103.251767522823,20.6164668707327,0.0 -103.25178627264,20.616468650104,0.0 -103.251805021659,20.6164704369034,0.0 -103.251823769834,20.6164722315434,0.0 -103.251842517117,20.6164740344365,0.0 -103.251861263457,20.6164758459948,0.0 -103.251880008805,20.6164776666307,0.0 -103.251898753112,20.6164794967564,0.0 -103.251917496325,20.616481336784,0.0 -103.251936238392,20.6164831871256,0.0 -103.251954979262,20.616485048193,0.0 -103.251973718881,20.6164869203983,0.0 -103.252569306288,20.6165525201282,0.0 -103.253163313543,20.6166297857732,0.0 -103.253181952308,20.6166324025568,0.0 -103.253200589316,20.6166350304174,0.0 -103.253219224624,20.6166376689436,0.0 -103.253237858292,20.6166403177242,0.0 -103.253256490378,20.6166429763482,0.0 -103.253275120943,20.6166456444045,0.0 -103.253293750049,20.6166483214823,0.0 -103.253312377758,20.6166510071707,0.0 -103.253331004131,20.6166537010589,0.0 -103.253349629231,20.6166564027364,0.0 -103.253368253123,20.6166591117926,0.0 -103.253386875871,20.6166618278171,0.0 -103.253405497538,20.6166645503993,0.0 -103.253424118191,20.616667279129,0.0 -103.253442737895,20.616670013596,0.0 -103.253461356716,20.6166727533899,0.0 -103.253479974721,20.6166754981008,0.0 -103.253498591975,20.6166782473184,0.0 -103.253517208548,20.6166810006327,0.0 -103.253535824505,20.6166837576338,0.0 -103.253554439915,20.6166865179116,0.0 -103.253573054845,20.6166892810564,0.0 -103.253591669365,20.616692046658,0.0 -103.253610283542,20.6166948143068,0.0 -103.253628897444,20.6166975835929,0.0 -103.253647511141,20.6167003541064,0.0 -103.253666124701,20.6167031254375,0.0 -103.253684738193,20.6167058971765,0.0 -103.26770692727,20.6187934052113,0.0 -103.267725592645,20.6187961832454,0.0 -103.267744257946,20.6187989617146,0.0 -103.267762923102,20.6188017410558,0.0 -103.267781588038,20.6188045217062,0.0 -103.267800252682,20.6188073041027,0.0 -103.267818916958,20.6188100886823,0.0 -103.267837580794,20.6188128758819,0.0 -103.267856244115,20.6188156661385,0.0 -103.267874906846,20.6188184598891,0.0 -103.267893568914,20.6188212575703,0.0 -103.267912230243,20.6188240596191,0.0 -103.267930890758,20.6188268664721,0.0 -103.267949550383,20.6188296785661,0.0 -103.267968209043,20.6188324963377,0.0 -103.26798686666,20.6188353202235,0.0 -103.268005523157,20.61883815066,0.0 -103.268024178458,20.6188409880834,0.0 -103.268042832484,20.6188438329303,0.0 -103.268061485156,20.6188466856368,0.0 -103.268080136394,20.618849546639,0.0 -103.26809878612,20.618852416373,0.0 -103.268117434252,20.6188552952746,0.0 -103.26813608071,20.6188581837798,0.0 -103.26815472541,20.6188610823242,0.0 -103.268173368269,20.6188639913434,0.0 -103.268192009205,20.6188669112727,0.0 -103.268210648133,20.6188698425475,0.0 -103.268229284966,20.618872785603,0.0 -103.268247919619,20.618875740874,0.0 -103.268266552004,20.6188787087955,0.0 -103.268285182033,20.6188816898021,0.0 -103.268303809616,20.6188846843283,0.0 -103.268322434662,20.6188876928085,0.0 -103.268341057081,20.6188907156766,0.0 -103.268359676778,20.6188937533668,0.0 -103.268378293661,20.6188968063126,0.0 -103.268396907634,20.6188998749477,0.0 -103.268415518601,20.6189029597053,0.0 -103.268434126464,20.6189060610185,0.0 -103.268452731124,20.6189091793202,0.0 -103.268471332481,20.6189123150429,0.0 -103.268489930432,20.6189154686191,0.0 -103.268508524876,20.6189186404808,0.0 -103.268527115707,20.6189218310598,0.0 -103.268545702819,20.6189250407877,0.0 -103.268564286106,20.6189282700958,0.0 -103.268582865456,20.6189315194151,0.0 -103.268601440761,20.6189347891762,0.0 -103.268620011908,20.6189380798095,0.0 -103.268638578782,20.618941391745,0.0 -103.268657141268,20.6189447254125,0.0 -103.26867569925,20.6189480812413,0.0 -103.268694252606,20.6189514596605,0.0 -103.268712801218,20.6189548610986,0.0 -103.268731344962,20.618958285984,0.0 -103.268749883714,20.6189617347446,0.0 -103.268768417347,20.6189652078078,0.0 -103.268786945732,20.6189687056008,0.0 -103.26880546874,20.6189722285503,0.0 -103.268823986239,20.6189757770825,0.0 -103.268842498094,20.6189793516231,0.0 -103.268861004168,20.6189829525976,0.0 -103.268879504324,20.6189865804308,0.0 -103.26889799842,20.6189902355471,0.0 -103.268916486315,20.6189939183705,0.0 -103.268934967862,20.6189976293243,0.0 -103.26924012427,20.6190632443314,0.0 -103.269543273509,20.6191366449518,0.0 -103.26984419153,20.6192177769411,0.0 -103.27014265593,20.6193065803405,0.0 -103.270160590837,20.6193121854525,0.0 -103.270178516098,20.619317817851,0.0 -103.270196431815,20.6193234771017,0.0 -103.270214338094,20.619329162771,0.0 -103.270232235041,20.619334874426,0.0 -103.270250122765,20.6193406116343,0.0 -103.270268001377,20.6193463739641,0.0 -103.270285870991,20.619352160984,0.0 -103.270303731721,20.6193579722635,0.0 -103.270321583685,20.6193638073725,0.0 -103.270339427001,20.6193696658815,0.0 -103.27035726179,20.6193755473616,0.0 -103.270375088175,20.6193814513843,0.0 -103.27039290628,20.6193873775218,0.0 -103.270410716231,20.6193933253468,0.0 -103.270428518156,20.6193992944325,0.0 -103.270446312186,20.6194052843528,0.0 -103.27046409845,20.6194112946819,0.0 -103.270481877082,20.6194173249947,0.0 -103.270499648217,20.6194233748664,0.0 -103.27051741199,20.6194294438728,0.0 -103.270535168539,20.6194355315903,0.0 -103.270552918003,20.6194416375956,0.0 -103.270570660523,20.619447761466,0.0 -103.270588396241,20.6194539027793,0.0 -103.270606125299,20.6194600611136,0.0 -103.270623847843,20.6194662360477,0.0 -103.270641564019,20.6194724271605,0.0 -103.270659273974,20.6194786340315,0.0 -103.270676977856,20.6194848562408,0.0 -103.270694675816,20.6194910933687,0.0 -103.270712368004,20.6194973449959,0.0 -103.270730054572,20.6195036107035,0.0 -103.270747735674,20.6195098900732,0.0 -103.270765411463,20.6195161826869,0.0 -103.270783082096,20.6195224881267,0.0 -103.270800747729,20.6195288059753,0.0 -103.270818408519,20.6195351358158,0.0 -103.270836064624,20.6195414772314,0.0 -103.270853716205,20.6195478298057,0.0 -103.270871363419,20.6195541931227,0.0 -103.27088900643,20.6195605667667,0.0 -103.270906645399,20.6195669503221,0.0 -103.270924280487,20.6195733433739,0.0 -103.27094191186,20.619579745507,0.0 -103.27095953968,20.6195861563068,0.0 -103.270977164112,20.6195925753589,0.0 -103.270994785322,20.6195990022492,0.0 -103.271012403477,20.6196054365638,0.0 -103.271030018741,20.6196118778887,0.0 -103.271047631284,20.6196183258107,0.0 -103.271065241272,20.6196247799162,0.0 -103.271082848873,20.6196312397921,0.0 -103.271100454257,20.6196377050255,0.0 -103.271118057593,20.6196441752035,0.0 -103.271135659049,20.6196506499134,0.0 -103.271153258796,20.6196571287427,0.0 -103.271170857004,20.6196636112788,0.0 -103.271188453843,20.6196700971095,0.0 -103.271206049484,20.6196765858225,0.0 -103.271223644098,20.6196830770056,0.0 -103.271241237856,20.6196895702469,0.0 -103.27125883093,20.6196960651342,0.0 -103.27127642349,20.6197025612555,0.0 -103.271294015709,20.619709058199,0.0 -103.271311607758,20.6197155555527,0.0 -103.276030052866,20.6214581796127,0.0 -103.276047596963,20.6214646587953,0.0 -103.276065140901,20.6214711383625,0.0 -103.276082684519,20.6214776187005,0.0 -103.276100227655,20.6214841001955,0.0 -103.276117770149,20.6214905832336,0.0 -103.27613531184,20.621497068201,0.0 -103.276152852565,20.6215035554838,0.0 -103.276170392164,20.6215100454679,0.0 -103.276187930474,20.6215165385394,0.0 -103.276205467334,20.621523035084,0.0 -103.276223002582,20.6215295354876,0.0 -103.276240536054,20.6215360401357,0.0 -103.276258067589,20.6215425494139,0.0 -103.276275597022,20.6215490637077,0.0 -103.276293124191,20.6215555834022,0.0 -103.276310648931,20.6215621088826,0.0 -103.276328171079,20.6215686405339,0.0 -103.276345690468,20.6215751787408,0.0 -103.276363206935,20.6215817238879,0.0 -103.276380720312,20.6215882763596,0.0 -103.276398230434,20.6215948365402,0.0 -103.276415737134,20.6216014048136,0.0 -103.276433240243,20.6216079815636,0.0 -103.276450739595,20.6216145671736,0.0 -103.27646823502,20.621621162027,0.0 -103.276485726348,20.6216277665067,0.0 -103.276503213409,20.6216343809956,0.0 -103.276520696032,20.6216410058759,0.0 -103.276922582088,20.6217967689644,0.0 -103.276939951779,20.6218036521522,0.0 -103.276957316853,20.6218105456617,0.0 -103.276974677473,20.621817449108,0.0 -103.276992033805,20.6218243621064,0.0 -103.277009386015,20.6218312842726,0.0 -103.27702673427,20.6218382152225,0.0 -103.277044078737,20.6218451545722,0.0 -103.277061419583,20.6218521019381,0.0 -103.277078756978,20.6218590569368,0.0 -103.277096091091,20.6218660191853,0.0 -103.277113422091,20.6218729883006,0.0 -103.277130750149,20.6218799639,0.0 -103.277148075435,20.6218869456009,0.0 -103.277165398121,20.6218939330211,0.0 -103.277182718377,20.6219009257784,0.0 -103.277200036377,20.6219079234907,0.0 -103.277217352291,20.6219149257763,0.0 -103.277234666294,20.6219219322533,0.0 -103.277251978557,20.6219289425403,0.0 -103.277269289255,20.6219359562556,0.0 -103.27728659856,20.621942973018,0.0 -103.277303906647,20.6219499924462,0.0 -103.27732121369,20.6219570141589,0.0 -103.277338519861,20.621964037775,0.0 -103.277355825337,20.6219710629134,0.0 -103.277373130291,20.6219780891932,0.0 -103.277390434897,20.6219851162333,0.0 -103.277407739331,20.6219921436527,0.0 -103.284865220371,20.6250204816653,0.0 -103.284882001069,20.6250272956079,0.0 -103.284898781506,20.6250341101222,0.0 -103.284915561419,20.6250409257812,0.0 -103.284932340545,20.6250477431581,0.0 -103.284949118622,20.6250545628258,0.0 -103.284965895386,20.6250613853572,0.0 -103.284982670574,20.6250682113252,0.0 -103.284999443921,20.6250750413022,0.0 -103.285016215164,20.6250818758607,0.0 -103.285032984037,20.6250887155728,0.0 -103.285049750274,20.6250955610106,0.0 -103.285066513609,20.6251024127457,0.0 -103.285083273776,20.6251092713495,0.0 -103.285100030507,20.625116137393,0.0 -103.285116783532,20.6251230114469,0.0 -103.285133532583,20.6251298940816,0.0 -103.285150277389,20.6251367858669,0.0 -103.285167017678,20.6251436873723,0.0 -103.285183753177,20.6251505991669,0.0 -103.285200483613,20.625157521819,0.0 -103.285217208711,20.6251644558968,0.0 -103.285975174765,20.6254939678778,0.0 -103.286720504319,20.6258481105671,0.0 -103.287452294635,20.6262264551024,0.0 -103.287468154322,20.6262350036599,0.0 -103.287484007417,20.626243563048,0.0 -103.287499854243,20.6262521327207,0.0 -103.287515695123,20.6262607121331,0.0 -103.287531530381,20.6262693007405,0.0 -103.287547360342,20.626277897999,0.0 -103.287563185333,20.6262865033653,0.0 -103.287579005681,20.6262951162963,0.0 -103.287594821714,20.6263037362498,0.0 -103.28761063376,20.6263123626836,0.0 -103.287626442151,20.6263209950563,0.0 -103.287642247215,20.6263296328265,0.0 -103.287658049285,20.6263382754536,0.0 -103.287673848691,20.6263469223968,0.0 -103.287689645765,20.6263555731159,0.0 -103.287705440841,20.6263642270708,0.0 -103.287721234251,20.6263728837218,0.0 -103.287737026328,20.6263815425291,0.0 -103.287752817406,20.6263902029532,0.0 -103.287768607818,20.6263988644547,0.0 -103.287784397899,20.6264075264942,0.0 -103.290759687778,20.6280396761916,0.0 -103.290776049645,20.6280486512877,0.0 -103.290792412275,20.6280576251514,0.0 -103.290808776431,20.6280665965519,0.0 -103.290825142873,20.6280755642577,0.0 -103.290841512361,20.628084527037,0.0 -103.290857885653,20.6280934836572,0.0 -103.290874263506,20.6281024328848,0.0 -103.290890646676,20.6281113734855,0.0 -103.290907035916,20.6281203042235,0.0 -103.290923431976,20.6281292238618,0.0 -103.290939835603,20.6281381311619,0.0 -103.290956247542,20.6281470248836,0.0 -103.290972668534,20.6281559037848,0.0 -103.290989099317,20.6281647666212,0.0 -103.291005540623,20.6281736121466,0.0 -103.291021993181,20.6281824391122,0.0 -103.291038457715,20.6281912462669,0.0 -103.291054934944,20.6282000323569,0.0 -103.291071425581,20.6282087961253,0.0 -103.291087930334,20.6282175363126,0.0 -103.291104449906,20.6282262516559,0.0 -103.29112098499,20.6282349408892,0.0 -103.291137536277,20.6282436027429,0.0 -103.291154104447,20.6282522359439,0.0 -103.291170690176,20.6282608392155,0.0 -103.291187294129,20.628269411277,0.0 -103.291203916965,20.6282779508438,0.0 -103.291220559334,20.6282864566272,0.0 -103.291237221879,20.628294927334,0.0 -103.291253905231,20.6283033616669,0.0 -103.291270610014,20.6283117583241,0.0 -103.291287336841,20.628320115999,0.0 -103.291304086316,20.6283284333805,0.0 -103.291320859031,20.6283367091523,0.0 -103.291337655569,20.6283449419935,0.0 -103.2913544765,20.628353130578,0.0 -103.291371322385,20.6283612735746,0.0 -103.291388193772,20.6283693696466,0.0 -103.29158210112,20.6284581384534,0.0 -103.291779152376,20.6285405436817,0.0 -103.291979111979,20.6286164868189,0.0 -103.292181740894,20.6286858770772,0.0 -103.292386796891,20.6287486315022,0.0 -103.292594034839,20.6288046750721,0.0 -103.292803206996,20.6288539407875,0.0 -103.29301406331,20.6288963697516,0.0 -103.293226351712,20.6289319112405,0.0 -103.29343981842,20.6289605227637,0.0 -103.293654208246,20.6289821701154,0.0 -103.293869264893,20.6289968274149,0.0 -103.294084731272,20.629004477138,0.0 -103.294300349799,20.6290051101377,0.0 -103.294515862711,20.6289987256552,0.0 -103.29473101237,20.6289853313207,0.0 -103.294945541572,20.6289649431447,0.0 -103.295159193855,20.6289375854983,0.0 -103.295371713806,20.6289032910846,0.0 -103.295582847366,20.6288621008991,0.0 -103.295792342133,20.6288140641811,0.0 -103.295999947666,20.6287592383546,0.0 -103.296205415781,20.6286976889597,0.0 -103.29622335004,20.6286919650623,0.0 -103.296241266245,20.6286861912716,0.0 -103.296259164731,20.6286803689842,0.0 -103.29627704585,20.6286744995936,0.0 -103.296294909964,20.6286685844894,0.0 -103.296312757446,20.6286626250578,0.0 -103.296330588682,20.6286566226815,0.0 -103.296348404069,20.6286505787401,0.0 -103.296366204013,20.6286444946094,0.0 -103.296383988932,20.6286383716624,0.0 -103.296401759254,20.6286322112687,0.0 -103.296419515415,20.6286260147947,0.0 -103.296437257863,20.6286197836041,0.0 -103.296454987051,20.6286135190572,0.0 -103.296472703444,20.6286072225119,0.0 -103.296490407513,20.628600895323,0.0 -103.29650809974,20.6285945388428,0.0 -103.296525780609,20.6285881544209,0.0 -103.296543450617,20.6285817434046,0.0 -103.296561110265,20.6285753071385,0.0 -103.296578760059,20.6285688469653,0.0 -103.296596400514,20.6285623642253,0.0 -103.296614032149,20.6285558602567,0.0 -103.29663165549,20.6285493363959,0.0 -103.296649271066,20.6285427939773,0.0 -103.296666879412,20.6285362343338,0.0 -103.296684481068,20.6285296587963,0.0 -103.296702076576,20.6285230686947,0.0 -103.296719666483,20.6285164653571,0.0 -103.29673725134,20.6285098501106,0.0 -103.2967548317,20.628503224281,0.0 -103.29677240812,20.6284965891931,0.0 -103.296789981157,20.6284899461711,0.0 -103.296807551371,20.6284832965381,0.0 -103.296825119326,20.6284766416167,0.0 -103.296842685585,20.6284699827289,0.0 -103.296860250711,20.6284633211964,0.0 -103.296877815271,20.6284566583408,0.0 -103.307993076829,20.624239598167,0.0 -103.308010300507,20.6242330629863,0.0 -103.308027524473,20.6242265284787,0.0 -103.308044749015,20.6242199953192,0.0 -103.308061974422,20.6242134641828,0.0 -103.308079200983,20.6242069357445,0.0 -103.308096428985,20.6242004106798,0.0 -103.308113658716,20.624193889664,0.0 -103.308130890463,20.6241873733728,0.0 -103.308148124513,20.624180862482,0.0 -103.308165361151,20.6241743576678,0.0 -103.308182600662,20.6241678596067,0.0 -103.30819984333,20.6241613689753,0.0 -103.308217089438,20.624154886451,0.0 -103.308234339268,20.6241484127112,0.0 -103.308251593101,20.6241419484339,0.0 -103.308268851216,20.6241354942976,0.0 -103.308286113892,20.6241290509812,0.0 -103.308303381405,20.6241226191644,0.0 -103.30832065403,20.624116199527,0.0 -103.308337932041,20.6241097927497,0.0 -103.30835521571,20.6241033995139,0.0 -103.308372505307,20.6240970205014,0.0 -103.3083898011,20.6240906563949,0.0 -103.308407103355,20.6240843078777,0.0 -103.308424412337,20.6240779756338,0.0 -103.308441728307,20.6240716603482,0.0 -103.308459051525,20.6240653627065,0.0 -103.308476382249,20.6240590833951,0.0 -103.308493720733,20.6240528231014,0.0 -103.308511067229,20.6240465825137,0.0 -103.308528421988,20.6240403623211,0.0 -103.308972037367,20.6238894533492,0.0 -103.309420666752,20.6237523104146,0.0 -103.309873828339,20.6236290808078,0.0 -103.31033103546,20.623519896877,0.0 -103.310791797104,20.6234248758867,0.0 -103.311255618445,20.6233441198912,0.0 -103.311722001374,20.6232777156254,0.0 -103.312190445033,20.6232257344113,0.0 -103.312660446351,20.6231882320822,0.0 -103.313131500584,20.6231652489218,0.0 -103.31360310186,20.6231568096215,0.0 -103.314074743717,20.6231629232539,0.0 -103.314545919651,20.6231835832626,0.0 -103.314564452009,20.6231846938115,0.0 -103.31458298288,20.6231858261439,0.0 -103.314601512286,20.6231869795317,0.0 -103.314620040252,20.6231881532474,0.0 -103.314638566806,20.6231893465634,0.0 -103.314657091978,20.6231905587522,0.0 -103.3146756158,20.6231917890865,0.0 -103.314694138309,20.6231930368392,0.0 -103.31471265954,20.6231943012833,0.0 -103.314731179534,20.6231955816918,0.0 -103.314749698333,20.6231968773381,0.0 -103.314768215981,20.6231981874955,0.0 -103.314786732523,20.6231995114375,0.0 -103.314805248006,20.6232008484378,0.0 -103.31482376248,20.6232021977701,0.0 -103.314842275996,20.6232035587082,0.0 -103.314860788607,20.6232049305262,0.0 -103.314879300366,20.623206312498,0.0 -103.314897811328,20.6232077038978,0.0 -103.314916321551,20.623209104,0.0 -103.314934831091,20.6232105120788,0.0 -103.314953340007,20.6232119274087,0.0 -103.31497184836,20.6232133492641,0.0 -103.314990356209,20.6232147769196,0.0 -103.315008863616,20.6232162096498,0.0 -103.315027370642,20.6232176467294,0.0 -103.315045877352,20.6232190874331,0.0 -103.315064383806,20.6232205310356,0.0 -103.31508289007,20.6232219768117,0.0 -103.315101396206,20.6232234240363,0.0 -103.315119902279,20.623224871984,0.0 -103.319664992204,20.6235804571833,0.0 -103.319682920058,20.6235818596965,0.0 -103.319700847824,20.6235832631968,0.0 -103.319718775416,20.6235846686731,0.0 -103.319736702746,20.6235860771143,0.0 -103.319754629726,20.6235874895094,0.0 -103.319772556265,20.623588906847,0.0 -103.319790482275,20.6235903301159,0.0 -103.319808407663,20.6235917603047,0.0 -103.319826332338,20.6235931984021,0.0 -103.319844256205,20.6235946453963,0.0 -103.319862179169,20.6235961022756,0.0 -103.319880101132,20.6235975700283,0.0 -103.319898021995,20.6235990496422,0.0 -103.319915941656,20.623600542105,0.0 -103.319933860011,20.6236020484045,0.0 -103.319951776953,20.6236035695278,0.0 -103.320544076694,20.6236628507138,0.0 -103.321134137449,20.6237394079703,0.0 -103.321721390874,20.6238331675719,0.0 -103.322305271325,20.6239440392233,0.0 -103.322322846816,20.6239476526357,0.0 -103.322340418929,20.6239512805876,0.0 -103.322357987875,20.6239549221069,0.0 -103.322375553872,20.6239585762225,0.0 -103.322393117135,20.6239622419631,0.0 -103.322410677887,20.6239659183584,0.0 -103.322428236348,20.6239696044383,0.0 -103.322445792743,20.6239732992331,0.0 -103.322463347297,20.6239770017733,0.0 -103.322480900238,20.62398071109,0.0 -103.322498451794,20.6239844262142,0.0 -103.322516002194,20.6239881461775,0.0 -103.322533551668,20.6239918700115,0.0 -103.322551100448,20.6239955967479,0.0 -103.322568648765,20.6239993254186,0.0 -103.32258619685,20.6240030550556,0.0 -103.325930746611,20.6247138963188,0.0 -103.325948944689,20.6247177643003,0.0 -103.325967142213,20.6247216345933,0.0 -103.325985338628,20.624725509511,0.0 -103.326003533374,20.624729391366,0.0 -103.326021725892,20.6247332824703,0.0 -103.326039915616,20.6247371851353,0.0 -103.326058101976,20.6247411016711,0.0 -103.326076284397,20.6247450343865,0.0 -103.326094462295,20.6247489855888,0.0 -103.326112635081,20.6247529575836,0.0 -103.326130802153,20.6247569526746,0.0 -103.326148962903,20.6247609731632,0.0 -103.32616711671,20.6247650213482,0.0 -103.326185262941,20.6247690995258,0.0 -103.326203400952,20.6247732099893,0.0 -103.326221530083,20.6247773550287,0.0 -103.326239649659,20.6247815369302,0.0 -103.326257758992,20.6247857579767,0.0 -103.326505512445,20.6248479561086,0.0 -103.326750921175,20.6249179097645,0.0 -103.326993711352,20.6249955408929,0.0 -103.327233612067,20.6250807628754,0.0 -103.327470355632,20.6251734806238,0.0 -103.327703677882,20.6252735906856,0.0 -103.327933318467,20.6253809813598,0.0 -103.328159021144,20.6254955328213,0.0 -103.328380534061,20.6256171172542,0.0 -103.32859761004,20.6257455989953,0.0 -103.328613223981,20.6257552117337,0.0 -103.328628814444,20.6257648581886,0.0 -103.328644382735,20.62577453633,0.0 -103.328659930174,20.6257842441365,0.0 -103.328675458095,20.6257939795943,0.0 -103.32869096784,20.6258037406972,0.0 -103.328706460767,20.6258135254457,0.0 -103.328721938242,20.6258233318465,0.0 -103.328737401639,20.6258331579126,0.0 -103.328752852342,20.6258430016618,0.0 -103.328768291743,20.6258528611171,0.0 -103.328783721241,20.6258627343055,0.0 -103.328799142239,20.6258726192581,0.0 -103.328814556146,20.625882514009,0.0 -103.328829964376,20.625892416595,0.0 -103.328845368347,20.6259023250551,0.0 -103.328860769476,20.62591223743,0.0 -103.328876169185,20.6259221517614,0.0 -103.333425883328,20.628851286236,0.0 -103.333441282867,20.6288612012695,0.0 -103.333456679157,20.6288711207757,0.0 -103.333472068941,20.6288810492255,0.0 -103.333487448955,20.6288909910845,0.0 -103.333502815921,20.6289009508095,0.0 -103.333518166544,20.6289109328459,0.0 -103.333533497506,20.6289209416248,0.0 -103.333548805464,20.6289309815603,0.0 -103.333564087043,20.628941057046,0.0 -103.333579338835,20.6289511724525,0.0 -103.333594557391,20.6289613321239,0.0 -103.333609739221,20.628971540375,0.0 -103.333624880787,20.6289818014882,0.0 -103.333639978497,20.6289921197097,0.0 -103.333655028707,20.629002499247,0.0 -103.333670027712,20.6290129442645,0.0 -103.333684971743,20.6290234588811,0.0 -103.333699856966,20.6290340471656,0.0 -103.333790845972,20.6291014990082,0.0 -103.333879310344,20.6291718643019,0.0 -103.33396514487,20.6292450593632,0.0 -103.334048247466,20.629320997143,0.0 -103.334128519294,20.6293995873302,0.0 -103.334205864883,20.629480736459,0.0 -103.334280192244,20.6295643480203,0.0 -103.334351412973,20.6296503225761,0.0 -103.334419442363,20.6297385578779,0.0 -103.334484199502,20.6298289489885,0.0 -103.334545607368,20.6299213884065,0.0 -103.334603592923,20.6300157661943,0.0 -103.334658087198,20.6301119701085,0.0 -103.334709025376,20.630209885734,0.0 -103.334756346869,20.6303093966197,0.0 -103.33479999539,20.6304103844166,0.0 -103.33483991902,20.6305127290195,0.0 -103.334876070269,20.630616308709,0.0 -103.334908406136,20.6307210002964,0.0 -103.334936888153,20.6308266792706,0.0 -103.33496148244,20.6309332199458,0.0 -103.334982159736,20.6310404956111,0.0 -103.334985123457,20.6310578361078,0.0 -103.33498799049,20.6310751910071,0.0 -103.334990766451,20.6310925590253,0.0 -103.33499345697,20.6311099389578,0.0 -103.33499606769,20.6311273296744,0.0 -103.334998604269,20.6311447301138,0.0 -103.335001072373,20.6311621392796,0.0 -103.335003477679,20.6311795562349,0.0 -103.335005825871,20.6311969800972,0.0 -103.335008122642,20.631214410034,0.0 -103.33501037369,20.6312318452574,0.0 -103.33501258472,20.6312492850194,0.0 -103.33501476144,20.6312667286068,0.0 -103.335016909563,20.6312841753364,0.0 -103.335019034804,20.6313016245498,0.0 -103.335021142882,20.6313190756086,0.0 -103.335023239518,20.6313365278893,0.0 -103.335025330431,20.6313539807785,0.0 -103.335055166625,20.6316031387431,0.0 -103.335057257544,20.6316205916318,0.0 -103.335059354185,20.6316380439121,0.0 -103.33506146227,20.6316554949704,0.0 -103.335063587518,20.6316729441832,0.0 -103.335065735648,20.6316903909121,0.0 -103.335067912377,20.6317078344989,0.0 -103.335070123416,20.6317252742601,0.0 -103.335072374474,20.6317427094827,0.0 -103.335074671256,20.6317601394187,0.0 -103.335077019461,20.6317775632801,0.0 -103.335079424779,20.6317949802343,0.0 -103.335081892897,20.6318123893991,0.0 -103.335084429492,20.6318297898374,0.0 -103.335087040229,20.6318471805527,0.0 -103.335089730765,20.6318645604839,0.0 -103.335092506745,20.6318819285008,0.0 -103.335095373798,20.6318992833986,0.0 -103.335098337541,20.6319166238937,0.0 -103.335118169719,20.6320198937845,0.0 -103.335141631978,20.6321224871186,0.0 -103.33516869847,20.6322242908466,0.0 -103.335199339379,20.6323251927887,0.0 -103.335233520947,20.6324250817588,0.0 -103.335271205517,20.6325238476867,0.0 -103.335312351568,20.6326213817394,0.0 -103.335356913769,20.6327175764412,0.0 -103.335404843021,20.6328123257921,0.0 -103.335456086516,20.6329055253844,0.0 -103.335464981253,20.6329209644345,0.0 -103.335473961922,20.6329363593397,0.0 -103.335483023242,20.6329517123097,0.0 -103.335492159972,20.6329670256253,0.0 -103.335501366909,20.6329823016338,0.0 -103.335510638883,20.6329975427448,0.0 -103.335519970759,20.6330127514247,0.0 -103.335529357434,20.6330279301929,0.0 -103.335538793832,20.6330430816166,0.0 -103.335548274904,20.6330582083069,0.0 -103.335557795625,20.6330733129139,0.0 -103.335567350992,20.6330883981224,0.0 -103.33557693602,20.6331034666475,0.0 -103.33558654574,20.6331185212302,0.0 -103.335596175198,20.633133564633,0.0 -103.335605819451,20.6331485996359,0.0 -103.335615473563,20.6331636290314,0.0 -103.335625132604,20.6331786556209,0.0 -103.338328719872,20.6373840146846,0.0 -103.338337752991,20.6373980649461,0.0 -103.338346786358,20.6374121150667,0.0 -103.33835582022,20.6374261649058,0.0 -103.338364854823,20.6374402143229,0.0 -103.338373890415,20.6374542631772,0.0 -103.338382927242,20.6374683113281,0.0 -103.338391965551,20.6374823586349,0.0 -103.338401005588,20.6374964049569,0.0 -103.338410047599,20.637510450153,0.0 -103.338419091831,20.6375244940824,0.0 -103.338428138531,20.637538536604,0.0 -103.338817684215,20.6381378082836,0.0 -103.338826849356,20.6381517826044,0.0 -103.338836016951,20.6381657554985,0.0 -103.338845186757,20.6381797271082,0.0 -103.338854358527,20.6381936975761,0.0 -103.338863532015,20.6382076670445,0.0 -103.338872706977,20.638221635656,0.0 -103.338881883166,20.6382356035533,0.0 -103.338891060339,20.6382495708791,0.0 -103.338900238248,20.638263537776,0.0 -103.33890941665,20.638277504387,0.0 -103.338918595298,20.6382914708548,0.0 -103.344545714969,20.6468532507702,0.0 -103.344554894659,20.6468672169663,0.0 -103.3445640744,20.6468811831335,0.0 -103.344573254241,20.6468951492431,0.0 -103.34458243423,20.6469091152666,0.0 -103.344591614418,20.6469230811755,0.0 -103.344600794852,20.6469370469411,0.0 -103.344609975582,20.646951012535,0.0 -103.344619156657,20.6469649779284,0.0 -103.344628338125,20.646978943093,0.0 -103.344637520037,20.6469929079999,0.0 -103.344646702441,20.6470068726208,0.0 -103.345589250566,20.6484342886495,0.0 -103.345598488804,20.6484482206612,0.0 -103.345607727533,20.648462152385,0.0 -103.345616966703,20.6484760838497,0.0 -103.345626206267,20.6484900150841,0.0 -103.345635446174,20.6485039461167,0.0 -103.345644686377,20.6485178769764,0.0 -103.345653926826,20.648531807692,0.0 -103.345663167473,20.6485457382921,0.0 -103.345672408268,20.6485596688056,0.0 -103.345681649162,20.6485735992612,0.0 -103.345690890107,20.6485875296876,0.0 -103.348687144654,20.6531041308564,0.0 -103.348697111162,20.6531191535987,0.0 -103.3487070789,20.6531341756192,0.0 -103.348717049094,20.6531491961961,0.0 -103.34872702297,20.6531642146073,0.0 -103.348737001756,20.6531792301298,0.0 -103.348746986675,20.6531942420396,0.0 -103.348756978954,20.6532092496112,0.0 -103.348766979816,20.6532242521177,0.0 -103.348776990482,20.6532392488302,0.0 -103.348787012173,20.6532542390178,0.0 -103.348797046109,20.653269221947,0.0 -103.348807093508,20.6532841968819,0.0 -103.348817155584,20.6532991630836,0.0 -103.348827233551,20.6533141198099,0.0 -103.348837328621,20.6533290663152,0.0 -103.348847442,20.6533440018504,0.0 -103.348857574896,20.6533589256622,0.0 -103.34886772851,20.6533738369931,0.0 -103.348877904044,20.6533887350813,0.0 -103.348888102692,20.65340361916,0.0 -103.348898325649,20.6534184884578,0.0 -103.348908574104,20.6534333421976,0.0 -103.348918849241,20.6534481795972,0.0 -103.348929152242,20.6534629998683,0.0 -103.348939484285,20.6534778022169,0.0 -103.348949846541,20.6534925858427,0.0 -103.348960240179,20.6535073499386,0.0 -103.348970666362,20.6535220936913,0.0 -103.348981126247,20.6535368162801,0.0 -103.348991620987,20.6535515168772,0.0 -103.349002151729,20.6535661946475,0.0 -103.349012719614,20.6535808487478,0.0 -103.349023325777,20.6535954783275,0.0 -103.349033971347,20.6536100825274,0.0 -103.349044657446,20.6536246604801,0.0 -103.34905538519,20.6536392113096,0.0 -103.349066155688,20.653653734131,0.0 -103.349076970042,20.6536682280504,0.0 -103.349087829344,20.6536826921644,0.0 -103.349098734683,20.6536971255604,0.0 -103.349109687136,20.6537115273159,0.0 -103.349120687774,20.6537258964985,0.0 -103.349131737658,20.6537402321656,0.0 -103.349142837842,20.6537545333643,0.0 -103.349153989369,20.6537687991314,0.0 -103.349165193275,20.6537830284925,0.0 -103.349176450585,20.6537972204626,0.0 -103.349187762313,20.6538113740454,0.0 -103.349199129467,20.6538254882335,0.0 -103.349210553039,20.6538395620077,0.0 -103.349222034016,20.6538535943374,0.0 -103.349323349759,20.6539727130298,0.0 -103.349428882957,20.6540885422025,0.0 -103.349538513149,20.6542009496305,0.0 -103.349652115196,20.6543098069948,0.0 -103.349769559424,20.6544149900285,0.0 -103.349890711772,20.6545163786589,0.0 -103.350015433945,20.6546138571444,0.0 -103.350143583574,20.654707314207,0.0 -103.350275014374,20.654796643159,0.0 -103.350409576314,20.654881742025,0.0 -103.350425390017,20.6548913408058,0.0 -103.350441242813,20.6549008822885,0.0 -103.350457133693,20.6549103674822,0.0 -103.350473061661,20.6549197974049,0.0 -103.350489025735,20.6549291730836,0.0 -103.350505024944,20.6549384955539,0.0 -103.350521058331,20.6549477658596,0.0 -103.350537124951,20.6549569850524,0.0 -103.350553223871,20.6549661541921,0.0 -103.350569354169,20.6549752743459,0.0 -103.350585514937,20.6549843465882,0.0 -103.350601705277,20.6549933720007,0.0 -103.350617924302,20.6550023516719,0.0 -103.350634171135,20.655011286697,0.0 -103.350650444913,20.6550201781774,0.0 -103.35066674478,20.6550290272209,0.0 -103.350683069892,20.6550378349414,0.0 -103.350699419414,20.6550466024582,0.0 -103.350715792523,20.6550553308965,0.0 -103.350732188402,20.6550640213867,0.0 -103.350748606245,20.6550726750646,0.0 -103.350765045255,20.6550812930707,0.0 -103.350781504644,20.6550898765504,0.0 -103.35079798363,20.6550984266537,0.0 -103.350814481442,20.6551069445352,0.0 -103.350830997316,20.6551154313533,0.0 -103.350847530494,20.6551238882708,0.0 -103.350864080228,20.6551323164543,0.0 -103.350880645773,20.655140717074,0.0 -103.350897226396,20.6551490913036,0.0 -103.350913821365,20.6551574403203,0.0 -103.350930429958,20.6551657653044,0.0 -103.350947051457,20.6551740674393,0.0 -103.35096368515,20.6551823479109,0.0 -103.350980330331,20.6551906079083,0.0 -103.350996986298,20.6551988486228,0.0 -103.351013652354,20.6552070712482,0.0 -103.351030327807,20.6552152769803,0.0 -103.351047011968,20.6552234670174,0.0 -103.351063704153,20.6552316425592,0.0 -103.35108040368,20.6552398048076,0.0 -103.351097109873,20.6552479549657,0.0 -103.351113822056,20.6552560942383,0.0 -103.351130539557,20.6552642238315,0.0 -103.351147261707,20.6552723449525,0.0 -103.351163987837,20.6552804588096,0.0 -103.351180717283,20.6552885666117,0.0 -103.351197449379,20.6552966695688,0.0 -103.351214183462,20.6553047688912,0.0 -103.35123091887,20.6553128657897,0.0 -103.351247654942,20.6553209614755,0.0 -103.356714650256,20.6579652808898,0.0 -103.35673090896,20.6579731444001,0.0 -103.356747168297,20.6579810067523,0.0 -103.356763428898,20.6579888667894,0.0 -103.356779691395,20.6579967233545,0.0 -103.356795956416,20.6580045752898,0.0 -103.35681222459,20.6580124214374,0.0 -103.356828496545,20.6580202606386,0.0 -103.356844772907,20.6580280917337,0.0 -103.356861054298,20.6580359135623,0.0 -103.35687734134,20.6580437249628,0.0 -103.356893634652,20.6580515247726,0.0 -103.35690993485,20.6580593118274,0.0 -103.356926242548,20.6580670849618,0.0 -103.356942558354,20.6580748430086,0.0 -103.356958882875,20.6580825847989,0.0 -103.356975216712,20.6580903091621,0.0 -103.356991560465,20.6580980149255,0.0 -103.357007914725,20.6581057009144,0.0 -103.357024280082,20.6581133659518,0.0 -103.357040657119,20.6581210088584,0.0 -103.357057046414,20.6581286284525,0.0 -103.357317721808,20.6582457794141,0.0 -103.357581437427,20.6583567392947,0.0 -103.357598223444,20.6583635510088,0.0 -103.357615020383,20.6583703388295,0.0 -103.357631827665,20.6583771039369,0.0 -103.357648644711,20.6583838475137,0.0 -103.357665470952,20.6583905707444,0.0 -103.357682305821,20.6583972748155,0.0 -103.357699148756,20.6584039609156,0.0 -103.357715999201,20.6584106302348,0.0 -103.357732856602,20.6584172839651,0.0 -103.357749720409,20.6584239232996,0.0 -103.357766590077,20.6584305494332,0.0 -103.357783465064,20.6584371635618,0.0 -103.357800344828,20.6584437668825,0.0 -103.357817228834,20.6584503605934,0.0 -103.357834116545,20.6584569458937,0.0 -103.357851007429,20.658463523983,0.0 -103.357867900955,20.658470096062,0.0 -103.357884796592,20.6584766633318,0.0 -103.357901693813,20.6584832269938,0.0 -103.35791859209,20.6584897882499,0.0 -103.357935490895,20.6584963483022,0.0 -103.379780701861,20.6669744611167,0.0 -103.379796834561,20.66698072082,0.0 -103.379812967373,20.6669869802708,0.0 -103.379829100406,20.6669932392183,0.0 -103.37984523377,20.6669994974114,0.0 -103.379861367575,20.6670057545992,0.0 -103.379877501931,20.6670120105306,0.0 -103.379893636947,20.6670182649546,0.0 -103.379909772734,20.6670245176201,0.0 -103.3799259094,20.6670307682759,0.0 -103.379942047055,20.667037016671,0.0 -103.37995818581,20.6670432625541,0.0 -103.380788760571,20.6673603623441,0.0 -103.380804961814,20.66736646334,0.0 -103.380821164129,20.667372561814,0.0 -103.380837367409,20.6673786580181,0.0 -103.380853571547,20.6673847522042,0.0 -103.380869776436,20.6673908446242,0.0 -103.380885981968,20.6673969355302,0.0 -103.380902188036,20.6674030251742,0.0 -103.380918394533,20.6674091138084,0.0 -103.380934601352,20.6674152016847,0.0 -103.380950808387,20.6674212890554,0.0 -103.38096701553,20.6674273761725,0.0 -103.423375002279,20.6833482134945,0.0 -103.42339214814,20.6833546481465,0.0 -103.423409292991,20.6833610851836,0.0 -103.423426435819,20.6833675269923,0.0 -103.423443575609,20.6833739759581,0.0 -103.423460711342,20.6833804344653,0.0 -103.423477841996,20.6833869048965,0.0 -103.423494966542,20.683393389632,0.0 -103.423512083945,20.6833998910498,0.0 -103.423529193161,20.6834064115248,0.0 -103.423546293138,20.6834129534284,0.0 -103.423563382815,20.6834195191281,0.0 -103.423580461117,20.6834261109871,0.0 -103.423597526959,20.6834327313637,0.0 -103.423614579242,20.6834393826111,0.0 -103.423631616853,20.6834460670765,0.0 -103.423648638661,20.6834527871008,0.0 -103.423665643521,20.6834595450185,0.0 -103.423682630269,20.6834663431563,0.0 -103.423699597723,20.6834731838335,0.0 -103.42371654468,20.6834800693607,0.0 -103.423733469917,20.6834870020399,0.0 -103.423750372188,20.6834939841634,0.0 -103.423767250225,20.6835010180135,0.0 -103.423784102735,20.6835081058617,0.0 -103.423800928399,20.6835152499685,0.0 -103.423817725874,20.6835224525823,0.0 -103.423949876552,20.6835817137084,0.0 -103.42408004533,20.6836447399827,0.0 -103.424208111112,20.683711472774,0.0 -103.424333954758,20.6837818500027,0.0 -103.424457459195,20.6838558061986,0.0 -103.424578509525,20.6839332725622,0.0 -103.424593593325,20.6839432857053,0.0 -103.424608637675,20.6839533512746,0.0 -103.424623643959,20.6839634670434,0.0 -103.424638613586,20.6839736308005,0.0 -103.424653547987,20.6839838403493,0.0 -103.424668448616,20.6839940935075,0.0 -103.424683316949,20.6840043881063,0.0 -103.424698154478,20.6840147219902,0.0 -103.424712962718,20.6840250930164,0.0 -103.424727743199,20.6840354990536,0.0 -103.424742497468,20.6840459379823,0.0 -103.42475722709,20.6840564076936,0.0 -103.424771933642,20.6840669060888,0.0 -103.424786618716,20.6840774310785,0.0 -103.424801283915,20.6840879805825,0.0 -103.424815930856,20.6840985525286,0.0 -103.424830561164,20.6841091448523,0.0 -103.424845176477,20.6841197554957,0.0 -103.424859778438,20.6841303824076,0.0 -103.4248743687,20.684141023542,0.0 -103.424888948922,20.6841516768578,0.0 -103.424903520769,20.6841623403183,0.0 -103.424918085911,20.6841730118901,0.0 -103.424932646022,20.6841836895426,0.0 -103.424947202776,20.6841943712474,0.0 -103.424961757854,20.6842050549774,0.0 -103.425352746203,20.6844920621729,0.0 -103.425367301292,20.6845027459283,0.0 -103.425381857782,20.684513427994,0.0 -103.425396417073,20.6845241066808,0.0 -103.425410980561,20.6845347802988,0.0 -103.425425549642,20.6845454471563,0.0 -103.425440125708,20.6845561055601,0.0 -103.42545471015,20.684566753814,0.0 -103.425469304353,20.6845773902194,0.0 -103.425483909697,20.684588013074,0.0 -103.425498527557,20.6845986206718,0.0 -103.425513159304,20.6846092113024,0.0 -103.4255278063,20.6846197832506,0.0 -103.425542469901,20.6846303347958,0.0 -103.425557151452,20.6846408642121,0.0 -103.425571852295,20.6846513697668,0.0 -103.425586573756,20.684661849721,0.0 -103.425601317156,20.6846723023285,0.0 -103.425616083802,20.6846827258358,0.0 -103.425630874991,20.6846931184812,0.0 -103.425645692008,20.6847034784946,0.0 -103.425660536124,20.6847138040973,0.0 -103.425675408596,20.6847240935013,0.0 -103.425690310669,20.6847343449089,0.0 -103.425705243569,20.6847445565124,0.0 -103.42572020851,20.6847547264937,0.0 -103.425735206687,20.684764853024,0.0 -103.425872876091,20.6848546763337,0.0 -103.426013263497,20.6849406935405,0.0 -103.426156250122,20.6850228318608,0.0 -103.426301714983,20.6851010217929,0.0 -103.426317889284,20.6851093931607,0.0 -103.426334090925,20.685117717579,0.0 -103.426350318669,20.6851259968515,0.0 -103.426366571295,20.6851342327911,0.0 -103.426382847598,20.6851424272198,0.0 -103.426399146391,20.6851505819682,0.0 -103.426415466502,20.685158698875,0.0 -103.426431806772,20.6851667797863,0.0 -103.426448166059,20.6851748265558,0.0 -103.426464543231,20.6851828410438,0.0 -103.426480937172,20.6851908251168,0.0 -103.426497346774,20.6851987806476,0.0 -103.426513770945,20.6852067095143,0.0 -103.426530208599,20.6852146136002,0.0 -103.426546658661,20.6852224947934,0.0 -103.426563120067,20.6852303549863,0.0 -103.426579591759,20.6852381960755,0.0 -103.426596072687,20.6852460199608,0.0 -103.426612561809,20.6852538285457,0.0 -103.426629058086,20.6852616237362,0.0 -103.426645560487,20.685269407441,0.0 -103.426662067986,20.6852771815709,0.0 -103.426678579558,20.6852849480384,0.0 -103.426695094182,20.6852927087575,0.0 -103.426711610841,20.6853004656433,0.0 -103.426728128518,20.6853082206115,0.0 -103.436121744271,20.6897178757467,0.0 -103.436137362137,20.6897252065349,0.0 -103.436152980263,20.689732536836,0.0 -103.436168598906,20.689739866164,0.0 -103.436184218322,20.689747194033,0.0 -103.436199838769,20.6897545199571,0.0 -103.436215460505,20.6897618434501,0.0 -103.436231083786,20.6897691640258,0.0 -103.436246708867,20.6897764811979,0.0 -103.436262336007,20.6897837944799,0.0 -103.436277965459,20.689791103385,0.0 -103.43629359748,20.6897984074263,0.0 -103.436722381891,20.6899961713844,0.0 -103.436738093086,20.6900033234617,0.0 -103.436753806794,20.6900104706497,0.0 -103.436769522762,20.6900176134367,0.0 -103.436785240739,20.6900247523109,0.0 -103.436800960473,20.6900318877608,0.0 -103.436816681711,20.6900390202752,0.0 -103.436832404204,20.6900461503429,0.0 -103.4368481277,20.6900532784528,0.0 -103.436863851949,20.6900604050938,0.0 -103.4368795767,20.6900675307553,0.0 -103.436895301703,20.6900746559262,0.0 -103.44507188172,20.693779223962,0.0 -103.44508875819,20.6937868697507,0.0 -103.44510563434,20.6937945161676,0.0 -103.445122509847,20.6938021638425,0.0 -103.445139384388,20.6938098134052,0.0 -103.445156257642,20.6938174654852,0.0 -103.445173129284,20.6938251207119,0.0 -103.445189998992,20.6938327797147,0.0 -103.445206866442,20.6938404431225,0.0 -103.445223731308,20.6938481115642,0.0 -103.445240593267,20.6938557856683,0.0 -103.445257451992,20.6938634660629,0.0 -103.445274307156,20.693871153376,0.0 -103.445291158432,20.6938788482348,0.0 -103.445308005492,20.6938865512663,0.0 -103.445324848006,20.6938942630972,0.0 -103.445341685643,20.6939019843533,0.0 -103.445358518072,20.6939097156601,0.0 -103.44537534496,20.6939174576425,0.0 -103.445392165972,20.6939252109247,0.0 -103.445408980773,20.6939329761303,0.0 -103.445425789024,20.693940753882,0.0 -103.445442590388,20.6939485448022,0.0 -103.445459384523,20.693956349512,0.0 -103.445476171088,20.6939641686321,0.0 -103.445492949738,20.6939720027821,0.0 -103.445509720126,20.6939798525806,0.0 -103.445526481906,20.6939877186457,0.0 -103.445543234728,20.6939956015941,0.0 -103.445559978238,20.6940035020417,0.0 -103.445576712083,20.6940114206031,0.0 -103.445593435905,20.6940193578921,0.0 -103.445610149347,20.6940273145211,0.0 -103.445626852046,20.6940352911015,0.0 -103.445643543639,20.6940432882433,0.0 -103.445660223759,20.6940513065553,0.0 -103.445676892036,20.694059346645,0.0 -103.4456935481,20.6940674091186,0.0 -103.445710191575,20.6940754945806,0.0 -103.445726822084,20.6940836036344,0.0 -103.445743439246,20.6940917368816,0.0 -103.445760042678,20.6940998949225,0.0 -103.446113652939,20.6942814612892,0.0 -103.446460301475,20.6944745502576,0.0 -103.44679956442,20.6946789257483,0.0 -103.447131026933,20.694894337881,0.0 -103.447454283704,20.6951205232795,0.0 -103.447768939451,20.695357205394,0.0 -103.448074609404,20.6956040948388,0.0 -103.448088596884,20.6956158173531,0.0 -103.448102564586,20.6956275607314,0.0 -103.448116512971,20.6956393244236,0.0 -103.448130442503,20.6956511078818,0.0 -103.448144353646,20.6956629105601,0.0 -103.44815824687,20.6956747319146,0.0 -103.448172122645,20.6956865714034,0.0 -103.448185981444,20.6956984284866,0.0 -103.448199823742,20.6957103026259,0.0 -103.448213650017,20.6957221932851,0.0 -103.448227460749,20.6957340999296,0.0 -103.448241256418,20.6957460220267,0.0 -103.448255037509,20.6957579590451,0.0 -103.448268804506,20.6957699104554,0.0 -103.448282557898,20.6957818757296,0.0 -103.448296298173,20.6957938543411,0.0 -103.448310025823,20.6958058457649,0.0 -103.448323741339,20.6958178494775,0.0 -103.448337445216,20.6958298649566,0.0 -103.448351137948,20.6958418916811,0.0 -103.448364820034,20.6958539291314,0.0 -103.448378491971,20.6958659767889,0.0 -103.448392154259,20.6958780341361,0.0 -103.448405807398,20.6958901006567,0.0 -103.448419451892,20.6959021758354,0.0 -103.448433088241,20.6959142591579,0.0 -103.448446716952,20.6959263501105,0.0 -103.448460338529,20.6959384481809,0.0 -103.448473953477,20.695950552857,0.0 -103.448487562304,20.695962663628,0.0 -103.448501165517,20.6959747799833,0.0 -103.448514763625,20.6959869014132,0.0 -103.448528357136,20.6959990274086,0.0 -103.448541946561,20.6960111574607,0.0 -103.448555532408,20.6960232910614,0.0 -103.448569115189,20.6960354277029,0.0 -103.448582695414,20.6960475668775,0.0 -103.448596273595,20.6960597080783,0.0 -103.448609850242,20.6960718507982,0.0 -103.448623425868,20.6960839945304,0.0 -103.448637000985,20.6960961387683,0.0 -103.454258679231,20.701125084754,0.0 -103.454272059312,20.7011370535735,0.0 -103.454285439126,20.7011490226582,0.0 -103.454298818404,20.701160992274,0.0 -103.454312196878,20.701172962687,0.0 -103.454325574279,20.7011849341631,0.0 -103.454338950338,20.7011969069683,0.0 -103.454352324785,20.7012088813684,0.0 -103.454365697351,20.7012208576291,0.0 -103.454379067768,20.7012328360159,0.0 -103.454392435765,20.7012448167945,0.0 -103.454405801074,20.7012568002301,0.0 -103.454419163423,20.7012687865878,0.0 -103.454432522544,20.7012807761328,0.0 -103.454445878166,20.7012927691297,0.0 -103.454459230019,20.7013047658433,0.0 -103.454472577832,20.7013167665378,0.0 -103.454485921333,20.7013287714774,0.0 -103.454499260252,20.701340780926,0.0 -103.454512594318,20.7013527951472,0.0 -103.454525923258,20.7013648144043,0.0 -103.4545392468,20.7013768389602,0.0 -103.454552564671,20.7013888690778,0.0 -103.4545658766,20.7014009050192,0.0 -103.454579182311,20.7014129470465,0.0 -103.454592481532,20.7014249954214,0.0 -103.454605773989,20.7014370504049,0.0 -103.454912408181,20.7017188622589,0.0 -103.454925529133,20.7017310824929,0.0 -103.454938643224,20.7017433092469,0.0 -103.454951750725,20.7017555422571,0.0 -103.454964851908,20.7017677812596,0.0 -103.454977947044,20.7017800259913,0.0 -103.454991036406,20.7017922761892,0.0 -103.455004120266,20.7018045315907,0.0 -103.455017198898,20.7018167919336,0.0 -103.455030272575,20.7018290569559,0.0 -103.45504334157,20.7018413263961,0.0 -103.455056406157,20.7018535999926,0.0 -103.455069466611,20.7018658774844,0.0 -103.455082523206,20.7018781586108,0.0 -103.455095576218,20.7018904431109,0.0 -103.45510862592,20.7019027307245,0.0 -103.455121672588,20.7019150211912,0.0 -103.455134716498,20.7019273142511,0.0 -103.455147757925,20.7019396096443,0.0 -103.455160797144,20.7019519071111,0.0 -103.455173834433,20.7019642063919,0.0 -103.455186870066,20.7019765072271,0.0 -103.455199904319,20.7019888093575,0.0 -103.45521293747,20.7020011125237,0.0 -103.455225969793,20.7020134164664,0.0 -103.455239001567,20.7020257209266,0.0 -103.455252033065,20.702038025645,0.0 -103.466132039215,20.7123103176247,0.0 -103.466145388439,20.7123229198855,0.0 -103.466158737998,20.712335521833,0.0 -103.466172088225,20.7123481231548,0.0 -103.466185439455,20.7123607235385,0.0 -103.466198792018,20.7123733226715,0.0 -103.466212146249,20.7123859202414,0.0 -103.466225502479,20.7123985159352,0.0 -103.466238861042,20.7124111094402,0.0 -103.46625222227,20.7124237004433,0.0 -103.466265586496,20.7124362886314,0.0 -103.46627895405,20.712448873691,0.0 -103.466292325266,20.7124614553084,0.0 -103.466305700473,20.7124740331698,0.0 -103.466319080005,20.7124866069608,0.0 -103.46633246419,20.7124991763672,0.0 -103.466345853361,20.7125117410739,0.0 -103.466359247847,20.7125243007659,0.0 -103.466372647977,20.7125368551275,0.0 -103.466386054081,20.712549403843,0.0 -103.466399466489,20.7125619465958,0.0 -103.466412885527,20.7125744830692,0.0 -103.466426311525,20.712587012946,0.0 -103.466439744809,20.7125995359083,0.0 -103.466453185707,20.712612051638,0.0 -103.466466634544,20.7126245598162,0.0 -103.466480091646,20.7126370601236,0.0 -103.466493557338,20.7126495522402,0.0 -103.466507031945,20.7126620358456,0.0 -103.46652051579,20.7126745106186,0.0 -103.466534009197,20.7126869762374,0.0 -103.466547512486,20.7126994323796,0.0 -103.466561025981,20.7127118787219,0.0 -103.466574550001,20.7127243149406,0.0 -103.466588084867,20.7127367407111,0.0 -103.466601630897,20.712749155708,0.0 -103.466615188409,20.7127615596052,0.0 -103.466628757722,20.7127739520758,0.0 -103.466642339151,20.7127863327921,0.0 -103.466655933012,20.7127987014255,0.0 -103.466669539619,20.7128110576465,0.0 -103.466683159285,20.7128234011249,0.0 -103.466696792324,20.7128357315293,0.0 -103.466710439047,20.7128480485278,0.0 -103.466724099763,20.7128603517871,0.0 -103.466737774783,20.7128726409732,0.0 -103.466751464414,20.712884915751,0.0 -103.466765168963,20.7128971757846,0.0 -103.466778888735,20.7129094207368,0.0 -103.466792624037,20.7129216502695,0.0 -103.466806375169,20.7129338640435,0.0 -103.466820142436,20.7129460617185,0.0 -103.466833926136,20.7129582429531,0.0 -103.466847726571,20.7129704074047,0.0 -103.466861544037,20.7129825547298,0.0 -103.466875378832,20.7129946845835,0.0 -103.46688923125,20.7130067966198,0.0 -103.466903101585,20.7130188904914,0.0 -103.46691699013,20.7130309658499,0.0 -103.466930897175,20.7130430223457,0.0 -103.46694482301,20.7130550596277,0.0 -103.466958767922,20.7130670773437,0.0 -103.466972732198,20.7130790751403,0.0 -103.466986716121,20.7130910526625,0.0 -103.467000719975,20.7131030095543,0.0 -103.467014744041,20.7131149454582,0.0 -103.467028788598,20.7131268600151,0.0 -103.467317396302,20.7133632507786,0.0 -103.467614189257,20.7135904930433,0.0 -103.46791884005,20.7138083360902,0.0 -103.468231012594,20.7140165395692,0.0 -103.468550362499,20.7142148737643,0.0 -103.468876537453,20.7144031198473,0.0 -103.469209177608,20.7145810701191,0.0 -103.469547915977,20.7147485282395,0.0 -103.469892378844,20.7149053094433,0.0 -103.470242186172,20.715051240745,0.0 -103.470596952022,20.7151861611291,0.0 -103.470614605491,20.7151925404964,0.0 -103.470632269899,20.7151988930036,0.0 -103.470649945033,20.7152052190477,0.0 -103.470667630682,20.7152115190265,0.0 -103.470685326636,20.7152177933387,0.0 -103.470703032687,20.7152240423835,0.0 -103.470720748632,20.7152302665611,0.0 -103.470738474266,20.7152364662726,0.0 -103.470756209388,20.7152426419194,0.0 -103.470773953799,20.7152487939039,0.0 -103.4707917073,20.7152549226293,0.0 -103.470809469697,20.7152610284992,0.0 -103.470827240795,20.7152671119181,0.0 -103.470845020401,20.7152731732909,0.0 -103.470862808325,20.7152792130235,0.0 -103.470880604379,20.715285231522,0.0 -103.470898408375,20.7152912291935,0.0 -103.470916220127,20.7152972064454,0.0 -103.470934039452,20.7153031636857,0.0 -103.470951866168,20.7153091013233,0.0 -103.470969700093,20.7153150197671,0.0 -103.470987541048,20.7153209194271,0.0 -103.471005388856,20.7153268007132,0.0 -103.47102324334,20.7153326640365,0.0 -103.471041104326,20.7153385098079,0.0 -103.471058971638,20.7153443384393,0.0 -103.471076845107,20.7153501503429,0.0 -103.471094724559,20.7153559459311,0.0 -103.471112609827,20.7153617256171,0.0 -103.471130500741,20.7153674898144,0.0 -103.471148397135,20.7153732389368,0.0 -103.471166298842,20.7153789733986,0.0 -103.471184205698,20.7153846936144,0.0 -103.47120211754,20.7153903999994,0.0 -103.471220034203,20.7153960929688,0.0 -103.471237955528,20.7154017729385,0.0 -103.471255881354,20.7154074403244,0.0 -103.471273811521,20.7154130955431,0.0 -103.47129174587,20.7154187390111,0.0 -103.471309684245,20.7154243711456,0.0 -103.471327626488,20.7154299923637,0.0 -103.471345572444,20.7154356030832,0.0 -103.471363521957,20.7154412037217,0.0 -103.471381474874,20.7154467946975,0.0 -103.471399431041,20.7154523764288,0.0 -103.471417390306,20.7154579493342,0.0 -103.471435352515,20.7154635138324,0.0 -103.471453317519,20.7154690703425,0.0 -103.471471285167,20.7154746192837,0.0 -103.471489255307,20.7154801610753,0.0 -103.471507227792,20.7154856961368,0.0 -103.471525202471,20.7154912248881,0.0 -103.471543179196,20.7154967477489,0.0 -103.47156115782,20.7155022651393,0.0 -103.471579138195,20.7155077774795,0.0 -103.471597120173,20.7155132851896,0.0 -103.471615103608,20.7155187886902,0.0 -103.471633088353,20.7155242884016,0.0 -103.471651074262,20.7155297847445,0.0 -103.471669061189,20.7155352781395,0.0 -103.471687048989,20.7155407690074,0.0 -103.471705037516,20.715546257769,0.0 -103.471723026624,20.715551744845,0.0 -103.471741016169,20.7155572306564,0.0 -103.471759006006,20.7155627156242,0.0 -103.471776995988,20.7155682001692,0.0 -103.489948337594,20.7211068158308,0.0 -103.489964945066,20.7211118767605,0.0 -103.489981552495,20.7211169378178,0.0 -103.489998159836,20.7211219991318,0.0 -103.490014767045,20.7211270608317,0.0 -103.490031374077,20.7211321230465,0.0 -103.490047980888,20.7211371859055,0.0 -103.490064587434,20.7211422495376,0.0 -103.490081193669,20.721147314072,0.0 -103.490097799549,20.7211523796379,0.0 -103.490114405031,20.7211574463643,0.0 -103.490131010068,20.7211625143803,0.0 -103.490586475612,20.721302137943,0.0 -103.490603066716,20.7213072462478,0.0 -103.490619657372,20.721312355841,0.0 -103.490636247625,20.7213174665937,0.0 -103.49065283752,20.7213225783768,0.0 -103.490669427102,20.7213276910613,0.0 -103.490686016416,20.7213328045182,0.0 -103.490702605507,20.7213379186185,0.0 -103.490719194419,20.7213430332333,0.0 -103.490735783197,20.7213481482335,0.0 -103.490752371887,20.72135326349,0.0 -103.490768960533,20.7213583788741,0.0 -103.503467848667,20.725273749856,0.0</coordinates>
</LineString>
</Placemark>
<Placemark id="kml_2">
<name>kml_2</name>
<Style>
<LineStyle>
<color>ffffbf00</color>
</LineStyle>
</Style>
<LineString>
<coordinates>-103.080663077277,20.6339646034036,0.0 -103.088885183951,20.6296350537913,0.0 -103.088901734812,20.6296263378135,0.0 -103.088918285529,20.6296176215951,0.0 -103.08893483596,20.6296089048975,0.0 -103.088951385964,20.629600187482,0.0 -103.088967935399,20.6295914691097,0.0 -103.088984484122,20.629582749542,0.0 -103.089001031992,20.6295740285402,0.0 -103.089017578866,20.6295653058658,0.0 -103.089034124602,20.6295565812801,0.0 -103.089050669059,20.6295478545445,0.0 -103.089067212093,20.6295391254207,0.0 -103.089083753561,20.6295303936702,0.0 -103.089100293323,20.6295216590546,0.0 -103.089116831233,20.6295129213357,0.0 -103.089133367151,20.6295041802753,0.0 -103.089149900932,20.6294954356352,0.0 -103.089166432433,20.6294866871775,0.0 -103.089182961511,20.6294779346643,0.0 -103.089199488022,20.6294691778576,0.0 -103.089216011823,20.6294604165199,0.0 -103.089232532768,20.6294516504135,0.0 -103.089249050715,20.6294428793009,0.0 -103.089265565518,20.6294341029449,0.0 -103.089282077032,20.6294253211083,0.0 -103.089298585112,20.629416533554,0.0 -103.089315089614,20.6294077400451,0.0 -103.089331590391,20.6293989403448,0.0 -103.089348087297,20.6293901342166,0.0 -103.089364580187,20.6293813214241,0.0 -103.089381068913,20.629372501731,0.0 -103.089397553329,20.6293636749013,0.0 -103.089414033287,20.6293548406991,0.0 -103.089430508639,20.6293459988887,0.0 -103.089446979238,20.6293371492346,0.0 -103.089463444936,20.6293282915017,0.0 -103.089479905583,20.6293194254547,0.0 -103.08949636103,20.629310550859,0.0 -103.089512811128,20.6293016674799,0.0 -103.089529255727,20.629292775083,0.0 -103.089545694676,20.6292838734342,0.0 -103.089562127824,20.6292749622996,0.0 -103.08957855502,20.6292660414457,0.0 -103.089594976112,20.6292571106389,0.0 -103.089722034039,20.6291875482983,0.0 -103.089848712843,20.6291173759173,0.0 -103.089975009219,20.6290465953268,0.0 -103.090100919872,20.6289752083735,0.0 -103.090226441518,20.6289032169199,0.0 -103.090351570881,20.6288306228444,0.0 -103.090476304697,20.628757428041,0.0 -103.090600639711,20.6286836344193,0.0 -103.090724572682,20.6286092439047,0.0 -103.090848100374,20.6285342584381,0.0 -103.090971219565,20.6284586799759,0.0 -103.091093927044,20.62838251049,0.0 -103.09121621961,20.6283057519677,0.0 -103.091338094071,20.6282284064117,0.0 -103.091459547249,20.62815047584,0.0 -103.091580575975,20.6280719622858,0.0 -103.091701177092,20.6279928677976,0.0 -103.091821347454,20.627913194439,0.0 -103.091941083926,20.6278329442887,0.0 -103.092060383383,20.6277521194406,0.0 -103.092179242715,20.6276707220033,0.0 -103.092297658821,20.6275887541005,0.0 -103.09241562861,20.627506217871,0.0 -103.092533149007,20.6274231154679,0.0 -103.092650216945,20.6273394490596,0.0 -103.092766829371,20.6272552208289,0.0 -103.092882983242,20.6271704329733,0.0 -103.092998675528,20.6270850877051,0.0 -103.093113903212,20.6269991872509,0.0 -103.093228663289,20.6269127338518,0.0 -103.093342952763,20.6268257297635,0.0 -103.093456768654,20.6267381772559,0.0 -103.093570107994,20.6266500786133,0.0 -103.093682967825,20.6265614361342,0.0 -103.093795345204,20.6264722521313,0.0 -103.0939072372,20.6263825289314,0.0 -103.094018640893,20.6262922688755,0.0 -103.094129553378,20.6262014743183,0.0 -103.094239971762,20.6261101476289,0.0 -103.094349893165,20.6260182911898,0.0 -103.09445931472,20.6259259073976,0.0 -103.094568233572,20.6258329986626,0.0 -103.09467664688,20.6257395674089,0.0 -103.094784551817,20.6256456160739,0.0 -103.094891945568,20.625551147109,0.0 -103.094998825333,20.6254561629787,0.0 -103.095105188322,20.6253606661613,0.0 -103.095211031763,20.6252646591482,0.0 -103.095316352894,20.6251681444441,0.0 -103.095421148969,20.6250711245673,0.0 -103.095525417254,20.6249736020488,0.0 -103.09562915503,20.6248755794331,0.0 -103.095732359591,20.6247770592774,0.0 -103.095835028245,20.6246780441523,0.0 -103.095937158314,20.6245785366408,0.0 -103.096038747136,20.6244785393392,0.0 -103.09613979206,20.6243780548563,0.0 -103.096240290451,20.6242770858137,0.0 -103.096340239688,20.6241756348456,0.0 -103.096439637165,20.6240737045989,0.0 -103.096538480289,20.6239712977328,0.0 -103.096636766482,20.6238684169191,0.0 -103.096734493181,20.6237650648419,0.0 -103.096831657837,20.6236612441975,0.0 -103.096928257917,20.6235569576945,0.0 -103.097024290901,20.6234522080538,0.0 -103.097119754285,20.6233469980081,0.0 -103.097214645579,20.6232413303023,0.0 -103.097308962309,20.6231352076931,0.0 -103.097402702014,20.6230286329492,0.0 -103.097495862251,20.6229216088511,0.0 -103.097588440591,20.6228141381908,0.0 -103.097680434618,20.6227062237722,0.0 -103.097771841934,20.6225978684106,0.0 -103.097862660156,20.6224890749329,0.0 -103.097952886915,20.6223798461775,0.0 -103.098042519858,20.6222701849939,0.0 -103.098131556648,20.622160094243,0.0 -103.098219994964,20.6220495767971,0.0 -103.098307832499,20.6219386355393,0.0 -103.098395066963,20.6218272733639,0.0 -103.098481696082,20.6217154931763,0.0 -103.098567717596,20.6216032978926,0.0 -103.098653129262,20.6214906904398,0.0 -103.098737928854,20.6213776737556,0.0 -103.09882211416,20.6212642507886,0.0 -103.098905682986,20.6211504244977,0.0 -103.098988633152,20.6210361978524,0.0 -103.099070962496,20.6209215738327,0.0 -103.099152668871,20.6208065554289,0.0 -103.099233750147,20.6206911456418,0.0 -103.09931420421,20.620575347482,0.0 -103.099394028963,20.6204591639706,0.0 -103.099473222323,20.6203425981385,0.0 -103.099483394207,20.6203275305443,0.0 -103.099493555787,20.6203124567891,0.0 -103.099503707303,20.6202973770257,0.0 -103.099513848998,20.6202822914063,0.0 -103.099523981113,20.6202672000827,0.0 -103.09953410389,20.6202521032063,0.0 -103.099544217571,20.6202370009282,0.0 -103.0995543224,20.6202218933991,0.0 -103.099564418619,20.6202067807691,0.0 -103.099574506471,20.6201916631881,0.0 -103.099584586199,20.6201765408057,0.0 -103.099594658048,20.620161413771,0.0 -103.099604722262,20.620146282233,0.0 -103.099614779083,20.6201311463399,0.0 -103.099624828757,20.6201160062401,0.0 -103.099634871528,20.6201008620814,0.0 -103.099644907641,20.6200857140114,0.0 -103.099654937341,20.6200705621774,0.0 -103.099664960872,20.6200554067264,0.0 -103.09967497848,20.620040247805,0.0 -103.099684990411,20.6200250855599,0.0 -103.09969499691,20.6200099201373,0.0 -103.099704998223,20.6199947516832,0.0 -103.099714994595,20.6199795803432,0.0 -103.099724986273,20.6199644062631,0.0 -103.099734973504,20.6199492295882,0.0 -103.099744956532,20.6199340504637,0.0 -103.099754935605,20.6199188690345,0.0 -103.099764910969,20.6199036854455,0.0 -103.099774882871,20.6198884998414,0.0 -103.099784851558,20.6198733123666,0.0 -103.099794817276,20.6198581231655,0.0 -103.099804780272,20.6198429323824,0.0 -103.099814740794,20.6198277401614,0.0 -103.099824699088,20.6198125466465,0.0 -103.099834655402,20.6197973519816,0.0 -103.099844609982,20.6197821563107,0.0 -103.099854563076,20.6197669597774,0.0 -103.099864514932,20.6197517625254,0.0 -103.099874465796,20.6197365646984,0.0 -103.099884415915,20.61972136644,0.0 -103.099894365538,20.6197061678938,0.0 -103.099904314912,20.6196909692032,0.0 -103.102596144971,20.6155787554436,0.0 -103.102606150194,20.6155634703759,0.0 -103.102616155675,20.6155481854579,0.0 -103.102626161672,20.61553290084,0.0 -103.102636168444,20.6155176166725,0.0 -103.102646176251,20.6155023331061,0.0 -103.102656185352,20.6154870502913,0.0 -103.102666196007,20.6154717683785,0.0 -103.102676208473,20.6154564875185,0.0 -103.10268622301,20.6154412078621,0.0 -103.102696239878,20.61542592956,0.0 -103.102706259334,20.6154106527632,0.0 -103.102716281638,20.6153953776228,0.0 -103.102726307049,20.6153801042899,0.0 -103.102736335825,20.6153648329158,0.0 -103.102746368224,20.6153495636521,0.0 -103.102756404506,20.6153342966503,0.0 -103.102766444928,20.6153190320624,0.0 -103.102776489748,20.6153037700402,0.0 -103.102786539225,20.615288510736,0.0 -103.102796593617,20.6152732543022,0.0 -103.102806653181,20.6152580008914,0.0 -103.102816718175,20.6152427506565,0.0 -103.102826788856,20.6152275037506,0.0 -103.102836865482,20.615212260327,0.0 -103.10284694831,20.6151970205395,0.0 -103.102857037596,20.6151817845418,0.0 -103.102867133598,20.6151665524882,0.0 -103.102877236571,20.6151513245332,0.0 -103.102887346773,20.6151361008317,0.0 -103.10289746446,20.6151208815387,0.0 -103.102907589886,20.6151056668097,0.0 -103.102917723308,20.6150904568006,0.0 -103.102927864982,20.6150752516675,0.0 -103.102938015162,20.6150600515671,0.0 -103.102948174103,20.6150448566562,0.0 -103.10295834206,20.6150296670922,0.0 -103.102968519287,20.6150144830328,0.0 -103.102978706039,20.6149993046361,0.0 -103.102988902568,20.6149841320608,0.0 -103.102999109129,20.6149689654659,0.0 -103.103009325975,20.6149538050108,0.0 -103.103019553358,20.6149386508556,0.0 -103.103029791532,20.6149235031604,0.0 -103.103040040747,20.6149083620864,0.0 -103.103050301257,20.6148932277948,0.0 -103.103060573312,20.6148781004476,0.0 -103.103070857163,20.614862980207,0.0 -103.103081153062,20.6148478672362,0.0 -103.103091461259,20.6148327616986,0.0 -103.103101782004,20.6148176637581,0.0 -103.103112115547,20.6148025735794,0.0 -103.103122462135,20.6147874913276,0.0 -103.10313282202,20.6147724171685,0.0 -103.103143195448,20.6147573512683,0.0 -103.103153582668,20.6147422937942,0.0 -103.103163983927,20.6147272449135,0.0 -103.103174399472,20.6147122047945,0.0 -103.10318482955,20.614697173606,0.0 -103.103195274408,20.6146821515174,0.0 -103.103205734289,20.614667138699,0.0 -103.103216209441,20.6146521353214,0.0 -103.103226700107,20.6146371415562,0.0 -103.103237206532,20.6146221575756,0.0 -103.10324772896,20.6146071835523,0.0 -103.103258267632,20.61459221966,0.0 -103.103268822793,20.614577266073,0.0 -103.103279394684,20.6145623229663,0.0 -103.103289983547,20.6145473905157,0.0 -103.103300589622,20.6145324688977,0.0 -103.10331121315,20.6145175582897,0.0 -103.103321854371,20.6145026588696,0.0 -103.103332513524,20.6144877708163,0.0 -103.103343190847,20.6144728943096,0.0 -103.103353886579,20.6144580295297,0.0 -103.103364600957,20.6144431766581,0.0 -103.103375334217,20.6144283358767,0.0 -103.103386086597,20.6144135073685,0.0 -103.10339685833,20.6143986913173,0.0 -103.103407649652,20.6143838879077,0.0 -103.103418460798,20.6143690973252,0.0 -103.103429292,20.6143543197561,0.0 -103.103440143491,20.6143395553877,0.0 -103.103451015503,20.6143248044081,0.0 -103.103510821803,20.6142443975052,0.0 -103.103571245274,20.614164400674,0.0 -103.103632282744,20.6140848181137,0.0 -103.103693931007,20.6140056540018,0.0 -103.103756186828,20.6139269124938,0.0 -103.103819046937,20.6138485977231,0.0 -103.103882508034,20.6137707138006,0.0 -103.103946566786,20.6136932648145,0.0 -103.104011219831,20.6136162548304,0.0 -103.104076463773,20.6135396878906,0.0 -103.104142295188,20.6134635680144,0.0 -103.104208710618,20.6133878991973,0.0 -103.104275706577,20.6133126854115,0.0 -103.104343279548,20.6132379306049,0.0 -103.104411425982,20.6131636387017,0.0 -103.104480142301,20.6130898136015,0.0 -103.104549424899,20.6130164591796,0.0 -103.104619270137,20.6129435792864,0.0 -103.104689674348,20.6128711777476,0.0 -103.104760633837,20.6127992583635,0.0 -103.104832144878,20.6127278249095,0.0 -103.104904203715,20.612656881135,0.0 -103.104976806568,20.612586430764,0.0 -103.105049949623,20.6125164774946,0.0 -103.10512362904,20.6124470249988,0.0 -103.105197840952,20.6123780769221,0.0 -103.105272581463,20.6123096368837,0.0 -103.105347846648,20.6122417084762,0.0 -103.105423632557,20.6121742952651,0.0 -103.105499935211,20.6121074007891,0.0 -103.105576750603,20.6120410285595,0.0 -103.105654074702,20.6119751820603,0.0 -103.105731903449,20.6119098647478,0.0 -103.105810232756,20.6118450800506,0.0 -103.105889058513,20.6117808313692,0.0 -103.10596837658,20.6117171220762,0.0 -103.106048182795,20.6116539555158,0.0 -103.106128472968,20.6115913350034,0.0 -103.106209242884,20.6115292638263,0.0 -103.106290488302,20.6114677452425,0.0 -103.106372204957,20.6114067824811,0.0 -103.106454388561,20.6113463787422,0.0 -103.106537034798,20.6112865371964,0.0 -103.106620139331,20.6112272609847,0.0 -103.106703697796,20.6111685532187,0.0 -103.106787705807,20.6111104169799,0.0 -103.106872158954,20.61105285532,0.0 -103.106957052805,20.6109958712604,0.0 -103.107042382901,20.6109394677921,0.0 -103.107128144765,20.6108836478759,0.0 -103.107214333895,20.6108284144417,0.0 -103.107300945765,20.6107737703887,0.0 -103.10738797583,20.6107197185854,0.0 -103.10747541952,20.6106662618688,0.0 -103.107563272246,20.6106134030449,0.0 -103.107651529396,20.6105611448882,0.0 -103.107740186338,20.610509490142,0.0 -103.107829238417,20.6104584415174,0.0 -103.107918680958,20.6104080016941,0.0 -103.108008509268,20.6103581733196,0.0 -103.10809871863,20.6103089590095,0.0 -103.108189304309,20.610260361347,0.0 -103.108280261551,20.6102123828831,0.0 -103.10837158558,20.6101650261361,0.0 -103.108463271604,20.6101182935918,0.0 -103.108555314809,20.6100721877033,0.0 -103.108647710364,20.6100267108905,0.0 -103.108740453419,20.6099818655406,0.0 -103.108833539106,20.6099376540076,0.0 -103.108926962539,20.6098940786121,0.0 -103.109020718814,20.6098511416414,0.0 -103.109114803009,20.6098088453493,0.0 -103.109209210187,20.6097671919559,0.0 -103.109303935391,20.6097261836476,0.0 -103.10939897365,20.609685822577,0.0 -103.109494319974,20.6096461108626,0.0 -103.10958996936,20.6096070505889,0.0 -103.109685916787,20.6095686438062,0.0 -103.109782157218,20.6095308925304,0.0 -103.109878685602,20.6094937987432,0.0 -103.109975496872,20.6094573643917,0.0 -103.110072585947,20.6094215913882,0.0 -103.11016994773,20.6093864816106,0.0 -103.110267577112,20.6093520369017,0.0 -103.110365468966,20.6093182590696,0.0 -103.110463618157,20.6092851498873,0.0 -103.11056201953,20.6092527110927,0.0 -103.110660667923,20.6092209443886,0.0 -103.110759558156,20.6091898514424,0.0 -103.11085868504,20.6091594338862,0.0 -103.11095804337,20.6091296933167,0.0 -103.111057627933,20.6091006312949,0.0 -103.1111574335,20.6090722493464,0.0 -103.111257454834,20.609044548961,0.0 -103.111357686685,20.6090175315927,0.0 -103.111458123791,20.6089911986597,0.0 -103.11155876088,20.6089655515442,0.0 -103.111659592671,20.6089405915925,0.0 -103.111760613872,20.6089163201147,0.0 -103.111861819178,20.608892738385,0.0 -103.11196320328,20.6088698476412,0.0 -103.112064760855,20.6088476490848,0.0 -103.112166486572,20.6088261438811,0.0 -103.112268375093,20.6088053331591,0.0 -103.11237042107,20.6087852180109,0.0 -103.112472619146,20.6087657994927,0.0 -103.112574963957,20.6087470786236,0.0 -103.112677450131,20.6087290563865,0.0 -103.11278007229,20.6087117337273,0.0 -103.112882825047,20.6086951115555,0.0 -103.112985703008,20.6086791907435,0.0 -103.113088700775,20.6086639721271,0.0 -103.11319181294,20.6086494565052,0.0 -103.113295034092,20.6086356446398,0.0 -103.113398358813,20.6086225372559,0.0 -103.11350178168,20.6086101350417,0.0 -103.113605297264,20.6085984386482,0.0 -103.113708900133,20.6085874486894,0.0 -103.11372785882,20.6085855149715,0.0 -103.113746820181,20.608583604625,0.0 -103.113765784149,20.6085817173681,0.0 -103.113784750663,20.6085798529188,0.0 -103.113803719659,20.6085780109951,0.0 -103.113822691076,20.6085761913145,0.0 -103.113841664855,20.6085743935948,0.0 -103.113860640937,20.6085726175533,0.0 -103.113879619264,20.6085708629073,0.0 -103.11389859978,20.6085691293739,0.0 -103.113917582428,20.6085674166703,0.0 -103.113936567156,20.6085657245133,0.0 -103.113955553908,20.6085640526198,0.0 -103.113974542633,20.6085624007063,0.0 -103.113993533279,20.6085607684895,0.0 -103.114012525796,20.6085591556858,0.0 -103.114031520135,20.6085575620115,0.0 -103.114050516247,20.608555987183,0.0 -103.114069514084,20.6085544309162,0.0 -103.114088513601,20.6085528929273,0.0 -103.11410751475,20.6085513729322,0.0 -103.114126517489,20.6085498706468,0.0 -103.114145521772,20.6085483857867,0.0 -103.114164527558,20.6085469180678,0.0 -103.114183534803,20.6085454672056,0.0 -103.114202543468,20.6085440329155,0.0 -103.11422155351,20.6085426149131,0.0 -103.114240564892,20.6085412129137,0.0 -103.114259577574,20.6085398266326,0.0 -103.114278591518,20.608538455785,0.0 -103.114297606688,20.608537100086,0.0 -103.114316623046,20.6085357592507,0.0 -103.114335640558,20.6085344329942,0.0 -103.114354659188,20.6085331210314,0.0 -103.114373678902,20.6085318230771,0.0 -103.114392699667,20.6085305388463,0.0 -103.11441172145,20.6085292680537,0.0 -103.11443074422,20.608528010414,0.0 -103.114449767944,20.608526765642,0.0 -103.114468792592,20.6085255334521,0.0 -103.114487818134,20.6085243135591,0.0 -103.114506844541,20.6085231056775,0.0 -103.114525871784,20.6085219095217,0.0 -103.114544899833,20.6085207248062,0.0 -103.114563928663,20.6085195512454,0.0 -103.114582958245,20.6085183885536,0.0 -103.114601988554,20.6085172364453,0.0 -103.114621019563,20.6085160946346,0.0 -103.114640051246,20.6085149628359,0.0 -103.114659083579,20.6085138407633,0.0 -103.114678116537,20.608512728131,0.0 -103.114697150097,20.6085116246533,0.0 -103.114716184234,20.6085105300442,0.0 -103.114735218926,20.6085094440179,0.0 -103.11475425415,20.6085083662884,0.0 -103.114773289884,20.6085072965697,0.0 -103.114792326105,20.6085062345759,0.0 -103.114811362794,20.6085051800211,0.0 -103.114830399927,20.608504132619,0.0 -103.114849437486,20.6085030920839,0.0 -103.114868475449,20.6085020581294,0.0 -103.114887513797,20.6085010304697,0.0 -103.114906552509,20.6085000088186,0.0 -103.114925591567,20.6084989928899,0.0 -103.114944630952,20.6084979823975,0.0 -103.114963670644,20.6084969770554,0.0 -103.114982710625,20.6084959765772,0.0 -103.115001750877,20.6084949806769,0.0 -103.115020791382,20.6084939890683,0.0 -103.115039832121,20.6084930014651,0.0 -103.115058873078,20.6084920175812,0.0 -103.115077914235,20.6084910371303,0.0 -103.115096955574,20.6084900598262,0.0 -103.115115997078,20.6084890853826,0.0 -103.115135038732,20.6084881135133,0.0 -103.115154080516,20.6084871439322,0.0 -103.115173122416,20.6084861763528,0.0 -103.115192164414,20.6084852104889,0.0 -103.115211206494,20.6084842460543,0.0 -103.115230248639,20.6084832827627,0.0 -103.115249290833,20.6084823203278,0.0 -103.11526833306,20.6084813584634,0.0 -103.115287375303,20.6084803968831,0.0 -103.120947014383,20.6081945210905,0.0 -103.120965919949,20.6081935659019,0.0 -103.120984825539,20.6081926111314,0.0 -103.121003731176,20.6081916571993,0.0 -103.121022636886,20.6081907045259,0.0 -103.12104154269,20.6081897535313,0.0 -103.121060448614,20.6081888046359,0.0 -103.121079354681,20.6081878582599,0.0 -103.121098260913,20.6081869148236,0.0 -103.121117167334,20.6081859747472,0.0 -103.121136073966,20.6081850384512,0.0 -103.121154980833,20.6081841063557,0.0 -103.121173887956,20.6081831788811,0.0 -103.121192795358,20.6081822564478,0.0 -103.121211703059,20.6081813394761,0.0 -103.121230611081,20.6081804283864,0.0 -103.121249519445,20.6081795235991,0.0 -103.12126842817,20.6081786255346,0.0 -103.121287337276,20.6081777346133,0.0 -103.121306246782,20.6081768512559,0.0 -103.121325156708,20.6081759758826,0.0 -103.12134406707,20.6081751089141,0.0 -103.121362977887,20.608174250771,0.0 -103.121381889174,20.6081734018737,0.0 -103.121400800948,20.6081725626429,0.0 -103.121419713224,20.6081717334993,0.0 -103.121438626017,20.6081709148634,0.0 -103.121457539339,20.6081701071561,0.0 -103.121476453204,20.608169310798,0.0 -103.121495367625,20.6081685262098,0.0 -103.121514282611,20.6081677538125,0.0 -103.121533198174,20.6081669940268,0.0 -103.121552114322,20.6081662472735,0.0 -103.121571031064,20.6081655139736,0.0 -103.121589948407,20.608164794548,0.0 -103.121608866357,20.6081640894176,0.0 -103.12162778492,20.6081633990034,0.0 -103.121646704099,20.6081627237264,0.0 -103.121665623897,20.6081620640077,0.0 -103.121781488353,20.6081583724393,0.0 -103.1218973726,20.608155280122,0.0 -103.122013273144,20.6081527871494,0.0 -103.122129186488,20.6081508935966,0.0 -103.122245109136,20.608149599521,0.0 -103.12236103759,20.6081489049616,0.0 -103.122476968354,20.6081488099396,0.0 -103.12259289793,20.6081493144578,0.0 -103.122708822821,20.6081504185013,0.0 -103.122824739531,20.6081521220367,0.0 -103.122940644563,20.6081544250128,0.0 -103.123056534421,20.6081573273603,0.0 -103.123172405607,20.6081608289917,0.0 -103.123288254629,20.6081649298014,0.0 -103.123404077989,20.6081696296658,0.0 -103.123519872196,20.6081749284434,0.0 -103.123635633755,20.6081808259744,0.0 -103.123751359175,20.6081873220808,0.0 -103.123770254716,20.608188439741,0.0 -103.123789149214,20.6081895729393,0.0 -103.123808042683,20.6081907212549,0.0 -103.123826935138,20.6081918842671,0.0 -103.123845826595,20.6081930615552,0.0 -103.123864717074,20.6081942526985,0.0 -103.123883606591,20.6081954572763,0.0 -103.123902495168,20.6081966748682,0.0 -103.123921382825,20.6081979050537,0.0 -103.123940269583,20.6081991474122,0.0 -103.123959155465,20.6082004015234,0.0 -103.123978040495,20.6082016669671,0.0 -103.123996924697,20.6082029433228,0.0 -103.124015808096,20.6082042301704,0.0 -103.124034690718,20.6082055270898,0.0 -103.12405357259,20.6082068336606,0.0 -103.124072453739,20.608208149463,0.0 -103.124091334194,20.6082094740769,0.0 -103.124110213982,20.6082108070822,0.0 -103.124129093135,20.608212148059,0.0 -103.12414797168,20.6082134965874,0.0 -103.12416684965,20.6082148522475,0.0 -103.124185727075,20.6082162146196,0.0 -103.124204603988,20.6082175832837,0.0 -103.124223480419,20.6082189578202,0.0 -103.124242356401,20.6082203378093,0.0 -103.124261231969,20.6082217228313,0.0 -103.124280107154,20.6082231124665,0.0 -103.124298981991,20.6082245062954,0.0 -103.124317856513,20.6082259038981,0.0 -103.124336730755,20.6082273048552,0.0 -103.124355604752,20.6082287087471,0.0 -103.124374478537,20.6082301151541,0.0 -103.124393352147,20.6082315236567,0.0 -103.124412225616,20.6082329338355,0.0 -103.124431098979,20.6082343452708,0.0 -103.124449972272,20.6082357575431,0.0 -103.12446884553,20.6082371702328,0.0 -103.127667154653,20.6084765500995,0.0 -103.127685813186,20.6084779463199,0.0 -103.127704471779,20.6084793418415,0.0 -103.127723130489,20.6084807359678,0.0 -103.127741789377,20.6084821280018,0.0 -103.127760448498,20.608483517247,0.0 -103.127779107913,20.6084849030064,0.0 -103.127797767678,20.6084862845833,0.0 -103.12781642785,20.6084876612809,0.0 -103.127835088485,20.6084890324022,0.0 -103.12785374964,20.6084903972503,0.0 -103.127872411368,20.6084917551282,0.0 -103.127891073724,20.6084931053387,0.0 -103.127909736761,20.6084944471849,0.0 -103.127928400531,20.6084957799694,0.0 -103.127947065084,20.608497102995,0.0 -103.127965730471,20.6084984155642,0.0 -103.127984396738,20.6084997169797,0.0 -103.128003063934,20.6085010065439,0.0 -103.128021732103,20.608502283559,0.0 -103.12804040129,20.6085035473274,0.0 -103.128059071535,20.6085047971512,0.0 -103.128077742881,20.6085060323323,0.0 -103.128096415364,20.6085072521728,0.0 -103.128115089021,20.6085084559743,0.0 -103.128133763887,20.6085096430386,0.0 -103.128152439995,20.6085108126673,0.0 -103.128171117374,20.6085119641617,0.0 -103.128189796052,20.6085130968231,0.0 -103.128208476055,20.6085142099528,0.0 -103.128227157406,20.6085153028518,0.0 -103.128245840124,20.6085163748211,0.0 -103.128264524229,20.6085174251614,0.0 -103.128283209735,20.6085184531735,0.0 -103.128301896654,20.6085194581579,0.0 -103.128320584996,20.6085204394151,0.0 -103.128339274767,20.6085213962453,0.0 -103.12835796597,20.608522327949,0.0 -103.128376658605,20.608523233826,0.0 -103.128395352669,20.6085241131765,0.0 -103.128414048156,20.6085249653004,0.0 -103.128432745055,20.6085257894975,0.0 -103.128525346379,20.6085294493848,0.0 -103.128617976007,20.6085324071175,0.0 -103.128710627933,20.6085346625035,0.0 -103.128803296149,20.6085362153967,0.0 -103.128895974646,20.6085370656963,0.0 -103.128988657415,20.6085372133468,0.0 -103.129081338447,20.6085366583388,0.0 -103.129174011731,20.6085354007081,0.0 -103.129266671259,20.6085334405362,0.0 -103.129359311022,20.6085307779499,0.0 -103.129451925014,20.608527413122,0.0 -103.12954450723,20.6085233462705,0.0 -103.129637051666,20.6085185776589,0.0 -103.129729552321,20.6085131075964,0.0 -103.129822003198,20.6085069364376,0.0 -103.129914398303,20.6085000645824,0.0 -103.130006731643,20.6084924924765,0.0 -103.130098997233,20.6084842206106,0.0 -103.130191189089,20.6084752495211,0.0 -103.130283301234,20.6084655797895,0.0 -103.130375327695,20.6084552120428,0.0 -103.130467262505,20.608444146953,0.0 -103.130559099703,20.6084323852376,0.0 -103.130650833334,20.6084199276591,0.0 -103.130742457449,20.6084067750252,0.0 -103.130833966109,20.6083929281885,0.0 -103.130852431787,20.6083900477567,0.0 -103.130870892589,20.608387139746,0.0 -103.130889348591,20.6083842048527,0.0 -103.130907799873,20.608381243773,0.0 -103.130926246521,20.6083782572024,0.0 -103.130944688621,20.6083752458358,0.0 -103.130963126263,20.608372210368,0.0 -103.13098155954,20.6083691514931,0.0 -103.13099998855,20.6083660699047,0.0 -103.13101841339,20.6083629662962,0.0 -103.131036834163,20.6083598413603,0.0 -103.131055250974,20.6083566957895,0.0 -103.13107366393,20.6083535302758,0.0 -103.131092073141,20.6083503455108,0.0 -103.131110478718,20.6083471421856,0.0 -103.131128880777,20.6083439209911,0.0 -103.131147279435,20.6083406826177,0.0 -103.131165674809,20.6083374277555,0.0 -103.131184067022,20.6083341570942,0.0 -103.131202456197,20.6083308713231,0.0 -103.131220842459,20.6083275711314,0.0 -103.131239225934,20.6083242572077,0.0 -103.13125760675,20.6083209302405,0.0 -103.13127598504,20.6083175909179,0.0 -103.131294360933,20.6083142399278,0.0 -103.131312734563,20.6083108779578,0.0 -103.131331106066,20.6083075056952,0.0 -103.131349475576,20.6083041238271,0.0 -103.131367843232,20.6083007330405,0.0 -103.13138620917,20.6082973340219,0.0 -103.131404573532,20.608293927458,0.0 -103.131422936457,20.6082905140351,0.0 -103.131441298086,20.6082870944392,0.0 -103.13145965856,20.6082836693565,0.0 -103.131478018024,20.6082802394728,0.0 -103.13149637662,20.6082768054738,0.0 -103.131514734491,20.6082733680454,0.0 -103.131533091783,20.608269927873,0.0 -103.131551448639,20.6082664856422,0.0 -103.131569805204,20.6082630420386,0.0 -103.131588161623,20.6082595977474,0.0 -103.136482713184,20.6073411047067,0.0 -103.136501069354,20.6073376595334,0.0 -103.136519425232,20.6073342129873,0.0 -103.136537780529,20.6073307636976,0.0 -103.136556134953,20.6073273102935,0.0 -103.136574488211,20.6073238514047,0.0 -103.13659284001,20.607320385661,0.0 -103.136611190055,20.6073169116925,0.0 -103.136629538048,20.6073134281297,0.0 -103.136647883688,20.6073099336036,0.0 -103.136666226674,20.6073064267458,0.0 -103.136684566699,20.6073029061883,0.0 -103.136702903453,20.607299370564,0.0 -103.136721236624,20.6072958185065,0.0 -103.136739565895,20.60729224865,0.0 -103.136757890943,20.6072886596298,0.0 -103.136776211442,20.6072850500822,0.0 -103.136794527061,20.6072814186444,0.0 -103.136812837461,20.6072777639548,0.0 -103.1368311423,20.6072740846531,0.0 -103.136849441228,20.6072703793801,0.0 -103.136867733889,20.6072666467781,0.0 -103.13688601992,20.6072628854909,0.0 -103.136904298952,20.6072590941639,0.0 -103.136922570607,20.6072552714439,0.0 -103.136940834498,20.6072514159799,0.0 -103.136959090233,20.6072475264223,0.0 -103.136977337409,20.6072436014237,0.0 -103.136995575614,20.6072396396388,0.0 -103.137013804428,20.6072356397244,0.0 -103.137032023421,20.6072316003396,0.0 -103.137050232152,20.6072275201459,0.0 -103.137068430172,20.6072233978074,0.0 -103.137086617019,20.6072192319907,0.0 -103.137104792222,20.6072150213654,0.0 -103.137122955297,20.6072107646038,0.0 -103.137141105751,20.6072064603814,0.0 -103.137159243075,20.6072021073769,0.0 -103.137177366752,20.6071977042722,0.0 -103.13719547625,20.6071932497528,0.0 -103.137213571025,20.6071887425079,0.0 -103.13723165052,20.6071841812304,0.0 -103.137294159486,20.6071679528547,0.0 -103.137356470297,20.6071510624426,0.0 -103.137418575046,20.607133512138,0.0 -103.137480465847,20.6071153041686,0.0 -103.137542134846,20.6070964408455,0.0 -103.137603574214,20.6070769245631,0.0 -103.137664776154,20.6070567577986,0.0 -103.137725732895,20.6070359431117,0.0 -103.137786436702,20.6070144831445,0.0 -103.137846879868,20.6069923806209,0.0 -103.137907054722,20.6069696383464,0.0 -103.137966953625,20.6069462592076,0.0 -103.138026568974,20.6069222461722,0.0 -103.138085893203,20.6068976022881,0.0 -103.138144918781,20.6068723306834,0.0 -103.138203638215,20.6068464345659,0.0 -103.138262044054,20.6068199172225,0.0 -103.138320128882,20.6067927820191,0.0 -103.138377885328,20.6067650324001,0.0 -103.13843530606,20.6067366718878,0.0 -103.13849238379,20.6067077040818,0.0 -103.138549111272,20.6066781326593,0.0 -103.138605481308,20.6066479613736,0.0 -103.13866148674,20.6066171940546,0.0 -103.138717120462,20.6065858346074,0.0 -103.138772375411,20.6065538870127,0.0 -103.138827244573,20.6065213553255,0.0 -103.138881720985,20.6064882436751,0.0 -103.138935797732,20.6064545562644,0.0 -103.138989467949,20.6064202973694,0.0 -103.139042724825,20.6063854713386,0.0 -103.1390955616,20.6063500825925,0.0 -103.139147971567,20.606314135623,0.0 -103.139199948075,20.6062776349929,0.0 -103.139251484525,20.6062405853353,0.0 -103.139302574377,20.6062029913529,0.0 -103.139317238134,20.6061920390973,0.0 -103.13933186491,20.6061810430907,0.0 -103.139346455488,20.6061700045335,0.0 -103.139361010662,20.6061589246182,0.0 -103.139375531235,20.6061478045299,0.0 -103.139390018023,20.6061366454463,0.0 -103.139404471852,20.6061254485377,0.0 -103.139418893556,20.6061142149676,0.0 -103.139433283979,20.6061029458921,0.0 -103.139447643976,20.606091642461,0.0 -103.139461974409,20.6060803058173,0.0 -103.139476276149,20.6060689370976,0.0 -103.139490550075,20.6060575374321,0.0 -103.139504797075,20.6060461079453,0.0 -103.139519018043,20.6060346497555,0.0 -103.139533213883,20.6060231639753,0.0 -103.139547385503,20.606011651712,0.0 -103.13956153382,20.6060001140675,0.0 -103.139575659757,20.6059885521384,0.0 -103.139589764242,20.6059769670166,0.0 -103.139603848211,20.6059653597891,0.0 -103.139617912604,20.6059537315385,0.0 -103.139631958367,20.605942083343,0.0 -103.139645986451,20.6059304162766,0.0 -103.139659997811,20.6059187314094,0.0 -103.139673993409,20.605907029808,0.0 -103.139687974208,20.6058953125353,0.0 -103.139701941177,20.6058835806508,0.0 -103.139715895289,20.6058718352112,0.0 -103.139729837519,20.6058600772701,0.0 -103.139743768846,20.6058483078785,0.0 -103.139757690252,20.6058365280852,0.0 -103.139771602721,20.6058247389364,0.0 -103.13978550724,20.6058129414765,0.0 -103.139799404798,20.6058011367483,0.0 -103.139813296386,20.6057893257927,0.0 -103.139827182996,20.6057775096494,0.0 -103.139841065621,20.6057656893571,0.0 -103.139854945256,20.6057538659535,0.0 -103.139868822897,20.6057420404756,0.0 -103.13988269954,20.6057302139601,0.0 -103.14079985977,20.6049485267968,0.0 -103.140813536118,20.6049368707589,0.0 -103.140827213378,20.6049252156723,0.0 -103.140840892468,20.6049135624895,0.0 -103.140854574302,20.6049019121638,0.0 -103.140868259793,20.6048902656486,0.0 -103.140881949856,20.6048786238983,0.0 -103.140895645403,20.6048669878684,0.0 -103.140909347345,20.6048553585153,0.0 -103.14092305659,20.6048437367969,0.0 -103.140936774046,20.6048321236724,0.0 -103.14095050062,20.604820520103,0.0 -103.140964237214,20.6048089270516,0.0 -103.140977984728,20.6047973454832,0.0 -103.140991744061,20.6047857763652,0.0 -103.141005516109,20.6047742206674,0.0 -103.141019301762,20.6047626793621,0.0 -103.141033101909,20.6047511534246,0.0 -103.141046917436,20.6047396438332,0.0 -103.141060749222,20.6047281515693,0.0 -103.141074598146,20.6047166776178,0.0 -103.141088465079,20.6047052229668,0.0 -103.14110235089,20.6046937886086,0.0 -103.141116256441,20.6046823755391,0.0 -103.14113018259,20.6046709847583,0.0 -103.141144130191,20.6046596172705,0.0 -103.14115810009,20.6046482740844,0.0 -103.141221317643,20.6045974886883,0.0 -103.141285000044,20.6045472208207,0.0 -103.141349142517,20.6044974742536,0.0 -103.141413740246,20.6044482527201,0.0 -103.141478788385,20.6043995599137,0.0 -103.141544282052,20.6043513994883,0.0 -103.141610216331,20.6043037750579,0.0 -103.141676586275,20.6042566901961,0.0 -103.141743386904,20.6042101484363,0.0 -103.141810613204,20.6041641532708,0.0 -103.141878260131,20.6041187081511,0.0 -103.141946322607,20.6040738164874,0.0 -103.142014795526,20.6040294816484,0.0 -103.14208367375,20.6039857069608,0.0 -103.142152952108,20.6039424957097,0.0 -103.142222625403,20.6038998511373,0.0 -103.142292688406,20.6038577764439,0.0 -103.14236313586,20.6038162747867,0.0 -103.142433962477,20.6037753492799,0.0 -103.142505162943,20.6037350029945,0.0 -103.142576731916,20.6036952389581,0.0 -103.142648664024,20.6036560601546,0.0 -103.14272095387,20.6036174695238,0.0 -103.142793596028,20.6035794699617,0.0 -103.142866585049,20.6035420643197,0.0 -103.142939915454,20.6035052554047,0.0 -103.143013581741,20.6034690459787,0.0 -103.143087578382,20.603433438759,0.0 -103.143161899825,20.6033984364174,0.0 -103.143236540492,20.6033640415806,0.0 -103.143311494783,20.6033302568294,0.0 -103.143386757072,20.603297084699,0.0 -103.143462321712,20.6032645276788,0.0 -103.143538183034,20.6032325882117,0.0 -103.143614335344,20.6032012686944,0.0 -103.143690772927,20.6031705714771,0.0 -103.143767490049,20.6031404988634,0.0 -103.143844480953,20.6031110531099,0.0 -103.14392173986,20.6030822364261,0.0 -103.143999260975,20.6030540509745,0.0 -103.144077038479,20.6030264988701,0.0 -103.144155066537,20.6029995821803,0.0 -103.144233339293,20.6029733029251,0.0 -103.144311850874,20.6029476630763,0.0 -103.144390595389,20.6029226645581,0.0 -103.144469566928,20.6028983092462,0.0 -103.144487127462,20.6028929899793,0.0 -103.14450469841,20.6028877012936,0.0 -103.144522279301,20.6028824419828,0.0 -103.144539869668,20.6028772108383,0.0 -103.144557469051,20.6028720066498,0.0 -103.144575076998,20.6028668282046,0.0 -103.144592693059,20.6028616742885,0.0 -103.144610316795,20.6028565436852,0.0 -103.144627947769,20.6028514351771,0.0 -103.14464558555,20.6028463475449,0.0 -103.144663229713,20.6028412795678,0.0 -103.144680879835,20.6028362300237,0.0 -103.144698535501,20.6028311976892,0.0 -103.144716196296,20.6028261813398,0.0 -103.144733861812,20.6028211797497,0.0 -103.144751531643,20.6028161916924,0.0 -103.144769205387,20.6028112159403,0.0 -103.144786882644,20.602806251265,0.0 -103.144804563016,20.6028012964374,0.0 -103.14482224611,20.6027963502277,0.0 -103.144839931533,20.6027914114056,0.0 -103.144857618893,20.6027864787402,0.0 -103.144875307801,20.6027815510003,0.0 -103.144892997869,20.6027766269543,0.0 -103.14491068871,20.6027717053705,0.0 -103.144928379936,20.6027667850168,0.0 -103.147969593215,20.6019209567897,0.0 -103.147987543298,20.6019159645291,0.0 -103.148005493801,20.6019109736071,0.0 -103.148023445143,20.6019059853645,0.0 -103.148041397744,20.6019010011421,0.0 -103.148059352023,20.601896022281,0.0 -103.148077308397,20.6018910501229,0.0 -103.14809526728,20.6018860860097,0.0 -103.148113229087,20.601881131284,0.0 -103.148131194228,20.601876187289,0.0 -103.148149163112,20.6018712553686,0.0 -103.148167136144,20.6018663368677,0.0 -103.148185113725,20.6018614331319,0.0 -103.148203096255,20.601856545508,0.0 -103.148221084126,20.6018516753439,0.0 -103.148239077728,20.6018468239884,0.0 -103.148257077447,20.6018419927919,0.0 -103.148275083662,20.601837183106,0.0 -103.148293096747,20.6018323962836,0.0 -103.148311117071,20.6018276336793,0.0 -103.148329144996,20.6018228966491,0.0 -103.148347180878,20.6018181865509,0.0 -103.148365225066,20.601813504744,0.0 -103.148383277902,20.6018088525897,0.0 -103.148401339721,20.601804231451,0.0 -103.148419410849,20.601799642693,0.0 -103.148437491603,20.6017950876826,0.0 -103.148455582295,20.6017905677887,0.0 -103.148473683224,20.6017860843825,0.0 -103.148491794683,20.601781638837,0.0 -103.148509916952,20.6017772325277,0.0 -103.148528050305,20.6017728668322,0.0 -103.148546195002,20.6017685431301,0.0 -103.148564351295,20.6017642628038,0.0 -103.148582519424,20.6017600272375,0.0 -103.148600699616,20.601755837818,0.0 -103.14861889209,20.6017516959345,0.0 -103.148637097048,20.6017476029785,0.0 -103.148655314685,20.601743560344,0.0 -103.148673545178,20.6017395694272,0.0 -103.148691788694,20.6017356316268,0.0 -103.148710045386,20.6017317483441,0.0 -103.148774604258,20.6017184853841,0.0 -103.148839320584,20.601705921158,0.0 -103.148904185834,20.601694057322,0.0 -103.148969191459,20.6016828954397,0.0 -103.149034328892,20.6016724369822,0.0 -103.149099589547,20.6016626833282,0.0 -103.149164964823,20.6016536357632,0.0 -103.149230446104,20.6016452954798,0.0 -103.149296024759,20.6016376635771,0.0 -103.149361692145,20.6016307410613,0.0 -103.149427439607,20.6016245288447,0.0 -103.14949325848,20.6016190277463,0.0 -103.149559140089,20.601614238491,0.0 -103.14962507575,20.6016101617102,0.0 -103.149691056774,20.6016067979412,0.0 -103.149757074464,20.6016041476276,0.0 -103.149823120118,20.6016022111186,0.0 -103.149889185033,20.6016009886697,0.0 -103.149955260502,20.6016004804418,0.0 -103.150021337814,20.6016006865022,0.0 -103.150087408262,20.6016016068237,0.0 -103.150153463137,20.6016032412851,0.0 -103.150219493733,20.6016055896711,0.0 -103.150285491348,20.6016086516721,0.0 -103.150351447283,20.6016124268848,0.0 -103.150417352845,20.6016169148115,0.0 -103.150483199348,20.6016221148609,0.0 -103.150548978113,20.6016280263477,0.0 -103.150614680471,20.6016346484928,0.0 -103.150680297762,20.6016419804235,0.0 -103.150745821338,20.6016500211735,0.0 -103.150811242562,20.601658769683,0.0 -103.150876552813,20.6016682247992,0.0 -103.150941743482,20.6016783852759,0.0 -103.151006805977,20.6016892497741,0.0 -103.151071731723,20.6017008168617,0.0 -103.151136512163,20.6017130850145,0.0 -103.151201138759,20.6017260526155,0.0 -103.151265602992,20.6017397179556,0.0 -103.151329896367,20.6017540792338,0.0 -103.151394010409,20.6017691345574,0.0 -103.151457936668,20.6017848819421,0.0 -103.151521666719,20.6018013193126,0.0 -103.151585192162,20.6018184445023,0.0 -103.151648504624,20.6018362552543,0.0 -103.15171159576,20.6018547492212,0.0 -103.151774457256,20.6018739239655,0.0 -103.151837080825,20.6018937769601,0.0 -103.151899458213,20.6019143055883,0.0 -103.1519615812,20.6019355071446,0.0 -103.152023441597,20.6019573788347,0.0 -103.152085031251,20.6019799177758,0.0 -103.152146342044,20.6020031209974,0.0 -103.152207365896,20.6020269854414,0.0 -103.152224597859,20.6020338646178,0.0 -103.152241806557,20.6020407952359,0.0 -103.152258992406,20.6020477759424,0.0 -103.152276155833,20.6020548053888,0.0 -103.152293297278,20.602061882231,0.0 -103.152310417194,20.6020690051296,0.0 -103.152327516045,20.6020761727494,0.0 -103.152344594306,20.6020833837598,0.0 -103.152361652466,20.6020906368345,0.0 -103.15237869102,20.6020979306512,0.0 -103.152395710478,20.6021052638919,0.0 -103.152412711357,20.6021126352426,0.0 -103.152429694185,20.6021200433933,0.0 -103.1524466595,20.6021274870378,0.0 -103.152463607847,20.6021349648736,0.0 -103.152480539782,20.6021424756018,0.0 -103.152497455869,20.6021500179273,0.0 -103.152514356678,20.6021575905582,0.0 -103.152531242789,20.602165192206,0.0 -103.152548114788,20.6021728215852,0.0 -103.152564973269,20.6021804774138,0.0 -103.152581818832,20.6021881584123,0.0 -103.152598652085,20.6021958633042,0.0 -103.152615473639,20.6022035908159,0.0 -103.152632284113,20.6022113396761,0.0 -103.152649084132,20.6022191086161,0.0 -103.152665874324,20.6022268963695,0.0 -103.152682655323,20.6022347016718,0.0 -103.152699427767,20.6022425232611,0.0 -103.152716192299,20.6022503598768,0.0 -103.152732949565,20.6022582102605,0.0 -103.152749700215,20.6022660731552,0.0 -103.1527664449,20.6022739473054,0.0 -103.152783184278,20.602281831457,0.0 -103.152799919006,20.602289724357,0.0 -103.152816649744,20.6022976247534,0.0 -103.152833377156,20.6023055313954,0.0 -103.152850101904,20.6023134430325,0.0 -103.152866824654,20.6023213584151,0.0 -103.152883546072,20.6023292762939,0.0 -103.152900266825,20.60233719542,0.0 -103.155673540283,20.6036506577451,0.0 -103.155690306728,20.6036585982374,0.0 -103.155707073533,20.6036665380568,0.0 -103.155723841058,20.6036744765317,0.0 -103.155740609659,20.6036824129905,0.0 -103.155757379697,20.6036903467615,0.0 -103.155774151528,20.6036982771729,0.0 -103.155790925509,20.6037062035524,0.0 -103.155807701998,20.6037141252278,0.0 -103.155824481351,20.6037220415263,0.0 -103.155841263923,20.603729951775,0.0 -103.155858050068,20.6037378553004,0.0 -103.155874840141,20.6037457514287,0.0 -103.155891634493,20.6037536394857,0.0 -103.155908433477,20.6037615187965,0.0 -103.155925237443,20.6037693886857,0.0 -103.155942046739,20.6037772484774,0.0 -103.155958861715,20.603785097495,0.0 -103.155975682715,20.6037929350613,0.0 -103.155992510085,20.6038007604982,0.0 -103.156009344167,20.6038085731269,0.0 -103.156026185304,20.603816372268,0.0 -103.156043033834,20.6038241572411,0.0 -103.156059890096,20.6038319273649,0.0 -103.156159459652,20.6038774346356,0.0 -103.156259306441,20.60392240024,0.0 -103.156359427141,20.6039668226813,0.0 -103.156459818417,20.6040107004802,0.0 -103.156560476928,20.604054032176,0.0 -103.156661399323,20.6040968163259,0.0 -103.156762582243,20.6041390515055,0.0 -103.156864022318,20.6041807363085,0.0 -103.156881248637,20.604187750207,0.0 -103.156898481921,20.6041947489236,0.0 -103.156915721839,20.6042017331427,0.0 -103.156932968062,20.6042087035494,0.0 -103.156950220264,20.6042156608296,0.0 -103.15696747812,20.6042226056698,0.0 -103.156984741307,20.6042295387573,0.0 -103.157002009502,20.60423646078,0.0 -103.157019282385,20.6042433724266,0.0 -103.157036559638,20.604250274386,0.0 -103.157053840944,20.6042571673479,0.0 -103.157071125985,20.6042640520024,0.0 -103.157088414448,20.6042709290402,0.0 -103.157105706017,20.6042777991521,0.0 -103.157123000379,20.6042846630295,0.0 -103.157140297223,20.6042915213642,0.0 -103.157157596236,20.6042983748481,0.0 -103.157174897108,20.6043052241735,0.0 -103.157192199528,20.6043120700329,0.0 -103.157209503187,20.6043189131188,0.0 -103.157226807775,20.6043257541242,0.0 -103.157244112982,20.6043325937419,0.0 -103.1572614185,20.6043394326649,0.0 -103.159465349679,20.6052103626114,0.0 -103.159481431803,20.6052167177152,0.0 -103.159497513816,20.605223073068,0.0 -103.159513595608,20.6052294289198,0.0 -103.159529677066,20.6052357855211,0.0 -103.15954575808,20.6052421431221,0.0 -103.159561838536,20.605248501973,0.0 -103.159577918325,20.6052548623241,0.0 -103.159593997333,20.6052612244254,0.0 -103.159610075449,20.6052675885271,0.0 -103.159626152561,20.6052739548794,0.0 -103.159642228556,20.6052803237322,0.0 -103.159887730559,20.6053779866056,0.0 -103.160132943771,20.6054762909975,0.0 -103.1603778663,20.6055752361504,0.0 -103.160622496258,20.6056748213019,0.0 -103.160866831759,20.6057750456848,0.0 -103.16111087092,20.6058759085269,0.0 -103.161354611858,20.6059774090509,0.0 -103.161598052696,20.6060795464749,0.0 -103.161841191554,20.6061823200118,0.0 -103.16208402656,20.6062857288697,0.0 -103.162326555841,20.6063897722518,0.0 -103.162568777526,20.6064944493566,0.0 -103.162810689749,20.6065997593773,0.0 -103.163052290643,20.6067057015026,0.0 -103.163293578347,20.6068122749162,0.0 -103.163534550999,20.6069194787968,0.0 -103.163550309576,20.606926516286,0.0 -103.163566066919,20.6069335562263,0.0 -103.163581823151,20.6069405983722,0.0 -103.163597578396,20.6069476424783,0.0 -103.163613332776,20.6069546882995,0.0 -103.163629086416,20.6069617355904,0.0 -103.163644839438,20.6069687841058,0.0 -103.163660591967,20.6069758336004,0.0 -103.163676344127,20.6069828838292,0.0 -103.16369209604,20.6069899345469,0.0 -103.163707847831,20.6069969855085,0.0 -103.172321790554,20.6108525619057,0.0 -103.172338741796,20.6108601484985,0.0 -103.172355693384,20.610867734411,0.0 -103.172372645658,20.6108753189642,0.0 -103.172389598962,20.6108829014792,0.0 -103.172406553638,20.6108904812769,0.0 -103.172423510027,20.6108980576781,0.0 -103.172440468471,20.6109056300033,0.0 -103.172457429311,20.6109131975729,0.0 -103.172474392886,20.6109207597068,0.0 -103.172491359536,20.6109283157246,0.0 -103.1725083296,20.6109358649459,0.0 -103.172525303416,20.6109434066894,0.0 -103.172542281319,20.6109509402736,0.0 -103.172559263646,20.6109584650165,0.0 -103.17257625073,20.6109659802355,0.0 -103.172593242905,20.6109734852476,0.0 -103.172610240503,20.6109809793689,0.0 -103.172627243853,20.6109884619151,0.0 -103.172644253284,20.6109959322012,0.0 -103.172661269124,20.6110033895413,0.0 -103.172678291696,20.6110108332489,0.0 -103.172695321326,20.6110182626367,0.0 -103.172712358333,20.6110256770164,0.0 -103.172821556431,20.6110727492304,0.0 -103.17293106542,20.6111191768869,0.0 -103.173040881008,20.611164958166,0.0 -103.173150998893,20.6112100912732,0.0 -103.173261414756,20.6112545744393,0.0 -103.173372124272,20.6112984059207,0.0 -103.173483123101,20.6113415839991,0.0 -103.173594406893,20.6113841069822,0.0 -103.173705971285,20.611425973203,0.0 -103.173817811905,20.6114671810205,0.0 -103.17392992437,20.6115077288193,0.0 -103.174042304286,20.61154761501,0.0 -103.174154947247,20.611586838029,0.0 -103.174267848839,20.611625396339,0.0 -103.174381004637,20.6116632884283,0.0 -103.174494410205,20.6117005128117,0.0 -103.174608061099,20.61173706803,0.0 -103.174721952865,20.6117729526503,0.0 -103.174836081037,20.6118081652658,0.0 -103.174950441143,20.6118427044962,0.0 -103.175065028701,20.6118765689876,0.0 -103.175179839219,20.6119097574125,0.0 -103.175294868197,20.61194226847,0.0 -103.175410111127,20.6119741008854,0.0 -103.175525563491,20.6120052534112,0.0 -103.175641220765,20.6120357248259,0.0 -103.175757078414,20.6120655139352,0.0 -103.175873131899,20.6120946195712,0.0 -103.175989376669,20.612123040593,0.0 -103.176105808169,20.6121507758865,0.0 -103.176222421836,20.6121778243644,0.0 -103.176339213097,20.6122041849664,0.0 -103.176456177376,20.612229856659,0.0 -103.176573310088,20.612254838436,0.0 -103.176690606642,20.6122791293179,0.0 -103.17680806244,20.6123027283526,0.0 -103.176925672878,20.6123256346149,0.0 -103.177043433346,20.6123478472068,0.0 -103.177161339229,20.6123693652575,0.0 -103.177279385905,20.6123901879234,0.0 -103.177397568747,20.6124103143883,0.0 -103.177515883123,20.6124297438632,0.0 -103.177534384681,20.6124327173731,0.0 -103.177552889187,20.61243567458,0.0 -103.177571396492,20.6124386162225,0.0 -103.177589906449,20.6124415430393,0.0 -103.177608418913,20.6124444557698,0.0 -103.177626933742,20.6124473551534,0.0 -103.177645450793,20.61245024193,0.0 -103.177663969927,20.6124531168396,0.0 -103.177682491006,20.6124559806227,0.0 -103.177701013894,20.6124588340198,0.0 -103.177719538456,20.6124616777717,0.0 -103.177738064559,20.6124645126195,0.0 -103.177756592068,20.6124673393043,0.0 -103.177775120854,20.6124701585676,0.0 -103.177793650786,20.6124729711507,0.0 -103.177812181734,20.6124757777955,0.0 -103.177830713569,20.6124785792437,0.0 -103.177849246164,20.6124813762372,0.0 -103.177867779392,20.6124841695179,0.0 -103.177886313124,20.6124869598281,0.0 -103.177904847236,20.6124897479096,0.0 -103.1779233816,20.6124925345049,0.0 -103.177941916091,20.612495320356,0.0 -103.186047140594,20.613713333385,0.0 -103.186065358602,20.613716070869,0.0 -103.186083576396,20.6137188096197,0.0 -103.186101793759,20.6137215509058,0.0 -103.186120010477,20.6137242959958,0.0 -103.186138226332,20.6137270461581,0.0 -103.186156441107,20.6137298026609,0.0 -103.186174654581,20.6137325667722,0.0 -103.186192866534,20.6137353397595,0.0 -103.186211076741,20.6137381228905,0.0 -103.186229284977,20.6137409174319,0.0 -103.186247491014,20.6137437246506,0.0 -103.186265694619,20.6137465458124,0.0 -103.186283895559,20.6137493821832,0.0 -103.186302093594,20.6137522350279,0.0 -103.186320288482,20.6137551056109,0.0 -103.186338479977,20.613757995196,0.0 -103.186356667828,20.6137609050462,0.0 -103.186374851779,20.6137638364238,0.0 -103.18639303157,20.61376679059,0.0 -103.186411206933,20.6137697688054,0.0 -103.186429377598,20.6137727723294,0.0 -103.186447543287,20.6137758024205,0.0 -103.186465703716,20.613778860336,0.0 -103.186483858593,20.6137819473321,0.0 -103.186502007623,20.6137850646638,0.0 -103.186520150499,20.6137882135847,0.0 -103.186604237168,20.6138032511537,0.0 -103.186688178012,20.6138189944035,0.0 -103.18677196635,20.6138354420813,0.0 -103.186855595515,20.613852592878,0.0 -103.18693905885,20.6138704454289,0.0 -103.187022349713,20.6138889983131,0.0 -103.187105461475,20.6139082500541,0.0 -103.187188387521,20.61392819912,0.0 -103.187271121251,20.6139488439229,0.0 -103.18735365608,20.6139701828201,0.0 -103.187435985441,20.6139922141132,0.0 -103.187518102779,20.614014936049,0.0 -103.187600001561,20.6140383468191,0.0 -103.187681675266,20.6140624445604,0.0 -103.187763117396,20.6140872273551,0.0 -103.187844321468,20.614112693231,0.0 -103.18792528102,20.6141388401612,0.0 -103.188005989607,20.614165666065,0.0 -103.188086440806,20.6141931688074,0.0 -103.188166628215,20.6142213461996,0.0 -103.188246545451,20.6142501959992,0.0 -103.188326186153,20.61427971591,0.0 -103.188405543983,20.6143099035828,0.0 -103.188484612625,20.614340756615,0.0 -103.188563385785,20.6143722725513,0.0 -103.188641857195,20.6144044488833,0.0 -103.188720020608,20.6144372830504,0.0 -103.188797869803,20.6144707724394,0.0 -103.188875398585,20.6145049143849,0.0 -103.188952600782,20.6145397061699,0.0 -103.189029470251,20.6145751450253,0.0 -103.189106000872,20.6146112281306,0.0 -103.189182186555,20.6146479526143,0.0 -103.189258021236,20.6146853155534,0.0 -103.189333498879,20.6147233139745,0.0 -103.189408613477,20.6147619448532,0.0 -103.18948335905,20.6148012051152,0.0 -103.189557729651,20.6148410916358,0.0 -103.189631719359,20.6148816012406,0.0 -103.189705322285,20.6149227307055,0.0 -103.189778532571,20.6149644767571,0.0 -103.18985134439,20.6150068360731,0.0 -103.189923751947,20.615049805282,0.0 -103.189995749478,20.6150933809641,0.0 -103.190011214041,20.6151028524201,0.0 -103.190026659977,20.6151123507815,0.0 -103.190042087983,20.6151218749414,0.0 -103.190057498759,20.6151314237966,0.0 -103.190072893014,20.6151409962476,0.0 -103.190088271459,20.6151505911981,0.0 -103.190103634815,20.6151602075551,0.0 -103.190118983803,20.6151698442288,0.0 -103.190134319152,20.6151795001322,0.0 -103.190149641596,20.6151891741812,0.0 -103.190164951871,20.6151988652945,0.0 -103.190180250719,20.6152085723931,0.0 -103.190195538884,20.6152182944004,0.0 -103.190210817115,20.6152280302421,0.0 -103.190226086164,20.615237778846,0.0 -103.190241346785,20.6152475391417,0.0 -103.190256599737,20.6152573100606,0.0 -103.190271845779,20.6152670905357,0.0 -103.190287085673,20.6152768795014,0.0 -103.190302320184,20.6152866758935,0.0 -103.190317550078,20.6152964786487,0.0 -103.190332776122,20.6153062867048,0.0 -103.190347999086,20.6153160990005,0.0 -103.190363219739,20.615325914475,0.0 -103.190378438851,20.6153357320681,0.0 -103.190393657194,20.6153455507197,0.0 -103.197162030755,20.6197122731853,0.0 -103.197177419205,20.6197222002416,0.0 -103.197192809081,20.6197321253403,0.0 -103.197208201805,20.6197420465245,0.0 -103.197223598799,20.6197519618361,0.0 -103.197239001481,20.6197618693154,0.0 -103.197254411266,20.6197717670008,0.0 -103.197269829566,20.6197816529276,0.0 -103.197285257786,20.6197915251281,0.0 -103.197300697326,20.6198013816307,0.0 -103.19731614958,20.6198112204598,0.0 -103.197331615933,20.6198210396345,0.0 -103.197347097763,20.619830837169,0.0 -103.197362596437,20.6198406110714,0.0 -103.197378113312,20.6198503593434,0.0 -103.197393649736,20.6198600799801,0.0 -103.197409207042,20.619869770969,0.0 -103.197424786553,20.6198794302899,0.0 -103.197440389576,20.6198890559141,0.0 -103.197456017405,20.6198986458044,0.0 -103.197471671318,20.619908197914,0.0 -103.197487352576,20.6199177101867,0.0 -103.197503062422,20.6199271805561,0.0 -103.197518802084,20.6199366069451,0.0 -103.197534572767,20.6199459872657,0.0 -103.197550375658,20.6199553194186,0.0 -103.197566211922,20.6199646012926,0.0 -103.197582082702,20.6199738307644,0.0 -103.19759798912,20.6199830056982,0.0 -103.197613932272,20.6199921239452,0.0 -103.197629913228,20.6200011833437,0.0 -103.197645933036,20.6200101817181,0.0 -103.197661992713,20.6200191168794,0.0 -103.19767809325,20.6200279866241,0.0 -103.19769423561,20.6200367887347,0.0 -103.197710420724,20.6200455209788,0.0 -103.197726649494,20.6200541811093,0.0 -103.197773953812,20.6200788705865,0.0 -103.197821623061,20.6201029299154,0.0 -103.197869647769,20.6201263543164,0.0 -103.197918018396,20.6201491391358,0.0 -103.197966725333,20.6201712798469,0.0 -103.198015758903,20.6201927720512,0.0 -103.198065109366,20.6202136114788,0.0 -103.198114766917,20.6202337939896,0.0 -103.198164721691,20.620253315574,0.0 -103.198214963763,20.6202721723536,0.0 -103.198265483154,20.6202903605822,0.0 -103.198316269825,20.6203078766464,0.0 -103.198367313688,20.6203247170662,0.0 -103.198418604603,20.620340878496,0.0 -103.198470132378,20.6203563577251,0.0 -103.198521886778,20.620371151678,0.0 -103.198573857522,20.6203852574158,0.0 -103.198626034283,20.6203986721361,0.0 -103.198678406696,20.6204113931737,0.0 -103.198730964357,20.6204234180013,0.0 -103.198783696825,20.6204347442299,0.0 -103.198836593622,20.6204453696095,0.0 -103.198889644241,20.6204552920288,0.0 -103.198942838142,20.6204645095168,0.0 -103.198996164757,20.620473020242,0.0 -103.199049613492,20.6204808225138,0.0 -103.199103173728,20.6204879147818,0.0 -103.199156834825,20.6204942956371,0.0 -103.199210586122,20.620499963812,0.0 -103.19926441694,20.6205049181803,0.0 -103.199318316586,20.6205091577577,0.0 -103.19937227435,20.6205126817019,0.0 -103.199426279513,20.6205154893127,0.0 -103.199480321347,20.6205175800323,0.0 -103.199498966514,20.6205181351587,0.0 -103.199517614261,20.6205186073172,0.0 -103.199536264115,20.6205189988681,0.0 -103.199554915638,20.6205193121744,0.0 -103.199573568426,20.620519549601,0.0 -103.199592222108,20.6205197135148,0.0 -103.199610876343,20.6205198062845,0.0 -103.199629530821,20.6205198302798,0.0 -103.199648185264,20.620519787872,0.0 -103.19966683942,20.6205196814331,0.0 -103.199685493064,20.6205195133358,0.0 -103.199704146,20.6205192859534,0.0 -103.199722798056,20.6205190016597,0.0 -103.199741449086,20.6205186628288,0.0 -103.199760098964,20.6205182718347,0.0 -103.199778747591,20.6205178310517,0.0 -103.199797394885,20.6205173428537,0.0 -103.199816040789,20.6205168096149,0.0 -103.199834685261,20.6205162337087,0.0 -103.199853328281,20.6205156175088,0.0 -103.199871969843,20.620514963388,0.0 -103.19989060996,20.6205142737192,0.0 -103.19990924866,20.6205135508745,0.0 -103.199927885983,20.620512797226,0.0 -103.199946521985,20.6205120151449,0.0 -103.199965156733,20.6205112070024,0.0 -103.199983790305,20.6205103751689,0.0 -103.20000242279,20.6205095220147,0.0 -103.200021054285,20.6205086499096,0.0 -103.200039684897,20.620507761223,0.0 -103.200058314738,20.6205068583241,0.0 -103.200076943927,20.6205059435816,0.0 -103.200095572588,20.6205050193642,0.0 -103.200114200851,20.6205040880404,0.0 -103.200132828845,20.6205031519782,0.0 -103.200151456705,20.6205022135459,0.0 -103.213628900955,20.6198224299626,0.0 -103.213647324034,20.6198214997864,0.0 -103.213665747041,20.6198205683254,0.0 -103.2136841699,20.6198196342966,0.0 -103.213702592539,20.6198186964172,0.0 -103.213721014882,20.6198177534044,0.0 -103.213739436854,20.6198168039756,0.0 -103.213757858376,20.619815846848,0.0 -103.213776279369,20.619814880739,0.0 -103.213794699751,20.6198139043664,0.0 -103.213813119439,20.6198129164476,0.0 -103.213831538346,20.6198119157007,0.0 -103.213849956381,20.6198109008435,0.0 -103.213868373452,20.6198098705943,0.0 -103.213986322898,20.6198028769877,0.0 -103.214104224346,20.6197951994679,0.0 -103.214222073324,20.6197868383263,0.0 -103.214339865358,20.6197777938798,0.0 -103.214457595978,20.6197680664718,0.0 -103.214575260716,20.6197576564713,0.0 -103.214692855106,20.6197465642731,0.0 -103.214810374686,20.6197347902982,0.0 -103.214927814996,20.6197223349933,0.0 -103.215045171578,20.6197091988309,0.0 -103.215162439978,20.6196953823095,0.0 -103.215279615747,20.6196808859533,0.0 -103.215396694437,20.6196657103123,0.0 -103.215513671606,20.6196498559624,0.0 -103.215630542812,20.6196333235051,0.0 -103.215747303622,20.6196161135678,0.0 -103.215863949604,20.6195982268034,0.0 -103.215980476331,20.6195796638908,0.0 -103.215998656265,20.6195767052822,0.0 -103.216016833403,20.6195737314813,0.0 -103.216035007963,20.6195707437559,0.0 -103.216053180171,20.6195677433736,0.0 -103.216071350253,20.6195647316012,0.0 -103.216089518439,20.6195617097051,0.0 -103.21610768496,20.6195586789515,0.0 -103.216125850049,20.619555640606,0.0 -103.216144013944,20.6195525959342,0.0 -103.21616217688,20.6195495462011,0.0 -103.216180339097,20.6195464926718,0.0 -103.216198500832,20.6195434366112,0.0 -103.216216662328,20.6195403792839,0.0 -103.238617572928,20.6157675467051,0.0 -103.238635999464,20.6157644420774,0.0 -103.238654426129,20.6157613381356,0.0 -103.238672853056,20.6157582355678,0.0 -103.238691280374,20.6157551350622,0.0 -103.238709708213,20.6157520373067,0.0 -103.238728136704,20.6157489429897,0.0 -103.238746565976,20.6157458527992,0.0 -103.238764996158,20.6157427674237,0.0 -103.238783427378,20.6157396875516,0.0 -103.238801859764,20.6157366138714,0.0 -103.238820293443,20.6157335470717,0.0 -103.23883872854,20.6157304878415,0.0 -103.238857165181,20.6157274368696,0.0 -103.238875603489,20.6157243948453,0.0 -103.238894043588,20.6157213624579,0.0 -103.2389124856,20.6157183403968,0.0 -103.238930929643,20.6157153293519,0.0 -103.238949375838,20.615712330013,0.0 -103.238967824302,20.6157093430704,0.0 -103.238986275151,20.6157063692146,0.0 -103.239004728499,20.6157034091362,0.0 -103.239023184458,20.6157004635262,0.0 -103.23904164314,20.6156975330759,0.0 -103.239060104652,20.6156946184768,0.0 -103.239078569102,20.6156917204208,0.0 -103.239097036594,20.6156888396001,0.0 -103.23911550723,20.6156859767071,0.0 -103.239133981112,20.6156831324347,0.0 -103.239152458336,20.615680307476,0.0 -103.239170938999,20.6156775025246,0.0 -103.239189423192,20.6156747182743,0.0 -103.239207911007,20.6156719554195,0.0 -103.23922640253,20.6156692146546,0.0 -103.239244897847,20.6156664966747,0.0 -103.239263397039,20.6156638021753,0.0 -103.239281900186,20.615661131852,0.0 -103.239300407362,20.615658486401,0.0 -103.239318918641,20.6156558665189,0.0 -103.239337434092,20.6156532729028,0.0 -103.239355953781,20.6156507062499,0.0 -103.239374477771,20.615648167258,0.0 -103.23946540709,20.6156361228584,0.0 -103.239556435545,20.6156247616221,0.0 -103.239647557346,20.6156140842721,0.0 -103.239738766697,20.6156040914874,0.0 -103.239830057796,20.6155947839039,0.0 -103.239921424837,20.6155861621135,0.0 -103.240012862008,20.6155782266649,0.0 -103.240104363493,20.6155709780629,0.0 -103.240195923473,20.6155644167685,0.0 -103.240287536123,20.6155585431993,0.0 -103.240379195616,20.6155533577288,0.0 -103.240470896122,20.6155488606871,0.0 -103.240562631808,20.6155450523603,0.0 -103.24065439684,20.6155419329906,0.0 -103.240746185381,20.6155395027767,0.0 -103.240837991591,20.6155377618731,0.0 -103.240929809633,20.6155367103906,0.0 -103.241021633665,20.6155363483963,0.0 -103.241113457847,20.6155366759133,0.0 -103.241205276339,20.6155376929208,0.0 -103.241297083299,20.6155393993542,0.0 -103.24138887289,20.6155417951051,0.0 -103.241480639271,20.6155448800212,0.0 -103.241572376607,20.6155486539063,0.0 -103.241664079062,20.6155531165205,0.0 -103.241755740804,20.61555826758,0.0 -103.241774421259,20.6155594019968,0.0 -103.241793099779,20.6155605643102,0.0 -103.241811776369,20.6155617538198,0.0 -103.241830451033,20.6155629698256,0.0 -103.241849123783,20.6155642116276,0.0 -103.241867794631,20.615565478526,0.0 -103.241886463594,20.6155667698211,0.0 -103.241905130691,20.6155680848134,0.0 -103.241923795945,20.6155694228036,0.0 -103.241942459381,20.6155707830926,0.0 -103.241961121026,20.6155721649814,0.0 -103.241979780913,20.6155735677712,0.0 -103.241998439075,20.6155749907632,0.0 -103.242017095547,20.615576433259,0.0 -103.242035750369,20.6155778945604,0.0 -103.242054403581,20.6155793739691,0.0 -103.242073055226,20.6155808707872,0.0 -103.24209170535,20.6155823843167,0.0 -103.242110354001,20.6155839138601,0.0 -103.242129001227,20.6155854587198,0.0 -103.242147647082,20.6155870181985,0.0 -103.242166291617,20.6155885915988,0.0 -103.242184934888,20.6155901782237,0.0 -103.242203576952,20.6155917773762,0.0 -103.242222217867,20.6155933883594,0.0 -103.242240857694,20.6155950104768,0.0 -103.242259496492,20.6155966430316,0.0 -103.242278134326,20.6155982853275,0.0 -103.242296771258,20.6155999366679,0.0 -103.242315407354,20.6156015963566,0.0 -103.24233404268,20.6156032636975,0.0 -103.242352677303,20.6156049379945,0.0 -103.24237131129,20.6156066185514,0.0 -103.242389944711,20.6156083046724,0.0 -103.242408577635,20.6156099956616,0.0 -103.242427210131,20.615611690823,0.0 -103.24244584227,20.615613389461,0.0 -103.242464474123,20.6156150908798,0.0 -103.242483105762,20.6156167943837,0.0 -103.242501737258,20.6156184992769,0.0 -103.242520368683,20.6156202048638,0.0 -103.251448698263,20.6164373580615,0.0 -103.251467454712,20.6164390742979,0.0 -103.251486211118,20.6164407909452,0.0 -103.25150496744,20.6164425084164,0.0 -103.251523723634,20.6164442271243,0.0 -103.251542479658,20.616445947482,0.0 -103.251561235468,20.6164476699024,0.0 -103.251579991023,20.6164493947983,0.0 -103.251598746278,20.6164511225826,0.0 -103.251617501189,20.6164528536682,0.0 -103.251636255714,20.6164545884679,0.0 -103.251655009809,20.6164563273946,0.0 -103.251673763428,20.616458070861,0.0 -103.251692516527,20.6164598192799,0.0 -103.251711269061,20.6164615730639,0.0 -103.251730020985,20.6164633326259,0.0 -103.251748772253,20.6164650983784,0.0 -103.251767522819,20.616466870734,0.0 -103.251786272635,20.6164686501052,0.0 -103.251805021655,20.6164704369047,0.0 -103.25182376983,20.6164722315447,0.0 -103.251842517112,20.6164740344377,0.0 -103.251861263453,20.6164758459961,0.0 -103.251880008801,20.616477666632,0.0 -103.251898753107,20.6164794967577,0.0 -103.25191749632,20.6164813367853,0.0 -103.251936238388,20.6164831871268,0.0 -103.251954979258,20.6164850481943,0.0 -103.251973718877,20.6164869203995,0.0 -103.252092950375,20.6164991056335,0.0 -103.252212126931,20.616511758447,0.0 -103.252331246479,20.6165248786205,0.0 -103.25245030695,20.6165384659264,0.0 -103.252569306278,20.6165525201288,0.0 -103.252688242398,20.6165670409841,0.0 -103.252807113245,20.6165820282402,0.0 -103.252925916757,20.6165974816372,0.0 -103.253044650871,20.6166134009068,0.0 -103.253163313528,20.616629785773,0.0 -103.253181952293,20.6166324025566,0.0 -103.253200589301,20.6166350304171,0.0 -103.253219224609,20.6166376689433,0.0 -103.253237858276,20.6166403177239,0.0 -103.253256490363,20.6166429763479,0.0 -103.253275120928,20.6166456444043,0.0 -103.253293750034,20.616648321482,0.0 -103.253312377743,20.6166510071704,0.0 -103.253331004116,20.6166537010586,0.0 -103.253349629216,20.6166564027361,0.0 -103.253368253108,20.6166591117923,0.0 -103.253386875856,20.6166618278167,0.0 -103.253405497523,20.616664550399,0.0 -103.253424118176,20.6166672791287,0.0 -103.25344273788,20.6166700135956,0.0 -103.253461356701,20.6166727533896,0.0 -103.253479974706,20.6166754981004,0.0 -103.25349859196,20.616678247318,0.0 -103.253517208533,20.6166810006323,0.0 -103.25353582449,20.6166837576334,0.0 -103.2535544399,20.6166865179113,0.0 -103.25357305483,20.616689281056,0.0 -103.25359166935,20.6166920466577,0.0 -103.253610283527,20.6166948143064,0.0 -103.253628897429,20.6166975835925,0.0 -103.253647511126,20.616700354106,0.0 -103.253666124686,20.6167031254371,0.0 -103.253684738178,20.6167058971761,0.0 -103.267706927258,20.6187934052064,0.0 -103.267725592632,20.6187961832404,0.0 -103.267744257934,20.6187989617096,0.0 -103.26776292309,20.6188017410508,0.0 -103.267781588026,20.6188045217012,0.0 -103.267800252669,20.6188073040977,0.0 -103.267818916946,20.6188100886773,0.0 -103.267837580782,20.6188128758769,0.0 -103.267856244102,20.6188156661335,0.0 -103.267874906834,20.618818459884,0.0 -103.267893568902,20.6188212575653,0.0 -103.267912230231,20.618824059614,0.0 -103.267930890746,20.6188268664671,0.0 -103.267949550371,20.6188296785611,0.0 -103.267968209031,20.6188324963327,0.0 -103.267986866648,20.6188353202185,0.0 -103.268005523145,20.6188381506549,0.0 -103.268024178446,20.6188409880784,0.0 -103.268042832471,20.6188438329252,0.0 -103.268061485143,20.6188466856317,0.0 -103.268080136382,20.6188495466339,0.0 -103.268098786108,20.6188524163679,0.0 -103.26811743424,20.6188552952696,0.0 -103.268136080697,20.6188581837747,0.0 -103.268154725397,20.6188610823191,0.0 -103.268173368257,20.6188639913383,0.0 -103.268192009193,20.6188669112676,0.0 -103.268210648121,20.6188698425424,0.0 -103.268229284954,20.6188727855978,0.0 -103.268247919607,20.6188757408689,0.0 -103.268266551992,20.6188787087904,0.0 -103.268285182021,20.618881689797,0.0 -103.268303809604,20.6188846843232,0.0 -103.26832243465,20.6188876928033,0.0 -103.268341057068,20.6188907156715,0.0 -103.268359676766,20.6188937533616,0.0 -103.268378293649,20.6188968063074,0.0 -103.268396907622,20.6188998749425,0.0 -103.268415518589,20.6189029597001,0.0 -103.268434126452,20.6189060610133,0.0 -103.268452731112,20.618909179315,0.0 -103.268471332469,20.6189123150377,0.0 -103.26848993042,20.6189154686139,0.0 -103.268508524864,20.6189186404755,0.0 -103.268527115695,20.6189218310545,0.0 -103.268545702807,20.6189250407825,0.0 -103.268564286093,20.6189282700906,0.0 -103.268582865444,20.6189315194098,0.0 -103.268601440749,20.6189347891709,0.0 -103.268620011896,20.6189380798042,0.0 -103.26863857877,20.6189413917397,0.0 -103.268657141256,20.6189447254072,0.0 -103.268675699237,20.618948081236,0.0 -103.268694252594,20.6189514596552,0.0 -103.268712801206,20.6189548610933,0.0 -103.26873134495,20.6189582859787,0.0 -103.268749883702,20.6189617347393,0.0 -103.268768417334,20.6189652078025,0.0 -103.26878694572,20.6189687055955,0.0 -103.268805468728,20.618972228545,0.0 -103.268823986227,20.6189757770771,0.0 -103.268842498081,20.6189793516177,0.0 -103.268861004156,20.6189829525922,0.0 -103.268879504311,20.6189865804254,0.0 -103.268897998408,20.6189902355417,0.0 -103.268916486302,20.6189939183651,0.0 -103.26893496785,20.6189976293189,0.0 -103.269022347085,20.619015579078,0.0 -103.2691095756,20.6190341673091,0.0 -103.269196648132,20.6190533928906,0.0 -103.269283559427,20.6190732546628,0.0 -103.269370304242,20.6190937514272,0.0 -103.269456877343,20.6191148819473,0.0 -103.269543273505,20.6191366449484,0.0 -103.269629487518,20.6191590391172,0.0 -103.269715514177,20.6191820631029,0.0 -103.269801348294,20.6192057155162,0.0 -103.269886984689,20.6192299949303,0.0 -103.269972418196,20.6192548998802,0.0 -103.270057643658,20.6192804288635,0.0 -103.270142655935,20.6193065803397,0.0 -103.270160590842,20.6193121854518,0.0 -103.270178516102,20.6193178178503,0.0 -103.27019643182,20.619323477101,0.0 -103.270214338098,20.6193291627704,0.0 -103.270232235045,20.6193348744254,0.0 -103.270250122769,20.6193406116337,0.0 -103.270268001381,20.6193463739634,0.0 -103.270285870995,20.6193521609834,0.0 -103.270303731725,20.6193579722629,0.0 -103.270321583689,20.619363807372,0.0 -103.270339427005,20.619369665881,0.0 -103.270357261794,20.619375547361,0.0 -103.270375088179,20.6193814513838,0.0 -103.270392906284,20.6193873775213,0.0 -103.270410716235,20.6193933253463,0.0 -103.270428518161,20.6193992944321,0.0 -103.27044631219,20.6194052843524,0.0 -103.270464098454,20.6194112946815,0.0 -103.270481877086,20.6194173249943,0.0 -103.270499648221,20.619423374866,0.0 -103.270517411994,20.6194294438724,0.0 -103.270535168543,20.6194355315899,0.0 -103.270552918007,20.6194416375953,0.0 -103.270570660527,20.6194477614657,0.0 -103.270588396245,20.619453902779,0.0 -103.270606125303,20.6194600611134,0.0 -103.270623847847,20.6194662360474,0.0 -103.270641564023,20.6194724271602,0.0 -103.270659273978,20.6194786340313,0.0 -103.27067697786,20.6194848562406,0.0 -103.27069467582,20.6194910933685,0.0 -103.270712368008,20.6194973449957,0.0 -103.270730054576,20.6195036107034,0.0 -103.270747735678,20.6195098900731,0.0 -103.270765411467,20.6195161826868,0.0 -103.2707830821,20.6195224881266,0.0 -103.270800747733,20.6195288059753,0.0 -103.270818408523,20.6195351358158,0.0 -103.270836064628,20.6195414772314,0.0 -103.270853716208,20.6195478298057,0.0 -103.270871363423,20.6195541931228,0.0 -103.270889006434,20.6195605667667,0.0 -103.270906645403,20.6195669503222,0.0 -103.270924280491,20.6195733433739,0.0 -103.270941911863,20.619579745507,0.0 -103.270959539683,20.6195861563069,0.0 -103.270977164116,20.6195925753591,0.0 -103.270994785326,20.6195990022494,0.0 -103.27101240348,20.6196054365639,0.0 -103.271030018745,20.6196118778889,0.0 -103.271047631288,20.6196183258109,0.0 -103.271065241276,20.6196247799164,0.0 -103.271082848877,20.6196312397924,0.0 -103.271100454261,20.6196377050258,0.0 -103.271118057597,20.6196441752038,0.0 -103.271135659053,20.6196506499137,0.0 -103.2711532588,20.619657128743,0.0 -103.271170857007,20.6196636112791,0.0 -103.271188453847,20.6196700971098,0.0 -103.271206049488,20.6196765858228,0.0 -103.271223644102,20.619683077006,0.0 -103.27124123786,20.6196895702473,0.0 -103.271258830934,20.6196960651346,0.0 -103.271276423494,20.619702561256,0.0 -103.271294015713,20.6197090581995,0.0 -103.271311607762,20.6197155555532,0.0 -103.276030053124,20.6214581797127,0.0 -103.276047597221,20.6214646588954,0.0 -103.276065141159,20.6214711384626,0.0 -103.276082684777,20.6214776188006,0.0 -103.276100227913,20.6214841002956,0.0 -103.276117770407,20.6214905833337,0.0 -103.276135312097,20.6214970683011,0.0 -103.276152852823,20.6215035555839,0.0 -103.276170392421,20.6215100455681,0.0 -103.276187930732,20.6215165386396,0.0 -103.276205467592,20.6215230351842,0.0 -103.276223002839,20.6215295355878,0.0 -103.276240536312,20.6215360402359,0.0 -103.276258067846,20.6215425495142,0.0 -103.27627559728,20.6215490638079,0.0 -103.276293124449,20.6215555835025,0.0 -103.276310649189,20.6215621089829,0.0 -103.276328171336,20.6215686406342,0.0 -103.276345690726,20.6215751788411,0.0 -103.276363207192,20.6215817239882,0.0 -103.27638072057,20.62158827646,0.0 -103.276398230692,20.6215948366406,0.0 -103.276415737391,20.621601404914,0.0 -103.276433240501,20.621607981664,0.0 -103.276450739853,20.6216145672741,0.0 -103.276468235277,20.6216211621275,0.0 -103.276485726605,20.6216277666072,0.0 -103.276503213666,20.6216343810961,0.0 -103.27652069629,20.6216410059764,0.0 -103.276621401214,20.621679410941,0.0 -103.276721951482,20.6217181734779,0.0 -103.276822345661,20.6217572930351,0.0 -103.27692258232,20.6217967690553,0.0 -103.276939952011,20.6218036522431,0.0 -103.276957317085,20.6218105457526,0.0 -103.276974677705,20.6218174491989,0.0 -103.276992034037,20.6218243621974,0.0 -103.277009386247,20.6218312843636,0.0 -103.277026734502,20.6218382153134,0.0 -103.277044078969,20.6218451546631,0.0 -103.277061419815,20.621852102029,0.0 -103.27707875721,20.6218590570278,0.0 -103.277096091323,20.6218660192762,0.0 -103.277113422323,20.6218729883915,0.0 -103.277130750381,20.6218799639909,0.0 -103.277148075667,20.6218869456919,0.0 -103.277165398353,20.6218939331121,0.0 -103.277182718609,20.6219009258694,0.0 -103.277200036609,20.6219079235817,0.0 -103.277217352523,20.6219149258673,0.0 -103.277234666526,20.6219219323443,0.0 -103.277251978789,20.6219289426312,0.0 -103.277269289487,20.6219359563466,0.0 -103.277286598793,20.621942973109,0.0 -103.277303906879,20.6219499925372,0.0 -103.277321213922,20.6219570142499,0.0 -103.277338520093,20.621964037866,0.0 -103.277355825569,20.6219710630044,0.0 -103.277373130523,20.6219780892842,0.0 -103.277390435129,20.6219851163243,0.0 -103.277407739563,20.6219921437437,0.0 -103.284865220362,20.6250204816596,0.0 -103.28488200106,20.6250272956023,0.0 -103.284898781496,20.6250341101165,0.0 -103.284915561409,20.6250409257756,0.0 -103.284932340536,20.6250477431524,0.0 -103.284949118613,20.6250545628201,0.0 -103.284965895377,20.6250613853516,0.0 -103.284982670565,20.6250682113195,0.0 -103.284999443912,20.6250750412965,0.0 -103.285016215155,20.625081875855,0.0 -103.285032984027,20.6250887155672,0.0 -103.285049750265,20.625095561005,0.0 -103.2850665136,20.6251024127401,0.0 -103.285083273767,20.6251092713439,0.0 -103.285100030498,20.6251161373874,0.0 -103.285116783523,20.6251230114413,0.0 -103.285133532574,20.625129894076,0.0 -103.28515027738,20.6251367858613,0.0 -103.285167017668,20.6251436873667,0.0 -103.285183753168,20.6251505991613,0.0 -103.285200483604,20.6251575218134,0.0 -103.285217208701,20.6251644558912,0.0 -103.285331673262,20.6252122964534,0.0 -103.285445871012,20.6252606989367,0.0 -103.285559798838,20.6253096620221,0.0 -103.285673453635,20.6253591843753,0.0 -103.285786832306,20.625409264647,0.0 -103.285899931761,20.6254599014724,0.0 -103.286012748917,20.6255110934718,0.0 -103.2861252807,20.6255628392501,0.0 -103.286237524042,20.6256151373973,0.0 -103.286349475886,20.6256679864883,0.0 -103.286461133178,20.6257213850829,0.0 -103.286572492877,20.6257753317261,0.0 -103.286683551947,20.6258298249477,0.0 -103.286794307361,20.625884863263,0.0 -103.286904756101,20.6259404451719,0.0 -103.287014895156,20.62599656916,0.0 -103.287124721525,20.6260532336979,0.0 -103.287234232214,20.6261104372414,0.0 -103.287343424238,20.6261681782317,0.0 -103.287452294622,20.6262264550953,0.0 -103.287468154309,20.6262350036529,0.0 -103.287484007404,20.6262435630409,0.0 -103.287499854231,20.6262521327137,0.0 -103.28751569511,20.626260712126,0.0 -103.287531530368,20.6262693007334,0.0 -103.28754736033,20.6262778979919,0.0 -103.28756318532,20.6262865033582,0.0 -103.287579005668,20.6262951162893,0.0 -103.287594821701,20.6263037362427,0.0 -103.287610633748,20.6263123626765,0.0 -103.287626442138,20.6263209950492,0.0 -103.287642247202,20.6263296328195,0.0 -103.287658049272,20.6263382754465,0.0 -103.287673848678,20.6263469223897,0.0 -103.287689645752,20.6263555731088,0.0 -103.287705440828,20.6263642270638,0.0 -103.287721234238,20.6263728837147,0.0 -103.287737026315,20.626381542522,0.0 -103.287752817393,20.6263902029462,0.0 -103.287768607805,20.6263988644476,0.0 -103.287784397886,20.6264075264871,0.0 -103.290759687778,20.6280396761916,0.0 -103.290776049645,20.6280486512877,0.0 -103.290792412275,20.6280576251514,0.0 -103.290808776431,20.6280665965519,0.0 -103.290825142873,20.6280755642577,0.0 -103.290841512361,20.628084527037,0.0 -103.290857885653,20.6280934836572,0.0 -103.290874263506,20.6281024328848,0.0 -103.290890646676,20.6281113734855,0.0 -103.290907035916,20.6281203042235,0.0 -103.290923431975,20.6281292238618,0.0 -103.290939835603,20.6281381311619,0.0 -103.290956247542,20.6281470248836,0.0 -103.290972668534,20.6281559037848,0.0 -103.290989099317,20.6281647666212,0.0 -103.291005540623,20.6281736121466,0.0 -103.291021993181,20.6281824391122,0.0 -103.291038457715,20.6281912462669,0.0 -103.291054934944,20.6282000323569,0.0 -103.291071425581,20.6282087961253,0.0 -103.291087930334,20.6282175363126,0.0 -103.291104449906,20.6282262516559,0.0 -103.29112098499,20.6282349408892,0.0 -103.291137536277,20.6282436027429,0.0 -103.291154104447,20.6282522359439,0.0 -103.291170690176,20.6282608392155,0.0 -103.291187294129,20.6282694112771,0.0 -103.291203916965,20.6282779508438,0.0 -103.291220559334,20.6282864566272,0.0 -103.291237221879,20.628294927334,0.0 -103.291253905231,20.6283033616669,0.0 -103.291270610014,20.6283117583241,0.0 -103.291287336841,20.628320115999,0.0 -103.291304086316,20.6283284333805,0.0 -103.291320859031,20.6283367091523,0.0 -103.291337655569,20.6283449419935,0.0 -103.2913544765,20.628353130578,0.0 -103.291371322385,20.6283612735746,0.0 -103.291388193772,20.6283693696466,0.0 -103.291449780461,20.6283984117584,0.0 -103.291511704142,20.628426811729,0.0 -103.291573957258,20.6284545660937,0.0 -103.291636532216,20.6284816714663,0.0 -103.291699421382,20.62850812454,0.0 -103.291762617082,20.6285339220873,0.0 -103.291826111609,20.6285590609611,0.0 -103.291889897214,20.6285835380942,0.0 -103.291953966117,20.6286073505003,0.0 -103.292018310501,20.6286304952744,0.0 -103.292082922517,20.6286529695927,0.0 -103.292147794282,20.6286747707133,0.0 -103.292212917881,20.6286958959763,0.0 -103.29227828537,20.6287163428044,0.0 -103.292343888773,20.6287361087031,0.0 -103.292409720088,20.6287551912607,0.0 -103.292475771283,20.6287735881493,0.0 -103.2925420343,20.6287912971242,0.0 -103.292608501055,20.6288083160249,0.0 -103.292675163438,20.628824642775,0.0 -103.292742013317,20.6288402753826,0.0 -103.292809042537,20.6288552119404,0.0 -103.292876242919,20.6288694506262,0.0 -103.292943606265,20.6288829897026,0.0 -103.293011124358,20.6288958275179,0.0 -103.293078788959,20.6289079625057,0.0 -103.293146591814,20.6289193931856,0.0 -103.29321452465,20.6289301181629,0.0 -103.29328257918,20.628940136129,0.0 -103.293350747101,20.6289494458617,0.0 -103.293419020096,20.6289580462251,0.0 -103.293487389837,20.62896593617,0.0 -103.293555847981,20.6289731147336,0.0 -103.293624386177,20.6289795810402,0.0 -103.293692996064,20.6289853343006,0.0 -103.29376166927,20.6289903738131,0.0 -103.293830397417,20.6289946989626,0.0 -103.293899172121,20.6289983092214,0.0 -103.293967984991,20.6290012041491,0.0 -103.294036827632,20.6290033833922,0.0 -103.294105691644,20.629004846685,0.0 -103.294174568626,20.6290055938489,0.0 -103.294243450176,20.6290056247925,0.0 -103.294312327889,20.6290049395121,0.0 -103.294381193362,20.6290035380912,0.0 -103.294450038193,20.6290014207006,0.0 -103.294518853984,20.6289985875988,0.0 -103.294587632339,20.6289950391311,0.0 -103.294656364866,20.6289907757306,0.0 -103.29472504318,20.6289857979172,0.0 -103.294793658903,20.6289801062982,0.0 -103.294862203662,20.6289737015679,0.0 -103.294930669096,20.6289665845076,0.0 -103.294999046851,20.6289587559856,0.0 -103.295067328586,20.6289502169569,0.0 -103.295135505969,20.6289409684632,0.0 -103.295203570684,20.6289310116327,0.0 -103.295271514425,20.6289203476801,0.0 -103.295339328905,20.6289089779064,0.0 -103.295407005848,20.6288969036987,0.0 -103.295474537,20.62888412653,0.0 -103.29554191412,20.6288706479589,0.0 -103.295609128989,20.6288564696299,0.0 -103.295676173407,20.6288415932727,0.0 -103.295743039193,20.6288260207021,0.0 -103.295809718191,20.6288097538179,0.0 -103.295876202265,20.6287927946048,0.0 -103.295942483305,20.6287751451316,0.0 -103.296008553223,20.6287568075515,0.0 -103.29607440396,20.6287377841017,0.0 -103.296140027481,20.628718077103,0.0 -103.296205415781,20.6286976889597,0.0 -103.29622335004,20.6286919650623,0.0 -103.296241266245,20.6286861912716,0.0 -103.296259164731,20.6286803689842,0.0 -103.29627704585,20.6286744995936,0.0 -103.296294909964,20.6286685844894,0.0 -103.296312757446,20.6286626250578,0.0 -103.296330588682,20.6286566226815,0.0 -103.296348404069,20.6286505787401,0.0 -103.296366204013,20.6286444946094,0.0 -103.296383988932,20.6286383716624,0.0 -103.296401759254,20.6286322112687,0.0 -103.296419515415,20.6286260147947,0.0 -103.296437257863,20.6286197836041,0.0 -103.296454987051,20.6286135190572,0.0 -103.296472703444,20.6286072225119,0.0 -103.296490407513,20.628600895323,0.0 -103.29650809974,20.6285945388428,0.0 -103.296525780609,20.6285881544209,0.0 -103.296543450617,20.6285817434046,0.0 -103.296561110265,20.6285753071385,0.0 -103.296578760059,20.6285688469653,0.0 -103.296596400514,20.6285623642253,0.0 -103.296614032149,20.6285558602567,0.0 -103.29663165549,20.6285493363959,0.0 -103.296649271066,20.6285427939773,0.0 -103.296666879412,20.6285362343338,0.0 -103.296684481068,20.6285296587963,0.0 -103.296702076576,20.6285230686947,0.0 -103.296719666483,20.6285164653571,0.0 -103.29673725134,20.6285098501106,0.0 -103.2967548317,20.628503224281,0.0 -103.29677240812,20.6284965891931,0.0 -103.296789981157,20.6284899461711,0.0 -103.296807551371,20.6284832965381,0.0 -103.296825119326,20.6284766416167,0.0 -103.296842685585,20.6284699827289,0.0 -103.296860250711,20.6284633211964,0.0 -103.296877815271,20.6284566583408,0.0 -103.307993076829,20.624239598167,0.0 -103.308010300507,20.6242330629863,0.0 -103.308027524473,20.6242265284787,0.0 -103.308044749015,20.6242199953192,0.0 -103.308061974422,20.6242134641828,0.0 -103.308079200983,20.6242069357445,0.0 -103.308096428985,20.6242004106798,0.0 -103.308113658716,20.624193889664,0.0 -103.308130890463,20.6241873733728,0.0 -103.308148124513,20.624180862482,0.0 -103.308165361151,20.6241743576678,0.0 -103.308182600662,20.6241678596067,0.0 -103.30819984333,20.6241613689753,0.0 -103.308217089438,20.624154886451,0.0 -103.308234339268,20.6241484127112,0.0 -103.308251593101,20.6241419484339,0.0 -103.308268851216,20.6241354942976,0.0 -103.308286113892,20.6241290509812,0.0 -103.308303381405,20.6241226191644,0.0 -103.30832065403,20.624116199527,0.0 -103.308337932041,20.6241097927497,0.0 -103.30835521571,20.6241033995139,0.0 -103.308372505307,20.6240970205014,0.0 -103.3083898011,20.6240906563949,0.0 -103.308407103355,20.6240843078777,0.0 -103.308424412337,20.6240779756338,0.0 -103.308441728307,20.6240716603482,0.0 -103.308459051525,20.6240653627065,0.0 -103.308476382249,20.6240590833951,0.0 -103.308493720733,20.6240528231014,0.0 -103.308511067229,20.6240465825137,0.0 -103.308528421988,20.6240403623211,0.0 -103.308624089039,20.6240065051264,0.0 -103.308720009034,20.6239732883239,0.0 -103.308816177135,20.6239407135883,0.0 -103.308912588495,20.6239087825622,0.0 -103.309009238253,20.6238774968555,0.0 -103.309106121534,20.6238468580459,0.0 -103.309203233455,20.623816867678,0.0 -103.309300569118,20.6237875272642,0.0 -103.309398123617,20.6237588382839,0.0 -103.309495892032,20.6237308021835,0.0 -103.309593869435,20.6237034203769,0.0 -103.309692050884,20.6236766942445,0.0 -103.30979043143,20.623650625134,0.0 -103.309889006112,20.6236252143599,0.0 -103.30998776996,20.6236004632035,0.0 -103.310086717995,20.6235763729128,0.0 -103.310185845228,20.6235529447025,0.0 -103.310285146661,20.6235301797538,0.0 -103.310384617286,20.6235080792148,0.0 -103.31048425209,20.6234866441997,0.0 -103.310584046047,20.6234658757895,0.0 -103.310683994128,20.6234457750312,0.0 -103.310784091291,20.6234263429386,0.0 -103.310884332492,20.6234075804913,0.0 -103.310984712674,20.6233894886355,0.0 -103.311085226779,20.6233720682835,0.0 -103.311185869736,20.6233553203136,0.0 -103.311286636473,20.6233392455704,0.0 -103.311387521909,20.6233238448644,0.0 -103.311488520957,20.6233091189722,0.0 -103.311589628524,20.6232950686364,0.0 -103.311690839514,20.6232816945655,0.0 -103.311792148823,20.6232689974339,0.0 -103.311893551343,20.6232569778818,0.0 -103.311995041962,20.6232456365153,0.0 -103.312096615563,20.6232349739064,0.0 -103.312198267024,20.6232249905928,0.0 -103.31229999122,20.6232156870779,0.0 -103.312401783023,20.6232070638308,0.0 -103.3125036373,20.6231991212864,0.0 -103.312605548916,20.6231918598454,0.0 -103.312707512733,20.6231852798738,0.0 -103.312809523609,20.6231793817036,0.0 -103.312911576402,20.6231741656322,0.0 -103.313013665966,20.6231696319227,0.0 -103.313115787153,20.6231657808038,0.0 -103.313217934816,20.6231626124697,0.0 -103.313320103804,20.6231601270803,0.0 -103.313422288965,20.623158324761,0.0 -103.313524485148,20.6231572056028,0.0 -103.3136266872,20.6231567696621,0.0 -103.313728889968,20.6231570169611,0.0 -103.313831088299,20.6231579474874,0.0 -103.313933277041,20.6231595611941,0.0 -103.314035451041,20.623161858,0.0 -103.314137605147,20.6231648377894,0.0 -103.31423973421,20.6231685004122,0.0 -103.314341833079,20.6231728456837,0.0 -103.314443896608,20.6231778733849,0.0 -103.314545919651,20.6231835832626,0.0 -103.314564452009,20.6231846938115,0.0 -103.31458298288,20.6231858261439,0.0 -103.314601512286,20.6231869795317,0.0 -103.314620040252,20.6231881532474,0.0 -103.314638566806,20.6231893465634,0.0 -103.314657091978,20.6231905587522,0.0 -103.3146756158,20.6231917890865,0.0 -103.314694138309,20.6231930368392,0.0 -103.31471265954,20.6231943012833,0.0 -103.314731179534,20.6231955816918,0.0 -103.314749698333,20.6231968773381,0.0 -103.314768215981,20.6231981874955,0.0 -103.314786732523,20.6231995114375,0.0 -103.314805248006,20.6232008484378,0.0 -103.31482376248,20.6232021977701,0.0 -103.314842275996,20.6232035587082,0.0 -103.314860788607,20.6232049305262,0.0 -103.314879300366,20.623206312498,0.0 -103.314897811328,20.6232077038978,0.0 -103.314916321551,20.623209104,0.0 -103.314934831091,20.6232105120788,0.0 -103.314953340007,20.6232119274087,0.0 -103.31497184836,20.6232133492641,0.0 -103.314990356209,20.6232147769196,0.0 -103.315008863616,20.6232162096498,0.0 -103.315027370642,20.6232176467294,0.0 -103.315045877352,20.6232190874331,0.0 -103.315064383806,20.6232205310356,0.0 -103.31508289007,20.6232219768117,0.0 -103.315101396206,20.6232234240363,0.0 -103.315119902279,20.623224871984,0.0 -103.319664992204,20.6235804571833,0.0 -103.319682920058,20.6235818596965,0.0 -103.319700847824,20.6235832631968,0.0 -103.319718775417,20.6235846686731,0.0 -103.319736702746,20.6235860771143,0.0 -103.319754629726,20.6235874895094,0.0 -103.319772556265,20.623588906847,0.0 -103.319790482275,20.6235903301159,0.0 -103.319808407663,20.6235917603047,0.0 -103.319826332338,20.6235931984021,0.0 -103.319844256205,20.6235946453963,0.0 -103.319862179169,20.6235961022756,0.0 -103.319880101132,20.6235975700283,0.0 -103.319898021995,20.6235990496422,0.0 -103.319915941656,20.623600542105,0.0 -103.319933860011,20.6236020484045,0.0 -103.319951776953,20.6236035695278,0.0 -103.320070388663,20.6236140406991,0.0 -103.320188929058,20.6236252048468,0.0 -103.32030739357,20.6236370615407,0.0 -103.320425777636,20.6236496103242,0.0 -103.320544076694,20.6236628507138,0.0 -103.320662286185,20.6236767821994,0.0 -103.320780401555,20.6236914042445,0.0 -103.320898418254,20.6237067162857,0.0 -103.321016331733,20.6237227177331,0.0 -103.321134137449,20.6237394079703,0.0 -103.321251830863,20.6237567863544,0.0 -103.321369407441,20.6237748522158,0.0 -103.321486862651,20.6237936048585,0.0 -103.321604191969,20.6238130435602,0.0 -103.321721390874,20.6238331675719,0.0 -103.321838454849,20.6238539761183,0.0 -103.321955379384,20.6238754683978,0.0 -103.322072159974,20.6238976435824,0.0 -103.322188792119,20.6239205008178,0.0 -103.322305271325,20.6239440392233,0.0 -103.322322846816,20.6239476526357,0.0 -103.322340418929,20.6239512805876,0.0 -103.322357987876,20.623954922107,0.0 -103.322375553872,20.6239585762225,0.0 -103.322393117135,20.6239622419631,0.0 -103.322410677887,20.6239659183584,0.0 -103.322428236348,20.6239696044383,0.0 -103.322445792743,20.6239732992331,0.0 -103.322463347297,20.6239770017733,0.0 -103.322480900238,20.62398071109,0.0 -103.322498451794,20.6239844262142,0.0 -103.322516002194,20.6239881461776,0.0 -103.322533551668,20.6239918700115,0.0 -103.322551100448,20.6239955967479,0.0 -103.322568648765,20.6239993254187,0.0 -103.32258619685,20.6240030550556,0.0 -103.325930746611,20.6247138963188,0.0 -103.325948944689,20.6247177643003,0.0 -103.325967142213,20.6247216345933,0.0 -103.325985338628,20.624725509511,0.0 -103.326003533374,20.624729391366,0.0 -103.326021725892,20.6247332824703,0.0 -103.326039915616,20.6247371851353,0.0 -103.326058101976,20.6247411016711,0.0 -103.326076284397,20.6247450343865,0.0 -103.326094462295,20.6247489855888,0.0 -103.326112635081,20.6247529575836,0.0 -103.326130802153,20.6247569526746,0.0 -103.326148962903,20.6247609731632,0.0 -103.32616711671,20.6247650213482,0.0 -103.326185262941,20.6247690995258,0.0 -103.326203400952,20.6247732099893,0.0 -103.326221530083,20.6247773550287,0.0 -103.326239649659,20.6247815369302,0.0 -103.326257758992,20.6247857579767,0.0 -103.32633085478,20.6248032422108,0.0 -103.326403764581,20.624821401711,0.0 -103.326476481356,20.6248402347245,0.0 -103.326548998084,20.6248597394334,0.0 -103.326621307768,20.624879913955,0.0 -103.326693403425,20.6249007563419,0.0 -103.326765278097,20.6249222645821,0.0 -103.326836924846,20.6249444365997,0.0 -103.326908336755,20.6249672702543,0.0 -103.32697950693,20.6249907633418,0.0 -103.327050428502,20.6250149135946,0.0 -103.327121094624,20.6250397186815,0.0 -103.327191498475,20.6250651762081,0.0 -103.327261633258,20.6250912837169,0.0 -103.327331492203,20.6251180386879,0.0 -103.327401068567,20.6251454385385,0.0 -103.327470355632,20.6251734806238,0.0 -103.327539346711,20.6252021622368,0.0 -103.327608035143,20.6252314806091,0.0 -103.327676414297,20.6252614329105,0.0 -103.327744477574,20.6252920162497,0.0 -103.327812218402,20.6253232276746,0.0 -103.327879630241,20.6253550641724,0.0 -103.327946706585,20.6253875226698,0.0 -103.328013440958,20.6254206000336,0.0 -103.328079826918,20.625454293071,0.0 -103.328145858056,20.6254885985294,0.0 -103.328211527999,20.6255235130975,0.0 -103.328276830405,20.6255590334048,0.0 -103.328341758972,20.6255951560226,0.0 -103.328406307432,20.6256318774641,0.0 -103.328470469553,20.6256691941843,0.0 -103.328534239141,20.6257071025811,0.0 -103.32859761004,20.6257455989952,0.0 -103.328613223981,20.6257552117337,0.0 -103.328628814444,20.6257648581886,0.0 -103.328644382735,20.62577453633,0.0 -103.328659930174,20.6257842441365,0.0 -103.328675458095,20.6257939795943,0.0 -103.32869096784,20.6258037406972,0.0 -103.328706460767,20.6258135254457,0.0 -103.328721938242,20.6258233318465,0.0 -103.328737401639,20.6258331579126,0.0 -103.328752852342,20.6258430016618,0.0 -103.328768291743,20.6258528611171,0.0 -103.328783721241,20.6258627343055,0.0 -103.328799142239,20.6258726192581,0.0 -103.328814556146,20.625882514009,0.0 -103.328829964376,20.625892416595,0.0 -103.328845368347,20.6259023250551,0.0 -103.328860769476,20.62591223743,0.0 -103.328876169185,20.6259221517614,0.0 -103.333425883328,20.628851286236,0.0 -103.333441282867,20.6288612012695,0.0 -103.333456679157,20.6288711207756,0.0 -103.333472068941,20.6288810492255,0.0 -103.333487448955,20.6288909910845,0.0 -103.333502815921,20.6289009508095,0.0 -103.333518166544,20.6289109328458,0.0 -103.333533497506,20.6289209416248,0.0 -103.333548805464,20.6289309815603,0.0 -103.333564087043,20.628941057046,0.0 -103.333579338835,20.6289511724525,0.0 -103.333594557391,20.6289613321239,0.0 -103.333609739221,20.628971540375,0.0 -103.333624880787,20.6289818014882,0.0 -103.333639978497,20.6289921197097,0.0 -103.333655028707,20.629002499247,0.0 -103.333670027712,20.6290129442645,0.0 -103.333684971743,20.6290234588811,0.0 -103.333699856966,20.6290340471656,0.0 -103.33373865355,20.6290622236957,0.0 -103.333777009313,20.62909093012,0.0 -103.333814916092,20.6291201603273,0.0 -103.333852365814,20.6291499080948,0.0 -103.333889350509,20.6291801670894,0.0 -103.3339258623,20.6292109308692,0.0 -103.333961893415,20.6292421928851,0.0 -103.333997436184,20.6292739464815,0.0 -103.334032483038,20.6293061848984,0.0 -103.334067026517,20.6293389012727,0.0 -103.334101059266,20.6293720886391,0.0 -103.334134574039,20.6294057399325,0.0 -103.334167563701,20.6294398479887,0.0 -103.334200021228,20.6294744055465,0.0 -103.33423193971,20.6295094052488,0.0 -103.334263312352,20.6295448396444,0.0 -103.334294132474,20.6295807011897,0.0 -103.334324393514,20.6296169822499,0.0 -103.334354089029,20.6296536751012,0.0 -103.334383212697,20.6296907719318,0.0 -103.334411758318,20.6297282648442,0.0 -103.334439719814,20.6297661458563,0.0 -103.33446709123,20.6298044069035,0.0 -103.334493866741,20.6298430398404,0.0 -103.334520040644,20.6298820364421,0.0 -103.334545607368,20.6299213884065,0.0 -103.334570561469,20.629961087356,0.0 -103.334594897633,20.6300011248386,0.0 -103.334618610679,20.6300414923308,0.0 -103.334641695558,20.6300821812385,0.0 -103.334664147355,20.6301231828992,0.0 -103.33468596129,20.6301644885839,0.0 -103.334707132717,20.6302060894988,0.0 -103.33472765713,20.6302479767872,0.0 -103.334747530158,20.6302901415316,0.0 -103.334766747569,20.6303325747552,0.0 -103.334785305272,20.6303752674242,0.0 -103.334803199315,20.6304182104495,0.0 -103.334820425889,20.6304613946887,0.0 -103.334836981324,20.6305048109479,0.0 -103.334852862096,20.6305484499841,0.0 -103.334868064824,20.6305923025065,0.0 -103.334882586269,20.6306363591791,0.0 -103.334896423341,20.6306806106225,0.0 -103.334909573091,20.6307250474154,0.0 -103.334922032721,20.6307696600975,0.0 -103.334933799577,20.6308144391709,0.0 -103.334944871154,20.630859375102,0.0 -103.334955245092,20.6309044583242,0.0 -103.334964919184,20.6309496792394,0.0 -103.334973891369,20.6309950282199,0.0 -103.334982159736,20.6310404956111,0.0 -103.334985123457,20.6310578361078,0.0 -103.33498799049,20.6310751910071,0.0 -103.334990766451,20.6310925590253,0.0 -103.33499345697,20.6311099389578,0.0 -103.33499606769,20.6311273296744,0.0 -103.334998604269,20.6311447301138,0.0 -103.335001072373,20.6311621392796,0.0 -103.335003477679,20.6311795562349,0.0 -103.335005825871,20.6311969800972,0.0 -103.335008122642,20.631214410034,0.0 -103.33501037369,20.6312318452574,0.0 -103.33501258472,20.6312492850194,0.0 -103.33501476144,20.6312667286068,0.0 -103.335016909563,20.6312841753364,0.0 -103.335019034804,20.6313016245498,0.0 -103.335021142882,20.6313190756086,0.0 -103.335023239518,20.6313365278893,0.0 -103.335025330431,20.6313539807785,0.0 -103.335055166625,20.6316031387431,0.0 -103.335057257544,20.6316205916318,0.0 -103.335059354185,20.6316380439121,0.0 -103.33506146227,20.6316554949704,0.0 -103.335063587518,20.6316729441832,0.0 -103.335065735648,20.6316903909121,0.0 -103.335067912377,20.6317078344989,0.0 -103.335070123416,20.6317252742601,0.0 -103.335072374474,20.6317427094827,0.0 -103.335074671256,20.6317601394187,0.0 -103.335077019461,20.6317775632801,0.0 -103.335079424779,20.6317949802343,0.0 -103.335081892897,20.6318123893991,0.0 -103.335084429492,20.6318297898374,0.0 -103.335087040229,20.6318471805527,0.0 -103.335089730765,20.6318645604839,0.0 -103.335092506745,20.6318819285008,0.0 -103.335095373798,20.6318992833986,0.0 -103.335098337541,20.6319166238937,0.0 -103.335106900669,20.6319636413725,0.0 -103.335116216434,20.6320105318646,0.0 -103.335126282714,20.6320572846936,0.0 -103.335137097218,20.6321038892147,0.0 -103.335148657486,20.6321503348165,0.0 -103.335160960885,20.6321966109242,0.0 -103.335174004616,20.6322427070013,0.0 -103.335187785707,20.6322886125523,0.0 -103.335202301024,20.6323343171251,0.0 -103.335217547261,20.6323798103134,0.0 -103.335233520947,20.6324250817591,0.0 -103.335250218447,20.6324701211543,0.0 -103.335267635959,20.6325149182442,0.0 -103.335285769518,20.632559462829,0.0 -103.335304614996,20.6326037447665,0.0 -103.335324168102,20.6326477539742,0.0 -103.335344424386,20.6326914804316,0.0 -103.335365379235,20.6327349141829,0.0 -103.33538702788,20.6327780453385,0.0 -103.335409365391,20.6328208640781,0.0 -103.335432386684,20.6328633606522,0.0 -103.335456086516,20.6329055253849,0.0 -103.335464981253,20.6329209644349,0.0 -103.335473961922,20.6329363593401,0.0 -103.335483023242,20.63295171231,0.0 -103.335492159973,20.6329670256255,0.0 -103.335501366909,20.6329823016341,0.0 -103.335510638883,20.632997542745,0.0 -103.335519970759,20.6330127514248,0.0 -103.335529357434,20.6330279301929,0.0 -103.335538793832,20.6330430816166,0.0 -103.335548274904,20.6330582083069,0.0 -103.335557795625,20.6330733129138,0.0 -103.335567350992,20.6330883981223,0.0 -103.33557693602,20.6331034666473,0.0 -103.33558654574,20.6331185212299,0.0 -103.335596175198,20.6331335646328,0.0 -103.335605819451,20.6331485996356,0.0 -103.335615473563,20.633163629031,0.0 -103.335625132603,20.6331786556205,0.0 -103.338341140371,20.6374033338526,0.0 -103.338350455795,20.6374178231742,0.0 -103.338359771581,20.6374323122898,0.0 -103.33836908809,20.637446800994,0.0 -103.338378405683,20.637461289081,0.0 -103.338387724721,20.6374757763453,0.0 -103.338397045564,20.6374902625811,0.0 -103.338406368572,20.6375047475824,0.0 -103.338415694107,20.6375192311433,0.0 -103.338518814504,20.6376789824616,0.0 -103.338622286092,20.6378385324955,0.0 -103.338726108428,20.6379978805612,0.0 -103.338830281068,20.6381570259754,0.0 -103.338839736474,20.6381714347533,0.0 -103.338849194394,20.6381858420703,0.0 -103.338858654467,20.6382002481347,0.0 -103.338868116335,20.6382146531551,0.0 -103.338877579639,20.6382290573399,0.0 -103.338887044022,20.6382434608979,0.0 -103.338896509123,20.6382578640379,0.0 -103.338905974584,20.6382722669686,0.0 -103.344558337034,20.6468724542988,0.0 -103.344567803595,20.6468868569359,0.0 -103.34457727023,20.6469012595308,0.0 -103.34458673701,20.6469156620418,0.0 -103.344596204007,20.646930064427,0.0 -103.344605671293,20.6469444666447,0.0 -103.344615138939,20.6469588686532,0.0 -103.344624607017,20.6469732704105,0.0 -103.344634075598,20.646987671875,0.0 -103.344634075598,20.646987671875,0.0 -103.344875485074,20.6473544419768,0.0 -103.345117267796,20.647720994551,0.0 -103.345359423546,20.6480873292616,0.0 -103.345601952105,20.6484534457728,0.0 -103.345611479808,20.6484678127079,0.0 -103.345621008014,20.6484821793483,0.0 -103.345630536651,20.648496545736,0.0 -103.345640065647,20.6485109119131,0.0 -103.345649594931,20.6485252779215,0.0 -103.345659124432,20.6485396438034,0.0 -103.345668654077,20.6485540096008,0.0 -103.345678183795,20.6485683753556,0.0 -103.348687144654,20.6531041308564,0.0 -103.348697111162,20.6531191535987,0.0 -103.3487070789,20.6531341756192,0.0 -103.348717049094,20.6531491961961,0.0 -103.34872702297,20.6531642146073,0.0 -103.348737001756,20.6531792301298,0.0 -103.348746986675,20.6531942420396,0.0 -103.348756978954,20.6532092496112,0.0 -103.348766979816,20.6532242521177,0.0 -103.348776990482,20.6532392488302,0.0 -103.348787012173,20.6532542390178,0.0 -103.348797046109,20.653269221947,0.0 -103.348807093508,20.6532841968819,0.0 -103.348817155584,20.6532991630836,0.0 -103.348827233551,20.6533141198099,0.0 -103.34883732862,20.6533290663152,0.0 -103.348847442,20.6533440018504,0.0 -103.348857574896,20.6533589256622,0.0 -103.34886772851,20.6533738369931,0.0 -103.348877904044,20.6533887350813,0.0 -103.348888102692,20.65340361916,0.0 -103.348898325649,20.6534184884578,0.0 -103.348908574104,20.6534333421976,0.0 -103.348918849241,20.6534481795972,0.0 -103.348929152242,20.6534629998683,0.0 -103.348939484285,20.6534778022169,0.0 -103.348949846541,20.6534925858427,0.0 -103.348960240179,20.6535073499386,0.0 -103.348970666362,20.6535220936913,0.0 -103.348981126247,20.6535368162801,0.0 -103.348991620987,20.6535515168772,0.0 -103.349002151729,20.6535661946475,0.0 -103.349012719614,20.6535808487478,0.0 -103.349023325777,20.6535954783275,0.0 -103.349033971347,20.6536100825274,0.0 -103.349044657446,20.6536246604801,0.0 -103.34905538519,20.6536392113096,0.0 -103.349066155688,20.653653734131,0.0 -103.349076970042,20.6536682280504,0.0 -103.349087829344,20.6536826921644,0.0 -103.349098734683,20.6536971255604,0.0 -103.349109687136,20.6537115273159,0.0 -103.349120687774,20.6537258964985,0.0 -103.349131737658,20.6537402321656,0.0 -103.349142837842,20.6537545333643,0.0 -103.349153989369,20.6537687991314,0.0 -103.349165193275,20.6537830284925,0.0 -103.349176450585,20.6537972204626,0.0 -103.349187762313,20.6538113740454,0.0 -103.349199129467,20.6538254882335,0.0 -103.349210553039,20.6538395620077,0.0 -103.349222034016,20.6538535943374,0.0 -103.349257726689,20.653896505881,0.0 -103.349293966902,20.6539390089054,0.0 -103.34933074938,20.6539810972212,0.0 -103.349368068765,20.6540227646998,0.0 -103.349405919624,20.6540640052735,0.0 -103.349444296446,20.6541048129369,0.0 -103.349483193642,20.6541451817478,0.0 -103.34952260555,20.6541851058277,0.0 -103.34956252643,20.6542245793629,0.0 -103.34960295047,20.6542635966054,0.0 -103.349643871783,20.6543021518734,0.0 -103.349685284412,20.6543402395526,0.0 -103.349727182326,20.6543778540968,0.0 -103.349769559424,20.6544149900285,0.0 -103.349812409535,20.65445164194,0.0 -103.349855726422,20.6544878044941,0.0 -103.349899503775,20.6545234724248,0.0 -103.34994373522,20.6545586405381,0.0 -103.349988414318,20.6545933037129,0.0 -103.350033534561,20.6546274569015,0.0 -103.350079089381,20.6546610951306,0.0 -103.350125072143,20.6546942135016,0.0 -103.350171476152,20.654726807192,0.0 -103.350218294652,20.6547588714554,0.0 -103.350265520823,20.6547904016225,0.0 -103.35031314779,20.654821393102,0.0 -103.350361168618,20.6548518413808,0.0 -103.350409576314,20.654881742025,0.0 -103.350425390017,20.6548913408058,0.0 -103.350441242813,20.6549008822885,0.0 -103.350457133693,20.6549103674822,0.0 -103.350473061661,20.6549197974049,0.0 -103.350489025735,20.6549291730836,0.0 -103.350505024944,20.6549384955539,0.0 -103.350521058331,20.6549477658596,0.0 -103.350537124951,20.6549569850524,0.0 -103.350553223871,20.6549661541921,0.0 -103.350569354169,20.6549752743459,0.0 -103.350585514937,20.6549843465882,0.0 -103.350601705277,20.6549933720007,0.0 -103.350617924302,20.6550023516719,0.0 -103.350634171135,20.655011286697,0.0 -103.350650444913,20.6550201781774,0.0 -103.35066674478,20.6550290272209,0.0 -103.350683069892,20.6550378349414,0.0 -103.350699419414,20.6550466024582,0.0 -103.350715792523,20.6550553308965,0.0 -103.350732188402,20.6550640213867,0.0 -103.350748606245,20.6550726750646,0.0 -103.350765045255,20.6550812930707,0.0 -103.350781504644,20.6550898765504,0.0 -103.35079798363,20.6550984266537,0.0 -103.350814481442,20.6551069445352,0.0 -103.350830997316,20.6551154313533,0.0 -103.350847530494,20.6551238882708,0.0 -103.350864080228,20.6551323164543,0.0 -103.350880645773,20.655140717074,0.0 -103.350897226396,20.6551490913036,0.0 -103.350913821365,20.6551574403203,0.0 -103.350930429958,20.6551657653044,0.0 -103.350947051457,20.6551740674393,0.0 -103.35096368515,20.6551823479109,0.0 -103.350980330331,20.6551906079083,0.0 -103.350996986298,20.6551988486228,0.0 -103.351013652354,20.6552070712482,0.0 -103.351030327807,20.6552152769803,0.0 -103.351047011968,20.6552234670174,0.0 -103.351063704153,20.6552316425592,0.0 -103.35108040368,20.6552398048076,0.0 -103.351097109873,20.6552479549657,0.0 -103.351113822056,20.6552560942383,0.0 -103.351130539557,20.6552642238315,0.0 -103.351147261707,20.6552723449525,0.0 -103.351163987837,20.6552804588096,0.0 -103.351180717283,20.6552885666117,0.0 -103.351197449379,20.6552966695688,0.0 -103.351214183462,20.6553047688912,0.0 -103.35123091887,20.6553128657897,0.0 -103.351247654942,20.6553209614755,0.0 -103.356714650256,20.6579652808898,0.0 -103.35673090896,20.6579731444001,0.0 -103.356747168297,20.6579810067523,0.0 -103.356763428898,20.6579888667894,0.0 -103.356779691395,20.6579967233545,0.0 -103.356795956416,20.6580045752898,0.0 -103.35681222459,20.6580124214374,0.0 -103.356828496545,20.6580202606386,0.0 -103.356844772907,20.6580280917337,0.0 -103.356861054298,20.6580359135623,0.0 -103.35687734134,20.6580437249628,0.0 -103.356893634652,20.6580515247726,0.0 -103.35690993485,20.6580593118274,0.0 -103.356926242548,20.6580670849618,0.0 -103.356942558354,20.6580748430086,0.0 -103.356958882875,20.6580825847989,0.0 -103.356975216712,20.6580903091621,0.0 -103.356991560465,20.6580980149255,0.0 -103.357007914725,20.6581057009144,0.0 -103.357024280082,20.6581133659518,0.0 -103.357040657119,20.6581210088584,0.0 -103.357057046414,20.6581286284525,0.0 -103.357121921237,20.658158492641,0.0 -103.357186993785,20.6581879733014,0.0 -103.357252261498,20.6582170692739,0.0 -103.357317721808,20.6582457794141,0.0 -103.357383372142,20.6582741025927,0.0 -103.357449209918,20.6583020376957,0.0 -103.357515232545,20.6583295836242,0.0 -103.357581437427,20.6583567392947,0.0 -103.357598223444,20.6583635510088,0.0 -103.357615020383,20.6583703388295,0.0 -103.357631827665,20.6583771039369,0.0 -103.357648644711,20.6583838475137,0.0 -103.357665470952,20.6583905707444,0.0 -103.357682305821,20.6583972748155,0.0 -103.357699148756,20.6584039609156,0.0 -103.357715999201,20.6584106302348,0.0 -103.357732856602,20.6584172839651,0.0 -103.357749720409,20.6584239232996,0.0 -103.357766590077,20.6584305494332,0.0 -103.357783465064,20.6584371635618,0.0 -103.357800344828,20.6584437668825,0.0 -103.357817228834,20.6584503605934,0.0 -103.357834116545,20.6584569458937,0.0 -103.357851007429,20.658463523983,0.0 -103.357867900955,20.658470096062,0.0 -103.357884796592,20.6584766633318,0.0 -103.357901693813,20.6584832269938,0.0 -103.35791859209,20.6584897882499,0.0 -103.357935490895,20.6584963483022,0.0 -103.379802884333,20.6669830682791,0.0 -103.37981952119,20.666989523578,0.0 -103.37983615821,20.6669959785084,0.0 -103.379852795552,20.6670024327033,0.0 -103.379869433378,20.6670088857957,0.0 -103.379886071848,20.6670153374185,0.0 -103.379902711123,20.6670217872046,0.0 -103.379919351363,20.6670282347869,0.0 -103.379935992728,20.6670346797981,0.0 -103.380154424823,20.6671189587876,0.0 -103.380373076779,20.6672027315797,0.0 -103.380591947273,20.6672859976667,0.0 -103.380811034977,20.6673687565438,0.0 -103.380827744192,20.6673750442358,0.0 -103.380844454505,20.6673813293462,0.0 -103.380861165758,20.6673876122433,0.0 -103.380877877795,20.6673938932957,0.0 -103.380894590459,20.667400172872,0.0 -103.380911303593,20.6674064513408,0.0 -103.380928017042,20.6674127290707,0.0 -103.380944730648,20.6674190064304,0.0 -103.423352663031,20.6833398304195,0.0 -103.42337017631,20.683346402938,0.0 -103.423387688611,20.6833529777672,0.0 -103.423405198952,20.683359557219,0.0 -103.42342270635,20.6833661436045,0.0 -103.423440209819,20.6833727392337,0.0 -103.423457708369,20.6833793464151,0.0 -103.423475201003,20.6833859674552,0.0 -103.42349268672,20.6833926046581,0.0 -103.423510164511,20.6833992603252,0.0 -103.423527633359,20.6834059367546,0.0 -103.423545092236,20.683412636241,0.0 -103.423562540107,20.6834193610751,0.0 -103.423579975923,20.683426113543,0.0 -103.423597398624,20.6834328959262,0.0 -103.423614807135,20.6834397105006,0.0 -103.423632200369,20.6834465595367,0.0 -103.423649577222,20.6834534452984,0.0 -103.423666936575,20.6834603700434,0.0 -103.423684277289,20.6834673360217,0.0 -103.42370159821,20.6834743454761,0.0 -103.423718898163,20.6834814006411,0.0 -103.423736175953,20.6834885037425,0.0 -103.423753430362,20.6834956569968,0.0 -103.423770660154,20.683502862611,0.0 -103.423787864065,20.6835101227817,0.0 -103.423805040811,20.6835174396946,0.0 -103.42382218908,20.6835248155238,0.0 -103.423839307536,20.6835322524316,0.0 -103.423892954146,20.6835560577311,0.0 -103.423946284067,20.6835804850907,0.0 -103.423999289154,20.6836055307803,0.0 -103.424051961313,20.6836311909749,0.0 -103.424104292499,20.6836574617559,0.0 -103.42415627472,20.6836843391114,0.0 -103.424207900039,20.6837118189369,0.0 -103.42425916057,20.6837398970357,0.0 -103.424310048485,20.6837685691201,0.0 -103.424360556012,20.6837978308112,0.0 -103.424410675439,20.6838276776405,0.0 -103.42446039911,20.6838581050499,0.0 -103.424509719432,20.6838891083927,0.0 -103.424558628873,20.6839206829342,0.0 -103.424574089585,20.6839308386417,0.0 -103.424589509306,20.6839410493927,0.0 -103.424604889347,20.68395131301,0.0 -103.42462023104,20.6839616273315,0.0 -103.424635535741,20.6839719902095,0.0 -103.42465080483,20.6839823995107,0.0 -103.424666039705,20.6839928531152,0.0 -103.424681241788,20.6840033489161,0.0 -103.424696412516,20.6840138848194,0.0 -103.424711553347,20.6840244587431,0.0 -103.424726665755,20.6840350686168,0.0 -103.424741751231,20.684045712381,0.0 -103.424756811281,20.6840563879868,0.0 -103.424771847425,20.6840670933951,0.0 -103.424786861197,20.6840778265764,0.0 -103.424801854144,20.6840885855096,0.0 -103.424816827822,20.684099368182,0.0 -103.424831783802,20.6841101725883,0.0 -103.42484672366,20.6841209967304,0.0 -103.424861648984,20.6841318386163,0.0 -103.42487656137,20.6841426962598,0.0 -103.42489146242,20.68415356768,0.0 -103.424906353741,20.6841644509001,0.0 -103.424921236947,20.6841753439474,0.0 -103.424936113658,20.6841862448525,0.0 -103.424950985493,20.6841971516482,0.0 -103.424965854078,20.6842080623697,0.0 -103.424980721038,20.6842189750531,0.0 -103.425352746203,20.684492062173,0.0 -103.425367301292,20.6845027459283,0.0 -103.425381857782,20.684513427994,0.0 -103.425396417073,20.6845241066808,0.0 -103.425410980561,20.6845347802988,0.0 -103.425425549642,20.6845454471564,0.0 -103.425440125708,20.6845561055601,0.0 -103.42545471015,20.684566753814,0.0 -103.425469304353,20.6845773902194,0.0 -103.425483909697,20.684588013074,0.0 -103.425498527557,20.6845986206718,0.0 -103.425513159304,20.6846092113024,0.0 -103.4255278063,20.6846197832506,0.0 -103.425542469901,20.6846303347959,0.0 -103.425557151452,20.6846408642121,0.0 -103.425571852295,20.6846513697668,0.0 -103.425586573756,20.684661849721,0.0 -103.425601317156,20.6846723023286,0.0 -103.425616083802,20.6846827258358,0.0 -103.425630874991,20.6846931184812,0.0 -103.425645692008,20.6847034784946,0.0 -103.425660536124,20.6847138040974,0.0 -103.425675408596,20.6847240935013,0.0 -103.425690310669,20.6847343449089,0.0 -103.425705243569,20.6847445565124,0.0 -103.42572020851,20.6847547264937,0.0 -103.425735206687,20.684764853024,0.0 -103.425780787249,20.6847952124015,0.0 -103.425826678489,20.6848251544432,0.0 -103.425872876091,20.6848546763337,0.0 -103.425919375712,20.6848837752974,0.0 -103.425966172981,20.6849124485983,0.0 -103.426013263497,20.6849406935405,0.0 -103.426060642834,20.6849685074683,0.0 -103.426108306536,20.6849958877665,0.0 -103.426156250122,20.6850228318608,0.0 -103.426204469086,20.6850493372178,0.0 -103.426252958892,20.6850754013454,0.0 -103.426301714983,20.6851010217929,0.0 -103.426317889284,20.6851093931607,0.0 -103.426334090925,20.685117717579,0.0 -103.426350318669,20.6851259968515,0.0 -103.426366571295,20.6851342327911,0.0 -103.426382847598,20.6851424272198,0.0 -103.426399146391,20.6851505819682,0.0 -103.426415466502,20.685158698875,0.0 -103.426431806772,20.6851667797863,0.0 -103.426448166059,20.6851748265558,0.0 -103.426464543231,20.6851828410438,0.0 -103.426480937172,20.6851908251168,0.0 -103.426497346774,20.6851987806476,0.0 -103.426513770945,20.6852067095143,0.0 -103.426530208599,20.6852146136002,0.0 -103.426546658661,20.6852224947934,0.0 -103.426563120067,20.6852303549863,0.0 -103.426579591759,20.6852381960755,0.0 -103.426596072687,20.6852460199608,0.0 -103.426612561809,20.6852538285457,0.0 -103.426629058086,20.6852616237362,0.0 -103.426645560487,20.685269407441,0.0 -103.426662067986,20.6852771815709,0.0 -103.426678579558,20.6852849480384,0.0 -103.426695094182,20.6852927087575,0.0 -103.426711610841,20.6853004656433,0.0 -103.426728128518,20.6853082206115,0.0 -103.436143218859,20.6897279557294,0.0 -103.436159324805,20.689735515568,0.0 -103.436175431129,20.6897430746947,0.0 -103.436191538208,20.689750632399,0.0 -103.436207646418,20.6897581879703,0.0 -103.436223756134,20.689765740698,0.0 -103.436239867733,20.6897732898709,0.0 -103.436255981589,20.689780834778,0.0 -103.436272098077,20.6897883747078,0.0 -103.436389830423,20.6898432407107,0.0 -103.436507722014,20.6898978031697,0.0 -103.436625771966,20.6899520616755,0.0 -103.436743979393,20.6900060158212,0.0 -103.436760185508,20.6900133837231,0.0 -103.436776394193,20.6900207466193,0.0 -103.43679260508,20.6900281052239,0.0 -103.4368088178,20.6900354602515,0.0 -103.436825031988,20.6900428124169,0.0 -103.436841247275,20.6900501624352,0.0 -103.436857463297,20.6900575110215,0.0 -103.436873679686,20.6900648588911,0.0 -103.44507188172,20.693779223962,0.0 -103.44508875819,20.6937868697507,0.0 -103.44510563434,20.6937945161676,0.0 -103.445122509847,20.6938021638425,0.0 -103.445139384388,20.6938098134052,0.0 -103.445156257642,20.6938174654852,0.0 -103.445173129284,20.6938251207119,0.0 -103.445189998992,20.6938327797147,0.0 -103.445206866442,20.6938404431225,0.0 -103.445223731308,20.6938481115642,0.0 -103.445240593267,20.6938557856683,0.0 -103.445257451992,20.6938634660629,0.0 -103.445274307156,20.693871153376,0.0 -103.445291158432,20.6938788482348,0.0 -103.445308005492,20.6938865512663,0.0 -103.445324848006,20.6938942630972,0.0 -103.445341685643,20.6939019843533,0.0 -103.445358518072,20.6939097156601,0.0 -103.44537534496,20.6939174576425,0.0 -103.445392165972,20.6939252109247,0.0 -103.445408980773,20.6939329761303,0.0 -103.445425789024,20.693940753882,0.0 -103.445442590388,20.6939485448022,0.0 -103.445459384523,20.693956349512,0.0 -103.445476171088,20.6939641686321,0.0 -103.445492949738,20.6939720027821,0.0 -103.445509720126,20.6939798525806,0.0 -103.445526481906,20.6939877186457,0.0 -103.445543234728,20.6939956015941,0.0 -103.445559978238,20.6940035020417,0.0 -103.445576712083,20.6940114206031,0.0 -103.445593435905,20.6940193578921,0.0 -103.445610149347,20.6940273145211,0.0 -103.445626852046,20.6940352911015,0.0 -103.445643543639,20.6940432882433,0.0 -103.445660223759,20.6940513065553,0.0 -103.445676892036,20.694059346645,0.0 -103.4456935481,20.6940674091186,0.0 -103.445710191575,20.6940754945806,0.0 -103.445726822084,20.6940836036344,0.0 -103.445743439246,20.6940917368816,0.0 -103.445760042678,20.6940998949225,0.0 -103.445843151785,20.6941412178512,0.0 -103.445925899839,20.6941831775183,0.0 -103.446008281328,20.6942257711305,0.0 -103.44609029077,20.6942689958522,0.0 -103.446171922703,20.6943128488059,0.0 -103.446253171693,20.6943573270722,0.0 -103.44633403233,20.69440242769,0.0 -103.446414499231,20.6944481476568,0.0 -103.446494567038,20.694494483929,0.0 -103.446574230421,20.6945414334218,0.0 -103.446653484075,20.6945889930096,0.0 -103.446732322725,20.6946371595263,0.0 -103.44681074112,20.6946859297653,0.0 -103.44688873404,20.6947353004797,0.0 -103.446966296291,20.6947852683828,0.0 -103.447043422711,20.6948358301481,0.0 -103.447120108163,20.6948869824094,0.0 -103.447196347543,20.6949387217614,0.0 -103.447272135773,20.6949910447596,0.0 -103.447347467807,20.6950439479207,0.0 -103.447422338631,20.6950974277226,0.0 -103.447496743259,20.6951514806051,0.0 -103.447570676736,20.6952061029695,0.0 -103.447644134141,20.6952612911795,0.0 -103.447717110582,20.6953170415609,0.0 -103.4477896012,20.6953733504021,0.0 -103.447861601169,20.6954302139546,0.0 -103.447933105695,20.6954876284325,0.0 -103.448004110016,20.6955455900134,0.0 -103.448074609404,20.6956040948388,0.0 -103.448088596884,20.6956158173531,0.0 -103.448102564586,20.6956275607314,0.0 -103.448116512971,20.6956393244236,0.0 -103.448130442503,20.6956511078818,0.0 -103.448144353646,20.6956629105601,0.0 -103.44815824687,20.6956747319146,0.0 -103.448172122645,20.6956865714034,0.0 -103.448185981444,20.6956984284866,0.0 -103.448199823742,20.6957103026259,0.0 -103.448213650017,20.6957221932851,0.0 -103.448227460749,20.6957340999296,0.0 -103.448241256418,20.6957460220267,0.0 -103.448255037509,20.6957579590451,0.0 -103.448268804506,20.6957699104554,0.0 -103.448282557898,20.6957818757296,0.0 -103.448296298173,20.6957938543411,0.0 -103.448310025823,20.6958058457649,0.0 -103.448323741339,20.6958178494775,0.0 -103.448337445216,20.6958298649566,0.0 -103.448351137948,20.6958418916811,0.0 -103.448364820034,20.6958539291314,0.0 -103.448378491971,20.6958659767889,0.0 -103.448392154259,20.6958780341361,0.0 -103.448405807398,20.6958901006567,0.0 -103.448419451892,20.6959021758354,0.0 -103.448433088241,20.6959142591579,0.0 -103.448446716952,20.6959263501105,0.0 -103.448460338529,20.6959384481809,0.0 -103.448473953477,20.695950552857,0.0 -103.448487562304,20.695962663628,0.0 -103.448501165517,20.6959747799833,0.0 -103.448514763625,20.6959869014132,0.0 -103.448528357136,20.6959990274086,0.0 -103.448541946561,20.6960111574607,0.0 -103.448555532408,20.6960232910614,0.0 -103.448569115189,20.6960354277028,0.0 -103.448582695414,20.6960475668775,0.0 -103.448596273595,20.6960597080783,0.0 -103.448609850242,20.6960718507982,0.0 -103.448623425868,20.6960839945304,0.0 -103.448637000985,20.6960961387683,0.0 -103.454258679231,20.701125084754,0.0 -103.454272059312,20.7011370535735,0.0 -103.454285439126,20.7011490226582,0.0 -103.454298818404,20.701160992274,0.0 -103.454312196878,20.701172962687,0.0 -103.454325574279,20.7011849341631,0.0 -103.454338950338,20.7011969069683,0.0 -103.454352324785,20.7012088813684,0.0 -103.454365697351,20.7012208576291,0.0 -103.454379067768,20.7012328360159,0.0 -103.454392435765,20.7012448167945,0.0 -103.454405801074,20.7012568002301,0.0 -103.454419163423,20.7012687865878,0.0 -103.454432522544,20.7012807761328,0.0 -103.454445878166,20.7012927691297,0.0 -103.454459230019,20.7013047658433,0.0 -103.454472577832,20.7013167665378,0.0 -103.454485921333,20.7013287714774,0.0 -103.454499260252,20.701340780926,0.0 -103.454512594318,20.7013527951472,0.0 -103.454525923258,20.7013648144043,0.0 -103.4545392468,20.7013768389602,0.0 -103.454552564671,20.7013888690778,0.0 -103.4545658766,20.7014009050192,0.0 -103.454579182311,20.7014129470465,0.0 -103.454592481532,20.7014249954214,0.0 -103.454605773989,20.7014370504049,0.0 -103.45468279023,20.701507157985,0.0 -103.454759568529,20.7015774962978,0.0 -103.454836108106,20.7016480646283,0.0 -103.454912408181,20.7017188622589,0.0 -103.454925529133,20.7017310824929,0.0 -103.454938643224,20.701743309247,0.0 -103.454951750725,20.7017555422571,0.0 -103.454964851908,20.7017677812597,0.0 -103.454977947044,20.7017800259913,0.0 -103.454991036406,20.7017922761892,0.0 -103.455004120266,20.7018045315907,0.0 -103.455017198898,20.7018167919336,0.0 -103.455030272575,20.701829056956,0.0 -103.45504334157,20.7018413263961,0.0 -103.455056406157,20.7018535999926,0.0 -103.455069466611,20.7018658774845,0.0 -103.455082523206,20.7018781586108,0.0 -103.455095576218,20.7018904431109,0.0 -103.45510862592,20.7019027307245,0.0 -103.455121672588,20.7019150211912,0.0 -103.455134716498,20.7019273142512,0.0 -103.455147757925,20.7019396096444,0.0 -103.455160797144,20.7019519071111,0.0 -103.455173834433,20.7019642063919,0.0 -103.455186870066,20.7019765072271,0.0 -103.455199904319,20.7019888093575,0.0 -103.45521293747,20.7020011125237,0.0 -103.455225969794,20.7020134164664,0.0 -103.455239001567,20.7020257209266,0.0 -103.455252033065,20.7020380256451,0.0 -103.466132039215,20.7123103176247,0.0 -103.466145388439,20.7123229198855,0.0 -103.466158737998,20.712335521833,0.0 -103.466172088225,20.7123481231548,0.0 -103.466185439455,20.7123607235385,0.0 -103.466198792018,20.7123733226716,0.0 -103.466212146249,20.7123859202414,0.0 -103.466225502479,20.7123985159352,0.0 -103.466238861042,20.7124111094402,0.0 -103.46625222227,20.7124237004433,0.0 -103.466265586496,20.7124362886314,0.0 -103.46627895405,20.712448873691,0.0 -103.466292325266,20.7124614553084,0.0 -103.466305700473,20.7124740331698,0.0 -103.466319080005,20.7124866069608,0.0 -103.46633246419,20.7124991763672,0.0 -103.466345853361,20.7125117410739,0.0 -103.466359247847,20.7125243007659,0.0 -103.466372647977,20.7125368551276,0.0 -103.466386054081,20.712549403843,0.0 -103.466399466489,20.7125619465958,0.0 -103.466412885527,20.7125744830692,0.0 -103.466426311525,20.712587012946,0.0 -103.466439744809,20.7125995359083,0.0 -103.466453185707,20.712612051638,0.0 -103.466466634544,20.7126245598162,0.0 -103.466480091646,20.7126370601236,0.0 -103.466493557338,20.7126495522402,0.0 -103.466507031945,20.7126620358456,0.0 -103.46652051579,20.7126745106186,0.0 -103.466534009197,20.7126869762374,0.0 -103.466547512486,20.7126994323796,0.0 -103.466561025981,20.7127118787219,0.0 -103.466574550001,20.7127243149406,0.0 -103.466588084867,20.7127367407111,0.0 -103.466601630897,20.712749155708,0.0 -103.466615188409,20.7127615596052,0.0 -103.466628757722,20.7127739520758,0.0 -103.466642339151,20.7127863327921,0.0 -103.466655933012,20.7127987014255,0.0 -103.466669539619,20.7128110576465,0.0 -103.466683159285,20.7128234011249,0.0 -103.466696792324,20.7128357315293,0.0 -103.466710439047,20.7128480485278,0.0 -103.466724099763,20.7128603517871,0.0 -103.466737774783,20.7128726409732,0.0 -103.466751464414,20.712884915751,0.0 -103.466765168963,20.7128971757846,0.0 -103.466778888735,20.7129094207368,0.0 -103.466792624037,20.7129216502695,0.0 -103.466806375169,20.7129338640435,0.0 -103.466820142436,20.7129460617185,0.0 -103.466833926136,20.7129582429531,0.0 -103.466847726571,20.7129704074047,0.0 -103.466861544037,20.7129825547299,0.0 -103.466875378832,20.7129946845835,0.0 -103.46688923125,20.7130067966198,0.0 -103.466903101585,20.7130188904914,0.0 -103.46691699013,20.7130309658499,0.0 -103.466930897175,20.7130430223457,0.0 -103.46694482301,20.7130550596277,0.0 -103.466958767922,20.7130670773437,0.0 -103.466972732198,20.7130790751403,0.0 -103.466986716121,20.7130910526625,0.0 -103.467000719975,20.7131030095543,0.0 -103.467014744041,20.7131149454582,0.0 -103.467028788598,20.7131268600151,0.0 -103.467097041689,20.7131842067502,0.0 -103.467165776783,20.7132410415949,0.0 -103.467234989543,20.7132973609633,0.0 -103.467304675602,20.7133531613017,0.0 -103.467374830565,20.7134084390895,0.0 -103.467445450005,20.7134631908388,0.0 -103.467516529467,20.7135174130949,0.0 -103.467588064467,20.7135711024367,0.0 -103.467660050492,20.7136242554764,0.0 -103.467732483,20.7136768688603,0.0 -103.467805357421,20.7137289392687,0.0 -103.467878669159,20.7137804634161,0.0 -103.467952413587,20.7138314380515,0.0 -103.468026586054,20.7138818599585,0.0 -103.468101181879,20.7139317259556,0.0 -103.468176196356,20.7139810328965,0.0 -103.468251624753,20.7140297776699,0.0 -103.468327462312,20.7140779572003,0.0 -103.468403704246,20.7141255684476,0.0 -103.468480345746,20.7141726084076,0.0 -103.468557381977,20.7142190741124,0.0 -103.468634808078,20.7142649626298,0.0 -103.468712619164,20.7143102710646,0.0 -103.468790810326,20.7143549965577,0.0 -103.468869376631,20.7143991362873,0.0 -103.468948313122,20.7144426874679,0.0 -103.469027614818,20.7144856473518,0.0 -103.469107276716,20.7145280132282,0.0 -103.46918729379,20.7145697824239,0.0 -103.469267660992,20.7146109523032,0.0 -103.46934837325,20.7146515202685,0.0 -103.469429425473,20.71469148376,0.0 -103.469510812547,20.7147308402559,0.0 -103.469592529335,20.714769587273,0.0 -103.469674570684,20.7148077223663,0.0 -103.469756931415,20.7148452431297,0.0 -103.469839606334,20.7148821471954,0.0 -103.469922590222,20.714918432235,0.0 -103.470005877846,20.7149540959588,0.0 -103.470089463949,20.7149891361165,0.0 -103.470173343257,20.7150235504971,0.0 -103.470257510479,20.7150573369291,0.0 -103.470341960304,20.7150904932805,0.0 -103.470426687403,20.7151230174591,0.0 -103.47051168643,20.7151549074128,0.0 -103.470596952022,20.7151861611291,0.0 -103.470614605491,20.7151925404964,0.0 -103.470632269899,20.7151988930036,0.0 -103.470649945033,20.7152052190477,0.0 -103.470667630682,20.7152115190265,0.0 -103.470685326636,20.7152177933387,0.0 -103.470703032687,20.7152240423835,0.0 -103.470720748632,20.7152302665611,0.0 -103.470738474266,20.7152364662726,0.0 -103.470756209388,20.7152426419194,0.0 -103.470773953799,20.7152487939039,0.0 -103.4707917073,20.7152549226293,0.0 -103.470809469697,20.7152610284992,0.0 -103.470827240795,20.7152671119181,0.0 -103.470845020401,20.7152731732909,0.0 -103.470862808325,20.7152792130235,0.0 -103.470880604379,20.715285231522,0.0 -103.470898408375,20.7152912291935,0.0 -103.470916220127,20.7152972064454,0.0 -103.470934039452,20.7153031636857,0.0 -103.470951866168,20.7153091013233,0.0 -103.470969700093,20.7153150197671,0.0 -103.470987541048,20.7153209194271,0.0 -103.471005388856,20.7153268007132,0.0 -103.47102324334,20.7153326640365,0.0 -103.471041104326,20.7153385098079,0.0 -103.471058971638,20.7153443384393,0.0 -103.471076845107,20.7153501503429,0.0 -103.471094724559,20.7153559459311,0.0 -103.471112609827,20.7153617256171,0.0 -103.471130500741,20.7153674898144,0.0 -103.471148397135,20.7153732389368,0.0 -103.471166298842,20.7153789733986,0.0 -103.471184205698,20.7153846936144,0.0 -103.47120211754,20.7153903999994,0.0 -103.471220034203,20.7153960929688,0.0 -103.471237955528,20.7154017729385,0.0 -103.471255881354,20.7154074403244,0.0 -103.471273811521,20.7154130955431,0.0 -103.47129174587,20.7154187390111,0.0 -103.471309684245,20.7154243711456,0.0 -103.471327626488,20.7154299923638,0.0 -103.471345572444,20.7154356030832,0.0 -103.471363521957,20.7154412037218,0.0 -103.471381474874,20.7154467946975,0.0 -103.471399431041,20.7154523764288,0.0 -103.471417390306,20.7154579493342,0.0 -103.471435352515,20.7154635138324,0.0 -103.471453317519,20.7154690703425,0.0 -103.471471285167,20.7154746192837,0.0 -103.471489255307,20.7154801610753,0.0 -103.471507227792,20.7154856961368,0.0 -103.471525202471,20.7154912248881,0.0 -103.471543179196,20.7154967477489,0.0 -103.47156115782,20.7155022651393,0.0 -103.471579138195,20.7155077774795,0.0 -103.471597120173,20.7155132851896,0.0 -103.471615103608,20.7155187886902,0.0 -103.471633088353,20.7155242884016,0.0 -103.471651074262,20.7155297847445,0.0 -103.471669061189,20.7155352781396,0.0 -103.471687048989,20.7155407690074,0.0 -103.471705037516,20.715546257769,0.0 -103.471723026624,20.715551744845,0.0 -103.471741016169,20.7155572306565,0.0 -103.471759006006,20.7155627156242,0.0 -103.471776995988,20.7155682001692,0.0 -103.489948337593,20.7211068158307,0.0 -103.489964945066,20.7211118767604,0.0 -103.489981552494,20.7211169378177,0.0 -103.489998159836,20.7211219991317,0.0 -103.490014767044,20.7211270608316,0.0 -103.490031374077,20.7211321230464,0.0 -103.490047980888,20.7211371859054,0.0 -103.490064587433,20.7211422495375,0.0 -103.490081193669,20.7211473140719,0.0 -103.490097799549,20.7211523796378,0.0 -103.49011440503,20.7211574463642,0.0 -103.490131010068,20.7211625143802,0.0 -103.490358789003,20.7212321926833,0.0 -103.490586475612,20.7213021379429,0.0 -103.490603066716,20.7213072462477,0.0 -103.490619657372,20.7213123558409,0.0 -103.490636247625,20.7213174665936,0.0 -103.49065283752,20.7213225783767,0.0 -103.490669427102,20.7213276910612,0.0 -103.490686016416,20.7213328045181,0.0 -103.490702605506,20.7213379186185,0.0 -103.490719194418,20.7213430332332,0.0 -103.490735783197,20.7213481482334,0.0 -103.490752371886,20.72135326349,0.0 -103.490768960532,20.721358378874,0.0 -103.503467848667,20.725273749856,0.0</coordinates>
</LineString>
</Placemark>
</Folder>
</Document></kml>
